k,N,p_bias,formula_mean,refined,repetitions,mc_mean,mc_sd,mc_se,signed_relative_error,absolute_relative_error,simultaneous_ci_low,simultaneous_ci_high,uncertainty_aware_error_upper
3,14,0.325,31.11034674473987,False,6000,31.065666666666665,8.500552793114123,0.1097416646709598,0.0014382462334583575,0.0014382462334583575,30.60676117806606,31.524572155267272,0.016453409223668558
3,14,0.525,44.179067076507046,False,6000,44.42316666666667,16.234480477211143,0.209586241741894,-0.0054948714482973456,0.0054948714482973456,43.54674222970457,45.299591103628764,0.024735853013736264
3,14,0.725,75.0346579051575,False,6000,75.60966666666667,36.54895271020668,0.471844950559843,-0.007604963582820106,0.007604963582820106,73.63655792779683,77.58277540553651,0.032843855959774904
3,14,0.94,176.69865229366297,False,6000,175.299,118.36586647083229,1.5280967653364812,0.007984371238073048,0.007984371238073048,168.90897489122915,181.68902510877086,0.04611760510328167
3,14,1.0,196.0,True,66000,196.55557575757575,138.32260531372555,0.538420010952032,-0.002826558114336979,0.002826558114336979,194.30407083518259,198.80708067996892,0.01411962124471633
3,14,1.06,177.49091703750327,False,6000,178.753,121.81114611104417,1.5725751342350414,-0.007060485488337091,0.007060485488337091,172.17698019475034,185.32901980524963,0.0422929057520669
3,14,1.275,87.04397271236591,False,6000,87.78183333333334,39.525796868314174,0.5102758433885269,-0.008405618713447822,0.008405618713447822,85.64801856085462,89.91564810581205,0.03193743751996059
3,14,1.675,43.72836366048411,False,6000,43.61033333333334,12.055097709503913,0.15563064221937278,0.002706476152076574,0.002706476152076574,42.95953442188028,44.261132244786396,0.017896591500587977
3,14,1.875,35.2816211192346,False,6000,35.237833333333334,7.887583341390661,0.1018282630767636,0.0012426355924626238,0.0012426355924626238,34.812019227444715,35.663647439221954,0.013489648179318081
3,28,0.325,62.222222167966684,False,6000,62.120333333333335,11.90802894749832,0.15373199266605608,0.0016401849308602617,0.0016401849308602617,61.477473983427465,62.763192683239204,0.012114163713687676
3,28,0.525,88.4210016524393,False,6000,88.468,22.475189988685404,0.2901534550967541,-0.0005312468639587457,0.0005312468639587457,87.25466855036723,89.68133144963278,0.01405342423914957
3,28,0.725,152.68593852901336,False,6000,151.98983333333334,53.65966787664326,0.6927433334975348,0.004579945779355981,0.004579945779355981,149.0929963035081,154.88667036315857,0.024098665360451355
3,28,0.94,557.2873599911105,False,6000,557.2275,346.30118321387897,4.470729051197589,0.00010742468939626386,0.00010742468939626386,538.5323024577335,575.9226975422664,0.03482624430843484
3,28,1.0,784.0,True,66000,780.8490909090909,548.2949872426627,2.134235343287343,0.004035234371907474,0.004035234371907474,771.9243829056489,789.7737989125329,0.015643523331775766
3,28,1.06,573.7452577311194,False,6000,574.9588333333334,348.29073948619543,4.4964141122276695,-0.002110717379848268,0.002110717379848268,556.1562288593689,593.7614378072979,0.03371081178679469
3,28,1.275,206.3495891118246,False,6000,207.3035,70.50562077955382,0.9102236503107585,-0.004601518489438985,0.004601518489438985,203.49722796800467,211.10977203199536,0.022548377909523354
3,28,1.675,97.44608002543488,False,6000,97.7985,19.556890765475362,0.2524783741276123,-0.003603531491435176,0.003603531491435176,96.74271401399811,98.8542859860019,0.014245269656456006
3,28,1.875,77.55742102544234,False,6000,77.55,13.045875432908614,0.16842152762783846,9.569342930161933e-05,9.569342930161933e-05,76.84571358646096,78.25428641353903,0.009261511225094221
3,56,0.325,124.44444444444439,False,6000,124.36066666666666,16.922006735044135,0.21846216756411893,0.0006736678085063838,0.0006736678085063838,123.4471258702212,125.27420746311212,0.008078912872152788
3,56,0.525,176.8421052630671,False,6000,176.6865,31.219486336867497,0.4030418355327927,0.0008806856385016178,0.0008806856385016178,175.0011044757365,178.3718955242635,0.010519938104652793
3,56,0.725,305.4545195733905,False,6000,303.617,75.45519791338891,0.9741224163444664,0.006052097126941067,0.006052097126941067,299.5435232145904,307.69047678540966,0.019733347245720623
3,56,0.94,1356.1976540893577,False,6000,1353.4276666666667,685.2936706286749,8.84710324535403,0.0020466460756732776,0.0020466460756732776,1316.431834229804,1390.4234991035294,0.030207276081878565
3,56,1.0,3136.0,True,66000,3146.4648181818184,2249.35631484283,8.755607580740987,-0.0033258970897584858,0.0033258970897584858,3109.8515921397097,3183.078044223927,0.01479010051586882
3,56,1.06,1531.4801486948281,False,6000,1519.8533333333332,732.14925179914,9.452006197187632,0.0076499587864804226,0.0076499587864804226,1480.3279850056786,1559.378681660988,0.034554615063197236
3,56,1.275,465.287607361744,False,6000,466.56766666666664,111.89619094267748,1.4445736134167837,-0.0027435662528178728,0.0027435662528178728,460.52690938571754,472.60842394761573,0.015490237191970069
3,56,1.675,210.04542440504434,False,6000,209.91066666666666,30.72105114390001,0.39660706486103686,0.0006419766108964761,0.0006419766108964761,208.25217935076694,211.56915398256638,0.008610930554810547
3,56,1.875,165.56826415508849,False,6000,165.2705,19.946419219748396,0.2575071648485236,0.00180167758364915,0.00180167758364915,164.19368517622925,166.34731482377074,0.008371692110959561
3,112,0.325,248.88888888888866,False,6000,248.6365,24.041818482025313,0.31037854197808573,0.0010150918665949933,0.0010150918665949933,247.33859353134326,249.93440646865676,0.006267907225521396
3,112,0.525,353.6842105263165,False,6000,353.1445,44.67372729097433,0.5767353393698512,0.0015282993967526773,0.0015282993967526773,350.732772298399,355.55622770160096,0.008415062580483523
3,112,0.725,610.9090909090601,False,6000,611.8348333333333,107.00921322604937,1.3814830023841589,-0.0015130593647794382,0.0015130593647794382,606.0579013530925,617.6117653135742,0.010852569172012272
3,112,0.94,2797.686238464736,False,6000,2795.81,1091.2106964425668,14.08746951508486,0.000671089403334333,0.000671089403334333,2736.9005866942175,2854.7194133057824,0.022209667412121492
3,112,1.0,12544.0,False,6000,12698.407166666666,8939.011087675539,115.40213691376937,-0.012159569672012482,0.012159569672012482,12215.831344760243,13180.982988573089,0.04832590931384284
3,112,1.06,3675.646227445387,False,6000,3661.142,1325.3550489725283,17.110260108275057,0.003961667546734649,0.003961667546734649,3589.592217165794,3732.6917828342057,0.023973199481566176
3,112,1.275,1011.4996687913815,False,6000,1013.2563333333334,177.119616416822,2.2866044155633247,-0.0017336822718619707,0.0017336822718619707,1003.694465288898,1022.8182013777688,0.011066025781650057
3,112,1.675,442.34917183823023,False,6000,442.9021666666667,46.55669142266154,0.6010443017816194,-0.0012485710616372847,0.0012485710616372847,440.3887864495294,445.415546883804,0.006884301787458025
3,112,1.875,346.3612009696395,False,6000,346.58933333333334,29.72072071404364,0.38369285454257607,-0.0006582209599463058,0.0006582209599463058,344.98484922591285,348.19381744075383,0.005263207958671301
4,14,0.325,40.87816557396919,False,6000,41.34316666666667,11.75097517407864,0.1517044371696779,-0.011247350655226633,0.011247350655226633,40.70878592284464,41.9775474104887,0.026189758676677943
4,14,0.525,58.57514710027242,False,6000,58.6455,21.0790468819847,0.2721293250928404,-0.001199629975489698,0.001199629975489698,57.50753985269662,59.78346014730338,0.020211494016133202
4,14,0.725,97.41769522660192,False,6000,97.42466666666667,46.31574083970241,0.5979336431314205,-7.155723805140649e-05,7.155723805140649e-05,94.92429425592651,99.92503907740682,0.026267258452856268
4,14,0.94,196.50962129169505,False,6000,194.69933333333333,118.92169269896873,1.53527245108634,0.00929786418560786,0.00929786418560786,188.2793017399246,201.11936492674207,0.04371335285245115
4,14,1.0,209.20586260090778,False,6000,208.23416666666665,131.71684739351596,1.7004571879001038,0.0046663616725135205,0.0046663616725135205,201.12338391157135,215.34494942176195,0.04018666816430505
4,14,1.06,189.405560117167,True,66000,196.3944696969697,121.60858657070126,0.47336078123133046,-0.03558608137279206,0.03558608137279206,194.41502222597822,198.3739171679612,0.045209356042512305
4,14,1.275,117.31843275334285,False,6000,118.63566666666667,51.76111278448655,0.6682330926516007,-0.011103186337923825,0.011103186337923825,115.84132383614893,121.4300094971844,0.033859642775840304
4,14,1.675,67.45263442747489,False,6000,68.00483333333334,20.16178463245462,0.2602875203710579,-0.008119994988470623,0.008119994988470623,66.91639192805066,69.09327473861602,0.023745296736155108
4,14,1.875,56.47547310079028,False,6000,56.815333333333335,14.606304195195854,0.18856657632544357,-0.005981839982335515,0.005981839982335515,56.02680659554575,57.60386007112092,0.01958873882648604
4,28,0.325,81.31779568156493,False,6000,83.01833333333333,16.656077010282193,0.21502902957990386,-0.020483880890988737,0.020483880890988737,82.11914885150004,83.91751781516662,0.030979492736280978
4,28,0.525,116.68068176901289,False,6000,117.50666666666666,30.4996119091701,0.39374829663335065,-0.0070292598801807125,0.0070292598801807125,115.86013382980876,119.15319950352456,0.020750745635147894
4,28,0.725,203.63636363636363,False,6000,202.86266666666666,70.65083908253366,0.9120984105407766,0.003813895293845611,0.003813895293845611,199.04855497083946,206.67677836249385,0.02304869114069308
4,28,0.94,654.5885919752243,False,6000,657.7463333333334,387.12647649662205,4.997781321157914,-0.0048008498080198475,0.0048008498080198475,636.8471672237101,678.6454994429566,0.03544841524400977
4,28,1.0,836.3677157624948,False,6000,828.7708333333334,520.4630943894189,6.719149656285994,0.009166445202477221,0.009166445202477221,800.6734405587323,856.8682261079344,0.04458031626333692
4,28,1.06,658.7768455476752,True,66000,684.4436969696969,392.6229812656535,1.5282828818443033,-0.03750031088847638,0.03750031088847638,678.0528935796123,690.8345003597816,0.046404247030817136
4,28,1.275,312.09034837147465,False,6000,314.49316666666664,106.09460226959717,1.3696754257088315,-0.0076402877705090315,0.0076402877705090315,308.76561029740844,320.22072303592483,0.025389907896554376
4,28,1.675,164.84287011600242,False,6000,162.8835,36.350577553844765,0.4692839383035397,0.012029273167646926,0.012029273167646926,160.92110061736523,164.84589938263477,0.02437075985431081
4,28,1.875,135.1245165991897,False,6000,132.58666666666667,25.922888629832674,0.3346630531631052,0.019141064454869895,0.019141064454869895,131.18720992989432,133.98612340343902,0.03001288518445855
4,56,0.325,165.0161331061646,False,6000,165.59166666666667,23.767535558263248,0.3068375646584872,-0.0034756191062476948,0.0034756191062476948,164.30856746316164,166.8747658701717,0.011137889867981032
4,56,0.525,235.55236963813857,False,6000,235.639,42.518313468002944,0.5489090665680064,-0.00036764016933291235,0.00036764016933291235,233.34363311135328,237.93436688864674,0.01001115257815166
4,56,0.725,407.27272727272725,False,6000,406.3736666666667,101.01662948805877,1.3041190789908557,0.002212398784191002,0.002212398784191002,400.9202465373834,411.82708679595,0.015844749149508397
4,56,0.94,1726.9779226816165,False,6000,1742.0968333333333,867.1808432457756,11.19525654680331,-0.00867857076738277,0.00867857076738277,1695.281754566085,1788.9119121005815,0.034621039191494174
4,56,1.0,3344.5593937677054,True,66000,3334.5255606060605,2115.0083522623586,8.232658845645242,0.003009073698574746,0.003009073698574746,3300.0991434255793,3368.9519777865416,0.01347239837648484
4,56,1.06,2028.0210358536472,False,6000,2053.0003333333334,970.6255884765195,12.530722465241112,-0.012167215501192274,0.012167215501192274,2000.6007517097846,2105.399914956882,0.03675258014096561
4,56,1.275,762.7293964938676,False,6000,767.7903333333334,191.75284499971087,2.475518584239241,-0.006591561028769234,0.006591561028769234,757.438485028076,778.1421816385907,0.019807158008408265
4,56,1.675,373.730936932712,False,6000,371.4291666666667,60.89307002416928,0.7861261536768324,0.006197063862006824,0.006197063862006824,368.14183174481684,374.7165015885165,0.015181934531605545
4,56,1.875,300.1153321453085,False,6000,296.948,42.04326226619033,0.5427761819239528,0.010666285495469023,0.010666285495469023,294.6782789263001,299.21772107369986,0.018450810961768482
4,112,0.325,331.85185185185185,False,6000,331.75,33.63076971235183,0.43417137005358475,0.0003070138714449062,0.0003070138714449062,329.9344304502922,333.5655695497078,0.005811522607515496
4,112,0.525,471.5789473684211,False,6000,471.21233333333333,61.85198886031517,0.7985057426193577,0.0007780230039701084,0.0007780230039701084,467.87323082321717,474.5514358434495,0.007920343163646537
4,112,0.725,814.5454545454545,False,6000,814.9445,143.9044063470991,1.8577978974272658,-0.000489659669517917,0.000489659669517917,807.175767364166,822.713232635834,0.00992785549858155
4,112,0.94,3733.33333333333,False,6000,3737.837666666667,1438.2827581981148,18.56815056546189,-0.001205063925998109,0.001205063925998109,3660.1914396552424,3815.483893678091,0.021530836620979432
4,112,1.0,13376.414636506277,False,6000,13374.1885,8493.261615958496,109.64753597863316,0.00016645021163540623,0.00016645021163540623,12915.676628296613,13832.700371703388,0.035672773596719276
4,112,1.06,5467.656538586514,False,6000,5466.932,1949.6615221753686,25.170022020422017,0.0001325311137059007,0.0001325311137059007,5361.678801153396,5572.185198846603,0.019765775116987738
4,112,1.275,1731.4161496977085,False,6000,1762.0431666666666,328.72046152763807,4.243762910180527,-0.017381536132793224,0.017381536132793224,1744.2970708912771,1779.789262442056,0.02717912382389287
4,112,1.675,801.7953200376733,False,6000,811.7488333333333,96.20333983671345,1.2419797767904126,-0.012261814106695227,0.012261814106695227,806.555260427282,816.9424062393847,0.0185411922383093
4,112,1.875,636.0494695755015,False,6000,643.9243333333334,65.02696639816988,0.8394945263816708,-0.01222948621473421,0.01222948621473421,640.4138284857734,647.4348381808934,0.017585350577336234
5,14,0.325,51.354428685670236,False,6000,51.94433333333333,15.250748575427615,0.19688631749942548,-0.011356477402021982,0.011356477402021982,51.121016027169325,52.76765063949734,0.026781976015609943
5,14,0.525,73.22292378125873,False,6000,73.08633333333333,26.482568498818328,0.3418884892024018,0.0018688917844932233,0.0018688917844932233,71.65666207169564,74.51600459497102,0.021857865888254446
5,14,0.725,118.88949571625749,False,6000,120.89716666666666,55.29190830938077,0.7138154668741974,-0.01660643508664398,0.01660643508664398,117.91221253298605,123.88212080034728,0.040301417604369894
5,14,0.94,216.032356692305,False,6000,213.0445,122.99192936475471,1.5878189804920466,0.01402456619300194,0.01402456619300194,206.40473517378956,219.68426482621044,0.046644382990579825
5,14,1.0,225.5370005415008,True,66000,223.93777272727272,132.5577866555606,0.5159804847587116,0.007141393766453708,0.007141393766453708,221.78010291994352,226.09544253460191,0.016939741537199238
5,14,1.06,209.5342389641688,True,66000,214.04698484848484,123.64748842560564,0.4812971959377906,-0.021082968711334273,0.021082968711334273,212.03434976110785,216.05961993586183,0.03020176085485171
5,14,1.275,148.61686430959477,False,6000,146.94216666666668,65.40342057728651,0.8443545289361004,0.011396984820069312,0.011396984820069312,143.41133880092087,150.47299453241249,0.03629786565133486
5,14,1.675,92.21360116655764,False,6000,92.36416666666666,29.56843358521047,0.38172683616320074,-0.0016301289292459165,0.0016301289292459165,90.76790383625789,93.96042949707544,0.018591106275990033
5,14,1.875,78.2422911272871,False,6000,78.3255,21.656285820424582,0.27958144774404076,-0.001062347162966108,0.001062347162966108,77.15637739496816,79.49462260503185,0.015753662785053302
5,28,0.325,101.69465311337315,False,6000,103.76516666666667,21.53822189672663,0.27805724904314055,-0.019953840193258715,0.019953840193258715,102.60241778625125,104.9279155470821,0.03081413003251887
5,28,0.525,146.14500774813692,False,6000,147.296,38.68025005465599,0.4993598809627373,-0.00781414466016099,0.00781414466016099,145.20783238519448,149.3841676148055,0.02168342146552582
5,28,0.725,254.42458294476472,False,6000,252.75066666666666,86.62955199835366,1.118382707263444,0.0066227966880327204,0.0066227966880327204,248.07393824033895,257.42739509299435,0.025599806047635454
5,28,0.94,751.2190556854704,False,6000,750.5265,412.8160298205842,5.32943202847529,0.0009227598032452212,0.0009227598032452212,728.2404738464496,772.8125261535505,0.03155356323118319
5,28,1.0,902.2917249737384,False,6000,900.327,543.6304738389375,7.0182392388968395,0.0021822348699287977,0.0021822348699287977,870.9789076715429,929.6750923284571,0.03595129230615535
5,28,1.06,761.7017764950504,True,66000,777.474393939394,420.9327288996538,1.6384784250570452,-0.020286992815834296,0.020286992815834296,770.6227870818999,784.326000796888,0.028845434524484848
5,28,1.275,422.47428715791705,False,6000,418.9338333333333,143.13265623720935,1.8478346463504765,0.008451105026331656,0.008451105026331656,411.2067639128073,426.6609027538594,0.027401113585522108
5,28,1.675,236.0065785719957,False,6000,234.83983333333333,55.99081479905907,0.7228383108577986,0.004968259524380967,0.004968259524380967,231.81714847414133,237.86251819252533,0.018072131960167326
5,28,1.875,196.4087936805532,False,6000,193.9315,41.179231366462574,0.5316215909731055,0.012774065484736634,0.012774065484736634,191.70842395420075,196.15457604579925,0.02451832647414265
5,56,0.325,205.73180152695429,False,6000,207.7025,30.152106372022807,0.38926201943972955,-0.009488082584685793,0.009488082584685793,206.0747273781772,209.3302726218228,0.01719039988721327
5,56,0.525,293.94705371965887,False,6000,295.47066666666666,54.414271642483214,0.70248522622448,-0.0051565624574389495,0.0051565624574389495,292.5330920732628,298.4082412600705,0.014949947500020877
5,56,0.725,509.09090909090907,False,6000,508.5751666666667,128.86380664645958,1.6636245902354354,0.001014092818614572,0.001014092818614572,501.6184063722149,515.5319269611185,0.014896787326319494
5,56,0.94,2083.0423319052047,False,6000,2136.5696666666668,1027.435465168366,13.264134819666506,-0.02505293208855287,0.02505293208855287,2081.103182824508,2192.0361505088254,0.049722637365410494
5,56,1.0,3609.4543455104226,False,6000,3589.624,2089.8263999722567,26.97954281185717,0.005524351717735014,0.005524351717735014,3476.8039483503494,3702.44405164965,0.03815297012160035
5,56,1.06,2515.6813555779636,False,6000,2495.5778333333333,1140.879199053568,14.728687126563086,0.008055658283267455,0.008055658283267455,2433.987047531726,2557.1686191349404,0.033563986352796116
5,56,1.275,1089.391013101133,False,6000,1080.5296666666666,287.6848783271236,3.7139958090555227,0.008200928403754864,0.008200928403754864,1064.9988920376734,1096.0604412956598,0.022903423886939445
5,56,1.675,561.7400609673637,False,6000,556.0943333333333,98.89771430222535,1.2767640015683261,0.010152463881782028,0.010152463881782028,550.7553036245702,561.4333630420965,0.01994489616441597
5,56,1.875,457.19270586949807,False,6000,451.31216666666666,70.29777389653262,0.9075403585890843,0.013029870757228454,0.013029870757228454,447.51711532557556,455.10721800775775,0.021620604469805293
5,112,0.325,414.8148148148148,False,6000,414.519,42.89827132430593,0.5538143014004135,0.0007136339101821042,0.0007136339101821042,412.2031209458579,416.8348790541421,0.006335939094696652
5,112,0.525,589.4736842105264,False,6000,588.6661666666666,76.33509609907466,0.9854818530761964,0.0013717750222206595,0.0013717750222206595,584.5451882520515,592.7871450812818,0.008431334407545732
5,112,0.725,1018.1818181818181,False,6000,1022.2288333333333,181.062490334709,2.3375066989638977,-0.003959010956791844,0.003959010956791844,1012.4541077811787,1032.003558885488,0.013393113409993163
5,112,0.94,4666.666666666662,False,6000,4583.495,1702.8285238014753,21.983421713766912,0.018145905398972297,0.018145905398972297,4491.567171923787,4675.422828076213,0.038984053458534396
5,112,1.0,14438.392273272628,False,6000,14415.124,8605.55996657667,111.09730145113565,0.0016141569973749789,0.0016141569973749789,13950.549660276742,14879.698339723258,0.03496941875953352
5,112,1.06,7331.730931620335,False,6000,7234.015833333333,2621.074473661909,33.83792595220648,0.013507725243943223,0.013507725243943223,7092.516157810025,7375.515508856641,0.03372777283656858
5,112,1.275,2592.9000661046007,False,6000,2614.8451666666665,520.0287243723507,6.71354196347867,-0.008392504780709764,0.008392504780709764,2586.7712235181975,2642.9191098151355,0.018925680897601715
5,112,1.675,1246.7059972228687,False,6000,1256.621,162.0964864028542,2.092656641056638,-0.00789020936076299,0.00789020936076299,1247.8701611894464,1265.3718388105538,0.014751269954949242
5,112,1.875,997.5836788259282,False,6000,1006.7001666666666,113.66082759945921,1.467354974696193,-0.009055812388433816,0.009055812388433816,1000.5641448227071,1012.8361885106261,0.0150592068665385
6,14,0.325,61.854946659286234,False,6000,62.0265,18.407369981294757,0.2376381246167764,-0.002765807206819088,0.002765807206819088,61.03277131897105,63.02022868102895,0.01849060287674742
6,14,0.525,87.68453809309979,False,6000,87.49416666666667,31.42922098876907,0.4057494982459174,0.002175818499516544,0.002175818499516544,85.79744853959723,89.19088479373612,0.021994704803274256
6,14,0.725,139.2046818060634,False,6000,138.40133333333333,63.44663251440898,0.8190925036708266,0.005804485068039413,0.005804485068039413,134.97614339537148,141.82652327129517,0.031328042899445574
6,14,0.94,233.93972830642855,False,6000,229.9415,124.99321966374943,1.6136555271551565,0.017388023938386756,0.017388023938386756,223.19369477631847,236.68930522368152,0.04814667162026964
6,14,1.0,241.50034454331396,False,6000,240.0105,134.27102879851793,1.7334315280493213,0.0062074140227779614,0.0062074140227779614,232.76182881645022,247.2591711835498,0.037542735298555785
6,14,1.06,227.60994918379947,False,6000,231.9185,127.97080114388426,1.6520959387702827,-0.018577866001205263,0.018577866001205263,225.00994893810707,238.82705106189292,0.04696746799920282
6,14,1.275,175.33292006433646,False,6000,174.30366666666666,76.32271382751372,0.9853219986377173,0.005904944040208402,0.005904944040208402,170.18335671356436,178.42397661976895,0.030258912799794757
6,14,1.675,116.67997688337786,False,6000,116.60566666666666,37.766394470668075,0.4875620561039911,0.0006372779199798502,0.0006372779199798502,114.56683388378173,118.6444994495516,0.01844463120749018
6,14,1.875,100.29562921562795,False,6000,101.06016666666666,29.61556561888883,0.38233530810156463,-0.007565171088233304,0.007565171088233304,99.46135939597613,102.65897393735719,0.023021316413812554
6,28,0.325,122.16290677455272,False,6000,124.59233333333333,26.508311708855228,0.34222083261490455,-0.01949900522595509,0.01949900522595509,123.1612723149742,126.02339435169246,0.0306331026631953
6,28,0.525,175.73341302725737,False,6000,175.947,47.40616079878521,0.6120109042710867,-0.0012139279029630087,0.0012139279029630087,173.38776086420307,178.50623913579693,0.015533496879233222
6,28,0.725,304.71325666262896,False,6000,305.5043333333333,106.58714330416144,1.3760341031228023,-0.0025894122746900772,0.0025894122746900772,299.7501869540341,311.2584797126325,0.021028256181313876
6,28,0.94,838.0157213527152,False,6000,836.6145,442.78855808871015,5.716375704562566,0.001674870986237027,0.001674870986237027,812.7103958150277,860.5186041849723,0.031136953172981263
6,28,1.0,966.7445584298621,False,6000,950.7335,517.6241412482779,6.682498928831652,0.016840742889423832,0.016840742889423832,922.7893691614232,978.6776308385769,0.04763296017203
6,28,1.06,847.5450536848912,False,6000,856.9063333333334,442.65033165307165,5.714591208951788,-0.01092450748033003,0.01092450748033003,833.0096913536466,880.80297531302,0.037758639060352484
6,28,1.275,527.157499130866,False,6000,518.8433333333334,181.59044845673282,2.344322609010875,0.016024424452209612,0.016024424452209612,509.04010576656333,528.6465609001034,0.0355912887001697
6,28,1.675,309.7079976606371,False,6000,307.3913333333333,77.42049586781886,0.9994943038372752,0.007536531047189957,0.007536531047189957,303.2117592104948,311.5709074561718,0.021424757625025048
6,28,1.875,260.635130388873,False,6000,259.48383333333334,58.905206695742955,0.7604629484583937,0.004436873930641759,0.004436873930641759,256.3038139489791,262.6638527176876,0.016899149385096957
6,56,0.325,246.38976020607674,False,6000,249.3485,37.027123604150866,0.47801811025613283,-0.011865881663307608,0.011865881663307608,247.349577028449,251.347422971551,0.01972434293084191
6,56,0.525,352.3648582962174,False,6000,353.3711666666667,65.34916337769431,0.8436540715013257,-0.0028477376350248052,0.0028477376350248052,349.84326789592154,356.8990654374118,0.012704452267582544
6,56,0.725,610.9090909090909,False,6000,609.8571666666667,153.77622471149425,1.985242524500889,0.0017248698546477247,0.0017248698546477247,601.5555002628595,618.1588330704739,0.015549006936424359
6,56,0.94,2417.906602671905,False,6000,2440.497,1159.7608030010742,14.97244758535767,-0.009256474123137499,0.009256474123137499,2377.886883821183,2503.107116178817,0.034037901516966174
6,56,1.0,3868.4645942326606,False,6000,3888.524,2142.9187810649846,27.664962504465944,-0.005158616937259301,0.005158616937259301,3772.837736507507,4004.2102634924927,0.033900734558687695
6,56,1.06,2924.6653996525583,False,6000,2910.2553333333335,1345.7033313652619,17.372955304378333,0.004951478364862198,0.004951478364862198,2837.607040943233,2982.903625723434,0.030680202527403777
6,56,1.275,1423.4066807877389,False,6000,1409.5996666666667,384.34102140765344,4.961821250587301,0.009794989632568592,0.009794989632568592,1388.8508743809216,1430.3484589524119,0.024880861613181038
6,56,1.675,766.19386692819,False,6000,761.155,146.16659132785233,1.8870025799489252,0.006620027363927232,0.006620027363927232,753.2641424707427,769.0458575292572,0.01716492758441568
6,56,1.875,630.8209261837496,False,6000,624.3638333333333,105.69536749746395,1.3645213269631686,0.010341875210713895,0.010341875210713895,618.657829801006,630.0698368656607,0.019660458167410466
6,112,0.325,497.77777777777777,False,6000,498.3545,52.07117306399684,0.6722359536478133,-0.0011572529639487588,0.0011572529639487588,495.5434184505392,501.16558154946074,0.006759849232281345
6,112,0.525,707.3684210526316,False,6000,708.1858333333333,93.32675900635356,1.204843277957068,-0.001154234160339422,0.001154234160339422,703.1475537080347,713.224112958632,0.008210170968154129
6,112,0.725,1221.8181818181818,False,6000,1223.8215,220.6760498050848,2.8489155526731063,-0.0016369365808806744,0.0016369365808806744,1211.9082217788134,1235.7347782211866,0.01126179876804756
6,112,0.94,5599.999999999995,False,6000,5541.259166666667,2077.0241278177846,26.81426618903088,0.010600629128968203,0.010600629128968203,5429.130250417411,5653.3880829159225,0.031472766668187324
6,112,1.0,15476.831097957067,False,6000,15361.954,8603.728201834705,111.073653470003,0.007478026425353652,0.007478026425353652,14897.478548774276,15826.429451225724,0.03888930246054678
6,112,1.06,9028.610672553821,False,6000,8828.429333333333,3270.5997124002624,42.22326072745661,0.0226746266705298,0.0226746266705298,8651.864797406699,9004.993869259968,0.04354504883849408
6,112,1.275,3529.3749514393076,False,6000,3545.254,728.1659431458324,9.40058190359742,-0.004478959352614045,0.004478959352614045,3505.943692064221,3584.5643079357787,0.015396391794196274
6,112,1.675,1756.6126287924353,False,6000,1767.4306666666666,242.95998872017734,3.136599967026629,-0.006120770720038422,0.006120770720038422,1754.3143817558373,1780.546951577496,0.013442118313058637
6,112,1.875,1416.9102474389026,False,6000,1424.6711666666667,174.61181971228663,2.2542288993221935,-0.00544751617731025,0.00544751617731025,1415.2446829554642,1434.0976503778693,0.011984820513748162
7,14,0.325,72.35290562186688,False,6000,71.92,21.3558800396685,0.2757032257907983,0.006019266154989984,0.006019266154989984,70.76709491222279,73.07290508777722,0.02240887112309875
7,14,0.525,101.94362303171584,False,6000,101.42433333333334,36.30298324271632,0.4686694983889575,0.005119971522769105,0.005119971522769105,99.46450334719955,103.38416331946712,0.024924667605914275
7,14,0.725,158.55859165820164,False,6000,158.26816666666667,68.99073517675346,0.8906665612739079,0.0018350183593560867,0.0018350183593560867,154.5436762945994,161.99265703873394,0.025979163042224807
7,14,0.94,250.8842097921896,False,6000,250.6085,133.33135953826738,1.72130045006301,0.0011001613759693551,0.0011001613759693551,243.41055720923748,257.8064427907625,0.030703896612535697
7,14,1.0,257.18088756127736,False,6000,254.78966666666668,135.0028260953495,1.7428789905274156,0.00938507799744894,0.00938507799744894,247.5014891352084,262.0778441981249,0.0391084452052779
7,14,1.06,244.6974721504646,False,6000,248.9555,132.51123999320745,1.710712752263289,-0.017103570114078256,0.017103570114078256,241.80183166640475,256.1091683335953,0.04455793698203869
7,14,1.275,198.71794484786278,False,6000,195.92966666666666,83.97425200057097,1.0841029316947874,0.014231015795784471,0.014231015795784471,191.39628559344882,200.4630477398845,0.0382539255227039
7,14,1.675,140.3136701234594,False,6000,139.27366666666666,46.852701478444054,0.6048657751694715,0.00746733737743722,0.00746733737743722,136.74430623711427,141.80302709621904,0.026102468062954243
7,14,1.875,122.23002733660987,False,6000,121.515,37.61852780132404,0.4856531056112291,0.005884272201866967,0.005884272201866967,119.48414985398523,123.54585014601477,0.022981102397098052
7,28,0.325,142.71253261432008,False,6000,145.1125,30.961577483983536,0.3997122465592626,-0.016538667486811466,0.016538667486811466,143.44102778061182,146.7839722193882,0.027737630638465127
7,28,0.525,205.40946811155422,False,6000,206.69766666666666,54.93391075022733,0.7091937382589167,-0.006232283972464345,0.006232283972464345,203.73203916371224,209.66329416962108,0.020288844906850678
7,28,0.725,354.5492482381004,False,6000,354.21816666666666,124.41177845529187,1.606149153431307,0.0009346826407842124,0.0009346826407842124,347.5017507618158,360.9345825715175,0.020280466100774053
7,28,0.94,918.230652995943,False,6000,908.5031666666666,455.91224592674615,5.885801786021027,0.010707157317862679,0.010707157317862679,883.890575336666,933.1157579966673,0.038851050817231725
7,28,1.0,1030.066187950587,False,6000,1034.4363333333333,549.9796467887418,7.100206709219448,-0.004224663463496274,0.004224663463496274,1004.7454785533448,1064.1271881133218,0.032008391988484375
7,28,1.06,924.7635455983468,False,6000,933.5243333333333,460.12605671985983,5.940201849440355,-0.009384637788395246,0.009384637788395246,908.6842578681302,958.3644087985364,0.03506063339968313
7,28,1.275,624.8672135172136,False,6000,614.0173333333333,223.79746330924493,2.8892128277339033,0.017670315795450278,0.017670315795450278,601.9355444488858,626.0991222177809,0.03809655249603727
7,28,1.675,384.8060108262544,False,6000,383.98133333333334,101.19044043664162,1.3063629686883553,0.002147702039997783,0.002147702039997783,378.51852995566315,389.4441367110035,0.016610761093592163
7,28,1.875,326.84226352888993,False,6000,327.6711666666667,77.38992765290956,0.9990996698797187,-0.0025296798195856805,0.0025296798195856805,323.49324278022334,331.84909055311005,0.015087662334330898
7,56,0.325,287.0165557620237,False,6000,290.39383333333336,43.85448587424215,0.5661589781580942,-0.011629990666616526,0.011629990666616526,288.02633268281687,292.76133398384985,0.01962273550148208
7,56,0.525,410.8277649262202,False,6000,412.4816666666667,77.20013368293046,0.9966494402632531,-0.004009636970806345,0.004009636970806345,408.3139888779356,416.64934445539774,0.01397237174772692
7,56,0.725,712.7272727272726,False,6000,712.9163333333333,180.45987909010623,2.329727021248618,-0.00026519325932221165,0.00026519325932221165,703.1741399722457,722.658526694421,0.013742664896760903
7,56,0.94,2735.9192267835065,False,6000,2761.6886666666664,1258.562065672732,16.247966401729652,-0.009331044514247676,0.009331044514247676,2693.7447277560595,2829.6326055772734,0.03311856762219079
7,56,1.0,4122.950027213303,False,6000,4134.386,2181.3690715179373,28.161353619736357,-0.0027660631558586147,0.0027660631558586147,4016.6239833469085,4252.148016653092,0.03038417029082685
7,56,1.06,3283.921337385032,False,6000,3270.1058333333335,1465.2540860053584,18.916348910203745,0.004224788051466801,0.004224788051466801,3191.003549208116,3349.208117458551,0.029118672776147436
7,56,1.275,1757.012902557668,False,6000,1737.7916666666667,489.9911657240739,6.325758748793655,0.01106072509132831,0.01106072509132831,1711.33931223876,1764.2440210945736,0.026688798645756684
7,56,1.675,982.0738293258942,False,6000,980.0703333333333,191.32031334110442,2.4699346245376073,0.0020442369536344458,0.0020442369536344458,969.7418354097464,990.3988312569203,0.01271678034900603
7,56,1.875,816.5168460122687,False,6000,808.9455,144.77737257948323,1.869067843026683,0.00935952547145474,0.00935952547145474,801.129639959025,816.7613600409751,0.019206886483479346
7,112,0.325,580.7407407407406,False,6000,581.7501666666667,62.280424092779086,0.8040368176868953,-0.0017351536514547095,0.0017351536514547095,578.3879349219616,585.1123984113718,0.00747148356879912
7,112,0.525,825.2631578947369,False,6000,826.239,111.28551848033615,1.4366898658279987,-0.0011810651703237861,0.0011810651703237861,820.231210097941,832.246789902059,0.008391299422307208
7,112,0.725,1425.4545454545453,False,6000,1428.6885,256.6386935705324,3.313191287303668,-0.00226358268121757,0.00226358268121757,1414.8337651453198,1442.5432348546801,0.011846223383284782
7,112,0.94,6514.991581758386,False,6000,6435.2155,2373.9021223028826,30.64694461735169,0.012396800349325639,0.012396800349325639,6307.05951534358,6563.371484656421,0.032968147186332564
7,112,1.0,16497.17065967512,False,6000,16520.251333333334,8894.81304542243,114.83154264183183,-0.0013971139538078426,0.0013971139538078426,16040.061559095691,17000.441107570976,0.029603375860155046
7,112,1.06,10574.463534746043,False,6000,10363.337,3870.4369517489768,49.967126188898625,0.020372447093638182,0.020372447093638182,10154.390028706675,10572.283971293324,0.04136865974734194
7,112,1.275,4514.012891742895,False,6000,4505.647833333333,980.6125418863744,12.65965347936017,0.0018565717337417093,0.0018565717337417093,4452.709102333771,4558.586564332896,0.013767750823199476
7,112,1.675,2320.0189774906253,False,6000,2322.882666666667,337.46160367546224,4.356610570065043,-0.0012328169722627355,0.0012328169722627355,2304.6646770973202,2341.1006562360135,0.009005028762532175
7,112,1.875,1885.6068645222626,False,6000,1881.5758333333333,244.0149608790979,3.150219599034002,0.0021423697719310554,0.0021423697719310554,1868.4025953600583,1894.7490713066084,0.009208009668220773
8,14,0.325,82.83240349251699,False,6000,82.84016666666666,25.015426878279317,0.32294777232615063,-9.371268144486783e-05,9.371268144486783e-05,81.48969958840456,84.19063374492876,0.0164769769786155
8,14,0.525,116.00236383016274,False,6000,115.0615,41.63239836772528,0.5374719518029095,0.008177051665089892,0.008177051665089892,112.81395956591994,117.30904043408005,0.028262497624504723
8,14,0.725,177.11956204259715,False,6000,177.8525,75.32266808740005,0.9724114636480309,-0.004121043884133422,0.004121043884133422,173.78617788629583,181.91882211370415,0.026381327755669703
8,14,0.94,267.19447602302006,False,6000,264.14416666666665,133.2751630805777,1.72057495691385,0.011547895964716526,0.011547895964716526,256.9492576624709,271.33907567086237,0.03987253535484925
8,14,1.0,272.6293628152623,False,6000,274.08433333333335,141.9210255181953,1.8321925610288277,-0.005308477505357971,0.005308477505357971,266.4226742455992,281.7459924210675,0.03235761945525906
8,14,1.06,261.1840564019571,True,66000,265.66765151515153,133.84561637952618,0.5209933551605468,-0.016876706996970355,0.016876706996970355,263.48901944387325,267.8462835864298,0.024873323218326138
8,14,1.275,219.83331619487038,False,6000,218.8015,92.64013959219088,1.1959790594362854,0.0047157638081565855,0.0047157638081565855,213.80028777789363,223.80271222210638,0.02821805564286306
8,14,1.675,162.87898457102835,False,6000,161.586,55.99607602997844,0.7229062330569027,0.008001835375764866,0.008001835375764866,158.56303111130964,164.60896888869038,0.027219165964915026
8,14,1.875,143.7354336284209,False,6000,143.10083333333333,44.687908515616826,0.5769184181927486,0.004434637313462512,0.004434637313462512,140.68834005307153,145.51332661359513,0.021658465614136313
8,28,0.325,163.33290295768452,False,6000,165.44766666666666,35.40003938350372,0.4570125432913219,-0.012782070316185412,0.012782070316185412,163.53658243895302,167.3587508943803,0.024055198280229062
8,28,0.525,235.1457249927053,False,6000,235.283,62.31268508728485,0.8044533053350716,-0.0005834463488423549,0.0005834463488423549,231.9190266335667,238.6469733664333,0.014671245666090793
8,28,0.725,403.9270388067502,False,6000,403.8466666666667,139.9126921183047,1.806265088324133,0.0001990164751065047,0.0001990164751065047,396.2934282008121,411.39990513252127,0.019262521310522418
8,28,0.94,993.8203864370931,False,6000,993.5591666666667,484.71031126534405,6.257583210885636,0.0002629131502080965,0.0002629131502080965,967.3919011211648,1019.7264322121686,0.02731931628257267
8,28,1.0,1092.4595464153979,False,6000,1094.0041666666666,562.4612424492154,7.261343416309812,-0.0014118961319635971,0.0014118961319635971,1063.6394883254945,1124.3688450078387,0.028379742763344096
8,28,1.06,997.0279922173687,False,6000,1012.7241666666666,492.2772127826046,6.355271489414775,-0.015498963060159944,0.015498963060159944,986.1483991422365,1039.2999341910968,0.040673477004142145
8,28,1.275,715.994577348279,False,6000,700.0641666666667,256.99302510340146,3.3177656877231283,0.02275564361116278,0.02275564361116278,686.190303093046,713.9380302402873,0.04343441479847243
8,28,1.675,460.4524192996998,False,6000,460.71116666666666,122.01364253011273,1.5751893517641053,-0.0005616259940885722,0.0005616259940885722,454.12421501728943,467.2981183160439,0.01464953259605084
8,28,1.875,394.42373214432274,False,6000,395.9075,97.61294991827992,1.2601777646922558,-0.0037477639490974173,0.0037477639490974173,390.6378287719969,401.17717122800315,0.016834056292405974
8,56,0.325,327.6280968528116,False,6000,331.7945,50.61830010119056,0.6534794443508009,-0.012557179661472443,0.012557179661472443,329.06185233514634,334.5271476648537,0.02062329129399665
8,56,0.525,469.34488369489145,False,6000,472.9911666666667,89.17979177584134,1.1513061612202622,-0.00770898745841674,0.00770898745841674,468.17676260210465,477.8055707312287,0.01770738466566879
8,56,0.725,814.5454545454545,False,6000,812.0483333333333,203.13533910069452,2.6224659512106205,0.003075089387685727,0.003075089387685727,801.0819968713603,823.0146697953063,0.016806591243687885
8,56,0.94,3040.4229953018416,False,6000,3059.2206666666666,1371.3121345878797,17.703563532370005,-0.006144594788354038,0.006144594788354038,2985.1898735567456,3133.2514597765876,0.02962687982960832
8,56,1.0,4373.722375970289,False,6000,4295.897333333333,2157.309096741286,27.850740681002552,0.018116131880779564,0.018116131880779564,4179.434203323183,4412.360463343483,0.04648671642985125
8,56,1.06,3611.508206266962,False,6000,3633.0803333333333,1593.039963382603,20.566057493412316,-0.0059376961385764005,0.0059376961385764005,3547.0794813242055,3719.081185342461,0.028924611675448908
8,56,1.275,2085.8670812241553,False,6000,2068.1948333333335,595.2985018103791,7.685270611779414,0.008544769383423741,0.008544769383423741,2036.0574233924417,2100.332243274225,0.024463778506168765
8,56,1.675,1206.2217292514918,False,6000,1199.94,248.14263679323454,3.2035076659473107,0.0052350361280494835,0.0052350361280494835,1186.5439279148427,1213.3360720851574,0.016584132178932176
8,56,1.875,1011.3154072185213,False,6000,1005.0203333333334,185.20448438611942,2.3909796122345734,0.0062636283828299555,0.0062636283828299555,995.0220006993566,1015.0186659673102,0.01637492086377268
8,112,0.325,663.7037037037037,False,6000,664.542,73.2424943583298,0.9455565362816732,-0.0012614647325471298,0.0012614647325471298,660.5879768349344,668.4960231650657,0.007168807734520666
8,112,0.525,943.1578947368422,False,6000,942.77,125.08824329822222,1.6148822770011872,0.00041144153594430583,0.00041144153594430583,936.0170648902431,949.5229351097569,0.007628952627521279
8,112,0.725,1629.090909090909,False,6000,1627.4901666666667,288.0143733968603,3.7182495721146815,0.0009835650359232883,0.0009835650359232883,1611.9416041243871,1643.0387292089463,0.010638912056518013
8,112,0.94,7381.299459935713,False,6000,7316.344666666667,2725.8394546133754,35.190436040509034,0.008878038997394467,0.008878038997394467,7169.189214873054,7463.50011846028,0.029586364469585957
8,112,1.0,17502.65788449855,False,6000,17341.756166666666,8826.69131636034,113.9520949012574,0.009278282792440525,0.009278282792440525,16865.243969184372,17818.26836414896,0.037794526807844564
8,112,1.06,12000.90791838179,False,6000,11850.958833333334,4511.656548498261,58.245235587138005,0.01265290742776801,0.01265290742776801,11607.39538479339,12094.522281873278,0.03390188070132716
8,112,1.275,5528.436896209616,False,6000,5542.036666666667,1236.5207232009388,15.963413893991957,-0.002453930075715409,0.002453930075715409,5475.282637786926,5608.790695546408,0.014326403622191841
8,112,1.675,2927.3941036748515,False,6000,2930.008,452.82046920630927,5.845887120192881,-0.0008921123509383897,0.0008921123509383897,2905.5623193805222,2954.4536806194774,0.009158910536364195
8,112,1.875,2396.4073312802007,False,6000,2392.532,324.43173956155886,4.188395747676731,0.0016197615246945488,0.0016197615246945488,2375.0174324672103,2410.04656753279,0.009006207078981365
9,14,0.325,93.28441420639714,False,6000,93.19216666666667,28.636763946841366,0.3696990328512986,0.0009898636659069634,0.0009898636659069634,91.64620036649724,94.73813296683609,0.017875414729128014
9,14,0.525,129.87128534663967,False,6000,129.51433333333333,46.63694131556479,0.6020803234441169,0.0027560811542584013,0.0027560811542584013,126.99662079602707,132.03204587063956,0.022635756231889514
9,14,0.725,195.0238633666857,False,6000,196.95833333333334,84.45498823670452,1.090309209816333,-0.009821721853087235,0.009821721853087235,192.3989995364868,201.5176671301799,0.03222448858193261
9,14,0.94,283.0520964184485,False,6000,281.6188333333333,139.6313994054425,1.8026336150163833,0.005089372284341256,0.005089372284341256,274.0807805586894,289.15688610797724,0.03273237853990296
9,14,1.0,287.878494272313,False,6000,289.8953333333333,143.90995352653533,1.857869511205849,-0.006957128415383258,0.006957128415383258,282.12630123096443,297.6643654357022,0.032875521223594495
9,14,1.06,277.2462801430545,False,6000,282.2796666666667,136.23524309125096,1.7587894255297802,-0.017831204716406045,0.017831204716406045,274.92495664756575,289.6343766857676,0.0427714993105025
9,14,1.275,239.39271672660723,False,6000,239.40633333333332,101.62383149181463,1.3119580231519563,-5.68765518292698e-05,5.68765518292698e-05,233.9201331791511,244.89253348751555,0.023395094184838205
9,14,1.675,184.35747246522953,False,6000,181.3145,61.83057840977835,0.7982293348914781,0.016782841224665015,0.016782841224665015,177.97655334098013,184.6524466590199,0.03585258285131743
9,14,1.875,164.64061036835653,False,6000,163.96866666666668,52.48873081623653,0.6776266010494938,0.004098000644573487,0.004098000644573487,161.13504310741266,166.8022902259207,0.021755461712987367
9,28,0.325,184.01447147495108,False,6000,187.11366666666666,40.287333717914024,0.5201072418419385,-0.016563168511024032,0.016563168511024032,184.93874004551665,189.28859328781667,0.027862861259929095
9,28,0.525,264.92224078776684,False,6000,265.0145,71.07974168516421,0.9176355193312203,-0.0003481289221275038,0.0003481289221275038,261.17723383843247,268.8517661615675,0.014615955215407483
9,28,0.725,452.86168860711206,False,6000,454.60633333333334,158.8901424657438,2.0512629188211653,-0.003837704401144026,0.003837704401144026,446.02859018689617,463.1840764797705,0.02228571403211721
9,28,0.94,1066.014749299235,False,6000,1054.7116666666666,490.94311726304255,6.338048390316396,0.01071675130729423,0.01071675130729423,1028.2079207826102,1081.215412550723,0.03676963360469787
9,28,1.0,1154.0555296924722,False,6000,1157.2355,560.0927866833308,7.230766783851479,-0.002747902486164493,0.002747902486164493,1126.9986836199175,1187.4723163800825,0.02814110798766134
9,28,1.06,1066.0940819231703,False,6000,1080.2531666666666,503.37572639824424,6.498552684084871,-0.013107191147781578,0.013107191147781578,1053.0782417771236,1107.4280915562097,0.03732432827756327
9,28,1.275,801.5115140669684,False,6000,787.5001666666667,283.80523292393923,3.6639098022697785,0.017792183409444825,0.017792183409444825,772.1788361306255,802.8214972027079,0.03798689702935709
9,28,1.675,535.9914371825913,False,6000,537.1956666666666,149.67035194140465,1.9322359349668772,-0.002241696198980222,0.002241696198980222,529.1156573239409,545.2756760093923,0.01702668803191043
9,28,1.875,462.8870647497159,False,6000,464.0858333333333,116.11780809533495,1.4990744565044702,-0.0025830751501445025,0.0025830751501445025,457.81717048797265,470.354496178694,0.015876177414366865
9,56,0.325,368.2342143201539,False,6000,372.04333333333335,57.59948268537799,0.7436061239687715,-0.010238374597527458,0.010238374597527458,368.9338039429286,375.1528627237381,0.018442211405112152
9,56,0.525,527.9190998279814,False,6000,531.8291666666667,99.61260007810898,1.2859931372497857,-0.007352110571882058,0.007352110571882058,526.4515435847123,537.206789748621,0.01728885430689664
9,56,0.725,916.3636363636363,False,6000,916.0313333333334,231.98170029070653,2.9948708728359557,0.0003627638250033405,0.0003627638250033405,903.5077153864461,928.5549512802206,0.014228900050611504
9,56,0.94,3333.951984893343,False,6000,3368.8553333333334,1496.7391730348027,19.322819635933506,-0.01036059580672326,0.01036059580672326,3288.0533151321647,3449.657351534502,0.03354111868232079
9,56,1.0,4621.305223976329,False,6000,4585.619333333333,2261.600277103609,29.19713403000119,0.007782131059940314,0.007782131059940314,4463.526005353037,4707.712661313629,0.03534856040584722
9,56,1.06,3917.953302949183,False,6000,3922.401,1721.0644964766734,22.218847108676698,-0.001133922067329861,0.001133922067329861,3829.488696189762,4015.313303810238,0.024247174129268356
9,56,1.275,2407.808913612709,False,6000,2390.384666666667,710.862493228427,9.177195325723934,0.007289306691520917,0.007289306691520917,2352.008491878706,2428.7608414546276,0.02372458344715911
9,56,1.675,1436.550328803383,False,6000,1442.9956666666667,305.7507016560214,3.9472245853500114,-0.004466637019203531,0.004466637019203531,1426.489601879081,1459.5017314542524,0.015725505599777923
9,56,1.875,1213.2503606564967,False,6000,1216.2513333333334,234.40549798970912,3.026161966578665,-0.0024673951794256465,0.0024673951794256465,1203.5968657706153,1228.9058008960515,0.01273933301327057
9,112,0.325,746.6666666666666,False,6000,746.1801666666667,80.94513816491788,1.0449972402306178,0.0006519873104819567,0.0006519873104819567,741.8103134249451,750.5500199083882,0.006546624054469818
9,112,0.525,1061.0526315789475,False,6000,1061.1506666666667,141.4718900777439,1.8263942474252948,-9.238564399823277e-05,9.238564399823277e-05,1053.5132543219108,1068.7880790114225,0.007237587679336688
9,112,0.725,1832.7272727272725,False,6000,1831.5525,329.8960868947091,4.258940168407344,0.0006414081645339195,0.0006414081645339195,1813.742937654069,1849.362062345931,0.010466938108527168
9,112,0.94,8235.999853174404,False,6000,8228.027833333334,3013.381403170222,38.90258663416469,0.0009688858621472219,0.0009688858621472219,8065.349323027274,8390.706343639393,0.02115847972758078
9,112,1.0,18495.387106318194,False,6000,18642.615833333333,9078.232348536341,117.19947566294232,-0.007897428576084883,0.007897428576084883,18152.524100133392,19132.707566533274,0.03331052115853561
9,112,1.06,13336.129647722977,False,6000,13117.693666666666,4964.603230238932,64.0927521041431,0.01665201113907531,0.01665201113907531,12849.677723876866,13385.709609456466,0.03785713029535365
9,112,1.275,6560.35833249916,False,6000,6613.307,1520.1084069935612,19.624515149053163,-0.008006382812840869,0.008006382812840869,6531.243385054587,6695.370614945413,0.020165020013213075
9,112,1.675,3571.0219677195028,False,6000,3565.041333333333,570.5946868612909,7.3663457321607195,0.0016775778530953847,0.0016775778530953847,3534.237567985378,3595.845098681288,0.010408015597857201
9,112,1.875,2943.1586402712032,False,6000,2925.756,416.4895733686348,5.376857271752516,0.0059480832547906875,0.0059480832547906875,2903.2716562384253,2948.2403437615744,0.013738633085564222
10,14,0.325,103.7037037037037,False,6000,103.64716666666666,31.735036275281843,0.40969755661818275,0.0005454759532294505,0.0005454759532294505,101.93393898817224,105.36039434516108,0.017361879008097603
10,14,0.525,143.56403383411248,False,6000,144.21666666666667,51.88212937142783,0.6697954100710622,-0.0045253634523577235,0.0045253634523577235,141.41579071091454,147.0175426224188,0.023490453769696606
10,14,0.725,212.3794087107059,False,6000,214.26066666666668,89.88781168399369,1.1604466589304534,-0.00878023010582495,0.00878023010582495,209.40803988532406,219.1132934480093,0.030732433579623075
10,14,0.94,298.5649425047859,False,6000,297.60266666666666,141.45312046907023,1.8261519328192684,0.003233424783780745,0.003233424783780745,289.96626760618176,305.23906572715157,0.029654052416477894
10,14,1.0,302.9506256274009,False,6000,305.3946666666667,146.35956440186683,1.8894938516220072,-0.008002893652145678,0.008002893652145678,297.4933914145892,313.2959419187442,0.03302090741419961
10,14,1.06,292.9798402219231,False,6000,296.977,135.74281745178376,1.7524322378601067,-0.013459492748855561,0.013459492748855561,289.648873761293,304.305126238707,0.03721687556423203
10,14,1.275,257.85116792094044,False,6000,256.6186666666667,105.71998094313736,1.3648390851804548,0.0048028511342657195,0.0048028511342657195,250.91133436836517,262.32599896496816,0.02765850960876426
10,14,1.675,204.83754649239734,False,6000,203.57733333333334,70.10241610919184,0.9050183003993417,0.0061903412252706305,0.0061903412252706305,199.792828454694,207.3618382119727,0.025249745332312168
10,14,1.875,184.8853215819528,False,6000,182.75666666666666,58.72662591750155,0.7581574805247879,0.011647481616463503,0.011647481616463503,179.5862880317187,185.9270453016146,0.029506893918861854
10,28,0.325,204.7491501904758,False,6000,207.41433333333333,46.05029966864657,0.5945068123484304,-0.012849561069505945,0.012849561069505945,204.9282908624527,209.90037580421395,0.024541288189702914
10,28,0.525,294.7247078101508,False,6000,292.9368333333333,78.3225121700289,1.011139284225499,0.0061032764520365145,0.0061032764520365145,288.7085635265827,297.16510314008394,0.02083812204972646
10,28,0.725,501.3775241762286,False,6000,500.11216666666667,170.7967588708258,2.204976675643041,0.0025301474227186547,0.0025301474227186547,490.89164042694875,509.3326929063846,0.021360892884954907
10,28,0.94,1135.6184160969658,False,6000,1130.2458333333334,519.3134757995374,6.704308144108989,0.004753463897130705,0.004753463897130705,1102.2105031437823,1158.2811635228845,0.030309920707429105
10,28,1.0,1214.943512561695,False,6000,1203.0516666666667,563.6055176514362,7.276115945648743,0.009884734151092004,0.009884734151092004,1172.6252142052053,1233.4781191281281,0.03608851135370861
10,28,1.06,1132.895081552959,False,6000,1155.1908333333333,520.2333984672512,6.716184294681836,-0.019300492297051327,0.019300492297051327,1127.105840778101,1183.2758258885656,0.04257734607040908
10,28,1.275,882.4330283062296,False,6000,868.1213333333334,313.1490167039743,4.042736421919069,0.016485823379024107,0.016485823379024107,851.215867769759,885.0267988969077,0.03667361208651054
10,28,1.675,610.9540661264149,False,6000,610.0901666666666,171.250933380433,2.2108400433496427,0.0014160193147651147,0.0014160193147651147,600.8451216479571,619.3352116853762,0.016824542821836763
10,28,1.875,531.8122906905345,False,6000,533.2378333333334,136.6169705224965,1.7637175054764618,-0.0026733711557704416,0.0026733711557704416,525.8625156175789,540.6131510490878,0.016279404859972035
10,56,0.325,408.8411499181834,False,6000,415.06166666666667,65.08302003701436,0.8402181757474675,-0.014986970004818356,0.014986970004818356,411.5481357426681,418.57519759066525,0.023255194594690276
10,56,0.525,586.5503032915234,False,6000,589.2015,110.5639014045677,1.4273738294386984,-0.004499643514954762,0.004499643514954762,583.2326668628476,595.1703331371524,0.014483298924179766
10,56,0.725,1018.1818181818181,False,6000,1008.7615,251.8076146523032,3.250822326655283,0.00933849892349993,0.00933849892349993,995.1675727287083,1022.3554272712917,0.023126000166992844
10,56,0.94,3618.4294775194508,False,6000,3629.5088333333333,1539.1205149636278,19.86996040753438,-0.0030525771730130495,0.0030525771730130495,3546.4188427027534,3712.598823963913,0.025364805331678286
10,56,1.0,4866.056070350962,False,6000,4875.120333333333,2315.774202121706,29.89651639464712,-0.00185929010211197,0.00185929010211197,4750.102405961104,5000.138260705563,0.026815696559494895
10,56,1.06,4209.4903449777985,False,6000,4270.037333333334,1806.7849739052726,23.325493713709744,-0.014179498591940922,0.014179498591940922,4172.4973778238655,4367.577288842802,0.03619556871239449
10,56,1.275,2722.0235833028896,False,6000,2682.521,808.0814565989515,10.432286745955903,0.014725917636018295,0.014725917636018295,2638.8964234936316,2726.145576506369,0.031500728512567466
10,56,1.675,1671.5704262667534,False,6000,1675.8305,365.63293297608755,4.720300867471199,-0.002542067191906699,0.002542067191906699,1656.091670792118,1695.569329207882,0.014153890688940574
10,56,1.875,1420.961330809198,False,6000,1430.3051666666668,284.53680999010555,3.67335442158221,-0.006532756837650689,0.006532756837650689,1414.9443416719512,1445.6659916613823,0.01708877499690875
10,112,0.325,829.6296296296296,False,6000,830.0088333333333,89.7078183368132,1.1581229548102596,-0.00045686706993329387,0.00045686706993329387,825.165923559454,834.8517431072127,0.006255138736546262
10,112,0.525,1178.9473684210527,False,6000,1177.5346666666667,157.46323140052752,2.032841576180826,0.0011997113922642064,0.0011997113922642064,1169.0339558421865,1186.0353774911468,0.00848000396337878
10,112,0.725,2036.3636363636363,False,6000,2033.397,364.84227008120416,4.710093453390041,0.001458955808254033,0.001458955808254033,2013.7008550211233,2053.0931449788764,0.011254293946394212
10,112,0.94,9080.328876190073,False,6000,9067.143333333333,3271.3515513649186,42.232966926753754,0.0014542113620577629,0.0014542113620577629,8890.538209101936,9243.74845756473,0.021347489052331303
10,112,1.0,19476.788321612214,False,6000,19643.151,9556.296743689014,123.37126046574573,-0.008469246018003324,0.008469246018003324,19127.25078349556,20159.051216504442,0.03384399828964435
10,112,1.06,14601.454263677811,False,6000,14556.989833333333,5436.0242507435905,70.17877130903193,0.003054507206061344,0.003054507206061344,14263.524052278128,14850.455614388538,0.023691915837987576
10,112,1.275,7601.61292134142,False,6000,7565.1196666666665,1805.7732854762373,23.312432872252398,0.0048238833333396295,0.0048238833333396295,7467.6343275314675,7662.605005801865,0.017941236532700078
10,112,1.675,4244.750726746474,False,6000,4256.496833333334,694.495009012229,8.965892013095111,-0.002759571320451487,0.002759571320451487,4219.004263238408,4293.989403428259,0.011466883603036604
10,112,1.875,3520.7297365491454,False,6000,3518.7466666666664,511.68452096683075,6.605818760722184,0.0005635727917740477,0.0005635727917740477,3491.123188427244,3546.370144906089,0.008480522320164718
11,14,0.325,114.07407407407406,False,6000,112.83616666666667,34.91878499551709,0.4507995758581171,0.010970838907212592,0.010970838907212592,110.9510631352013,114.72127019813205,0.028147643209756046
11,14,0.525,157.09479550015604,False,6000,156.89666666666668,54.84034919234934,0.7079858637405613,0.0012627982333767239,0.0012627982333767239,153.93609011904155,159.8572432142918,0.020519589517128844
11,14,0.725,229.2711913764985,False,6000,229.01,93.45995770354806,1.2065628657436374,0.0011405238919633034,0.0011405238919633034,223.9645295937364,234.0554704062636,0.023694206365571402
11,14,0.94,313.8009651332246,False,6000,316.937,148.1108531983365,1.9121028927657628,-0.0098948209479341,0.0098948209479341,308.9411807740911,324.93281922590893,0.03425894041483357
11,14,1.0,317.86169372873485,False,6000,319.05583333333334,144.94191046372234,1.8711920179782773,-0.0037427292650403098,0.0037427292650403098,311.23109065378196,326.8805760128847,0.02759075621487639
11,14,1.06,308.4432627425598,False,6000,312.92333333333335,142.87082557689095,1.8444544270606777,-0.01431683135626474,0.01431683135626474,305.21039893790845,320.63626772875824,0.03802752905205686
11,14,1.275,275.49967032362747,False,6000,275.84183333333334,115.23494695102417,1.4876767681413725,-0.0012404319010321894,0.0012404319010321894,269.6208320735962,282.0628345930705,0.023268447539044335
11,14,1.675,224.44284799796054,False,6000,223.17033333333333,77.58973094175215,1.001679119247068,0.005701988457070352,0.005701988457070352,218.9816229923944,227.35904367427227,0.024939193211458877
11,14,1.875,204.47712773466316,False,6000,204.2365,64.94323294232305,0.8384135321149536,0.0011781818365627582,0.0011781818365627582,200.7305155340437,207.74248446595632,0.018664886057068175
11,28,0.325,225.5302428680215,False,6000,227.73233333333334,50.749863178708814,0.6551779163781475,-0.009669643449745127,0.009669643449745127,224.99258318704815,230.47208347961853,0.02144225251486498
11,28,0.525,324.2105263157895,False,6000,322.87083333333334,85.21505980190197,1.1001216915294514,0.00414931559046412,0.00414931559046412,318.2704667917363,327.4711998749304,0.018663558651642376
11,28,0.725,549.5020401686289,False,6000,550.728,187.38243259532334,2.419096802711737,-0.0022260713662116847,0.0022260713662116847,540.6120900258882,560.8439099741117,0.02022286344520774
11,28,0.94,1203.1768523212195,False,6000,1195.1003333333333,524.7880581887878,6.77498469884568,0.006758025885039645,0.006758025885039645,1166.7694557873492,1223.4312108793174,0.0312035906950463
11,28,1.0,1275.1872424159021,False,6000,1279.1075,599.797459238618,7.743351902428965,-0.003064838243930204,0.003064838243930204,1246.7272121772755,1311.4877878227246,0.027678904633254064
11,28,1.06,1197.9751012705067,False,6000,1225.3668333333333,546.9252546180286,7.06077467585292,-0.022353903596618138,0.022353903596618138,1195.8408710451147,1254.8927956215518,0.04535661894756016
11,28,1.275,959.6292039038564,False,6000,950.9926666666667,348.8507356337104,4.503643631405223,0.009081602350795954,0.009081602350795954,932.1598305934233,969.82550273991,0.029468522895849114
11,28,1.675,685.0373301774391,False,6000,682.7428333333334,197.38529037759744,2.5482331413958335,0.003360704400079042,0.003360704400079042,672.0869153797763,693.3987512868904,0.01926895837623155
11,28,1.875,600.8554660355859,False,6000,610.5273333333333,158.9633924721242,2.052208572337235,-0.015841825205337418,0.015841825205337418,601.9456357581918,619.1090309084749,0.029483602986866253
11,56,0.325,449.45296644794445,False,6000,457.692,71.12597711176522,0.9182324161219887,-0.018001261879289042,0.018001261879289042,453.85223780181565,461.53176219818437,0.02617110400530398
11,56,0.525,645.2370016967978,False,6000,649.5978333333334,123.81137658336357,1.5983979985946069,-0.00671312527961868,0.00671312527961868,642.913830345748,656.2818363209187,0.016829407752677827
11,56,0.725,1120.0,False,6000,1119.6686666666667,283.6747587990259,3.6622253885601106,0.0002959208765926332,0.0002959208765926332,1104.3543798245476,1134.9829535087858,0.014167209784542223
11,56,0.94,3895.326217625295,False,6000,3993.284166666667,1684.1506717027444,21.74229168002921,-0.024530673238599133,0.024530673238599133,3902.3646693486985,4084.203663984635,0.046245844208235964
11,56,1.0,5108.229904665533,False,6000,5138.808,2379.120465599484,30.71431313962679,-0.00595042572800296,0.00595042572800296,5010.370301149398,5267.245698850602,0.030189553189016616
11,56,1.06,4489.9614795005045,False,6000,4594.270333333333,1927.7141724267592,24.886682953522836,-0.022704117577937128,0.022704117577937128,4490.201970285648,4698.338696381018,0.04435125484695679
11,56,1.275,3028.462722836516,False,6000,2999.5505,917.6213027491024,11.846440078908092,0.009638851833471823,0.009638851833471823,2950.0123743583927,3049.088625641607,0.026593226916611146
11,56,1.675,1910.1425355457468,False,6000,1931.6075,429.8170287732373,5.5489139811836745,-0.011112487632323479,0.011112487632323479,1908.4036686259014,1954.8113313740987,0.02285069413678542
11,56,1.875,1633.443708665613,False,6000,1652.0496666666666,334.33939194286245,4.316302989919402,-0.011262347843690852,0.011262347843690852,1634.0002308532387,1670.0991024800944,0.02194803515554744
11,112,0.325,912.1908261257639,False,6000,911.4806666666667,101.00420255800226,1.3039586480136778,0.000779127287136329,0.000779127287136329,906.0279174098017,916.9334159235317,0.0068021179011581445
11,112,0.525,1296.842105263158,False,6000,1295.6521666666667,174.51910687682042,2.2530319817630593,0.0009184089890055427,0.0009184089890055427,1286.2306880922,1305.0736452411336,0.008250010880005876
11,112,0.725,2240.0,False,6000,2237.7303333333334,400.1789409885166,5.166287913171485,0.0010142717524348319,0.0010142717524348319,2216.1265250973834,2259.3341415692835,0.010772613671761189
11,112,0.94,9915.355020830659,False,6000,9955.634333333333,3594.9175622909397,46.41018616580458,-0.0040458810713659855,0.0040458810713659855,9761.561378249942,10149.707288416725,0.023089559228325562
11,112,1.0,20447.881488665982,False,6000,20571.8495,9681.445586289778,124.9869250763787,-0.006026099468305863,0.006026099468305863,20049.19307691003,21094.50592308997,0.030653689485857893
11,112,1.06,15812.2601920221,False,6000,15784.200666666668,5931.64479497285,76.57720502182585,0.0017776969482331461,0.0017776969482331461,15463.978627101515,16104.42270623182,0.022522118875035302
11,112,1.275,8646.761175408725,False,6000,8655.070833333333,2103.239109629403,27.15270014895598,-0.0009600912672609715,0.0009600912672609715,8541.526691588782,8768.614975077884,0.013896584582113736
11,112,1.675,4943.7053507754,False,6000,4950.6335,839.2356214133936,10.834485284260353,-0.0013994470050348142,0.0013994470050348142,4905.327054375932,4995.939945624068,0.01045540887544505
11,112,1.875,4124.883043494065,False,6000,4113.010666666667,631.213402592835,8.148929987149891,0.0028865417062045712,0.0028865417062045712,4078.934377514888,4147.086955818446,0.01126487011717292
12,14,0.325,124.43942611177812,False,6000,123.57566666666666,37.8712817345667,0.4889161448583532,0.006989721102952754,0.006989721102952754,121.53117150602127,125.62016182731206,0.02393011249474175
12,14,0.525,170.47708265974674,False,6000,169.4225,60.44329209275281,0.780319545550607,0.006224572649717293,0.006224572649717293,166.159446506241,172.68555349375902,0.025984897303708676
12,14,0.725,245.76629159489084,False,6000,249.27033333333333,101.38518668540995,1.3088771319490755,-0.014057195220887957,0.014057195220887957,243.79701650734756,254.7436501593191,0.03524075500533075
12,14,0.94,328.8050721888689,False,6000,330.69266666666664,151.48759672510866,1.955696464244437,-0.005708002227035779,0.005708002227035779,322.5145526917283,338.870780641605,0.029703677707703435
12,14,1.0,332.6234657556173,False,6000,330.762,151.8429113731986,1.9602835566268233,0.005627810194693776,0.005627810194693776,322.56470423228217,338.95929576771783,0.031183701723582535
12,14,1.06,323.67541698538196,False,6000,330.951,149.52452484321182,1.9303533152244552,-0.021983867746639425,0.021983867746639425,322.87886318714106,339.023136812859,0.04527042010100024
12,14,1.275,292.5286852796669,False,6000,294.207,120.40512745222327,1.554423511401474,-0.005704537010788681,0.005704537010788681,287.7068846324159,300.7071153675841,0.027197328130795673
12,14,1.675,243.2969278180691,False,6000,241.19483333333332,84.64310731482043,1.0927378166718222,0.008715337951831912,0.008715337951831912,236.62534385843162,245.76432280823502,0.028194714272149035
12,14,1.875,223.45758718242317,False,6000,222.6305,71.98214274778452,0.9292854669549815,0.0037150668143994476,0.0037150668143994476,218.74451738308724,226.51648261691278,0.021546001955705885
12,28,0.325,246.35224906074467,False,6000,248.895,54.9525881054743,0.7094348618783258,-0.010216159180599618,0.010216159180599618,245.92836419311007,251.86163580688995,0.02187465641003583
12,28,0.525,353.6842105263158,False,6000,354.132,95.25655468891296,1.229756833090853,-0.0012644705185756286,0.0012644705185756286,348.98953964055886,359.27446035944115,0.015559830853360768
12,28,0.725,597.262726616698,False,6000,594.2466666666667,202.26225259637494,2.6111944529071933,0.005075434359521932,0.005075434359521932,583.3274641027597,605.1658692305737,0.02388926181518425
12,28,0.94,1269.0714188437944,False,6000,1252.7933333333333,548.0709369362764,7.075565370981647,0.012993432418058656,0.012993432418058656,1223.2055209611458,1282.3811457055208,0.037496477163223574
12,28,1.0,1334.833787972303,False,6000,1335.0295,590.6618162648422,7.625411258781196,-0.00014659753038942375,0.00014659753038942375,1303.1424032443267,1366.9165967556735,0.02431920306566404
12,28,1.06,1261.6761747432697,False,6000,1290.0948333333333,555.7909808933384,7.175230709907281,-0.022028348502594795,0.022028348502594795,1260.0902515309267,1320.09941513574,0.04425669742946048
12,28,1.275,1033.7923903733254,False,6000,1016.5318333333333,364.41815233546953,4.704618116836503,0.016979849006196417,0.016979849006196417,996.8585845079267,1036.20508215874,0.03705019592486147
12,28,1.675,758.0678932309896,False,6000,760.4255,217.61027278498042,2.8093365415329408,-0.003100378365810235,0.003100378365810235,748.6777288858913,772.1732711141088,0.018267114921975525
12,28,1.875,669.7500340930693,False,6000,677.5963333333333,181.44755511101505,2.342477863850046,-0.011579606993540385,0.011579606993540385,667.8008199167168,687.3918467499498,0.025664855846476153
12,56,0.325,490.07237317304964,False,6000,497.73766666666666,76.552238517842,0.9882851496483334,-0.01540026806681367,0.01540026806681367,493.60496573820967,501.87036759512364,0.023508051448839162
12,56,0.525,703.9771378024678,False,6000,708.5525,133.14696239875698,1.7189198932283032,-0.006457336891101467,0.006457336891101467,701.3645119570596,715.7404880429405,0.016435217005310587
12,56,0.725,1221.8181818181818,False,6000,1227.1085,314.0583446352856,4.054475795033102,-0.004311206532933553,0.004311206532933553,1210.1539440315105,1244.0630559684896,0.017880825287421187
12,56,0.94,4165.77831690685,False,6000,4213.8385,1711.6455792158683,22.097249409708688,-0.011405321559701457,0.011405321559701457,4121.434679924038,4306.242320075961,0.03261869461322686
12,56,1.0,5348.01500178888,False,6000,5395.0768333333335,2501.711979971934,32.29696278479628,-0.00872310682466713,0.00872310682466713,5260.020986208075,5530.132680458592,0.032931882324134465
12,56,1.06,4761.843232219046,False,6000,4805.830666666667,1971.8337542463578,25.456264305619307,-0.009152930575086387,0.009152930575086387,4699.380491665743,4912.280841667591,0.03062479819404529
12,56,1.275,3327.4708562613973,False,6000,3291.404,1010.9690015875999,13.051553688935714,0.010957894035918209,0.010957894035918209,3236.826464288506,3345.981535711494,0.0280040938162609
12,56,1.675,2151.3535353850634,False,6000,2163.118,491.7906760884295,6.348990327701912,-0.005438660588528464,0.005438660588528464,2136.5684983390724,2189.6675016609274,0.017497618358404465
12,56,1.875,1849.9045648747754,False,6000,1859.7736666666667,387.4266997525714,5.0016571867260335,-0.005306614438508567,0.005306614438508567,1838.8582928934582,1880.6890404398753,0.016368721730786295
12,112,0.325,993.9802598563682,False,6000,996.4723333333334,112.42591263669713,1.4514122910803267,-0.002500895803728795,0.002500895803728795,990.4029788306821,1002.5416878359847,0.008539722670382499
12,112,0.525,1414.7368421052631,False,6000,1418.5583333333334,190.57116210275123,2.460263123637832,-0.0026939260362247625,0.0026939260362247625,1408.2702786166105,1428.8463880500562,0.009874781546005407
12,112,0.725,2443.6363636363635,False,6000,2449.6115,441.8323160811942,5.704030673329056,-0.0024392179591075833,0.0024392179591075833,2425.7590188937097,2473.4639811062902,0.012059046623588143
12,112,0.94,10741.993088543784,False,6000,10779.466666666667,3767.783115328727,48.64187085929886,-0.0034763851757863245,0.0034763851757863245,10576.061500724792,10982.871832608542,0.021932218433941775
12,112,1.0,21409.419706954854,False,6000,21460.552333333333,9700.023433581482,125.22676405360922,-0.002382633288475915,0.002382633288475915,20936.892978281634,21984.211688385032,0.02614567170192683
12,112,1.06,16979.556713060883,False,6000,16951.044333333335,6373.0105802525195,82.27521280840558,0.001682042661612309,0.001682042661612309,16606.994998499875,17295.093668166795,0.02243402340969336
12,112,1.275,9692.154970904012,False,6000,9628.134666666667,2385.8016975756627,30.80056747354642,0.0066492946405276405,0.0066492946405276405,9499.336279035098,9756.933054298235,0.020298122542988795
12,112,1.675,5664.014294601313,False,6000,5676.154,995.3935245228946,12.85047514466625,-0.0021387202318132155,0.0021387202318132155,5622.417312182347,5729.890687817654,0.011496972072504108
12,112,1.875,4752.1322010890135,False,6000,4735.468166666667,746.9118246925914,9.642590193732667,0.0035189835166977595,0.0035189835166977595,4695.145855377714,4775.790477955619,0.012137289759811987
13,14,0.325,134.75450478726594,False,6000,134.39066666666668,41.348784745006355,0.5338105156777497,0.0027073168816232427,0.0027073168816232427,132.15843721897483,136.62289611435853,0.019643600688086682
13,14,0.525,183.7232219707552,False,6000,184.10983333333334,66.67702058544043,0.8607966343404664,-0.002099895239588783,0.002099895239588783,180.51024969978653,187.70941696688016,0.02123598837254015
13,14,0.725,261.9179486324875,False,6000,264.26933333333335,105.72834470172974,1.3649470608395882,-0.00889768279651266,0.00889768279651266,258.5615495144288,269.9771171522379,0.02985130223168475
13,14,0.94,343.6081523481283,False,6000,343.1431666666667,150.31258868002874,1.940527175610256,0.0013550777827767385,0.0013550777827767385,335.0284859359138,351.25784739741954,0.02560876693289793
13,14,1.0,347.2448778337317,False,6000,346.793,152.28211689116404,1.9659536754822984,0.0013030189009919878,0.0013030189009919878,338.5719935598444,355.01400644015564,0.025616071142500862
13,14,1.06,338.7036350888323,False,6000,345.55083333333334,152.15758521270587,1.9643459784264858,-0.019815313939341418,0.019815313939341418,337.33654978192857,353.7651168847381,0.042574807625289646
13,14,1.275,309.0666031726156,False,6000,311.2348333333333,124.07003633281013,1.601737281601076,-0.006966540786890432,0.006966540786890432,304.5368665034438,317.93280016322285,0.027887015702863782
13,14,1.675,261.50936479899786,False,6000,258.2991666666667,90.5155687013848,1.168550967176522,0.012428217147420862,0.012428217147420862,253.4126501904066,263.18568314292673,0.03195071202052313
13,14,1.875,241.88131000734697,False,6000,243.06016666666667,79.40258187431274,1.0250829241502806,-0.004850061100041921,0.004850061100041921,238.77358889719525,247.3467444361381,0.022096245662138636
13,28,0.325,267.21065255199085,False,6000,270.1836666666667,59.507518774414855,0.7682387639581131,-0.01100367816957539,0.01100367816957539,266.9711312418289,273.39620209150445,0.022624855401039312
13,28,0.525,383.15789473684214,False,6000,383.09816666666666,102.15955148181389,1.318874138483615,0.00015590800315014438,0.00015590800315014438,377.5830454705537,388.6132878627796,0.014764564598870988
13,28,0.725,644.6855096492536,False,6000,644.0638333333334,221.4070955102748,2.8583533121448306,0.0009652402195955836,0.0009652402195955836,632.1110893391912,656.0165773274756,0.01989273803629632
13,28,0.94,1333.5760297557115,False,6000,1323.4568333333334,578.1609364886093,7.464025594826893,0.0076460343605550775,0.0076460343605550775,1292.24460119897,1354.6690654676968,0.031984214535230704
13,28,1.0,1393.918893733632,False,6000,1395.4228333333333,620.622671566266,8.012204237516345,-0.0010777662252441748,0.0010777662252441748,1361.9182887156658,1428.9273779510008,0.0244998344615448
13,28,1.06,1324.2265540779827,False,6000,1352.6128333333334,576.9297275986652,7.448130756405373,-0.020986256048892066,0.020986256048892066,1321.4670684665653,1383.7585982001015,0.04302198678263247
13,28,1.275,1105.457826084314,False,6000,1095.102,400.9815510677718,5.176649564739664,0.009456494540521342,0.009456494540521342,1073.4548625618743,1116.749137438126,0.02981305002994028
13,28,1.675,829.9641633800942,False,6000,826.0111666666667,238.86515610787458,3.083735905316777,0.0047856456098283465,0.0047856456098283465,813.1159428099147,838.9063905234186,0.020720563554511573
13,28,1.875,738.2997145731666,False,6000,746.161,201.951085131518,2.6071772982096184,-0.010535642343721154,0.010535642343721154,735.2585959268466,757.0634040731533,0.024784832286218306
13,56,0.325,530.701222638575,False,6000,539.9333333333333,85.10116679764508,1.0986513391669965,-0.017098612226370408,0.017098612226370408,535.3391153477229,544.5275513189437,0.025391421695520777
13,56,0.525,762.7685035967683,False,6000,764.9628333333334,146.60575361539446,1.8926721407020353,-0.002868544249402692,0.002868544249402692,757.0482674654487,772.877399201218,0.013079559080000913
13,56,0.725,1323.6363636363635,False,6000,1324.1243333333334,330.27522587789366,4.26383483163325,-0.0003685225659598778,0.0003685225659598778,1306.2943030290753,1341.9543636375915,0.013650240647210987
13,56,0.94,4430.673040229112,False,6000,4505.780833333333,1822.6325691280492,23.53008528829391,-0.016669206932698705,0.016669206932698705,4407.3853395305505,4604.176327136116,0.03768389274850514
13,56,1.0,5585.554339731938,False,6000,5546.23,2423.8007482968924,31.2911331089298,0.007090282900625899,0.007090282900625899,5415.380219551754,5677.079780448245,0.03142422383672816
13,56,1.06,5026.801033588042,False,6000,5137.530666666667,2084.7522715497503,26.914036095600885,-0.021553084597053792,0.021553084597053792,5024.984543717846,5250.0767896154875,0.04252809339266794
13,56,1.275,3619.5626475689337,False,6000,3590.6831666666667,1096.6881382578206,14.158182984852521,0.008042893110248056,0.008042893110248056,3531.4780516372803,3649.888281696053,0.024942699527982448
13,56,1.675,2394.4542885116116,False,6000,2412.5956666666666,566.542554381878,7.314032926796077,-0.007519444060064911,0.007519444060064911,2382.0106571903116,2443.1806761430216,0.01994383309724479
13,56,1.875,2069.6844944407053,False,6000,2088.7111666666665,445.9956390971267,5.7577789423476835,-0.00910928831597405,0.00910928831597405,2064.6339270265103,2112.7884063068227,0.02040143335577249
13,112,0.325,1075.6683805012087,False,6000,1075.9151666666667,119.41227401389587,1.5416058286285848,-0.00022937325646455126,0.00022937325646455126,1069.4686508594068,1082.3616824739265,0.006183979053488886
13,112,0.525,1532.6315789473686,False,6000,1528.73,206.5167272315677,2.666119484270405,0.002552170067551847,0.002552170067551847,1517.581118048326,1539.878881951674,0.009917401264452952
13,112,0.725,2647.272727272727,False,6000,2656.6238333333336,476.5293684952467,6.151967693869426,-0.003519921015266002,0.003519921015266002,2630.898219011052,2682.349447655615,0.013076864542591715
13,112,0.94,11561.022697418892,False,6000,11594.825333333334,4135.273550248011,53.38615197374189,-0.002915320838621432,0.002915320838621432,11371.58106025371,11818.069606412959,0.021750329584671158
13,112,1.0,22361.97488852257,False,6000,22360.962333333333,9829.676457788019,126.9005773987337,4.5282272477535175e-05,4.5282272477535175e-05,21830.30361178511,22891.621054881554,0.024354735792608828
13,112,1.06,18111.299603808326,False,6000,18181.55316666667,6752.039262391285,87.16845205393352,-0.0038640022782620597,0.0038640022782620597,17817.041828149,18546.06450518434,0.02344243444502625
13,112,1.275,10735.32976259394,False,6000,10715.8395,2687.3077856711734,34.69299433345995,0.0018188274090834792,0.0018188274090834792,10570.764194614847,10860.914805385153,0.015567991580299312
13,112,1.675,6402.575831775078,False,6000,6439.243333333333,1153.7938193131113,14.895414157189098,-0.005694380482321944,0.005694380482321944,6376.955346977298,6501.531319689368,0.015220335494595116
13,112,1.875,5399.604525083538,False,6000,5365.132333333333,878.4407298392584,11.340621057659122,0.006425226743435666,0.006425226743435666,5317.709385421039,5412.555281245627,0.015400454166792477
14,14,0.325,145.03532661310248,False,6000,144.63666666666666,44.90040085071604,0.5796616824428685,0.002756285495396473,0.002756285495396473,142.21270190905088,147.06063142428243,0.019847908563447092
14,14,0.525,196.84419739698814,False,6000,197.87016666666668,69.91902284022123,0.9026507034775761,-0.005185062947902071,0.005185062947902071,194.09556234152677,201.64477099180658,0.023807081984851042
14,14,0.725,277.7687209628838,False,6000,279.3755,109.53284776969915,1.4140629842490566,-0.005751324067844932,0.005751324067844932,273.4623286749202,285.2886713250798,0.026359092098778847
14,14,0.94,358.23217968146105,False,6000,360.32966666666664,157.3008420586943,2.0307451387924207,-0.005821022189510509,0.005821022189510509,351.8377224909059,368.8216108424274,0.028711525706910046
14,14,1.0,361.7328761548416,False,6000,364.7393333333333,160.16805971889207,2.067760759618747,-0.008242755589357059,0.008242755589357059,356.09260135102625,373.3860653156404,0.03120949131014783
14,14,1.06,353.5479427595062,False,6000,359.38466666666665,153.31934592605967,1.9793442447434768,-0.016240881842001512,0.016240881842001512,351.1076650331825,367.6616683001508,0.0383878080244211
14,14,1.275,325.20262506505594,False,6000,329.524,132.75249010070578,1.7138272777586616,-0.013113991499690647,0.013113991499690647,322.3573076900645,336.6906923099355,0.03412053706047924
14,14,1.675,279.17229377198777,False,6000,276.9175,97.64019132292259,1.2605294497139503,0.00814247482368485,0.00814247482368485,271.6463581346852,282.1886418653148,0.027704901655891456
14,14,1.875,259.80464175576236,False,6000,258.03066666666666,85.50592535082333,1.1038767496193111,0.006875055248325909,0.006875055248325909,253.4145976407614,262.64673569257195,0.02521576963004879
14,28,0.325,288.10173215149644,False,6000,289.8673333333333,63.8132464406289,0.8238254691066182,-0.006091066425227418,0.006091066425227418,286.4223516068802,293.3123150597864,0.01776462371594545
14,28,0.525,412.63157894736844,False,6000,412.7058333333333,111.17265037920798,1.4352327449080406,-0.00017992085395338728,0.00017992085395338728,406.70413665748634,418.7075300091803,0.014574334892674123
14,28,0.725,691.794071290806,False,6000,693.0146666666667,233.60759662966743,3.0158611043141397,-0.0017612836128442773,0.0017612836128442773,680.4032741041746,705.6260592291588,0.019602433551650922
14,28,0.94,1396.8921216667866,False,6000,1386.0865,585.1356927934866,7.554069311535709,0.007795777295851805,0.007795777295851805,1354.4977330651523,1417.6752669348475,0.03129897346206567
14,28,1.0,1452.470344466943,False,6000,1452.8685,634.0800597149422,8.185938371460585,-0.0002740478804908903,0.0002740478804908903,1418.6374533025314,1487.0995466974687,0.023848863630133277
14,28,1.06,1385.7859272792077,False,6000,1414.0335,604.7335695655098,7.807076812732613,-0.019976593709266632,0.019976593709266632,1381.386734434418,1446.680265565582,0.04209246489069063
14,28,1.275,1175.0359465725464,False,6000,1171.6593333333333,416.851835214435,5.381534052071684,0.0028819070041517956,0.0028819070041517956,1149.1554327319395,1194.163233934727,0.022521334454365327
14,28,1.675,900.7047379967358,False,6000,898.0261666666667,265.0322341958289,3.4215514308286306,0.002982731939773681,0.002982731939773681,883.7183034148709,912.3340299184624,0.019221548898813
14,28,1.875,806.3666063083809,False,6000,816.8353333333333,221.1602711364402,2.8551668231804994,-0.012816202480164162,0.012816202480164162,804.8959142443625,828.7747524223041,0.027037679476154097
14,56,0.325,571.3408169168474,False,6000,578.553,90.11855571050407,1.163425551503492,-0.012465898687160176,0.012465898687160176,573.6879164169876,583.4180835830124,0.020700878162695058
14,56,0.525,821.608945266573,False,6000,823.7038333333334,155.70180247464876,2.0101016265293046,-0.0025432539973535037,0.0025432539973535037,815.2982139013237,832.109452765343,0.012619142186011456
14,56,0.725,1425.4545454545453,False,6000,1417.0731666666666,359.9166373077809,4.646503807720035,0.005914570245934398,0.005914570245934398,1397.6429337960456,1436.5033995372876,0.019898939125290394
14,56,0.94,4690.710919794758,False,6000,4765.833333333333,1916.7207958708477,24.7447590724574,-0.01576270261344458,0.01576270261344458,4662.35845178768,4869.308214878986,0.0366781660151424
14,56,1.0,5820.9590575629245,False,6000,5878.233666666667,2517.3117805508264,32.49835534428363,-0.00974350669802836,0.00974350669802836,5742.335658533652,6014.131674799682,0.032119785146405455
14,56,1.06,5285.997939047708,False,6000,5366.390666666666,2143.4729001611327,27.6721161512366,-0.01498078179777654,0.01498078179777654,5250.674488849688,5482.106844483645,0.035772543476286
14,56,1.275,3905.2995196159063,False,6000,3886.0571666666665,1211.3922632386855,15.639006870826467,0.004951639186961651,0.004951639186961651,3820.65970699806,3951.454626335273,0.022153193194048848
14,56,1.675,2638.824737069902,False,6000,2659.1311666666666,626.6246380687655,8.089689291878598,-0.007636490388783518,0.007636490388783518,2625.3026036660267,2692.9597296673064,0.020102414455374196
14,56,1.875,2292.216459065173,False,6000,2315.697166666667,506.15177275347213,6.534391288425195,-0.010139800635198499,0.010139800635198499,2288.372375887219,2343.021957446115,0.02168374829757025
14,112,0.325,1157.2648091812239,False,6000,1158.8688333333334,128.59143020159794,1.6601082254526076,-0.001384129166280014,0.001384129166280014,1151.9267773820643,1165.8108892846026,0.007330588676026983
14,112,0.525,1650.5263157894738,False,6000,1645.4973333333332,218.51023800631054,2.8209550425808656,0.003056208207857226,0.003056208207857226,1633.7009772636727,1657.2936894029938,0.01029890950667256
14,112,0.725,2850.9090909090905,False,6000,2849.2276666666667,506.86537652471605,6.543603873497924,0.0005901333410787015,0.0005901333410787015,2821.8643517235223,2876.590981609811,0.01029274818537207
14,112,0.94,12373.107167204093,False,6000,12607.270666666667,4413.33320032177,56.97588662036833,-0.018573687013930588,0.018573687013930588,12369.015240467616,12845.526092865719,0.036776923128434835
14,112,1.0,23305.991589642003,False,6000,23397.834,10042.975958804684,129.65426211604003,-0.003925252669028954,0.003925252669028954,22855.660225947002,23940.007774052996,0.02648354129183539
14,112,1.06,19213.331579389767,False,6000,19424.567,7123.303564156325,91.96145357985795,-0.01087465273281159,0.01087465273281159,19040.012820746197,19809.1211792538,0.03007652860885157
14,112,1.275,11774.610012119163,False,6000,11790.535333333333,2984.4376530767745,38.52892442720232,-0.0013506868656885627,0.0013506868656885627,11629.419362088183,11951.651304578483,0.014813123973211884
14,112,1.675,7156.871029068928,False,6000,7202.643666666667,1328.0067935445607,17.144493983494648,-0.006354977382759004,0.006354977382759004,7130.9507284203255,7274.336604913008,0.01614794341036474
14,112,1.875,6064.918702689562,False,6000,6046.404666666666,998.1939182483333,12.886628072204408,0.003061990892697353,0.003061990892697353,5992.516798557316,6100.2925347760165,0.01208205276114982
15,14,0.325,155.28285942665732,False,6000,154.30433333333335,47.222925738897686,0.609645349819801,0.006341533463030709,0.006341533463030709,151.75498621005997,156.85368045660672,0.02324716508302438
15,14,0.525,209.8496665201709,False,6000,211.36466666666666,73.33402801451062,0.9467382307016927,-0.007167707689218469,0.007167707689218469,207.40570202329542,215.3236313100379,0.02542203452804126
15,14,0.725,293.35289441460446,False,6000,295.4135,113.99352001254637,1.4716500152805132,-0.006975326399760117,0.006975326399760117,289.25951763299014,301.56748236700986,0.027239634352911324
15,14,0.94,372.6932423472493,False,6000,374.236,158.4201190706357,2.0451949428825604,-0.004122419149282026,0.004122419149282026,365.6836312405039,382.78836875949605,0.026372604906889086
15,14,1.0,376.0929672038744,False,6000,375.10316666666665,160.81081289172081,2.076058667399039,0.002638742151935367,0.002638742151935367,366.42173541644075,383.78459791689255,0.026393717546373763
15,14,1.06,368.2234727004421,False,6000,373.31166666666667,158.41441449041798,2.0451212970686257,-0.013629882000896286,0.013629882000896286,364.7596058710449,381.8637274622884,0.035720215828023094
15,14,1.275,341.0005183527537,False,6000,345.1035,135.14727615503523,1.744743832779154,-0.011889133686694807,0.011889133686694807,337.80752427860847,352.3994757213915,0.03234669218875308
15,14,1.675,296.36128701037836,False,6000,296.4796666666667,102.97195471161915,1.3293622190817511,-0.00039928423294338915,0.00039928423294338915,290.92068758152135,302.038645751812,0.018796795778573183
15,14,1.875,277.2802727698415,False,6000,278.4898333333333,92.06108897894677,1.1885035481639334,-0.0043432844532032625,0.0043432844532032625,273.5198813728902,283.4597852937764,0.02180031469906929
15,28,0.325,309.02240408755495,False,6000,310.3185,68.02549254279076,0.8782053324526181,-0.004176663371487764,0.004176663371487764,306.6461186087646,313.99088139123535,0.015823635647207346
15,28,0.525,442.10526315789474,False,6000,439.652,116.5250884804394,1.5043324236669584,0.005580011367842642,0.005580011367842642,433.36134997231454,445.94265002768543,0.02017695668092867
15,28,0.725,738.6096399803957,False,6000,742.807,247.0735706408482,3.1897060812666895,-0.005650673754561111,0.005650673754561111,729.4686418467419,756.1453581532581,0.02319093542502204
15,28,0.94,1459.1709350489518,False,6000,1441.6438333333333,596.3383675006982,7.698695220115741,0.012157719757377795,0.012157719757377795,1409.4502858582941,1473.8373808083725,0.03527662500020701
15,28,1.0,1510.5101661119454,False,6000,1519.6478333333334,648.7111150816239,8.374824484035909,-0.0060130163192775,0.0060130163192775,1484.626923696924,1554.6687429697429,0.02840384941003271
15,28,1.06,1446.470289890691,False,6000,1482.1888333333334,616.6311586674907,7.9606740275725825,-0.024098510688623943,0.024098510688623943,1448.8997720167697,1515.477894649897,0.04553521038005515
15,28,1.275,1242.842159183372,False,6000,1248.9116666666666,450.2413164860233,5.812590401749571,-0.0048598372849652256,0.0048598372849652256,1224.605222561341,1273.2181107719923,0.023857618212956844
15,28,1.675,970.3050963593306,False,6000,970.1605,285.63135907196454,3.687484989467698,0.00014904375031827077,0.00014904375031827077,954.7405853680062,985.5804146319937,0.016302345610797575
15,28,1.875,873.8583732164293,False,6000,880.0911666666667,241.15400832509664,3.11328486038088,-0.007081986146780713,0.007081986146780713,867.0723782758612,893.1099550574722,0.021555668181757137
15,56,0.325,611.9921002506238,False,6000,623.7881666666667,99.42345194723966,1.2835512453803752,-0.018910372216705332,0.018910372216705332,618.4207548165614,629.155578516772,0.027280181329093378
15,56,0.525,880.4964583918427,False,6000,881.5271666666666,166.3643675163106,2.1477547493100038,-0.0011692303014567155,0.0011692303014567155,872.5459247146554,890.5084086186779,0.011242959785596418
15,56,0.725,1527.2727272727273,False,6000,1526.9718333333333,383.1163327163668,4.9460105875684945,0.00019705271100982285,0.00019705271100982285,1506.289156319846,1547.6545103468206,0.01393063932302896
15,56,0.94,4946.4508948112625,False,6000,5055.313166666667,1992.6597348509995,25.725126559120028,-0.021534229090536254,0.021534229090536254,4947.738693395082,5162.887639938252,0.04192164544754218
15,56,1.0,6054.3172590406775,False,6000,6034.395666666666,2527.1920475873585,32.625909043245535,0.003301340096748357,0.003301340096748357,5897.964268660987,6170.827064672346,0.02650965371399039
15,56,1.06,5540.273172355601,False,6000,5615.46,2250.979096574541,29.060015178980713,-0.013389255313794288,0.013389255313794288,5493.940060381477,5736.979939618523,0.034287511780283775
15,56,1.275,4185.2265992609155,False,6000,4203.675166666667,1303.8918105523849,16.833170891752076,-0.0043886757835240485,0.0043886757835240485,4133.284084702142,4274.066248631192,0.020785744581925503
15,56,1.675,2883.9509821818624,False,6000,2905.3193333333334,697.296988765413,9.002065416163415,-0.00735490619096752,0.00735490619096752,2867.675497324417,2942.96316934225,0.020051962516940525
15,56,1.875,2517.0039585802892,False,6000,2540.4366666666665,571.4115404099231,7.376891266127862,-0.009223889890206774,0.009223889890206774,2509.5888031775703,2571.2845301557627,0.021110293683517467
15,112,0.325,1238.7777656792023,False,6000,1243.5435,139.0633664116097,1.7953003405990142,-0.0038323824786167266,0.0038323824786167266,1236.0361126967578,1251.0508873032422,0.009810249725729192
15,112,0.525,1768.421052631579,False,6000,1764.0555,240.76792135112592,3.1083004989796263,0.0024747252178738263,0.0024747252178738263,1751.0575546573755,1777.0534453426244,0.009916006431668123
15,112,0.725,3054.5454545454545,False,6000,3045.7901666666667,547.5648610129595,7.069031958905236,0.00287455385948983,0.00287455385948983,3016.229674990499,3075.3506583428343,0.012703203563261933
15,112,0.94,13178.810939355024,False,6000,13308.988166666666,4737.628607312957,61.16252232212973,-0.009781151330322804,0.009781151330322804,13053.225532899094,13564.750800434238,0.028451673514478415
15,112,1.0,24241.822225348504,False,6000,24229.361333333334,10365.602415152229,133.81935175763988,0.0005142889176375671,0.0005142889176375671,23669.770450629996,24788.952216036672,0.024168032212719792
15,112,1.06,20290.022922738,False,6000,20466.694666666666,7553.503620104252,97.51531242060402,-0.008632158089327654,0.008632158089327654,20058.915978174984,20874.47335515835,0.02799833186095313
15,112,1.275,12808.851309183858,False,6000,12838.920166666667,3307.4404117796107,42.698872111319446,-0.0023420082913885587,0.0023420082913885587,12660.366771949253,13017.47356138408,0.016026324249207136
15,112,1.675,7924.8202315593835,False,6000,7926.583166666666,1475.7250373339455,19.05152831058563,-0.00022240794932883905,0.00022240794932883905,7846.915604358664,8006.250728974669,0.01017086526163713
15,112,1.875,6746.081842424476,False,6000,6738.4705,1133.2653995750786,14.630393397957912,0.0011295356156083014,0.0011295356156083014,6677.290747981116,6799.650252018885,0.01030224638101318
16,14,0.325,165.49817554679157,False,6000,165.02566666666667,51.44825713033611,0.6641941435239624,0.002863244788941351,0.002863244788941351,162.24821346442647,167.80311986890686,0.02003080350143671
16,14,0.525,222.74805566126867,False,6000,224.25766666666667,78.14349626738218,1.0088281988599754,-0.006731591511838316,0.006731591511838316,220.03906109967443,228.4762722336589,0.025071384946845132
16,14,0.725,308.6983076447803,False,6000,310.33633333333336,118.72233732025896,1.5326987842139408,-0.005278227241261009,0.005278227241261009,303.92706401382594,316.7456026528408,0.025406177514895045
16,14,0.94,387.00341450553526,False,6000,387.74316666666664,162.28287389154357,2.095062893188756,-0.001907840613906485,0.001907840613906485,378.98226565855384,396.50406767477944,0.0239610484325139
16,14,1.0,390.3295900449453,False,6000,391.339,165.4410515438132,2.135834791360771,-0.0025793748005046957,0.0025793748005046957,382.40760360248424,400.27039639751575,0.024835227491313283
16,14,1.06,382.7419402541062,False,6000,387.53833333333336,160.10052225636247,2.0668888547266726,-0.012376564243263152,0.012376564243263152,378.89524738593667,396.18141928073004,0.03392253743505502
16,14,1.275,356.5070694312898,False,6000,362.95466666666664,141.38239556318445,1.8252388782104092,-0.017764194340276273,0.017764194340276273,355.3220857164013,370.58724761693196,0.03799423287278514
16,14,1.675,313.1376952712148,False,6000,311.9153333333333,110.70812171166294,1.4292357055972478,0.003918890183494733,0.003918890183494733,305.9387144095263,317.8919522571403,0.02353079398788349
16,14,1.875,294.35512644688777,False,6000,293.6091666666667,96.92082175804089,1.2512424285654327,0.002540655622881047,0.002540655622881047,288.3768602335515,298.84147309978187,0.02073074174014722
16,28,0.325,329.9700948217786,False,6000,331.9986666666667,73.8743385838801,0.9537136101581855,-0.0061101806981797005,0.0061101806981797005,328.01053315723846,335.9868001760949,0.017907564675644583
16,28,0.525,471.5789473684211,False,6000,469.8881666666667,127.8680388755006,1.6507692835900547,0.0035982619305964364,0.0035982619305964364,462.9851632638649,476.7911700694685,0.01856168358392618
16,28,0.725,785.1510251856866,False,6000,789.5196666666667,266.4531869391455,3.4398958518640073,-0.005533290259157629,0.005533290259157629,775.1350927551267,803.9042405782067,0.02332767318036766
16,28,0.94,1520.5281218654802,False,6000,1500.506,603.0110070939387,7.784838626848623,0.013343580009330272,0.013343580009330272,1467.9522276069683,1533.0597723930318,0.03581580740145762
16,28,1.0,1568.0561149251,False,6000,1575.1821666666667,650.3233452605486,8.39563828614667,-0.004523954049484032,0.004523954049484032,1540.0742201873597,1610.2901131459737,0.02622757096754602
16,28,1.06,1506.3664877045467,False,6000,1537.778,616.9759351871838,7.9651250733023655,-0.020426558511991554,0.020426558511991554,1504.4703257954184,1571.0856742045817,0.04119392567996105
16,28,1.275,1309.120616467449,False,6000,1314.2268333333334,463.32825537122505,5.9815420562669726,-0.003885339072657042,0.003885339072657042,1289.213885988799,1339.2397806778679,0.02248974727675257
16,28,1.675,1038.8016091746274,False,6000,1028.9153333333334,306.3833012520481,3.955391411017441,0.009608444466723893,0.009608444466723893,1012.3751174224302,1045.4555492442364,0.026103458389495682
16,28,1.875,940.7167000517647,False,6000,946.2231666666667,260.61953134788695,3.3645836820224932,-0.005819416400784146,0.005819416400784146,932.1535248112634,960.2928085220699,0.02038556187922891
16,56,0.325,652.6557823351839,False,6000,664.5788333333334,105.37763136851054,1.360419371176752,-0.01794076248012138,0.01794076248012138,658.8899829035221,670.2676837631446,0.02627592207501439
16,56,0.525,939.4292254015252,False,6000,942.9358333333333,180.83590255601283,2.3345814633194166,-0.003718819253492677,0.003718819253492677,933.173340206272,952.6983264603947,0.013927914734739644
16,56,0.725,1629.090909090909,False,6000,1634.6743333333334,414.416203921735,5.350090187291255,-0.0034156187128961493,0.0034156187128961493,1612.301921188706,1657.0467454779607,0.01687087975239232
16,56,0.94,5198.3433691205355,False,6000,5245.717833333333,2019.9530667684576,26.07748195904945,-0.009031073671512001,0.009031073671512001,5136.66991943689,5354.765747229776,0.02921180598612816
16,56,1.0,6285.699969191038,False,6000,6339.473666666667,2628.048685930779,33.927962645440644,-0.008482359940758853,0.008482359940758853,6197.59748571286,6481.349847620473,0.030186594309712378
16,56,1.06,5790.249513655854,False,6000,5904.7283333333335,2334.186739920357,30.134221235499087,-0.019387652270338118,0.019387652270338118,5778.716398293543,6030.740268373124,0.0398774850209469
16,56,1.275,4459.844092391261,False,6000,4424.892833333333,1388.387374353972,17.92400392985859,0.007898780913886825,0.007898780913886825,4349.940227085074,4499.8454395815925,0.025265603564358585
16,56,1.675,3129.4078432417605,False,6000,3137.889833333333,781.9240682901383,10.094596314954854,-0.0027030872790592547,0.0027030872790592547,3095.6773731156954,3180.102293550971,0.015941138249551012
16,56,1.875,2743.6087423966123,False,6000,2774.5903333333335,617.487434659105,7.971728503090181,-0.011166185712000438,0.011166185712000438,2741.255045640454,2807.9256210262133,0.022905478032603677
16,112,0.325,1320.2143511982722,False,6000,1327.2556666666667,147.26353495013586,1.901164061218367,-0.00530516888737675,0.00530516888737675,1319.3055902299805,1335.205743103353,0.011227776679747503
16,112,0.525,1886.3157894736844,False,6000,1882.3461666666667,259.417077705651,3.349060072252606,0.002108869705962348,0.002108869705962348,1868.3414397161691,1896.3508936171643,0.00962048444434549
16,112,0.725,3258.181818181818,False,6000,3244.900666666667,584.4780953182706,7.545579764635644,0.004092930070735947,0.004092930070735947,3213.3474003748966,3276.4539329584372,0.013952558569201301
16,112,0.94,13978.614875963713,False,6000,14198.263333333334,4965.616595887341,64.10583459840946,-0.015470093222876902,0.015470093222876902,13930.192683623956,14466.333983042712,0.033714077640589424
16,112,1.0,25169.750895745423,False,6000,25338.552,10756.661976550886,138.86790898654712,-0.006661829146929026,0.006661829146929026,24757.849622142963,25919.254377857036,0.028916861233165614
16,112,1.06,21344.703175675313,False,6000,21328.192166666668,7784.128759340741,100.49267016553631,0.0007741401089985563,0.0007741401089985563,20907.963094678675,21748.42123865466,0.020888695805465263
16,112,1.275,13837.270085138422,False,6000,13907.274333333333,3613.1507018676866,46.64557498557063,-0.0050336425756068665,0.0050336425756068665,13712.217055461786,14102.33161120488,0.018795581707627407
16,112,1.675,8704.675864492932,False,6000,8722.452166666666,1668.80508641604,21.54418102585184,-0.002037993655232279,0.002037993655232279,8632.361106449818,8812.543226883514,0.012240208032287647
16,112,1.875,7441.405991589435,False,6000,7431.8465,1301.241915001963,16.798960887298833,0.001286287545017959,0.001286287545017959,7361.598473627493,7502.094526372506,0.010841058263072467
17,14,0.325,175.68236086538283,False,6000,174.21916666666667,53.84331883470853,0.6951142571712077,0.008398583386153456,0.008398583386153456,171.31241517190085,177.12591816143248,0.025508633972015637
17,14,0.525,235.54668499200224,False,6000,236.23483333333334,81.60765071209939,1.0535502404369093,-0.0029129842183777594,0.0029129842183777594,231.8292141065555,240.64045256011119,0.021167544832623397
17,14,0.725,323.82773762444225,False,6000,327.00483333333335,125.03087324010319,1.6141416327356342,-0.00971574541117721,0.00971574541117721,320.25499536739676,333.75467129926994,0.02974320519974516
17,14,0.94,401.17195488618967,False,6000,402.4338333333333,162.98114235732788,2.1040775003193035,-0.003135617193742388,0.003135617193742388,393.6352360436652,411.23243062300145,0.024464208043053715
17,14,1.0,404.4463755454211,False,6000,409.2083333333333,167.35584222511235,2.160554632761254,-0.011637001009051287,0.011637001009051287,400.1735662522214,418.2431004144452,0.03298733405369425
17,14,1.06,397.1125950336224,False,6000,399.9646666666667,165.0571710948781,2.130878916075237,-0.007130808970736401,0.007130808970736401,391.0539941972613,408.87533913607206,0.02876853401651358
17,14,1.275,371.75741411161124,False,6000,375.63916666666665,144.57327855261082,1.8664330004695586,-0.010333726883437555,0.010333726883437555,367.8343247172677,383.4440086160656,0.030477968730386218
17,14,1.675,329.55120208686697,False,6000,330.5421666666667,115.04144895559102,1.4851787197619155,-0.0029979974712244237,0.0029979974712244237,324.33161146782686,336.7527218655065,0.02138518655096633
17,14,1.875,311.0699206407248,False,6000,310.64416666666665,100.90954698186013,1.302736649780264,0.001370551968274929,0.001370551968274929,305.1965274261118,316.0918059072215,0.01924462661533699
17,28,0.325,350.9426398896634,False,6000,353.6338333333333,79.10245648361695,1.021208322017151,-0.007610113032180456,0.007610113032180456,349.36345794415536,357.90420872251127,0.01945092754761457
17,28,0.525,501.0526315789474,False,6000,497.0896666666667,135.47591266977255,1.7489865119409316,0.007972334124052825,0.007972334124052825,489.77594938139833,504.40338395193504,0.023024164848828965
17,28,0.725,831.4347707503206,False,6000,837.224,280.68438879226125,3.6236198777761186,-0.00691479132189171,0.00691479132189171,822.0711493894355,852.3768506105646,0.024569038735910098
17,28,0.94,1581.053570037771,False,6000,1557.4648333333334,619.9806223520116,8.003915417802169,0.015145598282275255,0.015145598282275255,1523.9949499801205,1590.9347166865464,0.037440163471929244
17,28,1.0,1625.1227143758747,False,6000,1640.243,668.7397930207694,8.63339360438545,-0.009218320470884646,0.009218320470884646,1604.140834772409,1676.3451652275908,0.03055602862359308
17,28,1.06,1565.5411713971032,False,6000,1602.6711666666667,646.2845144729836,8.343497204885372,-0.023167569269239914,0.023167569269239914,1567.7812579622025,1637.561075371131,0.04397998038497919
17,28,1.275,1374.062165015948,False,6000,1380.699,485.58485819482127,6.2688735631967765,-0.0048068659309900485,0.0048068659309900485,1354.4845217148395,1406.9134782851606,0.02334991723105384
17,28,1.675,1106.2411223257955,False,6000,1102.2745,331.86823023120104,4.284400429402568,0.0035985794153774488,0.0035985794153774488,1084.3584707661557,1120.1905292338442,0.02018027446604309
17,28,1.875,1006.9078376102387,False,6000,1009.312,282.1343438044938,3.6423387164932075,-0.0023819813791585436,0.0023819813791585436,994.0808730314701,1024.54312696853,0.017212832621767205
17,56,0.325,693.3324183570218,False,6000,706.3558333333333,111.45969268374292,1.43893844512511,-0.01843747069356431,0.01843747069356431,700.3386405724412,712.3730260942253,0.026728423227362685
17,56,0.525,998.4056230412406,False,6000,1000.4645,191.39682563693157,2.4709223940293357,-0.002057921054429687,0.002057921054429687,990.1318715318056,1010.7971284681945,0.012259141896982406
17,56,0.725,1730.9090909090908,False,6000,1734.0515,431.7981667290268,5.574490362214714,-0.001812177487755853,0.001812177487755853,1710.7407161601366,1757.3622838398635,0.015052782897429728
17,56,0.94,5446.754653344657,False,6000,5554.944166666667,2122.954765856372,27.407228176377984,-0.019476255759908266,0.019476255759908266,5440.335667923917,5669.552665409417,0.039297282380685306
17,56,1.0,6515.165281891879,False,6000,6548.471666666666,2730.4080861506227,35.24941682003809,-0.0050861310043265285,0.0050861310043265285,6401.06957560866,6695.873757724673,0.026988035075231176
17,56,1.06,6036.400348766704,False,6000,6130.089833333333,2403.746847995475,31.032238369283487,-0.015283541858910107,0.015283541858910107,6000.322670114831,6259.856996551835,0.035696765582379886
17,56,1.275,4729.597280420021,False,6000,4738.1866666666665,1479.1503438727425,19.095748827853686,-0.0018128003075674908,0.0018128003075674908,4658.334187917457,4818.039145415876,0.018356402330189314
17,56,1.675,3374.8444005632205,False,6000,3381.8815,829.8885366651946,10.713814939042473,-0.002080823777172411,0.002080823777172411,3337.0796602054297,3426.68333979457,0.015128021498028943
17,56,1.875,2971.6430104932624,False,6000,2999.783,677.6944155476548,8.748997284112786,-0.009380675037740227,0.009380675037740227,2963.1974161611793,3036.3685838388205,0.02131677085913164
17,112,0.325,1401.5807631157468,False,6000,1408.2458333333334,156.6356383027289,2.0221573952301255,-0.004732888292529382,0.004732888292529382,1399.7898004285312,1416.7018662381356,0.010673454650371061
17,112,0.525,2004.2105263157896,False,6000,1999.8561666666667,271.47251984957484,3.5046951611012194,0.0021773364113383646,0.0021773364113383646,1985.2006222102964,2014.511711123037,0.009575810068167323
17,112,0.725,3461.8181818181815,False,6000,3468.8215,624.3954982707622,8.060911220831814,-0.0020189329954909715,0.0020189329954909715,3435.1132779363625,3502.5297220636376,0.011623467458106052
17,112,0.94,14772.929348276419,False,6000,14838.144,4985.371779773409,64.36087292571614,-0.004395067989876732,0.004395067989876732,14569.006859377118,15107.281140622883,0.022131830951858444
17,112,1.0,26090.009976344278,False,6000,26131.068833333335,10567.8649727894,136.4305501486068,-0.0015712658847188607,0.0015712658847188607,25560.558731598347,26701.578935068323,0.02290385000120143
17,112,1.06,22379.95356105008,False,6000,22631.661333333333,8135.444599166615,105.02813815521792,-0.011121930846169192,0.011121930846169192,22192.466345709945,23070.856320956722,0.029946992443408038
17,112,1.275,14859.329936903088,False,6000,14849.904666666667,3886.5438687586584,50.175065593356095,0.000634702407051663,0.000634702407051663,14640.088157497386,15059.721175835948,0.014975441202751627
17,112,1.675,9494.943663329961,False,6000,9516.606,1837.9897143697572,23.728345180848656,-0.0022762670504630237,0.0022762670504630237,9417.381445027646,9615.830554972354,0.012571653686210382
17,112,1.875,8149.442169516735,False,6000,8120.574833333333,1397.109631806748,18.03660778937837,0.003554839007813467,0.003554839007813467,8045.151352788368,8195.998313878297,0.012963188901625955
18,14,0.325,185.8364612815073,False,6000,186.671,57.06661772708981,0.7367268669380127,-0.0044706393520830496,0.0044706393520830496,183.59023752158237,189.75176247841762,0.020633806747147543
18,14,0.525,248.25189901371678,False,6000,248.16633333333334,86.27460934669719,1.1138004173343632,0.00034479165338075374,0.00034479165338075374,243.50876661742,252.82390004924667,0.019478281879472537
18,14,0.725,338.75995604265285,False,6000,341.54516666666666,128.09172445927715,1.6536570520592322,-0.008154735876359391,0.008154735876359391,334.6300875148384,348.4602458184949,0.0278375794434087
18,14,0.94,415.2060982706562,False,6000,419.2485,168.92911310751782,2.180865472516685,-0.009642018347933969,0.009642018347933969,410.12879930803206,428.3682006919679,0.03072614260360651
18,14,1.0,418.44633139297235,False,6000,419.1095,169.5377047993792,2.188722357474083,-0.0015823277855254328,0.0015823277855254328,409.9569442603065,428.26205573969355,0.022919901997312087
18,14,1.06,411.3428606518009,False,6000,423.14366666666666,169.26603968877183,2.1852151759769898,-0.027888414608275135,0.027888414608275135,414.00577686851284,432.2815564648205,0.04843763399080758
18,14,1.275,386.7784897923582,False,6000,390.96316666666667,148.9796618107466,1.9233191637221154,-0.010703506701121836,0.010703506701121836,382.92044448626973,399.0058888470636,0.030644658127820468
18,14,1.675,345.6421220999225,False,6000,347.46666666666664,122.26060484938957,1.5783776215964385,-0.0052509916540985895,0.0052509916540985895,340.8663826650822,354.0669506682511,0.023794450604406547
18,14,1.875,327.45950735913163,False,6000,327.8321666666667,107.6330160452454,1.389536262151037,-0.0011367380795002094,0.0011367380795002094,322.0215584603614,333.642774872972,0.018532598274290546
18,28,0.325,371.93820390238943,False,6000,373.681,84.21385417221498,1.087196182429762,-0.004663860612689837,0.004663860612689837,369.1346839148689,378.22731608513106,0.01662786349710943
18,28,0.525,530.5263157894738,False,6000,527.898,144.47047293106235,1.8651057856023796,0.004978832633337749,0.004978832633337749,520.0987080501288,535.6972919498712,0.020049285987343568
18,28,0.725,877.4753582260581,False,6000,887.0506666666666,295.75521346310023,3.818183387655356,-0.010794545114982373,0.010794545114982373,871.0842120085174,903.0171213248159,0.028284915640675146
18,28,0.94,1640.81816415483,False,6000,1623.2863333333332,646.3861881238298,8.344809806073624,0.010800208479237286,0.010800208479237286,1588.3909357391985,1658.181730927468,0.033006501885653794
18,28,1.0,1681.7219952149512,False,6000,1678.183,684.4176123457189,8.835793381553376,0.002108825566074277,0.002108825566074277,1641.2344618937727,1715.1315381062273,0.02466895148817505
18,28,1.06,1624.0465560840676,False,6000,1649.9193333333333,659.5515450159887,8.514773832707652,-0.015681237698448515,0.015681237698448515,1614.3131990748616,1685.525467591805,0.03647462627519682
18,28,1.275,1437.8175971597043,False,6000,1440.8258333333333,506.3217219453041,6.536585323057417,-0.0020878555228771205,0.0020878555228771205,1413.491867783866,1468.1597988828007,0.020666825059632687
18,28,1.675,1172.6744569420184,False,6000,1178.4766666666667,348.14392687679106,4.494518769590215,-0.004923482907014081,0.004923482907014081,1159.6819879257564,1197.271345407577,0.020544121898436685
18,28,1.875,1072.415291857607,False,6000,1076.3223333333333,300.9108760532096,3.884742705489217,-0.003629992015148845,0.003629992015148845,1060.0775483221403,1092.5671183445263,0.018444474621800544
18,56,0.325,734.022461576132,False,6000,748.1571666666666,117.28454605259246,1.514136978763958,-0.018892694904615204,0.018892694904615204,741.8255170408723,754.4888162924609,0.0271261207248904
18,56,0.525,1057.4242148181688,False,6000,1057.9825,204.28571487657618,2.637317238616854,-0.0005276884842908573,0.0005276884842908573,1046.9540600760106,1069.0109399239896,0.01083873389232537
18,56,0.725,1832.7272727272725,False,6000,1843.9316666666666,471.3199876435834,6.084714876260946,-0.006076360714412281,0.006076360714412281,1818.4872826976596,1869.3760506356737,0.01960481835419836
18,56,0.94,5691.985224141356,False,6000,5722.879,2210.3357702836083,28.535312092783194,-0.005398292687761439,0.005398292687761439,5603.553205393435,5842.204794606565,0.0257128217422109
18,56,1.0,6742.761320145926,False,6000,6781.027166666667,2766.655085987911,35.71736357577076,-0.0056430752421761455,0.0056430752421761455,6631.668267907388,6930.386065425945,0.027072769613230352
18,56,1.06,6279.092994632556,False,6000,6398.678833333333,2409.81644672434,31.110596551933675,-0.018689145340098325,0.018689145340098325,6268.584000581088,6528.773666085579,0.0382431194927183
18,56,1.275,4994.876002214669,False,6000,4998.2565,1565.4114081780203,20.209374379455245,-0.0006763353952186125,0.0006763353952186125,4913.747185768952,5082.765814231049,0.017291729587521232
18,56,1.675,3619.971632204629,False,6000,3643.9628333333335,909.4952028676744,11.74153258054013,-0.0065838215772246545,0.0065838215772246545,3594.863398201304,3693.062268465363,0.01979133600991434
18,56,1.875,3200.7636621318466,False,6000,3245.7361666666666,744.4575887240815,9.610906143620326,-0.013855871896392077,0.013855871896392077,3205.5463482147893,3285.925985118544,0.025917298007436695
18,112,0.325,1482.8824602017933,False,6000,1489.9355,164.08666026959577,2.118349675196462,-0.004733788676225771,0.004733788676225771,1481.0772209166846,1498.7937790833155,0.010616082815111394
18,112,0.525,2121.1089206839147,False,6000,2123.3098333333332,290.3115337605643,3.7479057848886597,-0.001036548041584402,0.001036548041584402,2107.6372577386373,2138.982408928029,0.008356070704233609
18,112,0.725,3665.454545454545,False,6000,3682.043833333333,679.6199799384168,8.773856213504358,-0.004505456379580886,0.004505456379580886,3645.3542971882234,3718.733369478443,0.014327142801144221
18,112,0.94,15562.105274477937,False,6000,15929.071166666667,5476.083738337723,70.69593707006419,-0.02303749467556187,0.02303749467556187,15633.44275934763,16224.699573985703,0.04083861747247097
18,112,1.0,27002.791959155948,False,6000,27200.46416666667,10789.032119088677,139.28580572975787,-0.007267236555211514,0.007267236555211514,26618.0142746845,27782.914058648836,0.02807920356540261
18,112,1.06,23397.80757272497,False,6000,23658.088833333335,8548.411943010227,110.35952363933066,-0.011001787272082524,0.011001787272082524,23196.59965081286,24119.57801585381,0.029924671263088398
18,112,1.275,15874.664964470658,False,6000,15918.285333333333,4150.2069070284615,53.57894078078742,-0.0027402680596089915,0.0027402680596089915,15694.234877461064,16142.335789205603,0.016581914056944425
18,112,1.675,10294.325281986195,False,6000,10348.3035,2041.981857748083,26.361872427720026,-0.005216141758289609,0.005216141758289609,10238.066353669641,10458.540646330359,0.015701556258882254
18,112,1.875,8868.929167116097,False,6000,8884.765333333333,1590.6696064543714,20.535456317053622,-0.0017823955527359178,0.0017823955527359178,8798.892445920248,8970.638220746418,0.011337995260481848
19,14,0.325,195.9614526255519,False,6000,194.54583333333332,59.533172257759524,0.7685699490040001,0.007276533596034836,0.007276533596034836,191.33191299570282,197.75975367096382,0.024196379774622745
19,14,0.525,260.8691906003058,False,6000,262.43083333333334,91.34314868181087,1.1792349787826717,-0.005950683131215733,0.005950683131215733,257.49963964554166,267.362027021125,0.024284811471399492
19,14,0.725,353.51053994498847,False,6000,354.7588333333333,131.8471436304916,1.7021393050863707,-0.0035187098136946035,0.0035187098136946035,347.6410164876621,361.8766501790045,0.023118679334181103
19,14,0.94,429.11159254415503,False,6000,433.32166666666666,175.21124020356447,2.2619673845891755,-0.009715817247029638,0.009715817247029638,423.8628230183962,442.7805103149371,0.030870640085444934
19,14,1.0,432.3319770225369,False,6000,433.97816666666665,173.30890538598,2.2374083476977917,-0.0037932545242401446,0.0037932545242401446,424.6220212675798,443.3343120657535,0.02481724230175264
19,14,1.06,425.4387792358702,False,6000,429.1105,169.30186593789117,2.1856776908643107,-0.008556585690934657,0.008556585690934657,419.97067610852815,438.25032389147185,0.029233394608452867
19,14,1.275,401.5913296701456,False,6000,404.15416666666664,151.564111888801,1.956684270760146,-0.006341236112096698,0.006341236112096698,395.971921992298,412.3364113410353,0.026059017286258035
19,14,1.675,361.4433145091301,False,6000,361.9531666666667,123.8388858621589,1.598753141856742,-0.0014086136121751202,0.0014086136121751202,355.2676785804843,368.63865475284905,0.019518680829993196
19,14,1.875,343.55352044739396,False,6000,344.4071666666667,112.55293158794397,1.4530520986897657,-0.0024785959814213657,0.0024785959814213657,338.33095499892244,350.48337833441093,0.01977228683411314
19,28,0.325,392.95521734321756,False,6000,392.7795,88.53397798186232,1.1429687409908231,0.00044736892637617414,0.00044736892637617414,387.99996043212235,397.5590395678776,0.012771282001102335
19,28,0.525,560.0,False,6000,558.5711666666666,151.6516193041752,1.9578139866348592,0.0025580148396489974,0.0025580148396489974,550.3841978720924,566.7581354612408,0.017471072325630832
19,28,0.725,923.2854231977882,False,6000,936.0346666666667,311.25675884475714,4.018307478000809,-0.013620482149747825,0.013620482149747825,919.231355343949,952.8379779893844,0.03101529900598221
19,28,0.94,1699.8785348557944,False,6000,1673.4996666666666,658.7989470812281,8.505057835148593,0.015762697008282152,0.015762697008282152,1637.9341616862403,1709.065171647093,0.03781859773031604
19,28,1.0,1737.8640351820802,False,6000,1739.6258333333333,686.2735208283967,8.859753057038365,-0.0010127454522086755,0.0010127454522086755,1702.5771033207948,1776.6745633458718,0.02184447786020116
19,28,1.06,1681.9242647272577,False,6000,1722.7868333333333,673.3570412573164,8.693002022803624,-0.02371887677305541,0.02371887677305541,1686.4354042508437,1759.138262415823,0.043893080685157404
19,28,1.275,1500.5073704471424,False,6000,1512.198,533.2113985358791,6.883729555124752,-0.007730885474559331,0.007730885474559331,1483.4123853078904,1540.9836146921098,0.026266498786266856
19,28,1.675,1238.152527468465,False,6000,1249.716,373.70231590686234,4.824476153154737,-0.009252880279627451,0.009252880279627451,1229.541542168112,1269.8904578318877,0.024992652057256648
19,28,1.875,1137.2343785131768,False,6000,1139.2698333333333,324.4034765934389,4.1880308743272545,-0.0017866310162896505,0.0017866310162896505,1121.7567915873376,1156.782875079329,0.01689901967541796
19,56,0.325,774.7262981964401,False,6000,789.4625,125.09480156523868,1.614966943864303,-0.018666120054543288,0.018666120054543288,782.709210839771,796.215789160229,0.02698953130087245
19,56,0.525,1116.4837365213853,False,6000,1118.3451666666667,212.66458504162694,2.74548798731444,-0.0016644504762600642,0.0016644504762600642,1106.8643903357877,1129.8259429975458,0.011809081353506778
19,56,0.725,1934.5454545454543,False,6000,1933.849,489.2115331698185,6.315693735797681,0.0003601390519396003,0.0003601390519396003,1907.4387343240776,1960.2592656759223,0.014211056813304257
19,56,0.94,5934.283507875239,False,6000,6039.455333333333,2291.039138919477,29.57718810181505,-0.01741412423031326,0.01741412423031326,5915.7727375025515,6163.137929164115,0.037132776179798266
19,56,1.0,6968.528394912186,False,6000,6995.761,2815.066665865638,36.342354384537515,-0.003892729481155029,0.003892729481155029,6843.7885841838415,7147.733415816159,0.02507158710024593
19,56,1.06,6518.61757596511,False,6000,6581.2035,2481.3746498893047,32.03440898240846,-0.009509799238830711,0.009509799238830711,6447.2455711661205,6715.161428833879,0.029268671341963537
19,56,1.275,5256.018554884525,False,6000,5282.890166666667,1664.4103150123246,21.487444770995246,-0.005086536144872647,0.005086536144872647,5193.03635981056,5372.7439735227745,0.02172547569984351
19,56,1.675,3864.5518178703537,False,6000,3916.338166666667,987.5958434847308,12.749807515333432,-0.013223155558190819,0.013223155558190819,3863.022439545789,3969.653893787545,0.026476382760137973
19,56,1.875,3430.6674950588836,False,6000,3466.348,796.5711178672645,10.283688911899137,-0.010293399549357537,0.010293399549357537,3423.344813390051,3509.351186609949,0.022421150625017372
19,112,0.325,1564.1242912924,False,6000,1576.1348333333333,178.38876294513736,2.302989026790199,-0.00762025036622822,0.00762025036622822,1566.5044499438543,1585.7652167228123,0.013646992128592772
19,112,0.525,2237.745813304124,False,6000,2238.346,306.1375736271702,3.9522190810212567,-0.00026813848076923363,0.00026813848076923363,2221.81904978587,2254.87295021413,0.007595610612287196
19,112,0.725,3869.0909090909086,False,6000,3877.6343333333334,699.0164175085923,9.02426314578783,-0.002203256807632161,0.002203256807632161,3839.897673327354,3915.370993339313,0.011820101933414318
19,112,0.94,16346.443357309961,False,6000,16437.83916666667,5525.986315861916,71.3401765756776,-0.005560086604451229,0.005560086604451229,16139.516750230987,16736.16158310235,0.02328599803827569
19,112,1.0,27908.258088016475,False,6000,28087.193166666668,11148.472777024812,143.92616467021284,-0.006370699898292058,0.006370699898292058,27485.33873773642,28689.047595596916,0.027215595253858305
19,112,1.06,24399.890762297848,False,6000,24730.425,8973.846561818451,115.85186095114516,-0.013365489582251481,0.013365489582251481,24245.96857212932,25214.881427870678,0.0323218123354726
19,112,1.275,16883.02759588163,False,6000,16879.91083333333,4501.503719518488,58.11416312861949,0.0001846433064175121,0.0001846433064175121,16636.895489023434,17122.92617764323,0.01479435313040156
19,112,1.675,11101.676567098357,False,6000,11142.158333333333,2212.8304931457783,28.56751882644515,-0.0036332068728433995,0.0036332068728433995,11022.697860189754,11261.618806476912,0.014202419929767784
19,112,1.875,9598.754284233408,False,6000,9589.110666666667,1728.426694104315,22.31389267135451,0.0010056842497671071,0.0010056842497671071,9495.800911892744,9682.42042144059,0.010841989348336467
20,14,0.325,206.05822531094742,False,6000,203.4445,63.46756343480811,0.8193627206912487,0.012847362848085919,0.012847362848085919,200.01818009855384,206.87081990144617,0.03019748109605591
20,14,0.525,273.40331355395523,False,6000,274.28883333333334,92.45586923823886,1.193600139396099,-0.003228420816905711,0.003228420816905711,269.29756901448377,279.2800976521829,0.02104261688402398
20,14,0.725,368.09249830979184,False,6000,374.7848333333333,135.689828253831,1.751748150256107,-0.0178564723764831,0.0178564723764831,367.4595677360891,382.1100989305775,0.0366847164207833
20,14,0.94,442.8930719902625,False,6000,445.4393333333333,179.0986712454782,2.312153903538714,-0.005716292102038878,0.005716292102038878,435.7706252815225,455.10804138514413,0.02683971339575708
20,14,1.0,446.1054438938943,False,6000,447.79133333333334,174.851318617159,2.2573208168888788,-0.0037648996618344223,0.0037648996618344223,438.35192018511236,457.2307464815543,0.02433192140570284
20,14,1.06,439.40532873290346,False,6000,444.8895,173.2052885116716,2.2360706596025164,-0.012327041359925425,0.012327041359925425,435.53894839622143,454.24005160377857,0.0326583330080612
20,14,1.275,416.21262491034673,False,6000,421.0826666666667,156.9204612898441,2.025834444182506,-0.011565524163869523,0.011565524163869523,412.6112574874917,429.5540758458417,0.03105883912106777
20,14,1.675,376.98171889357593,False,6000,378.1256666666667,128.66748007154027,1.661090025051834,-0.003025311090821019,0.003025311090821019,371.1795051350226,385.07182819831075,0.021009351275026122
20,14,1.875,359.37709754344985,False,6000,360.15933333333334,121.3540168781307,1.56667362121458,-0.0021719159202227716,0.0021719159202227716,353.60799181890656,366.7106748477601,0.01999826513737235
20,28,0.325,413.99232654161995,False,6000,417.0315,94.00115891517632,1.213549743342249,-0.007287635246690114,0.007287635246690114,411.95681264602746,422.10618735397253,0.019222321433417955
20,28,0.525,589.4736842105264,False,6000,589.0885,158.96253913807766,2.052197555842065,0.0006538647597541016,0.0006538647597541016,580.5068484924127,597.6701515075872,0.015446563191116036
20,28,0.725,968.875965437567,False,6000,985.196,327.2188196655624,4.224376797101238,-0.016565266771721647,0.016565266771721647,967.5309709162941,1002.861029083706,0.03388810878132387
20,28,0.94,1758.2804580448967,False,6000,1747.6381666666666,682.3323668270292,8.808872977664581,0.006089527901835945,0.006089527901835945,1710.8022013115176,1784.4741320218156,0.02775204327945202
20,28,1.0,1793.557360116381,False,6000,1796.855,700.4689725024036,9.043015550122767,-0.0018352287099510048,0.0018352287099510048,1759.0399232750874,1834.6700767249126,0.022408779175121407
20,28,1.06,1739.207974191673,False,6000,1774.4968333333334,683.652810899617,8.825919837340349,-0.019886684765377374,0.019886684765377374,1737.5895833162278,1811.404083350439,0.03985643502869296
20,28,1.275,1562.2287473424326,False,6000,1569.7301666666667,559.2492604487951,7.219876906989993,-0.004778795415624482,0.004778795415624482,1539.5388883625455,1599.921444970788,0.023559092695981443
20,28,1.675,1302.7241503750306,False,6000,1299.3358333333333,394.8734774918543,5.0977946739498705,0.002607730006956599,0.002607730006956599,1278.0184425078085,1320.6532241588582,0.01933126083747516
20,28,1.875,1201.3682711198353,False,6000,1210.8648333333333,341.24317045210194,4.405430387226699,-0.0078427929790936,0.0078427929790936,1192.4426944819877,1229.286972184679,0.02271129662687854
20,56,0.325,815.4442706521666,False,6000,829.0461666666666,129.98505191338623,1.6780998043881714,-0.01640668102861994,0.01640668102861994,822.0288755315056,836.0634578018277,0.02466222743889912
20,56,0.525,1175.5830791706144,False,6000,1176.7498333333333,222.48630656606065,2.872285866965169,-0.0009915056961715455,0.0009915056961715455,1164.7388277309271,1188.7608389357395,0.011085290946261872
20,56,0.725,2036.3636363636363,False,6000,2041.9855,511.9479476209102,6.609219584202841,-0.002753135924013046,0.002753135924013046,2014.3478005751624,2069.623199424838,0.016070347042130506
20,56,0.94,6173.856393131153,False,6000,6219.701166666667,2307.7267036245307,29.79262363578649,-0.007370896495994128,0.007370896495994128,6095.117686479196,6344.2846468541375,0.026863273514610153
20,56,1.0,7192.500609547133,False,6000,7194.9825,2772.3918573971905,35.79142497620122,-0.000344947392556889,0.000344947392556889,7045.313899513006,7344.651100486994,0.02089143395644877
20,56,1.06,6755.206812175311,False,6000,6841.083833333333,2561.340721546813,33.066766528378984,-0.01255313094389876,0.01255313094389876,6702.808906525489,6979.358760141177,0.032116410069932044
20,56,1.275,5513.3173092629595,False,6000,5488.1106666666665,1712.3702053117959,22.106604292381203,0.004592954502428587,0.004592954502428587,5395.667727382732,5580.553605950601,0.021804452724759615
20,56,1.675,4108.389536764715,False,6000,4163.53,1057.6379311618125,13.65404697902322,-0.013243681019539934,0.013243681019539934,4106.433024853218,4220.626975146782,0.026592598455864147
20,56,1.875,3661.0869091139434,False,6000,3711.351,855.5496258698582,11.045098176159824,-0.013543340655749534,0.013543340655749534,3665.163836807518,3757.5381631924824,0.025668735722591318
20,112,0.325,1645.3105966620942,False,6000,1657.996,183.59320628743086,2.3701781014268084,-0.007651045803431299,0.007651045803431299,1648.084652810517,1667.9073471894833,0.013547965098580472
20,112,0.525,2354.341503876981,False,6000,2351.9268333333334,320.0139387070507,4.131362183888829,0.0010266775774759671,0.0010266775774759671,2334.6507624147075,2369.2029042519594,0.008434127184790308
20,112,0.725,4072.7272727272725,False,6000,4071.8703333333333,722.4059582958319,9.326220818935889,0.00021045350755010826,0.00021045350755010826,4032.870980311459,4110.869686355208,0.009882858293853936
20,112,0.94,17126.201787596256,False,6000,17351.0915,5911.827159194337,76.32136044405456,-0.01296112768489193,0.01296112768489193,17031.93932283688,17670.24367716312,0.030788590101333946
20,112,1.0,28806.54477635174,False,6000,28685.999833333335,11168.998627490744,144.19115226028384,0.004202222119458122,0.004202222119458122,28083.037308769042,29288.962357897628,0.025763148751605236
20,112,1.06,25387.519812906725,False,6000,25773.7515,9035.389488687422,116.64637672061312,-0.014985466399537285,0.014985466399537285,25285.97265444519,26261.530345554806,0.03328102060876359
20,112,1.275,17884.252789052225,False,6000,17830.3765,4732.853767641542,61.10087940703573,0.003021601313479087,0.003021601313479087,17574.87163771926,18085.881362280736,0.017603608021180106
20,112,1.675,11915.97712392528,False,6000,12011.322333333334,2396.256793390725,30.93554218012888,-0.007937944446254256,0.007937944446254256,11881.959523484747,12140.68514318192,0.018508676949161584
20,112,1.875,10337.923447584144,False,6000,10336.0115,1878.5870775494382,24.25245488583145,0.00018497924311940736,0.00018497924311940736,10234.595281351261,10437.42771864874,0.010095969932603088
21,14,0.325,216.12757814037124,False,6000,215.23366666666666,66.04664583807391,0.8526585313457322,0.004153213981570001,0.004153213981570001,211.66811404715884,218.7992192861745,0.02106819023397577
21,14,0.525,285.858382117744,False,6000,287.4078333333333,97.32306065365351,1.256435310378448,-0.005391123817395359,0.005391123817395359,282.15381188456945,292.6618547820972,0.023246871955413417
21,14,0.725,382.51676005918637,False,6000,384.4513333333333,143.43409469674845,1.851726200129481,-0.005032036844230675,0.005032036844230675,376.70799064600635,392.19467602066027,0.024676306317233387
21,14,0.94,456.55432239644654,False,6000,457.44866666666667,177.44555179603006,2.290812223215367,-0.0019550702305835355,0.0019550702305835355,447.8692028801557,467.02813045317765,0.022426503616747695
21,14,1.0,459.7685512778411,False,6000,462.71133333333336,182.8134708723921,2.360111760503831,-0.006359865954206741,0.006359865954206741,452.84208044881194,472.5805862178548,0.027110794039490016
21,14,1.06,453.2466545511136,False,6000,456.59816666666666,176.68836830199402,2.2810370263406177,-0.007340178652096525,0.007340178652096525,447.0595797113157,466.13675362201764,0.02765304166801752
21,14,1.275,430.65581259028073,False,6000,436.528,160.1666406427874,2.067742439425012,-0.013452029216268573,0.013452029216268573,427.8813446270417,445.17465537295834,0.03261381259567442
21,14,1.675,392.2795665644453,False,6000,394.38466666666665,133.9108050737809,1.728781059759937,-0.005337682420601231,0.005337682420601231,387.155442294216,401.6138910391173,0.02324203590299323
21,14,1.875,374.95156869776673,False,6000,376.5203333333333,125.82011247546811,1.6243306674514402,-0.00416648052358375,0.00416648052358375,369.7278879951772,383.31277867148947,0.0218130217382827
21,28,0.325,435.048353940127,False,6000,435.8275,98.84538167594432,1.2760883902681606,-0.001787739552627981,0.001787739552627981,430.49129548743497,441.163704512565,0.013861862410450843
21,28,0.525,618.9473684210527,False,6000,614.2511666666667,165.25267064760232,2.13340280444821,0.0076454095803687875,0.0076454095803687875,605.3299400815529,623.1723932517805,0.022495877764885153
21,28,0.725,1014.2565436938706,False,6000,1030.4071666666666,341.78284963022327,4.412397615457229,-0.01567402042150262,0.01567402042150262,1011.9558930351543,1048.858440298179,0.0329900540195599
21,28,0.94,1816.0613292457967,False,6000,1790.8213333333333,678.9389916901924,8.765064693023238,0.014094089367074453,0.014094089367074453,1754.1685605908385,1827.474106075828,0.03528325045006597
21,28,1.0,1848.8092471010398,False,6000,1859.7876666666666,725.8914209258281,9.3712179480019,-0.005903049989197783,0.005903049989197783,1820.600149654738,1898.9751836785952,0.026417373438433533
21,28,1.06,1795.9252861565278,False,6000,1821.9473333333333,694.0723571542931,8.960435601071678,-0.014282546317734105,0.014282546317734105,1784.4775802553831,1859.4170864112834,0.03414607767066191
21,28,1.275,1623.0610708463112,False,6000,1627.838,569.5949319359164,7.353438951573171,-0.0029345236772263567,0.0029345236772263567,1597.0882067917016,1658.5877932082983,0.021419862432042747
21,28,1.675,1366.4349146455481,False,6000,1369.3646666666666,406.7871978347843,5.251600142215005,-0.002139497310274649,0.002139497310274649,1347.4041092391471,1391.325224094186,0.0178896414853994
21,28,1.875,1264.8251880560076,False,6000,1267.8003333333334,363.22262628576686,4.689183941901652,-0.0023466986078978292,0.0023466986078978292,1248.1916254241855,1287.4090412424812,0.017542096150480524
21,56,0.325,856.1766932277998,False,6000,871.0835,138.42322068841736,1.7870360948487813,-0.01711294815273184,0.01711294815273184,863.6106712005429,878.556328799457,0.025473193736181843
21,56,0.525,1234.7212716829195,False,6000,1241.9376666666667,238.78697476574217,3.0827265885299004,-0.005810593540588792,0.005810593540588792,1229.0466634586048,1254.8286698747286,0.016024018795981476
21,56,0.725,2138.181818181818,False,6000,2129.6048333333333,545.3390322725783,7.040296633428549,0.004027500649056894,0.004027500649056894,2100.1645038454967,2159.04516282117,0.018102064989056643
21,56,0.94,6410.877328294705,False,6000,6481.764166666667,2352.8442542796556,30.37508871014972,-0.010936349510601889,0.010936349510601889,6354.744998809022,6608.783334524312,0.029945906260195443
21,56,1.0,7414.707072383509,False,6000,7452.228666666667,2882.576912299267,37.21390791832353,-0.005034949403926628,0.005034949403926628,7296.611685211168,7607.845648122166,0.02538676317471411
21,56,1.06,6989.049914290722,False,6000,7087.844666666667,2690.039037301985,34.72825464039473,-0.013938617029880106,0.013938617029880106,6942.6219136513855,7233.067419681948,0.0337363792195865
21,56,1.275,5767.024661805409,False,6000,5802.310666666666,1826.5059784100763,23.580090787101696,-0.006081371179238954,0.006081371179238954,5703.70606543024,5900.915267903092,0.022689803194761327
21,56,1.675,4351.3241052781195,False,6000,4375.083333333333,1122.9869674267777,14.49769940950627,-0.005430577258767681,0.005430577258767681,4314.4584662780335,4435.708200388633,0.0190238156565663
21,56,1.875,3891.785960647031,False,6000,3931.508,930.0723337606621,12.007182198077702,-0.010103512278995426,0.010103512278995426,3881.2977008410926,3981.718299158907,0.02258631368544406
21,112,0.325,1726.4452887577545,False,6000,1743.3421666666666,196.82024571545685,2.5409384461747204,-0.009692232673531621,0.009692232673531621,1732.7167528583188,1753.9675804750143,0.015691448361779936
21,112,0.525,2470.900472245824,False,6000,2478.9481666666666,338.2694939271436,4.367040388366127,-0.0032464149630300667,0.0032464149630300667,2460.686562843082,2497.2097704902512,0.010535477858258702
21,112,0.725,4276.363636363636,False,6000,4271.098,763.1332863911343,9.85200836376466,0.0012328530892140796,0.0012328530892140796,4229.89996709767,4312.29603290233,0.010984578743559847
21,112,0.94,17901.602661906843,False,6000,18293.665333333334,6358.920948919242,82.09331645004562,-0.02143160838916758,0.02143160838916758,17950.37663246199,18636.95403420468,0.039456628532121396
21,112,1.0,29697.768457492733,False,6000,29567.110166666665,11301.476759750847,145.90143759355064,0.004419041634084665,0.004419041634084665,28956.995761102,30177.22457223133,0.025581821488050105
21,112,1.06,26361.773953046984,False,6000,26656.939333333332,9407.396758665423,121.44896992492274,-0.011072740819770563,0.011072740819770563,26149.077537628447,27164.801129038216,0.029561312530016037
21,112,1.275,18878.233291947858,False,6000,18860.168,5027.3965789299245,64.90341074991913,0.000957854243284374,0.000957854243284374,18588.762135041226,19131.573864958777,0.015572374039955816
21,112,1.675,12736.307940391906,False,6000,12822.125,2570.8410352087217,33.18941505036671,-0.006692889018637277,0.006692889018637277,12683.33719524304,12960.91280475696,0.017329401697897318
21,112,1.875,11085.538554625531,False,6000,11054.068666666666,2011.2469160476314,25.96508603654501,0.0028469054162619644,0.0028469054162619644,10945.490757539044,11162.646575794288,0.012795022186650185
22,14,0.325,226.17021770814347,False,6000,223.26633333333334,67.9576272864689,0.8773291957608826,0.01300636926067432,0.01300636926067432,219.59761567307748,226.9350509935892,0.02993020673253044
22,14,0.525,298.23795763229697,False,6000,298.56016666666665,102.13876721369581,1.318605814736,-0.0010792097216686454,0.0010792097216686454,293.04616751696034,304.07416581637295,0.01919337069759619
22,14,0.725,396.79255708163754,False,6000,399.6345,144.0270467937117,1.859381178784939,-0.0071113552968086165,0.0071113552968086165,391.8591465742662,407.4098534257338,0.02606048001740746
22,14,0.94,470.098472991015,False,6000,472.0085,182.7944120059293,2.359865711595804,-0.004046594518922912,0.004046594518922912,462.14027601543836,481.8767239845617,0.02444245676810075
22,14,1.0,473.3228643959201,False,6000,480.38916666666665,182.7845664954522,2.3597386066020953,-0.014709537102550347,0.014709537102550347,470.5214741956319,490.2568591377014,0.03454106643518673
22,14,1.06,466.96624192042395,False,6000,469.59183333333334,180.210458080284,2.3265070098578327,-0.005591220346129074,0.005591220346129074,459.8631050577719,479.32056160889476,0.02577464994825618
22,14,1.275,444.93184921843454,False,6000,451.8995,167.17339967035093,2.158199309507152,-0.015418584843677528,0.015418584843677528,442.8745821477291,460.9244178522709,0.0346967268697882
22,14,1.675,407.3553289398247,False,6000,405.22833333333335,139.09355137182945,1.7956900267598042,0.005248881757588523,0.005248881757588523,397.7193164838422,412.7373501828245,0.024228173127653463
22,14,1.875,390.29506877010414,False,6000,388.174,126.60749306505006,1.6344957071533663,0.005464221637987499,0.005464221637987499,381.3390476293048,395.00895237069517,0.02348571749071282
22,28,0.325,456.1222663953521,False,6000,456.80733333333336,104.3261594111394,1.346844926577077,-0.0014996846328677058,0.0014996846328677058,451.1752470062917,462.439419660375,0.01366049907610034
22,28,0.525,648.421052631579,False,6000,652.5321666666666,179.23166562756936,2.3138708536286416,-0.00630024732127535,0.00630024732127535,642.8562788639172,662.2080544694161,0.020819743500226306
22,28,0.725,1059.4354514346671,False,6000,1071.8221666666666,357.8210602994713,4.619450024873774,-0.011556688802697333,0.011556688802697333,1052.5050642964147,1091.1392690369184,0.02905570214720099
22,28,0.94,1873.251992655522,False,6000,1841.4685,687.3349626634503,8.873456212205465,0.01725986225424001,0.01725986225424001,1804.3624676571553,1878.5745323428446,0.03817942693510745
22,28,1.0,1903.6259570222267,False,6000,1906.6408333333334,731.321834605167,9.441324287145557,-0.0015812502587788828,0.0015812502587788828,1867.1601534291235,1946.1215132375432,0.021836024074684546
22,28,1.06,1852.099080629029,False,6000,1885.1108333333334,712.6424859409522,9.200174932830537,-0.017511836503497042,0.017511836503497042,1846.6385649800095,1923.5831016866573,0.037161909456861486
22,28,1.275,1683.0696948570971,False,6000,1692.3793333333333,583.6472962905766,7.534854195307964,-0.005500917136526224,0.005500917136526224,1660.8709180345525,1723.8877486321142,0.02367790699098926
22,28,1.675,1429.326701326087,False,6000,1438.6763333333333,435.159400132652,5.61788369886457,-0.006498773762117674,0.006498773762117674,1415.184092064179,1462.1685746024878,0.02246107175797385
22,28,1.875,1327.6164218293193,False,6000,1327.513,381.273492491955,4.922219622572268,7.790645313406268e-05,7.790645313406268e-05,1306.9298093980647,1348.0961906019352,0.015828403547381242
22,56,0.325,896.9238625534558,False,6000,914.8426666666667,144.86695500353954,1.8702243471482929,-0.01958676039728236,0.01958676039728236,907.0219704853744,922.663362847959,0.027896957147029
22,56,0.525,1293.8974644050938,False,6000,1291.1718333333333,248.60619155547764,3.2094921321947196,0.002110974698637853,0.002110974698637853,1277.750736072774,1304.5929305938926,0.01263683743352595
22,56,0.725,2240.0,False,6000,2240.992,568.8274554276907,7.3435308724566255,-0.00044266110722402806,0.00044266110722402806,2210.2836392950426,2271.700360704958,0.013954463913154691
22,56,0.94,6645.4926183701355,False,6000,6726.4215,2457.9916435966747,31.73253566922306,-0.012031491281042217,0.012031491281042217,6593.7259114149065,6859.117088585094,0.031144601769588
22,56,1.0,7635.172826966,False,6000,7635.2995,2933.4747270876837,37.87099588176982,-1.659044730338411e-05,1.659044730338411e-05,7476.93478117581,7793.66421882419,0.02116349151373842
22,56,1.06,7220.302561546635,False,6000,7295.274833333333,2649.4770275257224,34.20460134588751,-0.010276826233349995,0.010276826233349995,7152.241835427869,7438.307831238797,0.02930844953426115
22,56,1.275,6017.358668596948,False,6000,6012.137166666666,1885.7428822761021,24.34483592761506,0.0008684934800275309,0.0008684934800275309,5910.334639251387,6113.939694081946,0.01810794749840361
22,56,1.675,4593.223289659977,False,6000,4624.568333333334,1189.8210902071253,15.36052422446183,-0.006777939347857653,0.006777939347857653,4560.335401424351,4688.801265242316,0.020384309373666643
22,56,1.875,4122.556731190837,False,6000,4162.416833333334,997.6144179179543,12.87914675510881,-0.009576191846835268,0.009576191846835268,4108.560249763792,4216.273416902875,0.022227373902349856
22,112,0.325,1807.5319171510607,False,6000,1826.286,202.98838862929998,2.620568828782526,-0.01026897367057478,0.01026897367057478,1815.3275967136117,1837.2444032863884,0.01617231005421993
22,112,0.525,2587.4267810736983,False,6000,2594.0071666666668,354.2719674013925,4.5736314325791,-0.0025367646155829053,0.0025367646155829053,2574.881663390041,2613.1326699432925,0.009837192410958595
22,112,0.725,4480.0,False,6000,4478.838,797.9061507848172,10.300924112753536,0.00025944229284476507,0.00025944229284476507,4435.7627411439,4521.9132588561,0.009972864068174214
22,112,0.94,18672.837332303723,False,6000,19050.419666666665,6406.3183001554835,82.70521362335332,-0.019820158346622346,0.019820158346622346,18704.572202247018,19396.26713108631,0.03729737242188991
22,112,1.0,30582.02930561819,False,6000,30660.353,11664.038844389119,150.58209397945154,-0.002554559446259745,0.002554559446259745,30030.665546111493,31290.040453888505,0.022627364426508034
22,112,1.06,27323.547277549147,False,6000,27593.303,9649.515231617866,124.57470597010267,-0.00977613018821461,0.00977613018821461,27072.37034892445,28114.23565107555,0.02812412840738754
22,112,1.275,19864.902433504198,False,6000,19830.053666666667,5361.680715609231,69.21900039745339,0.0017573712821619865,0.0017573712821619865,19540.601348870317,20119.505984463016,0.016596269420983134
22,112,1.675,13561.834733718057,False,6000,13557.299166666666,2761.814013368758,35.65486559699823,0.0003345479800683678,0.0003345479800683678,13408.201615004418,13706.396718328913,0.011458145031300493
22,112,1.875,11840.780305666192,False,6000,11821.6055,2198.07420831068,28.37701600838439,0.0016220136652498425,0.0016220136652498425,11702.941650354562,11940.269349645438,0.011778120358948874
23,14,0.325,236.18676112346665,False,6000,234.9025,71.55428938788343,0.9237619038299287,0.0054672092611472815,0.0054672092611472815,231.03961520507053,238.76538479492947,0.022278196376961157
23,14,0.525,310.5451233277966,False,6000,311.9205,105.82659428404388,1.36621545749317,-0.004409382109234249,0.004409382109234249,306.20741214103197,317.63358785896804,0.02231648289764232
23,14,0.725,410.92772714095025,False,6000,415.5991666666667,149.60041515096512,1.9313330548846788,-0.011240252388338371,0.011240252388338371,407.52293288745653,423.67540044587685,0.030088301778934845
23,14,0.94,483.5281378427439,False,6000,484.578,182.8448211483446,2.360516490826041,-0.002166549363066599,0.002166549363066599,474.7070546592285,494.44894534077144,0.022086825345538963
23,14,1.0,486.76973962574345,False,6000,489.23266666666666,187.74766327103208,2.423811910460217,-0.005034265307147393,0.005034265307147393,479.09703957935443,499.3682937539789,0.025228982868588545
23,14,1.06,480.567046275777,False,6000,481.907,182.63152720743943,2.3577628778894657,-0.0027805234707588685,0.0027805234707588685,472.0475694115686,491.7664305884314,0.02277378774971195
23,14,1.275,459.04977120542526,False,6000,465.65366666666665,169.42938383263555,2.1873239398066056,-0.01418198960724328,0.01418198960724328,456.5069586744525,474.8003746588808,0.03317310662353945
23,14,1.675,422.22445878796896,False,6000,421.2296666666667,143.45828766557503,1.8520385300140165,0.002361638317581974,0.002361638317581974,413.48501791296377,428.9743154203696,0.021136052085071633
23,14,1.875,405.42306249408676,False,6000,403.2795,130.99365736348298,1.6911208447585673,0.005315327196365746,0.005315327196365746,396.20775892632946,410.3512410736705,0.02325876603913457
23,28,0.325,477.037037037037,False,6000,478.7155,107.8941414104976,1.392907376120684,-0.0035061805246811733,0.0035061805246811733,472.8907948442088,484.5402051557912,0.015485130106678735
23,28,0.525,677.8947368421053,False,6000,677.3233333333334,181.1428973134104,2.338544748595329,0.000843619997497901,0.000843619997497901,667.5442669806748,687.1023996859919,0.015505293616326021
23,28,0.725,1104.4198728393171,False,6000,1119.041,361.1612606971731,4.662571826584755,-0.01306576538364798,0.01306576538364798,1099.5435756750662,1138.5384243249337,0.029966974110554268
23,28,0.94,1929.8781123187766,False,6000,1906.3958333333333,719.084156516698,9.283336542369264,0.012317630250158806,0.012317630250158806,1867.575809009908,1945.2158576567585,0.03335998624971381
23,28,1.0,1958.012915390392,False,6000,1950.7373333333333,721.2026762449832,9.310686514456798,0.0037296574647630986,0.0037296574647630986,1911.80293993831,1989.6717267283566,0.02417088837282222
23,28,1.06,1907.7485148183412,False,6000,1931.4776666666667,714.8222834971311,9.228315998274486,-0.012285491185242197,0.012285491185242197,1892.8877211355268,1970.0676121978065,0.03163297391095232
23,28,1.275,1742.308939882747,False,6000,1742.7105,580.8492727630478,7.498731866893245,-0.00023042273358253373,0.00023042273358253373,1711.3531370369046,1774.0678629630952,0.01808849510711763
23,28,1.675,1491.4375873753768,False,6000,1484.1986666666667,449.3862405515866,5.801551418903516,0.004877325974808928,0.004877325974808928,1459.938384152126,1508.4589491812073,0.021575707279964496
23,28,1.875,1389.7549786105787,False,6000,1393.8741666666667,404.2229364633243,5.218495670258379,-0.0029552079768711626,0.0029552079768711626,1372.0520418383217,1415.6962914950118,0.018324066426025798
23,56,0.325,937.6860646463408,False,6000,952.324,151.38813830263075,1.9544124615314469,-0.01537075129226938,0.01537075129226938,944.1512553248087,960.4967446751912,0.02374883637587355
23,56,0.525,1353.1109140296742,False,6000,1356.461,262.8526977905863,3.393413736828773,-0.0024697252411428235,0.0024697252411428235,1342.27079982769,1370.65120017231,0.012797045769507687
23,56,0.725,2341.8181818181815,False,6000,2351.5185,593.7114486053958,7.664781843004596,-0.004125129435221794,0.004125129435221794,2319.4667677137495,2383.5702322862508,0.01751660173571723
23,56,0.94,6877.82636579458,False,6000,6966.612666666667,2481.341321227619,32.03397871123626,-0.01274454388671629,0.01274454388671629,6832.656537092924,7100.56879624041,0.03136966021141396
23,56,1.0,7853.919575336402,False,6000,7885.864,3003.7551033038803,38.77831163727156,-0.0040508465101094316,0.0040508465101094316,7723.70516905493,8048.0228309450695,0.024118129345052308
23,56,1.06,7449.094204785625,False,6000,7496.444,2729.5112374678447,35.237838553329865,-0.006316300797334745,0.006316300797334745,7349.090325650059,7643.797674349942,0.025472085716983006
23,56,1.275,6264.508091448426,False,6000,6251.0965,1928.2469553736892,24.893561151791516,0.002145478229047721,0.002145478229047721,6146.99937446774,6355.193625532259,0.019116435487007033
23,56,1.675,4833.978122328736,False,6000,4852.908333333334,1247.3243031586042,16.10288751151015,-0.003900797151796747,0.003900797151796747,4785.571069191161,4920.245597475507,0.01753316444021258
23,56,1.875,4353.216010650418,False,6000,4413.693666666667,1052.0202676757178,13.581523255269081,-0.013702277634941373,0.013702277634941373,4356.8999631622855,4470.4873701710485,0.026232343324156027
23,112,0.325,1888.5737212932597,False,6000,1911.3213333333333,215.42582356609915,2.781135423381731,-0.011901511087307276,0.011901511087307276,1899.691490518773,1922.9511761478936,0.017877445502022415
23,112,0.525,2703.9241417259695,False,6000,2707.4708333333333,363.5054270780902,4.692834884431527,-0.0013099648438307295,0.0013099648438307295,2687.846858318747,2727.0948083479198,0.008496465378109441
23,112,0.725,4683.636363636363,False,6000,4681.277333333333,842.6836049367681,10.878998560140444,0.0005039287645344119,0.0005039287645344119,4635.784747042653,4726.769919624014,0.01032222572979391
23,112,0.94,19440.07087338,False,6000,19751.789,6650.033228974881,85.85155982515217,-0.01578176673616766,0.01578176673616766,19392.784494948864,20110.793505051137,0.03335137579244085
23,112,1.0,31459.414128895274,False,6000,31630.929666666667,11972.06355816295,154.55867593500605,-0.005422399517777669,0.005422399517777669,30984.61338460478,32277.245948728552,0.025337719988018148
23,112,1.06,28273.58767474504,False,6000,28685.411166666665,9871.922093277712,127.44596620773879,-0.014356548334931248,0.014356548334931248,28152.471798851377,29218.350534481953,0.0323345720225362
23,112,1.275,20844.22208208043,False,6000,20911.7595,5625.513553455937,72.6250676879965,-0.003229638229129952,0.003229638229129952,20608.06406880766,21215.45493119234,0.017498227132810684
23,112,1.675,14391.795358185069,False,6000,14478.0395,3002.0350589262366,38.75610595984038,-0.005956893667470097,0.005956893667470097,14315.97352628725,14640.105473712752,0.01696095127002606
23,112,1.875,12602.895163052643,False,6000,12565.644,2386.6463168438436,30.81147146141159,0.0029645247830228493,0.0029645247830228493,12436.800015284645,12694.487984715355,0.013355135369537807
24,14,0.325,246.17774060161037,False,6000,244.72366666666667,75.78485686892861,0.9783782951602443,0.005941697240603456,0.005941697240603456,240.63239312053508,248.81494021279826,0.023044891874958617
24,14,0.525,322.7825485500206,False,6000,325.1173333333333,109.36599892033261,1.4119089748659552,-0.007181360524137115,0.007181360524137115,319.2131694051375,331.02149726152913,0.024889467239039287
24,14,0.725,424.92895520165376,False,6000,427.90133333333335,152.2697932833254,1.9657945783892177,-0.006946410071978253,0.006946410071978253,419.68099218770783,436.1216744789589,0.02566421237989891
24,14,0.94,496.84552168309875,False,6000,500.293,187.41931103995603,2.419572901384725,-0.006890918555528968,0.006890918555528968,490.17509912940596,510.41090087059405,0.026577369653267957
24,14,1.0,500.11036007835185,False,6000,498.99066666666664,188.0852092019527,2.428169609690336,0.0022439165428983407,0.0022439165428983407,488.8368170373475,509.1445162959858,0.023061976201647294
24,14,1.06,494.05159332381334,False,6000,501.6268333333333,187.1737007319133,2.4164020859423707,-0.015101345275295892,0.015101345275295892,491.5221918261196,511.73147484054704,0.03454913833909212
24,14,1.275,473.0171080360382,False,6000,477.93266666666665,172.79874044777915,2.230822146666222,-0.01028504426138499,0.01028504426138499,468.6040627105812,487.2612706227521,0.029233110541514784
24,14,1.675,436.8999705729337,False,6000,437.83816666666667,145.52904095150768,1.8787718399824214,-0.002142791938116367,0.002142791938116367,429.9817275304345,445.6946058028988,0.019732424659082426
24,14,1.875,420.3487856760627,False,6000,422.55216666666666,138.94639360326983,1.793790228136816,-0.005214459099773454,0.005214459099773454,415.05109418377447,430.05323914955886,0.0225657025457755
24,28,0.325,497.77777777777777,False,6000,494.85816666666665,110.88407428313211,1.4315072435273226,0.0058998947734407205,0.0058998947734407205,488.87204887816864,500.84428445516465,0.018216891147786907
24,28,0.525,707.3684210526316,False,6000,706.1431666666666,186.89141429386657,2.4127577836976535,0.0017351359381536347,0.0017351359381536347,696.0537644972853,716.2325688360479,0.016255434755845455
24,28,0.725,1149.2160198694444,False,6000,1169.7828333333334,378.9058307945048,4.8916532414933425,-0.01758173643673951,0.01758173643673951,1149.3274618244095,1190.2382048422573,0.0344655253090701
24,28,0.94,1985.961213364503,False,6000,1962.6846666666668,712.02680913552,9.192226579450253,0.011859544782284386,0.011859544782284386,1924.2456358535467,2001.1236974797869,0.03207260879850238
24,28,1.0,2011.9748546496967,False,6000,2015.0208333333333,752.9001643703435,9.71989932654389,-0.001511636323182718,0.001511636323182718,1974.3752393105856,2055.666427356081,0.021254213293048108
24,28,1.06,1962.889773234217,False,6000,1998.2203333333334,746.4254034622021,9.636310522650868,-0.017681013204474638,0.017681013204474638,1957.9242816745282,2038.5163849921387,0.03709884910158001
24,28,1.275,1800.8243378138939,False,6000,1802.1871666666666,612.5930662732915,7.908542478928648,-0.0007562082773530292,0.0007562082773530292,1769.1161032625064,1835.2582300708268,0.01876242356129032
24,28,1.675,1552.8019670433862,False,6000,1556.9423333333334,479.217519413722,6.186671573000583,-0.0026592932835751938,0.0026592932835751938,1531.07159818883,1582.8130684778369,0.018960610088538
24,28,1.875,1451.254653549689,False,6000,1460.5415,421.97423221470785,5.447663912987416,-0.0063584954281073365,0.0063584954281073365,1437.7610649007415,1483.3219350992586,0.02161855817727376
24,56,0.325,978.4635796092001,False,6000,996.786,158.5516508113234,2.0468930103531644,-0.018381498527065825,0.018381498527065825,988.2265304508028,1005.3454695491971,0.02673895765606915
24,56,0.525,1412.3609700696413,False,6000,1423.4681666666668,271.1243971435006,3.5002009162910115,-0.007802911829798874,0.007802911829798874,1408.8314157434245,1438.104917589909,0.017901299971501028
24,56,0.725,2443.6363636363635,False,6000,2438.1601666666666,615.7120293317455,7.94880811887141,0.002246036599467436,0.002246036599467436,2404.9207248874636,2471.3996084458695,0.016098509338893674
24,56,0.94,7107.984380455365,False,6000,7157.971166666666,2595.8602587740515,33.51241183771192,-0.006983373507297794,0.006983373507297794,7017.832689865889,7298.109643467444,0.026051302638657958
24,56,1.0,8070.966247271364,False,6000,8019.708,3016.1252693385804,38.93800979407894,0.0063915353615574015,0.0063915353615574015,7856.881361063334,8182.534638936665,0.027248074187422366
24,56,1.06,7675.533506914079,False,6000,7807.705833333333,2807.071722734459,36.23914011253441,-0.016928445978967685,0.016928445978967685,7656.165027481049,7959.246639185618,0.03564572693032764
24,56,1.275,6508.636782632568,False,6000,6483.6973333333335,2010.9426371997552,25.96115781351025,0.0038464857344617234,0.0038464857344617234,6375.135850811927,6592.25881585474,0.020940876389894836
24,56,1.675,5073.498654774431,False,6000,5111.667166666667,1319.4403981294524,17.033902294228845,-0.007466939972370263,0.007466939972370263,5040.436688447244,5182.89764488609,0.02110768871146862
24,56,1.875,4583.602299002398,False,6000,4624.411833333334,1101.1688576396803,14.216028823335758,-0.00882480535941367,0.00882480535941367,4564.964825009798,4683.858841656869,0.021404689176970804
24,112,0.325,1969.573673745783,False,6000,1991.6893333333333,224.1368102398763,2.8935937777703096,-0.011103970492494928,0.011103970492494928,1979.589224679243,2003.7894419874235,0.017075530754221413
24,112,0.525,2820.395967230213,False,6000,2830.449666666667,383.10139595127924,4.945817754760394,-0.003551979586442799,0.003551979586442799,2809.767796019971,2851.131537313363,0.010780130513414421
24,112,0.725,4887.272727272727,False,6000,4883.142,881.796206573636,11.383940076028559,0.0008459158616987176,0.0008459158616987176,4835.537905434335,4930.746094565665,0.010698876288458115
24,112,0.94,20203.44582110185,False,6000,20662.262833333334,6912.081665092613,89.23459058843108,-0.02220555492553792,0.02220555492553792,20289.111546473956,21035.414120192712,0.039550840042280155
24,112,1.0,32329.99864643061,False,6000,32233.524,12087.452429129215,156.04833985363945,0.002992990975191174,0.002992990975191174,31580.97840703345,32886.06959296655,0.023717448830855137
24,112,1.06,29212.526207869934,False,6000,29339.53516666667,10139.06911615593,130.89481944305956,-0.004328935617938212,0.004328935617938212,28792.173767949876,29886.89656538346,0.022564081086111076
24,112,1.275,21816.174174390508,False,6000,21775.75866666667,5809.425655647866,74.99936271784763,0.0018559862066117338,0.0018559862066117338,21462.134672571417,22089.38266076192,0.016496005976122774
24,112,1.675,15225.490103694858,False,6000,15239.946833333333,3216.3197898900607,41.52250994107181,-0.000948607616324191,0.000948607616324191,15066.312619112474,15413.581047554193,0.012202936052240876
24,112,1.875,13371.18539265898,False,6000,13366.559,2537.4854651012156,32.75879649193463,0.00034611695193803935,0.00034611695193803935,13229.571908040229,13503.54609195977,0.010704313457995163
25,14,0.325,256.1436090003091,False,6000,252.77866666666668,76.70501257880527,0.9902574542944774,0.01331181297067159,0.01331181297067159,248.6377181739867,256.9196151593466,0.030188061897632235
25,14,0.525,334.9525437709511,False,6000,335.6836666666667,109.96244005534818,1.419608996808983,-0.002178011527863833,0.002178011527863833,329.7473036430535,341.62002969027986,0.019517257010292055
25,14,0.725,438.8019670632344,False,6000,445.344,157.6167477475932,2.0348234636993463,-0.01468984186778226,0.01468984186778226,436.835001538707,453.852998461293,0.03316278938133366
25,14,0.94,510.052500245151,False,6000,508.9146666666667,186.82795873722046,2.4119385759839376,0.0022358042575919726,0.0022358042575919726,498.82869016899593,519.0006431643374,0.022500329867459312
25,14,1.0,513.3457639081081,False,6000,516.755,193.50369399126393,2.498121947525938,-0.006597393526703948,0.006597393526703948,506.30863146394245,527.2013685360575,0.02628142765718522
25,14,1.06,507.4220568351848,False,6000,513.1376666666666,191.45122610354744,2.471624701033433,-0.011138550534811366,0.011138550534811366,502.8021013691482,523.4732319641851,0.030662838420166816
25,14,1.275,486.84019168462163,False,6000,492.524,178.00564811018364,2.2980430355386634,-0.011540165180536119,0.011540165180536119,482.91429920667713,502.1337007933229,0.03045704577195074
25,14,1.675,451.3928965383515,False,6000,450.80833333333334,151.80363078972246,1.9597764464747152,0.0012967000869213113,0.0012967000869213113,442.6131581424523,459.0035085242144,0.019836144123563493
25,14,1.875,435.0836118352026,False,6000,435.9121666666667,145.48767265919196,1.8782377776250887,-0.0019007380266531273,0.0019007380266531273,428.05796081300565,443.7663725203277,0.019566062736597667
25,28,0.325,518.5185185185185,False,6000,516.5786666666667,117.32751354986968,1.5146916867685678,0.003755191565244299,0.003755191565244299,510.2446974246296,522.9126359087038,0.016215398485568855
25,28,0.525,736.8421052631579,False,6000,735.073,195.95502136816984,2.5297684478821343,0.002406706902794606,0.002406706902794606,724.4942956482611,745.6517043517389,0.017043349670335717
25,28,0.725,1193.8292519703039,False,6000,1220.3883333333333,396.9411777333248,5.124488569283751,-0.021762811588411993,0.021762811588411993,1198.9593169450145,1241.8173497216521,0.0386434428236202
25,28,0.94,2041.5194821067023,False,6000,2016.3363333333334,738.8511368200536,9.538527160768284,0.012489557598625932,0.012489557598625932,1976.4491812624494,2056.2234854042176,0.03292283022561171
25,28,1.0,2065.515927417593,False,6000,2064.2213333333334,767.8080816323344,9.91235971081832,0.0006271585625796795,0.0006271585625796795,2022.77092987976,2105.671736786907,0.021131902236885436
25,28,1.06,2017.5366396875738,False,6000,2054.284,749.7167297540756,9.678801362368738,-0.01788815972495832,0.01788815972495832,2013.8102648732045,2094.7577351267955,0.03686397436052313
25,28,1.275,1858.6543537776754,False,6000,1870.4533333333334,636.1786803834684,8.21303144779128,-0.006308085502796815,0.006308085502796815,1836.1089918223724,1904.7976748442943,0.024224788635565098
25,28,1.675,1613.4507875204588,False,6000,1624.925,491.25184352898714,6.34203402927153,-0.007061379743398105,0.007061379743398105,1598.4045874142166,1651.4454125857833,0.02300689128188238
25,28,1.875,1512.129413923322,False,6000,1521.4345,443.10977205213834,5.720522558998988,-0.006115995185253115,0.006115995185253115,1497.5130549603305,1545.3559450396697,0.02150089189678217
25,56,0.325,1019.2566847318708,False,6000,1037.7566666666667,163.81860968268722,2.114889156999669,-0.017826897700613055,0.017826897700613055,1028.9128583934914,1046.600474939842,0.026126292565979203
25,56,0.525,1471.6470628856869,False,6000,1473.0066666666667,283.5113549818117,3.6601158543508525,-0.0009230126460028216,0.0009230126460028216,1457.7012012400958,1488.3121320932376,0.011197294470825847
25,56,0.725,2545.454545454545,False,6000,2534.697833333333,640.5781041995599,8.269827765033384,0.004243784793497822,0.004243784793497822,2500.1159872994285,2569.279679367238,0.018134581909573733
25,56,0.94,7336.057298986939,False,6000,7421.453333333333,2629.3646987961624,33.944952298477396,-0.011506645735120271,0.011506645735120271,7279.506106937931,7563.400559728735,0.03005833936024538
25,56,1.0,8286.329453240694,False,6000,8301.299166666666,3057.962938715096,39.478131783210195,-0.0018032976676808942,0.0018032976676808942,8136.213905664539,8466.384427668792,0.02126704450599537
25,56,1.06,7899.712459337001,False,6000,7983.8325,2825.409257203081,36.47587666455934,-0.010536298283186626,0.010536298283186626,7831.301735562684,8136.3632644373165,0.0290855751407606
25,56,1.275,6749.887429609436,False,6000,6738.601,2103.186698920019,27.152023529607288,0.0016748921043754793,0.0016748921043754793,6625.059687666992,6852.142312333007,0.018841753558057617
25,56,1.675,5311.710492922705,False,6000,5292.283666666666,1362.9487783583897,17.595593067719292,0.0036707832534371627,0.0036707832534371627,5218.704372438082,5365.862960895251,0.017821687884031823
25,56,1.875,4813.573123170658,False,6000,4839.59,1171.00735605631,15.117639960974893,-0.005375843166330709,0.005375843166330709,4776.372734492134,4902.807265507866,0.018200622113984877
25,112,0.325,2050.534515902632,False,6000,2077.286833333333,233.5523503272078,3.0151478776162537,-0.012878489865442834,0.012878489865442834,2064.678423262926,2089.89524340374,0.018833827975512585
25,112,0.525,2936.8454152604086,False,6000,2952.035,395.42778307836653,5.104950728300775,-0.005145462279272191,0.005145462279272191,2930.687684782238,2973.3823152177615,0.012287992623873922
25,112,0.725,5090.90909090909,False,6000,5101.445166666666,920.7104667704043,11.886321014935444,-0.0020653119681497433,0.0020653119681497433,5051.740271362066,5151.150061971267,0.011694664363771867
25,112,0.94,20963.085310987557,False,6000,21507.8895,7097.8723590214395,91.63313813331996,-0.02533043463015951,0.02533043463015951,21124.708233767524,21891.07076623248,0.042391049079077536
25,112,1.0,33193.84930010341,False,6000,33245.210333333336,12145.016280152424,156.79148597482762,-0.0015449152739584685,0.0015449152739584685,32589.55713456485,33900.86353210182,0.020855345803475478
25,112,1.06,30140.899589176075,False,6000,30510.047833333334,10327.269740510355,133.32447905596132,-0.012099235182252026,0.012099235182252026,29952.526354257505,31067.569312409163,0.02982755792429992
25,112,1.275,22780.754727226977,False,6000,22832.5315,6190.043952673553,79.91312380332201,-0.0022676755213509405,0.0022676755213509405,22498.35968627255,23166.703313727452,0.0166596248621953
25,112,1.675,16062.274065500867,False,6000,16088.764,3406.556760004231,43.978458664688944,-0.0016464866101045287,0.0016464866101045287,15904.859772540605,16272.668227459393,0.012929297089920078
25,112,1.875,14145.001397332624,False,6000,14141.9205,2705.110906355295,34.922831633193695,0.0002178556535248422,0.0002178556535248422,13995.88408655576,14287.95691344424,0.010654368802618608
26,14,0.325,266.0847457217483,False,6000,265.0755,80.16570478153686,1.0349347985195751,0.00380738967482208,0.00380738967482208,260.7477247579494,269.40327524205054,0.020468140110343036
26,14,0.525,347.05710766214276,False,6000,351.5416666666667,116.40908803232807,1.5028348643213325,-0.01275683490678847,0.01275683490678847,345.2572789661044,357.82605436722895,0.030095479559557936
26,14,0.725,452.55168579097233,False,6000,455.93233333333336,161.56949135891514,2.0858531642942717,-0.007414801046561073,0.007414801046561073,447.20994454526823,464.6547221213985,0.026047376157438573
26,14,0.94,523.15068205871,False,6000,527.7526666666666,195.53583525797487,2.5243567784696457,-0.008719964670236887,0.008719964670236887,517.1965922322279,538.3087411011054,0.028158671567156346
26,14,1.0,526.4768670668734,False,6000,529.3145,194.34094093449247,2.508930759085229,-0.005360958245289979,0.005360958245289979,518.8229323778462,539.8060676221537,0.024692572675211744
26,14,1.06,520.6803198216488,False,6000,523.2245,192.21492448805668,2.4814840047825326,-0.004862502001246524,0.004862502001246524,512.8477061625482,533.6012938374519,0.024214660206088423
26,14,1.275,500.5243916783152,False,6000,504.01666666666665,181.92255227081205,2.3486100508146777,-0.006928887910488593,0.006928887910488593,494.19551035258155,513.8378229807518,0.02590979236445823
26,14,1.675,465.71264692451234,False,6000,466.936,156.0522816978459,2.0146262938447523,-0.00261995878554585,0.00261995878554585,458.51145981741325,475.3605401825867,0.02029594895354292
26,14,1.875,449.6373551640665,False,6000,452.2278333333333,145.88154154198537,1.8833226030372494,-0.005728259028579953,0.005728259028579953,444.3523643222633,460.1033023444033,0.022746950797807308
26,28,0.325,539.2592592592592,False,6000,536.6728333333333,119.39850555664596,1.5414280786098118,0.004819371813291469,0.004819371813291469,530.2270608213339,543.1186058453327,0.01703458594499918
26,28,0.525,766.3157894736843,False,6000,763.5941666666666,208.3092762978584,2.6892611932070833,0.0035642268181518394,0.0035642268181518394,752.3485132902246,774.8398200431087,0.0185649016868219
26,28,0.725,1238.2641802230478,False,6000,1257.5481666666667,404.39957243095097,5.2207760307949105,-0.015334590717693317,0.015334590717693317,1235.716506080236,1279.3798272530973,0.03213717002114003
26,28,0.94,2096.568387596001,False,6000,2084.8191666666667,758.6310934760301,9.79388530315929,0.00563560673135957,0.00563560673135957,2043.8641863151252,2125.774147018208,0.02578654767462596
26,28,1.0,2118.639797501525,False,6000,2129.5306666666665,786.4353049092405,10.152836129276801,-0.005114211002271552,0.005114211002271552,2087.074665670533,2171.9866676628003,0.024561324871611556
26,28,1.06,2071.700939477803,False,6000,2104.591,745.8218556905782,9.628518754423736,-0.01562776830376877,0.01562776830376877,2064.3275310910194,2144.8544689089804,0.03410652353881538
26,28,1.275,1915.8317198456596,False,6000,1914.7426666666668,642.270152353605,8.291672012772041,0.0005687726073857788,0.0005687726073857788,1880.0694747869372,1949.4158585463963,0.01902176783268872
26,28,1.675,1673.4118361633548,False,6000,1676.8123333333333,495.4828769272559,6.396656435567338,-0.0020279533388322967,0.0020279533388322967,1650.0635068436343,1703.5611598230323,0.017697822872886793
26,28,1.875,1572.3929977853913,False,6000,1578.6025,446.71763818822,5.767099910533622,-0.003933543887462879,0.003933543887462879,1554.4862829716985,1602.7187170283014,0.018921423279525174
26,56,0.325,1060.0656565014574,False,6000,1081.4936666666667,171.9544736746474,2.2199227094925704,-0.019813347803740576,0.019813347803740576,1072.210640764793,1090.7766925685405,0.02815520012145234
26,56,0.525,1530.9686931697504,False,6000,1532.545,293.82768151770694,3.793299057242719,-0.00102855500507305,0.00102855500507305,1516.6826038673046,1548.4073961326956,0.011262348014159596
26,56,0.725,2647.272727272727,False,6000,2646.929833333333,667.98047044415,8.623590792073296,0.00012954402306995634,0.00012954402306995634,2610.868660416067,2682.991006250599,0.01394327773303572
26,56,0.94,7562.123092240854,False,6000,7607.800666666667,2652.447634357442,34.242951715178776,-0.006004044588858352,0.006004044588858352,7464.607299451968,7750.994033881366,0.024367318670987737
26,56,1.0,8500.023848474166,False,6000,8469.622,3178.679234377361,41.03657245892954,0.0035895165656940065,0.0035895165656940065,8298.019825099305,8641.224174900693,0.024343641932964788
26,56,1.06,8121.709540572758,False,6000,8201.530833333334,2917.363082352798,37.66299544264241,-0.009732487066458392,0.009732487066458392,8044.035907613094,8359.025759053573,0.02839041597925218
26,56,1.275,6988.384721905957,False,6000,7000.6945,2154.6426653482413,27.816317199738997,-0.0017583652727657928,0.0017583652727657928,6884.375318275453,7117.013681724547,0.018073445629153362
26,56,1.675,5548.551978493953,False,6000,5566.184,1443.2546205690685,18.63233703266969,-0.003167703673835942,0.003167703673835942,5488.269365158389,5644.098634841612,0.016928594365420713
26,56,1.875,5043.002656828634,False,6000,5079.535166666667,1233.256480496962,15.921272701890354,-0.007192097040250692,0.007192097040250692,5012.9573591374,5146.112974195933,0.020036543675648666
26,112,0.325,2131.4587877400036,False,6000,2152.679166666667,244.69582186906854,3.1590094766181305,-0.009857659820028862,0.009857659820028862,2139.4691721608606,2165.889161172473,0.0158966460748301
26,112,0.525,3053.2754233418177,False,6000,3076.7001666666665,418.29214430383854,5.400128362460521,-0.007613593153676541,0.007613593153676541,3054.1185104460214,3099.2818228873116,0.014844213006300233
26,112,0.725,5294.545454545454,False,6000,5306.261,945.5506063685154,12.207005838205284,-0.0022078720693434364,0.0022078720693434364,5255.215100565832,5357.306899434169,0.011715110981479149
26,112,0.94,21719.095720279918,False,6000,22233.7,7378.789375575657,95.25976122258915,-0.023145238071939557,0.023145238071939557,21835.353324661137,22632.046675338865,0.04033885967784556
26,112,1.0,34051.02471083279,False,6000,33978.9225,12399.599682336822,160.07814356443097,0.0021219687243699045,0.0021219687243699045,33309.52552204298,34648.31947795702,0.02226087514513253
26,112,1.06,31059.16758365124,False,6000,31302.252333333334,10594.282013829881,136.77159268195967,-0.007765727114251003,0.007765727114251003,30730.3160978608,31874.18856880587,0.02556993673408392
26,112,1.275,23737.969585978924,False,6000,23703.410333333333,6559.987475184104,84.68907414239092,0.0014579865158471158,0.0014579865158471158,23349.266981626628,24057.55368504004,0.01664731508094719
26,112,1.675,16901.55101262729,False,6000,16837.8155,3642.1083908520445,47.01941714284087,0.003785260185757986,0.003785260185757986,16641.19493057136,17034.43606942864,0.015645275663325853
26,112,1.875,14923.735750719841,False,6000,14917.848,2904.446234577415,37.49623965491056,0.0003946782887076795,0.0003946782887076795,14761.050395087455,15074.645604912545,0.01102125873688009
27,14,0.325,276.0014626230197,False,6000,273.33566666666667,84.20039753892598,1.0870224580410144,0.0097528287795824,0.0097528287795824,268.790077042864,277.8812562904693,0.026829061770035745
27,14,0.525,359.0979673832267,False,6000,361.493,119.18894083877795,1.538722609735627,-0.0066253914094416165,0.0066253914094416165,355.05854091685484,367.92745908314515,0.023997914485428873
27,14,0.725,466.18235891723265,False,6000,467.0523333333333,159.98083605817666,2.065343712552191,-0.0018626915101605187,0.0018626915101605187,458.4157086896417,475.6889579770249,0.019984905893593252
27,14,0.94,536.1414565548046,False,6000,532.5826666666667,192.68260931095307,2.4875217898837048,0.006682136146885267,0.006682136146885267,522.1806246909601,542.9847086423732,0.026735637447495852
27,14,1.0,539.5044817615491,False,6000,542.1143333333333,195.29023095623612,2.521186040568342,-0.004814208758762907,0.004814208758762907,531.5715179380223,552.6571487286443,0.02379896287843586
27,14,1.06,533.8280231508272,False,6000,543.1553333333334,199.8140681113105,2.5795885271102,-0.017172454379237406,0.017172454379237406,532.3682969149285,553.9423697517383,0.036311262144337775
27,14,1.275,514.0742960298779,False,6000,515.9333333333333,182.8885359765728,2.3610808468317415,-0.003603251008118657,0.003603251008118657,506.060028031381,525.8066386352856,0.022313036282422316
27,14,1.675,479.86729609027935,False,6000,479.77233333333334,159.61925808774131,2.060675761026019,0.0001979329576723216,0.0001979329576723216,471.1552286101961,488.38943805647057,0.018490864477471503
27,14,1.875,464.01852030517273,False,6000,465.6383333333333,150.60771553238965,1.944337246890964,-0.003478693467019667,0.003478693467019667,457.50772007022897,473.7689465964377,0.020580551683077042
27,28,0.325,560.0,False,6000,560.937,127.07402041898351,1.6405185493944812,-0.001670419316251222,0.001670419316251222,554.0768619774404,567.7971380225596,0.013732260169035504
27,28,0.525,795.7894736842105,False,6000,796.3743333333333,215.81319027515056,2.7861363060918354,-0.0007344029367129163,0.0007344029367129163,784.72357838362,808.0250882830467,0.015142617198725006
27,28,0.725,1282.5247577928324,False,6000,1301.2285,412.0911624168942,5.320074030532957,-0.01437391065993988,0.01437391065993988,1278.981606081512,1323.475393918488,0.03094174346861922
27,28,0.94,2151.1211693602722,False,6000,2140.5625,776.9379770593764,10.030226153956816,0.004932661092713823,0.004932661092713823,2098.619215762813,2182.505784237187,0.025017379619473035
27,28,1.0,2171.349713729099,False,6000,2177.7105,790.4715482342452,10.204943806540083,-0.0029208594397193365,0.0029208594397193365,2135.0366009141476,2220.3843990858527,0.022083872223630063
27,28,1.06,2125.3928854350706,False,6000,2155.178,779.5209482757984,10.063572168973268,-0.013820257336020155,0.013820257336020155,2113.0952731057337,2197.260726894266,0.032707926091582906
27,28,1.275,1972.3844779053863,False,6000,1976.2798333333333,665.4796869393738,8.591305815851733,-0.0019710545856133858,0.0019710545856133858,1940.3536661391156,2012.206000527551,0.01978998303937285
27,28,1.675,1732.7100422058734,False,6000,1728.8515,518.7386465375912,6.696887130247555,0.002231852883763233,0.002231852883763233,1700.8472021809,1756.8557978191,0.018733511149101156
27,28,1.875,1632.058662224353,False,6000,1631.9966666666667,468.49559586273523,6.048252135159647,3.798755166141643e-05,3.798755166141643e-05,1606.7047585332593,1657.288574800074,0.015780063858302773
27,56,0.325,1100.8907718661726,False,6000,1119.3625,180.75048238726927,2.3334786936828364,-0.01650200728881605,0.01650200728881605,1109.6046183123624,1129.1203816876375,0.025001417279592042
27,56,0.525,1590.3254227491732,False,6000,1588.3875,305.47728568983445,3.94369480040458,0.0012200566607160658,0.0012200566607160658,1571.8961956745404,1604.8788043254597,0.011724201079782004
27,56,0.725,2749.090909090909,False,6000,2751.5958333333333,693.3982230041045,8.95173256661571,-0.0009103532619431917,0.0009103532619431917,2714.162473636979,2789.0291930296876,0.014319779813919409
27,56,0.94,7786.249095439208,False,6000,7833.821833333333,2720.881198160942,35.12642522495403,-0.006072736769644289,0.006072736769644289,7686.934054849362,7980.709611817305,0.024366319016313143
27,56,1.0,8712.062428282203,False,6000,8735.853166666666,3137.253271088336,40.501765572532896,-0.002723344581298741,0.002723344581298741,8566.487387725927,8905.218945607405,0.021690260341154066
27,56,1.06,8341.592170775702,False,6000,8344.5425,2907.504070936818,37.53571615256188,-0.00035356392807599614,0.00035356392807599614,8187.579816659883,8501.505183340116,0.018810485829089396
27,56,1.275,7224.238015366817,False,6000,7192.693666666667,2208.801007894396,28.51549839553718,0.004385609920569437,0.004385609920569437,7073.450726775701,7311.936606557633,0.021317359011257198
27,56,1.675,5783.971899105338,False,6000,5775.801333333334,1522.5891154435922,19.656540957432384,0.0014146202925730844,0.0014146202925730844,5693.603796424133,5857.998870242534,0.015871863570478872
27,56,1.875,5271.779623834202,False,6000,5312.664833333333,1284.86694162194,16.587560889980768,-0.007695800654053112,0.007695800654053112,5243.300815959144,5382.028850707523,0.02048469637222916
27,112,0.325,2212.3488527739787,False,6000,2240.484,252.34927072691545,3.2578150765097678,-0.01255762024010045,0.01255762024010045,2226.8608312250526,2254.1071687749472,0.018525435072221152
27,112,0.525,3169.688737931023,False,6000,3172.1413333333335,431.14814640165145,5.5660986358726445,-0.0007731671273717843,0.0007731671273717843,3148.8656410814165,3195.4170255852505,0.008051621258892028
27,112,0.725,5498.181818181818,False,6000,5492.769166666667,977.3399126029627,12.617404016983624,0.000985413978071064,0.000985413978071064,5440.007109770173,5545.531223563161,0.01069386624645463
27,112,0.94,22471.568899753118,True,26000,23166.571884615383,7612.340268573056,47.209730240760145,-0.030000251583351772,0.030000251583351772,22969.155485039188,23363.98828419158,0.0381963632913771
27,112,1.0,34901.57685986042,False,6000,35015.25683333333,12671.492239819296,163.5882613880555,-0.003246584025186826,0.003246584025186826,34331.18163503287,35699.33203163379,0.022346501359366333
27,112,1.06,31967.726640220328,False,6000,32229.65233333333,10725.069909448375,138.46005715401282,-0.00812685443839271,0.00812685443839271,31650.655464911084,32808.64920175558,0.02563112416985014
27,112,1.275,24687.831394957924,False,6000,24746.8595,6685.990145754873,86.3157616247184,-0.00238527660619217,0.00238527660619217,24385.9138474888,25107.8051525112,0.01672682080342136
27,112,1.675,17742.768355080905,False,6000,17731.048666666666,3851.469058850588,49.722251744538276,0.0006609698407896103,0.0006609698407896103,17523.125684091498,17938.971649241834,0.012534445905892921
27,112,1.875,15706.818492108654,False,6000,15698.435333333333,3071.7333588365905,39.65590714254629,0.0005340123774960376,0.0005340123774960376,15532.606671104499,15864.263995562167,0.011215877971612054
28,14,0.325,285.8940097221691,False,6000,282.1263333333333,86.01937724779945,1.1105053851062017,0.013354571848435817,0.013354571848435817,277.48254541674066,286.770121249926,0.030313489782917813
28,14,0.525,371.0766130958987,False,6000,374.9483333333333,123.6433309002211,1.5962285381538974,-0.010326009994535963,0.010326009994535963,368.27340235414624,381.6232643125204,0.027636290034940836
28,14,0.725,479.69766251904207,False,6000,481.5805,166.49611010129678,2.1494555387687964,-0.003909704568515343,0.003909704568515343,472.5921458757801,490.56885412421985,0.022160378739464415
28,14,0.94,549.0260319272423,False,6000,543.1785,196.06657454725027,2.531208593231451,0.010765396508224015,0.010765396508224015,532.5937734086025,553.7632265913975,0.030853268173740345
28,14,1.0,552.4293315532483,False,6000,554.0528333333333,202.86286073441283,2.618948270627918,-0.0029302291810648757,0.0029302291810648757,543.1012067168085,565.0044599498581,0.0222566887307859
28,14,1.06,546.8666045467933,False,6000,554.7965,202.21244208267413,2.610551401940429,-0.01429334080731722,0.01429334080731722,543.8799864751101,565.71301352489,0.03331443422287039
28,14,1.275,527.4938521840472,False,6000,532.479,185.15411211530122,2.3903293090146085,-0.009362149147577301,0.009362149147577301,522.4833867317062,542.4746132682939,0.027615598440617783
28,14,1.675,493.8638111603478,False,6000,492.3745,164.0226035810235,2.11752270690295,0.003024752826045556,0.003024752826045556,483.51967904072467,501.22932095927536,0.021393404587265685
28,14,1.875,478.23450826867554,False,6000,475.06733333333335,153.0465060204133,1.9758218967076462,0.006666791659025574,0.006666791659025574,466.80506106313385,483.32960560353285,0.02448441150040548
28,28,0.325,580.7407407407406,False,6000,580.5905,130.8146343285379,1.6888096673154678,0.0002587723029237097,0.0002587723029237097,573.5284235511276,587.6525764488724,0.01257534394713411
28,28,0.525,825.2631578947369,False,6000,820.8695,219.6345791562511,2.8354702244114507,0.005352443835149024,0.005352443835149024,809.0124459572401,832.72655404276,0.020087097570258727
28,28,0.725,1326.6143584172744,False,6000,1353.002,432.6790375335049,5.585862355401061,-0.01950303220743618,0.01950303220743618,1329.6436620237455,1376.3603379762544,0.03614313649296563
28,28,0.94,2205.189223735889,False,6000,2167.8703333333333,771.4746142075037,9.959694442824846,0.017214539923692648,0.017214539923692648,2126.2219907617014,2209.518675904965,0.037139693464414814
28,28,1.0,2223.6485703447674,False,6000,2227.3553333333334,792.6975576943273,10.233681465098076,-0.0016641992110969736,0.0016641992110969736,2184.5612623029297,2270.149404363737,0.020483600739926944
28,28,1.06,2178.6213517260962,False,6000,2201.101833333333,778.5639158680685,10.051216933716873,-0.010213285576702574,0.010213285576702574,2159.070772187797,2243.1328944788693,0.028759572342574313
28,28,1.275,2028.3368025412033,False,6000,2033.464,679.9964913453895,8.778716954867232,-0.002521410489094802,0.002521410489094802,1996.7541377472376,2070.1738622527623,0.02020944253736834
28,28,1.675,1791.3677718419135,False,6000,1786.7096666666666,541.8521175801659,6.995280758317352,0.0026070856738225185,0.0026070856738225185,1757.457579559011,1815.9617537743222,0.019295027474524495
28,28,1.875,1691.1390345603315,False,6000,1692.618,483.62221187269313,6.243535908129784,-0.0008737739050798232,0.0008737739050798232,1666.509475902917,1718.7265240970828,0.01605112224077887
28,56,0.325,1141.732308989806,False,6000,1162.2886666666666,186.01789102355818,2.4014806467695564,-0.017686103518340542,0.017686103518340542,1152.246421974325,1172.3309113590083,0.026100653043202082
28,56,0.525,1649.7168665643223,False,6000,1650.1388333333334,321.4935762633037,4.150464222601464,-0.00025571591946520753,0.00025571591946520753,1632.7828836336175,1667.4947830330493,0.010661452527239823
28,56,0.725,2850.9090909090905,False,6000,2856.3196666666668,717.7698394357503,9.266368781815443,-0.0018942472793636515,0.0018942472793636515,2817.5705962372867,2895.068737096047,0.015253401627780105
28,56,0.94,8008.493663030195,False,6000,8052.361166666667,2790.092596881897,36.01994054033397,-0.005447781430627314,0.005447781430627314,7901.736985207526,8202.985348125807,0.023709866206215846
28,56,1.0,8922.456769642617,False,6000,8911.904833333334,3175.0379685068674,40.98956391867775,0.00118402704097726,0.00118402704097726,8740.499233518296,9083.310433148372,0.02081775093881877
28,56,1.06,8559.418641109753,False,6000,8610.546666666667,3000.802539344363,38.74019420045882,-0.00593783734485087,0.00593783734485087,8448.547230979699,8772.546102353635,0.024294823732724735
28,56,1.275,7457.543568471343,False,6000,7457.2716666666665,2248.4985830201294,29.027991886693123,3.646129802294776e-05,3.646129802294776e-05,7335.885638490419,7578.657694842914,0.01658394582142897
28,56,1.675,6017.927628533278,False,6000,5972.9011666666665,1539.2442581387165,19.871557925055466,0.007538457545203228,0.007538457545203228,5889.804495714982,6055.997837618351,0.021753376179380668
28,56,1.875,5499.805461621897,False,6000,5503.3725,1354.3907176709026,17.48510897932439,-0.0006481549955238286,0.0006481549955238286,5430.255215844978,5576.489784155023,0.013751360712793925
28,112,0.325,2293.2069191426376,False,6000,2317.1976666666665,256.76482876509914,3.314819685663427,-0.01035334527957643,0.01035334527957643,2303.336122356825,2331.059210976508,0.01623823695924631
28,112,0.525,3286.0879386299216,False,6000,3295.7975,446.29930839351385,5.761699296106557,-0.002946043065473081,0.002946043065473081,3271.7038666604903,3319.89113333951,0.010182019033734169
28,112,0.725,5701.818181818181,False,6000,5687.920166666667,1031.2571885930347,13.313473056925016,0.0024434265503517176,0.0024434265503517176,5632.2473656710035,5743.59296766233,0.012352230225401106
28,112,0.94,23220.58406517788,False,6000,23774.171166666667,7740.118328369287,99.92449794483014,-0.023285232431781246,0.023285232431781246,23356.31801408298,24192.024319250355,0.04015539341614616
28,112,1.0,35745.55205509756,False,6000,35638.82633333333,12732.470445732379,164.3754866413321,0.0029946474882763226,0.0029946474882763226,34951.459204018545,36326.193462648116,0.022719876913972037
28,112,1.06,32866.92068051994,False,6000,33083.47266666667,11102.447489073185,143.33198075774266,-0.006545624406742313,0.006545624406742313,32484.102929940498,33682.84240339284,0.02422366001958043
28,112,1.275,25630.35743184164,False,6000,25416.99233333333,7017.547248778547,90.5961454191433,0.008394584839547999,0.008394584839547999,25038.147447905732,25795.83721876093,0.02365230834941201
28,112,1.675,18585.412929792423,False,6000,18603.807,3936.3377917322387,50.8179023747528,-0.0009887261358698194,0.0009887261358698194,18391.302347470202,18816.3116525298,0.01227119995678494
28,112,1.875,16493.713357832985,False,6000,16447.399333333335,3231.8479965459933,41.722978226988126,0.0028158873972122353,0.0028158873972122353,16272.926823129148,16621.871843537523,0.013567721228244345
29,14,0.325,295.7625805801624,False,6000,293.35783333333336,89.7956067808354,1.1592562987492177,0.00819731731552783,0.00819731731552783,288.51018426781286,298.20548239885386,0.02513740140839338
29,14,0.525,382.99432757439325,False,6000,382.6123333333333,124.77161018038808,1.6107945610270895,0.0009983845469172254,0.0009983845469172254,375.87649177962896,389.34817488703766,0.018936634640448258
29,14,0.725,493.1007868803803,False,6000,503.6855,173.39156273808365,2.2384754495249215,-0.021014528152229248,0.021014528152229248,494.3248923131682,513.0461076868318,0.038876273511515014
29,14,0.94,561.8054652362454,False,6000,561.827,203.63030870044102,2.6288559812662777,-3.832988402947909e-05,3.832988402947909e-05,550.8339424209959,572.8200575790041,0.01991802242074625
29,14,1.0,565.2520638056969,False,6000,567.3353333333333,202.2501332614879,2.611037992966578,-0.003672025000446043,0.003672025000446043,556.4167850362055,578.2538816304611,0.022484618327340722
29,14,1.06,559.7973301512174,False,6000,565.6893333333334,204.79762082880362,2.6439259160428588,-0.010415616549453551,0.010415616549453551,554.633257977056,576.7454086896107,0.029385719041786773
29,14,1.275,540.7864780267963,False,6000,543.661,193.28900861786067,2.4953503712730543,-0.005287342614613937,0.005287342614613937,533.2262213332809,554.095778666719,0.024019855686227887
29,14,1.675,507.7082358802739,False,6000,510.49966666666666,170.0488932755506,2.195321772324033,-0.005468036452637774,0.005468036452637774,501.3195142278956,519.6798191054378,0.023036459729707137
29,14,1.875,492.291786429581,False,6000,492.26466666666664,157.48350324352873,2.0331032845486283,5.509183321648205e-05,5.509183321648205e-05,483.7628614592395,500.7664718740938,0.01763038391292482
29,28,0.325,601.4814814814814,False,6000,602.6338333333333,136.4935377088537,1.7621239947044147,-0.0019121924261668638,0.0019121924261668638,595.265179183706,610.0024874829606,0.013968805334940937
29,28,0.525,854.7368421052632,False,6000,848.7805,229.41968940219053,2.961795454489207,0.0070175293910065975,0.0070175293910065975,836.3951931591324,861.1658068408675,0.02192940501828189
29,28,0.725,1370.5358445223537,False,6000,1381.4365,437.8531015354016,5.652659234439585,-0.00789081183076189,0.00789081183076189,1357.798838263676,1405.074161736324,0.024581134686363804
29,28,0.94,2258.782412543438,False,6000,2237.5871666666667,798.566848738386,10.309453686657022,0.00947236657079419,0.00947236657079419,2194.476239787018,2280.6980935463152,0.02930365414330538
29,28,1.0,2275.5389568034334,False,6000,2284.9533333333334,820.0259434393165,10.586489407994993,-0.004120161402231402,0.004120161402231402,2240.6839292842196,2329.222737382447,0.023047937716486055
29,28,1.06,2231.394092681491,False,6000,2252.791,794.2255452253145,10.253407699300496,-0.009497954900613934,0.009497954900613934,2209.914439997226,2295.6675600027743,0.027997724252898926
29,28,1.275,2083.709655960436,False,6000,2103.153,696.4363614324386,8.990954765070414,-0.009244854767847954,0.009244854767847954,2065.555625276173,2140.7503747238266,0.0266451985420062
29,28,1.675,1849.405105421469,False,6000,1840.0163333333333,548.9163933919062,7.086480166890306,0.005102548231801424,0.005102548231801424,1810.3828786814843,1869.6497879851822,0.021554681719264224
29,28,1.875,1749.6460336252635,False,6000,1752.6435,499.978860771086,6.454699337407242,-0.0017102544668875358,0.0017102544668875358,1725.6519561585228,1779.635043841477,0.01685121357886954
29,56,0.325,1182.5905476603095,False,6000,1202.3883333333333,192.24612946152575,2.4818868592577474,-0.0164653840395633,0.0164653840395633,1192.0098548838398,1212.7668117828268,0.0248821651692106
29,56,0.525,1709.1426856757173,False,6000,1712.8395,330.88061553482714,4.271650378497482,-0.0021582958148050305,0.0021582958148050305,1694.976787511057,1730.7022124889431,0.012457097851756305
29,56,0.725,2952.7272727272725,False,6000,2937.1141666666667,749.4887253038112,9.675857837572954,0.00531579815241745,0.00531579815241745,2896.6527404445033,2977.57559288883,0.01935838959908054
29,56,0.94,8228.907526265653,False,6000,8180.628,2785.720654374741,35.963499005264666,0.005901689487121729,0.005901689487121729,8030.239839475169,8331.01616052483,0.024739944355568477
29,56,1.0,9131.217230375027,False,6000,9075.663166666667,3204.3869671669177,41.36845786213855,0.006121212597708557,0.006121212597708557,8902.673150296869,9248.653183036466,0.02567139961445597
29,56,1.06,8775.239646230943,False,6000,8820.142833333333,3096.4023907420155,39.97438297500219,-0.005090981852662454,0.005090981852662454,8652.982404287048,8987.303262379619,0.023595911916799772
29,56,1.275,7688.386418853021,False,6000,7744.2285,2400.060895617344,30.98465292869877,-0.007210799777793176,0.007210799777793176,7614.660324284807,7873.7966757151935,0.023547757771549493
29,56,1.675,6250.383615533756,False,6000,6244.945333333333,1638.633774455421,21.154671063329488,0.0008708294324683746,0.0008708294324683746,6156.483082559117,6333.407584107549,0.015252300983438438
29,56,1.875,5726.9927188886695,False,6000,5735.891833333333,1396.8748186612168,18.03357636470466,-0.0015514787766651476,0.0015514787766651476,5660.4810292629345,5811.302637403732,0.014507920818374154
29,112,0.325,2374.0350575299185,False,6000,2403.4615,270.9126392906723,3.4974671341662367,-0.01224335920091975,0.01224335920091975,2388.8361809028142,2418.0868190971855,0.018217609566109072
29,112,0.525,3402.4754585005867,False,6000,3424.2475,471.4205477057789,6.086013101081536,-0.006358197384801555,0.006358197384801555,3398.797687258818,3449.697312741182,0.013688694966420778
29,112,0.725,5905.454545454545,False,6000,5931.711333333334,1053.5500723572893,13.601272948784668,-0.004426511406790519,0.004426511406790519,5874.835042757035,5988.587623909632,0.013881917352795425
29,112,0.94,23966.209405729962,False,6000,24774.977,8203.841220383649,105.91113473825267,-0.03264453461531113,0.03264453461531113,24332.08959546654,25217.86440453346,0.04963366360945631
29,112,1.0,36582.99172782268,False,6000,36557.237,12739.676387971662,164.46851495562035,0.0007045042223152018,0.0007045042223152018,35869.4808552265,37244.9931447735,0.019891865050291502
29,112,1.06,33757.04972076641,False,6000,33771.98933333333,11151.38370657717,143.96374460914038,-0.000442366969249785,0.000442366969249785,33169.97775679386,34374.000909872804,0.01794819260999081
29,112,1.275,26565.56805634619,False,6000,26747.9185,7256.071996518561,93.67548667132796,-0.0068173694956416755,0.0068173694956416755,26356.196767787376,27139.640232212623,0.021152534482938856
29,112,1.675,19429.00740815064,False,6000,19388.116666666665,4193.00549326693,54.13146815326345,0.0021090620707000488,0.0021090620707000488,19161.755713276507,19614.477620056823,0.013947140276345582
29,112,1.875,17283.91471062083,False,6000,17284.820333333333,3451.894159868614,44.56376198013928,-5.239410621800664e-05,5.239410621800664e-05,17098.468549562836,17471.17211710383,0.0108457760717251
30,14,0.325,305.6073172988704,False,6000,303.6166666666667,93.14433799309677,1.2024882328025952,0.006556460335523007,0.006556460335523007,298.58823510728297,308.6450982260504,0.023507564486140664
30,14,0.525,394.85221165550075,False,6000,400.3,132.94980108397323,1.7163745515993902,-0.013609263913313161,0.013609263913313161,393.1226557836078,407.4773442163922,0.030983642992889582
30,14,0.725,506.3945073950269,False,6000,513.7563333333334,174.17676811498345,2.248612407351873,-0.014329411553025098,0.014329411553025098,504.35333604362427,523.1593306230425,0.032045348800431306
30,14,0.94,574.4806865693419,False,6000,573.0996666666666,203.63355446481037,2.6288978839041053,0.00240973775243614,0.00240973775243614,562.1064338638718,584.0928994694615,0.0220140741325634
30,14,1.0,577.9732600224038,False,6000,575.2303333333333,202.57322856696595,2.6152091354244256,0.004768397162186892,0.004768397162186892,564.2943426165614,586.1663240501052,0.02424074879506155
30,14,1.06,572.6213202696215,False,6000,573.5126666666666,207.74955953295444,2.6820352808435293,-0.0015541878128442505,0.0015541878128442505,562.2972298069297,584.7281035264035,0.0207049792609042
30,14,1.275,553.9551502023655,False,6000,559.5866666666667,198.10622109034,2.557540316876571,-0.010063707375028898,0.010063707375028898,548.891829001765,570.2815043315684,0.02862858782056965
30,14,1.675,521.405839375844,False,6000,520.539,172.34429466908432,2.2249552768907574,0.0016652726805177934,0.0016652726805177934,511.2349294674683,529.8430705325317,0.019894786764609984
30,14,1.875,506.19602920155603,False,6000,504.113,160.9048361362973,2.0772725022670424,0.004132068011648242,0.004132068011648242,495.42649287011756,512.7995071298825,0.021737909632260743
30,28,0.325,622.2222222222222,False,6000,622.9876666666667,138.12598227361883,1.7831987634142221,-0.0012286670915012498,0.0012286670915012498,615.5308843930409,630.4444489402924,0.013041952755537656
30,28,0.525,884.2105263157895,False,6000,880.7975,241.80519456600427,3.1216916386019293,0.0038749273423113327,0.0038749273423113327,867.7435570789744,893.8514429210256,0.018976769233812307
30,28,0.725,1414.2916263762593,False,6000,1425.0506666666668,457.7065850366221,5.90896660432102,-0.007549935270423707,0.007549935270423707,1400.3412072757326,1449.760126057601,0.024465081528895927
30,28,0.94,2311.9093117202115,False,6000,2289.7205,799.5491449470846,10.322135076181462,0.009690620195876118,0.009690620195876118,2246.556543495976,2332.884456504024,0.029090195131495244
30,28,1.0,2327.0231991191317,False,6000,2332.9708333333333,815.8934356473037,10.533138961806534,-0.0025493821565285625,0.0025493821565285625,2288.924524246817,2377.0171424198497,0.0210322182404723
30,28,1.06,2283.7179192872563,False,6000,2307.62,812.6683718346802,10.491503567017377,-0.010357892856165033,0.010357892856165033,2263.747797177008,2351.4922028229917,0.02882181937680739
30,28,1.275,2138.5213135312433,False,6000,2152.0376666666666,698.0993413282592,9.01242374320905,-0.0062807233092527755,0.0062807233092527755,2114.3505153576934,2189.72481797564,0.023383533868759465
30,28,1.675,1906.8400914788513,False,6000,1919.402,579.6558060938029,7.483324278445781,-0.006544699089168804,0.006544699089168804,1888.1090667767473,1950.6949332232527,0.022481650512075402
30,28,1.875,1807.5908381045112,False,6000,1807.4065,517.8655289185508,6.685615230254809,0.00010199039591325928,0.00010199039591325928,1779.4493377587057,1835.3636622412944,0.015814724110803313
30,56,0.325,1223.4657694656887,False,6000,1244.4218333333333,198.74489715628718,2.5657855894333537,-0.016840000156145833,0.016840000156145833,1233.6925165046366,1255.15115016203,0.025244274916412235
30,56,0.525,1768.421052631579,False,6000,1768.2236666666668,338.7283436448057,4.372964112749185,0.0001116295232516025,0.0001116295232516025,1749.9372916712534,1786.51004166208,0.010562527610731065
30,56,0.725,3054.5454545454545,False,6000,3056.6145,769.4652500394368,9.933753662960216,-0.0006769075572158774,0.0006769075572158774,3015.0746336966495,3098.154366303351,0.014075771121091485
30,56,0.94,8447.534913641042,False,6000,8522.762333333334,2904.182150194464,37.49283034018669,-0.00882664759969548,0.00882664759969548,8365.97898511394,8679.545681552729,0.02673075025168603
30,56,1.0,9338.353114535563,False,6000,9284.510333333334,3287.711672207051,42.44417517863216,0.005799205264376983,0.005799205264376983,9107.022001923375,9461.998664743292,0.025401400431813048
30,56,1.06,8989.099513176225,False,6000,9008.427,3093.4221571119824,39.935908324279104,-0.0021454896425063957,0.0021454896425063957,8841.42745996922,9175.42654003078,0.02030717874985344
30,56,1.275,7916.841959467577,False,6000,7948.104166666667,2468.7277581998906,31.87113831276049,-0.00393329107716022,0.00393329107716022,7814.82898496127,8081.379348372064,0.020360062535318524
30,56,1.675,6481.310154419746,False,6000,6446.594333333333,1671.6166979400593,21.580478774546947,0.00538514125309669,0.00538514125309669,6356.351487227782,6536.837179438885,0.0196588667953701
30,56,1.875,5953.263661725672,False,6000,5964.635333333334,1454.4003260460843,18.776227471650405,-0.001906515817339403,0.001906515817339403,5886.118993456506,6043.151673210161,0.014874359662851111
30,112,0.325,2454.835216497266,False,6000,2495.9241666666667,281.9254914803377,3.6396424445822966,-0.016462419298690165,0.016462419298690165,2480.7043146681526,2511.1440186651807,0.022423565414557922
30,112,0.525,3518.8536012304216,False,6000,3535.1025,474.57399782013397,6.126723967001513,-0.0045964434608553265,0.0045964434608553265,3509.482447087299,3560.722552912701,0.01175855491690303
30,112,0.725,6109.090909090909,False,6000,6101.1805,1085.167878167729,14.009457066609512,0.001296537463677499,0.001296537463677499,6042.597310475239,6159.7636895247615,0.011004141960676117
30,112,0.94,24708.503456271817,False,6000,25411.348833333333,8272.228364705301,106.79400897509414,-0.02765871979765036,0.02765871979765036,24964.76952350351,25857.928143163157,0.04445153844219529
30,112,1.0,37413.93309426031,False,6000,37277.81883333333,13261.037695650853,171.1992604956151,0.0036513472404471627,0.0036513472404471627,36561.91680540836,37993.720861258305,0.023303381313036775
30,112,1.06,34638.3768235862,False,6000,34636.5235,11478.618307669116,148.18832514358016,5.350778308330519e-05,5.350778308330519e-05,34016.84604241068,35256.200957589324,0.0182712641965872
30,112,1.275,27493.48559757256,False,6000,27363.4705,7696.9858717367215,99.36766032410033,0.004751411103812989,0.004751411103812989,26947.94586905099,27778.99513094901,0.020244204555424306
30,112,1.675,20273.107185302077,False,6000,20263.2965,4465.270090086076,57.64638898407156,0.00048416037844959276,0.00048416037844959276,20022.23724158512,20504.35575841488,0.012529566036502349
30,112,1.875,18076.944991892746,False,6000,17966.7985,3592.963621370966,46.38496089699614,0.006130557533260306,0.006130557533260306,17772.831029140332,18160.76597085967,0.017111171667236746
31,14,0.325,315.42831511301364,False,6000,315.39433333333335,94.88994599814467,1.2250239352444514,0.00010774378639318938,0.00010774378639318938,310.27166447974565,320.51700218692105,0.016619792342025486
31,14,0.525,406.6512061579928,False,6000,408.95733333333334,133.03455520415972,1.7174687225860727,-0.00563904101326101,0.00563904101326101,401.77541363439525,416.1392530322714,0.02280017279106039
31,14,0.725,519.5812435675707,False,6000,523.0353333333334,178.45023068732903,2.303782571929657,-0.006603931982471534,0.006603931982471534,513.4016315850428,532.669035081624,0.024570212743918463
31,14,0.94,587.0525186019303,False,6000,588.6721666666666,205.85412232594547,2.6575652917217707,-0.0027513583220819377,0.0027513583220819377,577.5590556860536,599.7852776472796,0.021228862260999293
31,14,1.0,590.5934444882174,False,6000,589.067,209.5514936296416,2.7052981500016386,0.002591291802490052,0.002591291802490052,577.7542850611555,600.3797149388445,0.022222525663661452
31,14,1.06,585.3395705303193,False,6000,587.71,215.03911009351677,2.776142973918179,-0.004033331863811648,0.004033331863811648,576.1010340553802,599.3189659446199,0.023325468087376344
31,14,1.275,567.0024750321702,False,6000,569.1821666666667,195.84391009549535,2.528334007519987,-0.0038295149815771126,0.0038295149815771126,558.6094606981056,579.7548726352278,0.02199618874282616
31,14,1.675,534.9612372565363,False,6000,535.2546666666667,174.2195919596664,2.249165260809465,-0.0005482052346368017,0.0005482052346368017,525.8493575158533,544.6599758174801,0.017806960290017715
31,14,1.875,519.9522347937684,False,6000,523.0908333333333,169.18836652244536,2.184212419711558,-0.006000102352328667,0.006000102352328667,513.9571367498105,532.2245299168561,0.023058492108593454
31,28,0.325,642.9629629629629,False,6000,641.2508333333334,144.33827110433944,1.8633990673582597,0.0026699842567526914,0.0026699842567526914,633.458678348006,649.0429883186608,0.015003795732569492
31,28,0.525,913.6842105263158,False,6000,908.6495,244.11289294197488,3.151483896529276,0.005540871949322426,0.005540871949322426,895.4709751280658,921.8280248719342,0.020339280561991746
31,28,0.725,1457.8837135163633,False,6000,1488.1905,463.9991994453557,5.990203907018121,-0.020364856840328335,0.020364856840328335,1463.1413314913063,1513.2396685086935,0.036581089000187195
31,28,0.94,2364.5774131066764,False,6000,2322.3115,800.7128917347643,10.337158982607749,0.018199932742302933,0.018199932742302933,2279.084718194939,2365.5382818050607,0.037511854749940454
31,28,1.0,2378.1033944312576,False,6000,2386.8051666666665,835.475450912923,10.785941691836276,-0.0036457823859840062,0.0036457823859840062,2341.7017152387093,2431.9086180946238,0.022124689744930426
31,28,1.06,2335.5988427266625,False,6000,2357.146333333333,816.847656299604,10.545457897456421,-0.009141346170137635,0.009141346170137635,2313.048510291744,2401.244156374922,0.027338042020417563
31,28,1.275,2192.7877887737254,False,6000,2201.3373333333334,720.2338601744431,9.298179152767664,-0.0038837957409562397,0.0038837957409562397,2162.4552418324383,2240.2194248342284,0.021172763495706626
31,28,1.675,1963.6889758594873,False,6000,1962.752,592.5893284403319,7.650295333965476,0.0004773786293364355,0.0004773786293364355,1930.7608457861584,1994.7431542138415,0.01705448406269161
31,28,1.875,1864.9838858838248,False,6000,1865.345,536.6295002250174,6.9278570581836725,-0.00019359106019275707,0.00019359106019275707,1836.3748578231587,1894.3151421768414,0.01557907849739304
31,56,0.325,1264.358257815683,False,6000,1282.0996666666667,203.6920759631817,2.629653393199396,-0.013837776666075998,0.013837776666075998,1271.1032745591233,1293.0960587742102,0.02222402640819221
31,56,0.525,1827.3684210526317,False,6000,1832.2785,349.2118627594601,4.5083057625515295,-0.002679766720707698,0.002679766720707698,1813.4261683452194,1851.1308316547804,0.012836699705826238
31,56,0.725,3156.363636363636,False,6000,3152.2798333333335,793.5444778542836,10.244615157348337,0.001295507774125552,0.001295507774125552,3109.4400410046483,3195.1196256620187,0.01509068987991391
31,56,0.94,8664.414480907564,False,6000,8629.954166666666,2936.8478099671975,37.9145421944956,0.003993105128414389,0.003993105128414389,8471.407350714844,8788.500982618489,0.02278336080443988
31,56,1.0,9543.872810681807,False,6000,9462.444666666666,3377.2706721261907,43.600376895931554,0.008605402396907803,0.008605402396907803,9280.121459500184,9644.767873833149,0.028421109824119606
31,56,1.06,9201.037195449595,False,6000,9202.398333333333,3149.088331387944,40.65455554400537,-0.0001479112112336313,0.0001479112112336313,9032.39363428215,9372.403032384515,0.01867097117284211
31,56,1.275,8142.977264964357,False,6000,8172.940333333333,2472.8103479528536,31.9238443198359,-0.0036661308105690304,0.0036661308105690304,8039.4447515091515,8306.435915157515,0.019678554299670248
31,56,1.675,6710.682383137407,False,6000,6718.208333333333,1755.029655337028,22.657335424068176,-0.0011202317377663347,0.0011202317377663347,6623.462407851474,6812.954258815192,0.015011384458578525
31,56,1.875,6178.549063378733,False,6000,6179.3205,1537.6619294070922,19.851130148969443,-0.000124841658765997,0.000124841658765997,6096.309251650514,6262.331748349486,0.01349009840764781
31,112,0.325,2535.609235673287,False,6000,2572.724833333333,287.9923263676424,3.7179649461913673,-0.014426571073268507,0.014426571073268507,2557.1774610080856,2588.272205658581,0.020346766414351625
31,112,0.525,3635.224555733431,False,6000,3649.8921666666665,499.61160831706707,6.449958128613012,-0.004018642267623797,0.004018642267623797,3622.92044908484,3676.863884248493,0.011324685880661267
31,112,0.725,6312.727272727272,False,6000,6305.504166666667,1143.7237118162764,14.765409628423232,0.0011455239533088553,0.0011455239533088553,6243.759818790807,6367.248514542526,0.01104582109787522
31,112,0.94,25447.51627203466,False,6000,26130.145333333334,8468.98168406366,109.33408340571398,-0.026124196884120175,0.026124196884120175,25672.94422273932,26587.34644392735,0.04287115204582703
31,112,1.0,38238.40970864078,False,6000,38012.984833333336,13398.253285165652,172.9707061390513,0.00593020717251777,0.00593020717251777,37289.675171024755,38736.294495641916,0.025442284848681718
31,112,1.06,35511.13374963824,False,6000,35862.26733333334,11824.966774135186,152.65966461893873,-0.009791170770977,0.009791170770977,35223.89212559788,36500.642541068795,0.027109352672824993
31,112,1.275,28414.13355602941,False,6000,28229.974166666667,7781.042726769891,100.45282965636045,0.00652354083909133,0.00652354083909133,27809.911695289153,28650.03663804418,0.021726852906282623
31,112,1.675,21117.297651013145,False,6000,21118.181666666667,4584.269605615132,59.18266612357416,-4.1860405762010155e-05,4.1860405762010155e-05,20870.698175364094,21365.66515796924,0.01181558343554312
31,112,1.875,18872.35256889896,False,6000,18751.405833333334,3775.9330016308254,48.747085439037235,0.0064500089561619275,0.0064500089561619275,18547.56069276316,18955.25097390351,0.017511298737117986
32,14,0.325,325.2256265774558,False,6000,323.4255,98.0939100332649,1.2663869330773454,0.005565815241704149,0.005565815241704149,318.12986396218554,328.72113603781446,0.022304610220792442
32,14,0.525,418.3921108033688,False,6000,421.38783333333333,136.908916536543,1.7674865123111074,-0.007109181359763716,0.007109181359763716,413.996754803961,428.7789118627057,0.024224141561007384
32,14,0.725,532.6631083606611,False,6000,536.414,179.30936649308651,2.3148739674890875,-0.0069925312153278525,0.0069925312153278525,526.7339174872684,546.0940825127316,0.024594615803692266
32,14,0.94,599.5216925617847,False,6000,604.6078333333334,212.87359684410006,2.748186318081571,-0.008412297180318842,0.008412297180318842,593.1157734229422,616.0998932437245,0.026908299877568154
32,14,1.0,603.1130915384549,False,6000,599.297,210.6607512479549,2.719618604276242,0.006367613284322939,0.006367613284322939,587.9244013780934,610.6695986219066,0.02583442722356688
32,14,1.06,597.952969393444,False,6000,596.7193333333333,210.96430001827937,2.723537402050337,0.002067363987051498,0.002067363987051498,585.3303475187171,608.1083191479496,0.021564953753441474
32,14,1.275,579.9307459530013,False,6000,587.2176666666667,200.25589968533265,2.5852925482035882,-0.012409232772286111,0.012409232772286111,576.4067778072158,598.0285555261175,0.030262450523277473
32,14,1.675,548.3784907969022,False,6000,547.59,178.82074556150877,2.308565898387058,0.001439929138410351,0.001439929138410351,537.9362958690989,557.2437041309012,0.01941158276173338
32,14,1.875,533.5648224465845,False,6000,531.7621666666666,168.2811764905166,2.172500646759873,0.0033899662159451865,0.0033899662159451865,522.6774450727696,540.8468882605637,0.0208300118485103
32,28,0.325,663.7037037037037,False,6000,662.218,148.64748956965008,1.9190308385293182,0.002243526608614889,0.002243526608614889,654.193210260976,670.2427897390239,0.014537744038850109
32,28,0.525,943.1578947368422,False,6000,941.248,252.19373725276813,3.2558071479926,0.0020291089456149153,0.0020291089456149153,927.6332277572179,954.8627722427822,0.016735781465223143
32,28,0.725,1501.3137595206672,False,6000,1527.3333333333333,490.3714485793593,6.330668179344884,-0.017035949680924967,0.017035949680924967,1500.8604491947408,1553.8062174719257,0.0337831432008715
32,28,0.94,2416.79328937391,False,6000,2383.6576666666665,814.206569733743,10.511361616504848,0.013901166753353704,0.013901166753353704,2339.702423660805,2427.612909672528,0.032949004511644286
32,28,1.0,2428.781440081079,False,6000,2429.7415,837.0827844021205,10.806692277954488,-0.00039512841959573095,0.00039512841959573095,2384.551276078753,2474.9317239212473,0.018647093733579312
32,28,1.06,2387.0421920264175,False,6000,2403.616666666667,841.460132298572,10.863203596299531,-0.00689563975408555,0.00689563975408555,2358.190129999168,2449.0432033341654,0.025316422030995045
32,28,1.275,2246.5231795644845,False,6000,2246.6785,737.8524038266204,9.525633573265369,-6.913336087716938e-05,6.913336087716938e-05,2206.845264899399,2286.511735100601,0.017979472913745242
32,28,1.675,2019.9664062436138,False,6000,2015.5463333333332,604.0275267420069,7.797961839075493,0.0021929899785388,0.0021929899785388,1982.9376837508853,2048.154982915781,0.018673669271686677
32,28,1.875,1921.8348932595532,False,6000,1908.3193333333334,543.1888382922,7.012537748504814,0.00708244143951089,0.00708244143951089,1878.9950828633166,1937.64358380335,0.02279932011900465
32,56,0.325,1305.2682978636642,False,6000,1328.2395,209.3444115650704,2.702624732043697,-0.017294472974441512,0.017294472974441512,1316.9379644630526,1339.5410355369472,0.02558543319245532
32,56,0.525,1886.3157894736844,False,6000,1877.8236666666667,366.65909060235015,4.7335485054615285,0.004522321748182101,0.004522321748182101,1858.0294399595487,1897.6178933737847,0.015223843554788674
32,56,0.725,3258.181818181818,False,6000,3247.439,819.8369822055472,10.58404992895677,0.0033080892918444862,0.0033080892918444862,3203.1797970930256,3291.698202906974,0.017171068929289657
32,56,0.94,8879.580087196366,False,6000,8802.662166666667,2927.8555540519537,37.798452669813685,0.00873802936808893,0.00873802936808893,8644.600800978473,8960.723532354861,0.027182202119882204
32,56,1.0,9747.783908178833,False,6000,9772.1085,3397.558121248106,43.86228673788558,-0.002489185606275954,0.002489185606275954,9588.690067384263,9955.526932615738,0.020867104859744634
32,56,1.06,9411.087083661207,False,6000,9482.019833333334,3228.1625002924943,41.67539867494709,-0.0074807636894797785,0.0074807636894797785,9307.746286008398,9656.29338065827,0.02539341829528663
32,56,1.275,8366.852210605037,False,6000,8353.619666666667,2518.705187588169,32.51634415178402,0.001584049126772081,0.001584049126772081,8217.64643493904,8489.592898394294,0.018156752891146155
32,56,1.675,6938.479465002705,False,6000,6947.265666666666,1822.6825219120956,23.530730175962937,-0.0012646992479527133,0.0012646992479527133,6848.867476144349,7045.6638571889835,0.015212816614422198
32,56,1.875,6402.787154577514,False,6000,6400.612666666667,1579.502314728681,20.391287200800825,0.0003397312138839022,0.0003397312138839022,6315.34264963042,6485.882683702914,0.013846359540319098
32,112,0.325,2616.3588571620776,False,6000,2649.3848333333335,297.97965430943316,3.846900795496926,-0.01246552624433355,0.01246552624433355,2633.298291412827,2665.47137525384,0.018425453204158115
32,112,0.525,3751.590408649238,False,6000,3766.4373333333333,507.63279797752034,6.553511241852035,-0.003941901423050045,0.003941901423050045,3739.032588859036,3793.8420778076306,0.01113690772885545
32,112,0.725,6516.363636363636,False,6000,6524.7755,1194.9134861875964,15.426266773877357,-0.001289218860689338,0.001289218860689338,6460.26765320931,6589.283346790689,0.011066409894570528
32,112,0.94,26183.290437407126,False,6000,26860.081,8688.120389326004,112.16315192568239,-0.025196892093991546,0.025196892093991546,26391.04960529891,27329.112394701086,0.041926790037869144
32,112,1.0,39056.45192842437,False,6000,38836.26833333333,13562.546138168731,175.0917177509907,0.005669535322013791,0.005669535322013791,38104.08926055041,39568.447406116255,0.024993712915216015
32,112,1.06,36375.52558737978,False,6000,36205.229,12004.975427577037,154.9835663421171,0.004703646188228232,0.004703646188228232,35557.13595848707,36853.322041512925,0.023016185270044787
32,112,1.275,29327.536032294658,False,6000,29101.629333333334,8018.280044482826,103.51555025836417,0.007762682163729155,0.007762682163729155,28668.759517557286,29534.499149109382,0.022978898488228205
32,112,1.675,21961.19176934338,False,6000,22077.009833333334,4812.04028155922,62.12317290586036,-0.005246093781010365,0.005246093781010365,21817.23005779173,22336.789608874937,0.01681521141168485
32,112,1.875,19669.70988296953,False,6000,19525.072333333334,3989.758066935053,51.507555162120525,0.007407785598277747,0.007407785598277747,19309.683767475806,19740.46089919086,0.0186448478301926
33,14,0.325,334.99926536522497,False,6000,331.0908333333333,98.18084077636948,1.2675092041450702,0.011804712297657484,0.011804712297657484,325.79050430717916,336.39116235948745,0.028265897674424334
33,14,0.525,430.07560058624455,False,6000,432.0618333333333,138.68592204738943,1.7904275548098643,-0.00459710299279408,0.00459710299279408,424.57482250378615,439.54884416288047,0.021552197673679885
33,14,0.725,545.6419496681129,False,6000,546.468,182.45940155242522,2.355540745238382,-0.0015116170240288872,0.0015116170240288872,536.6178616787585,556.3181383212415,0.019190797347261146
33,14,0.94,611.8888613568713,False,6000,616.0576666666667,214.17463934192838,2.764982704504228,-0.006766907605178848,0.006766907605178848,604.4953694955129,627.6199638378205,0.025064694221572204
33,14,1.0,615.5326317091253,False,6000,612.4766666666667,213.0363651375841,2.750287647714752,0.004989520758546401,0.004989520758546401,600.9758196497111,623.9775136836223,0.02422195965870788
33,14,1.06,610.4623127328272,False,6000,617.5333333333333,216.45464418915586,2.7944174405128424,-0.011450427400150271,0.011450427400150271,605.8479492566696,629.218717409997,0.029809038031124224
33,14,1.275,592.741990407232,False,6000,599.1368333333334,203.30434054831818,2.6246477505177253,-0.010673426453391675,0.010673426453391675,588.1613732656627,610.112293401004,0.028470665452326904
33,14,1.675,561.6611886374241,False,6000,559.6285,183.7895479093868,2.3727128608668178,0.003632210720905083,0.003632210720905083,549.7065532353893,569.5504467646108,0.021747303778122618
33,14,1.875,547.0377137056701,False,6000,547.266,175.394700017225,2.264335840599194,-0.00041713955248435885,0.00041713955248435885,537.7972522057904,556.7347477942095,0.017417691507417565
33,28,0.325,684.4444444444443,False,6000,682.77,153.53940262364685,1.9821851644933988,0.002452428261997981,0.002452428261997981,674.4811185242534,691.0588814757466,0.014771838153142758
33,28,0.525,972.6315789473684,False,6000,968.7026666666667,262.17217491775466,3.384628224318139,0.004055849556212383,0.004055849556212383,954.549204773509,982.8561285598244,0.01894336518582085
33,28,0.725,1544.5831010472934,False,6000,1582.3028333333334,507.3543152395286,6.549916045163874,-0.023838503914309684,0.023838503914309684,1554.9131228527133,1609.6925438139535,0.04044837196822193
33,28,0.94,2468.5627297197484,False,6000,2420.3243333333335,827.8650720804794,10.687692123581666,0.019930550514269202,0.019930550514269202,2375.6317310232557,2465.016935643411,0.039118436364909304
33,28,1.0,2479.059058212632,False,6000,2490.2935,857.1888231135707,11.066260121579983,-0.004511292258269264,0.004511292258269264,2444.0178441376474,2536.569155862353,0.022672394922412242
33,28,1.06,2438.052711167614,False,6000,2445.9591666666665,842.0982126406601,10.871441178094363,-0.0032324560470188093,0.0032324560470188093,2400.498182995746,2491.420150337587,0.021420489499830886
33,28,1.275,2299.739952113907,False,6000,2309.6776666666665,749.7685949181541,9.67947093875782,-0.004302641314925032,0.004302641314925032,2269.2011315797927,2350.1542017535403,0.0214514645898628
33,28,1.675,2075.6856134628442,False,6000,2068.2276666666667,614.7242749045422,7.936056264049073,0.003605960270417151,0.003605960270417151,2035.0415491757856,2101.413784157548,0.019972105386998118
33,28,1.875,1978.1528863272226,False,6000,1967.1481666666666,559.7182177612718,7.2259311198610074,0.005594250523184292,0.005594250523184292,1936.9315715284697,1997.3647618048635,0.021281761010392586
33,56,0.325,1346.1961763664026,False,6000,1372.5365,221.31267372432268,2.857134332129792,-0.019190982267937747,0.019190982267937747,1360.588853400918,1384.484146599082,0.027655044174201504
33,56,0.525,1945.2631578947369,False,6000,1944.6366666666668,376.45509656377834,4.860014398621395,0.00032216364054473323,0.00032216364054473323,1924.3135989522082,1964.9597343811254,0.01088676967929536
33,56,0.725,3359.9999999999995,False,6000,3371.1145,861.888929896227,11.12693823922873,-0.003296980864933715,0.003296980864933715,3324.5851071334705,3417.6438928665298,0.016866559148203675
33,56,0.94,9093.061446035405,False,6000,9091.544666666667,3036.494200418703,39.200971563590144,0.00016683406663545075,0.00016683406663545075,8927.618403447075,9255.470929886258,0.018531598810770156
33,56,1.0,9950.09329560279,False,6000,9983.587166666666,3457.778659526713,44.639730544061216,-0.0033548934370709956,0.0033548934370709956,9796.917706004268,10170.256627329065,0.021647765616322978
33,56,1.06,9619.279671499675,False,6000,9604.5185,3190.2405169125377,41.18582797466133,0.0015368986482429778,0.0015368986482429778,9432.292184982802,9776.744815017199,0.019824183014026664
33,56,1.275,8588.520418877592,False,6000,8554.989333333333,2623.8875767117183,33.87424295641674,0.003919477189014052,0.003919477189014052,8413.337791400749,8696.640875265917,0.02082201283489371
33,56,1.675,7164.683918799996,False,6000,7149.6085,1886.4525007892562,24.353997063227077,0.0021085656368450847,0.0021085656368450847,7047.767663566658,7251.449336433343,0.01658911882662295
33,56,1.875,6625.922713500076,False,6000,6615.2553333333335,1643.317260018406,21.215134601954965,0.0016125424687677076,0.0016125424687677076,6526.540242857636,6703.970423809031,0.01522743550860639
33,112,0.325,2697.085735461218,False,6000,2731.933666666667,304.13781509098294,3.926402309330959,-0.012755775014101267,0.012755775014101267,2715.5146741572257,2748.352659176108,0.018653691892021707
33,112,0.525,3867.953155106479,False,6000,3902.8561666666665,530.4543047616941,6.8481356275535825,-0.00894294077713796,0.00894294077713796,3874.2193947023598,3931.492938630973,0.016161744282979784
33,112,0.725,6719.999999999999,False,6000,6690.317166666667,1196.1935951556868,15.442792909593173,0.004436685525347274,0.004436685525347274,6625.740212719565,6754.894120613769,0.014226302911708233
33,112,0.94,26915.86193499643,False,6000,27803.704,8815.975076292372,113.81374883686674,-0.03193251032321352,0.03193251032321352,27327.77032270387,28279.637677296134,0.04822465400235987
33,112,1.0,39868.08730791567,False,6000,39824.924166666664,13843.729394507127,178.72177798109396,0.0010838223085717024,0.0010838223085717024,39077.565311724065,40572.28302160926,0.020229561127607765
33,112,1.06,37231.73457267079,False,6000,37498.35083333333,12192.81804927583,157.4086041606083,-0.007110079636503215,0.007110079636503215,36840.11703836723,38156.58462829943,0.024238281927956074
33,112,1.275,30233.717319496696,False,6000,30145.9585,8229.125502417222,106.23755341570882,0.0029111305084791265,0.0029111305084791265,29701.706114143217,30590.210885856784,0.017911806254797824
33,112,1.675,22804.427913473024,False,6000,22681.343,4997.6047902261025,64.5188004115737,0.005426703060441497,0.005426703060441497,22411.54545578038,22951.140544219623,0.017530359897216075
33,112,1.875,20468.611830287813,False,6000,20332.16016666667,4123.003409493993,53.22774513775544,0.006711124765033517,0.006711124765033517,20109.578301676844,20554.742031656493,0.017853856665956513
34,14,0.325,344.7492096995082,False,6000,343.0043333333333,104.60597042902054,1.3504572712848737,0.005087038840641115,0.005087038840641115,337.35714130493295,348.65152536173366,0.02191169976714269
34,14,0.525,441.70223997198326,False,6000,448.5145,143.86735010240363,1.8573195033653374,-0.015188494525855323,0.015188494525855323,440.7477678592504,456.2812321407496,0.03195176821182322
34,14,0.725,558.519385331063,False,6000,560.8695,185.16914719231346,2.3905234110241995,-0.004190127416336719,0.004190127416336719,550.8730750575091,570.8659249424909,0.021627739670522006
34,14,0.94,624.1546104464405,False,6000,628.4938333333333,219.17707771085736,2.829563906148531,-0.006904161436046122,0.006904161436046122,616.6614776754247,640.3261889912419,0.025255219640911153
34,14,1.0,627.8524569687686,False,6000,633.5636666666667,223.27648930941047,2.8824870823166835,-0.009014421120368462,0.009014421120368462,621.5100027564133,645.61733057692,0.02751610399348614
34,14,1.06,622.8683160530318,False,6000,625.563,219.7319618387569,2.8367274294366305,-0.004307614016443127,0.004307614016443127,613.7006887170835,637.4253112829165,0.02283717789710371
34,14,1.275,605.4380084045006,False,6000,607.0813333333333,204.28774387761328,2.637343432907608,-0.002706927125908543,0.002706927125908543,596.052783872972,618.1098827936946,0.02050100595693516
34,14,1.675,574.812514464113,False,6000,575.7828333333333,186.43953520830019,2.4069240497879933,-0.0016852167397957574,0.0016852167397957574,565.7178260236274,585.8478406430393,0.018836505681771754
34,14,1.875,560.3744006122847,False,6000,555.3255,174.3717287857083,2.2511293387881492,0.00909178601069946,0.00909178601069946,545.9119776863267,564.7390223136733,0.02649222496867054
34,28,0.325,705.1851851851851,False,6000,700.726,160.3422896981463,2.0700100589789523,0.006363664521061165,0.006363664521061165,692.0698621477802,709.3821378522198,0.018950865735870348
34,28,0.525,1002.1052631578948,False,6000,1000.0838333333334,264.9995671702232,3.421129701341494,0.002021260375566619,0.002021260375566619,985.777733623005,1014.3899330436617,0.016563094273677192
34,28,0.725,1587.6927919351006,False,6000,1616.1745,511.42771476947,6.602503406970248,-0.017622916377470082,0.017622916377470082,1588.5648855381862,1643.784114461814,0.034123290299029385
34,28,0.94,2519.890852210312,False,6000,2498.3026666666665,846.6083998461177,10.929667444544412,0.00864114097610492,0.00864114097610492,2452.598198870234,2544.007134463099,0.02743729216268531
34,28,1.0,2528.9378167000764,False,6000,2528.8071666666665,869.0804372724734,11.219780200236498,5.1664688052157186e-05,5.1664688052157186e-05,2481.8895376128453,2575.7247957204877,0.018956637019584388
34,28,1.06,2488.6346397769953,False,6000,2515.478833333333,874.534993274168,11.29019821542156,-0.010671603831691084,0.010671603831691084,2468.266738055023,2562.6909286116434,0.02889786201208766
34,28,1.275,2352.4491754225483,False,6000,2358.358333333333,759.9381143138038,9.810758869618768,-0.0025056234361267708,0.0025056234361267708,2317.3327929781344,2399.383873688532,0.019561146001132235
34,28,1.675,2130.8585715348536,False,6000,2126.2826666666665,639.6252276436533,8.257526181593324,0.002152067991675181,0.002152067991675181,2091.7522620262935,2160.8130713070395,0.018695478531801646
34,28,1.875,2033.9462392902426,False,6000,2031.1621666666667,583.4726748206374,7.532599841824748,0.001370679638123035,0.001370679638123035,1999.6631783725684,2062.661154960765,0.017144417764183517
34,56,0.325,1387.1421815076178,False,6000,1409.2516666666668,220.7601537977503,2.850001330549583,-0.01568881249673808,0.01568881249673808,1397.333848060309,1421.1694852730245,0.023943170830796223
34,56,0.525,2004.2105263157896,False,6000,2004.9583333333333,392.44909858441366,5.066496076838489,-0.0003729788320839573,0.0003729788320839573,1983.771823500392,2026.1448431662745,0.010825641081122273
34,56,0.725,3461.8181818181815,False,6000,3449.1325,871.7208462667695,11.253867733776781,0.0036779340365095756,0.0036779340365095756,3402.0723274894035,3496.192672510597,0.017561606155759746
34,56,0.94,9304.884674076458,False,6000,9282.576,3121.3355504485176,40.29626868270756,0.002403284829174497,0.002403284829174497,9114.069545099168,9451.08245490083,0.020936325758003083
34,56,1.0,10150.80724445031,False,6000,10047.702333333333,3412.0199596566554,44.04898826892509,0.010261541165976463,0.010261541165976463,9863.503173018767,10231.901493647898,0.02912799503298702
34,56,1.06,9825.642106632537,False,6000,9858.7795,3207.001165880582,41.40220702241088,-0.0033612064624697234,0.0033612064624697234,9685.648355145127,10031.910644854874,0.020561241574467926
34,56,1.275,8808.030062831574,False,6000,8794.517666666667,2694.0361256168985,34.77985682865133,0.001536456765118918,0.001536456765118918,8649.079129359377,8939.956203973956,0.018377786940650953
34,56,1.675,7389.281068875133,False,6000,7410.538166666666,1946.144665928022,25.124619601498754,-0.002868495824925303,0.002868495824925303,7305.474826606169,7515.601506727164,0.016807761526334453
34,56,1.875,6847.906276688372,False,6000,6846.086,1676.4294197899465,21.642610746462083,0.0002658857467422189,0.0002658857467422189,6755.5833373241885,6936.588662675812,0.013666168375735088
34,112,0.325,2777.7914461257164,False,6000,2828.5436666666665,314.8040809161297,4.064103209021008,-0.017942880337696757,0.017942880337696757,2811.548851849058,2845.538481484275,0.023808159966693054
34,112,0.525,3984.3147080438234,False,6000,4012.5815,539.8164490431227,6.969000390509463,-0.007044540268198004,0.007044540268198004,3983.43930921172,4041.72369078828,0.01420408398409334
34,112,0.725,6923.636363636363,False,6000,6933.135166666667,1246.4704067789983,16.091863756651485,-0.0013700588264848042,0.0013700588264848042,6865.844000436575,7000.426332896759,0.010969327525030992
34,112,0.94,27645.26089661935,False,6000,28362.799166666668,8901.064723187166,114.91225145472742,-0.02529857035022841,0.02529857035022841,27882.27189329114,28843.326440042194,0.04153701016120004
34,112,1.0,40673.34093310125,False,6000,40638.14483333333,13823.644882766293,178.46248804946413,0.0008660852977483927,0.0008660852977483927,39891.87024819036,41384.419418476304,0.01958972291970551
34,112,1.06,38079.92326079396,False,6000,38420.757666666665,12355.617672471333,159.51033825862507,-0.008871100586556236,0.008871100586556236,37753.73507379003,39087.7802595433,0.025784452124350765
34,112,1.275,31132.701614575377,False,6000,31113.546166666667,8490.36708979193,109.61016780650559,0.0006156626379423118,0.0006156626379423118,30655.190557029648,31571.901776303686,0.015576841926896012
34,112,1.675,23646.667915381462,False,6000,23518.023666666668,5259.412643093487,67.89872525844602,0.005470028032037764,0.005470028032037764,23234.092328614614,23801.955004718722,0.01775733611330832
34,112,1.875,21268.674324917825,False,6000,21194.417166666666,4370.533597681186,56.423346126197394,0.0035036187910817583,0.0035036187910817583,20958.47229285635,21430.362040476983,0.014800794052494348
35,14,0.325,354.47540544672466,False,6000,353.13033333333334,106.02850727020484,1.3688221429357845,0.003808996244232747,0.003808996244232747,347.40634512707913,358.85432153958754,0.02034810365095585
35,14,0.525,453.2724952396702,False,6000,460.232,148.52112284112428,1.9173994510790011,-0.015121731562189985,0.015121731562189985,452.214032215584,468.24996778441607,0.03198606209331667
35,14,0.725,571.2968328322731,False,6000,577.888,187.9483977657266,2.4264033816434214,-0.011405613488646405,0.011405613488646405,567.7415361866996,588.0344638133005,0.028463690499510363
35,14,0.94,636.3194669024898,False,6000,635.9826666666667,219.4937659367643,2.83365233356479,0.0005295745520682134,0.0005295745520682134,624.1332144776759,647.8321188556574,0.01952508237366013
35,14,1.0,640.0729251917113,False,6000,642.04,223.14018909794154,2.880727454153005,-0.0030637885619099396,0.0030637885619099396,629.9936943071076,654.0863056928923,0.02142436002590853
35,14,1.06,635.1716247826342,False,6000,641.137,222.67364495233693,2.874704395132347,-0.00930436898411058,0.00930436898411058,629.1158808654766,653.1581191345233,0.027537733704852907
35,14,1.275,618.0204044515966,False,6000,619.7865,210.49848103847032,2.717523704879844,-0.002849522453947331,0.002849522453947331,608.4226615954088,631.1503384045913,0.020803179772008407
35,14,1.675,587.8353033762083,False,6000,587.4711666666667,189.98067518775784,2.4526399703447557,0.0006198375855750762,0.0006198375855750762,577.2149896045897,597.7273437287437,0.018399234189836022
35,14,1.875,573.5780031365978,False,6000,570.8765,181.63746477306069,2.344929587044668,0.004732202388078346,0.004732202388078346,561.0707342399921,580.6822657600078,0.022291786281720016
35,28,0.325,725.9259259259259,False,6000,725.8723333333334,165.0946730709432,2.131363064504404,7.383198137116188e-05,7.383198137116188e-05,716.9596363058706,734.7850303607961,0.012505989411417895
35,28,0.525,1031.578947368421,False,6000,1030.505,271.4963186064153,3.5050024017308976,0.001042156387810764,0.001042156387810764,1015.8481707589337,1045.1618292410665,0.015485361949054699
35,28,0.725,1630.6436330449553,False,6000,1667.7376666666667,523.0931423629576,6.753103429623467,-0.022242127381971146,0.022242127381971146,1639.4982897788302,1695.977043554503,0.03852257951122917
35,28,0.94,2570.7821973314185,False,6000,2529.6896666666667,851.1755414289953,10.988628988845267,0.016244099506046862,0.016244099506046862,2483.738640041578,2575.6406932917553,0.03504537711278011
35,28,1.0,2578.419147040718,False,6000,2574.2865,863.5469097248274,11.14834266677712,0.0016053562960913572,0.0016053562960913572,2527.6676004788033,2620.905399521197,0.020078410053719686
35,28,1.06,2538.7917805881675,False,6000,2541.437,860.3586602119492,11.107182542554018,-0.0010408361143055627,0.0010408361143055627,2494.9902193087305,2587.8837806912693,0.018969940021799747
35,28,1.275,2404.660716044768,False,6000,2427.8455,790.1599032739346,10.200920487402707,-0.009549530213200132,0.009549530213200132,2385.18842518267,2470.50257481733,0.026651200222865712
35,28,1.675,2185.496138532146,False,6000,2176.996166666667,643.0827598824135,8.302162730858969,0.0039044496244997136,0.0039044496244997136,2142.2791058687476,2211.713227464586,0.020173390360296972
35,28,1.875,2089.2227161299625,False,6000,2100.7985,604.8794321341952,7.808959890397125,-0.005510182851919122,0.005510182851919122,2068.1438599896637,2133.453140010336,0.020731846906259843
35,56,0.325,1428.1066027030163,False,6000,1454.3346666666666,230.68829658203052,2.9781731027572054,-0.01803440746122421,0.01803440746122421,1441.8808735976825,1466.7884597356508,0.026371803497558077
35,56,0.525,2063.157894736842,False,6000,2057.7785,394.50288320690356,5.093010322303824,0.002614175790466363,0.002614175790466363,2036.4811158441055,2079.075884155894,0.013099448202680275
35,56,0.725,3563.6363636363635,False,6000,3577.1341666666667,905.2611215089589,11.686870825244156,-0.003773356659663973,0.003773356659663973,3528.263309983826,3626.0050233495076,0.017200378739556044
35,56,0.94,9515.072755734338,False,6000,9534.650666666666,3147.2419042022834,40.63071827153854,-0.00205334328616498,0.00205334328616498,9364.745647670466,9704.555685662866,0.019525152522795408
35,56,1.0,10349.93148071062,False,6000,10340.375166666667,3528.815202047991,45.55680836458477,0.0009241747895917124,0.0009241747895917124,10149.87077196555,10530.879561367783,0.019710665607452604
35,56,1.06,10030.198649341377,False,6000,10119.210333333333,3369.3850089172465,43.49857342165808,-0.00879630732634792,0.00879630732634792,9937.312836613677,10301.107830052988,0.026299033577849462
35,56,1.275,9025.424550044487,False,6000,8994.332666666667,2742.829767081451,35.40978003129476,0.003456830487607746,0.003456830487607746,8846.25998656633,9142.405346767004,0.020253142429708104
35,56,1.675,7612.2585924449795,False,6000,7591.686166666666,2011.6687478808494,25.970531862094855,0.002709862516267054,0.002709862516267054,7483.085484791407,7700.286848541926,0.017262011494603824
35,56,1.875,7068.693454443394,False,6000,7023.479166666667,1739.3613579572527,22.455058574683857,0.00643759121423948,0.00643759121423948,6929.5791000177105,7117.379233315623,0.020075440718373194
35,112,0.325,2858.477493371025,False,6000,2902.7071666666666,334.21050481030636,4.314639064192968,-0.015237387292646825,0.015237387292646825,2884.664688872791,2920.749644460542,0.021320605553311167
35,112,0.525,4100.676906324864,False,6000,4121.242833333334,557.958793461643,7.203217049823091,-0.004990224512404111,0.004990224512404111,4091.1212213671174,4151.36444529955,0.012209850434133362
35,112,0.725,7127.272727272727,False,6000,7081.805333333334,1285.9903969269706,16.602064635602744,0.0064203111776290935,0.0064203111776290935,7012.38066580871,7151.230000857958,0.016384173498197763
35,112,0.94,28371.512254203346,False,6000,29240.584666666666,9187.176346137809,118.60593662420814,-0.029721444436575668,0.029721444436575668,28744.61155143591,29736.55778189742,0.04590462479571411
35,112,1.0,41472.235707937965,False,6000,41862.01633333333,14294.492100250847,184.54109948921672,-0.009311081011761927,0.009311081011761927,41090.322886893366,42633.7097797733,0.027243091859352364
35,112,1.06,38920.23717688976,False,6000,39084.77416666667,12613.29526778859,162.83694170980675,-0.004209746462274234,0.004209746462274234,38403.840753440054,39765.707579893286,0.021261294076180937
35,112,1.275,32024.512815882117,False,6000,31864.379666666668,8725.061436232463,112.64005879054966,0.005025459490835933,0.005025459490835933,31393.353995876412,32335.405337456923,0.020104854680025985
35,112,1.675,24487.59529948701,False,6000,24373.254,5398.200978701307,69.6904749666358,0.004691261145803866,0.004691261145803866,24081.830122284435,24664.677877715567,0.016849432752500615
35,112,1.875,22069.533007142978,False,6000,21875.510166666667,4546.806121944105,58.699014629078164,0.008869408713126062,0.008869408713126062,21630.04915539535,22120.971177937983,0.020318208645309754
36,14,0.325,364.1777688991446,False,6000,362.7928333333333,109.55072406042136,1.4142937661699204,0.003817428125816444,0.003817428125816444,356.8786969500828,368.7069697165838,0.020452529140686515
36,14,0.525,464.7867452386093,False,6000,469.973,149.78323039318465,1.933693189513176,-0.011035218536789832,0.011035218536789832,461.88689687227856,478.05910312772147,0.027763006294153292
36,14,0.725,583.9755345827223,False,6000,581.8688333333333,199.06809633841928,2.5699580729330385,0.0036205775747093307,0.0036205775747093307,571.1220684771729,592.6155981894938,0.02250563726213839
36,14,0.94,648.3839070092911,False,6000,645.5185,225.85132822610007,2.9157281097950354,0.004438923143629596,0.004438923143629596,633.3258324578783,657.7111675421218,0.023776188779437213
36,14,1.0,652.1943640010156,False,6000,648.6396666666667,222.01735392561002,2.8662317144097518,0.005480234276476456,0.005480234276476456,636.6539776461152,660.6253556872182,0.024409470293985214
36,14,1.06,647.3728229924728,False,6000,650.266,220.6773270133937,2.848932041361473,-0.004449220791994552,0.004449220791994552,638.35265282825,662.1793471717499,0.02236029293652475
36,14,1.275,630.4906141599389,False,6000,632.3791666666667,208.8912388243744,2.6967742971181274,-0.002986424294593016,0.002986424294593016,621.1020958278457,643.6562375054878,0.020454432938570855
36,14,1.675,600.7320890760691,False,6000,602.5216666666666,193.66712857375637,2.50023187891323,-0.00297014645215673,0.00297014645215673,592.066475054186,612.9768582791473,0.01997590779765135
36,14,1.875,586.6513177377473,False,6000,586.5948333333333,182.66640589504317,2.3582131598102216,9.629202509841913e-05,9.629202509841913e-05,576.733519806043,596.4561468606237,0.01719649992779959
36,28,0.325,746.6666666666666,False,6000,750.6883333333334,167.8130360442834,2.166456979586715,-0.0053573054063716105,0.0053573054063716105,741.6288844746856,759.7477821919812,0.017217708076190275
36,28,0.525,1061.0526315789475,False,6000,1052.7766666666666,289.9314341270559,3.742998719720401,0.007861083147373013,0.007861083147373013,1037.124610891361,1068.4287224419722,0.023071500219266294
36,28,0.725,1673.436198423187,False,6000,1706.9033333333334,527.3581601660658,6.808164572699188,-0.019606930431607925,0.019606930431607925,1678.4337078809083,1735.3729587857586,0.035690748809356077
36,28,0.94,2621.240806322659,False,6000,2592.2708333333335,853.514676323586,11.018827090482874,0.011175519400522567,0.011175519400522567,2546.1935276452436,2638.3481390214233,0.02947430266497464
36,28,1.0,2627.5043597268073,False,6000,2639.6305,904.5736105329196,11.677995096709038,-0.0045938779208654235,0.0045938779208654235,2590.7967588516494,2688.464241148351,0.022674611210564355
36,28,1.06,2588.527556166496,False,6000,2611.3683333333333,890.4734883772824,11.495963302414795,-0.008746670040867646,0.008746670040867646,2563.295792498026,2659.4408741686407,0.02666474697404675
36,28,1.275,2456.383400819825,False,6000,2451.2005,787.1019056437746,10.161441907754869,0.002114433649889161,0.002114433649889161,2408.7085123165025,2493.6924876834973,0.019792718072587645
36,28,1.675,2239.6081803963616,False,6000,2233.945333333333,653.6224545284019,8.438229603652385,0.0025349085219461475,0.0025349085219461475,2198.659283219197,2269.2313834474694,0.018624485153156067
36,28,1.875,2143.989513265367,False,6000,2146.0356666666667,615.7311043467207,7.949054376255836,-0.0009534573134462172,0.0009534573134462172,2112.7951951157206,2179.2761382176127,0.016191901674794673
36,56,0.325,1469.0897303987247,False,6000,1494.2216666666666,240.13805941267475,3.100169016319522,-0.016819416307894016,0.016819416307894016,1481.257724653902,1507.1856086794312,0.025276169080519217
36,56,0.525,2122.105263157895,False,6000,2127.072833333333,410.4532671442517,5.2989288934870356,-0.002335402012376543,0.002335402012376543,2104.9143617973255,2149.231304869341,0.012621276104618717
36,56,0.725,3665.454545454545,False,6000,3656.0775,934.5435390774945,12.06490521050959,0.002564783009809056,0.002564783009809056,3605.6258211672653,3706.5291788327345,0.016593159483174302
36,56,0.94,9723.645938345004,False,6000,9706.041166666666,3177.265664265768,41.01832334725989,0.0018137952823441166,0.0018137952823441166,9534.51530387161,9877.567029461721,0.01983641836482186
36,56,1.0,10547.471246352718,False,6000,10540.900333333333,3578.529615093454,46.19861867722329,0.0006233730337631059,0.0006233730337631059,10347.712087644597,10734.08857902207,0.01930466918833562
36,56,1.06,10232.971056626922,False,6000,10263.776666666667,3352.4192335647926,43.279546203672915,-0.003001391304605324,0.003001391304605324,10082.795073608468,10444.758259724866,0.020276888926630043
36,56,1.275,9240.743106900052,False,6000,9221.934666666666,2797.250381597575,36.112347143665836,0.0020395330170111235,0.0020395330170111235,9070.924069550545,9372.945263782787,0.018721250012394997
36,56,1.675,7833.606145831923,False,6000,7806.490666666667,2043.6424086163586,26.3833100472479,0.003473453094748184,0.003473453094748184,7696.163874883113,7916.81745845022,0.017858542669207056
36,56,1.875,7288.244336312287,False,6000,7279.659,1833.6123480967422,23.671833625263197,0.0011793596804859853,0.0011793596804859853,7180.670758765963,7378.647241234036,0.014980992884961353
36,112,0.325,2939.145316773892,False,6000,2992.329166666667,341.30968127551597,4.406289038264783,-0.01777339554926695,0.01777339554926695,2973.9034372039036,3010.75489612943,0.023784592843342445
36,112,0.525,4217.041521838451,False,6000,4251.340333333334,574.8413751702784,7.42117024248486,-0.008067764235659193,0.008067764235659193,4220.307308945314,4282.373357721353,0.015255987842607177
36,112,0.725,7330.90909090909,False,6000,7353.481,1302.224148880671,16.811641472146555,-0.0030695542819665525,0.0030695542819665525,7283.179947368025,7423.782052631975,0.012510195081758657
36,112,0.94,29094.63630557211,False,6000,29997.619833333334,9495.395992048687,122.58503514283073,-0.03010183917184759,0.03010183917184759,29485.007366445636,30510.232300221032,0.04639741778166229
36,112,1.0,42264.79260030185,False,6000,42246.05216666667,14180.438806676739,183.06867780057462,0.00044360200951438453,0.00044360200951438453,41480.51592949155,43011.588403841786,0.018907109837867253
36,112,1.06,39752.80704329595,False,6000,39767.599833333334,12818.628055265373,165.48777659756652,-0.0003719809618729873,0.0003719809618729873,39075.58145358088,40459.618213085785,0.017469546204497588
36,112,1.275,32909.17438365188,False,6000,32648.376,8892.329805053958,114.79948414652608,0.00798809667138971,0.00798809667138971,32168.3202844127,33128.4317155873,0.023030549705082448
36,112,1.675,25326.913676059856,False,6000,25162.875333333333,5643.204359525308,72.8534550122887,0.00651906193364239,0.00651906193364239,24858.22485742795,25467.525809238716,0.018854476589540425
36,112,1.875,22870.842069850725,False,6000,22726.872,4762.440803063395,61.48284639187735,0.006334794768533296,0.006334794768533296,22469.769870661818,22983.97412933818,0.017849412855472924
37,14,0.325,373.85618927527486,False,6000,371.21633333333335,112.75399968055628,1.4556478766035696,0.007111367967667115,0.007111367967667115,365.12926693019386,377.30339973647284,0.02390091163727348
37,14,0.525,476.2452907847587,False,6000,476.7285,150.4006056441031,1.9416634697304018,-0.0010135941426646158,0.0010135941426646158,468.6090676408664,484.8479323591336,0.017742968465425557
37,14,0.725,596.5565795406185,False,6000,596.0093333333333,196.73392764324242,2.5398240846541764,0.0009181839556514507,0.0009181839556514507,585.3885794380606,606.630087228606,0.01907792617559867
37,14,0.94,660.3483626736087,False,6000,658.741,225.6819287725443,2.9135411722534417,0.002440052575456349,0.002440052575456349,646.5574775500734,670.9245224499266,0.02132971251959148
37,14,1.0,664.2170740847864,False,6000,659.9666666666667,226.164161455516,2.919766769420596,0.006440336509095996,0.006440336509095996,647.757110706875,672.1762226264584,0.025410702724589562
37,14,1.06,659.4724408165584,False,6000,658.9331666666667,228.0696918283839,2.9443670607532955,0.0008184049265872735,0.0008184049265872735,646.6207399444568,671.2455933888766,0.019875175784193955
37,14,1.275,642.8499265500573,False,6000,649.9548333333333,219.20417926066048,2.829913785652011,-0.010931385411564873,0.010931385411564873,638.1210145882284,661.7886520784383,0.028617483042209013
37,14,1.675,613.5051435717598,False,6000,612.646,195.7388591146239,2.526977805188594,0.0014023491082287114,0.0014023491082287114,602.0789652475206,623.2130347524793,0.018977873308597903
37,14,1.875,599.5968585787579,False,6000,603.5345,187.83287609283653,2.424912003259324,-0.006524302125631791,0.006524302125631791,593.3942726669652,613.6747273330348,0.022940277849566648
37,28,0.325,767.4074074074074,False,6000,770.858,176.09067973797409,2.2733209001583914,-0.004476301202805909,0.004476301202805909,761.3516794829828,780.3643205170171,0.016603671860632052
37,28,0.525,1090.5263157894738,False,6000,1089.7626666666667,292.49791881591364,3.7761318945812086,0.0007007481043031479,0.0007007481043031479,1073.9720582655743,1105.5532750677592,0.015414048621184673
37,28,0.725,1716.0708582847774,False,6000,1748.8523333333333,551.521574557535,7.120112911118085,-0.018744564320118437,0.018744564320118437,1719.0782370120774,1778.6264296545892,0.03517071956586193
37,28,0.94,2671.270287110878,False,6000,2643.3101666666666,869.2377014719558,11.221810472321664,0.010577691864088152,0.010577691864088152,2596.3840476468326,2690.2362856865007,0.028842512544289045
37,28,1.0,2676.1946575107613,False,6000,2665.712666666667,888.14857864878,11.46594884688171,0.00393215329437651,0.00393215329437651,2617.7656369435044,2713.659696389829,0.02232018777489886
37,28,1.06,2637.8450568632784,False,6000,2647.3496666666665,883.4772023437084,11.405641638103678,-0.0035902358963240295,0.0035902358963240295,2599.6548229222153,2695.0445104111177,0.02122393649784793
37,28,1.275,2507.6251535848282,False,6000,2518.031,814.7965500307364,10.518978229387669,-0.004132533084450394,0.004132533084450394,2474.043906689453,2562.018093310547,0.021230505696950175
37,28,1.675,2293.2036796984085,False,6000,2284.0156666666667,659.242465404488,8.510783632081004,0.004022745187711836,0.004022745187711836,2248.426218185413,2319.6051151479205,0.01991502374008669
37,28,1.875,2198.2533016570515,False,6000,2194.7561666666666,619.6728207525609,7.999941716240141,0.0015934047906999357,0.0015934047906999357,2161.3029000967176,2228.2094332366155,0.017096354961944726
37,56,0.325,1510.0918558709789,False,6000,1531.7126666666666,248.64585974195649,3.2100042462800755,-0.014115448194823119,0.014115448194823119,1518.2894279043792,1545.135905428954,0.022680237663784242
37,56,0.525,2181.0526315789475,False,6000,2180.836333333333,407.3885660977573,5.259363773106445,9.918132888208122e-05,9.918132888208122e-05,2158.84331081757,2202.8293558490964,0.010287601999686924
37,56,0.725,3767.272727272727,False,6000,3756.8341666666665,963.3706072018402,12.437061059728181,0.0027785524042234565,0.0027785524042234565,3704.8262478923084,3808.8420854410247,0.016855440768900998
37,56,0.94,9930.622069630248,False,6000,9920.496,3253.40159945124,42.00123404399742,0.0010207221121049615,0.0010207221121049615,9744.85991056596,10096.132089434039,0.01906257871012329
37,56,1.0,10743.431352386277,False,6000,10741.4875,3592.103610082539,46.37385819900405,0.000180966778230416,0.000180966778230416,10547.566457168026,10935.408542831972,0.018569676333742624
37,56,1.06,10433.978905692471,False,6000,10500.0115,3400.0038995252953,43.89386159967248,-0.006288811617732943,0.006288811617732943,10316.461031138784,10683.561968861217,0.023361409228138674
37,56,1.275,9454.02127938546,False,6000,9449.218166666667,2862.104185495596,36.94960615178329,0.0005083079503589906,0.0005083079503589906,9294.706412944644,9603.72992038869,0.017140387158322667
37,56,1.675,8053.315054924325,False,6000,8026.0485,2143.9092360957166,27.67774922392992,0.003397257682198748,0.003397257682198748,7910.308766426105,8141.788233573895,0.01807847110914107
37,56,1.875,7506.522974184242,False,6000,7490.534333333333,1896.7091465884662,24.48640979112137,0.00213451272491453,0.00213451272491453,7388.139788080523,7592.928878586143,0.01602340907175437
37,112,0.325,3019.796297202301,False,6000,3057.0706666666665,349.5324879982545,4.512445016585612,-0.012192838677493923,0.012192838677493923,3038.201025939706,3075.940307393627,0.01825263320499837
37,112,0.525,4333.410265740752,False,6000,4357.567333333333,596.7056209437782,7.703436441678695,-0.00554370494927094,0.00554370494927094,4325.3539595452485,4389.780707121418,0.012841288697911013
37,112,0.725,7534.545454545454,False,6000,7556.897,1343.3766265836032,17.34291767480865,-0.0029577676465017168,0.0029577676465017168,7484.374315628654,7629.419684371346,0.012435314054126456
37,112,0.94,29814.64920762605,False,6000,30631.412333333334,9696.062475453762,125.17562830406361,-0.02666423333077838,0.02666423333077838,30107.966812072114,31154.857854594553,0.04301764601923408
37,112,1.0,43051.03085423157,False,6000,42973.20133333333,14286.393096967655,184.43654180642775,0.0018111175915085371,0.0018111175915085371,42201.94511458305,43744.45755208361,0.02011958779016343
37,112,1.06,40577.75066139447,False,6000,40781.203166666666,13219.502033469042,170.66303740260227,-0.004988879421745229,0.004988879421745229,40067.54345683697,41494.862876496365,0.022101825419487464
37,112,1.275,33786.709246301674,False,6000,33840.965833333335,9324.537078516056,120.37925605395415,-0.001603281280412466,0.001603281280412466,33337.577248127775,34344.3544185389,0.01623688031638204
37,112,1.675,26164.34527505117,False,6000,25988.176166666668,5731.610846694697,73.99477785396785,0.0067788176921189285,0.0067788176921189285,25678.753033832105,26297.59929950123,0.018910273430306157
37,112,1.875,23672.273182716704,False,6000,23486.530833333334,4807.7662284475255,62.06799511745236,0.00790846254397669,0.00790846254397669,23226.9817941308,23746.07987253587,0.019171297955657085
38,14,0.325,383.51053096507826,False,6000,380.3566666666667,114.0914235648064,1.4729139447053055,0.008291860179686373,0.008291860179686373,374.19739894015385,386.5159343931795,0.024888286373187407
38,14,0.525,487.6483628885293,False,6000,492.72866666666664,152.05249106222692,1.9629892187778566,-0.01031055045468709,0.01031055045468709,484.5200566618709,500.93727667146237,0.026528099228775415
38,14,0.725,609.0409217650745,False,6000,610.155,198.88211581486783,2.5675570746982594,-0.00182589380555023,0.00182589380555023,599.418275371235,620.8917246287649,0.01908674635787122
38,14,0.94,672.2132268610258,False,6000,674.8048333333334,225.77398741264295,2.914729644186697,-0.0038405274299916393,0.0038405274299916393,662.6163410636501,686.9933256030166,0.021514180984243847
38,14,1.0,676.1413320701334,False,6000,672.1575,228.41011264173378,2.948761874555984,0.005926932408153471,0.005926932408153471,659.8266955341913,684.4883044658087,0.024725638787218118
38,14,1.06,671.4709607982834,False,6000,669.8415,225.2290576261195,2.9076946308931713,0.0024326065170393136,0.0024326065170393136,657.6824259665214,682.0005740334786,0.020965338721798066
38,14,1.275,655.0995028532711,False,6000,663.3271666666667,217.48776965681833,2.8077550329488408,-0.012403628596641071,0.012403628596641071,651.5860089292703,675.0683244040631,0.029580445162228686
38,14,1.675,626.1565107389392,False,6000,627.8831666666666,199.20964902337494,2.5717855102378526,-0.0027499637183999353,0.0027499637183999353,617.1287600364201,638.6375732969132,0.01954326378503146
38,14,1.875,612.4168926391907,False,6000,611.5156666666667,190.360838836973,2.457547861952235,0.001473757781933092,0.001473757781933092,601.2389663292878,621.7923670040456,0.018591486806230906
38,28,0.325,788.1481481481482,False,6000,784.7115,181.5214870921053,2.3434323216217616,0.004379505268048386,0.004379505268048386,774.911995338022,794.511004661978,0.017080846457090182
38,28,0.525,1120.0,False,6000,1121.2808333333332,300.4502172098995,3.878795625394473,-0.0011422948607135279,0.0011422948607135279,1105.0609171602866,1137.5007495063799,0.015385264153869205
38,28,0.725,1758.5477992420874,False,6000,1789.0115,553.4968218725866,7.145613244304203,-0.017028230817919644,0.017028230817919644,1759.1307692213998,1818.8922307786004,0.03317647440314908
38,28,0.94,2720.873870079073,False,6000,2682.6311666666666,896.845436563525,11.578224799775509,0.014255669541007206,0.014255669541007206,2634.21463385026,2731.0476994830733,0.03289756085750284
38,28,1.0,2724.4911469010212,False,6000,2708.637166666667,927.0562315171096,11.968244485545243,0.0058531206872069795,0.0058531206872069795,2658.5896929036408,2758.684640429693,0.024788125137656936
38,28,1.06,2686.7470815601623,False,6000,2686.339,891.1558927687882,11.504773105227065,0.0001519099265440336,0.0001519099265440336,2638.2296193110587,2734.448380688941,0.01839015902708785
38,28,1.275,2558.393110624741,False,6000,2547.295,799.6813947007303,10.323842413159495,0.0043568218933185635,0.0043568218933185635,2504.1239039440793,2590.466096055921,0.0216719334834774
38,28,1.675,2346.290831181008,False,6000,2349.558666666667,692.9558522689267,8.946021584981734,-0.001390829491521063,0.001390829491521063,2312.1491885181727,2386.968144815161,0.017041414533541244
38,28,1.875,2252.020267382685,False,6000,2245.6318333333334,638.6263729500555,8.24463102294804,0.0028448269901253853,0.0028448269901253853,2211.1553522332715,2280.108314433395,0.01848125013384494
38,56,0.325,1551.1132710320865,False,6000,1575.2861666666668,252.67745036764347,3.262051857453448,-0.015345082148299806,0.015345082148299806,1561.6452809923553,1588.9270523409782,0.023798311730661492
38,56,0.525,2240.0,False,6000,2240.3591666666666,440.49662622119774,5.686786991384174,-0.00016031655638547133,0.00016031655638547133,2216.5787932718085,2264.1395400615247,0.01066168389112132
38,56,0.725,3869.0909090909086,False,6000,3862.4978333333333,964.0629726481448,12.445999459204938,0.001706946137464985,0.001706946137464985,3810.452536954111,3914.5431297125556,0.015388821030603905
38,56,0.94,10136.016887032854,False,6000,10140.937666666667,3272.3436472868916,42.24577483003256,-0.0004852391164958031,0.0004852391164958031,9964.278983769746,10317.596349563588,0.01759900817775395
38,56,1.0,10937.81622484506,False,6000,10836.549833333333,3601.756236548298,46.4984730708342,0.009344892338355868,0.009344892338355868,10642.107689889157,11030.991976777508,0.02778665125112867
38,56,1.06,10633.239867798766,False,6000,10717.834666666668,3504.4935051235,45.242816607451246,-0.007892900151837426,0.007892900151837426,10528.643287775509,10907.026045557826,0.02510181754544971
38,56,1.275,9665.291363772063,False,6000,9673.4505,2876.023875035007,37.12930857101835,-0.0008434566577807762,0.0008434566577807762,9518.1872866865,9828.713713313502,0.01662703323224024
38,56,1.675,8271.378058035552,False,6000,8268.9945,2168.8134991592615,27.999261877578846,0.00028825246353128987,0.00028825246353128987,8151.910300567523,8386.078699432477,0.014655185479618416
38,56,1.875,7723.49693221747,False,6000,7713.6686666666665,1950.1011124921308,25.1756971070086,0.0012741363384293322,0.0012741363384293322,7608.391736374119,7818.945596959214,0.015128715743309762
38,112,0.325,3100.431762083623,False,6000,3152.8056666666666,359.43530506102155,4.640289835134396,-0.01661184041146952,0.01661184041146952,3133.4014186955287,3172.2099146378046,0.022627176159739415
38,112,0.525,4449.784793967425,False,6000,4476.341166666667,607.1117326170577,7.837778765709982,-0.005932606946270279,0.005932606946270279,4443.566015088586,4509.116318244748,0.013158126801310677
38,112,0.725,7738.181818181817,False,6000,7728.604,1414.549511294668,18.261755665433633,0.0012392688487878067,0.0012392688487878067,7652.23902110636,7804.96897889364,0.011231065422605102
38,112,0.94,30531.563407401944,True,26000,31513.950846153846,9890.693573452978,61.339477614321495,-0.03117309675158674,0.03117309675158674,31257.448240425147,31770.453451882546,0.03899503815256977
38,112,1.0,43830.96817386218,False,6000,43730.373166666664,14530.063481750884,187.58231294719243,0.0023003464162568367,0.0023003464162568367,42945.96231201118,44514.78402132215,0.020607428829310104
38,112,1.06,41395.17450957329,False,6000,41827.998166666664,13307.302291256297,171.79653385661146,-0.010347701923691308,0.010347701923691308,41109.59852742535,42546.39780590798,0.027058067326555912
38,112,1.275,34657.139740128405,False,6000,34600.6935,9491.23702520396,122.53134311174054,0.0016313615254099918,0.0016313615254099918,34088.305556476655,35113.08144352335,0.01668707711826034
38,112,1.675,26999.629604516584,False,6000,26853.704,6009.379284636235,77.58075296813325,0.005434095963692089,0.005434095963692089,26529.28543524075,27178.122564759255,0.017729243798290995
38,112,1.875,24473.514499029032,False,6000,24171.9345,5053.191620959579,65.23642331057104,0.012476452765045862,0.012476452765045862,23899.13608015048,24444.732919849517,0.0240334385708445
39,14,0.325,393.14063554539246,False,6000,389.03516666666667,116.82280253088757,1.508175895531351,0.010552950556892553,0.010552950556892553,382.72844443578344,395.3418888975499,0.02720516664226147
39,14,0.525,498.9961299761115,False,6000,504.45433333333335,162.18134514386767,2.0937521626923887,-0.010820014809180338,0.010820014809180338,495.6989133922398,513.2097532744269,0.027695543990792104
39,14,0.725,621.4293963969119,False,6000,626.2788333333333,204.3316462410595,2.6379102099825626,-0.007743255365362657,0.007743255365362657,615.247913787633,637.3097528790336,0.024917799249709383
39,14,0.94,683.9788582298436,False,6000,685.7135,230.85354298949323,2.9803064247042843,-0.002529688813413142,0.002529688813413142,673.250786042551,698.1762139574489,0.020334917523372686
39,14,1.0,687.9673930237587,False,6000,691.1643333333334,232.28117318986196,2.9987370513395204,-0.004625441671963169,0.004625441671963169,678.62454823115,703.7041184355168,0.022362701879227398
39,14,1.06,683.3688233415776,False,6000,685.3425,232.96957454610686,3.007624274633664,-0.00287983987338067,0.00287983987338067,672.7655512958215,697.9194487041784,0.02084857412931662
39,14,1.275,667.2403924435797,False,6000,672.2555,225.86076994684913,2.915850001885771,-0.007460121272968798,0.007460121272968798,660.0623227430892,684.4486772569107,0.025141819080281236
39,14,1.675,638.6880348206165,False,6000,638.1818333333333,201.3360676547101,2.599237456725273,0.0007931931948598648,0.0007931931948598648,627.3126312062842,649.0510354603824,0.018133547849113363
39,14,1.875,625.1134697394167,False,6000,628.1321666666666,193.89378750261935,2.503158033102415,-0.004805830822626684,0.004805830822626684,617.6647387880246,638.5995945453087,0.021118279624800396
39,28,0.325,808.8888888888888,False,6000,812.3145,184.60376760759559,2.3832243919712064,-0.004217099548402931,0.004217099548402931,802.3485972836377,822.2804027163622,0.016285823890774043
39,28,0.525,1149.4736842105265,False,6000,1143.1278333333332,308.8040902465473,3.9866436625520327,0.005551304667903059,0.005551304667903059,1126.4569302326254,1159.798736434041,0.02043287529257598
39,28,0.725,1800.8670421437953,False,6000,1846.7518333333333,570.8275424859207,7.369351885348259,-0.024846213964069688,0.024846213964069688,1815.9354971883024,1877.568169478364,0.04085131425927313
39,28,0.94,2770.0544554571497,False,6000,2716.1976666666665,897.7476215840946,11.58987195830839,0.019828007899210312,0.019828007899210312,2667.7324290580245,2764.6629042753084,0.03835543073382919
39,28,1.0,2772.3948481643934,False,6000,2750.968,899.547292733764,11.613105612946121,0.0077888394791918725,0.0077888394791918725,2702.4056064782826,2799.530393521717,0.025898866372364937
39,28,1.06,2735.2361724523457,False,6000,2759.895,893.7977937194051,11.538879899840628,-0.008934697714099361,0.008934697714099361,2711.642995310469,2808.147004689531,0.025964036824078662
39,28,1.275,2608.693718644264,False,6000,2613.8921666666665,827.5034289109917,10.683023330339347,-0.0019887767707845324,0.0019887767707845324,2569.2190877969383,2658.5652455363947,0.018758812474458764
39,28,1.675,2398.8771257363856,False,6000,2384.1136666666666,704.3657875046105,9.093323215478762,0.0061924308711171295,0.0061924308711171295,2346.0882189416443,2422.139114391689,0.022500819180002907
39,28,1.875,2305.2961501053546,False,6000,2313.536833333333,651.7314607715861,8.41381697922595,-0.0035619416597337424,0.0035619416597337424,2278.3528692170175,2348.7207974496487,0.01848863747085072
39,56,0.325,1592.1542682456907,False,6000,1616.6475,262.1668581024902,3.3845595845282253,-0.015150632252429403,0.015150632252429403,1602.4943251370821,1630.800674862918,0.02369781127327275
39,56,0.525,2298.947368421053,False,6000,2302.0673333333334,439.40058748132714,5.672637192096451,-0.0013552882954830162,0.0013552882954830162,2278.3461299954924,2325.7885366711744,0.01154067441081219
39,56,0.725,3970.9090909090905,False,6000,3960.6808333333333,1010.6514123799213,13.047453629894799,0.0025824493328711453,0.0025824493328711453,3906.120442792756,4015.2412238739107,0.016586444034483616
39,56,0.94,10339.844266721839,False,6000,10295.2475,3283.2672345596043,42.38679773532609,0.004331781894688713,0.004331781894688713,10117.99910320133,10472.49589679867,0.021925793949746142
39,56,1.0,11130.62994479629,False,6000,11095.666333333333,3695.645650193642,47.71058018894619,0.00315110516237503,0.00315110516237503,10896.155535144933,11295.177131521732,0.02151900355084635
39,56,1.06,10830.769941243248,False,6000,10884.963,3507.2721486389446,45.278688740985785,-0.004978708586951676,0.004978708586951676,10695.621615010281,11074.304384989719,0.02199094726677009
39,56,1.275,9874.58277822104,False,6000,9812.752166666667,2921.8516149675743,37.72094214952887,0.006301046893287258,0.006301046893287258,9655.014925852007,9970.489407481327,0.022741327077716367
39,56,1.675,8487.78909162885,False,6000,8471.765166666666,2261.562126325189,29.19664150556964,0.0018914505592332624,0.0018914505592332624,8349.673898270263,8593.85643506307,0.016541387728591372
39,56,1.875,7939.136894324324,False,6000,7945.636166666666,2002.8094575069174,25.856158915170006,-0.0008179675240615213,0.0008179675240615213,7837.513756861077,8053.758576472255,0.014232073268595324
39,112,0.325,3181.0529901021587,False,6000,3240.5126666666665,363.2757089498384,4.6898692361480565,-0.018348848679450056,0.018348848679450056,3220.901093070253,3260.12424026308,0.024254060377324915
39,112,0.525,4566.166712121816,False,6000,4598.3095,629.8531587150616,8.131369314198569,-0.006990131455523863,0.006990131455523863,4564.306644117391,4632.312355882609,0.014279184709294124
39,112,0.725,7941.818181818181,False,6000,7933.850166666667,1396.1154947910904,18.023773535693405,0.001004306230156814,0.001004306230156814,7858.480354976424,8009.21997835691,0.010604827279231399
39,112,0.94,31245.38801982555,False,6000,32266.892333333333,10054.4215589074,129.80202417799057,-0.031657970124768335,0.031657970124768335,31724.100664322763,32809.6840023439,0.04767787408152413
39,112,1.0,44604.620883462594,False,6000,44499.639833333335,14891.908135094622,192.2537073349074,0.002359143816049976,0.002359143816049976,43695.694661147965,45303.585005518704,0.020801276404075697
39,112,1.06,42205.17510655724,False,6000,42213.450666666664,13253.5331113967,171.1023767294933,-0.00019604083482233973,0.00019604083482233973,41497.9537765001,42928.94755683323,0.017042318131301082
39,112,1.275,35520.48757331423,False,6000,35384.96466666667,9623.056585189473,124.23312631350149,0.0038299573823011635,0.0038299573823011635,34865.46039541093,35904.4689379224,0.018787280319106703
39,112,1.675,27832.522220445106,False,6000,27615.7985,6235.161917538368,80.49559422510934,0.007847816547658575,0.007847816547658575,27279.190976241112,27952.40602375889,0.020284004928369015
39,112,1.875,25274.26973367945,False,6000,25168.4335,5243.002469551872,67.68687082899586,0.00420511803722121,0.00420511803722121,24885.388071240013,25451.478928759985,0.015626907698854442
40,14,0.325,402.74632358897054,False,6000,399.6645,119.18360931159154,1.5386537800156175,0.007711026595983794,0.007711026595983794,393.23032874132315,406.0986712586768,0.024199544521672056
40,14,0.525,510.2887042419811,False,6000,515.0008333333334,163.67276487440571,2.1130063086209856,-0.009149750420505339,0.009149750420505339,506.1648985461105,523.8367681205563,0.025863140396164774
40,14,0.725,633.7227334711334,False,6000,637.1743333333334,206.9334704313273,2.6714996158447852,-0.005417041587571702,0.005417041587571702,626.0029533457833,648.3457133208834,0.022554294027564037
40,14,0.94,695.6455850999565,False,6000,695.7276666666667,231.6153667489298,2.990141527147761,-0.00011797944891771956,0.00011797944891771956,683.2238253716127,708.2315079617206,0.018181098590330125
40,14,1.0,699.695492635902,False,6000,694.8906666666667,240.62722059118153,3.106484059979415,0.006914506410459823,0.006914506410459823,681.9003171066413,707.881016226692,0.026096447065411477
40,14,1.06,695.1664314128371,False,6000,693.2465,235.8771609904814,3.045161054222734,0.002769478696015303,0.002769478696015303,680.5125841655209,705.980415834479,0.021533543373463804
40,14,1.275,679.2735464041311,False,6000,681.844,222.496024108576,2.8724113198995957,-0.0037698558553993463,0.0037698558553993463,669.8324697924647,693.8555302075354,0.021015878909320884
40,14,1.675,651.1013847332694,False,6000,653.4196666666667,210.778825230184,2.721142932832221,-0.0035479218818492593,0.0035479218818492593,642.0406937771302,664.7986395562032,0.02060361439980929
40,14,1.875,637.6884483062686,False,6000,638.4881666666666,199.0555074407119,2.5697955509624792,-0.001252518687344078,0.001252518687344078,627.7420814268081,649.2342519065252,0.01778372531386241
40,28,0.325,829.6296296296296,False,6000,828.596,187.45045406574746,2.4199749561188613,0.0012474470425026896,0.0012474470425026896,818.4764178616325,838.7155821383675,0.013626796722056023
40,28,0.525,1178.9473684210527,False,6000,1172.7503333333334,313.36233233289187,4.04549031484668,0.005284189576911352,0.005284189576911352,1155.8333518465836,1189.6673148200832,0.019997706881828226
40,28,0.725,1843.0284578366848,False,6000,1873.9521666666667,573.7004653266008,7.406441159737902,-0.016501866685844045,0.016501866685844045,1842.9807347188098,1904.9235986145236,0.032492190669933474
40,28,0.94,2818.8146537706793,False,6000,2782.3241666666668,895.4590332501781,11.56032640996311,0.013115109857141342,0.013115109857141342,2733.9824793462403,2830.665853987093,0.0310287922710919
40,28,1.0,2819.906704061838,False,6000,2795.9065,918.0479158266788,11.851947630057186,0.008584051026684136,0.008584051026684136,2746.34534349351,2845.46765650649,0.0267851822577978
40,28,1.06,2783.3146448757534,False,6000,2806.4521666666665,909.9186474823697,11.746999227009317,-0.008244402689533246,0.008244402689533246,2757.329871720395,2855.5744616129377,0.025304826649965584
40,28,1.275,2658.5328182932253,False,6000,2651.2348333333334,825.6240941720704,10.658761223186708,0.002752673911845188,0.002752673911845188,2606.6632110450296,2695.8064556216373,0.019898852689680835
40,28,1.675,2450.969424286562,False,6000,2434.334,709.0352082925311,9.153605178638934,0.006833665506279042,0.006833665506279042,2396.0564718655833,2472.6115281344164,0.02291805433877081
40,28,1.875,2358.0862791250734,False,6000,2346.840166666667,670.2890298350594,8.653394165655705,0.004792023171471419,0.004792023171471419,2310.654365316282,2383.0259680170516,0.020527481098324696
40,56,0.325,1633.2151401529954,False,6000,1660.1276666666668,266.96562039889716,3.446511339382866,-0.01621111861096103,0.01621111861096103,1645.71542884515,1674.5399044881835,0.024678279821476634
40,56,0.525,2357.8947368421054,False,6000,2350.5508333333332,451.1902860157837,5.8248415456989715,0.0031243329880927344,0.0031243329880927344,2326.1931587567287,2374.9085079099377,0.013628093594050483
40,56,0.725,4072.7272727272725,False,6000,4090.0471666666667,1018.8841735456599,13.153738119522162,-0.004234644059987623,0.004234644059987623,4035.0423274676027,4145.052005865731,0.01744845011259466
40,56,0.94,10542.116438659907,False,6000,10517.84,3338.515885557486,43.100054752710165,0.0023081201710528484,0.0023081201710528484,10337.60898432962,10698.07101567038,0.01978285836118321
40,56,1.0,11321.876283283811,False,6000,11264.759833333334,3689.975697832585,47.63738141871898,0.005070365528918367,0.005070365528918367,11065.555129621602,11463.964537045065,0.023163876611671963
40,56,1.06,11026.58365048108,False,6000,11110.987333333333,3598.577021213036,46.45742957734261,-0.007596416080777914,0.007596416080777914,10916.716821005662,11305.257845661003,0.024649963670388964
40,56,1.275,10081.922384458047,False,6000,10127.785833333333,2988.088478959805,38.57605638668525,-0.004528477362182917,0.004528477362182917,9966.472770901713,10289.098895764953,0.020135535036229668
40,56,1.675,8702.543111209323,False,6000,8691.729833333333,2259.665916793725,29.17216154578204,0.001244088125532897,0.001244088125532897,8569.740932510276,8813.71873415639,0.015496638666782303
40,56,1.875,8153.41632125561,False,6000,8138.602666666667,2039.5843711062062,26.330921008264216,0.001820171741472928,0.001820171741472928,8028.494949539982,8248.71038379335,0.015559749679207924
40,112,0.325,3261.6612154026193,False,6000,3313.3575,375.35440788096423,4.8458045688284015,-0.015602386581399919,0.015602386581399919,3293.0938533714493,3333.621146628551,0.021586115536466388
40,112,0.525,4682.557579827193,False,6000,4722.3415,633.8745670126971,8.183285472082044,-0.008424617358318428,0.008424617358318428,4688.121546902115,4756.5614530978855,0.015558271242873345
40,112,0.725,8145.454545454545,False,6000,8150.215166666667,1452.1248361027974,18.74685102280103,-0.0005841098811221738,0.0005841098811221738,8071.821669956589,8228.608663376745,0.010105489436178394
40,112,0.94,31956.129159589902,False,6000,32676.912,10172.762984937472,131.3298054185936,-0.022057862762861383,0.022057862762861383,32127.7316253069,33226.0923746931,0.03822186493619917
40,112,1.0,45372.00406720817,False,6000,45440.207,14718.677694435159,190.01731196247317,-0.001500937986304405,0.001500937986304405,44645.613737266416,46234.80026273359,0.01866118574369313
40,112,1.06,43007.84017974775,False,6000,43275.90783333333,13610.093674168516,175.7055538012586,-0.006194385444621507,0.006194385444621507,42541.16188922206,44010.653777444604,0.022785700997943303
40,112,1.275,36376.773807568046,False,6000,36148.28566666667,9864.652152918397,127.35211168127364,0.0063208569006101235,0.0063208569006101235,35615.73876927229,36680.83256406105,0.021367941943474245
40,112,1.675,28662.79359680389,False,6000,28470.779666666665,6397.679254106624,82.59368401843882,0.0067442455874165514,0.0067442455874165514,28125.398584345287,28816.160748988044,0.019107107436967086
40,112,1.875,26074.257303519684,False,6000,25813.6235,5417.723392336834,69.9425082429297,0.01009675389120331,0.01009675389120331,25521.145697559055,26106.101302440948,0.02167267929564498
41,14,0.325,412.3273962885331,False,6000,411.5341666666667,124.68850937449648,1.609721734236174,0.0019274939631171097,0.0019274939631171097,404.80281134072413,418.26552199260925,0.018588272455142496
41,14,0.525,521.5261472496604,False,6000,524.5185,163.8006443809057,2.114657225950971,-0.005704951780231949,0.005704951780231949,515.6756615902904,533.3613384097097,0.02218981824842703
41,14,0.725,645.9215698948948,False,6000,646.484,209.79913415006035,2.708495175373065,-0.0008699830237179107,0.0008699830237179107,635.1579160960088,657.8100839039913,0.01807286677416098
41,14,0.94,707.2137088675529,False,6000,709.5553333333334,239.45924996462583,3.091405624027716,-0.003300129469508775,0.003300129469508775,696.6280370998498,722.4826295668169,0.021133962360339154
41,14,1.0,711.3258491345798,False,6000,712.1798333333334,240.5224833651515,3.1051319082056072,-0.0011991131435953573,0.0011991131435953573,699.1951380512186,725.1645286154481,0.01908350303246409
41,14,1.06,706.8641546126969,False,6000,707.3088333333334,237.68179125521573,3.0684587307606606,-0.0006286910323752809,0.0006286910323752809,694.4774938661169,720.1401728005499,0.018435325078760556
41,14,1.275,691.1998291329122,False,6000,689.917,226.32017124931454,2.9217808471980193,0.0018593963229086743,0.0018593963229086743,677.6990217937507,702.1349782062493,0.019921538773107983
41,14,1.675,663.3980748823093,False,6000,659.0408333333334,211.08804448948143,2.725134936304173,0.006611489498970249,0.006611489498970249,647.6451671276412,670.4364995390255,0.02432336185651396
41,14,1.875,650.1435175614613,False,6000,649.5378333333333,202.59457790327178,2.615484754170976,0.0009324849101086247,0.0009324849101086247,638.6006900647395,660.4749766019271,0.018075187948123794
41,28,0.325,850.3703703703703,False,6000,848.726,193.06402446750818,2.4924458383814683,0.0019374572834699596,0.0019374572834699596,838.3033671859046,859.1486328140954,0.01439455411586077
41,28,0.525,1208.421052631579,False,6000,1198.7575,322.46440202836743,4.1629975293353345,0.00806130733828904,0.00806130733828904,1181.3491399120535,1216.1658600879464,0.022916098048322064
41,28,0.725,1885.0317811187126,False,6000,1933.9308333333333,595.844395632456,7.692318070718418,-0.025284798903763304,0.025284798903763304,1901.7639531124207,1966.097713554246,0.0412318939575923
41,28,0.94,2867.156820508851,False,6000,2823.5905,934.2610044381704,12.061257704000159,0.015429404691952066,0.015429404691952066,2773.1540739043357,2874.026926095664,0.03389741215213782
41,28,1.0,2867.0275875054203,False,6000,2872.7228333333333,943.5842403031098,12.181620161459072,-0.0019825253455811103,0.0019825253455811103,2821.78308889896,2923.6625777677064,0.01937124711071425
41,28,1.06,2830.9846129925427,False,6000,2853.534,944.5022597098958,12.193471741038998,-0.00790226680581252,0.00790226680581252,2802.5446959481915,2904.5233040518087,0.025318678268712702
41,28,1.275,2707.915715688562,False,6000,2709.2246666666665,846.7518758850048,10.93151971224171,-0.0004831459694757746,0.0004831459694757746,2663.512453263174,2754.936880070159,0.0170679643231606
41,28,1.675,2502.5740228574678,False,6000,2504.6441666666665,742.8574078543201,9.590247897421975,-0.0008265221210858864,0.0008265221210858864,2464.540734571272,2544.747598762061,0.016572793280209552
41,28,1.875,2410.3956068848406,False,6000,2399.8681666666666,680.9570643884696,8.791117899529448,0.0043866743867002605,0.0043866743867002605,2363.1064475226644,2436.629885810669,0.020011438507880674
41,56,0.325,1674.2961795106548,False,6000,1702.5883333333334,275.1234014248106,3.551827839567431,-0.016617143010305993,0.016617143010305993,1687.7356946839284,1717.4409719827383,0.025121557698879138
41,56,0.525,2416.842105263158,False,6000,2413.6693333333333,462.9459473321345,5.976606480705243,0.0013145014878417406,0.0013145014878417406,2388.677025029782,2438.6616416368847,0.011791079303835605
41,56,0.725,4174.545454545454,False,6000,4172.606,1036.6106434119833,13.382585861453222,0.0004648065370788141,0.0004648065370788141,4116.644190764616,4228.567809235384,0.014065161111260327
41,56,0.94,10742.844172996154,False,6000,10787.382333333333,3448.9745964246176,44.52607057814997,-0.004128727337266485,0.004128727337266485,10601.188163275894,10973.576503390772,0.021026174130496345
41,56,1.0,11511.558731955882,False,6000,11507.2215,3753.236793912193,48.454078657316145,0.0003769139193055499,0.0003769139193055499,11304.601622603406,11709.841377396593,0.018307333266717407
41,56,1.06,11220.69421705028,False,6000,11269.754,3595.7709523282483,46.4212033838123,-0.0043532257181230485,0.0043532257181230485,11075.634974339606,11463.873025660396,0.02121262230188614
41,56,1.275,10287.334767109454,False,6000,10355.631166666666,3064.223029838299,39.55894921209655,-0.006595097725868064,0.006595097725868064,10190.207952328386,10521.054381004946,0.0222144668615587
41,56,1.675,8915.635941151282,False,6000,8943.899166666666,2348.6154004113037,30.320494441464145,-0.0031600563678892066,0.0031600563678892066,8817.108295050208,9070.690038283125,0.01709396930965912
41,56,1.875,8366.311150462796,False,6000,8363.556,2130.9626375946787,27.510609355981405,0.00032942332935840054,0.00032942332935840054,8248.515193337735,8478.596806662266,0.014280868054920237
41,112,0.325,3342.257631364151,False,6000,3406.610833333333,386.67903463804487,4.992004871602362,-0.018890682005555964,0.018890682005555964,3385.735822538044,3427.4858441286224,0.024866102046918637
41,112,0.525,4798.958914616428,False,6000,4838.596666666666,655.4570552783057,8.461914197490108,-0.00819199341893999,0.00819199341893999,4803.211574952059,4873.981758381274,0.0153925163211448
41,112,0.725,8349.090909090908,False,6000,8342.746666666666,1503.2856922313981,19.40733483534698,0.0007604500864913528,0.0007604500864913528,8261.591232203795,8423.902101129537,0.01059114091072888
41,112,0.94,32663.790233445092,True,26000,33763.045076923074,10424.879820997849,64.65236008609315,-0.032557929563921915,0.032557929563921915,33492.68902771014,34033.40112613601,0.04024313901554555
41,112,1.0,46133.13169169193,False,6000,46154.38016666667,15364.134678856632,198.3501258003319,-0.0004603782977478732,0.0004603782977478732,45324.94166974472,46983.818663588616,0.018105956392938882
41,112,1.06,43803.249670673795,False,6000,44066.31333333333,14054.738200815807,181.44588995688272,-0.005969722510472556,0.005969722510472556,43307.56308988756,44825.0635767791,0.022795593013606785
41,112,1.275,37226.01885249499,False,6000,37110.4425,10016.770270674559,129.31594813702708,0.003114388961947688,0.003114388961947688,36569.683449719465,37651.20155028053,0.017947527592847123
41,112,1.675,29490.228086160663,False,6000,29311.124833333335,6729.132392097441,86.87272563006088,0.006110418956820363,0.006110418956820363,28947.850130686336,29674.399535980334,0.018736381217456133
41,112,1.875,26873.209523220667,False,6000,26622.9685,5598.330695002114,72.27413849434994,0.009399441058598239,0.009399441058598239,26320.740545481698,26925.1964545183,0.02098987210425607
42,14,0.325,421.88363691522244,False,6000,420.34633333333335,125.46505874830918,1.6197469435437888,0.0036572308593685633,0.0036572308593685633,413.5730557020437,427.119610964623,0.020094590541135382
42,14,0.525,532.7084748805447,False,6000,542.338,172.2616801179904,2.2238887276222874,-0.01775557884466007,0.01775557884466007,533.0383894445848,551.6376105554151,0.034314439974119315
42,14,0.725,658.0264598676081,False,6000,659.656,210.45845225131887,2.717006935459823,-0.0024702877445090575,0.0024702877445090575,648.2943225642979,671.017677435702,0.019360469932386826
42,14,0.94,718.683506955591,False,6000,723.1721666666666,242.13865252470526,3.1259965623376265,-0.006206903304596536,0.006206903304596536,710.1002218943273,736.2441114390059,0.0238516060238394
42,14,1.0,722.8586649691179,False,6000,727.6685,240.6109124907228,3.1062735233077983,-0.006609926128288006,0.006609926128288006,714.6790308388136,740.6579691611864,0.024031746005820698
42,14,1.06,718.4623327153545,False,6000,719.0748333333333,241.43843795025444,3.1169568310522275,-0.0008517898132237053,0.0008517898132237053,706.040689903946,732.1089767627207,0.018640181285181967
42,14,1.275,703.0200283143618,False,6000,701.686,227.13299988613034,2.9322744197770465,0.001901175617529375,0.001901175617529375,689.4241409389634,713.9478590610366,0.01972064302372889
42,14,1.675,675.5794830587689,False,6000,673.7298333333333,209.11409874600665,2.6996514063348567,0.0027453878898078543,0.0027453878898078543,662.4407313191623,685.0189353475043,0.019833852476798253
42,14,1.875,662.4802166942515,False,6000,662.2581666666666,203.3915448998024,2.6257735538544424,0.00033529224517149996,0.00033529224517149996,651.2779988398066,673.2383344935266,0.017200362785785073
42,28,0.325,871.1111111111111,False,6000,870.6973333333333,198.52789715103876,2.5629841314118402,0.0004752257322228263,0.0004752257322228263,859.979731330232,881.4149353364346,0.012943769923112969
42,28,0.525,1237.8947368421054,False,6000,1235.2116666666666,328.7298963506078,4.243884713221314,0.0021721541723123106,0.0021721541723123106,1217.4650615488672,1252.958271784466,0.01678050232279138
42,28,0.725,1926.8766231141049,False,6000,1968.5781666666667,612.4748864002921,7.907016783328703,-0.021183585319943767,0.021183585319943767,1935.5134832466888,2001.6428500866446,0.037352431263800834
42,28,0.94,2915.0830859557027,False,6000,2881.9468333333334,936.8908505001693,12.095208870670863,0.011497870897237562,0.011497870897237562,2831.368434024703,2932.5252326419636,0.029566852171196034
42,28,1.0,2913.7583082924434,False,6000,2915.1646666666666,960.8036636924926,12.403921961520318,-0.00048242845088790153,0.00048242845088790153,2863.295325287689,2967.034008045644,0.01795587769089735
42,28,1.06,2878.24801199858,False,6000,2872.5505,926.8354653225745,11.965394406229109,0.0019834331889308863,0.0019834331889308863,2822.5149443816917,2922.586055618308,0.019745889292039465
42,28,1.275,2756.847243913045,False,6000,2770.1685,868.0945243030493,11.207052118531866,-0.0048088251985231745,0.0048088251985231745,2723.3040958227207,2817.0329041772798,0.021364912058708052
42,28,1.675,2553.6967099759586,False,6000,2564.7275,760.6530013143212,9.81998802111018,-0.004300959857934763,0.004300959857934763,2523.663366205498,2605.791633794502,0.01999197600565017
42,28,1.875,2462.2287399222923,False,6000,2454.076666666667,692.1454341436415,8.935559131972754,0.0033218494623064652,0.0033218494623064652,2416.7109392406032,2491.4423940927304,0.018834606962135014
42,56,0.325,1715.397679040406,False,6000,1747.679,286.27352138675786,3.6957752693035535,-0.0184709668992956,0.0184709668992956,1732.2244179977772,1763.133582002223,0.027074467555434856
42,56,0.525,2475.789473684211,False,6000,2468.2426666666665,479.29108876636826,6.187621349259217,0.0030575628237300514,0.0030575628237300514,2442.3679598534322,2494.117373479901,0.013684061689371418
42,56,0.725,4276.363636363636,False,6000,4264.783333333334,1070.3556729424051,13.818232319415227,0.002715332087281247,0.002715332087281247,4206.999786189675,4322.566880476992,0.01648772372217877
42,56,0.94,10942.036942137063,False,6000,10917.596166666666,3429.678511007524,44.27695918659197,0.002238659050700101,0.002238659050700101,10732.443702921973,11102.748630411359,0.01952893907638442
42,56,1.0,11699.680530001717,False,6000,11596.6015,3744.2229763971827,48.33771077357818,0.008888727443270003,0.008888727443270003,11394.46823687798,11798.734763122022,0.0267860058739664
42,56,1.06,11413.113706897695,False,6000,11484.927666666666,3649.9483595806973,47.12063070391041,-0.0062528874236971515,0.0062528874236971515,11287.883853624628,11681.971479708705,0.023014760246419796
42,56,1.275,10490.84247702262,False,6000,10525.335166666666,3090.4098069068027,39.897019050353755,-0.0032771108090964723,0.0032771108090964723,10358.498249476586,10692.172083856745,0.018829626501999264
42,56,1.675,9127.064148404368,False,6000,9097.769166666667,2370.8791627193223,30.6079183769404,0.003220018138626236,0.003220018138626236,8969.776377602166,9225.761955731168,0.017535305695575154
42,56,1.875,8577.799532897006,False,6000,8510.831166666667,2145.5633299895403,27.699103484276062,0.007868604713089178,0.007868604713089178,8395.002136221732,8626.660197111602,0.02177455034663578
42,112,0.325,3422.843393999641,False,6000,3484.170833333333,401.38004265169775,5.181794068966827,-0.017601731449838093,0.017601731449838093,3462.502183179567,3505.839483487099,0.023673670708079797
42,112,0.525,4915.372195420725,False,6000,4946.0,672.7808776649041,8.685563782809943,-0.006192439259861526,0.006192439259861526,4909.679675322285,4982.320324677715,0.013437138701297924
42,112,0.725,8552.727272727272,False,6000,8543.376666666667,1540.2449622964314,19.884476960179832,0.0010944859890221071,0.0010944859890221071,8460.225972330667,8626.527361002667,0.010933667812081271
42,112,0.94,33368.37219823259,False,6000,34543.21283333333,10587.853183548339,136.68859683990632,-0.03401075171464803,0.03401075171464803,33971.623660642865,35114.8020060238,0.049734861312662915
42,112,1.0,46888.01671367075,False,6000,46942.878,14859.921037474907,191.8407556803252,-0.0011686817823407364,0.0011686817823407364,46140.65966311809,47745.09633688191,0.01795115496602484
42,112,1.06,44591.47660370404,False,6000,44633.489166666666,13887.61082937981,179.2882848693259,-0.0009412789308437763,0.0009412789308437763,43883.7613562219,45383.216977111435,0.017445664413933026
42,112,1.275,38068.24246907513,False,6000,37932.143,10331.943059679,133.38481134700024,0.003587972055128344,0.003587972055128344,37374.369230059245,38489.91676994075,0.018565483600397892
42,112,1.675,30314.62296247442,False,6000,29995.582,6818.00465042216,88.02006155149915,0.01063626511645684,0.01063626511645684,29627.509495595616,30363.65450440438,0.023191738980995025
42,112,1.875,27670.87185118243,False,6000,27425.6725,5889.986817814572,76.03940284925685,0.008940504601388694,0.008940504601388694,27107.699381749404,27743.645618250597,0.020775369444010705
43,14,0.325,431.41481212892575,False,6000,427.3615,125.57040842622406,1.621107002037431,0.009484504638171123,0.009484504638171123,420.58253502735806,434.1404649726419,0.025755413502519975
43,14,0.525,543.8356617160772,False,6000,551.4348333333334,171.11468705518303,2.209081110854059,-0.013780724680231773,0.013780724680231773,542.1971436229173,560.6725230437494,0.030029760039370412
43,14,0.725,670.0378839733789,False,6000,669.155,217.65077521492685,2.8098594256551523,0.0013194012947358481,0.0013194012947358481,657.4050423472205,680.9049576527794,0.019216222590952015
43,14,0.94,730.055235373489,False,6000,731.9966666666667,236.10249762999138,3.0480701377297756,-0.0026522406201908424,0.0026522406201908424,719.2505859503063,744.742747383027,0.019721591195280275
43,14,1.0,734.2941282955655,False,6000,737.4026666666666,247.05298363375945,3.189440304148013,-0.0042155236367028915,0.0042155236367028915,724.0654199106054,750.7399134227278,0.021906102010992856
43,14,1.06,729.9612787560883,False,6000,728.8886666666667,236.52788668235004,3.053561886781256,0.0014715719127954177,0.0014715719127954177,716.1196211648778,741.6577121684556,0.01932869479081578
43,14,1.275,714.7348635222888,False,6000,714.003,231.38799823086663,2.9872062122013925,0.0010250146319956506,0.0010250146319956506,701.5114332785431,726.494566721457,0.018849914080438346
43,14,1.675,687.6468658847025,False,6000,694.4131666666667,219.69659508578553,2.836270846619072,-0.009743911991824587,0.009743911991824587,682.5527646709987,706.2735686623347,0.026373212313340222
43,14,1.875,674.6999514826521,False,6000,674.3408333333333,208.31895848445853,2.6893861896986073,0.0005325469429807535,0.0005325469429807535,663.0946572604643,685.5870094062024,0.01750171577333215
43,28,0.325,891.8518518518518,False,6000,892.4845,203.158319979549,2.6227626330809026,-0.0007088617764769896,0.0007088617764769896,881.5169229067768,903.4520770932232,0.012839889946010263
43,28,0.525,1267.3684210526317,False,6000,1256.2418333333333,339.7042849060088,4.385563460254239,0.008857042827315293,0.008857042827315293,1237.9027717877368,1274.5808948789297,0.02380287849452145
43,28,0.725,1968.5624822692112,False,6000,2011.9276666666667,624.8373399411932,8.066615372269279,-0.021554047452064903,0.021554047452064903,1978.195591616925,2045.6597417164085,0.03768821269489764
43,28,0.94,2962.5953809563066,False,6000,2919.3685,941.0763529906113,12.149243475474167,0.014806928606754016,0.014806928606754016,2868.564144790364,2970.172855209636,0.032779896638084116
43,28,1.0,2960.0996190471055,False,6000,2970.462,959.7284001162333,12.390040368441532,-0.0034884745042671663,0.0034884745042671663,2918.650707123143,3022.273292876857,0.020571823857322036
43,28,1.06,2925.1066173966674,False,6000,2941.6821666666665,954.0350777811639,12.316539893147151,-0.005634717937179969,0.005634717937179969,2890.1782299031734,2993.1861034301596,0.02274482230004804
43,28,1.275,2805.3318161045827,False,6000,2815.282166666667,891.7493197961326,11.512434215207378,-0.003534406135163894,0.003534406135163894,2767.140749600026,2863.4235837333076,0.020287521538460362
43,28,1.675,2604.342817373012,False,6000,2602.8355,763.4367797832844,9.855926446609597,0.0005791058916370354,0.0005791058916370354,2561.6210828945714,2644.049917105429,0.01667761667161405
43,28,1.875,2513.5899673348845,False,6000,2505.258,698.1426045482262,9.012982268977169,0.0033257921279503614,0.0033257921279503614,2467.568513110085,2542.9474868899147,0.01865052742417861
43,56,0.325,1756.5199312900932,False,6000,1783.6036666666666,287.1413321182747,3.7069786576729693,-0.015184839481289932,0.015184839481289932,1768.102235580925,1799.1050977524083,0.023670193873340684
43,56,0.525,2534.7368421052633,False,6000,2534.2085,493.98366471431433,6.377301689123493,0.0002084840711658744,0.0002084840711658744,2507.540609036477,2560.8763909635236,0.010845779713707815
43,56,0.725,4378.181818181818,False,6000,4356.723666666667,1100.063019898336,14.20175251948298,0.004925295510322992,0.004925295510322992,4297.336357402869,4416.1109759304645,0.018812923647384405
43,56,0.94,11139.703062111384,False,6000,11099.595,3470.1182528010586,44.7990340082296,0.0036134707718061022,0.0036134707718061022,10912.259381827787,11286.930618172211,0.020842950330007604
43,56,1.0,11886.24468791811,False,6000,11878.7625,3829.8192872148074,49.44275439455637,0.0006298794102591956,0.0006298794102591956,11672.008288359197,12085.516711640805,0.018354716195033705
43,56,1.06,11603.853157859045,False,6000,11624.627833333334,3694.5128626393143,47.695955964503845,-0.001787126071659555,0.001787126071659555,11425.178189100301,11824.077477566367,0.018625074144274723
43,56,1.275,10692.466243850591,False,6000,10630.702166666666,3147.801646280998,40.637944510701985,0.005809971553675056,0.005809971553675056,10460.766929787185,10800.637403546147,0.022149362051422594
43,56,1.675,9336.824935964612,False,6000,9314.1935,2426.671839391096,31.328198735574116,0.002429779450535685,0.002429779450535685,9183.18872263644,9445.19827736356,0.0167301596393703
43,56,1.875,8787.86160174397,False,6000,8754.663166666667,2196.295700152962,28.354055566797935,0.00379208593697888,0.00379208593697888,8636.095330442351,8873.231002890983,0.017573482632439408
43,112,0.325,3503.419625026879,False,6000,3574.3983333333335,411.17010406031187,5.308183218279861,-0.019857526130911823,0.019857526130911823,3552.20116309111,3596.595503575557,0.02590668827118503
43,112,0.525,5031.798865709307,False,6000,5070.971,691.2922985245339,8.924545198489886,-0.007724779788859404,0.007724779788859404,5033.6513294160795,5108.29067058392,0.014974050970726904
43,112,0.725,8756.363636363636,False,6000,8778.25,1599.250288128997,20.64623244113673,-0.002493249068591572,0.002493249068591572,8691.91388131099,8864.58611868901,0.012208407801150623
43,112,0.94,34069.873789200436,True,26000,35179.954115384615,10845.833129006312,67.26300167775712,-0.03155434263908627,0.03155434263908627,34898.681175501435,35461.227055267795,0.039235903030058084
43,112,1.0,47636.67117513181,False,6000,47638.2205,15346.882568347255,198.1274020113661,-3.252272759004466e-05,3.252272759004466e-05,46809.71336464893,48466.727635351075,0.017666372020713972
43,112,1.06,45372.58783944235,False,6000,45287.269,13974.265166528903,180.40698755150953,0.001883947549196413,0.001883947549196413,44532.86312309337,46041.67487690663,0.0188562930262961
43,112,1.275,38903.46377958027,False,6000,38681.85666666667,10479.828578573934,135.29400518641796,0.005728967842036628,0.005728967842036628,38116.099242255776,39247.61409107756,0.0206570072220722
43,112,1.675,31135.787538641835,False,6000,30977.374,7084.729839187451,91.46346893183916,0.005113846597901899,0.005113846597901899,30594.902237564824,31359.845762435176,0.017678935427775544
43,112,1.875,28467.002181072217,False,6000,28240.06333333333,5922.496808052816,76.45910501851714,0.008036060155396926,0.008036060155396926,27920.335151227737,28559.791515438927,0.019579529646886806
44,14,0.325,440.9206731561585,False,6000,442.14216666666664,130.00945234195575,1.6784148125664715,-0.002762671381734622,0.002762671381734622,435.1235582653387,449.16077506799456,0.018345551012526995
44,14,0.525,554.9076449262836,False,6000,561.6298333333333,177.3607856452106,2.2897178969138805,-0.011969072880535473,0.011969072880535473,552.0549456788464,571.2047209878202,0.02853105981574
44,14,0.725,681.9562571380784,False,6000,691.7601666666667,222.79255687867803,2.8762395415002957,-0.014172411192494159,0.014172411192494159,679.7326280277904,703.787705305543,0.03101993399840175
44,14,0.94,741.3291309462996,False,6000,741.0791666666667,241.16104648352533,3.113375722615488,0.0003372976746294413,0.0003372976746294413,728.0599983182735,754.0983350150598,0.018225328487591952
44,14,1.0,745.6324142913234,False,6000,748.6013333333333,241.32736109710237,3.115522835044204,-0.003965954787697319,0.003965954787697319,735.573186428973,761.6294802376935,0.02100373785607368
44,14,1.06,741.3612817337967,False,6000,743.3835,245.7881568833088,3.1731114610135696,-0.00272028941482205,0.00272028941482205,730.1145353841757,756.6524646158243,0.020208991045567393
44,14,1.275,726.344993670902,False,6000,729.6985,235.29888126594264,3.037695495080774,-0.0045957423909984306,0.0045957423909984306,716.9958028104721,742.4011971895278,0.021627394432294778
44,14,1.675,699.6013721912611,False,6000,701.275,217.49839761975534,2.807892239360371,-0.00238654993938019,0.00238654993938019,689.5332685080909,713.016731491909,0.018814929170845263
44,14,1.875,686.8040087485178,False,6000,690.1043333333333,209.9566623883028,2.710528856183966,-0.004782355979239108,0.004782355979239108,678.7697452090991,701.4389214575675,0.02086412980710961
44,28,0.325,912.5925925925925,False,6000,914.5913333333333,208.6739269598729,2.6939688130109687,-0.0021853921723226474,0.0021853921723226474,903.3259941559447,925.8566725107219,0.014326277826739675
44,28,0.525,1296.842105263158,False,6000,1289.6196666666667,351.25043747283746,4.534623648934564,0.005600440799076318,0.005600440799076318,1270.6572818015056,1308.5820515318278,0.020607306027104366
44,28,0.725,2010.088754140539,False,6000,2048.9155,616.8380791550832,7.963345359580698,-0.018949900988821145,0.018949900988821145,2015.6152680043322,2082.215731995668,0.03463953170020484
44,28,0.94,3009.6954592517386,False,6000,2960.3731666666667,961.2703444015164,12.409946783567136,0.01666083625552112,0.01666083625552112,2908.4786313568934,3012.26770197644,0.03480060908944149
44,28,1.0,3006.052220479008,False,6000,3005.255166666667,965.8291814418287,12.468801116684482,0.00026522001232441534,0.00026522001232441534,2953.1145208520416,3057.395812481292,0.017926057134991513
44,28,1.06,2971.5620617834493,False,6000,2990.7138333333332,959.0397757603977,12.381150266235052,-0.0064037459339726065,0.0064037459339726065,2938.939716097187,3042.4879505694794,0.02331180597535465
44,28,1.275,2853.3734714582283,False,6000,2866.273166666667,892.3150586576974,11.519737872504521,-0.004500511451056223,0.004500511451056223,2818.101207978204,2914.4451253551297,0.02095481344479244
44,28,1.675,2654.5172648470684,False,6000,2659.189,767.2665720667765,9.905368852387594,-0.001756827044986811,0.001756827044986811,2617.7678301407364,2700.6101698592634,0.01706758921617957
44,28,1.875,2564.483286873782,False,6000,2565.234,735.9148841386365,9.500620301650333,-0.00029264898493383486,0.00029264898493383486,2525.505362616833,2604.962637383167,0.015539320959339631
44,56,0.325,1797.6632285054586,False,6000,1829.2891666666667,296.06871048715556,3.8222306168328624,-0.01728864891210005,0.01728864891210005,1813.3057877556482,1845.2725455776852,0.02580069658887263
44,56,0.525,2593.684210526316,False,6000,2593.3706666666667,499.57706660781474,6.449512197064067,0.00012090206142886272,0.00012090206142886272,2566.400813831798,2620.3405195015353,0.010630995964259427
44,56,0.725,4480.0,False,6000,4472.152666666667,1120.3311325975608,14.463412729293488,0.001754710520466688,0.001754710520466688,4411.67117583755,4532.634157495783,0.015488195162115082
44,56,0.94,11335.849816244656,False,6000,11339.265833333333,3565.181120771186,46.02629035653299,-0.0003012555785256622,0.0003012555785256622,11146.798211050878,11531.733455615788,0.0169864869080667
44,56,1.0,12071.254008543461,False,6000,12109.645333333334,3906.4736801426375,50.43235835196678,-0.0031703095947984276,0.0031703095947984276,11898.752905920443,12320.537760746225,0.020233187628951765
44,56,1.06,11792.922690373864,False,6000,11839.885666666667,3746.5287744663337,48.36747849864998,-0.003966505894986832,0.003966505894986832,11637.627924182505,12042.143409150829,0.020695710913688603
44,56,1.275,10892.225162324867,False,6000,10856.873333333333,3192.157462359844,41.21057563397135,0.0032561703453787825,0.0032561703453787825,10684.543531306697,11029.203135359969,0.019437576384020883
44,56,1.675,9544.91605275459,False,6000,9523.7235,2557.847306529784,33.02166673443784,0.0022252381386954376,0.0022252381386954376,9385.637166494767,9661.809833505233,0.016970492619128974
44,56,1.875,8996.47926881294,False,6000,8913.464,2236.7207081555166,28.87594017601192,0.009313468794280216,0.009313468794280216,8792.713804757324,9034.214195242675,0.023174354196012548
44,112,0.325,3583.9874146513976,False,6000,3653.348,417.829742652404,5.3941587828096385,-0.01898548546390938,0.01898548546390938,3630.791306703643,3675.904693296357,0.02500534870030402
44,112,0.525,5148.240336324037,False,6000,5181.000666666667,705.0391521283726,9.102016315391282,-0.006323166594708563,0.006323166594708563,5142.9388671032175,5219.062466230116,0.013569895046156799
44,112,0.725,8960.0,False,6000,8960.063,1602.5855941141106,20.689291056252898,-7.031200561882418e-06,7.031200561882418e-06,8873.546823582983,9046.579176417017,0.009742798244694262
44,112,0.94,34768.29172247005,True,26000,35937.876153846155,11006.652104054298,68.26035862210638,-0.03254461744954655,0.03254461744954655,35652.432577612344,36223.319730079966,0.0401682678024029
44,112,1.0,48379.10628742871,False,6000,48149.87383333333,15379.13494131489,198.5437783559638,0.004760811105940719,0.004760811105940719,47319.62554169096,48980.1221249757,0.02238988017359289
44,112,1.06,46146.644730445674,False,6000,46171.01383333333,14357.951818395914,185.3603609276529,-0.0005278009050358587,0.0005278009050358587,45395.89449052278,46946.13317614388,0.017029910486950794
44,112,1.275,39731.70128195471,False,6000,39174.03333333333,10657.831075790964,137.59200754410094,0.014235653088773332,0.014235653088773332,38598.666378231246,39749.40028843542,0.029354250030837026
44,112,1.675,31953.542352209446,False,6000,31761.070333333333,7247.8297583083995,93.5690798335832,0.006059997879671992,0.006059997879671992,31369.793561400944,32152.347105265722,0.018608627107026265
44,112,1.875,29261.37017532423,False,6000,28935.429333333333,6192.073429385242,79.9393242350083,0.011264420452729107,0.011264420452729107,28601.14795755449,29269.710709112176,0.023083766384116577
45,14,0.325,450.4009568495366,False,6000,448.19666666666666,133.3518170357645,1.721564555220048,0.004918131585546421,0.004918131585546421,440.99761947033045,455.39571386300287,0.02132287559851287
45,14,0.525,565.9243277273508,False,6000,572.9661666666667,179.4111490832573,2.316187975077972,-0.012290147916207757,0.012290147916207757,563.280589383135,582.6517439501985,0.028709115516313277
45,14,0.725,693.7819356123124,False,6000,697.1561666666666,218.67855670786028,2.823128027674057,-0.004839993125912613,0.004839993125912613,685.3507238496081,708.9616094837252,0.0214111366093106
45,14,0.94,752.505413263113,False,6000,756.401,246.2208378316041,3.178697348036799,-0.005150160743953158,0.005150160743953158,743.1086769430462,769.6933230569537,0.02233085474299845
45,14,1.0,756.8736863220204,False,6000,756.7208333333333,249.30532369641872,3.218517889323597,0.00020199389517764417,0.00020199389517764417,743.2619931653958,770.1796735012708,0.018313452432372257
45,14,1.06,752.6626089842356,False,6000,753.3523333333334,247.95448661490474,3.2010786575897865,-0.0009155402042043016,0.0009155402042043016,739.9664186051878,766.738248061479,0.018357815216379803
45,14,1.275,737.8510234920261,False,6000,741.547,238.93832756256666,3.084680544734911,-0.0049841432949953406,0.0049841432949953406,728.6478259551857,754.4461740448144,0.021996467241415796
45,14,1.675,711.4440546462195,False,6000,710.2065,216.30270533322604,2.7924559183173154,0.0017425279073332203,0.0017425279073332203,698.5293183987064,721.8836816012936,0.01848846699393869
45,14,1.875,698.7935689673825,False,6000,702.9001666666667,214.11989964007518,2.764276017992049,-0.0058423626768488645,0.0058423626768488645,691.3408246385767,714.4595086947567,0.02192698051705433
45,28,0.325,933.3333333333333,False,6000,934.6276666666666,212.94816784432214,2.7491490255548046,-0.0013848652030060283,0.0013848652030060283,923.1315810132297,946.1237523201036,0.013518758994693236
45,28,0.525,1326.3157894736842,False,6000,1323.8878333333334,357.00359173644785,4.608896551104981,0.0018339591007778347,0.0018339591007778347,1304.6148623060024,1343.1608043606645,0.016633972059251212
45,28,0.725,2051.454740123119,False,6000,2098.594,632.7849468517408,8.169218536291792,-0.022462305656492473,0.022462305656492473,2064.432870449774,2132.7551295502262,0.038119889292800635
45,28,0.94,3056.384916905981,False,6000,3023.665,983.2417853761868,12.693596866857396,0.010821277127585523,0.010821277127585523,2970.5843283175536,3076.7456716824463,0.02888340444353643
45,28,1.0,3051.616766050667,False,6000,3063.4875,981.3911608590049,12.669705407073634,-0.003874908563959554,0.003874908563959554,3010.506734967032,3116.4682650329682,0.02080929227162054
45,28,1.06,3017.6158495207774,False,6000,3031.025833333333,963.7184473210646,12.441551656357843,-0.004424239366448521,0.004424239366448521,2978.9991362814026,3083.0525303852637,0.02122464026141946
45,28,1.275,2900.9759152295605,False,6000,2881.284166666667,879.7522553278459,11.357552778910541,0.006834365312073662,0.006834365312073662,2833.790415565474,2928.7779177678594,0.023708704530528868
45,28,1.675,2704.224600027992,False,6000,2713.913,791.9537654173757,10.224079148092505,-0.0035699007197386315,0.0035699007197386315,2671.159082870946,2756.666917129054,0.0190238134230879
45,28,1.875,2614.9124288085395,False,6000,2606.474,738.7397907272452,9.537089688891244,0.0032374881961375235,0.0032374881961375235,2566.592858989146,2646.3551410108544,0.018826347798078125
45,56,0.325,1838.8278625119417,False,6000,1869.252,300.28456276078987,3.8766570356523835,-0.016276102680675614,0.016276102680675614,1853.0410267436976,1885.4629732563023,0.02473403689483178
45,56,0.525,2652.6315789473683,False,6000,2656.3541666666665,513.0395644246972,6.623312296541198,-0.0014013898319776724,0.0014013898319776724,2628.657535904668,2684.050797428665,0.011705895622913243
45,56,0.725,4581.818181818181,False,6000,4573.9875,1162.197709340519,15.003907910920793,0.0017120033271146656,0.0017120033271146656,4511.245826530547,4636.729173469454,0.015643651000484038
45,56,0.94,11530.483563668418,False,6000,11485.3435,3584.875664012466,46.28054581648179,0.003930231922834306,0.003930231922834306,11291.812660511692,11678.87433948831,0.021136633269818184
45,56,1.0,12254.711105727842,False,6000,12224.745,3919.2564157142133,50.5973827585924,0.0024512663231699996,0.0024512663231699996,12013.162491876374,12436.327508123628,0.020106996306327396
45,56,1.06,11980.331603977538,False,6000,12064.5785,3826.2537913539386,49.39672404092264,-0.006982995387900327,0.006982995387900327,11858.01677297284,12271.14022702716,0.023698582011891234
45,56,1.275,11090.136855933519,False,6000,11057.786166666667,3216.3247072622707,41.52257342407407,0.0029256027182341503,0.0029256027182341503,10884.151686979649,11231.420646353685,0.018925238721202664
45,56,1.675,9751.33571716749,False,6000,9721.800833333333,2579.7344689239494,33.3042287859323,0.0030380054416349524,0.0030380054416349524,9582.532913265786,9861.06875340088,0.017615676922749568
45,56,1.875,9203.636044910847,False,6000,9165.869166666667,2276.453716998637,29.38889111449231,0.004120381554378469,0.004120381554378469,9042.973970236364,9288.76436309697,0.01776650858481732
45,112,0.325,3664.54782409514,False,6000,3735.3938333333335,430.0458180584682,5.551867638155308,-0.018966141831147393,0.018966141831147393,3712.1776506849965,3758.6100159816706,0.02502579184501086
45,112,0.525,5264.697988046323,False,6000,5311.584666666667,719.5545955433473,9.289409884087993,-0.008827248657935374,0.008827248657935374,5272.739245518278,5350.430087815055,0.016023403420217797
45,112,0.725,9163.636363636362,False,6000,9186.132833333333,1680.2007289617432,21.691298138514643,-0.0024489597641500424,0.0024489597641500424,9095.426575136116,9276.83909153055,0.012202726249454732
45,112,0.94,35463.6208749658,True,26000,36744.69084615384,11260.80762906237,69.83656427654425,-0.03486408353663233,0.03486408353663233,36452.65606840916,37036.72562389852,0.04247418535070624
45,112,1.0,49115.332505961705,False,6000,49070.73583333333,15844.710830776763,204.55433724356897,0.0009088242079728314,0.0009088242079728314,48215.35325498819,49926.11841167847,0.018665823025581618
45,112,1.06,46913.70369386299,False,6000,46633.4095,14391.061471211488,185.78780470749766,0.00601058762094134,0.00601058762094134,45856.50272032829,47410.316279671715,0.023054548664175334
45,112,1.275,40552.97286720219,False,6000,40562.067833333334,10704.13323532637,138.18976585334784,-0.00022422343378835217,0.00022422343378835217,39984.20123901225,41139.93442765442,0.014267440350067107
45,112,1.675,32767.718413355065,False,6000,32461.6055,7301.454843956977,94.26137671243616,0.009429999183344888,0.009429999183344888,32067.43375797217,32855.777242027834,0.021837876415938595
45,112,1.875,30053.75663749436,False,6000,29870.681166666665,6308.975018374674,81.4485172593458,0.006128935252805429,0.006128935252805429,29530.088815340816,30211.273517992515,0.017733364278996078
46,14,0.325,459.8553866413766,False,6000,458.5953333333333,136.6639738623443,1.7643243159846174,0.0027476365685722964,0.0027476365685722964,451.21747812488115,465.9731885417855,0.019143559226455276
46,14,0.525,576.8855824621502,False,6000,587.4018333333333,182.0294293481973,2.3499898279506928,-0.017902992933315372,0.017902992933315372,577.5749072206703,597.2287594459964,0.03406262116833925
46,14,0.725,705.5152231160107,False,6000,706.3201666666666,229.60009297418526,2.96412445458898,-0.001139629857171856,0.001139629857171856,693.9251206721974,718.7152126611359,0.018366091760115277
46,14,0.94,763.5842863859274,False,6000,767.9045,253.4480828523538,3.272000680051213,-0.005625977727793756,0.005625977727793756,754.2220114457895,781.5869885542105,0.02303352337221576
46,14,1.0,768.0180969801311,False,6000,770.6875,252.36772724612769,3.2580533491482275,-0.003463664610972571,0.003463664610972571,757.0633348430324,784.3116651569676,0.020774353998133654
46,14,1.06,763.8655082705193,False,6000,771.4481666666667,254.53341337250674,3.286012236816823,-0.009829122323164154,0.009829122323164154,757.7070861426436,785.1892471906898,0.027157451527086263
46,14,1.275,749.2535091855273,False,6000,755.1215,241.23688553696329,3.1143548005853456,-0.007770922711739376,0.007770922711739376,742.0982374522389,768.144762547761,0.024593350476771803
46,14,1.675,723.1758798934653,False,6000,729.1543333333333,219.06959722721402,2.8281763390712213,-0.008199160543334397,0.008199160543334397,717.3277800491129,740.9808866175537,0.024028968959462715
46,14,1.875,710.6697173012071,False,6000,714.6858333333333,217.63335186795192,2.809634491212922,-0.005619414636211304,0.005619414636211304,702.9368162863888,726.4348503802779,0.021702060509373955
46,28,0.325,954.074074074074,False,6000,952.8361666666667,219.16293723502113,2.8293813533904606,0.001299181801356168,0.001299181801356168,941.0045743875796,964.6677589457538,0.013888880077974397
46,28,0.525,1355.7894736842106,False,6000,1345.5915,354.34248319055524,4.574541787502674,0.007578803585048388,0.007578803585048388,1326.4621899023982,1364.7208100976018,0.02210940048277621
46,28,0.725,2092.659655247433,False,6000,2144.7251666666666,655.574769455295,8.463433880980414,-0.024276076127811703,0.024276076127811703,2109.3337201086483,2180.116613224685,0.04011572474918734
46,28,0.94,3102.6652092585323,False,6000,3069.236,982.0920145747623,12.678753389637821,0.010891703752507925,0.010891703752507925,3016.2173991198,3122.2546008801996,0.028661001081672577
46,28,1.0,3096.793866131982,False,6000,3096.319,980.6647943166591,12.660328055334476,0.00015336473147057946,0.00015336473147057946,3043.3774481336495,3149.2605518663504,0.017551690156306643
46,28,1.06,3063.269369599943,False,6000,3060.020666666667,970.2849940788074,12.526325410473943,0.0010616604549978101,0.0010616604549978101,3007.639472157733,3112.4018611756005,0.018496198748947812
46,28,1.275,2948.142553640053,False,6000,2952.9998333333333,907.6896835337346,11.718223426168116,-0.0016448628403061862,0.0016448628403061862,2903.9978698307714,3002.001796835895,0.01794110957981765
46,28,1.675,2753.469033683226,False,6000,2751.2098333333333,793.4868367086988,10.243871013358648,0.0008211661366284665,0.0008211661366284665,2708.3731527832256,2794.046513883441,0.016650541988151968
46,28,1.875,2664.880877717667,False,6000,2665.942,738.7748209086908,9.537541926589089,-0.0003980290202611852,0.0003980290202611852,2626.0589678718356,2705.8250321281644,0.01513185587550514
46,56,0.325,1880.0141246055946,False,6000,1908.5936666666666,309.67533110502154,3.997891333670054,-0.014974136486047264,0.014974136486047264,1891.8757293057668,1925.3116040275665,0.023527349716905066
46,56,0.525,2711.5789473684213,False,6000,2707.021166666667,522.0055137110108,6.739062204103975,0.001683688608673377,0.001683688608673377,2678.8405058141384,2735.2018275191954,0.012221123834445402
46,56,0.725,4683.636363636363,False,6000,4684.631666666667,1180.0056106663603,15.233806928473756,-0.00021246132057427304,0.00021246132057427304,4620.928627053413,4748.334706279921,0.013625480646507704
46,56,0.94,11723.609834786424,False,6000,11668.738666666666,3631.0461342946955,46.87660402478058,0.004702407834062239,0.004702407834062239,11472.715297252427,11864.762036080905,0.021868801851474773
46,56,1.0,12436.618420950841,False,6000,12517.637333333334,3994.7936903229765,51.57256478051786,-0.006472380547944697,0.006472380547944697,12301.97691748352,12733.297749183148,0.023299488795142542
46,56,1.06,12166.088461678011,False,6000,12311.8385,3825.9491856635564,49.39279159836927,-0.011838202582172316,0.011838202582172316,12105.29321722377,12518.383782776229,0.028142236826365186
46,56,1.275,11286.21762113805,False,6000,11241.890666666666,3325.599149776932,42.93330041082534,0.00394301597353351,0.00394301597353351,11062.356965757897,11421.424367575435,0.020236253094443102
46,56,1.675,9956.082552023046,False,6000,9943.903,2616.6216525136124,33.78044027836984,0.0012248261093301292,0.0012248261093301292,9802.643711674376,10085.162288325624,0.015652801923825344
46,56,1.875,9409.316881055825,False,6000,9412.961166666666,2373.1754339419053,30.637563110951863,-0.00038715612933215983,0.00038715612933215983,9284.844412550361,9541.077920782971,0.013809869369176386
46,112,0.325,3745.101887900378,False,6000,3816.083666666667,433.07645884195716,5.590993042431273,-0.018600687240248846,0.018600687240248846,3792.7038737539897,3839.463459579344,0.02457675992293573
46,112,0.525,5381.173173928286,False,6000,5407.343333333333,730.5226779637934,9.43100721926872,-0.004839744360917963,0.004839744360917963,5367.905796196176,5446.78087047049,0.012045224161282841
46,112,0.725,9367.272727272726,False,6000,9377.879166666668,1703.7607719475498,21.99545698558118,-0.0011310061907858235,0.0011310061907858235,9285.901010829262,9469.857322504073,0.010832749822699661
46,112,0.94,36155.85444464744,False,6000,37301.789333333334,11478.888771211983,148.19181681290445,-0.030720641265910318,0.030720641265910318,36682.09727466955,37921.48139199712,0.04656007314424948
46,112,1.0,49845.3595966492,False,6000,49980.58666666667,15800.6973190041,203.98612524989022,-0.0027055918914944787,0.0027055918914944787,49127.58017404403,50833.59315928931,0.019440560881530344
46,112,1.06,47673.81671313306,False,6000,47480.7355,14327.128905238398,184.96243882985073,0.004066516895743125,0.004066516895743125,46707.28014356386,48254.190856436144,0.02069348860816489
46,112,1.275,41367.295838703336,False,6000,41214.83316666666,11187.026096472073,144.42388588408036,0.003699218468752158,0.003699218468752158,40610.897422517424,41818.7689108159,0.01862550360107318
46,112,1.675,33578.156509835455,False,6000,33378.892,7694.689272554774,99.33801135615168,0.0059697760439578135,0.0059697760439578135,32963.4913518078,33794.2926481922,0.01864684633880387
46,112,1.875,30843.952920781372,False,6000,30375.513,6565.546992194591,84.76084719837283,0.015421629941900014,0.015421629941900014,30021.0695157099,30729.956484290098,0.027410196183745628
47,14,0.325,469.2836734026018,False,6000,468.73333333333335,136.73612306231996,1.7652557581511104,0.0011741005602370134,0.0011741005602370134,461.351583123618,476.1150835430487,0.01719315716937375
47,14,0.525,587.7912533501933,False,6000,602.2588333333333,187.7695752978638,2.4240947935102204,-0.02402219640858736,0.02402219640858736,592.1220233171429,612.3956433495238,0.04017727798446724
47,14,0.725,717.1563762592615,False,6000,719.479,225.66016332208872,2.913260181496318,-0.0032282022696125245,0.0032282022696125245,707.2966525659717,731.6613474340284,0.01982470609611464
47,14,0.94,774.5659403533504,False,6000,781.146,253.5905960054455,3.273840516946345,-0.008423597697036921,0.008423597697036921,767.4558178204754,794.8361821795245,0.025502414561187958
47,14,1.0,779.0657890118841,False,6000,776.5911666666667,249.15123067044306,3.216528556912362,0.0031865187906259035,0.0031865187906259035,763.1406452677666,790.0416880655669,0.02086790140568362
47,14,1.06,774.9702096300059,False,6000,776.1105,252.21882102392053,3.2561309780857113,-0.0014692371382607125,0.0014692371382607125,762.4943736005487,789.7266263994513,0.018685474537845304
47,14,1.275,760.552963364908,False,6000,763.5031666666666,243.30653711276616,3.141073887537134,-0.00386403544943859,0.00386403544943859,750.3681732126054,776.6381601207279,0.020711313944861365
47,14,1.675,734.7977374228823,False,6000,738.6885,231.61828577669414,2.9901792116341555,-0.005267122172766597,0.005267122172766597,726.1845011201518,751.1924988798481,0.021824980256609505
47,14,1.875,722.4334532788888,False,6000,722.9828333333334,219.13635175863126,2.8290381363660977,-0.0007598798050454699,0.0007598798050454699,711.1526762810284,734.8129903856383,0.016847194141536015
47,28,0.325,974.8148148148148,False,6000,969.9201666666667,220.01939130160855,2.8404381278460766,0.005046444353218887,0.005046444353218887,958.0423383978202,981.7979949355131,0.01750703047742541
47,28,0.525,1385.2631578947369,False,6000,1383.3195,368.9439713950545,4.763046189655572,0.0014050679504892514,0.0014050679504892514,1363.401923157651,1403.237076842349,0.016034328810725862
47,28,0.725,2133.7026351561726,False,6000,2190.3295,662.1754387232722,8.548648154809412,-0.025853126136422492,0.025853126136422492,2154.5817138686343,2226.0772861313653,0.04149660550902434
47,28,0.94,3148.537665763876,False,6000,3116.7615,991.5190707339024,12.800456161331526,0.010195250988526304,0.010195250988526304,3063.2339760040845,3170.2890239959156,0.027847591933237714
47,28,1.0,3141.584091707866,False,6000,3177.7005,1013.9161887483851,13.089601711575305,-0.01136557969894712,0.01136557969894712,3122.9638592988736,3232.4371407011263,0.02810667154181823
47,28,1.06,3108.5239069563618,False,6000,3133.944,986.1592287935838,12.731260899420999,-0.008111214828228644,0.008111214828228644,3080.705829054916,3187.1821709450837,0.024679563253642844
47,28,1.275,2994.876524432948,False,6000,3003.2128333333335,923.0319076386573,11.916290687675275,-0.0027757969091830622,0.0027757969091830622,2953.3826141842924,3053.0430524823746,0.01905198421690535
47,28,1.675,2802.2544711218316,False,6000,2806.95,810.9114284088741,10.468821524922792,-0.0016728224151368073,0.0016728224151368073,2763.172646418097,2850.7273535819027,0.017003689391469012
47,28,1.875,2714.391892363943,False,6000,2705.3745,758.8159059874887,9.796271222422789,0.0033331401489675996,0.0033331401489675996,2664.409542476628,2746.339457523372,0.018759259449602217
47,56,0.325,1921.222305452239,False,6000,1941.985,310.02997737769186,4.002469797362876,-0.010691480391332029,0.010691480391332029,1925.247916928815,1958.722083071185,0.019145022125930167
47,56,0.525,2770.5263157894738,False,6000,2761.286,533.5184956508383,6.887694161831103,0.003346381283747391,0.003346381283747391,2732.4838065564823,2790.088193443518,0.013922318273839274
47,56,0.725,4785.454545454545,False,6000,4803.1658333333335,1211.709254408351,15.643099209229831,-0.0036874196089326,0.0036874196089326,4737.751260779113,4868.580405887554,0.0170739421972953
47,56,0.94,11915.23341548815,False,6000,11899.1865,3707.116439377143,47.85866744053137,0.0013485724833500392,0.0013485724833500392,11699.056447012177,12099.316552987822,0.018478154153293458
47,56,1.0,12616.978238152118,False,6000,12561.255,4035.719793628366,52.10091850227432,0.004436120288308688,0.004436120288308688,12343.385173316447,12779.124826683552,0.022165156559087018
47,56,1.06,12350.201163972704,False,6000,12419.4145,3877.7968298247197,50.062141806290185,-0.005572995089848758,0.005572995089848758,12210.070202964858,12628.758797035143,0.022057403862035585
47,56,1.275,11480.482554778398,False,6000,11534.169833333333,3341.317794387491,43.136227240164175,-0.004654628753582299,0.004654628753582299,11353.787555577775,11714.552111088891,0.01998109309607532
47,56,1.675,10159.155529082589,False,6000,10165.379833333332,2668.194856551034,34.44624747952814,-0.0006123041492589687,0.0006123041492589687,10021.336346500448,10309.423320166217,0.014575770769805318
47,56,1.875,9613.508027829706,False,6000,9554.691833333334,2411.3279003985567,31.130109334963024,0.006155739559404822,0.006155739559404822,9424.515404195095,9684.868262471573,0.020053298820063015
47,112,0.325,3825.650616034289,False,6000,3896.418833333333,443.25779969614837,5.722433587665752,-0.018162374304741442,0.018162374304741442,3872.4893969665163,3920.34826970015,0.024155418639146498
47,112,0.525,5497.66722141553,False,6000,5535.762333333333,759.9287294171218,9.810637711123583,-0.006881637907107311,0.006881637907107311,5494.737299625255,5576.787367041411,0.014187405833953504
47,112,0.725,9570.90909090909,False,6000,9591.537,1723.379635055904,22.248735419215105,-0.0021506364507492574,0.0021506364507492574,9498.499712576728,9684.574287423273,0.011736726173063983
47,112,0.94,36844.98409348861,False,6000,38099.33216666667,11648.795114578827,150.38529827382038,-0.0329230986960841,0.0329230986960841,37470.46765117369,38728.19668215964,0.04862639497848209
47,112,1.0,50569.19669524979,False,6000,50553.986833333336,16201.53767755331,209.16095202705318,0.0003008637472371363,0.0003008637472371363,49679.340825602936,51428.632841063736,0.017911990273193235
47,112,1.06,48427.03177887836,False,6000,48871.27166666667,14886.22876032234,192.18038692187434,-0.009090000579856197,0.009090000579856197,48067.63309763032,49674.91023570301,0.02512090008625245
47,112,1.275,42174.686932671764,False,6000,42167.59,11425.36297419395,147.50080174476003,0.00016830301830784538,0.00016830301830784538,41550.78755129819,42784.3924487018,0.015015344308535905
47,112,1.675,34384.706564110966,False,6000,34136.610166666665,7778.13326628234,100.41526868297801,0.007267751432641037,0.007267751432641037,33716.704763590365,34556.515569742965,0.019812191173615323
47,112,1.875,31631.760370344506,False,6000,31091.394666666667,6623.107330779417,85.50394797417647,0.01737991201331245,0.01737991201331245,30733.843766194917,31448.945567138417,0.029215890175677828
48,14,0.325,478.6855162169184,False,6000,475.65483333333333,139.94545657186615,1.8066880756007697,0.006371601151083478,0.006371601151083478,468.0998260663271,483.20984060033953,0.022614172364788132
48,14,0.525,598.6411589471742,False,6000,607.3813333333334,184.83583788337666,2.386220406348706,-0.014389929203442531,0.014389929203442531,597.4029022172436,617.3597644494231,0.030320417008294465
48,14,0.725,728.7056093365238,False,6000,733.632,235.00196643866266,3.033862341143116,-0.006715070585083703,0.006715070585083703,720.9453318673113,746.3186681326886,0.02359991723137944
48,14,0.94,785.4505525078999,False,6000,788.3708333333333,252.65365811943514,3.2617447008498486,-0.0037041969362133992,0.0037041969362133992,774.7312320923469,802.0104345743197,0.020647963358742527
48,14,1.0,790.0168961465814,False,6000,791.5145,253.4836071877933,3.272459297249687,-0.0018920738071362961,0.0018920738071362961,777.8300936513931,805.1989063486069,0.01885498115102069
48,14,1.06,785.976927010559,False,6000,787.6735,253.24549442090918,3.269385274647482,-0.002153903856662612,0.002153903856662612,774.0019482572392,801.3450517427608,0.019177911810622894
48,14,1.275,771.7498593997321,False,6000,773.7495,246.79853255039458,3.1861553547870245,-0.0025843513957267395,0.0025843513957267395,760.425989879847,787.0730101201531,0.01946852518558817
48,14,1.675,746.310447353147,False,6000,747.3508333333333,228.66120296251015,2.9520034366585195,-0.0013920985082012966,0.0013920985082012966,735.0064736636286,759.695193003038,0.017618573571568596
48,14,1.875,734.0856993137224,False,6000,741.366,225.0936632534839,2.9059466970585452,-0.009820116765912575,0.009820116765912575,729.2142352818377,753.5177647181623,0.02578846354300357
48,28,0.325,995.5555555555555,False,6000,1000.611,231.61612354018152,2.990151297280809,-0.005052357454040029,0.005052357454040029,988.1071178492903,1013.1148821507097,0.017332019205835825
48,28,0.525,1414.7368421052631,False,6000,1400.1635,373.7563101777007,4.825173216193895,0.010408314532740647,0.010408314532740647,1379.9861272674177,1420.3408727325825,0.025181930565242094
48,28,0.725,2174.5827423574633,False,6000,2223.2836666666667,670.9775671976691,8.66228314478447,-0.021904953038322777,0.021904953038322777,2187.060694371933,2259.5066389614003,0.03758515028881393
48,28,0.94,3194.0035030198806,False,6000,3161.735,987.0181495694983,12.742349518957093,0.010205948006357404,0.010205948006357404,3108.450459898941,3215.019540101059,0.027522730126997352
48,28,1.0,3185.9879776955254,False,6000,3190.5841666666665,1022.3630628539062,13.198650387369284,-0.001440547790326112,0.001440547790326112,3135.3915183407557,3245.7768149925773,0.018420501687263613
48,28,1.06,3153.380652450891,False,6000,3166.5101666666665,1012.4841313568065,13.071113930147314,-0.00414636730176577,0.00414636730176577,3111.8508361138306,3221.1694972195023,0.021044792839099657
48,28,1.275,3041.18072370446,False,6000,3045.8366666666666,923.1257410800165,11.91750207219428,-0.0015286252914218236,0.0015286252914218236,2996.001381884566,3095.6719514487672,0.017602390886025776
48,28,1.675,2850.584540177977,False,6000,2843.9466666666667,827.9109969829948,10.688285011523726,0.0023340358625959876,0.0023340358625959876,2799.25158508373,2888.6417482496036,0.01833809985775603
48,28,1.875,2763.448523811097,False,6000,2765.1031666666668,776.5684788158441,10.025455952144638,-0.0005984018518789992,0.0005984018518789992,2723.1798299289085,2807.026503404425,0.015524605678099546
48,56,0.325,1962.452694993958,False,6000,1987.951,317.89640915476264,4.104024994918449,-0.012826425302254469,0.012826425302254469,1970.7892446979545,2005.1127553020456,0.021275641579399096
48,56,0.525,2829.4736842105262,False,6000,2826.1258333333335,560.4809302240618,7.235777695415442,0.0011846078605934004,0.0011846078605934004,2795.8680628805523,2856.3836037861147,0.012019745057408215
48,56,0.725,4887.272727272727,False,6000,4875.124833333333,1227.2541554395511,15.8437830186041,0.0024918118724536714,0.0024918118724536714,4808.871063543758,4941.378603122908,0.016303548731704476
48,56,0.94,12105.3584216251,False,6000,12072.834166666667,3743.7494053779405,48.33159699800895,0.0026940032894871386,0.0026940032894871386,11870.726469451389,12274.941863881946,0.019765593350796307
48,56,1.0,12795.7926970005,False,6000,12930.189,4058.5936775832774,52.3962190743425,-0.010393993699512136,0.010393993699512136,12711.08431822549,13149.29368177451,0.026883648150925255
48,56,1.06,12532.677013974278,False,6000,12549.501666666667,3841.6632029662264,49.59565868942013,-0.0013406630111120125,0.0013406630111120125,12342.108056850577,12756.895276482757,0.017576240742669058
48,56,1.275,11672.945666913003,False,6000,11765.81,3383.425568463056,43.67983626596593,-0.007892727579911314,0.007892727579911314,11583.154518476837,11948.465481523162,0.023059012476222773
48,56,1.675,10360.553921594563,False,6000,10328.4725,2702.910516237428,34.894424718921506,0.003106114829134988,0.003106114829134988,10182.55487543064,10474.39012456936,0.017480784374991565
48,56,1.875,9816.196910548397,False,6000,9834.008166666667,2477.4295813043186,31.983478365977465,-0.0018111898847758471,0.0018111898847758471,9700.263213820423,9967.75311951291,0.015204651153310267
48,112,0.325,3906.194995816238,False,6000,3997.5288333333333,456.7200612749938,5.896230637322939,-0.022847574420354233,0.022847574420354233,3972.872631792784,4022.1850348738826,0.02883756914512048
48,112,0.525,5614.1814342851185,False,6000,5647.077166666667,758.6908868937434,9.794657232862678,-0.005825267020561364,0.005825267020561364,5606.118958345341,5688.035374987993,0.012984086039203091
48,112,0.725,9774.545454545454,False,6000,9750.630333333333,1750.9809802161571,22.605067253010382,0.0024526743804824227,0.0024526743804824227,9656.102977076294,9845.15768959037,0.012266074393608273
48,112,0.94,37531.00007530694,False,6000,38669.848333333335,11711.28125245453,151.19199084502512,-0.029450548867157318,0.029450548867157318,38037.61048056095,39302.08618610572,0.045063412217158705
48,112,1.0,51286.8523604388,False,6000,51513.65266666667,16105.62583043343,207.92273540505556,-0.004402722278216998,0.004402722278216998,50644.18449550012,52383.120837833216,0.020927895472059088
48,112,1.06,49173.39327749937,False,6000,49301.719666666664,14881.901432627988,192.12452136156168,-0.002602878561537487,0.002602878561537487,48498.31471001745,50105.12462331588,0.01859552995469338
48,112,1.275,42975.1623391697,False,6000,42927.327333333335,11743.881430019632,151.6128573276686,0.0011143252750147501,0.0011143252750147501,42293.329547909736,43561.32511875693,0.01612152078231599
48,112,1.675,35187.22703831012,False,6000,34853.104166666664,8068.923823963688,104.1693586400921,0.0095866029621261,0.0095866029621261,34417.50032771202,35288.70800562131,0.02236439901994669
48,112,1.875,32416.989797292903,False,6000,32092.302666666666,7013.360545445835,90.54209531153295,0.010117289930818191,0.010117289930818191,31713.68380196799,32470.921531365344,0.02217673606499382
49,14,0.325,488.06060307912804,False,6000,483.92083333333335,141.89833011228026,1.8318995645983462,0.008554642537869715,0.008554642537869715,476.2603994654871,491.58126720117957,0.02477678939270289
49,14,0.525,609.4350943488694,False,6000,616.9381666666667,190.14258696357783,2.4547302423824413,-0.012161789824637724,0.012161789824637724,606.6732487374484,627.203084595885,0.02832892675976517
49,14,0.725,740.163098576807,False,6000,740.22,230.27121343889928,2.9727885825327682,-7.687096159660586e-05,7.687096159660586e-05,727.7887233188608,752.6512766811393,0.017002702654578927
49,14,0.94,796.2382886710697,False,6000,796.3473333333334,255.24630223640156,3.2952155924753606,-0.00013693103210039086,0.00013693103210039086,782.567767240152,810.1268994265148,0.01746880206825918
49,14,1.0,800.8715438403977,False,6000,796.5301666666667,260.3449698775242,3.3610391086817426,0.005450361273696571,0.005450361273696571,782.4753471138565,810.5849862194768,0.02351025728081435
49,14,1.06,796.8858597241193,False,6000,801.0413333333333,257.7515294491534,3.3275579367202055,-0.005187589499186094,0.005187589499186094,787.1265216218841,814.9561450447826,0.02217332236898506
49,14,1.275,782.8446352399584,False,6000,784.5605,245.54479913275878,3.1699697259634005,-0.002187039444429912,0.002187039444429912,771.3046731424062,797.8163268575939,0.018765837591473544
49,14,1.675,757.714767280523,False,6000,756.8386666666667,232.28505195653315,2.998787126001925,0.001157579088440273,0.001157579088440273,744.298672167829,769.3786611655044,0.01802514986842385
49,14,1.875,745.6273082174957,False,6000,742.378,226.5823574555582,2.925165656565976,0.004376891849564097,0.004376891849564097,730.1458675743713,754.6101324256288,0.02120321613892795
49,28,0.325,1016.2962962962962,False,6000,1009.7741666666667,228.81947008712794,2.954046656451509,0.006458998303709317,0.006458998303709317,997.4212628876647,1022.1270704456687,0.018923832999093948
49,28,0.525,1444.2105263157896,False,6000,1424.2668333333334,381.1585902811712,4.920736241409574,0.014002778493254885,0.014002778493254885,1403.6898457697728,1444.843820896894,0.028867260576210585
49,28,0.725,2215.2989718387284,False,6000,2280.1675,694.0295019680482,8.959882342996261,-0.028449018837989563,0.028449018837989563,2242.70006047514,2317.63493952486,0.04415534385545261
49,28,0.94,3239.063836238647,False,6000,3209.215166666667,1005.0432620189677,12.97505272005813,0.00930092499936156,0.00930092499936156,3154.9575341989084,3263.4727991344253,0.0266584577218707
49,28,1.0,3230.006025919662,False,6000,3217.8973333333333,1001.555981555826,12.930032122867123,0.0037629207311551094,0.0037629207311551094,3163.8279629920244,3271.9667036746423,0.02091708642244039
49,28,1.06,3197.8407116998146,False,6000,3253.8325,1010.1953026694091,13.041565278851941,-0.017207950409305138,0.017207950409305138,3199.2967327109513,3308.3682672890486,0.03340848015079134
49,28,1.275,3087.057829533983,False,6000,3112.3603333333335,949.9139823806203,12.263336780299026,-0.008129683291603882,0.008129683291603882,3061.078875430261,3163.641791236406,0.02420753257039654
49,28,1.675,2898.462616191286,False,6000,2896.220333333333,828.0188721653626,10.689677674139658,0.0007742100392521542,0.0007742100392521542,2851.5194280687515,2940.921238597915,0.01646251737247595
49,28,1.875,2812.053631932322,False,6000,2811.212666666667,779.9384952988048,10.068962677861142,0.00029914679726178174,0.00029914679726178174,2769.1073983418287,2853.317934991505,0.015509053067501055
49,56,0.325,2003.705582362042,False,6000,2033.2103333333334,328.0767468421456,4.2354525893251225,-0.014511411085994307,0.014511411085994307,2015.4989887334798,2050.921677933187,0.023021891122983695
49,56,0.525,2888.421052631579,False,6000,2885.77,564.1662388198807,7.283354824806248,0.0009186638684230569,0.0009186638684230569,2855.3132767987363,2916.2267232012637,0.011595146529757239
49,56,0.725,4989.090909090909,False,6000,4979.066666666667,1260.8688761892383,16.277747197440604,0.0020132774062560058,0.0020132774062560058,4910.998193736573,5047.13513959676,0.015901597246346988
49,56,0.94,12293.988365036868,False,6000,12284.905666666667,3737.14038329781,48.24627488983874,0.0007393380638522516,0.0007393380638522516,12083.154759954392,12486.656573378943,0.017448556214906263
49,56,1.0,12973.06380479479,False,6000,12974.124666666667,4052.683021991441,52.31991283876799,-8.176751026616056e-05,8.176751026616056e-05,12755.339073821822,13192.910259511511,0.017069301702830497
49,56,1.06,12713.522774878898,False,6000,12804.1365,3897.1123704617175,50.311504363657136,-0.00707691027201265,0.00707691027201265,12593.749446354865,13014.523553645136,0.023128067464439184
49,56,1.275,11863.619981005231,False,6000,11844.922,3497.351665097591,45.15061584917917,0.0015785651442222041,0.0015785651442222041,11656.116175985844,12033.727824014157,0.017802139399304417
49,56,1.675,10560.27726360557,False,6000,10578.336,2776.0412694384795,35.83853868306576,-0.0017071433914018904,0.0017071433914018904,10428.470384653305,10728.201615346694,0.015652609613610147
49,56,1.875,10017.372018252388,False,6000,9951.5985,2509.6783005981397,32.399807541849086,0.006609342032075388,0.006609342032075388,9816.112588107391,10087.084411892609,0.020502966763933816
49,112,0.325,3986.735993686964,False,6000,4069.489,463.959137452719,5.989686708917128,-0.020334987098634783,0.020334987098634783,4044.441994252806,4094.536005747194,0.026327772404228234
49,112,0.525,5730.7170944191075,False,6000,5779.988166666667,801.5670142329689,10.348185656644974,-0.008524424415210214,0.008524424415210214,5736.715274742429,5823.261058590905,0.01589212010944796
49,112,0.725,9978.181818181818,False,6000,9966.473,1786.7181612019642,23.066432275671822,0.001174820639339319,0.001174820639339319,9870.016358801071,10062.929641198929,0.010958994944754608
49,112,0.94,38213.89135026668,True,26000,39467.58161538462,11895.020778104728,73.769787257267,-0.03176506423259659,0.03176506423259659,39159.09932320542,39776.06390756382,0.03927418662961468
49,112,1.0,51998.33462141146,False,6000,52011.905666666666,16453.871524207418,212.41856797963925,-0.0002609219001161467,0.0002609219001161467,51123.6373228356,52900.17401049773,0.017109449647573216
49,112,1.06,49912.94233462944,False,6000,50412.021,15128.444436306158,195.30737785279334,-0.009899993205401508,0.009899993205401508,49595.30632805137,51228.735671948634,0.025684673261215818
49,112,1.275,43768.737723260354,False,6000,43889.01416666667,11844.571473275437,152.9127601965307,-0.00274046810323807,0.00274046810323807,43249.5805919924,44528.44774134093,0.01706122841949531
49,112,1.675,35985.58438309581,False,6000,35694.091166666665,8225.285600110747,106.18798049009534,0.008166427744807244,0.008166427744807244,35250.04607935705,36138.13625397628,0.02086630758107
49,112,1.875,33199.460982416545,False,6000,32743.724666666665,7009.407706903045,90.49106438537805,0.013918279621188696,0.013918279621188696,32365.31919741967,33122.13013591366,0.025772703797816376
50,14,0.325,497.4086115254782,False,6000,493.6383333333333,144.2026996984532,1.861648848034195,0.007637733817561856,0.007637733817561856,485.85349722052774,501.4231694461389,0.023783124688933954
50,14,0.525,620.172833169579,False,6000,628.9283333333333,192.02412628296133,2.479020810546464,-0.013921300249505287,0.013921300249505287,618.5618398075982,639.2948268590684,0.0299110721471626
50,14,0.725,751.528985920234,False,6000,757.7306666666667,238.02071079918747,3.0728341632590164,-0.008184545009527559,0.008184545009527559,744.8810305024344,770.580302830899,0.024723337516772248
50,14,0.94,806.9293041865749,False,6000,810.221,253.81589110369507,3.276749064158021,-0.004062713523131494,0.004062713523131494,796.5186551812145,823.9233448187855,0.02062575449412507
50,14,1.0,811.6298499450374,False,6000,813.4291666666667,257.14447209541004,3.3197208599827364,-0.0022120140208429025,0.0022120140208429025,799.5471271711318,827.3112061622015,0.018954603902814338
50,14,1.06,807.6971937413243,False,6000,810.901,258.80530628916256,3.3411621372267875,-0.003950921578189726,0.003950921578189726,796.9292997558388,824.8727002441611,0.020822008653884283
50,14,1.275,793.8376967937202,False,6000,797.576,251.65463417115257,3.2488473571359795,-0.004687080862864294,0.004687080862864294,783.9903314366015,811.1616685633985,0.021356990155069644
50,14,1.675,769.0113983225498,False,6000,773.8585,239.11137262616737,3.0869145468998074,-0.00626355034861059,0.00626355034861059,760.9499840533831,786.767015946617,0.022567821558589496
50,14,1.875,757.0590698464546,False,6000,755.7181666666667,229.5647165031016,2.9636677463111316,0.0017743429216507942,0.0017743429216507942,743.3250304840818,768.1113028492515,0.018476492515566934
50,28,0.325,1037.037037037037,False,6000,1036.7868333333333,240.37846345763714,3.103272619194523,0.0002413260813693,0.0002413260813693,1023.8099130192277,1049.763753647439,0.012919511571051645
50,28,0.525,1473.6842105263158,False,6000,1471.2546666666667,389.3540033202935,5.026538568795614,0.0016513414806381555,0.0016513414806381555,1450.2352466970574,1492.274086636276,0.016169075936241395
50,28,0.725,2255.8502561145715,False,6000,2321.6493333333333,699.7633448693156,9.033905936550855,-0.02834152267271563,0.02834152267271563,2283.8723501773466,2359.42631648932,0.043898832377551544
50,28,0.94,3283.719689373509,False,6000,3244.174666666667,1005.2457707785529,12.97766709690258,0.01218954796520684,0.01218954796520684,3189.9061016885735,3298.44323164476,0.029409513852233893
50,28,1.0,3273.6387077870922,False,6000,3294.0911666666666,1044.3908771333392,13.483028246894598,-0.0062088320707500205,0.0062088320707500205,3237.7093386343613,3350.472994698972,0.02293237015592864
50,28,1.06,3241.905112907468,False,6000,3275.7926666666667,1031.195363316659,13.312674896039091,-0.010344840839295764,0.010344840839295764,3220.12320333143,3331.4621300019035,0.026882195744600712
50,28,1.275,3132.51032285404,False,6000,3133.668166666667,952.20475916188,12.292910581378019,-0.0003694851372403827,0.0003694851372403827,3082.2630403312387,3185.073293002095,0.01650290756684958
50,28,1.675,2945.8918443463385,False,6000,2969.1283333333336,853.6461439927834,11.020524330794096,-0.007826030530956625,0.007826030530956625,2923.043930314466,3015.2127363522013,0.022990381796319626
50,28,1.875,2860.2099004527927,False,6000,2879.9115,803.0119378708787,10.36683954059886,-0.006841043395676387,0.006841043395676387,2836.5606033384015,2923.262396661599,0.021569222208999372
50,56,0.325,2044.9812557955634,False,6000,2071.9735,333.4805196818117,4.305214996707504,-0.0130273115000924,0.0130273115000924,2053.9704307234547,2089.9765692765454,0.02152909948486048
50,56,0.525,2947.3684210526317,False,6000,2945.7116666666666,560.175801588516,7.231838501669043,0.0005624292440813975,0.0005624292440813975,2915.470368696204,2975.9529646371293,0.010940962631251994
50,56,0.725,5090.90909090909,False,6000,5115.023666666667,1291.5437316024813,16.673757877983306,-0.004714460250638826,0.004714460250638826,5045.29920031429,5184.748133019044,0.01809905509437193
50,56,0.94,12481.12621222372,False,6000,12453.741833333333,3811.7856070485286,49.209940584706935,0.002198887632076218,0.002198887632076218,12247.961176590592,12659.522490076075,0.019037048882778462
50,56,1.0,13148.793447162254,False,6000,13168.923833333334,4168.271535656532,53.81215413356055,-0.0015286280356581643,0.0015286280356581643,12943.89815179884,13393.949514867829,0.01830349348662552
50,56,1.06,12892.74472081753,False,6000,12975.429166666667,3996.0802047109933,51.58917360984934,-0.006372386206812243,0.006372386206812243,12759.699297861476,13191.159035471857,0.022622296786193763
50,56,1.275,12052.517623086862,False,6000,12040.016666666666,3491.765017801954,45.07849254272204,0.0010382839796895774,0.0010382839796895774,11851.512439874388,12228.520893458945,0.016960298040627375
50,56,1.675,10758.325314987336,False,6000,10667.585666666666,2817.189649203822,36.36976198158106,0.008506109175594183,0.008506109175594183,10515.498640809275,10819.672692524056,0.023092264330260237
50,56,1.875,10217.022804795144,False,6000,10204.828,2521.166993791651,32.548125933209604,0.0011950034625909023,0.0011950034625909023,10068.72186675336,10340.93413324664,0.014728874230945932
50,112,0.325,4067.2745568363916,False,6000,4147.025833333333,469.8222465179706,6.065379121472852,-0.01923095724552994,0.01923095724552994,4121.662305473308,4172.389361193358,0.025192951869406177
50,112,0.525,5847.2754634312805,False,6000,5897.008666666667,809.0238918193195,10.444453532333783,-0.008433632379838133,0.008433632379838133,5853.33321244613,5940.684120887203,0.015723552297201127
50,112,0.725,10181.81818181818,False,6000,10227.074166666667,1828.192539365809,23.601864195414752,-0.004425115542428636,0.004425115542428636,10128.378515812848,10325.769817520486,0.013941007619407975
50,112,0.94,38893.64568763092,True,26000,40403.70269230769,12197.201688270135,75.64383370678158,-0.037374223253164106,0.037374223253164106,40087.38372110459,40720.02166351079,0.04485203841422536
50,112,1.0,52703.6510206768,False,6000,53096.0615,16458.279971227847,212.47548078594846,-0.0073905760283783685,0.0073905760283783685,52207.555164524965,53984.56783547504,0.023727462609351657
50,112,1.06,50645.71711950527,False,6000,51136.652,15391.529287897267,198.7037886822994,-0.009600450191669361,0.009600450191669361,50305.73459497022,51967.56940502978,0.02543609987263662
50,112,1.275,44555.42824599375,False,6000,44621.9695,11860.959103534266,153.12432359345155,-0.0014912218073710566,0.0014912218073710566,43981.65123304113,45262.28776695887,0.01561696405193902
50,112,1.675,36779.652526851256,False,6000,36530.58966666667,8387.165600473232,108.27784230838853,0.006817926084884784,0.006817926084884784,36077.805427625506,36983.37390570783,0.019453708198346575
50,112,1.875,33979.00220788564,False,6000,33562.055,7184.339673280014,92.7494263603691,0.012423172773110632,0.012423172773110632,33174.20576380562,33949.90423619438,0.024259704959028294
