snapshot,mode,demand_kind,route_index,probability_hex,node_indices,edge_indices
20201014.gml.geo,primary,uniform,0,0x1.19e0119e0119ep-10,0;18;1,2;5
20201014.gml.geo,primary,uniform,1,0x1.19e0119e0119ep-10,0;18;2,2;6
20201014.gml.geo,primary,uniform,2,0x1.19e0119e0119ep-10,0;18;3,2;7
20201014.gml.geo,primary,uniform,3,0x1.19e0119e0119ep-10,0;18;4,2;8
20201014.gml.geo,primary,uniform,4,0x1.19e0119e0119ep-10,0;18;5,2;9
20201014.gml.geo,primary,uniform,5,0x1.19e0119e0119ep-11,0;7;6,0;10
20201014.gml.geo,primary,uniform,6,0x1.19e0119e0119ep-11,0;18;6,2;11
20201014.gml.geo,primary,uniform,7,0x1.19e0119e0119ep-10,0;7,0
20201014.gml.geo,primary,uniform,8,0x1.19e0119e0119ep-10,0;18;8,2;17
20201014.gml.geo,primary,uniform,9,0x1.19e0119e0119ep-10,0;18;9,2;18
20201014.gml.geo,primary,uniform,10,0x1.19e0119e0119ep-10,0;18;10,2;19
20201014.gml.geo,primary,uniform,11,0x1.19e0119e0119ep-11,0;7;11,0;12
20201014.gml.geo,primary,uniform,12,0x1.19e0119e0119ep-11,0;18;11,2;20
20201014.gml.geo,primary,uniform,13,0x1.19e0119e0119ep-10,0;12,1
20201014.gml.geo,primary,uniform,14,0x1.19e0119e0119ep-10,0;18;13,2;23
20201014.gml.geo,primary,uniform,15,0x1.19e0119e0119ep-10,0;18;14,2;24
20201014.gml.geo,primary,uniform,16,0x1.19e0119e0119ep-10,0;18;15,2;25
20201014.gml.geo,primary,uniform,17,0x1.19e0119e0119ep-10,0;18;16,2;26
20201014.gml.geo,primary,uniform,18,0x1.19e0119e0119ep-10,0;18;17,2;27
20201014.gml.geo,primary,uniform,19,0x1.19e0119e0119ep-10,0;18,2
20201014.gml.geo,primary,uniform,20,0x1.19e0119e0119ep-12,0;12;19,1;22
20201014.gml.geo,primary,uniform,21,0x1.19e0119e0119ep-12,0;18;19,2;28
20201014.gml.geo,primary,uniform,22,0x1.19e0119e0119ep-12,0;20;19,3;40
20201014.gml.geo,primary,uniform,23,0x1.19e0119e0119ep-12,0;28;19,4;41
20201014.gml.geo,primary,uniform,24,0x1.19e0119e0119ep-10,0;20,3
20201014.gml.geo,primary,uniform,25,0x1.19e0119e0119ep-10,0;18;21,2;30
20201014.gml.geo,primary,uniform,26,0x1.19e0119e0119ep-10,0;18;22,2;31
20201014.gml.geo,primary,uniform,27,0x1.19e0119e0119ep-10,0;18;23,2;32
20201014.gml.geo,primary,uniform,28,0x1.19e0119e0119ep-10,0;18;24,2;33
20201014.gml.geo,primary,uniform,29,0x1.19e0119e0119ep-10,0;18;25,2;34
20201014.gml.geo,primary,uniform,30,0x1.19e0119e0119ep-10,0;18;26,2;35
20201014.gml.geo,primary,uniform,31,0x1.19e0119e0119ep-10,0;18;27,2;36
20201014.gml.geo,primary,uniform,32,0x1.19e0119e0119ep-10,0;28,4
20201014.gml.geo,primary,uniform,33,0x1.19e0119e0119ep-10,0;18;29,2;38
20201014.gml.geo,primary,uniform,34,0x1.19e0119e0119ep-10,0;18;30,2;39
20201014.gml.geo,primary,uniform,35,0x1.19e0119e0119ep-10,1;18;0,5;2
20201014.gml.geo,primary,uniform,36,0x1.19e0119e0119ep-10,1;18;2,5;6
20201014.gml.geo,primary,uniform,37,0x1.19e0119e0119ep-10,1;18;3,5;7
20201014.gml.geo,primary,uniform,38,0x1.19e0119e0119ep-10,1;18;4,5;8
20201014.gml.geo,primary,uniform,39,0x1.19e0119e0119ep-10,1;18;5,5;9
20201014.gml.geo,primary,uniform,40,0x1.19e0119e0119ep-10,1;18;6,5;11
20201014.gml.geo,primary,uniform,41,0x1.19e0119e0119ep-10,1;18;7,5;14
20201014.gml.geo,primary,uniform,42,0x1.19e0119e0119ep-10,1;18;8,5;17
20201014.gml.geo,primary,uniform,43,0x1.19e0119e0119ep-10,1;18;9,5;18
20201014.gml.geo,primary,uniform,44,0x1.19e0119e0119ep-10,1;18;10,5;19
20201014.gml.geo,primary,uniform,45,0x1.19e0119e0119ep-10,1;18;11,5;20
20201014.gml.geo,primary,uniform,46,0x1.19e0119e0119ep-10,1;18;12,5;21
20201014.gml.geo,primary,uniform,47,0x1.19e0119e0119ep-10,1;18;13,5;23
20201014.gml.geo,primary,uniform,48,0x1.19e0119e0119ep-10,1;18;14,5;24
20201014.gml.geo,primary,uniform,49,0x1.19e0119e0119ep-10,1;18;15,5;25
20201014.gml.geo,primary,uniform,50,0x1.19e0119e0119ep-10,1;18;16,5;26
20201014.gml.geo,primary,uniform,51,0x1.19e0119e0119ep-10,1;18;17,5;27
20201014.gml.geo,primary,uniform,52,0x1.19e0119e0119ep-10,1;18,5
20201014.gml.geo,primary,uniform,53,0x1.19e0119e0119ep-10,1;18;19,5;28
20201014.gml.geo,primary,uniform,54,0x1.19e0119e0119ep-10,1;18;20,5;29
20201014.gml.geo,primary,uniform,55,0x1.19e0119e0119ep-10,1;18;21,5;30
20201014.gml.geo,primary,uniform,56,0x1.19e0119e0119ep-10,1;18;22,5;31
20201014.gml.geo,primary,uniform,57,0x1.19e0119e0119ep-10,1;18;23,5;32
20201014.gml.geo,primary,uniform,58,0x1.19e0119e0119ep-10,1;18;24,5;33
20201014.gml.geo,primary,uniform,59,0x1.19e0119e0119ep-10,1;18;25,5;34
20201014.gml.geo,primary,uniform,60,0x1.19e0119e0119ep-10,1;18;26,5;35
20201014.gml.geo,primary,uniform,61,0x1.19e0119e0119ep-10,1;18;27,5;36
20201014.gml.geo,primary,uniform,62,0x1.19e0119e0119ep-10,1;18;28,5;37
20201014.gml.geo,primary,uniform,63,0x1.19e0119e0119ep-10,1;18;29,5;38
20201014.gml.geo,primary,uniform,64,0x1.19e0119e0119ep-10,1;18;30,5;39
20201014.gml.geo,primary,uniform,65,0x1.19e0119e0119ep-10,2;18;0,6;2
20201014.gml.geo,primary,uniform,66,0x1.19e0119e0119ep-10,2;18;1,6;5
20201014.gml.geo,primary,uniform,67,0x1.19e0119e0119ep-10,2;18;3,6;7
20201014.gml.geo,primary,uniform,68,0x1.19e0119e0119ep-10,2;18;4,6;8
20201014.gml.geo,primary,uniform,69,0x1.19e0119e0119ep-10,2;18;5,6;9
20201014.gml.geo,primary,uniform,70,0x1.19e0119e0119ep-10,2;18;6,6;11
20201014.gml.geo,primary,uniform,71,0x1.19e0119e0119ep-10,2;18;7,6;14
20201014.gml.geo,primary,uniform,72,0x1.19e0119e0119ep-10,2;18;8,6;17
20201014.gml.geo,primary,uniform,73,0x1.19e0119e0119ep-10,2;18;9,6;18
20201014.gml.geo,primary,uniform,74,0x1.19e0119e0119ep-10,2;18;10,6;19
20201014.gml.geo,primary,uniform,75,0x1.19e0119e0119ep-10,2;18;11,6;20
20201014.gml.geo,primary,uniform,76,0x1.19e0119e0119ep-10,2;18;12,6;21
20201014.gml.geo,primary,uniform,77,0x1.19e0119e0119ep-10,2;18;13,6;23
20201014.gml.geo,primary,uniform,78,0x1.19e0119e0119ep-10,2;18;14,6;24
20201014.gml.geo,primary,uniform,79,0x1.19e0119e0119ep-10,2;18;15,6;25
20201014.gml.geo,primary,uniform,80,0x1.19e0119e0119ep-10,2;18;16,6;26
20201014.gml.geo,primary,uniform,81,0x1.19e0119e0119ep-10,2;18;17,6;27
20201014.gml.geo,primary,uniform,82,0x1.19e0119e0119ep-10,2;18,6
20201014.gml.geo,primary,uniform,83,0x1.19e0119e0119ep-10,2;18;19,6;28
20201014.gml.geo,primary,uniform,84,0x1.19e0119e0119ep-10,2;18;20,6;29
20201014.gml.geo,primary,uniform,85,0x1.19e0119e0119ep-10,2;18;21,6;30
20201014.gml.geo,primary,uniform,86,0x1.19e0119e0119ep-10,2;18;22,6;31
20201014.gml.geo,primary,uniform,87,0x1.19e0119e0119ep-10,2;18;23,6;32
20201014.gml.geo,primary,uniform,88,0x1.19e0119e0119ep-10,2;18;24,6;33
20201014.gml.geo,primary,uniform,89,0x1.19e0119e0119ep-10,2;18;25,6;34
20201014.gml.geo,primary,uniform,90,0x1.19e0119e0119ep-10,2;18;26,6;35
20201014.gml.geo,primary,uniform,91,0x1.19e0119e0119ep-10,2;18;27,6;36
20201014.gml.geo,primary,uniform,92,0x1.19e0119e0119ep-10,2;18;28,6;37
20201014.gml.geo,primary,uniform,93,0x1.19e0119e0119ep-10,2;18;29,6;38
20201014.gml.geo,primary,uniform,94,0x1.19e0119e0119ep-10,2;18;30,6;39
20201014.gml.geo,primary,uniform,95,0x1.19e0119e0119ep-10,3;18;0,7;2
20201014.gml.geo,primary,uniform,96,0x1.19e0119e0119ep-10,3;18;1,7;5
20201014.gml.geo,primary,uniform,97,0x1.19e0119e0119ep-10,3;18;2,7;6
20201014.gml.geo,primary,uniform,98,0x1.19e0119e0119ep-10,3;18;4,7;8
20201014.gml.geo,primary,uniform,99,0x1.19e0119e0119ep-10,3;18;5,7;9
20201014.gml.geo,primary,uniform,100,0x1.19e0119e0119ep-10,3;18;6,7;11
20201014.gml.geo,primary,uniform,101,0x1.19e0119e0119ep-10,3;18;7,7;14
20201014.gml.geo,primary,uniform,102,0x1.19e0119e0119ep-10,3;18;8,7;17
20201014.gml.geo,primary,uniform,103,0x1.19e0119e0119ep-10,3;18;9,7;18
20201014.gml.geo,primary,uniform,104,0x1.19e0119e0119ep-10,3;18;10,7;19
20201014.gml.geo,primary,uniform,105,0x1.19e0119e0119ep-10,3;18;11,7;20
20201014.gml.geo,primary,uniform,106,0x1.19e0119e0119ep-10,3;18;12,7;21
20201014.gml.geo,primary,uniform,107,0x1.19e0119e0119ep-10,3;18;13,7;23
20201014.gml.geo,primary,uniform,108,0x1.19e0119e0119ep-10,3;18;14,7;24
20201014.gml.geo,primary,uniform,109,0x1.19e0119e0119ep-10,3;18;15,7;25
20201014.gml.geo,primary,uniform,110,0x1.19e0119e0119ep-10,3;18;16,7;26
20201014.gml.geo,primary,uniform,111,0x1.19e0119e0119ep-10,3;18;17,7;27
20201014.gml.geo,primary,uniform,112,0x1.19e0119e0119ep-10,3;18,7
20201014.gml.geo,primary,uniform,113,0x1.19e0119e0119ep-10,3;18;19,7;28
20201014.gml.geo,primary,uniform,114,0x1.19e0119e0119ep-10,3;18;20,7;29
20201014.gml.geo,primary,uniform,115,0x1.19e0119e0119ep-10,3;18;21,7;30
20201014.gml.geo,primary,uniform,116,0x1.19e0119e0119ep-10,3;18;22,7;31
20201014.gml.geo,primary,uniform,117,0x1.19e0119e0119ep-10,3;18;23,7;32
20201014.gml.geo,primary,uniform,118,0x1.19e0119e0119ep-10,3;18;24,7;33
20201014.gml.geo,primary,uniform,119,0x1.19e0119e0119ep-10,3;18;25,7;34
20201014.gml.geo,primary,uniform,120,0x1.19e0119e0119ep-10,3;18;26,7;35
20201014.gml.geo,primary,uniform,121,0x1.19e0119e0119ep-10,3;18;27,7;36
20201014.gml.geo,primary,uniform,122,0x1.19e0119e0119ep-10,3;18;28,7;37
20201014.gml.geo,primary,uniform,123,0x1.19e0119e0119ep-10,3;18;29,7;38
20201014.gml.geo,primary,uniform,124,0x1.19e0119e0119ep-10,3;18;30,7;39
20201014.gml.geo,primary,uniform,125,0x1.19e0119e0119ep-10,4;18;0,8;2
20201014.gml.geo,primary,uniform,126,0x1.19e0119e0119ep-10,4;18;1,8;5
20201014.gml.geo,primary,uniform,127,0x1.19e0119e0119ep-10,4;18;2,8;6
20201014.gml.geo,primary,uniform,128,0x1.19e0119e0119ep-10,4;18;3,8;7
20201014.gml.geo,primary,uniform,129,0x1.19e0119e0119ep-10,4;18;5,8;9
20201014.gml.geo,primary,uniform,130,0x1.19e0119e0119ep-10,4;18;6,8;11
20201014.gml.geo,primary,uniform,131,0x1.19e0119e0119ep-10,4;18;7,8;14
20201014.gml.geo,primary,uniform,132,0x1.19e0119e0119ep-10,4;18;8,8;17
20201014.gml.geo,primary,uniform,133,0x1.19e0119e0119ep-10,4;18;9,8;18
20201014.gml.geo,primary,uniform,134,0x1.19e0119e0119ep-10,4;18;10,8;19
20201014.gml.geo,primary,uniform,135,0x1.19e0119e0119ep-10,4;18;11,8;20
20201014.gml.geo,primary,uniform,136,0x1.19e0119e0119ep-10,4;18;12,8;21
20201014.gml.geo,primary,uniform,137,0x1.19e0119e0119ep-10,4;18;13,8;23
20201014.gml.geo,primary,uniform,138,0x1.19e0119e0119ep-10,4;18;14,8;24
20201014.gml.geo,primary,uniform,139,0x1.19e0119e0119ep-10,4;18;15,8;25
20201014.gml.geo,primary,uniform,140,0x1.19e0119e0119ep-10,4;18;16,8;26
20201014.gml.geo,primary,uniform,141,0x1.19e0119e0119ep-10,4;18;17,8;27
20201014.gml.geo,primary,uniform,142,0x1.19e0119e0119ep-10,4;18,8
20201014.gml.geo,primary,uniform,143,0x1.19e0119e0119ep-10,4;18;19,8;28
20201014.gml.geo,primary,uniform,144,0x1.19e0119e0119ep-10,4;18;20,8;29
20201014.gml.geo,primary,uniform,145,0x1.19e0119e0119ep-10,4;18;21,8;30
20201014.gml.geo,primary,uniform,146,0x1.19e0119e0119ep-10,4;18;22,8;31
20201014.gml.geo,primary,uniform,147,0x1.19e0119e0119ep-10,4;18;23,8;32
20201014.gml.geo,primary,uniform,148,0x1.19e0119e0119ep-10,4;18;24,8;33
20201014.gml.geo,primary,uniform,149,0x1.19e0119e0119ep-10,4;18;25,8;34
20201014.gml.geo,primary,uniform,150,0x1.19e0119e0119ep-10,4;18;26,8;35
20201014.gml.geo,primary,uniform,151,0x1.19e0119e0119ep-10,4;18;27,8;36
20201014.gml.geo,primary,uniform,152,0x1.19e0119e0119ep-10,4;18;28,8;37
20201014.gml.geo,primary,uniform,153,0x1.19e0119e0119ep-10,4;18;29,8;38
20201014.gml.geo,primary,uniform,154,0x1.19e0119e0119ep-10,4;18;30,8;39
20201014.gml.geo,primary,uniform,155,0x1.19e0119e0119ep-10,5;18;0,9;2
20201014.gml.geo,primary,uniform,156,0x1.19e0119e0119ep-10,5;18;1,9;5
20201014.gml.geo,primary,uniform,157,0x1.19e0119e0119ep-10,5;18;2,9;6
20201014.gml.geo,primary,uniform,158,0x1.19e0119e0119ep-10,5;18;3,9;7
20201014.gml.geo,primary,uniform,159,0x1.19e0119e0119ep-10,5;18;4,9;8
20201014.gml.geo,primary,uniform,160,0x1.19e0119e0119ep-10,5;18;6,9;11
20201014.gml.geo,primary,uniform,161,0x1.19e0119e0119ep-10,5;18;7,9;14
20201014.gml.geo,primary,uniform,162,0x1.19e0119e0119ep-10,5;18;8,9;17
20201014.gml.geo,primary,uniform,163,0x1.19e0119e0119ep-10,5;18;9,9;18
20201014.gml.geo,primary,uniform,164,0x1.19e0119e0119ep-10,5;18;10,9;19
20201014.gml.geo,primary,uniform,165,0x1.19e0119e0119ep-10,5;18;11,9;20
20201014.gml.geo,primary,uniform,166,0x1.19e0119e0119ep-10,5;18;12,9;21
20201014.gml.geo,primary,uniform,167,0x1.19e0119e0119ep-10,5;18;13,9;23
20201014.gml.geo,primary,uniform,168,0x1.19e0119e0119ep-10,5;18;14,9;24
20201014.gml.geo,primary,uniform,169,0x1.19e0119e0119ep-10,5;18;15,9;25
20201014.gml.geo,primary,uniform,170,0x1.19e0119e0119ep-10,5;18;16,9;26
20201014.gml.geo,primary,uniform,171,0x1.19e0119e0119ep-10,5;18;17,9;27
20201014.gml.geo,primary,uniform,172,0x1.19e0119e0119ep-10,5;18,9
20201014.gml.geo,primary,uniform,173,0x1.19e0119e0119ep-10,5;18;19,9;28
20201014.gml.geo,primary,uniform,174,0x1.19e0119e0119ep-10,5;18;20,9;29
20201014.gml.geo,primary,uniform,175,0x1.19e0119e0119ep-10,5;18;21,9;30
20201014.gml.geo,primary,uniform,176,0x1.19e0119e0119ep-10,5;18;22,9;31
20201014.gml.geo,primary,uniform,177,0x1.19e0119e0119ep-10,5;18;23,9;32
20201014.gml.geo,primary,uniform,178,0x1.19e0119e0119ep-10,5;18;24,9;33
20201014.gml.geo,primary,uniform,179,0x1.19e0119e0119ep-10,5;18;25,9;34
20201014.gml.geo,primary,uniform,180,0x1.19e0119e0119ep-10,5;18;26,9;35
20201014.gml.geo,primary,uniform,181,0x1.19e0119e0119ep-10,5;18;27,9;36
20201014.gml.geo,primary,uniform,182,0x1.19e0119e0119ep-10,5;18;28,9;37
20201014.gml.geo,primary,uniform,183,0x1.19e0119e0119ep-10,5;18;29,9;38
20201014.gml.geo,primary,uniform,184,0x1.19e0119e0119ep-10,5;18;30,9;39
20201014.gml.geo,primary,uniform,185,0x1.19e0119e0119ep-11,6;7;0,10;0
20201014.gml.geo,primary,uniform,186,0x1.19e0119e0119ep-11,6;18;0,11;2
20201014.gml.geo,primary,uniform,187,0x1.19e0119e0119ep-10,6;18;1,11;5
20201014.gml.geo,primary,uniform,188,0x1.19e0119e0119ep-10,6;18;2,11;6
20201014.gml.geo,primary,uniform,189,0x1.19e0119e0119ep-10,6;18;3,11;7
20201014.gml.geo,primary,uniform,190,0x1.19e0119e0119ep-10,6;18;4,11;8
20201014.gml.geo,primary,uniform,191,0x1.19e0119e0119ep-10,6;18;5,11;9
20201014.gml.geo,primary,uniform,192,0x1.19e0119e0119ep-10,6;7,10
20201014.gml.geo,primary,uniform,193,0x1.19e0119e0119ep-10,6;18;8,11;17
20201014.gml.geo,primary,uniform,194,0x1.19e0119e0119ep-10,6;18;9,11;18
20201014.gml.geo,primary,uniform,195,0x1.19e0119e0119ep-10,6;18;10,11;19
20201014.gml.geo,primary,uniform,196,0x1.19e0119e0119ep-11,6;7;11,10;12
20201014.gml.geo,primary,uniform,197,0x1.19e0119e0119ep-11,6;18;11,11;20
20201014.gml.geo,primary,uniform,198,0x1.19e0119e0119ep-11,6;7;12,10;13
20201014.gml.geo,primary,uniform,199,0x1.19e0119e0119ep-11,6;18;12,11;21
20201014.gml.geo,primary,uniform,200,0x1.19e0119e0119ep-10,6;18;13,11;23
20201014.gml.geo,primary,uniform,201,0x1.19e0119e0119ep-10,6;18;14,11;24
20201014.gml.geo,primary,uniform,202,0x1.19e0119e0119ep-10,6;18;15,11;25
20201014.gml.geo,primary,uniform,203,0x1.19e0119e0119ep-10,6;18;16,11;26
20201014.gml.geo,primary,uniform,204,0x1.19e0119e0119ep-10,6;18;17,11;27
20201014.gml.geo,primary,uniform,205,0x1.19e0119e0119ep-10,6;18,11
20201014.gml.geo,primary,uniform,206,0x1.19e0119e0119ep-10,6;18;19,11;28
20201014.gml.geo,primary,uniform,207,0x1.19e0119e0119ep-11,6;7;20,10;15
20201014.gml.geo,primary,uniform,208,0x1.19e0119e0119ep-11,6;18;20,11;29
20201014.gml.geo,primary,uniform,209,0x1.19e0119e0119ep-10,6;18;21,11;30
20201014.gml.geo,primary,uniform,210,0x1.19e0119e0119ep-10,6;18;22,11;31
20201014.gml.geo,primary,uniform,211,0x1.19e0119e0119ep-10,6;18;23,11;32
20201014.gml.geo,primary,uniform,212,0x1.19e0119e0119ep-10,6;18;24,11;33
20201014.gml.geo,primary,uniform,213,0x1.19e0119e0119ep-10,6;18;25,11;34
20201014.gml.geo,primary,uniform,214,0x1.19e0119e0119ep-10,6;18;26,11;35
20201014.gml.geo,primary,uniform,215,0x1.19e0119e0119ep-10,6;18;27,11;36
20201014.gml.geo,primary,uniform,216,0x1.19e0119e0119ep-11,6;7;28,10;16
20201014.gml.geo,primary,uniform,217,0x1.19e0119e0119ep-11,6;18;28,11;37
20201014.gml.geo,primary,uniform,218,0x1.19e0119e0119ep-10,6;18;29,11;38
20201014.gml.geo,primary,uniform,219,0x1.19e0119e0119ep-10,6;18;30,11;39
20201014.gml.geo,primary,uniform,220,0x1.19e0119e0119ep-10,7;0,0
20201014.gml.geo,primary,uniform,221,0x1.19e0119e0119ep-10,7;18;1,14;5
20201014.gml.geo,primary,uniform,222,0x1.19e0119e0119ep-10,7;18;2,14;6
20201014.gml.geo,primary,uniform,223,0x1.19e0119e0119ep-10,7;18;3,14;7
20201014.gml.geo,primary,uniform,224,0x1.19e0119e0119ep-10,7;18;4,14;8
20201014.gml.geo,primary,uniform,225,0x1.19e0119e0119ep-10,7;18;5,14;9
20201014.gml.geo,primary,uniform,226,0x1.19e0119e0119ep-10,7;6,10
20201014.gml.geo,primary,uniform,227,0x1.19e0119e0119ep-10,7;18;8,14;17
20201014.gml.geo,primary,uniform,228,0x1.19e0119e0119ep-10,7;18;9,14;18
20201014.gml.geo,primary,uniform,229,0x1.19e0119e0119ep-10,7;18;10,14;19
20201014.gml.geo,primary,uniform,230,0x1.19e0119e0119ep-10,7;11,12
20201014.gml.geo,primary,uniform,231,0x1.19e0119e0119ep-10,7;12,13
20201014.gml.geo,primary,uniform,232,0x1.19e0119e0119ep-10,7;18;13,14;23
20201014.gml.geo,primary,uniform,233,0x1.19e0119e0119ep-10,7;18;14,14;24
20201014.gml.geo,primary,uniform,234,0x1.19e0119e0119ep-10,7;18;15,14;25
20201014.gml.geo,primary,uniform,235,0x1.19e0119e0119ep-10,7;18;16,14;26
20201014.gml.geo,primary,uniform,236,0x1.19e0119e0119ep-10,7;18;17,14;27
20201014.gml.geo,primary,uniform,237,0x1.19e0119e0119ep-10,7;18,14
20201014.gml.geo,primary,uniform,238,0x1.19e0119e0119ep-12,7;12;19,13;22
20201014.gml.geo,primary,uniform,239,0x1.19e0119e0119ep-12,7;18;19,14;28
20201014.gml.geo,primary,uniform,240,0x1.19e0119e0119ep-12,7;20;19,15;40
20201014.gml.geo,primary,uniform,241,0x1.19e0119e0119ep-12,7;28;19,16;41
20201014.gml.geo,primary,uniform,242,0x1.19e0119e0119ep-10,7;20,15
20201014.gml.geo,primary,uniform,243,0x1.19e0119e0119ep-10,7;18;21,14;30
20201014.gml.geo,primary,uniform,244,0x1.19e0119e0119ep-10,7;18;22,14;31
20201014.gml.geo,primary,uniform,245,0x1.19e0119e0119ep-10,7;18;23,14;32
20201014.gml.geo,primary,uniform,246,0x1.19e0119e0119ep-10,7;18;24,14;33
20201014.gml.geo,primary,uniform,247,0x1.19e0119e0119ep-10,7;18;25,14;34
20201014.gml.geo,primary,uniform,248,0x1.19e0119e0119ep-10,7;18;26,14;35
20201014.gml.geo,primary,uniform,249,0x1.19e0119e0119ep-10,7;18;27,14;36
20201014.gml.geo,primary,uniform,250,0x1.19e0119e0119ep-10,7;28,16
20201014.gml.geo,primary,uniform,251,0x1.19e0119e0119ep-10,7;18;29,14;38
20201014.gml.geo,primary,uniform,252,0x1.19e0119e0119ep-10,7;18;30,14;39
20201014.gml.geo,primary,uniform,253,0x1.19e0119e0119ep-10,8;18;0,17;2
20201014.gml.geo,primary,uniform,254,0x1.19e0119e0119ep-10,8;18;1,17;5
20201014.gml.geo,primary,uniform,255,0x1.19e0119e0119ep-10,8;18;2,17;6
20201014.gml.geo,primary,uniform,256,0x1.19e0119e0119ep-10,8;18;3,17;7
20201014.gml.geo,primary,uniform,257,0x1.19e0119e0119ep-10,8;18;4,17;8
20201014.gml.geo,primary,uniform,258,0x1.19e0119e0119ep-10,8;18;5,17;9
20201014.gml.geo,primary,uniform,259,0x1.19e0119e0119ep-10,8;18;6,17;11
20201014.gml.geo,primary,uniform,260,0x1.19e0119e0119ep-10,8;18;7,17;14
20201014.gml.geo,primary,uniform,261,0x1.19e0119e0119ep-10,8;18;9,17;18
20201014.gml.geo,primary,uniform,262,0x1.19e0119e0119ep-10,8;18;10,17;19
20201014.gml.geo,primary,uniform,263,0x1.19e0119e0119ep-10,8;18;11,17;20
20201014.gml.geo,primary,uniform,264,0x1.19e0119e0119ep-10,8;18;12,17;21
20201014.gml.geo,primary,uniform,265,0x1.19e0119e0119ep-10,8;18;13,17;23
20201014.gml.geo,primary,uniform,266,0x1.19e0119e0119ep-10,8;18;14,17;24
20201014.gml.geo,primary,uniform,267,0x1.19e0119e0119ep-10,8;18;15,17;25
20201014.gml.geo,primary,uniform,268,0x1.19e0119e0119ep-10,8;18;16,17;26
20201014.gml.geo,primary,uniform,269,0x1.19e0119e0119ep-10,8;18;17,17;27
20201014.gml.geo,primary,uniform,270,0x1.19e0119e0119ep-10,8;18,17
20201014.gml.geo,primary,uniform,271,0x1.19e0119e0119ep-10,8;18;19,17;28
20201014.gml.geo,primary,uniform,272,0x1.19e0119e0119ep-10,8;18;20,17;29
20201014.gml.geo,primary,uniform,273,0x1.19e0119e0119ep-10,8;18;21,17;30
20201014.gml.geo,primary,uniform,274,0x1.19e0119e0119ep-10,8;18;22,17;31
20201014.gml.geo,primary,uniform,275,0x1.19e0119e0119ep-10,8;18;23,17;32
20201014.gml.geo,primary,uniform,276,0x1.19e0119e0119ep-10,8;18;24,17;33
20201014.gml.geo,primary,uniform,277,0x1.19e0119e0119ep-10,8;18;25,17;34
20201014.gml.geo,primary,uniform,278,0x1.19e0119e0119ep-10,8;18;26,17;35
20201014.gml.geo,primary,uniform,279,0x1.19e0119e0119ep-10,8;18;27,17;36
20201014.gml.geo,primary,uniform,280,0x1.19e0119e0119ep-10,8;18;28,17;37
20201014.gml.geo,primary,uniform,281,0x1.19e0119e0119ep-10,8;18;29,17;38
20201014.gml.geo,primary,uniform,282,0x1.19e0119e0119ep-10,8;18;30,17;39
20201014.gml.geo,primary,uniform,283,0x1.19e0119e0119ep-10,9;18;0,18;2
20201014.gml.geo,primary,uniform,284,0x1.19e0119e0119ep-10,9;18;1,18;5
20201014.gml.geo,primary,uniform,285,0x1.19e0119e0119ep-10,9;18;2,18;6
20201014.gml.geo,primary,uniform,286,0x1.19e0119e0119ep-10,9;18;3,18;7
20201014.gml.geo,primary,uniform,287,0x1.19e0119e0119ep-10,9;18;4,18;8
20201014.gml.geo,primary,uniform,288,0x1.19e0119e0119ep-10,9;18;5,18;9
20201014.gml.geo,primary,uniform,289,0x1.19e0119e0119ep-10,9;18;6,18;11
20201014.gml.geo,primary,uniform,290,0x1.19e0119e0119ep-10,9;18;7,18;14
20201014.gml.geo,primary,uniform,291,0x1.19e0119e0119ep-10,9;18;8,18;17
20201014.gml.geo,primary,uniform,292,0x1.19e0119e0119ep-10,9;18;10,18;19
20201014.gml.geo,primary,uniform,293,0x1.19e0119e0119ep-10,9;18;11,18;20
20201014.gml.geo,primary,uniform,294,0x1.19e0119e0119ep-10,9;18;12,18;21
20201014.gml.geo,primary,uniform,295,0x1.19e0119e0119ep-10,9;18;13,18;23
20201014.gml.geo,primary,uniform,296,0x1.19e0119e0119ep-10,9;18;14,18;24
20201014.gml.geo,primary,uniform,297,0x1.19e0119e0119ep-10,9;18;15,18;25
20201014.gml.geo,primary,uniform,298,0x1.19e0119e0119ep-10,9;18;16,18;26
20201014.gml.geo,primary,uniform,299,0x1.19e0119e0119ep-10,9;18;17,18;27
20201014.gml.geo,primary,uniform,300,0x1.19e0119e0119ep-10,9;18,18
20201014.gml.geo,primary,uniform,301,0x1.19e0119e0119ep-10,9;18;19,18;28
20201014.gml.geo,primary,uniform,302,0x1.19e0119e0119ep-10,9;18;20,18;29
20201014.gml.geo,primary,uniform,303,0x1.19e0119e0119ep-10,9;18;21,18;30
20201014.gml.geo,primary,uniform,304,0x1.19e0119e0119ep-10,9;18;22,18;31
20201014.gml.geo,primary,uniform,305,0x1.19e0119e0119ep-10,9;18;23,18;32
20201014.gml.geo,primary,uniform,306,0x1.19e0119e0119ep-10,9;18;24,18;33
20201014.gml.geo,primary,uniform,307,0x1.19e0119e0119ep-10,9;18;25,18;34
20201014.gml.geo,primary,uniform,308,0x1.19e0119e0119ep-10,9;18;26,18;35
20201014.gml.geo,primary,uniform,309,0x1.19e0119e0119ep-10,9;18;27,18;36
20201014.gml.geo,primary,uniform,310,0x1.19e0119e0119ep-10,9;18;28,18;37
20201014.gml.geo,primary,uniform,311,0x1.19e0119e0119ep-10,9;18;29,18;38
20201014.gml.geo,primary,uniform,312,0x1.19e0119e0119ep-10,9;18;30,18;39
20201014.gml.geo,primary,uniform,313,0x1.19e0119e0119ep-10,10;18;0,19;2
20201014.gml.geo,primary,uniform,314,0x1.19e0119e0119ep-10,10;18;1,19;5
20201014.gml.geo,primary,uniform,315,0x1.19e0119e0119ep-10,10;18;2,19;6
20201014.gml.geo,primary,uniform,316,0x1.19e0119e0119ep-10,10;18;3,19;7
20201014.gml.geo,primary,uniform,317,0x1.19e0119e0119ep-10,10;18;4,19;8
20201014.gml.geo,primary,uniform,318,0x1.19e0119e0119ep-10,10;18;5,19;9
20201014.gml.geo,primary,uniform,319,0x1.19e0119e0119ep-10,10;18;6,19;11
20201014.gml.geo,primary,uniform,320,0x1.19e0119e0119ep-10,10;18;7,19;14
20201014.gml.geo,primary,uniform,321,0x1.19e0119e0119ep-10,10;18;8,19;17
20201014.gml.geo,primary,uniform,322,0x1.19e0119e0119ep-10,10;18;9,19;18
20201014.gml.geo,primary,uniform,323,0x1.19e0119e0119ep-10,10;18;11,19;20
20201014.gml.geo,primary,uniform,324,0x1.19e0119e0119ep-10,10;18;12,19;21
20201014.gml.geo,primary,uniform,325,0x1.19e0119e0119ep-10,10;18;13,19;23
20201014.gml.geo,primary,uniform,326,0x1.19e0119e0119ep-10,10;18;14,19;24
20201014.gml.geo,primary,uniform,327,0x1.19e0119e0119ep-10,10;18;15,19;25
20201014.gml.geo,primary,uniform,328,0x1.19e0119e0119ep-10,10;18;16,19;26
20201014.gml.geo,primary,uniform,329,0x1.19e0119e0119ep-10,10;18;17,19;27
20201014.gml.geo,primary,uniform,330,0x1.19e0119e0119ep-10,10;18,19
20201014.gml.geo,primary,uniform,331,0x1.19e0119e0119ep-10,10;18;19,19;28
20201014.gml.geo,primary,uniform,332,0x1.19e0119e0119ep-10,10;18;20,19;29
20201014.gml.geo,primary,uniform,333,0x1.19e0119e0119ep-10,10;18;21,19;30
20201014.gml.geo,primary,uniform,334,0x1.19e0119e0119ep-10,10;18;22,19;31
20201014.gml.geo,primary,uniform,335,0x1.19e0119e0119ep-10,10;18;23,19;32
20201014.gml.geo,primary,uniform,336,0x1.19e0119e0119ep-10,10;18;24,19;33
20201014.gml.geo,primary,uniform,337,0x1.19e0119e0119ep-10,10;18;25,19;34
20201014.gml.geo,primary,uniform,338,0x1.19e0119e0119ep-10,10;18;26,19;35
20201014.gml.geo,primary,uniform,339,0x1.19e0119e0119ep-10,10;18;27,19;36
20201014.gml.geo,primary,uniform,340,0x1.19e0119e0119ep-10,10;18;28,19;37
20201014.gml.geo,primary,uniform,341,0x1.19e0119e0119ep-10,10;18;29,19;38
20201014.gml.geo,primary,uniform,342,0x1.19e0119e0119ep-10,10;18;30,19;39
20201014.gml.geo,primary,uniform,343,0x1.19e0119e0119ep-11,11;7;0,12;0
20201014.gml.geo,primary,uniform,344,0x1.19e0119e0119ep-11,11;18;0,20;2
20201014.gml.geo,primary,uniform,345,0x1.19e0119e0119ep-10,11;18;1,20;5
20201014.gml.geo,primary,uniform,346,0x1.19e0119e0119ep-10,11;18;2,20;6
20201014.gml.geo,primary,uniform,347,0x1.19e0119e0119ep-10,11;18;3,20;7
20201014.gml.geo,primary,uniform,348,0x1.19e0119e0119ep-10,11;18;4,20;8
20201014.gml.geo,primary,uniform,349,0x1.19e0119e0119ep-10,11;18;5,20;9
20201014.gml.geo,primary,uniform,350,0x1.19e0119e0119ep-11,11;7;6,12;10
20201014.gml.geo,primary,uniform,351,0x1.19e0119e0119ep-11,11;18;6,20;11
20201014.gml.geo,primary,uniform,352,0x1.19e0119e0119ep-10,11;7,12
20201014.gml.geo,primary,uniform,353,0x1.19e0119e0119ep-10,11;18;8,20;17
20201014.gml.geo,primary,uniform,354,0x1.19e0119e0119ep-10,11;18;9,20;18
20201014.gml.geo,primary,uniform,355,0x1.19e0119e0119ep-10,11;18;10,20;19
20201014.gml.geo,primary,uniform,356,0x1.19e0119e0119ep-11,11;7;12,12;13
20201014.gml.geo,primary,uniform,357,0x1.19e0119e0119ep-11,11;18;12,20;21
20201014.gml.geo,primary,uniform,358,0x1.19e0119e0119ep-10,11;18;13,20;23
20201014.gml.geo,primary,uniform,359,0x1.19e0119e0119ep-10,11;18;14,20;24
20201014.gml.geo,primary,uniform,360,0x1.19e0119e0119ep-10,11;18;15,20;25
20201014.gml.geo,primary,uniform,361,0x1.19e0119e0119ep-10,11;18;16,20;26
20201014.gml.geo,primary,uniform,362,0x1.19e0119e0119ep-10,11;18;17,20;27
20201014.gml.geo,primary,uniform,363,0x1.19e0119e0119ep-10,11;18,20
20201014.gml.geo,primary,uniform,364,0x1.19e0119e0119ep-10,11;18;19,20;28
20201014.gml.geo,primary,uniform,365,0x1.19e0119e0119ep-11,11;7;20,12;15
20201014.gml.geo,primary,uniform,366,0x1.19e0119e0119ep-11,11;18;20,20;29
20201014.gml.geo,primary,uniform,367,0x1.19e0119e0119ep-10,11;18;21,20;30
20201014.gml.geo,primary,uniform,368,0x1.19e0119e0119ep-10,11;18;22,20;31
20201014.gml.geo,primary,uniform,369,0x1.19e0119e0119ep-10,11;18;23,20;32
20201014.gml.geo,primary,uniform,370,0x1.19e0119e0119ep-10,11;18;24,20;33
20201014.gml.geo,primary,uniform,371,0x1.19e0119e0119ep-10,11;18;25,20;34
20201014.gml.geo,primary,uniform,372,0x1.19e0119e0119ep-10,11;18;26,20;35
20201014.gml.geo,primary,uniform,373,0x1.19e0119e0119ep-10,11;18;27,20;36
20201014.gml.geo,primary,uniform,374,0x1.19e0119e0119ep-11,11;7;28,12;16
20201014.gml.geo,primary,uniform,375,0x1.19e0119e0119ep-11,11;18;28,20;37
20201014.gml.geo,primary,uniform,376,0x1.19e0119e0119ep-10,11;18;29,20;38
20201014.gml.geo,primary,uniform,377,0x1.19e0119e0119ep-10,11;18;30,20;39
20201014.gml.geo,primary,uniform,378,0x1.19e0119e0119ep-10,12;0,1
20201014.gml.geo,primary,uniform,379,0x1.19e0119e0119ep-10,12;18;1,21;5
20201014.gml.geo,primary,uniform,380,0x1.19e0119e0119ep-10,12;18;2,21;6
20201014.gml.geo,primary,uniform,381,0x1.19e0119e0119ep-10,12;18;3,21;7
20201014.gml.geo,primary,uniform,382,0x1.19e0119e0119ep-10,12;18;4,21;8
20201014.gml.geo,primary,uniform,383,0x1.19e0119e0119ep-10,12;18;5,21;9
20201014.gml.geo,primary,uniform,384,0x1.19e0119e0119ep-11,12;7;6,13;10
20201014.gml.geo,primary,uniform,385,0x1.19e0119e0119ep-11,12;18;6,21;11
20201014.gml.geo,primary,uniform,386,0x1.19e0119e0119ep-10,12;7,13
20201014.gml.geo,primary,uniform,387,0x1.19e0119e0119ep-10,12;18;8,21;17
20201014.gml.geo,primary,uniform,388,0x1.19e0119e0119ep-10,12;18;9,21;18
20201014.gml.geo,primary,uniform,389,0x1.19e0119e0119ep-10,12;18;10,21;19
20201014.gml.geo,primary,uniform,390,0x1.19e0119e0119ep-11,12;7;11,13;12
20201014.gml.geo,primary,uniform,391,0x1.19e0119e0119ep-11,12;18;11,21;20
20201014.gml.geo,primary,uniform,392,0x1.19e0119e0119ep-10,12;18;13,21;23
20201014.gml.geo,primary,uniform,393,0x1.19e0119e0119ep-10,12;18;14,21;24
20201014.gml.geo,primary,uniform,394,0x1.19e0119e0119ep-10,12;18;15,21;25
20201014.gml.geo,primary,uniform,395,0x1.19e0119e0119ep-10,12;18;16,21;26
20201014.gml.geo,primary,uniform,396,0x1.19e0119e0119ep-10,12;18;17,21;27
20201014.gml.geo,primary,uniform,397,0x1.19e0119e0119ep-10,12;18,21
20201014.gml.geo,primary,uniform,398,0x1.19e0119e0119ep-10,12;19,22
20201014.gml.geo,primary,uniform,399,0x1.19e0119e0119ep-12,12;0;20,1;3
20201014.gml.geo,primary,uniform,400,0x1.19e0119e0119ep-12,12;7;20,13;15
20201014.gml.geo,primary,uniform,401,0x1.19e0119e0119ep-12,12;18;20,21;29
20201014.gml.geo,primary,uniform,402,0x1.19e0119e0119ep-12,12;19;20,22;40
20201014.gml.geo,primary,uniform,403,0x1.19e0119e0119ep-10,12;18;21,21;30
20201014.gml.geo,primary,uniform,404,0x1.19e0119e0119ep-10,12;18;22,21;31
20201014.gml.geo,primary,uniform,405,0x1.19e0119e0119ep-10,12;18;23,21;32
20201014.gml.geo,primary,uniform,406,0x1.19e0119e0119ep-10,12;18;24,21;33
20201014.gml.geo,primary,uniform,407,0x1.19e0119e0119ep-10,12;18;25,21;34
20201014.gml.geo,primary,uniform,408,0x1.19e0119e0119ep-10,12;18;26,21;35
20201014.gml.geo,primary,uniform,409,0x1.19e0119e0119ep-10,12;18;27,21;36
20201014.gml.geo,primary,uniform,410,0x1.19e0119e0119ep-12,12;0;28,1;4
20201014.gml.geo,primary,uniform,411,0x1.19e0119e0119ep-12,12;7;28,13;16
20201014.gml.geo,primary,uniform,412,0x1.19e0119e0119ep-12,12;18;28,21;37
20201014.gml.geo,primary,uniform,413,0x1.19e0119e0119ep-12,12;19;28,22;41
20201014.gml.geo,primary,uniform,414,0x1.19e0119e0119ep-10,12;18;29,21;38
20201014.gml.geo,primary,uniform,415,0x1.19e0119e0119ep-10,12;18;30,21;39
20201014.gml.geo,primary,uniform,416,0x1.19e0119e0119ep-10,13;18;0,23;2
20201014.gml.geo,primary,uniform,417,0x1.19e0119e0119ep-10,13;18;1,23;5
20201014.gml.geo,primary,uniform,418,0x1.19e0119e0119ep-10,13;18;2,23;6
20201014.gml.geo,primary,uniform,419,0x1.19e0119e0119ep-10,13;18;3,23;7
20201014.gml.geo,primary,uniform,420,0x1.19e0119e0119ep-10,13;18;4,23;8
20201014.gml.geo,primary,uniform,421,0x1.19e0119e0119ep-10,13;18;5,23;9
20201014.gml.geo,primary,uniform,422,0x1.19e0119e0119ep-10,13;18;6,23;11
20201014.gml.geo,primary,uniform,423,0x1.19e0119e0119ep-10,13;18;7,23;14
20201014.gml.geo,primary,uniform,424,0x1.19e0119e0119ep-10,13;18;8,23;17
20201014.gml.geo,primary,uniform,425,0x1.19e0119e0119ep-10,13;18;9,23;18
20201014.gml.geo,primary,uniform,426,0x1.19e0119e0119ep-10,13;18;10,23;19
20201014.gml.geo,primary,uniform,427,0x1.19e0119e0119ep-10,13;18;11,23;20
20201014.gml.geo,primary,uniform,428,0x1.19e0119e0119ep-10,13;18;12,23;21
20201014.gml.geo,primary,uniform,429,0x1.19e0119e0119ep-10,13;18;14,23;24
20201014.gml.geo,primary,uniform,430,0x1.19e0119e0119ep-10,13;18;15,23;25
20201014.gml.geo,primary,uniform,431,0x1.19e0119e0119ep-10,13;18;16,23;26
20201014.gml.geo,primary,uniform,432,0x1.19e0119e0119ep-10,13;18;17,23;27
20201014.gml.geo,primary,uniform,433,0x1.19e0119e0119ep-10,13;18,23
20201014.gml.geo,primary,uniform,434,0x1.19e0119e0119ep-10,13;18;19,23;28
20201014.gml.geo,primary,uniform,435,0x1.19e0119e0119ep-10,13;18;20,23;29
20201014.gml.geo,primary,uniform,436,0x1.19e0119e0119ep-10,13;18;21,23;30
20201014.gml.geo,primary,uniform,437,0x1.19e0119e0119ep-10,13;18;22,23;31
20201014.gml.geo,primary,uniform,438,0x1.19e0119e0119ep-10,13;18;23,23;32
20201014.gml.geo,primary,uniform,439,0x1.19e0119e0119ep-10,13;18;24,23;33
20201014.gml.geo,primary,uniform,440,0x1.19e0119e0119ep-10,13;18;25,23;34
20201014.gml.geo,primary,uniform,441,0x1.19e0119e0119ep-10,13;18;26,23;35
20201014.gml.geo,primary,uniform,442,0x1.19e0119e0119ep-10,13;18;27,23;36
20201014.gml.geo,primary,uniform,443,0x1.19e0119e0119ep-10,13;18;28,23;37
20201014.gml.geo,primary,uniform,444,0x1.19e0119e0119ep-10,13;18;29,23;38
20201014.gml.geo,primary,uniform,445,0x1.19e0119e0119ep-10,13;18;30,23;39
20201014.gml.geo,primary,uniform,446,0x1.19e0119e0119ep-10,14;18;0,24;2
20201014.gml.geo,primary,uniform,447,0x1.19e0119e0119ep-10,14;18;1,24;5
20201014.gml.geo,primary,uniform,448,0x1.19e0119e0119ep-10,14;18;2,24;6
20201014.gml.geo,primary,uniform,449,0x1.19e0119e0119ep-10,14;18;3,24;7
20201014.gml.geo,primary,uniform,450,0x1.19e0119e0119ep-10,14;18;4,24;8
20201014.gml.geo,primary,uniform,451,0x1.19e0119e0119ep-10,14;18;5,24;9
20201014.gml.geo,primary,uniform,452,0x1.19e0119e0119ep-10,14;18;6,24;11
20201014.gml.geo,primary,uniform,453,0x1.19e0119e0119ep-10,14;18;7,24;14
20201014.gml.geo,primary,uniform,454,0x1.19e0119e0119ep-10,14;18;8,24;17
20201014.gml.geo,primary,uniform,455,0x1.19e0119e0119ep-10,14;18;9,24;18
20201014.gml.geo,primary,uniform,456,0x1.19e0119e0119ep-10,14;18;10,24;19
20201014.gml.geo,primary,uniform,457,0x1.19e0119e0119ep-10,14;18;11,24;20
20201014.gml.geo,primary,uniform,458,0x1.19e0119e0119ep-10,14;18;12,24;21
20201014.gml.geo,primary,uniform,459,0x1.19e0119e0119ep-10,14;18;13,24;23
20201014.gml.geo,primary,uniform,460,0x1.19e0119e0119ep-10,14;18;15,24;25
20201014.gml.geo,primary,uniform,461,0x1.19e0119e0119ep-10,14;18;16,24;26
20201014.gml.geo,primary,uniform,462,0x1.19e0119e0119ep-10,14;18;17,24;27
20201014.gml.geo,primary,uniform,463,0x1.19e0119e0119ep-10,14;18,24
20201014.gml.geo,primary,uniform,464,0x1.19e0119e0119ep-10,14;18;19,24;28
20201014.gml.geo,primary,uniform,465,0x1.19e0119e0119ep-10,14;18;20,24;29
20201014.gml.geo,primary,uniform,466,0x1.19e0119e0119ep-10,14;18;21,24;30
20201014.gml.geo,primary,uniform,467,0x1.19e0119e0119ep-10,14;18;22,24;31
20201014.gml.geo,primary,uniform,468,0x1.19e0119e0119ep-10,14;18;23,24;32
20201014.gml.geo,primary,uniform,469,0x1.19e0119e0119ep-10,14;18;24,24;33
20201014.gml.geo,primary,uniform,470,0x1.19e0119e0119ep-10,14;18;25,24;34
20201014.gml.geo,primary,uniform,471,0x1.19e0119e0119ep-10,14;18;26,24;35
20201014.gml.geo,primary,uniform,472,0x1.19e0119e0119ep-10,14;18;27,24;36
20201014.gml.geo,primary,uniform,473,0x1.19e0119e0119ep-10,14;18;28,24;37
20201014.gml.geo,primary,uniform,474,0x1.19e0119e0119ep-10,14;18;29,24;38
20201014.gml.geo,primary,uniform,475,0x1.19e0119e0119ep-10,14;18;30,24;39
20201014.gml.geo,primary,uniform,476,0x1.19e0119e0119ep-10,15;18;0,25;2
20201014.gml.geo,primary,uniform,477,0x1.19e0119e0119ep-10,15;18;1,25;5
20201014.gml.geo,primary,uniform,478,0x1.19e0119e0119ep-10,15;18;2,25;6
20201014.gml.geo,primary,uniform,479,0x1.19e0119e0119ep-10,15;18;3,25;7
20201014.gml.geo,primary,uniform,480,0x1.19e0119e0119ep-10,15;18;4,25;8
20201014.gml.geo,primary,uniform,481,0x1.19e0119e0119ep-10,15;18;5,25;9
20201014.gml.geo,primary,uniform,482,0x1.19e0119e0119ep-10,15;18;6,25;11
20201014.gml.geo,primary,uniform,483,0x1.19e0119e0119ep-10,15;18;7,25;14
20201014.gml.geo,primary,uniform,484,0x1.19e0119e0119ep-10,15;18;8,25;17
20201014.gml.geo,primary,uniform,485,0x1.19e0119e0119ep-10,15;18;9,25;18
20201014.gml.geo,primary,uniform,486,0x1.19e0119e0119ep-10,15;18;10,25;19
20201014.gml.geo,primary,uniform,487,0x1.19e0119e0119ep-10,15;18;11,25;20
20201014.gml.geo,primary,uniform,488,0x1.19e0119e0119ep-10,15;18;12,25;21
20201014.gml.geo,primary,uniform,489,0x1.19e0119e0119ep-10,15;18;13,25;23
20201014.gml.geo,primary,uniform,490,0x1.19e0119e0119ep-10,15;18;14,25;24
20201014.gml.geo,primary,uniform,491,0x1.19e0119e0119ep-10,15;18;16,25;26
20201014.gml.geo,primary,uniform,492,0x1.19e0119e0119ep-10,15;18;17,25;27
20201014.gml.geo,primary,uniform,493,0x1.19e0119e0119ep-10,15;18,25
20201014.gml.geo,primary,uniform,494,0x1.19e0119e0119ep-10,15;18;19,25;28
20201014.gml.geo,primary,uniform,495,0x1.19e0119e0119ep-10,15;18;20,25;29
20201014.gml.geo,primary,uniform,496,0x1.19e0119e0119ep-10,15;18;21,25;30
20201014.gml.geo,primary,uniform,497,0x1.19e0119e0119ep-10,15;18;22,25;31
20201014.gml.geo,primary,uniform,498,0x1.19e0119e0119ep-10,15;18;23,25;32
20201014.gml.geo,primary,uniform,499,0x1.19e0119e0119ep-10,15;18;24,25;33
20201014.gml.geo,primary,uniform,500,0x1.19e0119e0119ep-10,15;18;25,25;34
20201014.gml.geo,primary,uniform,501,0x1.19e0119e0119ep-10,15;18;26,25;35
20201014.gml.geo,primary,uniform,502,0x1.19e0119e0119ep-10,15;18;27,25;36
20201014.gml.geo,primary,uniform,503,0x1.19e0119e0119ep-10,15;18;28,25;37
20201014.gml.geo,primary,uniform,504,0x1.19e0119e0119ep-10,15;18;29,25;38
20201014.gml.geo,primary,uniform,505,0x1.19e0119e0119ep-10,15;18;30,25;39
20201014.gml.geo,primary,uniform,506,0x1.19e0119e0119ep-10,16;18;0,26;2
20201014.gml.geo,primary,uniform,507,0x1.19e0119e0119ep-10,16;18;1,26;5
20201014.gml.geo,primary,uniform,508,0x1.19e0119e0119ep-10,16;18;2,26;6
20201014.gml.geo,primary,uniform,509,0x1.19e0119e0119ep-10,16;18;3,26;7
20201014.gml.geo,primary,uniform,510,0x1.19e0119e0119ep-10,16;18;4,26;8
20201014.gml.geo,primary,uniform,511,0x1.19e0119e0119ep-10,16;18;5,26;9
20201014.gml.geo,primary,uniform,512,0x1.19e0119e0119ep-10,16;18;6,26;11
20201014.gml.geo,primary,uniform,513,0x1.19e0119e0119ep-10,16;18;7,26;14
20201014.gml.geo,primary,uniform,514,0x1.19e0119e0119ep-10,16;18;8,26;17
20201014.gml.geo,primary,uniform,515,0x1.19e0119e0119ep-10,16;18;9,26;18
20201014.gml.geo,primary,uniform,516,0x1.19e0119e0119ep-10,16;18;10,26;19
20201014.gml.geo,primary,uniform,517,0x1.19e0119e0119ep-10,16;18;11,26;20
20201014.gml.geo,primary,uniform,518,0x1.19e0119e0119ep-10,16;18;12,26;21
20201014.gml.geo,primary,uniform,519,0x1.19e0119e0119ep-10,16;18;13,26;23
20201014.gml.geo,primary,uniform,520,0x1.19e0119e0119ep-10,16;18;14,26;24
20201014.gml.geo,primary,uniform,521,0x1.19e0119e0119ep-10,16;18;15,26;25
20201014.gml.geo,primary,uniform,522,0x1.19e0119e0119ep-10,16;18;17,26;27
20201014.gml.geo,primary,uniform,523,0x1.19e0119e0119ep-10,16;18,26
20201014.gml.geo,primary,uniform,524,0x1.19e0119e0119ep-10,16;18;19,26;28
20201014.gml.geo,primary,uniform,525,0x1.19e0119e0119ep-10,16;18;20,26;29
20201014.gml.geo,primary,uniform,526,0x1.19e0119e0119ep-10,16;18;21,26;30
20201014.gml.geo,primary,uniform,527,0x1.19e0119e0119ep-10,16;18;22,26;31
20201014.gml.geo,primary,uniform,528,0x1.19e0119e0119ep-10,16;18;23,26;32
20201014.gml.geo,primary,uniform,529,0x1.19e0119e0119ep-10,16;18;24,26;33
20201014.gml.geo,primary,uniform,530,0x1.19e0119e0119ep-10,16;18;25,26;34
20201014.gml.geo,primary,uniform,531,0x1.19e0119e0119ep-10,16;18;26,26;35
20201014.gml.geo,primary,uniform,532,0x1.19e0119e0119ep-10,16;18;27,26;36
20201014.gml.geo,primary,uniform,533,0x1.19e0119e0119ep-10,16;18;28,26;37
20201014.gml.geo,primary,uniform,534,0x1.19e0119e0119ep-10,16;18;29,26;38
20201014.gml.geo,primary,uniform,535,0x1.19e0119e0119ep-10,16;18;30,26;39
20201014.gml.geo,primary,uniform,536,0x1.19e0119e0119ep-10,17;18;0,27;2
20201014.gml.geo,primary,uniform,537,0x1.19e0119e0119ep-10,17;18;1,27;5
20201014.gml.geo,primary,uniform,538,0x1.19e0119e0119ep-10,17;18;2,27;6
20201014.gml.geo,primary,uniform,539,0x1.19e0119e0119ep-10,17;18;3,27;7
20201014.gml.geo,primary,uniform,540,0x1.19e0119e0119ep-10,17;18;4,27;8
20201014.gml.geo,primary,uniform,541,0x1.19e0119e0119ep-10,17;18;5,27;9
20201014.gml.geo,primary,uniform,542,0x1.19e0119e0119ep-10,17;18;6,27;11
20201014.gml.geo,primary,uniform,543,0x1.19e0119e0119ep-10,17;18;7,27;14
20201014.gml.geo,primary,uniform,544,0x1.19e0119e0119ep-10,17;18;8,27;17
20201014.gml.geo,primary,uniform,545,0x1.19e0119e0119ep-10,17;18;9,27;18
20201014.gml.geo,primary,uniform,546,0x1.19e0119e0119ep-10,17;18;10,27;19
20201014.gml.geo,primary,uniform,547,0x1.19e0119e0119ep-10,17;18;11,27;20
20201014.gml.geo,primary,uniform,548,0x1.19e0119e0119ep-10,17;18;12,27;21
20201014.gml.geo,primary,uniform,549,0x1.19e0119e0119ep-10,17;18;13,27;23
20201014.gml.geo,primary,uniform,550,0x1.19e0119e0119ep-10,17;18;14,27;24
20201014.gml.geo,primary,uniform,551,0x1.19e0119e0119ep-10,17;18;15,27;25
20201014.gml.geo,primary,uniform,552,0x1.19e0119e0119ep-10,17;18;16,27;26
20201014.gml.geo,primary,uniform,553,0x1.19e0119e0119ep-10,17;18,27
20201014.gml.geo,primary,uniform,554,0x1.19e0119e0119ep-10,17;18;19,27;28
20201014.gml.geo,primary,uniform,555,0x1.19e0119e0119ep-10,17;18;20,27;29
20201014.gml.geo,primary,uniform,556,0x1.19e0119e0119ep-10,17;18;21,27;30
20201014.gml.geo,primary,uniform,557,0x1.19e0119e0119ep-10,17;18;22,27;31
20201014.gml.geo,primary,uniform,558,0x1.19e0119e0119ep-10,17;18;23,27;32
20201014.gml.geo,primary,uniform,559,0x1.19e0119e0119ep-10,17;18;24,27;33
20201014.gml.geo,primary,uniform,560,0x1.19e0119e0119ep-10,17;18;25,27;34
20201014.gml.geo,primary,uniform,561,0x1.19e0119e0119ep-10,17;18;26,27;35
20201014.gml.geo,primary,uniform,562,0x1.19e0119e0119ep-10,17;18;27,27;36
20201014.gml.geo,primary,uniform,563,0x1.19e0119e0119ep-10,17;18;28,27;37
20201014.gml.geo,primary,uniform,564,0x1.19e0119e0119ep-10,17;18;29,27;38
20201014.gml.geo,primary,uniform,565,0x1.19e0119e0119ep-10,17;18;30,27;39
20201014.gml.geo,primary,uniform,566,0x1.19e0119e0119ep-10,18;0,2
20201014.gml.geo,primary,uniform,567,0x1.19e0119e0119ep-10,18;1,5
20201014.gml.geo,primary,uniform,568,0x1.19e0119e0119ep-10,18;2,6
20201014.gml.geo,primary,uniform,569,0x1.19e0119e0119ep-10,18;3,7
20201014.gml.geo,primary,uniform,570,0x1.19e0119e0119ep-10,18;4,8
20201014.gml.geo,primary,uniform,571,0x1.19e0119e0119ep-10,18;5,9
20201014.gml.geo,primary,uniform,572,0x1.19e0119e0119ep-10,18;6,11
20201014.gml.geo,primary,uniform,573,0x1.19e0119e0119ep-10,18;7,14
20201014.gml.geo,primary,uniform,574,0x1.19e0119e0119ep-10,18;8,17
20201014.gml.geo,primary,uniform,575,0x1.19e0119e0119ep-10,18;9,18
20201014.gml.geo,primary,uniform,576,0x1.19e0119e0119ep-10,18;10,19
20201014.gml.geo,primary,uniform,577,0x1.19e0119e0119ep-10,18;11,20
20201014.gml.geo,primary,uniform,578,0x1.19e0119e0119ep-10,18;12,21
20201014.gml.geo,primary,uniform,579,0x1.19e0119e0119ep-10,18;13,23
20201014.gml.geo,primary,uniform,580,0x1.19e0119e0119ep-10,18;14,24
20201014.gml.geo,primary,uniform,581,0x1.19e0119e0119ep-10,18;15,25
20201014.gml.geo,primary,uniform,582,0x1.19e0119e0119ep-10,18;16,26
20201014.gml.geo,primary,uniform,583,0x1.19e0119e0119ep-10,18;17,27
20201014.gml.geo,primary,uniform,584,0x1.19e0119e0119ep-10,18;19,28
20201014.gml.geo,primary,uniform,585,0x1.19e0119e0119ep-10,18;20,29
20201014.gml.geo,primary,uniform,586,0x1.19e0119e0119ep-10,18;21,30
20201014.gml.geo,primary,uniform,587,0x1.19e0119e0119ep-10,18;22,31
20201014.gml.geo,primary,uniform,588,0x1.19e0119e0119ep-10,18;23,32
20201014.gml.geo,primary,uniform,589,0x1.19e0119e0119ep-10,18;24,33
20201014.gml.geo,primary,uniform,590,0x1.19e0119e0119ep-10,18;25,34
20201014.gml.geo,primary,uniform,591,0x1.19e0119e0119ep-10,18;26,35
20201014.gml.geo,primary,uniform,592,0x1.19e0119e0119ep-10,18;27,36
20201014.gml.geo,primary,uniform,593,0x1.19e0119e0119ep-10,18;28,37
20201014.gml.geo,primary,uniform,594,0x1.19e0119e0119ep-10,18;29,38
20201014.gml.geo,primary,uniform,595,0x1.19e0119e0119ep-10,18;30,39
20201014.gml.geo,primary,uniform,596,0x1.19e0119e0119ep-12,19;12;0,22;1
20201014.gml.geo,primary,uniform,597,0x1.19e0119e0119ep-12,19;18;0,28;2
20201014.gml.geo,primary,uniform,598,0x1.19e0119e0119ep-12,19;20;0,40;3
20201014.gml.geo,primary,uniform,599,0x1.19e0119e0119ep-12,19;28;0,41;4
20201014.gml.geo,primary,uniform,600,0x1.19e0119e0119ep-10,19;18;1,28;5
20201014.gml.geo,primary,uniform,601,0x1.19e0119e0119ep-10,19;18;2,28;6
20201014.gml.geo,primary,uniform,602,0x1.19e0119e0119ep-10,19;18;3,28;7
20201014.gml.geo,primary,uniform,603,0x1.19e0119e0119ep-10,19;18;4,28;8
20201014.gml.geo,primary,uniform,604,0x1.19e0119e0119ep-10,19;18;5,28;9
20201014.gml.geo,primary,uniform,605,0x1.19e0119e0119ep-10,19;18;6,28;11
20201014.gml.geo,primary,uniform,606,0x1.19e0119e0119ep-12,19;12;7,22;13
20201014.gml.geo,primary,uniform,607,0x1.19e0119e0119ep-12,19;18;7,28;14
20201014.gml.geo,primary,uniform,608,0x1.19e0119e0119ep-12,19;20;7,40;15
20201014.gml.geo,primary,uniform,609,0x1.19e0119e0119ep-12,19;28;7,41;16
20201014.gml.geo,primary,uniform,610,0x1.19e0119e0119ep-10,19;18;8,28;17
20201014.gml.geo,primary,uniform,611,0x1.19e0119e0119ep-10,19;18;9,28;18
20201014.gml.geo,primary,uniform,612,0x1.19e0119e0119ep-10,19;18;10,28;19
20201014.gml.geo,primary,uniform,613,0x1.19e0119e0119ep-10,19;18;11,28;20
20201014.gml.geo,primary,uniform,614,0x1.19e0119e0119ep-10,19;12,22
20201014.gml.geo,primary,uniform,615,0x1.19e0119e0119ep-10,19;18;13,28;23
20201014.gml.geo,primary,uniform,616,0x1.19e0119e0119ep-10,19;18;14,28;24
20201014.gml.geo,primary,uniform,617,0x1.19e0119e0119ep-10,19;18;15,28;25
20201014.gml.geo,primary,uniform,618,0x1.19e0119e0119ep-10,19;18;16,28;26
20201014.gml.geo,primary,uniform,619,0x1.19e0119e0119ep-10,19;18;17,28;27
20201014.gml.geo,primary,uniform,620,0x1.19e0119e0119ep-10,19;18,28
20201014.gml.geo,primary,uniform,621,0x1.19e0119e0119ep-10,19;20,40
20201014.gml.geo,primary,uniform,622,0x1.19e0119e0119ep-10,19;18;21,28;30
20201014.gml.geo,primary,uniform,623,0x1.19e0119e0119ep-10,19;18;22,28;31
20201014.gml.geo,primary,uniform,624,0x1.19e0119e0119ep-10,19;18;23,28;32
20201014.gml.geo,primary,uniform,625,0x1.19e0119e0119ep-10,19;18;24,28;33
20201014.gml.geo,primary,uniform,626,0x1.19e0119e0119ep-10,19;18;25,28;34
20201014.gml.geo,primary,uniform,627,0x1.19e0119e0119ep-10,19;18;26,28;35
20201014.gml.geo,primary,uniform,628,0x1.19e0119e0119ep-10,19;18;27,28;36
20201014.gml.geo,primary,uniform,629,0x1.19e0119e0119ep-10,19;28,41
20201014.gml.geo,primary,uniform,630,0x1.19e0119e0119ep-10,19;18;29,28;38
20201014.gml.geo,primary,uniform,631,0x1.19e0119e0119ep-10,19;18;30,28;39
20201014.gml.geo,primary,uniform,632,0x1.19e0119e0119ep-10,20;0,3
20201014.gml.geo,primary,uniform,633,0x1.19e0119e0119ep-10,20;18;1,29;5
20201014.gml.geo,primary,uniform,634,0x1.19e0119e0119ep-10,20;18;2,29;6
20201014.gml.geo,primary,uniform,635,0x1.19e0119e0119ep-10,20;18;3,29;7
20201014.gml.geo,primary,uniform,636,0x1.19e0119e0119ep-10,20;18;4,29;8
20201014.gml.geo,primary,uniform,637,0x1.19e0119e0119ep-10,20;18;5,29;9
20201014.gml.geo,primary,uniform,638,0x1.19e0119e0119ep-11,20;7;6,15;10
20201014.gml.geo,primary,uniform,639,0x1.19e0119e0119ep-11,20;18;6,29;11
20201014.gml.geo,primary,uniform,640,0x1.19e0119e0119ep-10,20;7,15
20201014.gml.geo,primary,uniform,641,0x1.19e0119e0119ep-10,20;18;8,29;17
20201014.gml.geo,primary,uniform,642,0x1.19e0119e0119ep-10,20;18;9,29;18
20201014.gml.geo,primary,uniform,643,0x1.19e0119e0119ep-10,20;18;10,29;19
20201014.gml.geo,primary,uniform,644,0x1.19e0119e0119ep-11,20;7;11,15;12
20201014.gml.geo,primary,uniform,645,0x1.19e0119e0119ep-11,20;18;11,29;20
20201014.gml.geo,primary,uniform,646,0x1.19e0119e0119ep-12,20;0;12,3;1
20201014.gml.geo,primary,uniform,647,0x1.19e0119e0119ep-12,20;7;12,15;13
20201014.gml.geo,primary,uniform,648,0x1.19e0119e0119ep-12,20;18;12,29;21
20201014.gml.geo,primary,uniform,649,0x1.19e0119e0119ep-12,20;19;12,40;22
20201014.gml.geo,primary,uniform,650,0x1.19e0119e0119ep-10,20;18;13,29;23
20201014.gml.geo,primary,uniform,651,0x1.19e0119e0119ep-10,20;18;14,29;24
20201014.gml.geo,primary,uniform,652,0x1.19e0119e0119ep-10,20;18;15,29;25
20201014.gml.geo,primary,uniform,653,0x1.19e0119e0119ep-10,20;18;16,29;26
20201014.gml.geo,primary,uniform,654,0x1.19e0119e0119ep-10,20;18;17,29;27
20201014.gml.geo,primary,uniform,655,0x1.19e0119e0119ep-10,20;18,29
20201014.gml.geo,primary,uniform,656,0x1.19e0119e0119ep-10,20;19,40
20201014.gml.geo,primary,uniform,657,0x1.19e0119e0119ep-10,20;18;21,29;30
20201014.gml.geo,primary,uniform,658,0x1.19e0119e0119ep-10,20;18;22,29;31
20201014.gml.geo,primary,uniform,659,0x1.19e0119e0119ep-10,20;18;23,29;32
20201014.gml.geo,primary,uniform,660,0x1.19e0119e0119ep-10,20;18;24,29;33
20201014.gml.geo,primary,uniform,661,0x1.19e0119e0119ep-10,20;18;25,29;34
20201014.gml.geo,primary,uniform,662,0x1.19e0119e0119ep-10,20;18;26,29;35
20201014.gml.geo,primary,uniform,663,0x1.19e0119e0119ep-10,20;18;27,29;36
20201014.gml.geo,primary,uniform,664,0x1.19e0119e0119ep-12,20;0;28,3;4
20201014.gml.geo,primary,uniform,665,0x1.19e0119e0119ep-12,20;7;28,15;16
20201014.gml.geo,primary,uniform,666,0x1.19e0119e0119ep-12,20;18;28,29;37
20201014.gml.geo,primary,uniform,667,0x1.19e0119e0119ep-12,20;19;28,40;41
20201014.gml.geo,primary,uniform,668,0x1.19e0119e0119ep-10,20;18;29,29;38
20201014.gml.geo,primary,uniform,669,0x1.19e0119e0119ep-10,20;18;30,29;39
20201014.gml.geo,primary,uniform,670,0x1.19e0119e0119ep-10,21;18;0,30;2
20201014.gml.geo,primary,uniform,671,0x1.19e0119e0119ep-10,21;18;1,30;5
20201014.gml.geo,primary,uniform,672,0x1.19e0119e0119ep-10,21;18;2,30;6
20201014.gml.geo,primary,uniform,673,0x1.19e0119e0119ep-10,21;18;3,30;7
20201014.gml.geo,primary,uniform,674,0x1.19e0119e0119ep-10,21;18;4,30;8
20201014.gml.geo,primary,uniform,675,0x1.19e0119e0119ep-10,21;18;5,30;9
20201014.gml.geo,primary,uniform,676,0x1.19e0119e0119ep-10,21;18;6,30;11
20201014.gml.geo,primary,uniform,677,0x1.19e0119e0119ep-10,21;18;7,30;14
20201014.gml.geo,primary,uniform,678,0x1.19e0119e0119ep-10,21;18;8,30;17
20201014.gml.geo,primary,uniform,679,0x1.19e0119e0119ep-10,21;18;9,30;18
20201014.gml.geo,primary,uniform,680,0x1.19e0119e0119ep-10,21;18;10,30;19
20201014.gml.geo,primary,uniform,681,0x1.19e0119e0119ep-10,21;18;11,30;20
20201014.gml.geo,primary,uniform,682,0x1.19e0119e0119ep-10,21;18;12,30;21
20201014.gml.geo,primary,uniform,683,0x1.19e0119e0119ep-10,21;18;13,30;23
20201014.gml.geo,primary,uniform,684,0x1.19e0119e0119ep-10,21;18;14,30;24
20201014.gml.geo,primary,uniform,685,0x1.19e0119e0119ep-10,21;18;15,30;25
20201014.gml.geo,primary,uniform,686,0x1.19e0119e0119ep-10,21;18;16,30;26
20201014.gml.geo,primary,uniform,687,0x1.19e0119e0119ep-10,21;18;17,30;27
20201014.gml.geo,primary,uniform,688,0x1.19e0119e0119ep-10,21;18,30
20201014.gml.geo,primary,uniform,689,0x1.19e0119e0119ep-10,21;18;19,30;28
20201014.gml.geo,primary,uniform,690,0x1.19e0119e0119ep-10,21;18;20,30;29
20201014.gml.geo,primary,uniform,691,0x1.19e0119e0119ep-10,21;18;22,30;31
20201014.gml.geo,primary,uniform,692,0x1.19e0119e0119ep-10,21;18;23,30;32
20201014.gml.geo,primary,uniform,693,0x1.19e0119e0119ep-10,21;18;24,30;33
20201014.gml.geo,primary,uniform,694,0x1.19e0119e0119ep-10,21;18;25,30;34
20201014.gml.geo,primary,uniform,695,0x1.19e0119e0119ep-10,21;18;26,30;35
20201014.gml.geo,primary,uniform,696,0x1.19e0119e0119ep-10,21;18;27,30;36
20201014.gml.geo,primary,uniform,697,0x1.19e0119e0119ep-10,21;18;28,30;37
20201014.gml.geo,primary,uniform,698,0x1.19e0119e0119ep-10,21;18;29,30;38
20201014.gml.geo,primary,uniform,699,0x1.19e0119e0119ep-10,21;18;30,30;39
20201014.gml.geo,primary,uniform,700,0x1.19e0119e0119ep-10,22;18;0,31;2
20201014.gml.geo,primary,uniform,701,0x1.19e0119e0119ep-10,22;18;1,31;5
20201014.gml.geo,primary,uniform,702,0x1.19e0119e0119ep-10,22;18;2,31;6
20201014.gml.geo,primary,uniform,703,0x1.19e0119e0119ep-10,22;18;3,31;7
20201014.gml.geo,primary,uniform,704,0x1.19e0119e0119ep-10,22;18;4,31;8
20201014.gml.geo,primary,uniform,705,0x1.19e0119e0119ep-10,22;18;5,31;9
20201014.gml.geo,primary,uniform,706,0x1.19e0119e0119ep-10,22;18;6,31;11
20201014.gml.geo,primary,uniform,707,0x1.19e0119e0119ep-10,22;18;7,31;14
20201014.gml.geo,primary,uniform,708,0x1.19e0119e0119ep-10,22;18;8,31;17
20201014.gml.geo,primary,uniform,709,0x1.19e0119e0119ep-10,22;18;9,31;18
20201014.gml.geo,primary,uniform,710,0x1.19e0119e0119ep-10,22;18;10,31;19
20201014.gml.geo,primary,uniform,711,0x1.19e0119e0119ep-10,22;18;11,31;20
20201014.gml.geo,primary,uniform,712,0x1.19e0119e0119ep-10,22;18;12,31;21
20201014.gml.geo,primary,uniform,713,0x1.19e0119e0119ep-10,22;18;13,31;23
20201014.gml.geo,primary,uniform,714,0x1.19e0119e0119ep-10,22;18;14,31;24
20201014.gml.geo,primary,uniform,715,0x1.19e0119e0119ep-10,22;18;15,31;25
20201014.gml.geo,primary,uniform,716,0x1.19e0119e0119ep-10,22;18;16,31;26
20201014.gml.geo,primary,uniform,717,0x1.19e0119e0119ep-10,22;18;17,31;27
20201014.gml.geo,primary,uniform,718,0x1.19e0119e0119ep-10,22;18,31
20201014.gml.geo,primary,uniform,719,0x1.19e0119e0119ep-10,22;18;19,31;28
20201014.gml.geo,primary,uniform,720,0x1.19e0119e0119ep-10,22;18;20,31;29
20201014.gml.geo,primary,uniform,721,0x1.19e0119e0119ep-10,22;18;21,31;30
20201014.gml.geo,primary,uniform,722,0x1.19e0119e0119ep-10,22;18;23,31;32
20201014.gml.geo,primary,uniform,723,0x1.19e0119e0119ep-10,22;18;24,31;33
20201014.gml.geo,primary,uniform,724,0x1.19e0119e0119ep-10,22;18;25,31;34
20201014.gml.geo,primary,uniform,725,0x1.19e0119e0119ep-10,22;18;26,31;35
20201014.gml.geo,primary,uniform,726,0x1.19e0119e0119ep-10,22;18;27,31;36
20201014.gml.geo,primary,uniform,727,0x1.19e0119e0119ep-10,22;18;28,31;37
20201014.gml.geo,primary,uniform,728,0x1.19e0119e0119ep-10,22;18;29,31;38
20201014.gml.geo,primary,uniform,729,0x1.19e0119e0119ep-10,22;18;30,31;39
20201014.gml.geo,primary,uniform,730,0x1.19e0119e0119ep-10,23;18;0,32;2
20201014.gml.geo,primary,uniform,731,0x1.19e0119e0119ep-10,23;18;1,32;5
20201014.gml.geo,primary,uniform,732,0x1.19e0119e0119ep-10,23;18;2,32;6
20201014.gml.geo,primary,uniform,733,0x1.19e0119e0119ep-10,23;18;3,32;7
20201014.gml.geo,primary,uniform,734,0x1.19e0119e0119ep-10,23;18;4,32;8
20201014.gml.geo,primary,uniform,735,0x1.19e0119e0119ep-10,23;18;5,32;9
20201014.gml.geo,primary,uniform,736,0x1.19e0119e0119ep-10,23;18;6,32;11
20201014.gml.geo,primary,uniform,737,0x1.19e0119e0119ep-10,23;18;7,32;14
20201014.gml.geo,primary,uniform,738,0x1.19e0119e0119ep-10,23;18;8,32;17
20201014.gml.geo,primary,uniform,739,0x1.19e0119e0119ep-10,23;18;9,32;18
20201014.gml.geo,primary,uniform,740,0x1.19e0119e0119ep-10,23;18;10,32;19
20201014.gml.geo,primary,uniform,741,0x1.19e0119e0119ep-10,23;18;11,32;20
20201014.gml.geo,primary,uniform,742,0x1.19e0119e0119ep-10,23;18;12,32;21
20201014.gml.geo,primary,uniform,743,0x1.19e0119e0119ep-10,23;18;13,32;23
20201014.gml.geo,primary,uniform,744,0x1.19e0119e0119ep-10,23;18;14,32;24
20201014.gml.geo,primary,uniform,745,0x1.19e0119e0119ep-10,23;18;15,32;25
20201014.gml.geo,primary,uniform,746,0x1.19e0119e0119ep-10,23;18;16,32;26
20201014.gml.geo,primary,uniform,747,0x1.19e0119e0119ep-10,23;18;17,32;27
20201014.gml.geo,primary,uniform,748,0x1.19e0119e0119ep-10,23;18,32
20201014.gml.geo,primary,uniform,749,0x1.19e0119e0119ep-10,23;18;19,32;28
20201014.gml.geo,primary,uniform,750,0x1.19e0119e0119ep-10,23;18;20,32;29
20201014.gml.geo,primary,uniform,751,0x1.19e0119e0119ep-10,23;18;21,32;30
20201014.gml.geo,primary,uniform,752,0x1.19e0119e0119ep-10,23;18;22,32;31
20201014.gml.geo,primary,uniform,753,0x1.19e0119e0119ep-10,23;18;24,32;33
20201014.gml.geo,primary,uniform,754,0x1.19e0119e0119ep-10,23;18;25,32;34
20201014.gml.geo,primary,uniform,755,0x1.19e0119e0119ep-10,23;18;26,32;35
20201014.gml.geo,primary,uniform,756,0x1.19e0119e0119ep-10,23;18;27,32;36
20201014.gml.geo,primary,uniform,757,0x1.19e0119e0119ep-10,23;18;28,32;37
20201014.gml.geo,primary,uniform,758,0x1.19e0119e0119ep-10,23;18;29,32;38
20201014.gml.geo,primary,uniform,759,0x1.19e0119e0119ep-10,23;18;30,32;39
20201014.gml.geo,primary,uniform,760,0x1.19e0119e0119ep-10,24;18;0,33;2
20201014.gml.geo,primary,uniform,761,0x1.19e0119e0119ep-10,24;18;1,33;5
20201014.gml.geo,primary,uniform,762,0x1.19e0119e0119ep-10,24;18;2,33;6
20201014.gml.geo,primary,uniform,763,0x1.19e0119e0119ep-10,24;18;3,33;7
20201014.gml.geo,primary,uniform,764,0x1.19e0119e0119ep-10,24;18;4,33;8
20201014.gml.geo,primary,uniform,765,0x1.19e0119e0119ep-10,24;18;5,33;9
20201014.gml.geo,primary,uniform,766,0x1.19e0119e0119ep-10,24;18;6,33;11
20201014.gml.geo,primary,uniform,767,0x1.19e0119e0119ep-10,24;18;7,33;14
20201014.gml.geo,primary,uniform,768,0x1.19e0119e0119ep-10,24;18;8,33;17
20201014.gml.geo,primary,uniform,769,0x1.19e0119e0119ep-10,24;18;9,33;18
20201014.gml.geo,primary,uniform,770,0x1.19e0119e0119ep-10,24;18;10,33;19
20201014.gml.geo,primary,uniform,771,0x1.19e0119e0119ep-10,24;18;11,33;20
20201014.gml.geo,primary,uniform,772,0x1.19e0119e0119ep-10,24;18;12,33;21
20201014.gml.geo,primary,uniform,773,0x1.19e0119e0119ep-10,24;18;13,33;23
20201014.gml.geo,primary,uniform,774,0x1.19e0119e0119ep-10,24;18;14,33;24
20201014.gml.geo,primary,uniform,775,0x1.19e0119e0119ep-10,24;18;15,33;25
20201014.gml.geo,primary,uniform,776,0x1.19e0119e0119ep-10,24;18;16,33;26
20201014.gml.geo,primary,uniform,777,0x1.19e0119e0119ep-10,24;18;17,33;27
20201014.gml.geo,primary,uniform,778,0x1.19e0119e0119ep-10,24;18,33
20201014.gml.geo,primary,uniform,779,0x1.19e0119e0119ep-10,24;18;19,33;28
20201014.gml.geo,primary,uniform,780,0x1.19e0119e0119ep-10,24;18;20,33;29
20201014.gml.geo,primary,uniform,781,0x1.19e0119e0119ep-10,24;18;21,33;30
20201014.gml.geo,primary,uniform,782,0x1.19e0119e0119ep-10,24;18;22,33;31
20201014.gml.geo,primary,uniform,783,0x1.19e0119e0119ep-10,24;18;23,33;32
20201014.gml.geo,primary,uniform,784,0x1.19e0119e0119ep-10,24;18;25,33;34
20201014.gml.geo,primary,uniform,785,0x1.19e0119e0119ep-10,24;18;26,33;35
20201014.gml.geo,primary,uniform,786,0x1.19e0119e0119ep-10,24;18;27,33;36
20201014.gml.geo,primary,uniform,787,0x1.19e0119e0119ep-10,24;18;28,33;37
20201014.gml.geo,primary,uniform,788,0x1.19e0119e0119ep-10,24;18;29,33;38
20201014.gml.geo,primary,uniform,789,0x1.19e0119e0119ep-10,24;18;30,33;39
20201014.gml.geo,primary,uniform,790,0x1.19e0119e0119ep-10,25;18;0,34;2
20201014.gml.geo,primary,uniform,791,0x1.19e0119e0119ep-10,25;18;1,34;5
20201014.gml.geo,primary,uniform,792,0x1.19e0119e0119ep-10,25;18;2,34;6
20201014.gml.geo,primary,uniform,793,0x1.19e0119e0119ep-10,25;18;3,34;7
20201014.gml.geo,primary,uniform,794,0x1.19e0119e0119ep-10,25;18;4,34;8
20201014.gml.geo,primary,uniform,795,0x1.19e0119e0119ep-10,25;18;5,34;9
20201014.gml.geo,primary,uniform,796,0x1.19e0119e0119ep-10,25;18;6,34;11
20201014.gml.geo,primary,uniform,797,0x1.19e0119e0119ep-10,25;18;7,34;14
20201014.gml.geo,primary,uniform,798,0x1.19e0119e0119ep-10,25;18;8,34;17
20201014.gml.geo,primary,uniform,799,0x1.19e0119e0119ep-10,25;18;9,34;18
20201014.gml.geo,primary,uniform,800,0x1.19e0119e0119ep-10,25;18;10,34;19
20201014.gml.geo,primary,uniform,801,0x1.19e0119e0119ep-10,25;18;11,34;20
20201014.gml.geo,primary,uniform,802,0x1.19e0119e0119ep-10,25;18;12,34;21
20201014.gml.geo,primary,uniform,803,0x1.19e0119e0119ep-10,25;18;13,34;23
20201014.gml.geo,primary,uniform,804,0x1.19e0119e0119ep-10,25;18;14,34;24
20201014.gml.geo,primary,uniform,805,0x1.19e0119e0119ep-10,25;18;15,34;25
20201014.gml.geo,primary,uniform,806,0x1.19e0119e0119ep-10,25;18;16,34;26
20201014.gml.geo,primary,uniform,807,0x1.19e0119e0119ep-10,25;18;17,34;27
20201014.gml.geo,primary,uniform,808,0x1.19e0119e0119ep-10,25;18,34
20201014.gml.geo,primary,uniform,809,0x1.19e0119e0119ep-10,25;18;19,34;28
20201014.gml.geo,primary,uniform,810,0x1.19e0119e0119ep-10,25;18;20,34;29
20201014.gml.geo,primary,uniform,811,0x1.19e0119e0119ep-10,25;18;21,34;30
20201014.gml.geo,primary,uniform,812,0x1.19e0119e0119ep-10,25;18;22,34;31
20201014.gml.geo,primary,uniform,813,0x1.19e0119e0119ep-10,25;18;23,34;32
20201014.gml.geo,primary,uniform,814,0x1.19e0119e0119ep-10,25;18;24,34;33
20201014.gml.geo,primary,uniform,815,0x1.19e0119e0119ep-10,25;18;26,34;35
20201014.gml.geo,primary,uniform,816,0x1.19e0119e0119ep-10,25;18;27,34;36
20201014.gml.geo,primary,uniform,817,0x1.19e0119e0119ep-10,25;18;28,34;37
20201014.gml.geo,primary,uniform,818,0x1.19e0119e0119ep-10,25;18;29,34;38
20201014.gml.geo,primary,uniform,819,0x1.19e0119e0119ep-10,25;18;30,34;39
20201014.gml.geo,primary,uniform,820,0x1.19e0119e0119ep-10,26;18;0,35;2
20201014.gml.geo,primary,uniform,821,0x1.19e0119e0119ep-10,26;18;1,35;5
20201014.gml.geo,primary,uniform,822,0x1.19e0119e0119ep-10,26;18;2,35;6
20201014.gml.geo,primary,uniform,823,0x1.19e0119e0119ep-10,26;18;3,35;7
20201014.gml.geo,primary,uniform,824,0x1.19e0119e0119ep-10,26;18;4,35;8
20201014.gml.geo,primary,uniform,825,0x1.19e0119e0119ep-10,26;18;5,35;9
20201014.gml.geo,primary,uniform,826,0x1.19e0119e0119ep-10,26;18;6,35;11
20201014.gml.geo,primary,uniform,827,0x1.19e0119e0119ep-10,26;18;7,35;14
20201014.gml.geo,primary,uniform,828,0x1.19e0119e0119ep-10,26;18;8,35;17
20201014.gml.geo,primary,uniform,829,0x1.19e0119e0119ep-10,26;18;9,35;18
20201014.gml.geo,primary,uniform,830,0x1.19e0119e0119ep-10,26;18;10,35;19
20201014.gml.geo,primary,uniform,831,0x1.19e0119e0119ep-10,26;18;11,35;20
20201014.gml.geo,primary,uniform,832,0x1.19e0119e0119ep-10,26;18;12,35;21
20201014.gml.geo,primary,uniform,833,0x1.19e0119e0119ep-10,26;18;13,35;23
20201014.gml.geo,primary,uniform,834,0x1.19e0119e0119ep-10,26;18;14,35;24
20201014.gml.geo,primary,uniform,835,0x1.19e0119e0119ep-10,26;18;15,35;25
20201014.gml.geo,primary,uniform,836,0x1.19e0119e0119ep-10,26;18;16,35;26
20201014.gml.geo,primary,uniform,837,0x1.19e0119e0119ep-10,26;18;17,35;27
20201014.gml.geo,primary,uniform,838,0x1.19e0119e0119ep-10,26;18,35
20201014.gml.geo,primary,uniform,839,0x1.19e0119e0119ep-10,26;18;19,35;28
20201014.gml.geo,primary,uniform,840,0x1.19e0119e0119ep-10,26;18;20,35;29
20201014.gml.geo,primary,uniform,841,0x1.19e0119e0119ep-10,26;18;21,35;30
20201014.gml.geo,primary,uniform,842,0x1.19e0119e0119ep-10,26;18;22,35;31
20201014.gml.geo,primary,uniform,843,0x1.19e0119e0119ep-10,26;18;23,35;32
20201014.gml.geo,primary,uniform,844,0x1.19e0119e0119ep-10,26;18;24,35;33
20201014.gml.geo,primary,uniform,845,0x1.19e0119e0119ep-10,26;18;25,35;34
20201014.gml.geo,primary,uniform,846,0x1.19e0119e0119ep-10,26;18;27,35;36
20201014.gml.geo,primary,uniform,847,0x1.19e0119e0119ep-10,26;18;28,35;37
20201014.gml.geo,primary,uniform,848,0x1.19e0119e0119ep-10,26;18;29,35;38
20201014.gml.geo,primary,uniform,849,0x1.19e0119e0119ep-10,26;18;30,35;39
20201014.gml.geo,primary,uniform,850,0x1.19e0119e0119ep-10,27;18;0,36;2
20201014.gml.geo,primary,uniform,851,0x1.19e0119e0119ep-10,27;18;1,36;5
20201014.gml.geo,primary,uniform,852,0x1.19e0119e0119ep-10,27;18;2,36;6
20201014.gml.geo,primary,uniform,853,0x1.19e0119e0119ep-10,27;18;3,36;7
20201014.gml.geo,primary,uniform,854,0x1.19e0119e0119ep-10,27;18;4,36;8
20201014.gml.geo,primary,uniform,855,0x1.19e0119e0119ep-10,27;18;5,36;9
20201014.gml.geo,primary,uniform,856,0x1.19e0119e0119ep-10,27;18;6,36;11
20201014.gml.geo,primary,uniform,857,0x1.19e0119e0119ep-10,27;18;7,36;14
20201014.gml.geo,primary,uniform,858,0x1.19e0119e0119ep-10,27;18;8,36;17
20201014.gml.geo,primary,uniform,859,0x1.19e0119e0119ep-10,27;18;9,36;18
20201014.gml.geo,primary,uniform,860,0x1.19e0119e0119ep-10,27;18;10,36;19
20201014.gml.geo,primary,uniform,861,0x1.19e0119e0119ep-10,27;18;11,36;20
20201014.gml.geo,primary,uniform,862,0x1.19e0119e0119ep-10,27;18;12,36;21
20201014.gml.geo,primary,uniform,863,0x1.19e0119e0119ep-10,27;18;13,36;23
20201014.gml.geo,primary,uniform,864,0x1.19e0119e0119ep-10,27;18;14,36;24
20201014.gml.geo,primary,uniform,865,0x1.19e0119e0119ep-10,27;18;15,36;25
20201014.gml.geo,primary,uniform,866,0x1.19e0119e0119ep-10,27;18;16,36;26
20201014.gml.geo,primary,uniform,867,0x1.19e0119e0119ep-10,27;18;17,36;27
20201014.gml.geo,primary,uniform,868,0x1.19e0119e0119ep-10,27;18,36
20201014.gml.geo,primary,uniform,869,0x1.19e0119e0119ep-10,27;18;19,36;28
20201014.gml.geo,primary,uniform,870,0x1.19e0119e0119ep-10,27;18;20,36;29
20201014.gml.geo,primary,uniform,871,0x1.19e0119e0119ep-10,27;18;21,36;30
20201014.gml.geo,primary,uniform,872,0x1.19e0119e0119ep-10,27;18;22,36;31
20201014.gml.geo,primary,uniform,873,0x1.19e0119e0119ep-10,27;18;23,36;32
20201014.gml.geo,primary,uniform,874,0x1.19e0119e0119ep-10,27;18;24,36;33
20201014.gml.geo,primary,uniform,875,0x1.19e0119e0119ep-10,27;18;25,36;34
20201014.gml.geo,primary,uniform,876,0x1.19e0119e0119ep-10,27;18;26,36;35
20201014.gml.geo,primary,uniform,877,0x1.19e0119e0119ep-10,27;18;28,36;37
20201014.gml.geo,primary,uniform,878,0x1.19e0119e0119ep-10,27;18;29,36;38
20201014.gml.geo,primary,uniform,879,0x1.19e0119e0119ep-10,27;18;30,36;39
20201014.gml.geo,primary,uniform,880,0x1.19e0119e0119ep-10,28;0,4
20201014.gml.geo,primary,uniform,881,0x1.19e0119e0119ep-10,28;18;1,37;5
20201014.gml.geo,primary,uniform,882,0x1.19e0119e0119ep-10,28;18;2,37;6
20201014.gml.geo,primary,uniform,883,0x1.19e0119e0119ep-10,28;18;3,37;7
20201014.gml.geo,primary,uniform,884,0x1.19e0119e0119ep-10,28;18;4,37;8
20201014.gml.geo,primary,uniform,885,0x1.19e0119e0119ep-10,28;18;5,37;9
20201014.gml.geo,primary,uniform,886,0x1.19e0119e0119ep-11,28;7;6,16;10
20201014.gml.geo,primary,uniform,887,0x1.19e0119e0119ep-11,28;18;6,37;11
20201014.gml.geo,primary,uniform,888,0x1.19e0119e0119ep-10,28;7,16
20201014.gml.geo,primary,uniform,889,0x1.19e0119e0119ep-10,28;18;8,37;17
20201014.gml.geo,primary,uniform,890,0x1.19e0119e0119ep-10,28;18;9,37;18
20201014.gml.geo,primary,uniform,891,0x1.19e0119e0119ep-10,28;18;10,37;19
20201014.gml.geo,primary,uniform,892,0x1.19e0119e0119ep-11,28;7;11,16;12
20201014.gml.geo,primary,uniform,893,0x1.19e0119e0119ep-11,28;18;11,37;20
20201014.gml.geo,primary,uniform,894,0x1.19e0119e0119ep-12,28;0;12,4;1
20201014.gml.geo,primary,uniform,895,0x1.19e0119e0119ep-12,28;7;12,16;13
20201014.gml.geo,primary,uniform,896,0x1.19e0119e0119ep-12,28;18;12,37;21
20201014.gml.geo,primary,uniform,897,0x1.19e0119e0119ep-12,28;19;12,41;22
20201014.gml.geo,primary,uniform,898,0x1.19e0119e0119ep-10,28;18;13,37;23
20201014.gml.geo,primary,uniform,899,0x1.19e0119e0119ep-10,28;18;14,37;24
20201014.gml.geo,primary,uniform,900,0x1.19e0119e0119ep-10,28;18;15,37;25
20201014.gml.geo,primary,uniform,901,0x1.19e0119e0119ep-10,28;18;16,37;26
20201014.gml.geo,primary,uniform,902,0x1.19e0119e0119ep-10,28;18;17,37;27
20201014.gml.geo,primary,uniform,903,0x1.19e0119e0119ep-10,28;18,37
20201014.gml.geo,primary,uniform,904,0x1.19e0119e0119ep-10,28;19,41
20201014.gml.geo,primary,uniform,905,0x1.19e0119e0119ep-12,28;0;20,4;3
20201014.gml.geo,primary,uniform,906,0x1.19e0119e0119ep-12,28;7;20,16;15
20201014.gml.geo,primary,uniform,907,0x1.19e0119e0119ep-12,28;18;20,37;29
20201014.gml.geo,primary,uniform,908,0x1.19e0119e0119ep-12,28;19;20,41;40
20201014.gml.geo,primary,uniform,909,0x1.19e0119e0119ep-10,28;18;21,37;30
20201014.gml.geo,primary,uniform,910,0x1.19e0119e0119ep-10,28;18;22,37;31
20201014.gml.geo,primary,uniform,911,0x1.19e0119e0119ep-10,28;18;23,37;32
20201014.gml.geo,primary,uniform,912,0x1.19e0119e0119ep-10,28;18;24,37;33
20201014.gml.geo,primary,uniform,913,0x1.19e0119e0119ep-10,28;18;25,37;34
20201014.gml.geo,primary,uniform,914,0x1.19e0119e0119ep-10,28;18;26,37;35
20201014.gml.geo,primary,uniform,915,0x1.19e0119e0119ep-10,28;18;27,37;36
20201014.gml.geo,primary,uniform,916,0x1.19e0119e0119ep-10,28;18;29,37;38
20201014.gml.geo,primary,uniform,917,0x1.19e0119e0119ep-10,28;18;30,37;39
20201014.gml.geo,primary,uniform,918,0x1.19e0119e0119ep-10,29;18;0,38;2
20201014.gml.geo,primary,uniform,919,0x1.19e0119e0119ep-10,29;18;1,38;5
20201014.gml.geo,primary,uniform,920,0x1.19e0119e0119ep-10,29;18;2,38;6
20201014.gml.geo,primary,uniform,921,0x1.19e0119e0119ep-10,29;18;3,38;7
20201014.gml.geo,primary,uniform,922,0x1.19e0119e0119ep-10,29;18;4,38;8
20201014.gml.geo,primary,uniform,923,0x1.19e0119e0119ep-10,29;18;5,38;9
20201014.gml.geo,primary,uniform,924,0x1.19e0119e0119ep-10,29;18;6,38;11
20201014.gml.geo,primary,uniform,925,0x1.19e0119e0119ep-10,29;18;7,38;14
20201014.gml.geo,primary,uniform,926,0x1.19e0119e0119ep-10,29;18;8,38;17
20201014.gml.geo,primary,uniform,927,0x1.19e0119e0119ep-10,29;18;9,38;18
20201014.gml.geo,primary,uniform,928,0x1.19e0119e0119ep-10,29;18;10,38;19
20201014.gml.geo,primary,uniform,929,0x1.19e0119e0119ep-10,29;18;11,38;20
20201014.gml.geo,primary,uniform,930,0x1.19e0119e0119ep-10,29;18;12,38;21
20201014.gml.geo,primary,uniform,931,0x1.19e0119e0119ep-10,29;18;13,38;23
20201014.gml.geo,primary,uniform,932,0x1.19e0119e0119ep-10,29;18;14,38;24
20201014.gml.geo,primary,uniform,933,0x1.19e0119e0119ep-10,29;18;15,38;25
20201014.gml.geo,primary,uniform,934,0x1.19e0119e0119ep-10,29;18;16,38;26
20201014.gml.geo,primary,uniform,935,0x1.19e0119e0119ep-10,29;18;17,38;27
20201014.gml.geo,primary,uniform,936,0x1.19e0119e0119ep-10,29;18,38
20201014.gml.geo,primary,uniform,937,0x1.19e0119e0119ep-10,29;18;19,38;28
20201014.gml.geo,primary,uniform,938,0x1.19e0119e0119ep-10,29;18;20,38;29
20201014.gml.geo,primary,uniform,939,0x1.19e0119e0119ep-10,29;18;21,38;30
20201014.gml.geo,primary,uniform,940,0x1.19e0119e0119ep-10,29;18;22,38;31
20201014.gml.geo,primary,uniform,941,0x1.19e0119e0119ep-10,29;18;23,38;32
20201014.gml.geo,primary,uniform,942,0x1.19e0119e0119ep-10,29;18;24,38;33
20201014.gml.geo,primary,uniform,943,0x1.19e0119e0119ep-10,29;18;25,38;34
20201014.gml.geo,primary,uniform,944,0x1.19e0119e0119ep-10,29;18;26,38;35
20201014.gml.geo,primary,uniform,945,0x1.19e0119e0119ep-10,29;18;27,38;36
20201014.gml.geo,primary,uniform,946,0x1.19e0119e0119ep-10,29;18;28,38;37
20201014.gml.geo,primary,uniform,947,0x1.19e0119e0119ep-10,29;18;30,38;39
20201014.gml.geo,primary,uniform,948,0x1.19e0119e0119ep-10,30;18;0,39;2
20201014.gml.geo,primary,uniform,949,0x1.19e0119e0119ep-10,30;18;1,39;5
20201014.gml.geo,primary,uniform,950,0x1.19e0119e0119ep-10,30;18;2,39;6
20201014.gml.geo,primary,uniform,951,0x1.19e0119e0119ep-10,30;18;3,39;7
20201014.gml.geo,primary,uniform,952,0x1.19e0119e0119ep-10,30;18;4,39;8
20201014.gml.geo,primary,uniform,953,0x1.19e0119e0119ep-10,30;18;5,39;9
20201014.gml.geo,primary,uniform,954,0x1.19e0119e0119ep-10,30;18;6,39;11
20201014.gml.geo,primary,uniform,955,0x1.19e0119e0119ep-10,30;18;7,39;14
20201014.gml.geo,primary,uniform,956,0x1.19e0119e0119ep-10,30;18;8,39;17
20201014.gml.geo,primary,uniform,957,0x1.19e0119e0119ep-10,30;18;9,39;18
20201014.gml.geo,primary,uniform,958,0x1.19e0119e0119ep-10,30;18;10,39;19
20201014.gml.geo,primary,uniform,959,0x1.19e0119e0119ep-10,30;18;11,39;20
20201014.gml.geo,primary,uniform,960,0x1.19e0119e0119ep-10,30;18;12,39;21
20201014.gml.geo,primary,uniform,961,0x1.19e0119e0119ep-10,30;18;13,39;23
20201014.gml.geo,primary,uniform,962,0x1.19e0119e0119ep-10,30;18;14,39;24
20201014.gml.geo,primary,uniform,963,0x1.19e0119e0119ep-10,30;18;15,39;25
20201014.gml.geo,primary,uniform,964,0x1.19e0119e0119ep-10,30;18;16,39;26
20201014.gml.geo,primary,uniform,965,0x1.19e0119e0119ep-10,30;18;17,39;27
20201014.gml.geo,primary,uniform,966,0x1.19e0119e0119ep-10,30;18,39
20201014.gml.geo,primary,uniform,967,0x1.19e0119e0119ep-10,30;18;19,39;28
20201014.gml.geo,primary,uniform,968,0x1.19e0119e0119ep-10,30;18;20,39;29
20201014.gml.geo,primary,uniform,969,0x1.19e0119e0119ep-10,30;18;21,39;30
20201014.gml.geo,primary,uniform,970,0x1.19e0119e0119ep-10,30;18;22,39;31
20201014.gml.geo,primary,uniform,971,0x1.19e0119e0119ep-10,30;18;23,39;32
20201014.gml.geo,primary,uniform,972,0x1.19e0119e0119ep-10,30;18;24,39;33
20201014.gml.geo,primary,uniform,973,0x1.19e0119e0119ep-10,30;18;25,39;34
20201014.gml.geo,primary,uniform,974,0x1.19e0119e0119ep-10,30;18;26,39;35
20201014.gml.geo,primary,uniform,975,0x1.19e0119e0119ep-10,30;18;27,39;36
20201014.gml.geo,primary,uniform,976,0x1.19e0119e0119ep-10,30;18;28,39;37
20201014.gml.geo,primary,uniform,977,0x1.19e0119e0119ep-10,30;18;29,39;38
20201014.gml.geo,primary,hotspot,0,0x1.edd1221aa3f45p-11,0;18;1,2;5
20201014.gml.geo,primary,hotspot,1,0x1.edd1221aa3f45p-11,0;18;2,2;6
20201014.gml.geo,primary,hotspot,2,0x1.edd1221aa3f45p-11,0;18;3,2;7
20201014.gml.geo,primary,hotspot,3,0x1.edd1221aa3f45p-11,0;18;4,2;8
20201014.gml.geo,primary,hotspot,4,0x1.edd1221aa3f45p-11,0;18;5,2;9
20201014.gml.geo,primary,hotspot,5,0x1.0c511402a312dp-11,0;7;6,0;10
20201014.gml.geo,primary,hotspot,6,0x1.0c511402a312dp-11,0;18;6,2;11
20201014.gml.geo,primary,hotspot,7,0x1.775ba2cd388e1p-10,0;7,0
20201014.gml.geo,primary,hotspot,8,0x1.edd1221aa3f45p-11,0;18;8,2;17
20201014.gml.geo,primary,hotspot,9,0x1.edd1221aa3f45p-11,0;18;9,2;18
20201014.gml.geo,primary,hotspot,10,0x1.edd1221aa3f45p-11,0;18;10,2;19
20201014.gml.geo,primary,hotspot,11,0x1.0c511402a312dp-11,0;7;11,0;12
20201014.gml.geo,primary,hotspot,12,0x1.0c511402a312dp-11,0;18;11,2;20
20201014.gml.geo,primary,hotspot,13,0x1.372219ed45442p-10,0;12,1
20201014.gml.geo,primary,hotspot,14,0x1.edd1221aa3f45p-11,0;18;13,2;23
20201014.gml.geo,primary,hotspot,15,0x1.edd1221aa3f45p-11,0;18;14,2;24
20201014.gml.geo,primary,hotspot,16,0x1.edd1221aa3f45p-11,0;18;15,2;25
20201014.gml.geo,primary,hotspot,17,0x1.edd1221aa3f45p-11,0;18;16,2;26
20201014.gml.geo,primary,hotspot,18,0x1.edd1221aa3f45p-11,0;18;17,2;27
20201014.gml.geo,primary,hotspot,19,0x1.b1dfb36bc0e28p-9,0;18,2
20201014.gml.geo,primary,hotspot,20,0x1.372219ed45442p-12,0;12;19,1;22
20201014.gml.geo,primary,hotspot,21,0x1.372219ed45442p-12,0;18;19,2;28
20201014.gml.geo,primary,hotspot,22,0x1.372219ed45442p-12,0;20;19,3;40
20201014.gml.geo,primary,hotspot,23,0x1.372219ed45442p-12,0;28;19,4;41
20201014.gml.geo,primary,hotspot,24,0x1.372219ed45442p-10,0;20,3
20201014.gml.geo,primary,hotspot,25,0x1.edd1221aa3f45p-11,0;18;21,2;30
20201014.gml.geo,primary,hotspot,26,0x1.edd1221aa3f45p-11,0;18;22,2;31
20201014.gml.geo,primary,hotspot,27,0x1.edd1221aa3f45p-11,0;18;23,2;32
20201014.gml.geo,primary,hotspot,28,0x1.edd1221aa3f45p-11,0;18;24,2;33
20201014.gml.geo,primary,hotspot,29,0x1.edd1221aa3f45p-11,0;18;25,2;34
20201014.gml.geo,primary,hotspot,30,0x1.edd1221aa3f45p-11,0;18;26,2;35
20201014.gml.geo,primary,hotspot,31,0x1.edd1221aa3f45p-11,0;18;27,2;36
20201014.gml.geo,primary,hotspot,32,0x1.372219ed45442p-10,0;28,4
20201014.gml.geo,primary,hotspot,33,0x1.edd1221aa3f45p-11,0;18;29,2;38
20201014.gml.geo,primary,hotspot,34,0x1.edd1221aa3f45p-11,0;18;30,2;39
20201014.gml.geo,primary,hotspot,35,0x1.476201f49553cp-10,1;18;0,5;2
20201014.gml.geo,primary,hotspot,36,0x1.ebc0e421d6bd8p-11,1;18;2,5;6
20201014.gml.geo,primary,hotspot,37,0x1.ebc0e421d6bd8p-11,1;18;3,5;7
20201014.gml.geo,primary,hotspot,38,0x1.ebc0e421d6bd8p-11,1;18;4,5;8
20201014.gml.geo,primary,hotspot,39,0x1.ebc0e421d6bd8p-11,1;18;5,5;9
20201014.gml.geo,primary,hotspot,40,0x1.0a40d609d5dc0p-10,1;18;6,5;11
20201014.gml.geo,primary,hotspot,41,0x1.7022c9e66a4e4p-10,1;18;7,5;14
20201014.gml.geo,primary,hotspot,42,0x1.ebc0e421d6bd8p-11,1;18;8,5;17
20201014.gml.geo,primary,hotspot,43,0x1.ebc0e421d6bd8p-11,1;18;9,5;18
20201014.gml.geo,primary,hotspot,44,0x1.ebc0e421d6bd8p-11,1;18;10,5;19
20201014.gml.geo,primary,hotspot,45,0x1.0a40d609d5dc0p-10,1;18;11,5;20
20201014.gml.geo,primary,hotspot,46,0x1.33019dfbaad68p-10,1;18;12,5;21
20201014.gml.geo,primary,hotspot,47,0x1.ebc0e421d6bd8p-11,1;18;13,5;23
20201014.gml.geo,primary,hotspot,48,0x1.ebc0e421d6bd8p-11,1;18;14,5;24
20201014.gml.geo,primary,hotspot,49,0x1.ebc0e421d6bd8p-11,1;18;15,5;25
20201014.gml.geo,primary,hotspot,50,0x1.ebc0e421d6bd8p-11,1;18;16,5;26
20201014.gml.geo,primary,hotspot,51,0x1.ebc0e421d6bd8p-11,1;18;17,5;27
20201014.gml.geo,primary,hotspot,52,0x1.a265e2a1bdc77p-9,1;18,5
20201014.gml.geo,primary,hotspot,53,0x1.33019dfbaad68p-10,1;18;19,5;28
20201014.gml.geo,primary,hotspot,54,0x1.33019dfbaad68p-10,1;18;20,5;29
20201014.gml.geo,primary,hotspot,55,0x1.ebc0e421d6bd8p-11,1;18;21,5;30
20201014.gml.geo,primary,hotspot,56,0x1.ebc0e421d6bd8p-11,1;18;22,5;31
20201014.gml.geo,primary,hotspot,57,0x1.ebc0e421d6bd8p-11,1;18;23,5;32
20201014.gml.geo,primary,hotspot,58,0x1.ebc0e421d6bd8p-11,1;18;24,5;33
20201014.gml.geo,primary,hotspot,59,0x1.ebc0e421d6bd8p-11,1;18;25,5;34
20201014.gml.geo,primary,hotspot,60,0x1.ebc0e421d6bd8p-11,1;18;26,5;35
20201014.gml.geo,primary,hotspot,61,0x1.ebc0e421d6bd8p-11,1;18;27,5;36
20201014.gml.geo,primary,hotspot,62,0x1.33019dfbaad68p-10,1;18;28,5;37
20201014.gml.geo,primary,hotspot,63,0x1.ebc0e421d6bd8p-11,1;18;29,5;38
20201014.gml.geo,primary,hotspot,64,0x1.ebc0e421d6bd8p-11,1;18;30,5;39
20201014.gml.geo,primary,hotspot,65,0x1.476201f49553cp-10,2;18;0,6;2
20201014.gml.geo,primary,hotspot,66,0x1.ebc0e421d6bd8p-11,2;18;1,6;5
20201014.gml.geo,primary,hotspot,67,0x1.ebc0e421d6bd8p-11,2;18;3,6;7
20201014.gml.geo,primary,hotspot,68,0x1.ebc0e421d6bd8p-11,2;18;4,6;8
20201014.gml.geo,primary,hotspot,69,0x1.ebc0e421d6bd8p-11,2;18;5,6;9
20201014.gml.geo,primary,hotspot,70,0x1.0a40d609d5dc0p-10,2;18;6,6;11
20201014.gml.geo,primary,hotspot,71,0x1.7022c9e66a4e4p-10,2;18;7,6;14
20201014.gml.geo,primary,hotspot,72,0x1.ebc0e421d6bd8p-11,2;18;8,6;17
20201014.gml.geo,primary,hotspot,73,0x1.ebc0e421d6bd8p-11,2;18;9,6;18
20201014.gml.geo,primary,hotspot,74,0x1.ebc0e421d6bd8p-11,2;18;10,6;19
20201014.gml.geo,primary,hotspot,75,0x1.0a40d609d5dc0p-10,2;18;11,6;20
20201014.gml.geo,primary,hotspot,76,0x1.33019dfbaad68p-10,2;18;12,6;21
20201014.gml.geo,primary,hotspot,77,0x1.ebc0e421d6bd8p-11,2;18;13,6;23
20201014.gml.geo,primary,hotspot,78,0x1.ebc0e421d6bd8p-11,2;18;14,6;24
20201014.gml.geo,primary,hotspot,79,0x1.ebc0e421d6bd8p-11,2;18;15,6;25
20201014.gml.geo,primary,hotspot,80,0x1.ebc0e421d6bd8p-11,2;18;16,6;26
20201014.gml.geo,primary,hotspot,81,0x1.ebc0e421d6bd8p-11,2;18;17,6;27
20201014.gml.geo,primary,hotspot,82,0x1.a265e2a1bdc77p-9,2;18,6
20201014.gml.geo,primary,hotspot,83,0x1.33019dfbaad68p-10,2;18;19,6;28
20201014.gml.geo,primary,hotspot,84,0x1.33019dfbaad68p-10,2;18;20,6;29
20201014.gml.geo,primary,hotspot,85,0x1.ebc0e421d6bd8p-11,2;18;21,6;30
20201014.gml.geo,primary,hotspot,86,0x1.ebc0e421d6bd8p-11,2;18;22,6;31
20201014.gml.geo,primary,hotspot,87,0x1.ebc0e421d6bd8p-11,2;18;23,6;32
20201014.gml.geo,primary,hotspot,88,0x1.ebc0e421d6bd8p-11,2;18;24,6;33
20201014.gml.geo,primary,hotspot,89,0x1.ebc0e421d6bd8p-11,2;18;25,6;34
20201014.gml.geo,primary,hotspot,90,0x1.ebc0e421d6bd8p-11,2;18;26,6;35
20201014.gml.geo,primary,hotspot,91,0x1.ebc0e421d6bd8p-11,2;18;27,6;36
20201014.gml.geo,primary,hotspot,92,0x1.33019dfbaad68p-10,2;18;28,6;37
20201014.gml.geo,primary,hotspot,93,0x1.ebc0e421d6bd8p-11,2;18;29,6;38
20201014.gml.geo,primary,hotspot,94,0x1.ebc0e421d6bd8p-11,2;18;30,6;39
20201014.gml.geo,primary,hotspot,95,0x1.476201f49553cp-10,3;18;0,7;2
20201014.gml.geo,primary,hotspot,96,0x1.ebc0e421d6bd8p-11,3;18;1,7;5
20201014.gml.geo,primary,hotspot,97,0x1.ebc0e421d6bd8p-11,3;18;2,7;6
20201014.gml.geo,primary,hotspot,98,0x1.ebc0e421d6bd8p-11,3;18;4,7;8
20201014.gml.geo,primary,hotspot,99,0x1.ebc0e421d6bd8p-11,3;18;5,7;9
20201014.gml.geo,primary,hotspot,100,0x1.0a40d609d5dc0p-10,3;18;6,7;11
20201014.gml.geo,primary,hotspot,101,0x1.7022c9e66a4e4p-10,3;18;7,7;14
20201014.gml.geo,primary,hotspot,102,0x1.ebc0e421d6bd8p-11,3;18;8,7;17
20201014.gml.geo,primary,hotspot,103,0x1.ebc0e421d6bd8p-11,3;18;9,7;18
20201014.gml.geo,primary,hotspot,104,0x1.ebc0e421d6bd8p-11,3;18;10,7;19
20201014.gml.geo,primary,hotspot,105,0x1.0a40d609d5dc0p-10,3;18;11,7;20
20201014.gml.geo,primary,hotspot,106,0x1.33019dfbaad68p-10,3;18;12,7;21
20201014.gml.geo,primary,hotspot,107,0x1.ebc0e421d6bd8p-11,3;18;13,7;23
20201014.gml.geo,primary,hotspot,108,0x1.ebc0e421d6bd8p-11,3;18;14,7;24
20201014.gml.geo,primary,hotspot,109,0x1.ebc0e421d6bd8p-11,3;18;15,7;25
20201014.gml.geo,primary,hotspot,110,0x1.ebc0e421d6bd8p-11,3;18;16,7;26
20201014.gml.geo,primary,hotspot,111,0x1.ebc0e421d6bd8p-11,3;18;17,7;27
20201014.gml.geo,primary,hotspot,112,0x1.a265e2a1bdc77p-9,3;18,7
20201014.gml.geo,primary,hotspot,113,0x1.33019dfbaad68p-10,3;18;19,7;28
20201014.gml.geo,primary,hotspot,114,0x1.33019dfbaad68p-10,3;18;20,7;29
20201014.gml.geo,primary,hotspot,115,0x1.ebc0e421d6bd8p-11,3;18;21,7;30
20201014.gml.geo,primary,hotspot,116,0x1.ebc0e421d6bd8p-11,3;18;22,7;31
20201014.gml.geo,primary,hotspot,117,0x1.ebc0e421d6bd8p-11,3;18;23,7;32
20201014.gml.geo,primary,hotspot,118,0x1.ebc0e421d6bd8p-11,3;18;24,7;33
20201014.gml.geo,primary,hotspot,119,0x1.ebc0e421d6bd8p-11,3;18;25,7;34
20201014.gml.geo,primary,hotspot,120,0x1.ebc0e421d6bd8p-11,3;18;26,7;35
20201014.gml.geo,primary,hotspot,121,0x1.ebc0e421d6bd8p-11,3;18;27,7;36
20201014.gml.geo,primary,hotspot,122,0x1.33019dfbaad68p-10,3;18;28,7;37
20201014.gml.geo,primary,hotspot,123,0x1.ebc0e421d6bd8p-11,3;18;29,7;38
20201014.gml.geo,primary,hotspot,124,0x1.ebc0e421d6bd8p-11,3;18;30,7;39
20201014.gml.geo,primary,hotspot,125,0x1.476201f49553cp-10,4;18;0,8;2
20201014.gml.geo,primary,hotspot,126,0x1.ebc0e421d6bd8p-11,4;18;1,8;5
20201014.gml.geo,primary,hotspot,127,0x1.ebc0e421d6bd8p-11,4;18;2,8;6
20201014.gml.geo,primary,hotspot,128,0x1.ebc0e421d6bd8p-11,4;18;3,8;7
20201014.gml.geo,primary,hotspot,129,0x1.ebc0e421d6bd8p-11,4;18;5,8;9
20201014.gml.geo,primary,hotspot,130,0x1.0a40d609d5dc0p-10,4;18;6,8;11
20201014.gml.geo,primary,hotspot,131,0x1.7022c9e66a4e4p-10,4;18;7,8;14
20201014.gml.geo,primary,hotspot,132,0x1.ebc0e421d6bd8p-11,4;18;8,8;17
20201014.gml.geo,primary,hotspot,133,0x1.ebc0e421d6bd8p-11,4;18;9,8;18
20201014.gml.geo,primary,hotspot,134,0x1.ebc0e421d6bd8p-11,4;18;10,8;19
20201014.gml.geo,primary,hotspot,135,0x1.0a40d609d5dc0p-10,4;18;11,8;20
20201014.gml.geo,primary,hotspot,136,0x1.33019dfbaad68p-10,4;18;12,8;21
20201014.gml.geo,primary,hotspot,137,0x1.ebc0e421d6bd8p-11,4;18;13,8;23
20201014.gml.geo,primary,hotspot,138,0x1.ebc0e421d6bd8p-11,4;18;14,8;24
20201014.gml.geo,primary,hotspot,139,0x1.ebc0e421d6bd8p-11,4;18;15,8;25
20201014.gml.geo,primary,hotspot,140,0x1.ebc0e421d6bd8p-11,4;18;16,8;26
20201014.gml.geo,primary,hotspot,141,0x1.ebc0e421d6bd8p-11,4;18;17,8;27
20201014.gml.geo,primary,hotspot,142,0x1.a265e2a1bdc77p-9,4;18,8
20201014.gml.geo,primary,hotspot,143,0x1.33019dfbaad68p-10,4;18;19,8;28
20201014.gml.geo,primary,hotspot,144,0x1.33019dfbaad68p-10,4;18;20,8;29
20201014.gml.geo,primary,hotspot,145,0x1.ebc0e421d6bd8p-11,4;18;21,8;30
20201014.gml.geo,primary,hotspot,146,0x1.ebc0e421d6bd8p-11,4;18;22,8;31
20201014.gml.geo,primary,hotspot,147,0x1.ebc0e421d6bd8p-11,4;18;23,8;32
20201014.gml.geo,primary,hotspot,148,0x1.ebc0e421d6bd8p-11,4;18;24,8;33
20201014.gml.geo,primary,hotspot,149,0x1.ebc0e421d6bd8p-11,4;18;25,8;34
20201014.gml.geo,primary,hotspot,150,0x1.ebc0e421d6bd8p-11,4;18;26,8;35
20201014.gml.geo,primary,hotspot,151,0x1.ebc0e421d6bd8p-11,4;18;27,8;36
20201014.gml.geo,primary,hotspot,152,0x1.33019dfbaad68p-10,4;18;28,8;37
20201014.gml.geo,primary,hotspot,153,0x1.ebc0e421d6bd8p-11,4;18;29,8;38
20201014.gml.geo,primary,hotspot,154,0x1.ebc0e421d6bd8p-11,4;18;30,8;39
20201014.gml.geo,primary,hotspot,155,0x1.476201f49553cp-10,5;18;0,9;2
20201014.gml.geo,primary,hotspot,156,0x1.ebc0e421d6bd8p-11,5;18;1,9;5
20201014.gml.geo,primary,hotspot,157,0x1.ebc0e421d6bd8p-11,5;18;2,9;6
20201014.gml.geo,primary,hotspot,158,0x1.ebc0e421d6bd8p-11,5;18;3,9;7
20201014.gml.geo,primary,hotspot,159,0x1.ebc0e421d6bd8p-11,5;18;4,9;8
20201014.gml.geo,primary,hotspot,160,0x1.0a40d609d5dc0p-10,5;18;6,9;11
20201014.gml.geo,primary,hotspot,161,0x1.7022c9e66a4e4p-10,5;18;7,9;14
20201014.gml.geo,primary,hotspot,162,0x1.ebc0e421d6bd8p-11,5;18;8,9;17
20201014.gml.geo,primary,hotspot,163,0x1.ebc0e421d6bd8p-11,5;18;9,9;18
20201014.gml.geo,primary,hotspot,164,0x1.ebc0e421d6bd8p-11,5;18;10,9;19
20201014.gml.geo,primary,hotspot,165,0x1.0a40d609d5dc0p-10,5;18;11,9;20
20201014.gml.geo,primary,hotspot,166,0x1.33019dfbaad68p-10,5;18;12,9;21
20201014.gml.geo,primary,hotspot,167,0x1.ebc0e421d6bd8p-11,5;18;13,9;23
20201014.gml.geo,primary,hotspot,168,0x1.ebc0e421d6bd8p-11,5;18;14,9;24
20201014.gml.geo,primary,hotspot,169,0x1.ebc0e421d6bd8p-11,5;18;15,9;25
20201014.gml.geo,primary,hotspot,170,0x1.ebc0e421d6bd8p-11,5;18;16,9;26
20201014.gml.geo,primary,hotspot,171,0x1.ebc0e421d6bd8p-11,5;18;17,9;27
20201014.gml.geo,primary,hotspot,172,0x1.a265e2a1bdc77p-9,5;18,9
20201014.gml.geo,primary,hotspot,173,0x1.33019dfbaad68p-10,5;18;19,9;28
20201014.gml.geo,primary,hotspot,174,0x1.33019dfbaad68p-10,5;18;20,9;29
20201014.gml.geo,primary,hotspot,175,0x1.ebc0e421d6bd8p-11,5;18;21,9;30
20201014.gml.geo,primary,hotspot,176,0x1.ebc0e421d6bd8p-11,5;18;22,9;31
20201014.gml.geo,primary,hotspot,177,0x1.ebc0e421d6bd8p-11,5;18;23,9;32
20201014.gml.geo,primary,hotspot,178,0x1.ebc0e421d6bd8p-11,5;18;24,9;33
20201014.gml.geo,primary,hotspot,179,0x1.ebc0e421d6bd8p-11,5;18;25,9;34
20201014.gml.geo,primary,hotspot,180,0x1.ebc0e421d6bd8p-11,5;18;26,9;35
20201014.gml.geo,primary,hotspot,181,0x1.ebc0e421d6bd8p-11,5;18;27,9;36
20201014.gml.geo,primary,hotspot,182,0x1.33019dfbaad68p-10,5;18;28,9;37
20201014.gml.geo,primary,hotspot,183,0x1.ebc0e421d6bd8p-11,5;18;29,9;38
20201014.gml.geo,primary,hotspot,184,0x1.ebc0e421d6bd8p-11,5;18;30,9;39
20201014.gml.geo,primary,hotspot,185,0x1.48a0148a0148ap-11,6;7;0,10;0
20201014.gml.geo,primary,hotspot,186,0x1.48a0148a0148ap-11,6;18;0,11;2
20201014.gml.geo,primary,hotspot,187,0x1.ec401ec401ec4p-11,6;18;1,11;5
20201014.gml.geo,primary,hotspot,188,0x1.ec401ec401ec4p-11,6;18;2,11;6
20201014.gml.geo,primary,hotspot,189,0x1.ec401ec401ec4p-11,6;18;3,11;7
20201014.gml.geo,primary,hotspot,190,0x1.ec401ec401ec4p-11,6;18;4,11;8
20201014.gml.geo,primary,hotspot,191,0x1.ec401ec401ec4p-11,6;18;5,11;9
20201014.gml.geo,primary,hotspot,192,0x1.71e0171e0171ep-10,6;7,10
20201014.gml.geo,primary,hotspot,193,0x1.ec401ec401ec4p-11,6;18;8,11;17
20201014.gml.geo,primary,hotspot,194,0x1.ec401ec401ec4p-11,6;18;9,11;18
20201014.gml.geo,primary,hotspot,195,0x1.ec401ec401ec4p-11,6;18;10,11;19
20201014.gml.geo,primary,hotspot,196,0x1.0ac010ac010acp-11,6;7;11,10;12
20201014.gml.geo,primary,hotspot,197,0x1.0ac010ac010acp-11,6;18;11,11;20
20201014.gml.geo,primary,hotspot,198,0x1.3400134001340p-11,6;7;12,10;13
20201014.gml.geo,primary,hotspot,199,0x1.3400134001340p-11,6;18;12,11;21
20201014.gml.geo,primary,hotspot,200,0x1.ec401ec401ec4p-11,6;18;13,11;23
20201014.gml.geo,primary,hotspot,201,0x1.ec401ec401ec4p-11,6;18;14,11;24
20201014.gml.geo,primary,hotspot,202,0x1.ec401ec401ec4p-11,6;18;15,11;25
20201014.gml.geo,primary,hotspot,203,0x1.ec401ec401ec4p-11,6;18;16,11;26
20201014.gml.geo,primary,hotspot,204,0x1.ec401ec401ec4p-11,6;18;17,11;27
20201014.gml.geo,primary,hotspot,205,0x1.a6201a6201a62p-9,6;18,11
20201014.gml.geo,primary,hotspot,206,0x1.3400134001340p-10,6;18;19,11;28
20201014.gml.geo,primary,hotspot,207,0x1.3400134001340p-11,6;7;20,10;15
20201014.gml.geo,primary,hotspot,208,0x1.3400134001340p-11,6;18;20,11;29
20201014.gml.geo,primary,hotspot,209,0x1.ec401ec401ec4p-11,6;18;21,11;30
20201014.gml.geo,primary,hotspot,210,0x1.ec401ec401ec4p-11,6;18;22,11;31
20201014.gml.geo,primary,hotspot,211,0x1.ec401ec401ec4p-11,6;18;23,11;32
20201014.gml.geo,primary,hotspot,212,0x1.ec401ec401ec4p-11,6;18;24,11;33
20201014.gml.geo,primary,hotspot,213,0x1.ec401ec401ec4p-11,6;18;25,11;34
20201014.gml.geo,primary,hotspot,214,0x1.ec401ec401ec4p-11,6;18;26,11;35
20201014.gml.geo,primary,hotspot,215,0x1.ec401ec401ec4p-11,6;18;27,11;36
20201014.gml.geo,primary,hotspot,216,0x1.3400134001340p-11,6;7;28,10;16
20201014.gml.geo,primary,hotspot,217,0x1.3400134001340p-11,6;18;28,11;37
20201014.gml.geo,primary,hotspot,218,0x1.ec401ec401ec4p-11,6;18;29,11;38
20201014.gml.geo,primary,hotspot,219,0x1.ec401ec401ec4p-11,6;18;30,11;39
20201014.gml.geo,primary,hotspot,220,0x1.4f525e19b82acp-10,7;0,0
20201014.gml.geo,primary,hotspot,221,0x1.eeedd5ca4b138p-11,7;18;1,14;5
20201014.gml.geo,primary,hotspot,222,0x1.eeedd5ca4b138p-11,7;18;2,14;6
20201014.gml.geo,primary,hotspot,223,0x1.eeedd5ca4b138p-11,7;18;3,14;7
20201014.gml.geo,primary,hotspot,224,0x1.eeedd5ca4b138p-11,7;18;4,14;8
20201014.gml.geo,primary,hotspot,225,0x1.eeedd5ca4b138p-11,7;18;5,14;9
20201014.gml.geo,primary,hotspot,226,0x1.0d6dc7b24a320p-10,7;6,10
20201014.gml.geo,primary,hotspot,227,0x1.eeedd5ca4b138p-11,7;18;8,14;17
20201014.gml.geo,primary,hotspot,228,0x1.eeedd5ca4b138p-11,7;18;9,14;18
20201014.gml.geo,primary,hotspot,229,0x1.eeedd5ca4b138p-11,7;18;10,14;19
20201014.gml.geo,primary,hotspot,230,0x1.0d6dc7b24a320p-10,7;11,12
20201014.gml.geo,primary,hotspot,231,0x1.395b814c93828p-10,7;12,13
20201014.gml.geo,primary,hotspot,232,0x1.eeedd5ca4b138p-11,7;18;13,14;23
20201014.gml.geo,primary,hotspot,233,0x1.eeedd5ca4b138p-11,7;18;14,14;24
20201014.gml.geo,primary,hotspot,234,0x1.eeedd5ca4b138p-11,7;18;15,14;25
20201014.gml.geo,primary,hotspot,235,0x1.eeedd5ca4b138p-11,7;18;16,14;26
20201014.gml.geo,primary,hotspot,236,0x1.eeedd5ca4b138p-11,7;18;17,14;27
20201014.gml.geo,primary,hotspot,237,0x1.ba36f711264c8p-9,7;18,14
20201014.gml.geo,primary,hotspot,238,0x1.395b814c93828p-12,7;12;19,13;22
20201014.gml.geo,primary,hotspot,239,0x1.395b814c93828p-12,7;18;19,14;28
20201014.gml.geo,primary,hotspot,240,0x1.395b814c93828p-12,7;20;19,15;40
20201014.gml.geo,primary,hotspot,241,0x1.395b814c93828p-12,7;28;19,16;41
20201014.gml.geo,primary,hotspot,242,0x1.395b814c93828p-10,7;20,15
20201014.gml.geo,primary,hotspot,243,0x1.eeedd5ca4b138p-11,7;18;21,14;30
20201014.gml.geo,primary,hotspot,244,0x1.eeedd5ca4b138p-11,7;18;22,14;31
20201014.gml.geo,primary,hotspot,245,0x1.eeedd5ca4b138p-11,7;18;23,14;32
20201014.gml.geo,primary,hotspot,246,0x1.eeedd5ca4b138p-11,7;18;24,14;33
20201014.gml.geo,primary,hotspot,247,0x1.eeedd5ca4b138p-11,7;18;25,14;34
20201014.gml.geo,primary,hotspot,248,0x1.eeedd5ca4b138p-11,7;18;26,14;35
20201014.gml.geo,primary,hotspot,249,0x1.eeedd5ca4b138p-11,7;18;27,14;36
20201014.gml.geo,primary,hotspot,250,0x1.395b814c93828p-10,7;28,16
20201014.gml.geo,primary,hotspot,251,0x1.eeedd5ca4b138p-11,7;18;29,14;38
20201014.gml.geo,primary,hotspot,252,0x1.eeedd5ca4b138p-11,7;18;30,14;39
20201014.gml.geo,primary,hotspot,253,0x1.476201f49553cp-10,8;18;0,17;2
20201014.gml.geo,primary,hotspot,254,0x1.ebc0e421d6bd8p-11,8;18;1,17;5
20201014.gml.geo,primary,hotspot,255,0x1.ebc0e421d6bd8p-11,8;18;2,17;6
20201014.gml.geo,primary,hotspot,256,0x1.ebc0e421d6bd8p-11,8;18;3,17;7
20201014.gml.geo,primary,hotspot,257,0x1.ebc0e421d6bd8p-11,8;18;4,17;8
20201014.gml.geo,primary,hotspot,258,0x1.ebc0e421d6bd8p-11,8;18;5,17;9
20201014.gml.geo,primary,hotspot,259,0x1.0a40d609d5dc0p-10,8;18;6,17;11
20201014.gml.geo,primary,hotspot,260,0x1.7022c9e66a4e4p-10,8;18;7,17;14
20201014.gml.geo,primary,hotspot,261,0x1.ebc0e421d6bd8p-11,8;18;9,17;18
20201014.gml.geo,primary,hotspot,262,0x1.ebc0e421d6bd8p-11,8;18;10,17;19
20201014.gml.geo,primary,hotspot,263,0x1.0a40d609d5dc0p-10,8;18;11,17;20
20201014.gml.geo,primary,hotspot,264,0x1.33019dfbaad68p-10,8;18;12,17;21
20201014.gml.geo,primary,hotspot,265,0x1.ebc0e421d6bd8p-11,8;18;13,17;23
20201014.gml.geo,primary,hotspot,266,0x1.ebc0e421d6bd8p-11,8;18;14,17;24
20201014.gml.geo,primary,hotspot,267,0x1.ebc0e421d6bd8p-11,8;18;15,17;25
20201014.gml.geo,primary,hotspot,268,0x1.ebc0e421d6bd8p-11,8;18;16,17;26
20201014.gml.geo,primary,hotspot,269,0x1.ebc0e421d6bd8p-11,8;18;17,17;27
20201014.gml.geo,primary,hotspot,270,0x1.a265e2a1bdc77p-9,8;18,17
20201014.gml.geo,primary,hotspot,271,0x1.33019dfbaad68p-10,8;18;19,17;28
20201014.gml.geo,primary,hotspot,272,0x1.33019dfbaad68p-10,8;18;20,17;29
20201014.gml.geo,primary,hotspot,273,0x1.ebc0e421d6bd8p-11,8;18;21,17;30
20201014.gml.geo,primary,hotspot,274,0x1.ebc0e421d6bd8p-11,8;18;22,17;31
20201014.gml.geo,primary,hotspot,275,0x1.ebc0e421d6bd8p-11,8;18;23,17;32
20201014.gml.geo,primary,hotspot,276,0x1.ebc0e421d6bd8p-11,8;18;24,17;33
20201014.gml.geo,primary,hotspot,277,0x1.ebc0e421d6bd8p-11,8;18;25,17;34
20201014.gml.geo,primary,hotspot,278,0x1.ebc0e421d6bd8p-11,8;18;26,17;35
20201014.gml.geo,primary,hotspot,279,0x1.ebc0e421d6bd8p-11,8;18;27,17;36
20201014.gml.geo,primary,hotspot,280,0x1.33019dfbaad68p-10,8;18;28,17;37
20201014.gml.geo,primary,hotspot,281,0x1.ebc0e421d6bd8p-11,8;18;29,17;38
20201014.gml.geo,primary,hotspot,282,0x1.ebc0e421d6bd8p-11,8;18;30,17;39
20201014.gml.geo,primary,hotspot,283,0x1.476201f49553cp-10,9;18;0,18;2
20201014.gml.geo,primary,hotspot,284,0x1.ebc0e421d6bd8p-11,9;18;1,18;5
20201014.gml.geo,primary,hotspot,285,0x1.ebc0e421d6bd8p-11,9;18;2,18;6
20201014.gml.geo,primary,hotspot,286,0x1.ebc0e421d6bd8p-11,9;18;3,18;7
20201014.gml.geo,primary,hotspot,287,0x1.ebc0e421d6bd8p-11,9;18;4,18;8
20201014.gml.geo,primary,hotspot,288,0x1.ebc0e421d6bd8p-11,9;18;5,18;9
20201014.gml.geo,primary,hotspot,289,0x1.0a40d609d5dc0p-10,9;18;6,18;11
20201014.gml.geo,primary,hotspot,290,0x1.7022c9e66a4e4p-10,9;18;7,18;14
20201014.gml.geo,primary,hotspot,291,0x1.ebc0e421d6bd8p-11,9;18;8,18;17
20201014.gml.geo,primary,hotspot,292,0x1.ebc0e421d6bd8p-11,9;18;10,18;19
20201014.gml.geo,primary,hotspot,293,0x1.0a40d609d5dc0p-10,9;18;11,18;20
20201014.gml.geo,primary,hotspot,294,0x1.33019dfbaad68p-10,9;18;12,18;21
20201014.gml.geo,primary,hotspot,295,0x1.ebc0e421d6bd8p-11,9;18;13,18;23
20201014.gml.geo,primary,hotspot,296,0x1.ebc0e421d6bd8p-11,9;18;14,18;24
20201014.gml.geo,primary,hotspot,297,0x1.ebc0e421d6bd8p-11,9;18;15,18;25
20201014.gml.geo,primary,hotspot,298,0x1.ebc0e421d6bd8p-11,9;18;16,18;26
20201014.gml.geo,primary,hotspot,299,0x1.ebc0e421d6bd8p-11,9;18;17,18;27
20201014.gml.geo,primary,hotspot,300,0x1.a265e2a1bdc77p-9,9;18,18
20201014.gml.geo,primary,hotspot,301,0x1.33019dfbaad68p-10,9;18;19,18;28
20201014.gml.geo,primary,hotspot,302,0x1.33019dfbaad68p-10,9;18;20,18;29
20201014.gml.geo,primary,hotspot,303,0x1.ebc0e421d6bd8p-11,9;18;21,18;30
20201014.gml.geo,primary,hotspot,304,0x1.ebc0e421d6bd8p-11,9;18;22,18;31
20201014.gml.geo,primary,hotspot,305,0x1.ebc0e421d6bd8p-11,9;18;23,18;32
20201014.gml.geo,primary,hotspot,306,0x1.ebc0e421d6bd8p-11,9;18;24,18;33
20201014.gml.geo,primary,hotspot,307,0x1.ebc0e421d6bd8p-11,9;18;25,18;34
20201014.gml.geo,primary,hotspot,308,0x1.ebc0e421d6bd8p-11,9;18;26,18;35
20201014.gml.geo,primary,hotspot,309,0x1.ebc0e421d6bd8p-11,9;18;27,18;36
20201014.gml.geo,primary,hotspot,310,0x1.33019dfbaad68p-10,9;18;28,18;37
20201014.gml.geo,primary,hotspot,311,0x1.ebc0e421d6bd8p-11,9;18;29,18;38
20201014.gml.geo,primary,hotspot,312,0x1.ebc0e421d6bd8p-11,9;18;30,18;39
20201014.gml.geo,primary,hotspot,313,0x1.476201f49553cp-10,10;18;0,19;2
20201014.gml.geo,primary,hotspot,314,0x1.ebc0e421d6bd8p-11,10;18;1,19;5
20201014.gml.geo,primary,hotspot,315,0x1.ebc0e421d6bd8p-11,10;18;2,19;6
20201014.gml.geo,primary,hotspot,316,0x1.ebc0e421d6bd8p-11,10;18;3,19;7
20201014.gml.geo,primary,hotspot,317,0x1.ebc0e421d6bd8p-11,10;18;4,19;8
20201014.gml.geo,primary,hotspot,318,0x1.ebc0e421d6bd8p-11,10;18;5,19;9
20201014.gml.geo,primary,hotspot,319,0x1.0a40d609d5dc0p-10,10;18;6,19;11
20201014.gml.geo,primary,hotspot,320,0x1.7022c9e66a4e4p-10,10;18;7,19;14
20201014.gml.geo,primary,hotspot,321,0x1.ebc0e421d6bd8p-11,10;18;8,19;17
20201014.gml.geo,primary,hotspot,322,0x1.ebc0e421d6bd8p-11,10;18;9,19;18
20201014.gml.geo,primary,hotspot,323,0x1.0a40d609d5dc0p-10,10;18;11,19;20
20201014.gml.geo,primary,hotspot,324,0x1.33019dfbaad68p-10,10;18;12,19;21
20201014.gml.geo,primary,hotspot,325,0x1.ebc0e421d6bd8p-11,10;18;13,19;23
20201014.gml.geo,primary,hotspot,326,0x1.ebc0e421d6bd8p-11,10;18;14,19;24
20201014.gml.geo,primary,hotspot,327,0x1.ebc0e421d6bd8p-11,10;18;15,19;25
20201014.gml.geo,primary,hotspot,328,0x1.ebc0e421d6bd8p-11,10;18;16,19;26
20201014.gml.geo,primary,hotspot,329,0x1.ebc0e421d6bd8p-11,10;18;17,19;27
20201014.gml.geo,primary,hotspot,330,0x1.a265e2a1bdc77p-9,10;18,19
20201014.gml.geo,primary,hotspot,331,0x1.33019dfbaad68p-10,10;18;19,19;28
20201014.gml.geo,primary,hotspot,332,0x1.33019dfbaad68p-10,10;18;20,19;29
20201014.gml.geo,primary,hotspot,333,0x1.ebc0e421d6bd8p-11,10;18;21,19;30
20201014.gml.geo,primary,hotspot,334,0x1.ebc0e421d6bd8p-11,10;18;22,19;31
20201014.gml.geo,primary,hotspot,335,0x1.ebc0e421d6bd8p-11,10;18;23,19;32
20201014.gml.geo,primary,hotspot,336,0x1.ebc0e421d6bd8p-11,10;18;24,19;33
20201014.gml.geo,primary,hotspot,337,0x1.ebc0e421d6bd8p-11,10;18;25,19;34
20201014.gml.geo,primary,hotspot,338,0x1.ebc0e421d6bd8p-11,10;18;26,19;35
20201014.gml.geo,primary,hotspot,339,0x1.ebc0e421d6bd8p-11,10;18;27,19;36
20201014.gml.geo,primary,hotspot,340,0x1.33019dfbaad68p-10,10;18;28,19;37
20201014.gml.geo,primary,hotspot,341,0x1.ebc0e421d6bd8p-11,10;18;29,19;38
20201014.gml.geo,primary,hotspot,342,0x1.ebc0e421d6bd8p-11,10;18;30,19;39
20201014.gml.geo,primary,hotspot,343,0x1.48a0148a0148ap-11,11;7;0,12;0
20201014.gml.geo,primary,hotspot,344,0x1.48a0148a0148ap-11,11;18;0,20;2
20201014.gml.geo,primary,hotspot,345,0x1.ec401ec401ec4p-11,11;18;1,20;5
20201014.gml.geo,primary,hotspot,346,0x1.ec401ec401ec4p-11,11;18;2,20;6
20201014.gml.geo,primary,hotspot,347,0x1.ec401ec401ec4p-11,11;18;3,20;7
20201014.gml.geo,primary,hotspot,348,0x1.ec401ec401ec4p-11,11;18;4,20;8
20201014.gml.geo,primary,hotspot,349,0x1.ec401ec401ec4p-11,11;18;5,20;9
20201014.gml.geo,primary,hotspot,350,0x1.0ac010ac010acp-11,11;7;6,12;10
20201014.gml.geo,primary,hotspot,351,0x1.0ac010ac010acp-11,11;18;6,20;11
20201014.gml.geo,primary,hotspot,352,0x1.71e0171e0171ep-10,11;7,12
20201014.gml.geo,primary,hotspot,353,0x1.ec401ec401ec4p-11,11;18;8,20;17
20201014.gml.geo,primary,hotspot,354,0x1.ec401ec401ec4p-11,11;18;9,20;18
20201014.gml.geo,primary,hotspot,355,0x1.ec401ec401ec4p-11,11;18;10,20;19
20201014.gml.geo,primary,hotspot,356,0x1.3400134001340p-11,11;7;12,12;13
20201014.gml.geo,primary,hotspot,357,0x1.3400134001340p-11,11;18;12,20;21
20201014.gml.geo,primary,hotspot,358,0x1.ec401ec401ec4p-11,11;18;13,20;23
20201014.gml.geo,primary,hotspot,359,0x1.ec401ec401ec4p-11,11;18;14,20;24
20201014.gml.geo,primary,hotspot,360,0x1.ec401ec401ec4p-11,11;18;15,20;25
20201014.gml.geo,primary,hotspot,361,0x1.ec401ec401ec4p-11,11;18;16,20;26
20201014.gml.geo,primary,hotspot,362,0x1.ec401ec401ec4p-11,11;18;17,20;27
20201014.gml.geo,primary,hotspot,363,0x1.a6201a6201a62p-9,11;18,20
20201014.gml.geo,primary,hotspot,364,0x1.3400134001340p-10,11;18;19,20;28
20201014.gml.geo,primary,hotspot,365,0x1.3400134001340p-11,11;7;20,12;15
20201014.gml.geo,primary,hotspot,366,0x1.3400134001340p-11,11;18;20,20;29
20201014.gml.geo,primary,hotspot,367,0x1.ec401ec401ec4p-11,11;18;21,20;30
20201014.gml.geo,primary,hotspot,368,0x1.ec401ec401ec4p-11,11;18;22,20;31
20201014.gml.geo,primary,hotspot,369,0x1.ec401ec401ec4p-11,11;18;23,20;32
20201014.gml.geo,primary,hotspot,370,0x1.ec401ec401ec4p-11,11;18;24,20;33
20201014.gml.geo,primary,hotspot,371,0x1.ec401ec401ec4p-11,11;18;25,20;34
20201014.gml.geo,primary,hotspot,372,0x1.ec401ec401ec4p-11,11;18;26,20;35
20201014.gml.geo,primary,hotspot,373,0x1.ec401ec401ec4p-11,11;18;27,20;36
20201014.gml.geo,primary,hotspot,374,0x1.3400134001340p-11,11;7;28,12;16
20201014.gml.geo,primary,hotspot,375,0x1.3400134001340p-11,11;18;28,20;37
20201014.gml.geo,primary,hotspot,376,0x1.ec401ec401ec4p-11,11;18;29,20;38
20201014.gml.geo,primary,hotspot,377,0x1.ec401ec401ec4p-11,11;18;30,20;39
20201014.gml.geo,primary,hotspot,378,0x1.4b3414b3414b3p-10,12;0,1
20201014.gml.geo,primary,hotspot,379,0x1.ed481ed481ed4p-11,12;18;1,21;5
20201014.gml.geo,primary,hotspot,380,0x1.ed481ed481ed4p-11,12;18;2,21;6
20201014.gml.geo,primary,hotspot,381,0x1.ed481ed481ed4p-11,12;18;3,21;7
20201014.gml.geo,primary,hotspot,382,0x1.ed481ed481ed4p-11,12;18;4,21;8
20201014.gml.geo,primary,hotspot,383,0x1.ed481ed481ed4p-11,12;18;5,21;9
20201014.gml.geo,primary,hotspot,384,0x1.0bc810bc810bcp-11,12;7;6,13;10
20201014.gml.geo,primary,hotspot,385,0x1.0bc810bc810bcp-11,12;18;6,21;11
20201014.gml.geo,primary,hotspot,386,0x1.757c1757c1758p-10,12;7,13
20201014.gml.geo,primary,hotspot,387,0x1.ed481ed481ed4p-11,12;18;8,21;17
20201014.gml.geo,primary,hotspot,388,0x1.ed481ed481ed4p-11,12;18;9,21;18
20201014.gml.geo,primary,hotspot,389,0x1.ed481ed481ed4p-11,12;18;10,21;19
20201014.gml.geo,primary,hotspot,390,0x1.0bc810bc810bcp-11,12;7;11,13;12
20201014.gml.geo,primary,hotspot,391,0x1.0bc810bc810bcp-11,12;18;11,21;20
20201014.gml.geo,primary,hotspot,392,0x1.ed481ed481ed4p-11,12;18;13,21;23
20201014.gml.geo,primary,hotspot,393,0x1.ed481ed481ed4p-11,12;18;14,21;24
20201014.gml.geo,primary,hotspot,394,0x1.ed481ed481ed4p-11,12;18;15,21;25
20201014.gml.geo,primary,hotspot,395,0x1.ed481ed481ed4p-11,12;18;16,21;26
20201014.gml.geo,primary,hotspot,396,0x1.ed481ed481ed4p-11,12;18;17,21;27
20201014.gml.geo,primary,hotspot,397,0x1.addc1addc1adep-9,12;18,21
20201014.gml.geo,primary,hotspot,398,0x1.3610136101361p-10,12;19,22
20201014.gml.geo,primary,hotspot,399,0x1.3610136101361p-12,12;0;20,1;3
20201014.gml.geo,primary,hotspot,400,0x1.3610136101361p-12,12;7;20,13;15
20201014.gml.geo,primary,hotspot,401,0x1.3610136101361p-12,12;18;20,21;29
20201014.gml.geo,primary,hotspot,402,0x1.3610136101361p-12,12;19;20,22;40
20201014.gml.geo,primary,hotspot,403,0x1.ed481ed481ed4p-11,12;18;21,21;30
20201014.gml.geo,primary,hotspot,404,0x1.ed481ed481ed4p-11,12;18;22,21;31
20201014.gml.geo,primary,hotspot,405,0x1.ed481ed481ed4p-11,12;18;23,21;32
20201014.gml.geo,primary,hotspot,406,0x1.ed481ed481ed4p-11,12;18;24,21;33
20201014.gml.geo,primary,hotspot,407,0x1.ed481ed481ed4p-11,12;18;25,21;34
20201014.gml.geo,primary,hotspot,408,0x1.ed481ed481ed4p-11,12;18;26,21;35
20201014.gml.geo,primary,hotspot,409,0x1.ed481ed481ed4p-11,12;18;27,21;36
20201014.gml.geo,primary,hotspot,410,0x1.3610136101361p-12,12;0;28,1;4
20201014.gml.geo,primary,hotspot,411,0x1.3610136101361p-12,12;7;28,13;16
20201014.gml.geo,primary,hotspot,412,0x1.3610136101361p-12,12;18;28,21;37
20201014.gml.geo,primary,hotspot,413,0x1.3610136101361p-12,12;19;28,22;41
20201014.gml.geo,primary,hotspot,414,0x1.ed481ed481ed4p-11,12;18;29,21;38
20201014.gml.geo,primary,hotspot,415,0x1.ed481ed481ed4p-11,12;18;30,21;39
20201014.gml.geo,primary,hotspot,416,0x1.476201f49553cp-10,13;18;0,23;2
20201014.gml.geo,primary,hotspot,417,0x1.ebc0e421d6bd8p-11,13;18;1,23;5
20201014.gml.geo,primary,hotspot,418,0x1.ebc0e421d6bd8p-11,13;18;2,23;6
20201014.gml.geo,primary,hotspot,419,0x1.ebc0e421d6bd8p-11,13;18;3,23;7
20201014.gml.geo,primary,hotspot,420,0x1.ebc0e421d6bd8p-11,13;18;4,23;8
20201014.gml.geo,primary,hotspot,421,0x1.ebc0e421d6bd8p-11,13;18;5,23;9
20201014.gml.geo,primary,hotspot,422,0x1.0a40d609d5dc0p-10,13;18;6,23;11
20201014.gml.geo,primary,hotspot,423,0x1.7022c9e66a4e4p-10,13;18;7,23;14
20201014.gml.geo,primary,hotspot,424,0x1.ebc0e421d6bd8p-11,13;18;8,23;17
20201014.gml.geo,primary,hotspot,425,0x1.ebc0e421d6bd8p-11,13;18;9,23;18
20201014.gml.geo,primary,hotspot,426,0x1.ebc0e421d6bd8p-11,13;18;10,23;19
20201014.gml.geo,primary,hotspot,427,0x1.0a40d609d5dc0p-10,13;18;11,23;20
20201014.gml.geo,primary,hotspot,428,0x1.33019dfbaad68p-10,13;18;12,23;21
20201014.gml.geo,primary,hotspot,429,0x1.ebc0e421d6bd8p-11,13;18;14,23;24
20201014.gml.geo,primary,hotspot,430,0x1.ebc0e421d6bd8p-11,13;18;15,23;25
20201014.gml.geo,primary,hotspot,431,0x1.ebc0e421d6bd8p-11,13;18;16,23;26
20201014.gml.geo,primary,hotspot,432,0x1.ebc0e421d6bd8p-11,13;18;17,23;27
20201014.gml.geo,primary,hotspot,433,0x1.a265e2a1bdc77p-9,13;18,23
20201014.gml.geo,primary,hotspot,434,0x1.33019dfbaad68p-10,13;18;19,23;28
20201014.gml.geo,primary,hotspot,435,0x1.33019dfbaad68p-10,13;18;20,23;29
20201014.gml.geo,primary,hotspot,436,0x1.ebc0e421d6bd8p-11,13;18;21,23;30
20201014.gml.geo,primary,hotspot,437,0x1.ebc0e421d6bd8p-11,13;18;22,23;31
20201014.gml.geo,primary,hotspot,438,0x1.ebc0e421d6bd8p-11,13;18;23,23;32
20201014.gml.geo,primary,hotspot,439,0x1.ebc0e421d6bd8p-11,13;18;24,23;33
20201014.gml.geo,primary,hotspot,440,0x1.ebc0e421d6bd8p-11,13;18;25,23;34
20201014.gml.geo,primary,hotspot,441,0x1.ebc0e421d6bd8p-11,13;18;26,23;35
20201014.gml.geo,primary,hotspot,442,0x1.ebc0e421d6bd8p-11,13;18;27,23;36
20201014.gml.geo,primary,hotspot,443,0x1.33019dfbaad68p-10,13;18;28,23;37
20201014.gml.geo,primary,hotspot,444,0x1.ebc0e421d6bd8p-11,13;18;29,23;38
20201014.gml.geo,primary,hotspot,445,0x1.ebc0e421d6bd8p-11,13;18;30,23;39
20201014.gml.geo,primary,hotspot,446,0x1.476201f49553cp-10,14;18;0,24;2
20201014.gml.geo,primary,hotspot,447,0x1.ebc0e421d6bd8p-11,14;18;1,24;5
20201014.gml.geo,primary,hotspot,448,0x1.ebc0e421d6bd8p-11,14;18;2,24;6
20201014.gml.geo,primary,hotspot,449,0x1.ebc0e421d6bd8p-11,14;18;3,24;7
20201014.gml.geo,primary,hotspot,450,0x1.ebc0e421d6bd8p-11,14;18;4,24;8
20201014.gml.geo,primary,hotspot,451,0x1.ebc0e421d6bd8p-11,14;18;5,24;9
20201014.gml.geo,primary,hotspot,452,0x1.0a40d609d5dc0p-10,14;18;6,24;11
20201014.gml.geo,primary,hotspot,453,0x1.7022c9e66a4e4p-10,14;18;7,24;14
20201014.gml.geo,primary,hotspot,454,0x1.ebc0e421d6bd8p-11,14;18;8,24;17
20201014.gml.geo,primary,hotspot,455,0x1.ebc0e421d6bd8p-11,14;18;9,24;18
20201014.gml.geo,primary,hotspot,456,0x1.ebc0e421d6bd8p-11,14;18;10,24;19
20201014.gml.geo,primary,hotspot,457,0x1.0a40d609d5dc0p-10,14;18;11,24;20
20201014.gml.geo,primary,hotspot,458,0x1.33019dfbaad68p-10,14;18;12,24;21
20201014.gml.geo,primary,hotspot,459,0x1.ebc0e421d6bd8p-11,14;18;13,24;23
20201014.gml.geo,primary,hotspot,460,0x1.ebc0e421d6bd8p-11,14;18;15,24;25
20201014.gml.geo,primary,hotspot,461,0x1.ebc0e421d6bd8p-11,14;18;16,24;26
20201014.gml.geo,primary,hotspot,462,0x1.ebc0e421d6bd8p-11,14;18;17,24;27
20201014.gml.geo,primary,hotspot,463,0x1.a265e2a1bdc77p-9,14;18,24
20201014.gml.geo,primary,hotspot,464,0x1.33019dfbaad68p-10,14;18;19,24;28
20201014.gml.geo,primary,hotspot,465,0x1.33019dfbaad68p-10,14;18;20,24;29
20201014.gml.geo,primary,hotspot,466,0x1.ebc0e421d6bd8p-11,14;18;21,24;30
20201014.gml.geo,primary,hotspot,467,0x1.ebc0e421d6bd8p-11,14;18;22,24;31
20201014.gml.geo,primary,hotspot,468,0x1.ebc0e421d6bd8p-11,14;18;23,24;32
20201014.gml.geo,primary,hotspot,469,0x1.ebc0e421d6bd8p-11,14;18;24,24;33
20201014.gml.geo,primary,hotspot,470,0x1.ebc0e421d6bd8p-11,14;18;25,24;34
20201014.gml.geo,primary,hotspot,471,0x1.ebc0e421d6bd8p-11,14;18;26,24;35
20201014.gml.geo,primary,hotspot,472,0x1.ebc0e421d6bd8p-11,14;18;27,24;36
20201014.gml.geo,primary,hotspot,473,0x1.33019dfbaad68p-10,14;18;28,24;37
20201014.gml.geo,primary,hotspot,474,0x1.ebc0e421d6bd8p-11,14;18;29,24;38
20201014.gml.geo,primary,hotspot,475,0x1.ebc0e421d6bd8p-11,14;18;30,24;39
20201014.gml.geo,primary,hotspot,476,0x1.476201f49553cp-10,15;18;0,25;2
20201014.gml.geo,primary,hotspot,477,0x1.ebc0e421d6bd8p-11,15;18;1,25;5
20201014.gml.geo,primary,hotspot,478,0x1.ebc0e421d6bd8p-11,15;18;2,25;6
20201014.gml.geo,primary,hotspot,479,0x1.ebc0e421d6bd8p-11,15;18;3,25;7
20201014.gml.geo,primary,hotspot,480,0x1.ebc0e421d6bd8p-11,15;18;4,25;8
20201014.gml.geo,primary,hotspot,481,0x1.ebc0e421d6bd8p-11,15;18;5,25;9
20201014.gml.geo,primary,hotspot,482,0x1.0a40d609d5dc0p-10,15;18;6,25;11
20201014.gml.geo,primary,hotspot,483,0x1.7022c9e66a4e4p-10,15;18;7,25;14
20201014.gml.geo,primary,hotspot,484,0x1.ebc0e421d6bd8p-11,15;18;8,25;17
20201014.gml.geo,primary,hotspot,485,0x1.ebc0e421d6bd8p-11,15;18;9,25;18
20201014.gml.geo,primary,hotspot,486,0x1.ebc0e421d6bd8p-11,15;18;10,25;19
20201014.gml.geo,primary,hotspot,487,0x1.0a40d609d5dc0p-10,15;18;11,25;20
20201014.gml.geo,primary,hotspot,488,0x1.33019dfbaad68p-10,15;18;12,25;21
20201014.gml.geo,primary,hotspot,489,0x1.ebc0e421d6bd8p-11,15;18;13,25;23
20201014.gml.geo,primary,hotspot,490,0x1.ebc0e421d6bd8p-11,15;18;14,25;24
20201014.gml.geo,primary,hotspot,491,0x1.ebc0e421d6bd8p-11,15;18;16,25;26
20201014.gml.geo,primary,hotspot,492,0x1.ebc0e421d6bd8p-11,15;18;17,25;27
20201014.gml.geo,primary,hotspot,493,0x1.a265e2a1bdc77p-9,15;18,25
20201014.gml.geo,primary,hotspot,494,0x1.33019dfbaad68p-10,15;18;19,25;28
20201014.gml.geo,primary,hotspot,495,0x1.33019dfbaad68p-10,15;18;20,25;29
20201014.gml.geo,primary,hotspot,496,0x1.ebc0e421d6bd8p-11,15;18;21,25;30
20201014.gml.geo,primary,hotspot,497,0x1.ebc0e421d6bd8p-11,15;18;22,25;31
20201014.gml.geo,primary,hotspot,498,0x1.ebc0e421d6bd8p-11,15;18;23,25;32
20201014.gml.geo,primary,hotspot,499,0x1.ebc0e421d6bd8p-11,15;18;24,25;33
20201014.gml.geo,primary,hotspot,500,0x1.ebc0e421d6bd8p-11,15;18;25,25;34
20201014.gml.geo,primary,hotspot,501,0x1.ebc0e421d6bd8p-11,15;18;26,25;35
20201014.gml.geo,primary,hotspot,502,0x1.ebc0e421d6bd8p-11,15;18;27,25;36
20201014.gml.geo,primary,hotspot,503,0x1.33019dfbaad68p-10,15;18;28,25;37
20201014.gml.geo,primary,hotspot,504,0x1.ebc0e421d6bd8p-11,15;18;29,25;38
20201014.gml.geo,primary,hotspot,505,0x1.ebc0e421d6bd8p-11,15;18;30,25;39
20201014.gml.geo,primary,hotspot,506,0x1.476201f49553cp-10,16;18;0,26;2
20201014.gml.geo,primary,hotspot,507,0x1.ebc0e421d6bd8p-11,16;18;1,26;5
20201014.gml.geo,primary,hotspot,508,0x1.ebc0e421d6bd8p-11,16;18;2,26;6
20201014.gml.geo,primary,hotspot,509,0x1.ebc0e421d6bd8p-11,16;18;3,26;7
20201014.gml.geo,primary,hotspot,510,0x1.ebc0e421d6bd8p-11,16;18;4,26;8
20201014.gml.geo,primary,hotspot,511,0x1.ebc0e421d6bd8p-11,16;18;5,26;9
20201014.gml.geo,primary,hotspot,512,0x1.0a40d609d5dc0p-10,16;18;6,26;11
20201014.gml.geo,primary,hotspot,513,0x1.7022c9e66a4e4p-10,16;18;7,26;14
20201014.gml.geo,primary,hotspot,514,0x1.ebc0e421d6bd8p-11,16;18;8,26;17
20201014.gml.geo,primary,hotspot,515,0x1.ebc0e421d6bd8p-11,16;18;9,26;18
20201014.gml.geo,primary,hotspot,516,0x1.ebc0e421d6bd8p-11,16;18;10,26;19
20201014.gml.geo,primary,hotspot,517,0x1.0a40d609d5dc0p-10,16;18;11,26;20
20201014.gml.geo,primary,hotspot,518,0x1.33019dfbaad68p-10,16;18;12,26;21
20201014.gml.geo,primary,hotspot,519,0x1.ebc0e421d6bd8p-11,16;18;13,26;23
20201014.gml.geo,primary,hotspot,520,0x1.ebc0e421d6bd8p-11,16;18;14,26;24
20201014.gml.geo,primary,hotspot,521,0x1.ebc0e421d6bd8p-11,16;18;15,26;25
20201014.gml.geo,primary,hotspot,522,0x1.ebc0e421d6bd8p-11,16;18;17,26;27
20201014.gml.geo,primary,hotspot,523,0x1.a265e2a1bdc77p-9,16;18,26
20201014.gml.geo,primary,hotspot,524,0x1.33019dfbaad68p-10,16;18;19,26;28
20201014.gml.geo,primary,hotspot,525,0x1.33019dfbaad68p-10,16;18;20,26;29
20201014.gml.geo,primary,hotspot,526,0x1.ebc0e421d6bd8p-11,16;18;21,26;30
20201014.gml.geo,primary,hotspot,527,0x1.ebc0e421d6bd8p-11,16;18;22,26;31
20201014.gml.geo,primary,hotspot,528,0x1.ebc0e421d6bd8p-11,16;18;23,26;32
20201014.gml.geo,primary,hotspot,529,0x1.ebc0e421d6bd8p-11,16;18;24,26;33
20201014.gml.geo,primary,hotspot,530,0x1.ebc0e421d6bd8p-11,16;18;25,26;34
20201014.gml.geo,primary,hotspot,531,0x1.ebc0e421d6bd8p-11,16;18;26,26;35
20201014.gml.geo,primary,hotspot,532,0x1.ebc0e421d6bd8p-11,16;18;27,26;36
20201014.gml.geo,primary,hotspot,533,0x1.33019dfbaad68p-10,16;18;28,26;37
20201014.gml.geo,primary,hotspot,534,0x1.ebc0e421d6bd8p-11,16;18;29,26;38
20201014.gml.geo,primary,hotspot,535,0x1.ebc0e421d6bd8p-11,16;18;30,26;39
20201014.gml.geo,primary,hotspot,536,0x1.476201f49553cp-10,17;18;0,27;2
20201014.gml.geo,primary,hotspot,537,0x1.ebc0e421d6bd8p-11,17;18;1,27;5
20201014.gml.geo,primary,hotspot,538,0x1.ebc0e421d6bd8p-11,17;18;2,27;6
20201014.gml.geo,primary,hotspot,539,0x1.ebc0e421d6bd8p-11,17;18;3,27;7
20201014.gml.geo,primary,hotspot,540,0x1.ebc0e421d6bd8p-11,17;18;4,27;8
20201014.gml.geo,primary,hotspot,541,0x1.ebc0e421d6bd8p-11,17;18;5,27;9
20201014.gml.geo,primary,hotspot,542,0x1.0a40d609d5dc0p-10,17;18;6,27;11
20201014.gml.geo,primary,hotspot,543,0x1.7022c9e66a4e4p-10,17;18;7,27;14
20201014.gml.geo,primary,hotspot,544,0x1.ebc0e421d6bd8p-11,17;18;8,27;17
20201014.gml.geo,primary,hotspot,545,0x1.ebc0e421d6bd8p-11,17;18;9,27;18
20201014.gml.geo,primary,hotspot,546,0x1.ebc0e421d6bd8p-11,17;18;10,27;19
20201014.gml.geo,primary,hotspot,547,0x1.0a40d609d5dc0p-10,17;18;11,27;20
20201014.gml.geo,primary,hotspot,548,0x1.33019dfbaad68p-10,17;18;12,27;21
20201014.gml.geo,primary,hotspot,549,0x1.ebc0e421d6bd8p-11,17;18;13,27;23
20201014.gml.geo,primary,hotspot,550,0x1.ebc0e421d6bd8p-11,17;18;14,27;24
20201014.gml.geo,primary,hotspot,551,0x1.ebc0e421d6bd8p-11,17;18;15,27;25
20201014.gml.geo,primary,hotspot,552,0x1.ebc0e421d6bd8p-11,17;18;16,27;26
20201014.gml.geo,primary,hotspot,553,0x1.a265e2a1bdc77p-9,17;18,27
20201014.gml.geo,primary,hotspot,554,0x1.33019dfbaad68p-10,17;18;19,27;28
20201014.gml.geo,primary,hotspot,555,0x1.33019dfbaad68p-10,17;18;20,27;29
20201014.gml.geo,primary,hotspot,556,0x1.ebc0e421d6bd8p-11,17;18;21,27;30
20201014.gml.geo,primary,hotspot,557,0x1.ebc0e421d6bd8p-11,17;18;22,27;31
20201014.gml.geo,primary,hotspot,558,0x1.ebc0e421d6bd8p-11,17;18;23,27;32
20201014.gml.geo,primary,hotspot,559,0x1.ebc0e421d6bd8p-11,17;18;24,27;33
20201014.gml.geo,primary,hotspot,560,0x1.ebc0e421d6bd8p-11,17;18;25,27;34
20201014.gml.geo,primary,hotspot,561,0x1.ebc0e421d6bd8p-11,17;18;26,27;35
20201014.gml.geo,primary,hotspot,562,0x1.ebc0e421d6bd8p-11,17;18;27,27;36
20201014.gml.geo,primary,hotspot,563,0x1.33019dfbaad68p-10,17;18;28,27;37
20201014.gml.geo,primary,hotspot,564,0x1.ebc0e421d6bd8p-11,17;18;29,27;38
20201014.gml.geo,primary,hotspot,565,0x1.ebc0e421d6bd8p-11,17;18;30,27;39
20201014.gml.geo,primary,hotspot,566,0x1.7e18fb6fc89a8p-10,18;0,2
20201014.gml.geo,primary,hotspot,567,0x1.00d1d7298f39bp-10,18;1,5
20201014.gml.geo,primary,hotspot,568,0x1.00d1d7298f39bp-10,18;2,6
20201014.gml.geo,primary,hotspot,569,0x1.00d1d7298f39bp-10,18;3,7
20201014.gml.geo,primary,hotspot,570,0x1.00d1d7298f39bp-10,18;4,8
20201014.gml.geo,primary,hotspot,571,0x1.00d1d7298f39bp-10,18;5,9
20201014.gml.geo,primary,hotspot,572,0x1.2023a03b1d91fp-10,18;6,11
20201014.gml.geo,primary,hotspot,573,0x1.bcbc8d92e54b0p-10,18;7,14
20201014.gml.geo,primary,hotspot,574,0x1.00d1d7298f39bp-10,18;8,17
20201014.gml.geo,primary,hotspot,575,0x1.00d1d7298f39bp-10,18;9,18
20201014.gml.geo,primary,hotspot,576,0x1.00d1d7298f39bp-10,18;10,19
20201014.gml.geo,primary,hotspot,577,0x1.2023a03b1d91fp-10,18;11,20
20201014.gml.geo,primary,hotspot,578,0x1.5ec7325e3a426p-10,18;12,21
20201014.gml.geo,primary,hotspot,579,0x1.00d1d7298f39bp-10,18;13,23
20201014.gml.geo,primary,hotspot,580,0x1.00d1d7298f39bp-10,18;14,24
20201014.gml.geo,primary,hotspot,581,0x1.00d1d7298f39bp-10,18;15,25
20201014.gml.geo,primary,hotspot,582,0x1.00d1d7298f39bp-10,18;16,26
20201014.gml.geo,primary,hotspot,583,0x1.00d1d7298f39bp-10,18;17,27
20201014.gml.geo,primary,hotspot,584,0x1.5ec7325e3a426p-10,18;19,28
20201014.gml.geo,primary,hotspot,585,0x1.5ec7325e3a426p-10,18;20,29
20201014.gml.geo,primary,hotspot,586,0x1.00d1d7298f39bp-10,18;21,30
20201014.gml.geo,primary,hotspot,587,0x1.00d1d7298f39bp-10,18;22,31
20201014.gml.geo,primary,hotspot,588,0x1.00d1d7298f39bp-10,18;23,32
20201014.gml.geo,primary,hotspot,589,0x1.00d1d7298f39bp-10,18;24,33
20201014.gml.geo,primary,hotspot,590,0x1.00d1d7298f39bp-10,18;25,34
20201014.gml.geo,primary,hotspot,591,0x1.00d1d7298f39bp-10,18;26,35
20201014.gml.geo,primary,hotspot,592,0x1.00d1d7298f39bp-10,18;27,36
20201014.gml.geo,primary,hotspot,593,0x1.5ec7325e3a426p-10,18;28,37
20201014.gml.geo,primary,hotspot,594,0x1.00d1d7298f39bp-10,18;29,38
20201014.gml.geo,primary,hotspot,595,0x1.00d1d7298f39bp-10,18;30,39
20201014.gml.geo,primary,hotspot,596,0x1.4b3414b3414b3p-12,19;12;0,22;1
20201014.gml.geo,primary,hotspot,597,0x1.4b3414b3414b3p-12,19;18;0,28;2
20201014.gml.geo,primary,hotspot,598,0x1.4b3414b3414b3p-12,19;20;0,40;3
20201014.gml.geo,primary,hotspot,599,0x1.4b3414b3414b3p-12,19;28;0,41;4
20201014.gml.geo,primary,hotspot,600,0x1.ed481ed481ed4p-11,19;18;1,28;5
20201014.gml.geo,primary,hotspot,601,0x1.ed481ed481ed4p-11,19;18;2,28;6
20201014.gml.geo,primary,hotspot,602,0x1.ed481ed481ed4p-11,19;18;3,28;7
20201014.gml.geo,primary,hotspot,603,0x1.ed481ed481ed4p-11,19;18;4,28;8
20201014.gml.geo,primary,hotspot,604,0x1.ed481ed481ed4p-11,19;18;5,28;9
20201014.gml.geo,primary,hotspot,605,0x1.0bc810bc810bcp-10,19;18;6,28;11
20201014.gml.geo,primary,hotspot,606,0x1.757c1757c1758p-12,19;12;7,22;13
20201014.gml.geo,primary,hotspot,607,0x1.757c1757c1758p-12,19;18;7,28;14
20201014.gml.geo,primary,hotspot,608,0x1.757c1757c1758p-12,19;20;7,40;15
20201014.gml.geo,primary,hotspot,609,0x1.757c1757c1758p-12,19;28;7,41;16
20201014.gml.geo,primary,hotspot,610,0x1.ed481ed481ed4p-11,19;18;8,28;17
20201014.gml.geo,primary,hotspot,611,0x1.ed481ed481ed4p-11,19;18;9,28;18
20201014.gml.geo,primary,hotspot,612,0x1.ed481ed481ed4p-11,19;18;10,28;19
20201014.gml.geo,primary,hotspot,613,0x1.0bc810bc810bcp-10,19;18;11,28;20
20201014.gml.geo,primary,hotspot,614,0x1.3610136101361p-10,19;12,22
20201014.gml.geo,primary,hotspot,615,0x1.ed481ed481ed4p-11,19;18;13,28;23
20201014.gml.geo,primary,hotspot,616,0x1.ed481ed481ed4p-11,19;18;14,28;24
20201014.gml.geo,primary,hotspot,617,0x1.ed481ed481ed4p-11,19;18;15,28;25
20201014.gml.geo,primary,hotspot,618,0x1.ed481ed481ed4p-11,19;18;16,28;26
20201014.gml.geo,primary,hotspot,619,0x1.ed481ed481ed4p-11,19;18;17,28;27
20201014.gml.geo,primary,hotspot,620,0x1.addc1addc1adep-9,19;18,28
20201014.gml.geo,primary,hotspot,621,0x1.3610136101361p-10,19;20,40
20201014.gml.geo,primary,hotspot,622,0x1.ed481ed481ed4p-11,19;18;21,28;30
20201014.gml.geo,primary,hotspot,623,0x1.ed481ed481ed4p-11,19;18;22,28;31
20201014.gml.geo,primary,hotspot,624,0x1.ed481ed481ed4p-11,19;18;23,28;32
20201014.gml.geo,primary,hotspot,625,0x1.ed481ed481ed4p-11,19;18;24,28;33
20201014.gml.geo,primary,hotspot,626,0x1.ed481ed481ed4p-11,19;18;25,28;34
20201014.gml.geo,primary,hotspot,627,0x1.ed481ed481ed4p-11,19;18;26,28;35
20201014.gml.geo,primary,hotspot,628,0x1.ed481ed481ed4p-11,19;18;27,28;36
20201014.gml.geo,primary,hotspot,629,0x1.3610136101361p-10,19;28,41
20201014.gml.geo,primary,hotspot,630,0x1.ed481ed481ed4p-11,19;18;29,28;38
20201014.gml.geo,primary,hotspot,631,0x1.ed481ed481ed4p-11,19;18;30,28;39
20201014.gml.geo,primary,hotspot,632,0x1.4b3414b3414b3p-10,20;0,3
20201014.gml.geo,primary,hotspot,633,0x1.ed481ed481ed4p-11,20;18;1,29;5
20201014.gml.geo,primary,hotspot,634,0x1.ed481ed481ed4p-11,20;18;2,29;6
20201014.gml.geo,primary,hotspot,635,0x1.ed481ed481ed4p-11,20;18;3,29;7
20201014.gml.geo,primary,hotspot,636,0x1.ed481ed481ed4p-11,20;18;4,29;8
20201014.gml.geo,primary,hotspot,637,0x1.ed481ed481ed4p-11,20;18;5,29;9
20201014.gml.geo,primary,hotspot,638,0x1.0bc810bc810bcp-11,20;7;6,15;10
20201014.gml.geo,primary,hotspot,639,0x1.0bc810bc810bcp-11,20;18;6,29;11
20201014.gml.geo,primary,hotspot,640,0x1.757c1757c1758p-10,20;7,15
20201014.gml.geo,primary,hotspot,641,0x1.ed481ed481ed4p-11,20;18;8,29;17
20201014.gml.geo,primary,hotspot,642,0x1.ed481ed481ed4p-11,20;18;9,29;18
20201014.gml.geo,primary,hotspot,643,0x1.ed481ed481ed4p-11,20;18;10,29;19
20201014.gml.geo,primary,hotspot,644,0x1.0bc810bc810bcp-11,20;7;11,15;12
20201014.gml.geo,primary,hotspot,645,0x1.0bc810bc810bcp-11,20;18;11,29;20
20201014.gml.geo,primary,hotspot,646,0x1.3610136101361p-12,20;0;12,3;1
20201014.gml.geo,primary,hotspot,647,0x1.3610136101361p-12,20;7;12,15;13
20201014.gml.geo,primary,hotspot,648,0x1.3610136101361p-12,20;18;12,29;21
20201014.gml.geo,primary,hotspot,649,0x1.3610136101361p-12,20;19;12,40;22
20201014.gml.geo,primary,hotspot,650,0x1.ed481ed481ed4p-11,20;18;13,29;23
20201014.gml.geo,primary,hotspot,651,0x1.ed481ed481ed4p-11,20;18;14,29;24
20201014.gml.geo,primary,hotspot,652,0x1.ed481ed481ed4p-11,20;18;15,29;25
20201014.gml.geo,primary,hotspot,653,0x1.ed481ed481ed4p-11,20;18;16,29;26
20201014.gml.geo,primary,hotspot,654,0x1.ed481ed481ed4p-11,20;18;17,29;27
20201014.gml.geo,primary,hotspot,655,0x1.addc1addc1adep-9,20;18,29
20201014.gml.geo,primary,hotspot,656,0x1.3610136101361p-10,20;19,40
20201014.gml.geo,primary,hotspot,657,0x1.ed481ed481ed4p-11,20;18;21,29;30
20201014.gml.geo,primary,hotspot,658,0x1.ed481ed481ed4p-11,20;18;22,29;31
20201014.gml.geo,primary,hotspot,659,0x1.ed481ed481ed4p-11,20;18;23,29;32
20201014.gml.geo,primary,hotspot,660,0x1.ed481ed481ed4p-11,20;18;24,29;33
20201014.gml.geo,primary,hotspot,661,0x1.ed481ed481ed4p-11,20;18;25,29;34
20201014.gml.geo,primary,hotspot,662,0x1.ed481ed481ed4p-11,20;18;26,29;35
20201014.gml.geo,primary,hotspot,663,0x1.ed481ed481ed4p-11,20;18;27,29;36
20201014.gml.geo,primary,hotspot,664,0x1.3610136101361p-12,20;0;28,3;4
20201014.gml.geo,primary,hotspot,665,0x1.3610136101361p-12,20;7;28,15;16
20201014.gml.geo,primary,hotspot,666,0x1.3610136101361p-12,20;18;28,29;37
20201014.gml.geo,primary,hotspot,667,0x1.3610136101361p-12,20;19;28,40;41
20201014.gml.geo,primary,hotspot,668,0x1.ed481ed481ed4p-11,20;18;29,29;38
20201014.gml.geo,primary,hotspot,669,0x1.ed481ed481ed4p-11,20;18;30,29;39
20201014.gml.geo,primary,hotspot,670,0x1.476201f49553cp-10,21;18;0,30;2
20201014.gml.geo,primary,hotspot,671,0x1.ebc0e421d6bd8p-11,21;18;1,30;5
20201014.gml.geo,primary,hotspot,672,0x1.ebc0e421d6bd8p-11,21;18;2,30;6
20201014.gml.geo,primary,hotspot,673,0x1.ebc0e421d6bd8p-11,21;18;3,30;7
20201014.gml.geo,primary,hotspot,674,0x1.ebc0e421d6bd8p-11,21;18;4,30;8
20201014.gml.geo,primary,hotspot,675,0x1.ebc0e421d6bd8p-11,21;18;5,30;9
20201014.gml.geo,primary,hotspot,676,0x1.0a40d609d5dc0p-10,21;18;6,30;11
20201014.gml.geo,primary,hotspot,677,0x1.7022c9e66a4e4p-10,21;18;7,30;14
20201014.gml.geo,primary,hotspot,678,0x1.ebc0e421d6bd8p-11,21;18;8,30;17
20201014.gml.geo,primary,hotspot,679,0x1.ebc0e421d6bd8p-11,21;18;9,30;18
20201014.gml.geo,primary,hotspot,680,0x1.ebc0e421d6bd8p-11,21;18;10,30;19
20201014.gml.geo,primary,hotspot,681,0x1.0a40d609d5dc0p-10,21;18;11,30;20
20201014.gml.geo,primary,hotspot,682,0x1.33019dfbaad68p-10,21;18;12,30;21
20201014.gml.geo,primary,hotspot,683,0x1.ebc0e421d6bd8p-11,21;18;13,30;23
20201014.gml.geo,primary,hotspot,684,0x1.ebc0e421d6bd8p-11,21;18;14,30;24
20201014.gml.geo,primary,hotspot,685,0x1.ebc0e421d6bd8p-11,21;18;15,30;25
20201014.gml.geo,primary,hotspot,686,0x1.ebc0e421d6bd8p-11,21;18;16,30;26
20201014.gml.geo,primary,hotspot,687,0x1.ebc0e421d6bd8p-11,21;18;17,30;27
20201014.gml.geo,primary,hotspot,688,0x1.a265e2a1bdc77p-9,21;18,30
20201014.gml.geo,primary,hotspot,689,0x1.33019dfbaad68p-10,21;18;19,30;28
20201014.gml.geo,primary,hotspot,690,0x1.33019dfbaad68p-10,21;18;20,30;29
20201014.gml.geo,primary,hotspot,691,0x1.ebc0e421d6bd8p-11,21;18;22,30;31
20201014.gml.geo,primary,hotspot,692,0x1.ebc0e421d6bd8p-11,21;18;23,30;32
20201014.gml.geo,primary,hotspot,693,0x1.ebc0e421d6bd8p-11,21;18;24,30;33
20201014.gml.geo,primary,hotspot,694,0x1.ebc0e421d6bd8p-11,21;18;25,30;34
20201014.gml.geo,primary,hotspot,695,0x1.ebc0e421d6bd8p-11,21;18;26,30;35
20201014.gml.geo,primary,hotspot,696,0x1.ebc0e421d6bd8p-11,21;18;27,30;36
20201014.gml.geo,primary,hotspot,697,0x1.33019dfbaad68p-10,21;18;28,30;37
20201014.gml.geo,primary,hotspot,698,0x1.ebc0e421d6bd8p-11,21;18;29,30;38
20201014.gml.geo,primary,hotspot,699,0x1.ebc0e421d6bd8p-11,21;18;30,30;39
20201014.gml.geo,primary,hotspot,700,0x1.476201f49553cp-10,22;18;0,31;2
20201014.gml.geo,primary,hotspot,701,0x1.ebc0e421d6bd8p-11,22;18;1,31;5
20201014.gml.geo,primary,hotspot,702,0x1.ebc0e421d6bd8p-11,22;18;2,31;6
20201014.gml.geo,primary,hotspot,703,0x1.ebc0e421d6bd8p-11,22;18;3,31;7
20201014.gml.geo,primary,hotspot,704,0x1.ebc0e421d6bd8p-11,22;18;4,31;8
20201014.gml.geo,primary,hotspot,705,0x1.ebc0e421d6bd8p-11,22;18;5,31;9
20201014.gml.geo,primary,hotspot,706,0x1.0a40d609d5dc0p-10,22;18;6,31;11
20201014.gml.geo,primary,hotspot,707,0x1.7022c9e66a4e4p-10,22;18;7,31;14
20201014.gml.geo,primary,hotspot,708,0x1.ebc0e421d6bd8p-11,22;18;8,31;17
20201014.gml.geo,primary,hotspot,709,0x1.ebc0e421d6bd8p-11,22;18;9,31;18
20201014.gml.geo,primary,hotspot,710,0x1.ebc0e421d6bd8p-11,22;18;10,31;19
20201014.gml.geo,primary,hotspot,711,0x1.0a40d609d5dc0p-10,22;18;11,31;20
20201014.gml.geo,primary,hotspot,712,0x1.33019dfbaad68p-10,22;18;12,31;21
20201014.gml.geo,primary,hotspot,713,0x1.ebc0e421d6bd8p-11,22;18;13,31;23
20201014.gml.geo,primary,hotspot,714,0x1.ebc0e421d6bd8p-11,22;18;14,31;24
20201014.gml.geo,primary,hotspot,715,0x1.ebc0e421d6bd8p-11,22;18;15,31;25
20201014.gml.geo,primary,hotspot,716,0x1.ebc0e421d6bd8p-11,22;18;16,31;26
20201014.gml.geo,primary,hotspot,717,0x1.ebc0e421d6bd8p-11,22;18;17,31;27
20201014.gml.geo,primary,hotspot,718,0x1.a265e2a1bdc77p-9,22;18,31
20201014.gml.geo,primary,hotspot,719,0x1.33019dfbaad68p-10,22;18;19,31;28
20201014.gml.geo,primary,hotspot,720,0x1.33019dfbaad68p-10,22;18;20,31;29
20201014.gml.geo,primary,hotspot,721,0x1.ebc0e421d6bd8p-11,22;18;21,31;30
20201014.gml.geo,primary,hotspot,722,0x1.ebc0e421d6bd8p-11,22;18;23,31;32
20201014.gml.geo,primary,hotspot,723,0x1.ebc0e421d6bd8p-11,22;18;24,31;33
20201014.gml.geo,primary,hotspot,724,0x1.ebc0e421d6bd8p-11,22;18;25,31;34
20201014.gml.geo,primary,hotspot,725,0x1.ebc0e421d6bd8p-11,22;18;26,31;35
20201014.gml.geo,primary,hotspot,726,0x1.ebc0e421d6bd8p-11,22;18;27,31;36
20201014.gml.geo,primary,hotspot,727,0x1.33019dfbaad68p-10,22;18;28,31;37
20201014.gml.geo,primary,hotspot,728,0x1.ebc0e421d6bd8p-11,22;18;29,31;38
20201014.gml.geo,primary,hotspot,729,0x1.ebc0e421d6bd8p-11,22;18;30,31;39
20201014.gml.geo,primary,hotspot,730,0x1.476201f49553cp-10,23;18;0,32;2
20201014.gml.geo,primary,hotspot,731,0x1.ebc0e421d6bd8p-11,23;18;1,32;5
20201014.gml.geo,primary,hotspot,732,0x1.ebc0e421d6bd8p-11,23;18;2,32;6
20201014.gml.geo,primary,hotspot,733,0x1.ebc0e421d6bd8p-11,23;18;3,32;7
20201014.gml.geo,primary,hotspot,734,0x1.ebc0e421d6bd8p-11,23;18;4,32;8
20201014.gml.geo,primary,hotspot,735,0x1.ebc0e421d6bd8p-11,23;18;5,32;9
20201014.gml.geo,primary,hotspot,736,0x1.0a40d609d5dc0p-10,23;18;6,32;11
20201014.gml.geo,primary,hotspot,737,0x1.7022c9e66a4e4p-10,23;18;7,32;14
20201014.gml.geo,primary,hotspot,738,0x1.ebc0e421d6bd8p-11,23;18;8,32;17
20201014.gml.geo,primary,hotspot,739,0x1.ebc0e421d6bd8p-11,23;18;9,32;18
20201014.gml.geo,primary,hotspot,740,0x1.ebc0e421d6bd8p-11,23;18;10,32;19
20201014.gml.geo,primary,hotspot,741,0x1.0a40d609d5dc0p-10,23;18;11,32;20
20201014.gml.geo,primary,hotspot,742,0x1.33019dfbaad68p-10,23;18;12,32;21
20201014.gml.geo,primary,hotspot,743,0x1.ebc0e421d6bd8p-11,23;18;13,32;23
20201014.gml.geo,primary,hotspot,744,0x1.ebc0e421d6bd8p-11,23;18;14,32;24
20201014.gml.geo,primary,hotspot,745,0x1.ebc0e421d6bd8p-11,23;18;15,32;25
20201014.gml.geo,primary,hotspot,746,0x1.ebc0e421d6bd8p-11,23;18;16,32;26
20201014.gml.geo,primary,hotspot,747,0x1.ebc0e421d6bd8p-11,23;18;17,32;27
20201014.gml.geo,primary,hotspot,748,0x1.a265e2a1bdc77p-9,23;18,32
20201014.gml.geo,primary,hotspot,749,0x1.33019dfbaad68p-10,23;18;19,32;28
20201014.gml.geo,primary,hotspot,750,0x1.33019dfbaad68p-10,23;18;20,32;29
20201014.gml.geo,primary,hotspot,751,0x1.ebc0e421d6bd8p-11,23;18;21,32;30
20201014.gml.geo,primary,hotspot,752,0x1.ebc0e421d6bd8p-11,23;18;22,32;31
20201014.gml.geo,primary,hotspot,753,0x1.ebc0e421d6bd8p-11,23;18;24,32;33
20201014.gml.geo,primary,hotspot,754,0x1.ebc0e421d6bd8p-11,23;18;25,32;34
20201014.gml.geo,primary,hotspot,755,0x1.ebc0e421d6bd8p-11,23;18;26,32;35
20201014.gml.geo,primary,hotspot,756,0x1.ebc0e421d6bd8p-11,23;18;27,32;36
20201014.gml.geo,primary,hotspot,757,0x1.33019dfbaad68p-10,23;18;28,32;37
20201014.gml.geo,primary,hotspot,758,0x1.ebc0e421d6bd8p-11,23;18;29,32;38
20201014.gml.geo,primary,hotspot,759,0x1.ebc0e421d6bd8p-11,23;18;30,32;39
20201014.gml.geo,primary,hotspot,760,0x1.476201f49553cp-10,24;18;0,33;2
20201014.gml.geo,primary,hotspot,761,0x1.ebc0e421d6bd8p-11,24;18;1,33;5
20201014.gml.geo,primary,hotspot,762,0x1.ebc0e421d6bd8p-11,24;18;2,33;6
20201014.gml.geo,primary,hotspot,763,0x1.ebc0e421d6bd8p-11,24;18;3,33;7
20201014.gml.geo,primary,hotspot,764,0x1.ebc0e421d6bd8p-11,24;18;4,33;8
20201014.gml.geo,primary,hotspot,765,0x1.ebc0e421d6bd8p-11,24;18;5,33;9
20201014.gml.geo,primary,hotspot,766,0x1.0a40d609d5dc0p-10,24;18;6,33;11
20201014.gml.geo,primary,hotspot,767,0x1.7022c9e66a4e4p-10,24;18;7,33;14
20201014.gml.geo,primary,hotspot,768,0x1.ebc0e421d6bd8p-11,24;18;8,33;17
20201014.gml.geo,primary,hotspot,769,0x1.ebc0e421d6bd8p-11,24;18;9,33;18
20201014.gml.geo,primary,hotspot,770,0x1.ebc0e421d6bd8p-11,24;18;10,33;19
20201014.gml.geo,primary,hotspot,771,0x1.0a40d609d5dc0p-10,24;18;11,33;20
20201014.gml.geo,primary,hotspot,772,0x1.33019dfbaad68p-10,24;18;12,33;21
20201014.gml.geo,primary,hotspot,773,0x1.ebc0e421d6bd8p-11,24;18;13,33;23
20201014.gml.geo,primary,hotspot,774,0x1.ebc0e421d6bd8p-11,24;18;14,33;24
20201014.gml.geo,primary,hotspot,775,0x1.ebc0e421d6bd8p-11,24;18;15,33;25
20201014.gml.geo,primary,hotspot,776,0x1.ebc0e421d6bd8p-11,24;18;16,33;26
20201014.gml.geo,primary,hotspot,777,0x1.ebc0e421d6bd8p-11,24;18;17,33;27
20201014.gml.geo,primary,hotspot,778,0x1.a265e2a1bdc77p-9,24;18,33
20201014.gml.geo,primary,hotspot,779,0x1.33019dfbaad68p-10,24;18;19,33;28
20201014.gml.geo,primary,hotspot,780,0x1.33019dfbaad68p-10,24;18;20,33;29
20201014.gml.geo,primary,hotspot,781,0x1.ebc0e421d6bd8p-11,24;18;21,33;30
20201014.gml.geo,primary,hotspot,782,0x1.ebc0e421d6bd8p-11,24;18;22,33;31
20201014.gml.geo,primary,hotspot,783,0x1.ebc0e421d6bd8p-11,24;18;23,33;32
20201014.gml.geo,primary,hotspot,784,0x1.ebc0e421d6bd8p-11,24;18;25,33;34
20201014.gml.geo,primary,hotspot,785,0x1.ebc0e421d6bd8p-11,24;18;26,33;35
20201014.gml.geo,primary,hotspot,786,0x1.ebc0e421d6bd8p-11,24;18;27,33;36
20201014.gml.geo,primary,hotspot,787,0x1.33019dfbaad68p-10,24;18;28,33;37
20201014.gml.geo,primary,hotspot,788,0x1.ebc0e421d6bd8p-11,24;18;29,33;38
20201014.gml.geo,primary,hotspot,789,0x1.ebc0e421d6bd8p-11,24;18;30,33;39
20201014.gml.geo,primary,hotspot,790,0x1.476201f49553cp-10,25;18;0,34;2
20201014.gml.geo,primary,hotspot,791,0x1.ebc0e421d6bd8p-11,25;18;1,34;5
20201014.gml.geo,primary,hotspot,792,0x1.ebc0e421d6bd8p-11,25;18;2,34;6
20201014.gml.geo,primary,hotspot,793,0x1.ebc0e421d6bd8p-11,25;18;3,34;7
20201014.gml.geo,primary,hotspot,794,0x1.ebc0e421d6bd8p-11,25;18;4,34;8
20201014.gml.geo,primary,hotspot,795,0x1.ebc0e421d6bd8p-11,25;18;5,34;9
20201014.gml.geo,primary,hotspot,796,0x1.0a40d609d5dc0p-10,25;18;6,34;11
20201014.gml.geo,primary,hotspot,797,0x1.7022c9e66a4e4p-10,25;18;7,34;14
20201014.gml.geo,primary,hotspot,798,0x1.ebc0e421d6bd8p-11,25;18;8,34;17
20201014.gml.geo,primary,hotspot,799,0x1.ebc0e421d6bd8p-11,25;18;9,34;18
20201014.gml.geo,primary,hotspot,800,0x1.ebc0e421d6bd8p-11,25;18;10,34;19
20201014.gml.geo,primary,hotspot,801,0x1.0a40d609d5dc0p-10,25;18;11,34;20
20201014.gml.geo,primary,hotspot,802,0x1.33019dfbaad68p-10,25;18;12,34;21
20201014.gml.geo,primary,hotspot,803,0x1.ebc0e421d6bd8p-11,25;18;13,34;23
20201014.gml.geo,primary,hotspot,804,0x1.ebc0e421d6bd8p-11,25;18;14,34;24
20201014.gml.geo,primary,hotspot,805,0x1.ebc0e421d6bd8p-11,25;18;15,34;25
20201014.gml.geo,primary,hotspot,806,0x1.ebc0e421d6bd8p-11,25;18;16,34;26
20201014.gml.geo,primary,hotspot,807,0x1.ebc0e421d6bd8p-11,25;18;17,34;27
20201014.gml.geo,primary,hotspot,808,0x1.a265e2a1bdc77p-9,25;18,34
20201014.gml.geo,primary,hotspot,809,0x1.33019dfbaad68p-10,25;18;19,34;28
20201014.gml.geo,primary,hotspot,810,0x1.33019dfbaad68p-10,25;18;20,34;29
20201014.gml.geo,primary,hotspot,811,0x1.ebc0e421d6bd8p-11,25;18;21,34;30
20201014.gml.geo,primary,hotspot,812,0x1.ebc0e421d6bd8p-11,25;18;22,34;31
20201014.gml.geo,primary,hotspot,813,0x1.ebc0e421d6bd8p-11,25;18;23,34;32
20201014.gml.geo,primary,hotspot,814,0x1.ebc0e421d6bd8p-11,25;18;24,34;33
20201014.gml.geo,primary,hotspot,815,0x1.ebc0e421d6bd8p-11,25;18;26,34;35
20201014.gml.geo,primary,hotspot,816,0x1.ebc0e421d6bd8p-11,25;18;27,34;36
20201014.gml.geo,primary,hotspot,817,0x1.33019dfbaad68p-10,25;18;28,34;37
20201014.gml.geo,primary,hotspot,818,0x1.ebc0e421d6bd8p-11,25;18;29,34;38
20201014.gml.geo,primary,hotspot,819,0x1.ebc0e421d6bd8p-11,25;18;30,34;39
20201014.gml.geo,primary,hotspot,820,0x1.476201f49553cp-10,26;18;0,35;2
20201014.gml.geo,primary,hotspot,821,0x1.ebc0e421d6bd8p-11,26;18;1,35;5
20201014.gml.geo,primary,hotspot,822,0x1.ebc0e421d6bd8p-11,26;18;2,35;6
20201014.gml.geo,primary,hotspot,823,0x1.ebc0e421d6bd8p-11,26;18;3,35;7
20201014.gml.geo,primary,hotspot,824,0x1.ebc0e421d6bd8p-11,26;18;4,35;8
20201014.gml.geo,primary,hotspot,825,0x1.ebc0e421d6bd8p-11,26;18;5,35;9
20201014.gml.geo,primary,hotspot,826,0x1.0a40d609d5dc0p-10,26;18;6,35;11
20201014.gml.geo,primary,hotspot,827,0x1.7022c9e66a4e4p-10,26;18;7,35;14
20201014.gml.geo,primary,hotspot,828,0x1.ebc0e421d6bd8p-11,26;18;8,35;17
20201014.gml.geo,primary,hotspot,829,0x1.ebc0e421d6bd8p-11,26;18;9,35;18
20201014.gml.geo,primary,hotspot,830,0x1.ebc0e421d6bd8p-11,26;18;10,35;19
20201014.gml.geo,primary,hotspot,831,0x1.0a40d609d5dc0p-10,26;18;11,35;20
20201014.gml.geo,primary,hotspot,832,0x1.33019dfbaad68p-10,26;18;12,35;21
20201014.gml.geo,primary,hotspot,833,0x1.ebc0e421d6bd8p-11,26;18;13,35;23
20201014.gml.geo,primary,hotspot,834,0x1.ebc0e421d6bd8p-11,26;18;14,35;24
20201014.gml.geo,primary,hotspot,835,0x1.ebc0e421d6bd8p-11,26;18;15,35;25
20201014.gml.geo,primary,hotspot,836,0x1.ebc0e421d6bd8p-11,26;18;16,35;26
20201014.gml.geo,primary,hotspot,837,0x1.ebc0e421d6bd8p-11,26;18;17,35;27
20201014.gml.geo,primary,hotspot,838,0x1.a265e2a1bdc77p-9,26;18,35
20201014.gml.geo,primary,hotspot,839,0x1.33019dfbaad68p-10,26;18;19,35;28
20201014.gml.geo,primary,hotspot,840,0x1.33019dfbaad68p-10,26;18;20,35;29
20201014.gml.geo,primary,hotspot,841,0x1.ebc0e421d6bd8p-11,26;18;21,35;30
20201014.gml.geo,primary,hotspot,842,0x1.ebc0e421d6bd8p-11,26;18;22,35;31
20201014.gml.geo,primary,hotspot,843,0x1.ebc0e421d6bd8p-11,26;18;23,35;32
20201014.gml.geo,primary,hotspot,844,0x1.ebc0e421d6bd8p-11,26;18;24,35;33
20201014.gml.geo,primary,hotspot,845,0x1.ebc0e421d6bd8p-11,26;18;25,35;34
20201014.gml.geo,primary,hotspot,846,0x1.ebc0e421d6bd8p-11,26;18;27,35;36
20201014.gml.geo,primary,hotspot,847,0x1.33019dfbaad68p-10,26;18;28,35;37
20201014.gml.geo,primary,hotspot,848,0x1.ebc0e421d6bd8p-11,26;18;29,35;38
20201014.gml.geo,primary,hotspot,849,0x1.ebc0e421d6bd8p-11,26;18;30,35;39
20201014.gml.geo,primary,hotspot,850,0x1.476201f49553cp-10,27;18;0,36;2
20201014.gml.geo,primary,hotspot,851,0x1.ebc0e421d6bd8p-11,27;18;1,36;5
20201014.gml.geo,primary,hotspot,852,0x1.ebc0e421d6bd8p-11,27;18;2,36;6
20201014.gml.geo,primary,hotspot,853,0x1.ebc0e421d6bd8p-11,27;18;3,36;7
20201014.gml.geo,primary,hotspot,854,0x1.ebc0e421d6bd8p-11,27;18;4,36;8
20201014.gml.geo,primary,hotspot,855,0x1.ebc0e421d6bd8p-11,27;18;5,36;9
20201014.gml.geo,primary,hotspot,856,0x1.0a40d609d5dc0p-10,27;18;6,36;11
20201014.gml.geo,primary,hotspot,857,0x1.7022c9e66a4e4p-10,27;18;7,36;14
20201014.gml.geo,primary,hotspot,858,0x1.ebc0e421d6bd8p-11,27;18;8,36;17
20201014.gml.geo,primary,hotspot,859,0x1.ebc0e421d6bd8p-11,27;18;9,36;18
20201014.gml.geo,primary,hotspot,860,0x1.ebc0e421d6bd8p-11,27;18;10,36;19
20201014.gml.geo,primary,hotspot,861,0x1.0a40d609d5dc0p-10,27;18;11,36;20
20201014.gml.geo,primary,hotspot,862,0x1.33019dfbaad68p-10,27;18;12,36;21
20201014.gml.geo,primary,hotspot,863,0x1.ebc0e421d6bd8p-11,27;18;13,36;23
20201014.gml.geo,primary,hotspot,864,0x1.ebc0e421d6bd8p-11,27;18;14,36;24
20201014.gml.geo,primary,hotspot,865,0x1.ebc0e421d6bd8p-11,27;18;15,36;25
20201014.gml.geo,primary,hotspot,866,0x1.ebc0e421d6bd8p-11,27;18;16,36;26
20201014.gml.geo,primary,hotspot,867,0x1.ebc0e421d6bd8p-11,27;18;17,36;27
20201014.gml.geo,primary,hotspot,868,0x1.a265e2a1bdc77p-9,27;18,36
20201014.gml.geo,primary,hotspot,869,0x1.33019dfbaad68p-10,27;18;19,36;28
20201014.gml.geo,primary,hotspot,870,0x1.33019dfbaad68p-10,27;18;20,36;29
20201014.gml.geo,primary,hotspot,871,0x1.ebc0e421d6bd8p-11,27;18;21,36;30
20201014.gml.geo,primary,hotspot,872,0x1.ebc0e421d6bd8p-11,27;18;22,36;31
20201014.gml.geo,primary,hotspot,873,0x1.ebc0e421d6bd8p-11,27;18;23,36;32
20201014.gml.geo,primary,hotspot,874,0x1.ebc0e421d6bd8p-11,27;18;24,36;33
20201014.gml.geo,primary,hotspot,875,0x1.ebc0e421d6bd8p-11,27;18;25,36;34
20201014.gml.geo,primary,hotspot,876,0x1.ebc0e421d6bd8p-11,27;18;26,36;35
20201014.gml.geo,primary,hotspot,877,0x1.33019dfbaad68p-10,27;18;28,36;37
20201014.gml.geo,primary,hotspot,878,0x1.ebc0e421d6bd8p-11,27;18;29,36;38
20201014.gml.geo,primary,hotspot,879,0x1.ebc0e421d6bd8p-11,27;18;30,36;39
20201014.gml.geo,primary,hotspot,880,0x1.4b3414b3414b3p-10,28;0,4
20201014.gml.geo,primary,hotspot,881,0x1.ed481ed481ed4p-11,28;18;1,37;5
20201014.gml.geo,primary,hotspot,882,0x1.ed481ed481ed4p-11,28;18;2,37;6
20201014.gml.geo,primary,hotspot,883,0x1.ed481ed481ed4p-11,28;18;3,37;7
20201014.gml.geo,primary,hotspot,884,0x1.ed481ed481ed4p-11,28;18;4,37;8
20201014.gml.geo,primary,hotspot,885,0x1.ed481ed481ed4p-11,28;18;5,37;9
20201014.gml.geo,primary,hotspot,886,0x1.0bc810bc810bcp-11,28;7;6,16;10
20201014.gml.geo,primary,hotspot,887,0x1.0bc810bc810bcp-11,28;18;6,37;11
20201014.gml.geo,primary,hotspot,888,0x1.757c1757c1758p-10,28;7,16
20201014.gml.geo,primary,hotspot,889,0x1.ed481ed481ed4p-11,28;18;8,37;17
20201014.gml.geo,primary,hotspot,890,0x1.ed481ed481ed4p-11,28;18;9,37;18
20201014.gml.geo,primary,hotspot,891,0x1.ed481ed481ed4p-11,28;18;10,37;19
20201014.gml.geo,primary,hotspot,892,0x1.0bc810bc810bcp-11,28;7;11,16;12
20201014.gml.geo,primary,hotspot,893,0x1.0bc810bc810bcp-11,28;18;11,37;20
20201014.gml.geo,primary,hotspot,894,0x1.3610136101361p-12,28;0;12,4;1
20201014.gml.geo,primary,hotspot,895,0x1.3610136101361p-12,28;7;12,16;13
20201014.gml.geo,primary,hotspot,896,0x1.3610136101361p-12,28;18;12,37;21
20201014.gml.geo,primary,hotspot,897,0x1.3610136101361p-12,28;19;12,41;22
20201014.gml.geo,primary,hotspot,898,0x1.ed481ed481ed4p-11,28;18;13,37;23
20201014.gml.geo,primary,hotspot,899,0x1.ed481ed481ed4p-11,28;18;14,37;24
20201014.gml.geo,primary,hotspot,900,0x1.ed481ed481ed4p-11,28;18;15,37;25
20201014.gml.geo,primary,hotspot,901,0x1.ed481ed481ed4p-11,28;18;16,37;26
20201014.gml.geo,primary,hotspot,902,0x1.ed481ed481ed4p-11,28;18;17,37;27
20201014.gml.geo,primary,hotspot,903,0x1.addc1addc1adep-9,28;18,37
20201014.gml.geo,primary,hotspot,904,0x1.3610136101361p-10,28;19,41
20201014.gml.geo,primary,hotspot,905,0x1.3610136101361p-12,28;0;20,4;3
20201014.gml.geo,primary,hotspot,906,0x1.3610136101361p-12,28;7;20,16;15
20201014.gml.geo,primary,hotspot,907,0x1.3610136101361p-12,28;18;20,37;29
20201014.gml.geo,primary,hotspot,908,0x1.3610136101361p-12,28;19;20,41;40
20201014.gml.geo,primary,hotspot,909,0x1.ed481ed481ed4p-11,28;18;21,37;30
20201014.gml.geo,primary,hotspot,910,0x1.ed481ed481ed4p-11,28;18;22,37;31
20201014.gml.geo,primary,hotspot,911,0x1.ed481ed481ed4p-11,28;18;23,37;32
20201014.gml.geo,primary,hotspot,912,0x1.ed481ed481ed4p-11,28;18;24,37;33
20201014.gml.geo,primary,hotspot,913,0x1.ed481ed481ed4p-11,28;18;25,37;34
20201014.gml.geo,primary,hotspot,914,0x1.ed481ed481ed4p-11,28;18;26,37;35
20201014.gml.geo,primary,hotspot,915,0x1.ed481ed481ed4p-11,28;18;27,37;36
20201014.gml.geo,primary,hotspot,916,0x1.ed481ed481ed4p-11,28;18;29,37;38
20201014.gml.geo,primary,hotspot,917,0x1.ed481ed481ed4p-11,28;18;30,37;39
20201014.gml.geo,primary,hotspot,918,0x1.476201f49553cp-10,29;18;0,38;2
20201014.gml.geo,primary,hotspot,919,0x1.ebc0e421d6bd8p-11,29;18;1,38;5
20201014.gml.geo,primary,hotspot,920,0x1.ebc0e421d6bd8p-11,29;18;2,38;6
20201014.gml.geo,primary,hotspot,921,0x1.ebc0e421d6bd8p-11,29;18;3,38;7
20201014.gml.geo,primary,hotspot,922,0x1.ebc0e421d6bd8p-11,29;18;4,38;8
20201014.gml.geo,primary,hotspot,923,0x1.ebc0e421d6bd8p-11,29;18;5,38;9
20201014.gml.geo,primary,hotspot,924,0x1.0a40d609d5dc0p-10,29;18;6,38;11
20201014.gml.geo,primary,hotspot,925,0x1.7022c9e66a4e4p-10,29;18;7,38;14
20201014.gml.geo,primary,hotspot,926,0x1.ebc0e421d6bd8p-11,29;18;8,38;17
20201014.gml.geo,primary,hotspot,927,0x1.ebc0e421d6bd8p-11,29;18;9,38;18
20201014.gml.geo,primary,hotspot,928,0x1.ebc0e421d6bd8p-11,29;18;10,38;19
20201014.gml.geo,primary,hotspot,929,0x1.0a40d609d5dc0p-10,29;18;11,38;20
20201014.gml.geo,primary,hotspot,930,0x1.33019dfbaad68p-10,29;18;12,38;21
20201014.gml.geo,primary,hotspot,931,0x1.ebc0e421d6bd8p-11,29;18;13,38;23
20201014.gml.geo,primary,hotspot,932,0x1.ebc0e421d6bd8p-11,29;18;14,38;24
20201014.gml.geo,primary,hotspot,933,0x1.ebc0e421d6bd8p-11,29;18;15,38;25
20201014.gml.geo,primary,hotspot,934,0x1.ebc0e421d6bd8p-11,29;18;16,38;26
20201014.gml.geo,primary,hotspot,935,0x1.ebc0e421d6bd8p-11,29;18;17,38;27
20201014.gml.geo,primary,hotspot,936,0x1.a265e2a1bdc77p-9,29;18,38
20201014.gml.geo,primary,hotspot,937,0x1.33019dfbaad68p-10,29;18;19,38;28
20201014.gml.geo,primary,hotspot,938,0x1.33019dfbaad68p-10,29;18;20,38;29
20201014.gml.geo,primary,hotspot,939,0x1.ebc0e421d6bd8p-11,29;18;21,38;30
20201014.gml.geo,primary,hotspot,940,0x1.ebc0e421d6bd8p-11,29;18;22,38;31
20201014.gml.geo,primary,hotspot,941,0x1.ebc0e421d6bd8p-11,29;18;23,38;32
20201014.gml.geo,primary,hotspot,942,0x1.ebc0e421d6bd8p-11,29;18;24,38;33
20201014.gml.geo,primary,hotspot,943,0x1.ebc0e421d6bd8p-11,29;18;25,38;34
20201014.gml.geo,primary,hotspot,944,0x1.ebc0e421d6bd8p-11,29;18;26,38;35
20201014.gml.geo,primary,hotspot,945,0x1.ebc0e421d6bd8p-11,29;18;27,38;36
20201014.gml.geo,primary,hotspot,946,0x1.33019dfbaad68p-10,29;18;28,38;37
20201014.gml.geo,primary,hotspot,947,0x1.ebc0e421d6bd8p-11,29;18;30,38;39
20201014.gml.geo,primary,hotspot,948,0x1.476201f49553cp-10,30;18;0,39;2
20201014.gml.geo,primary,hotspot,949,0x1.ebc0e421d6bd8p-11,30;18;1,39;5
20201014.gml.geo,primary,hotspot,950,0x1.ebc0e421d6bd8p-11,30;18;2,39;6
20201014.gml.geo,primary,hotspot,951,0x1.ebc0e421d6bd8p-11,30;18;3,39;7
20201014.gml.geo,primary,hotspot,952,0x1.ebc0e421d6bd8p-11,30;18;4,39;8
20201014.gml.geo,primary,hotspot,953,0x1.ebc0e421d6bd8p-11,30;18;5,39;9
20201014.gml.geo,primary,hotspot,954,0x1.0a40d609d5dc0p-10,30;18;6,39;11
20201014.gml.geo,primary,hotspot,955,0x1.7022c9e66a4e4p-10,30;18;7,39;14
20201014.gml.geo,primary,hotspot,956,0x1.ebc0e421d6bd8p-11,30;18;8,39;17
20201014.gml.geo,primary,hotspot,957,0x1.ebc0e421d6bd8p-11,30;18;9,39;18
20201014.gml.geo,primary,hotspot,958,0x1.ebc0e421d6bd8p-11,30;18;10,39;19
20201014.gml.geo,primary,hotspot,959,0x1.0a40d609d5dc0p-10,30;18;11,39;20
20201014.gml.geo,primary,hotspot,960,0x1.33019dfbaad68p-10,30;18;12,39;21
20201014.gml.geo,primary,hotspot,961,0x1.ebc0e421d6bd8p-11,30;18;13,39;23
20201014.gml.geo,primary,hotspot,962,0x1.ebc0e421d6bd8p-11,30;18;14,39;24
20201014.gml.geo,primary,hotspot,963,0x1.ebc0e421d6bd8p-11,30;18;15,39;25
20201014.gml.geo,primary,hotspot,964,0x1.ebc0e421d6bd8p-11,30;18;16,39;26
20201014.gml.geo,primary,hotspot,965,0x1.ebc0e421d6bd8p-11,30;18;17,39;27
20201014.gml.geo,primary,hotspot,966,0x1.a265e2a1bdc77p-9,30;18,39
20201014.gml.geo,primary,hotspot,967,0x1.33019dfbaad68p-10,30;18;19,39;28
20201014.gml.geo,primary,hotspot,968,0x1.33019dfbaad68p-10,30;18;20,39;29
20201014.gml.geo,primary,hotspot,969,0x1.ebc0e421d6bd8p-11,30;18;21,39;30
20201014.gml.geo,primary,hotspot,970,0x1.ebc0e421d6bd8p-11,30;18;22,39;31
20201014.gml.geo,primary,hotspot,971,0x1.ebc0e421d6bd8p-11,30;18;23,39;32
20201014.gml.geo,primary,hotspot,972,0x1.ebc0e421d6bd8p-11,30;18;24,39;33
20201014.gml.geo,primary,hotspot,973,0x1.ebc0e421d6bd8p-11,30;18;25,39;34
20201014.gml.geo,primary,hotspot,974,0x1.ebc0e421d6bd8p-11,30;18;26,39;35
20201014.gml.geo,primary,hotspot,975,0x1.ebc0e421d6bd8p-11,30;18;27,39;36
20201014.gml.geo,primary,hotspot,976,0x1.33019dfbaad68p-10,30;18;28,39;37
20201014.gml.geo,primary,hotspot,977,0x1.ebc0e421d6bd8p-11,30;18;29,39;38
20201014.gml.geo,hub,uniform,0,0x1.19e0119e0119ep-10,0;30;1,0;1
20201014.gml.geo,hub,uniform,1,0x1.19e0119e0119ep-10,0;30;2,0;5
20201014.gml.geo,hub,uniform,2,0x1.19e0119e0119ep-10,0;30;3,0;6
20201014.gml.geo,hub,uniform,3,0x1.19e0119e0119ep-10,0;30;4,0;7
20201014.gml.geo,hub,uniform,4,0x1.19e0119e0119ep-10,0;30;5,0;8
20201014.gml.geo,hub,uniform,5,0x1.19e0119e0119ep-10,0;30;6,0;9
20201014.gml.geo,hub,uniform,6,0x1.19e0119e0119ep-10,0;30;7,0;10
20201014.gml.geo,hub,uniform,7,0x1.19e0119e0119ep-10,0;30;8,0;11
20201014.gml.geo,hub,uniform,8,0x1.19e0119e0119ep-10,0;30;9,0;12
20201014.gml.geo,hub,uniform,9,0x1.19e0119e0119ep-10,0;30;10,0;13
20201014.gml.geo,hub,uniform,10,0x1.19e0119e0119ep-10,0;30;11,0;14
20201014.gml.geo,hub,uniform,11,0x1.19e0119e0119ep-10,0;30;12,0;15
20201014.gml.geo,hub,uniform,12,0x1.19e0119e0119ep-10,0;30;13,0;16
20201014.gml.geo,hub,uniform,13,0x1.19e0119e0119ep-10,0;30;14,0;17
20201014.gml.geo,hub,uniform,14,0x1.19e0119e0119ep-10,0;30;15,0;18
20201014.gml.geo,hub,uniform,15,0x1.19e0119e0119ep-10,0;30;16,0;19
20201014.gml.geo,hub,uniform,16,0x1.19e0119e0119ep-10,0;30;17,0;20
20201014.gml.geo,hub,uniform,17,0x1.19e0119e0119ep-10,0;30;18,0;21
20201014.gml.geo,hub,uniform,18,0x1.19e0119e0119ep-10,0;30;19,0;22
20201014.gml.geo,hub,uniform,19,0x1.19e0119e0119ep-10,0;30;20,0;23
20201014.gml.geo,hub,uniform,20,0x1.19e0119e0119ep-10,0;30;21,0;24
20201014.gml.geo,hub,uniform,21,0x1.19e0119e0119ep-10,0;30;22,0;25
20201014.gml.geo,hub,uniform,22,0x1.19e0119e0119ep-10,0;30;23,0;26
20201014.gml.geo,hub,uniform,23,0x1.19e0119e0119ep-10,0;30;24,0;27
20201014.gml.geo,hub,uniform,24,0x1.19e0119e0119ep-10,0;30;25,0;28
20201014.gml.geo,hub,uniform,25,0x1.19e0119e0119ep-10,0;30;26,0;29
20201014.gml.geo,hub,uniform,26,0x1.19e0119e0119ep-10,0;30;27,0;30
20201014.gml.geo,hub,uniform,27,0x1.19e0119e0119ep-10,0;30;28,0;31
20201014.gml.geo,hub,uniform,28,0x1.19e0119e0119ep-10,0;30;29,0;32
20201014.gml.geo,hub,uniform,29,0x1.19e0119e0119ep-10,0;30,0
20201014.gml.geo,hub,uniform,30,0x1.19e0119e0119ep-10,1;30;0,1;0
20201014.gml.geo,hub,uniform,31,0x1.19e0119e0119ep-10,1;30;2,1;5
20201014.gml.geo,hub,uniform,32,0x1.19e0119e0119ep-10,1;30;3,1;6
20201014.gml.geo,hub,uniform,33,0x1.19e0119e0119ep-10,1;30;4,1;7
20201014.gml.geo,hub,uniform,34,0x1.19e0119e0119ep-10,1;30;5,1;8
20201014.gml.geo,hub,uniform,35,0x1.19e0119e0119ep-10,1;30;6,1;9
20201014.gml.geo,hub,uniform,36,0x1.19e0119e0119ep-10,1;30;7,1;10
20201014.gml.geo,hub,uniform,37,0x1.19e0119e0119ep-10,1;30;8,1;11
20201014.gml.geo,hub,uniform,38,0x1.19e0119e0119ep-10,1;30;9,1;12
20201014.gml.geo,hub,uniform,39,0x1.19e0119e0119ep-10,1;30;10,1;13
20201014.gml.geo,hub,uniform,40,0x1.19e0119e0119ep-10,1;30;11,1;14
20201014.gml.geo,hub,uniform,41,0x1.19e0119e0119ep-10,1;30;12,1;15
20201014.gml.geo,hub,uniform,42,0x1.19e0119e0119ep-10,1;30;13,1;16
20201014.gml.geo,hub,uniform,43,0x1.19e0119e0119ep-10,1;30;14,1;17
20201014.gml.geo,hub,uniform,44,0x1.19e0119e0119ep-10,1;30;15,1;18
20201014.gml.geo,hub,uniform,45,0x1.19e0119e0119ep-10,1;30;16,1;19
20201014.gml.geo,hub,uniform,46,0x1.19e0119e0119ep-10,1;30;17,1;20
20201014.gml.geo,hub,uniform,47,0x1.19e0119e0119ep-10,1;30;18,1;21
20201014.gml.geo,hub,uniform,48,0x1.19e0119e0119ep-10,1;30;19,1;22
20201014.gml.geo,hub,uniform,49,0x1.19e0119e0119ep-10,1;30;20,1;23
20201014.gml.geo,hub,uniform,50,0x1.19e0119e0119ep-10,1;30;21,1;24
20201014.gml.geo,hub,uniform,51,0x1.19e0119e0119ep-10,1;30;22,1;25
20201014.gml.geo,hub,uniform,52,0x1.19e0119e0119ep-10,1;30;23,1;26
20201014.gml.geo,hub,uniform,53,0x1.19e0119e0119ep-10,1;30;24,1;27
20201014.gml.geo,hub,uniform,54,0x1.19e0119e0119ep-10,1;30;25,1;28
20201014.gml.geo,hub,uniform,55,0x1.19e0119e0119ep-10,1;30;26,1;29
20201014.gml.geo,hub,uniform,56,0x1.19e0119e0119ep-10,1;30;27,1;30
20201014.gml.geo,hub,uniform,57,0x1.19e0119e0119ep-10,1;30;28,1;31
20201014.gml.geo,hub,uniform,58,0x1.19e0119e0119ep-10,1;30;29,1;32
20201014.gml.geo,hub,uniform,59,0x1.19e0119e0119ep-10,1;30,1
20201014.gml.geo,hub,uniform,60,0x1.19e0119e0119ep-10,2;30;0,5;0
20201014.gml.geo,hub,uniform,61,0x1.19e0119e0119ep-10,2;30;1,5;1
20201014.gml.geo,hub,uniform,62,0x1.19e0119e0119ep-10,2;30;3,5;6
20201014.gml.geo,hub,uniform,63,0x1.19e0119e0119ep-10,2;4,2
20201014.gml.geo,hub,uniform,64,0x1.19e0119e0119ep-10,2;30;5,5;8
20201014.gml.geo,hub,uniform,65,0x1.19e0119e0119ep-10,2;30;6,5;9
20201014.gml.geo,hub,uniform,66,0x1.19e0119e0119ep-10,2;30;7,5;10
20201014.gml.geo,hub,uniform,67,0x1.19e0119e0119ep-10,2;30;8,5;11
20201014.gml.geo,hub,uniform,68,0x1.19e0119e0119ep-10,2;30;9,5;12
20201014.gml.geo,hub,uniform,69,0x1.19e0119e0119ep-10,2;30;10,5;13
20201014.gml.geo,hub,uniform,70,0x1.19e0119e0119ep-10,2;30;11,5;14
20201014.gml.geo,hub,uniform,71,0x1.19e0119e0119ep-10,2;30;12,5;15
20201014.gml.geo,hub,uniform,72,0x1.19e0119e0119ep-10,2;30;13,5;16
20201014.gml.geo,hub,uniform,73,0x1.19e0119e0119ep-10,2;30;14,5;17
20201014.gml.geo,hub,uniform,74,0x1.19e0119e0119ep-10,2;30;15,5;18
20201014.gml.geo,hub,uniform,75,0x1.19e0119e0119ep-10,2;30;16,5;19
20201014.gml.geo,hub,uniform,76,0x1.19e0119e0119ep-10,2;30;17,5;20
20201014.gml.geo,hub,uniform,77,0x1.19e0119e0119ep-10,2;30;18,5;21
20201014.gml.geo,hub,uniform,78,0x1.19e0119e0119ep-10,2;30;19,5;22
20201014.gml.geo,hub,uniform,79,0x1.19e0119e0119ep-10,2;30;20,5;23
20201014.gml.geo,hub,uniform,80,0x1.19e0119e0119ep-10,2;30;21,5;24
20201014.gml.geo,hub,uniform,81,0x1.19e0119e0119ep-10,2;22,3
20201014.gml.geo,hub,uniform,82,0x1.19e0119e0119ep-10,2;30;23,5;26
20201014.gml.geo,hub,uniform,83,0x1.19e0119e0119ep-10,2;30;24,5;27
20201014.gml.geo,hub,uniform,84,0x1.19e0119e0119ep-10,2;30;25,5;28
20201014.gml.geo,hub,uniform,85,0x1.19e0119e0119ep-10,2;30;26,5;29
20201014.gml.geo,hub,uniform,86,0x1.19e0119e0119ep-10,2;30;27,5;30
20201014.gml.geo,hub,uniform,87,0x1.19e0119e0119ep-10,2;30;28,5;31
20201014.gml.geo,hub,uniform,88,0x1.19e0119e0119ep-10,2;29,4
20201014.gml.geo,hub,uniform,89,0x1.19e0119e0119ep-10,2;30,5
20201014.gml.geo,hub,uniform,90,0x1.19e0119e0119ep-10,3;30;0,6;0
20201014.gml.geo,hub,uniform,91,0x1.19e0119e0119ep-10,3;30;1,6;1
20201014.gml.geo,hub,uniform,92,0x1.19e0119e0119ep-10,3;30;2,6;5
20201014.gml.geo,hub,uniform,93,0x1.19e0119e0119ep-10,3;30;4,6;7
20201014.gml.geo,hub,uniform,94,0x1.19e0119e0119ep-10,3;30;5,6;8
20201014.gml.geo,hub,uniform,95,0x1.19e0119e0119ep-10,3;30;6,6;9
20201014.gml.geo,hub,uniform,96,0x1.19e0119e0119ep-10,3;30;7,6;10
20201014.gml.geo,hub,uniform,97,0x1.19e0119e0119ep-10,3;30;8,6;11
20201014.gml.geo,hub,uniform,98,0x1.19e0119e0119ep-10,3;30;9,6;12
20201014.gml.geo,hub,uniform,99,0x1.19e0119e0119ep-10,3;30;10,6;13
20201014.gml.geo,hub,uniform,100,0x1.19e0119e0119ep-10,3;30;11,6;14
20201014.gml.geo,hub,uniform,101,0x1.19e0119e0119ep-10,3;30;12,6;15
20201014.gml.geo,hub,uniform,102,0x1.19e0119e0119ep-10,3;30;13,6;16
20201014.gml.geo,hub,uniform,103,0x1.19e0119e0119ep-10,3;30;14,6;17
20201014.gml.geo,hub,uniform,104,0x1.19e0119e0119ep-10,3;30;15,6;18
20201014.gml.geo,hub,uniform,105,0x1.19e0119e0119ep-10,3;30;16,6;19
20201014.gml.geo,hub,uniform,106,0x1.19e0119e0119ep-10,3;30;17,6;20
20201014.gml.geo,hub,uniform,107,0x1.19e0119e0119ep-10,3;30;18,6;21
20201014.gml.geo,hub,uniform,108,0x1.19e0119e0119ep-10,3;30;19,6;22
20201014.gml.geo,hub,uniform,109,0x1.19e0119e0119ep-10,3;30;20,6;23
20201014.gml.geo,hub,uniform,110,0x1.19e0119e0119ep-10,3;30;21,6;24
20201014.gml.geo,hub,uniform,111,0x1.19e0119e0119ep-10,3;30;22,6;25
20201014.gml.geo,hub,uniform,112,0x1.19e0119e0119ep-10,3;30;23,6;26
20201014.gml.geo,hub,uniform,113,0x1.19e0119e0119ep-10,3;30;24,6;27
20201014.gml.geo,hub,uniform,114,0x1.19e0119e0119ep-10,3;30;25,6;28
20201014.gml.geo,hub,uniform,115,0x1.19e0119e0119ep-10,3;30;26,6;29
20201014.gml.geo,hub,uniform,116,0x1.19e0119e0119ep-10,3;30;27,6;30
20201014.gml.geo,hub,uniform,117,0x1.19e0119e0119ep-10,3;30;28,6;31
20201014.gml.geo,hub,uniform,118,0x1.19e0119e0119ep-10,3;30;29,6;32
20201014.gml.geo,hub,uniform,119,0x1.19e0119e0119ep-10,3;30,6
20201014.gml.geo,hub,uniform,120,0x1.19e0119e0119ep-10,4;30;0,7;0
20201014.gml.geo,hub,uniform,121,0x1.19e0119e0119ep-10,4;30;1,7;1
20201014.gml.geo,hub,uniform,122,0x1.19e0119e0119ep-10,4;2,2
20201014.gml.geo,hub,uniform,123,0x1.19e0119e0119ep-10,4;30;3,7;6
20201014.gml.geo,hub,uniform,124,0x1.19e0119e0119ep-10,4;30;5,7;8
20201014.gml.geo,hub,uniform,125,0x1.19e0119e0119ep-10,4;30;6,7;9
20201014.gml.geo,hub,uniform,126,0x1.19e0119e0119ep-10,4;30;7,7;10
20201014.gml.geo,hub,uniform,127,0x1.19e0119e0119ep-10,4;30;8,7;11
20201014.gml.geo,hub,uniform,128,0x1.19e0119e0119ep-10,4;30;9,7;12
20201014.gml.geo,hub,uniform,129,0x1.19e0119e0119ep-10,4;30;10,7;13
20201014.gml.geo,hub,uniform,130,0x1.19e0119e0119ep-10,4;30;11,7;14
20201014.gml.geo,hub,uniform,131,0x1.19e0119e0119ep-10,4;30;12,7;15
20201014.gml.geo,hub,uniform,132,0x1.19e0119e0119ep-10,4;30;13,7;16
20201014.gml.geo,hub,uniform,133,0x1.19e0119e0119ep-10,4;30;14,7;17
20201014.gml.geo,hub,uniform,134,0x1.19e0119e0119ep-10,4;30;15,7;18
20201014.gml.geo,hub,uniform,135,0x1.19e0119e0119ep-10,4;30;16,7;19
20201014.gml.geo,hub,uniform,136,0x1.19e0119e0119ep-10,4;30;17,7;20
20201014.gml.geo,hub,uniform,137,0x1.19e0119e0119ep-10,4;30;18,7;21
20201014.gml.geo,hub,uniform,138,0x1.19e0119e0119ep-10,4;30;19,7;22
20201014.gml.geo,hub,uniform,139,0x1.19e0119e0119ep-10,4;30;20,7;23
20201014.gml.geo,hub,uniform,140,0x1.19e0119e0119ep-10,4;30;21,7;24
20201014.gml.geo,hub,uniform,141,0x1.19e0119e0119ep-11,4;2;22,2;3
20201014.gml.geo,hub,uniform,142,0x1.19e0119e0119ep-11,4;30;22,7;25
20201014.gml.geo,hub,uniform,143,0x1.19e0119e0119ep-10,4;30;23,7;26
20201014.gml.geo,hub,uniform,144,0x1.19e0119e0119ep-10,4;30;24,7;27
20201014.gml.geo,hub,uniform,145,0x1.19e0119e0119ep-10,4;30;25,7;28
20201014.gml.geo,hub,uniform,146,0x1.19e0119e0119ep-10,4;30;26,7;29
20201014.gml.geo,hub,uniform,147,0x1.19e0119e0119ep-10,4;30;27,7;30
20201014.gml.geo,hub,uniform,148,0x1.19e0119e0119ep-10,4;30;28,7;31
20201014.gml.geo,hub,uniform,149,0x1.19e0119e0119ep-11,4;2;29,2;4
20201014.gml.geo,hub,uniform,150,0x1.19e0119e0119ep-11,4;30;29,7;32
20201014.gml.geo,hub,uniform,151,0x1.19e0119e0119ep-10,4;30,7
20201014.gml.geo,hub,uniform,152,0x1.19e0119e0119ep-10,5;30;0,8;0
20201014.gml.geo,hub,uniform,153,0x1.19e0119e0119ep-10,5;30;1,8;1
20201014.gml.geo,hub,uniform,154,0x1.19e0119e0119ep-10,5;30;2,8;5
20201014.gml.geo,hub,uniform,155,0x1.19e0119e0119ep-10,5;30;3,8;6
20201014.gml.geo,hub,uniform,156,0x1.19e0119e0119ep-10,5;30;4,8;7
20201014.gml.geo,hub,uniform,157,0x1.19e0119e0119ep-10,5;30;6,8;9
20201014.gml.geo,hub,uniform,158,0x1.19e0119e0119ep-10,5;30;7,8;10
20201014.gml.geo,hub,uniform,159,0x1.19e0119e0119ep-10,5;30;8,8;11
20201014.gml.geo,hub,uniform,160,0x1.19e0119e0119ep-10,5;30;9,8;12
20201014.gml.geo,hub,uniform,161,0x1.19e0119e0119ep-10,5;30;10,8;13
20201014.gml.geo,hub,uniform,162,0x1.19e0119e0119ep-10,5;30;11,8;14
20201014.gml.geo,hub,uniform,163,0x1.19e0119e0119ep-10,5;30;12,8;15
20201014.gml.geo,hub,uniform,164,0x1.19e0119e0119ep-10,5;30;13,8;16
20201014.gml.geo,hub,uniform,165,0x1.19e0119e0119ep-10,5;30;14,8;17
20201014.gml.geo,hub,uniform,166,0x1.19e0119e0119ep-10,5;30;15,8;18
20201014.gml.geo,hub,uniform,167,0x1.19e0119e0119ep-10,5;30;16,8;19
20201014.gml.geo,hub,uniform,168,0x1.19e0119e0119ep-10,5;30;17,8;20
20201014.gml.geo,hub,uniform,169,0x1.19e0119e0119ep-10,5;30;18,8;21
20201014.gml.geo,hub,uniform,170,0x1.19e0119e0119ep-10,5;30;19,8;22
20201014.gml.geo,hub,uniform,171,0x1.19e0119e0119ep-10,5;30;20,8;23
20201014.gml.geo,hub,uniform,172,0x1.19e0119e0119ep-10,5;30;21,8;24
20201014.gml.geo,hub,uniform,173,0x1.19e0119e0119ep-10,5;30;22,8;25
20201014.gml.geo,hub,uniform,174,0x1.19e0119e0119ep-10,5;30;23,8;26
20201014.gml.geo,hub,uniform,175,0x1.19e0119e0119ep-10,5;30;24,8;27
20201014.gml.geo,hub,uniform,176,0x1.19e0119e0119ep-10,5;30;25,8;28
20201014.gml.geo,hub,uniform,177,0x1.19e0119e0119ep-10,5;30;26,8;29
20201014.gml.geo,hub,uniform,178,0x1.19e0119e0119ep-10,5;30;27,8;30
20201014.gml.geo,hub,uniform,179,0x1.19e0119e0119ep-10,5;30;28,8;31
20201014.gml.geo,hub,uniform,180,0x1.19e0119e0119ep-10,5;30;29,8;32
20201014.gml.geo,hub,uniform,181,0x1.19e0119e0119ep-10,5;30,8
20201014.gml.geo,hub,uniform,182,0x1.19e0119e0119ep-10,6;30;0,9;0
20201014.gml.geo,hub,uniform,183,0x1.19e0119e0119ep-10,6;30;1,9;1
20201014.gml.geo,hub,uniform,184,0x1.19e0119e0119ep-10,6;30;2,9;5
20201014.gml.geo,hub,uniform,185,0x1.19e0119e0119ep-10,6;30;3,9;6
20201014.gml.geo,hub,uniform,186,0x1.19e0119e0119ep-10,6;30;4,9;7
20201014.gml.geo,hub,uniform,187,0x1.19e0119e0119ep-10,6;30;5,9;8
20201014.gml.geo,hub,uniform,188,0x1.19e0119e0119ep-10,6;30;7,9;10
20201014.gml.geo,hub,uniform,189,0x1.19e0119e0119ep-10,6;30;8,9;11
20201014.gml.geo,hub,uniform,190,0x1.19e0119e0119ep-10,6;30;9,9;12
20201014.gml.geo,hub,uniform,191,0x1.19e0119e0119ep-10,6;30;10,9;13
20201014.gml.geo,hub,uniform,192,0x1.19e0119e0119ep-10,6;30;11,9;14
20201014.gml.geo,hub,uniform,193,0x1.19e0119e0119ep-10,6;30;12,9;15
20201014.gml.geo,hub,uniform,194,0x1.19e0119e0119ep-10,6;30;13,9;16
20201014.gml.geo,hub,uniform,195,0x1.19e0119e0119ep-10,6;30;14,9;17
20201014.gml.geo,hub,uniform,196,0x1.19e0119e0119ep-10,6;30;15,9;18
20201014.gml.geo,hub,uniform,197,0x1.19e0119e0119ep-10,6;30;16,9;19
20201014.gml.geo,hub,uniform,198,0x1.19e0119e0119ep-10,6;30;17,9;20
20201014.gml.geo,hub,uniform,199,0x1.19e0119e0119ep-10,6;30;18,9;21
20201014.gml.geo,hub,uniform,200,0x1.19e0119e0119ep-10,6;30;19,9;22
20201014.gml.geo,hub,uniform,201,0x1.19e0119e0119ep-10,6;30;20,9;23
20201014.gml.geo,hub,uniform,202,0x1.19e0119e0119ep-10,6;30;21,9;24
20201014.gml.geo,hub,uniform,203,0x1.19e0119e0119ep-10,6;30;22,9;25
20201014.gml.geo,hub,uniform,204,0x1.19e0119e0119ep-10,6;30;23,9;26
20201014.gml.geo,hub,uniform,205,0x1.19e0119e0119ep-10,6;30;24,9;27
20201014.gml.geo,hub,uniform,206,0x1.19e0119e0119ep-10,6;30;25,9;28
20201014.gml.geo,hub,uniform,207,0x1.19e0119e0119ep-10,6;30;26,9;29
20201014.gml.geo,hub,uniform,208,0x1.19e0119e0119ep-10,6;30;27,9;30
20201014.gml.geo,hub,uniform,209,0x1.19e0119e0119ep-10,6;30;28,9;31
20201014.gml.geo,hub,uniform,210,0x1.19e0119e0119ep-10,6;30;29,9;32
20201014.gml.geo,hub,uniform,211,0x1.19e0119e0119ep-10,6;30,9
20201014.gml.geo,hub,uniform,212,0x1.19e0119e0119ep-10,7;30;0,10;0
20201014.gml.geo,hub,uniform,213,0x1.19e0119e0119ep-10,7;30;1,10;1
20201014.gml.geo,hub,uniform,214,0x1.19e0119e0119ep-10,7;30;2,10;5
20201014.gml.geo,hub,uniform,215,0x1.19e0119e0119ep-10,7;30;3,10;6
20201014.gml.geo,hub,uniform,216,0x1.19e0119e0119ep-10,7;30;4,10;7
20201014.gml.geo,hub,uniform,217,0x1.19e0119e0119ep-10,7;30;5,10;8
20201014.gml.geo,hub,uniform,218,0x1.19e0119e0119ep-10,7;30;6,10;9
20201014.gml.geo,hub,uniform,219,0x1.19e0119e0119ep-10,7;30;8,10;11
20201014.gml.geo,hub,uniform,220,0x1.19e0119e0119ep-10,7;30;9,10;12
20201014.gml.geo,hub,uniform,221,0x1.19e0119e0119ep-10,7;30;10,10;13
20201014.gml.geo,hub,uniform,222,0x1.19e0119e0119ep-10,7;30;11,10;14
20201014.gml.geo,hub,uniform,223,0x1.19e0119e0119ep-10,7;30;12,10;15
20201014.gml.geo,hub,uniform,224,0x1.19e0119e0119ep-10,7;30;13,10;16
20201014.gml.geo,hub,uniform,225,0x1.19e0119e0119ep-10,7;30;14,10;17
20201014.gml.geo,hub,uniform,226,0x1.19e0119e0119ep-10,7;30;15,10;18
20201014.gml.geo,hub,uniform,227,0x1.19e0119e0119ep-10,7;30;16,10;19
20201014.gml.geo,hub,uniform,228,0x1.19e0119e0119ep-10,7;30;17,10;20
20201014.gml.geo,hub,uniform,229,0x1.19e0119e0119ep-10,7;30;18,10;21
20201014.gml.geo,hub,uniform,230,0x1.19e0119e0119ep-10,7;30;19,10;22
20201014.gml.geo,hub,uniform,231,0x1.19e0119e0119ep-10,7;30;20,10;23
20201014.gml.geo,hub,uniform,232,0x1.19e0119e0119ep-10,7;30;21,10;24
20201014.gml.geo,hub,uniform,233,0x1.19e0119e0119ep-10,7;30;22,10;25
20201014.gml.geo,hub,uniform,234,0x1.19e0119e0119ep-10,7;30;23,10;26
20201014.gml.geo,hub,uniform,235,0x1.19e0119e0119ep-10,7;30;24,10;27
20201014.gml.geo,hub,uniform,236,0x1.19e0119e0119ep-10,7;30;25,10;28
20201014.gml.geo,hub,uniform,237,0x1.19e0119e0119ep-10,7;30;26,10;29
20201014.gml.geo,hub,uniform,238,0x1.19e0119e0119ep-10,7;30;27,10;30
20201014.gml.geo,hub,uniform,239,0x1.19e0119e0119ep-10,7;30;28,10;31
20201014.gml.geo,hub,uniform,240,0x1.19e0119e0119ep-10,7;30;29,10;32
20201014.gml.geo,hub,uniform,241,0x1.19e0119e0119ep-10,7;30,10
20201014.gml.geo,hub,uniform,242,0x1.19e0119e0119ep-10,8;30;0,11;0
20201014.gml.geo,hub,uniform,243,0x1.19e0119e0119ep-10,8;30;1,11;1
20201014.gml.geo,hub,uniform,244,0x1.19e0119e0119ep-10,8;30;2,11;5
20201014.gml.geo,hub,uniform,245,0x1.19e0119e0119ep-10,8;30;3,11;6
20201014.gml.geo,hub,uniform,246,0x1.19e0119e0119ep-10,8;30;4,11;7
20201014.gml.geo,hub,uniform,247,0x1.19e0119e0119ep-10,8;30;5,11;8
20201014.gml.geo,hub,uniform,248,0x1.19e0119e0119ep-10,8;30;6,11;9
20201014.gml.geo,hub,uniform,249,0x1.19e0119e0119ep-10,8;30;7,11;10
20201014.gml.geo,hub,uniform,250,0x1.19e0119e0119ep-10,8;30;9,11;12
20201014.gml.geo,hub,uniform,251,0x1.19e0119e0119ep-10,8;30;10,11;13
20201014.gml.geo,hub,uniform,252,0x1.19e0119e0119ep-10,8;30;11,11;14
20201014.gml.geo,hub,uniform,253,0x1.19e0119e0119ep-10,8;30;12,11;15
20201014.gml.geo,hub,uniform,254,0x1.19e0119e0119ep-10,8;30;13,11;16
20201014.gml.geo,hub,uniform,255,0x1.19e0119e0119ep-10,8;30;14,11;17
20201014.gml.geo,hub,uniform,256,0x1.19e0119e0119ep-10,8;30;15,11;18
20201014.gml.geo,hub,uniform,257,0x1.19e0119e0119ep-10,8;30;16,11;19
20201014.gml.geo,hub,uniform,258,0x1.19e0119e0119ep-10,8;30;17,11;20
20201014.gml.geo,hub,uniform,259,0x1.19e0119e0119ep-10,8;30;18,11;21
20201014.gml.geo,hub,uniform,260,0x1.19e0119e0119ep-10,8;30;19,11;22
20201014.gml.geo,hub,uniform,261,0x1.19e0119e0119ep-10,8;30;20,11;23
20201014.gml.geo,hub,uniform,262,0x1.19e0119e0119ep-10,8;30;21,11;24
20201014.gml.geo,hub,uniform,263,0x1.19e0119e0119ep-10,8;30;22,11;25
20201014.gml.geo,hub,uniform,264,0x1.19e0119e0119ep-10,8;30;23,11;26
20201014.gml.geo,hub,uniform,265,0x1.19e0119e0119ep-10,8;30;24,11;27
20201014.gml.geo,hub,uniform,266,0x1.19e0119e0119ep-10,8;30;25,11;28
20201014.gml.geo,hub,uniform,267,0x1.19e0119e0119ep-10,8;30;26,11;29
20201014.gml.geo,hub,uniform,268,0x1.19e0119e0119ep-10,8;30;27,11;30
20201014.gml.geo,hub,uniform,269,0x1.19e0119e0119ep-10,8;30;28,11;31
20201014.gml.geo,hub,uniform,270,0x1.19e0119e0119ep-10,8;30;29,11;32
20201014.gml.geo,hub,uniform,271,0x1.19e0119e0119ep-10,8;30,11
20201014.gml.geo,hub,uniform,272,0x1.19e0119e0119ep-10,9;30;0,12;0
20201014.gml.geo,hub,uniform,273,0x1.19e0119e0119ep-10,9;30;1,12;1
20201014.gml.geo,hub,uniform,274,0x1.19e0119e0119ep-10,9;30;2,12;5
20201014.gml.geo,hub,uniform,275,0x1.19e0119e0119ep-10,9;30;3,12;6
20201014.gml.geo,hub,uniform,276,0x1.19e0119e0119ep-10,9;30;4,12;7
20201014.gml.geo,hub,uniform,277,0x1.19e0119e0119ep-10,9;30;5,12;8
20201014.gml.geo,hub,uniform,278,0x1.19e0119e0119ep-10,9;30;6,12;9
20201014.gml.geo,hub,uniform,279,0x1.19e0119e0119ep-10,9;30;7,12;10
20201014.gml.geo,hub,uniform,280,0x1.19e0119e0119ep-10,9;30;8,12;11
20201014.gml.geo,hub,uniform,281,0x1.19e0119e0119ep-10,9;30;10,12;13
20201014.gml.geo,hub,uniform,282,0x1.19e0119e0119ep-10,9;30;11,12;14
20201014.gml.geo,hub,uniform,283,0x1.19e0119e0119ep-10,9;30;12,12;15
20201014.gml.geo,hub,uniform,284,0x1.19e0119e0119ep-10,9;30;13,12;16
20201014.gml.geo,hub,uniform,285,0x1.19e0119e0119ep-10,9;30;14,12;17
20201014.gml.geo,hub,uniform,286,0x1.19e0119e0119ep-10,9;30;15,12;18
20201014.gml.geo,hub,uniform,287,0x1.19e0119e0119ep-10,9;30;16,12;19
20201014.gml.geo,hub,uniform,288,0x1.19e0119e0119ep-10,9;30;17,12;20
20201014.gml.geo,hub,uniform,289,0x1.19e0119e0119ep-10,9;30;18,12;21
20201014.gml.geo,hub,uniform,290,0x1.19e0119e0119ep-10,9;30;19,12;22
20201014.gml.geo,hub,uniform,291,0x1.19e0119e0119ep-10,9;30;20,12;23
20201014.gml.geo,hub,uniform,292,0x1.19e0119e0119ep-10,9;30;21,12;24
20201014.gml.geo,hub,uniform,293,0x1.19e0119e0119ep-10,9;30;22,12;25
20201014.gml.geo,hub,uniform,294,0x1.19e0119e0119ep-10,9;30;23,12;26
20201014.gml.geo,hub,uniform,295,0x1.19e0119e0119ep-10,9;30;24,12;27
20201014.gml.geo,hub,uniform,296,0x1.19e0119e0119ep-10,9;30;25,12;28
20201014.gml.geo,hub,uniform,297,0x1.19e0119e0119ep-10,9;30;26,12;29
20201014.gml.geo,hub,uniform,298,0x1.19e0119e0119ep-10,9;30;27,12;30
20201014.gml.geo,hub,uniform,299,0x1.19e0119e0119ep-10,9;30;28,12;31
20201014.gml.geo,hub,uniform,300,0x1.19e0119e0119ep-10,9;30;29,12;32
20201014.gml.geo,hub,uniform,301,0x1.19e0119e0119ep-10,9;30,12
20201014.gml.geo,hub,uniform,302,0x1.19e0119e0119ep-10,10;30;0,13;0
20201014.gml.geo,hub,uniform,303,0x1.19e0119e0119ep-10,10;30;1,13;1
20201014.gml.geo,hub,uniform,304,0x1.19e0119e0119ep-10,10;30;2,13;5
20201014.gml.geo,hub,uniform,305,0x1.19e0119e0119ep-10,10;30;3,13;6
20201014.gml.geo,hub,uniform,306,0x1.19e0119e0119ep-10,10;30;4,13;7
20201014.gml.geo,hub,uniform,307,0x1.19e0119e0119ep-10,10;30;5,13;8
20201014.gml.geo,hub,uniform,308,0x1.19e0119e0119ep-10,10;30;6,13;9
20201014.gml.geo,hub,uniform,309,0x1.19e0119e0119ep-10,10;30;7,13;10
20201014.gml.geo,hub,uniform,310,0x1.19e0119e0119ep-10,10;30;8,13;11
20201014.gml.geo,hub,uniform,311,0x1.19e0119e0119ep-10,10;30;9,13;12
20201014.gml.geo,hub,uniform,312,0x1.19e0119e0119ep-10,10;30;11,13;14
20201014.gml.geo,hub,uniform,313,0x1.19e0119e0119ep-10,10;30;12,13;15
20201014.gml.geo,hub,uniform,314,0x1.19e0119e0119ep-10,10;30;13,13;16
20201014.gml.geo,hub,uniform,315,0x1.19e0119e0119ep-10,10;30;14,13;17
20201014.gml.geo,hub,uniform,316,0x1.19e0119e0119ep-10,10;30;15,13;18
20201014.gml.geo,hub,uniform,317,0x1.19e0119e0119ep-10,10;30;16,13;19
20201014.gml.geo,hub,uniform,318,0x1.19e0119e0119ep-10,10;30;17,13;20
20201014.gml.geo,hub,uniform,319,0x1.19e0119e0119ep-10,10;30;18,13;21
20201014.gml.geo,hub,uniform,320,0x1.19e0119e0119ep-10,10;30;19,13;22
20201014.gml.geo,hub,uniform,321,0x1.19e0119e0119ep-10,10;30;20,13;23
20201014.gml.geo,hub,uniform,322,0x1.19e0119e0119ep-10,10;30;21,13;24
20201014.gml.geo,hub,uniform,323,0x1.19e0119e0119ep-10,10;30;22,13;25
20201014.gml.geo,hub,uniform,324,0x1.19e0119e0119ep-10,10;30;23,13;26
20201014.gml.geo,hub,uniform,325,0x1.19e0119e0119ep-10,10;30;24,13;27
20201014.gml.geo,hub,uniform,326,0x1.19e0119e0119ep-10,10;30;25,13;28
20201014.gml.geo,hub,uniform,327,0x1.19e0119e0119ep-10,10;30;26,13;29
20201014.gml.geo,hub,uniform,328,0x1.19e0119e0119ep-10,10;30;27,13;30
20201014.gml.geo,hub,uniform,329,0x1.19e0119e0119ep-10,10;30;28,13;31
20201014.gml.geo,hub,uniform,330,0x1.19e0119e0119ep-10,10;30;29,13;32
20201014.gml.geo,hub,uniform,331,0x1.19e0119e0119ep-10,10;30,13
20201014.gml.geo,hub,uniform,332,0x1.19e0119e0119ep-10,11;30;0,14;0
20201014.gml.geo,hub,uniform,333,0x1.19e0119e0119ep-10,11;30;1,14;1
20201014.gml.geo,hub,uniform,334,0x1.19e0119e0119ep-10,11;30;2,14;5
20201014.gml.geo,hub,uniform,335,0x1.19e0119e0119ep-10,11;30;3,14;6
20201014.gml.geo,hub,uniform,336,0x1.19e0119e0119ep-10,11;30;4,14;7
20201014.gml.geo,hub,uniform,337,0x1.19e0119e0119ep-10,11;30;5,14;8
20201014.gml.geo,hub,uniform,338,0x1.19e0119e0119ep-10,11;30;6,14;9
20201014.gml.geo,hub,uniform,339,0x1.19e0119e0119ep-10,11;30;7,14;10
20201014.gml.geo,hub,uniform,340,0x1.19e0119e0119ep-10,11;30;8,14;11
20201014.gml.geo,hub,uniform,341,0x1.19e0119e0119ep-10,11;30;9,14;12
20201014.gml.geo,hub,uniform,342,0x1.19e0119e0119ep-10,11;30;10,14;13
20201014.gml.geo,hub,uniform,343,0x1.19e0119e0119ep-10,11;30;12,14;15
20201014.gml.geo,hub,uniform,344,0x1.19e0119e0119ep-10,11;30;13,14;16
20201014.gml.geo,hub,uniform,345,0x1.19e0119e0119ep-10,11;30;14,14;17
20201014.gml.geo,hub,uniform,346,0x1.19e0119e0119ep-10,11;30;15,14;18
20201014.gml.geo,hub,uniform,347,0x1.19e0119e0119ep-10,11;30;16,14;19
20201014.gml.geo,hub,uniform,348,0x1.19e0119e0119ep-10,11;30;17,14;20
20201014.gml.geo,hub,uniform,349,0x1.19e0119e0119ep-10,11;30;18,14;21
20201014.gml.geo,hub,uniform,350,0x1.19e0119e0119ep-10,11;30;19,14;22
20201014.gml.geo,hub,uniform,351,0x1.19e0119e0119ep-10,11;30;20,14;23
20201014.gml.geo,hub,uniform,352,0x1.19e0119e0119ep-10,11;30;21,14;24
20201014.gml.geo,hub,uniform,353,0x1.19e0119e0119ep-10,11;30;22,14;25
20201014.gml.geo,hub,uniform,354,0x1.19e0119e0119ep-10,11;30;23,14;26
20201014.gml.geo,hub,uniform,355,0x1.19e0119e0119ep-10,11;30;24,14;27
20201014.gml.geo,hub,uniform,356,0x1.19e0119e0119ep-10,11;30;25,14;28
20201014.gml.geo,hub,uniform,357,0x1.19e0119e0119ep-10,11;30;26,14;29
20201014.gml.geo,hub,uniform,358,0x1.19e0119e0119ep-10,11;30;27,14;30
20201014.gml.geo,hub,uniform,359,0x1.19e0119e0119ep-10,11;30;28,14;31
20201014.gml.geo,hub,uniform,360,0x1.19e0119e0119ep-10,11;30;29,14;32
20201014.gml.geo,hub,uniform,361,0x1.19e0119e0119ep-10,11;30,14
20201014.gml.geo,hub,uniform,362,0x1.19e0119e0119ep-10,12;30;0,15;0
20201014.gml.geo,hub,uniform,363,0x1.19e0119e0119ep-10,12;30;1,15;1
20201014.gml.geo,hub,uniform,364,0x1.19e0119e0119ep-10,12;30;2,15;5
20201014.gml.geo,hub,uniform,365,0x1.19e0119e0119ep-10,12;30;3,15;6
20201014.gml.geo,hub,uniform,366,0x1.19e0119e0119ep-10,12;30;4,15;7
20201014.gml.geo,hub,uniform,367,0x1.19e0119e0119ep-10,12;30;5,15;8
20201014.gml.geo,hub,uniform,368,0x1.19e0119e0119ep-10,12;30;6,15;9
20201014.gml.geo,hub,uniform,369,0x1.19e0119e0119ep-10,12;30;7,15;10
20201014.gml.geo,hub,uniform,370,0x1.19e0119e0119ep-10,12;30;8,15;11
20201014.gml.geo,hub,uniform,371,0x1.19e0119e0119ep-10,12;30;9,15;12
20201014.gml.geo,hub,uniform,372,0x1.19e0119e0119ep-10,12;30;10,15;13
20201014.gml.geo,hub,uniform,373,0x1.19e0119e0119ep-10,12;30;11,15;14
20201014.gml.geo,hub,uniform,374,0x1.19e0119e0119ep-10,12;30;13,15;16
20201014.gml.geo,hub,uniform,375,0x1.19e0119e0119ep-10,12;30;14,15;17
20201014.gml.geo,hub,uniform,376,0x1.19e0119e0119ep-10,12;30;15,15;18
20201014.gml.geo,hub,uniform,377,0x1.19e0119e0119ep-10,12;30;16,15;19
20201014.gml.geo,hub,uniform,378,0x1.19e0119e0119ep-10,12;30;17,15;20
20201014.gml.geo,hub,uniform,379,0x1.19e0119e0119ep-10,12;30;18,15;21
20201014.gml.geo,hub,uniform,380,0x1.19e0119e0119ep-10,12;30;19,15;22
20201014.gml.geo,hub,uniform,381,0x1.19e0119e0119ep-10,12;30;20,15;23
20201014.gml.geo,hub,uniform,382,0x1.19e0119e0119ep-10,12;30;21,15;24
20201014.gml.geo,hub,uniform,383,0x1.19e0119e0119ep-10,12;30;22,15;25
20201014.gml.geo,hub,uniform,384,0x1.19e0119e0119ep-10,12;30;23,15;26
20201014.gml.geo,hub,uniform,385,0x1.19e0119e0119ep-10,12;30;24,15;27
20201014.gml.geo,hub,uniform,386,0x1.19e0119e0119ep-10,12;30;25,15;28
20201014.gml.geo,hub,uniform,387,0x1.19e0119e0119ep-10,12;30;26,15;29
20201014.gml.geo,hub,uniform,388,0x1.19e0119e0119ep-10,12;30;27,15;30
20201014.gml.geo,hub,uniform,389,0x1.19e0119e0119ep-10,12;30;28,15;31
20201014.gml.geo,hub,uniform,390,0x1.19e0119e0119ep-10,12;30;29,15;32
20201014.gml.geo,hub,uniform,391,0x1.19e0119e0119ep-10,12;30,15
20201014.gml.geo,hub,uniform,392,0x1.19e0119e0119ep-10,13;30;0,16;0
20201014.gml.geo,hub,uniform,393,0x1.19e0119e0119ep-10,13;30;1,16;1
20201014.gml.geo,hub,uniform,394,0x1.19e0119e0119ep-10,13;30;2,16;5
20201014.gml.geo,hub,uniform,395,0x1.19e0119e0119ep-10,13;30;3,16;6
20201014.gml.geo,hub,uniform,396,0x1.19e0119e0119ep-10,13;30;4,16;7
20201014.gml.geo,hub,uniform,397,0x1.19e0119e0119ep-10,13;30;5,16;8
20201014.gml.geo,hub,uniform,398,0x1.19e0119e0119ep-10,13;30;6,16;9
20201014.gml.geo,hub,uniform,399,0x1.19e0119e0119ep-10,13;30;7,16;10
20201014.gml.geo,hub,uniform,400,0x1.19e0119e0119ep-10,13;30;8,16;11
20201014.gml.geo,hub,uniform,401,0x1.19e0119e0119ep-10,13;30;9,16;12
20201014.gml.geo,hub,uniform,402,0x1.19e0119e0119ep-10,13;30;10,16;13
20201014.gml.geo,hub,uniform,403,0x1.19e0119e0119ep-10,13;30;11,16;14
20201014.gml.geo,hub,uniform,404,0x1.19e0119e0119ep-10,13;30;12,16;15
20201014.gml.geo,hub,uniform,405,0x1.19e0119e0119ep-10,13;30;14,16;17
20201014.gml.geo,hub,uniform,406,0x1.19e0119e0119ep-10,13;30;15,16;18
20201014.gml.geo,hub,uniform,407,0x1.19e0119e0119ep-10,13;30;16,16;19
20201014.gml.geo,hub,uniform,408,0x1.19e0119e0119ep-10,13;30;17,16;20
20201014.gml.geo,hub,uniform,409,0x1.19e0119e0119ep-10,13;30;18,16;21
20201014.gml.geo,hub,uniform,410,0x1.19e0119e0119ep-10,13;30;19,16;22
20201014.gml.geo,hub,uniform,411,0x1.19e0119e0119ep-10,13;30;20,16;23
20201014.gml.geo,hub,uniform,412,0x1.19e0119e0119ep-10,13;30;21,16;24
20201014.gml.geo,hub,uniform,413,0x1.19e0119e0119ep-10,13;30;22,16;25
20201014.gml.geo,hub,uniform,414,0x1.19e0119e0119ep-10,13;30;23,16;26
20201014.gml.geo,hub,uniform,415,0x1.19e0119e0119ep-10,13;30;24,16;27
20201014.gml.geo,hub,uniform,416,0x1.19e0119e0119ep-10,13;30;25,16;28
20201014.gml.geo,hub,uniform,417,0x1.19e0119e0119ep-10,13;30;26,16;29
20201014.gml.geo,hub,uniform,418,0x1.19e0119e0119ep-10,13;30;27,16;30
20201014.gml.geo,hub,uniform,419,0x1.19e0119e0119ep-10,13;30;28,16;31
20201014.gml.geo,hub,uniform,420,0x1.19e0119e0119ep-10,13;30;29,16;32
20201014.gml.geo,hub,uniform,421,0x1.19e0119e0119ep-10,13;30,16
20201014.gml.geo,hub,uniform,422,0x1.19e0119e0119ep-10,14;30;0,17;0
20201014.gml.geo,hub,uniform,423,0x1.19e0119e0119ep-10,14;30;1,17;1
20201014.gml.geo,hub,uniform,424,0x1.19e0119e0119ep-10,14;30;2,17;5
20201014.gml.geo,hub,uniform,425,0x1.19e0119e0119ep-10,14;30;3,17;6
20201014.gml.geo,hub,uniform,426,0x1.19e0119e0119ep-10,14;30;4,17;7
20201014.gml.geo,hub,uniform,427,0x1.19e0119e0119ep-10,14;30;5,17;8
20201014.gml.geo,hub,uniform,428,0x1.19e0119e0119ep-10,14;30;6,17;9
20201014.gml.geo,hub,uniform,429,0x1.19e0119e0119ep-10,14;30;7,17;10
20201014.gml.geo,hub,uniform,430,0x1.19e0119e0119ep-10,14;30;8,17;11
20201014.gml.geo,hub,uniform,431,0x1.19e0119e0119ep-10,14;30;9,17;12
20201014.gml.geo,hub,uniform,432,0x1.19e0119e0119ep-10,14;30;10,17;13
20201014.gml.geo,hub,uniform,433,0x1.19e0119e0119ep-10,14;30;11,17;14
20201014.gml.geo,hub,uniform,434,0x1.19e0119e0119ep-10,14;30;12,17;15
20201014.gml.geo,hub,uniform,435,0x1.19e0119e0119ep-10,14;30;13,17;16
20201014.gml.geo,hub,uniform,436,0x1.19e0119e0119ep-10,14;30;15,17;18
20201014.gml.geo,hub,uniform,437,0x1.19e0119e0119ep-10,14;30;16,17;19
20201014.gml.geo,hub,uniform,438,0x1.19e0119e0119ep-10,14;30;17,17;20
20201014.gml.geo,hub,uniform,439,0x1.19e0119e0119ep-10,14;30;18,17;21
20201014.gml.geo,hub,uniform,440,0x1.19e0119e0119ep-10,14;30;19,17;22
20201014.gml.geo,hub,uniform,441,0x1.19e0119e0119ep-10,14;30;20,17;23
20201014.gml.geo,hub,uniform,442,0x1.19e0119e0119ep-10,14;30;21,17;24
20201014.gml.geo,hub,uniform,443,0x1.19e0119e0119ep-10,14;30;22,17;25
20201014.gml.geo,hub,uniform,444,0x1.19e0119e0119ep-10,14;30;23,17;26
20201014.gml.geo,hub,uniform,445,0x1.19e0119e0119ep-10,14;30;24,17;27
20201014.gml.geo,hub,uniform,446,0x1.19e0119e0119ep-10,14;30;25,17;28
20201014.gml.geo,hub,uniform,447,0x1.19e0119e0119ep-10,14;30;26,17;29
20201014.gml.geo,hub,uniform,448,0x1.19e0119e0119ep-10,14;30;27,17;30
20201014.gml.geo,hub,uniform,449,0x1.19e0119e0119ep-10,14;30;28,17;31
20201014.gml.geo,hub,uniform,450,0x1.19e0119e0119ep-10,14;30;29,17;32
20201014.gml.geo,hub,uniform,451,0x1.19e0119e0119ep-10,14;30,17
20201014.gml.geo,hub,uniform,452,0x1.19e0119e0119ep-10,15;30;0,18;0
20201014.gml.geo,hub,uniform,453,0x1.19e0119e0119ep-10,15;30;1,18;1
20201014.gml.geo,hub,uniform,454,0x1.19e0119e0119ep-10,15;30;2,18;5
20201014.gml.geo,hub,uniform,455,0x1.19e0119e0119ep-10,15;30;3,18;6
20201014.gml.geo,hub,uniform,456,0x1.19e0119e0119ep-10,15;30;4,18;7
20201014.gml.geo,hub,uniform,457,0x1.19e0119e0119ep-10,15;30;5,18;8
20201014.gml.geo,hub,uniform,458,0x1.19e0119e0119ep-10,15;30;6,18;9
20201014.gml.geo,hub,uniform,459,0x1.19e0119e0119ep-10,15;30;7,18;10
20201014.gml.geo,hub,uniform,460,0x1.19e0119e0119ep-10,15;30;8,18;11
20201014.gml.geo,hub,uniform,461,0x1.19e0119e0119ep-10,15;30;9,18;12
20201014.gml.geo,hub,uniform,462,0x1.19e0119e0119ep-10,15;30;10,18;13
20201014.gml.geo,hub,uniform,463,0x1.19e0119e0119ep-10,15;30;11,18;14
20201014.gml.geo,hub,uniform,464,0x1.19e0119e0119ep-10,15;30;12,18;15
20201014.gml.geo,hub,uniform,465,0x1.19e0119e0119ep-10,15;30;13,18;16
20201014.gml.geo,hub,uniform,466,0x1.19e0119e0119ep-10,15;30;14,18;17
20201014.gml.geo,hub,uniform,467,0x1.19e0119e0119ep-10,15;30;16,18;19
20201014.gml.geo,hub,uniform,468,0x1.19e0119e0119ep-10,15;30;17,18;20
20201014.gml.geo,hub,uniform,469,0x1.19e0119e0119ep-10,15;30;18,18;21
20201014.gml.geo,hub,uniform,470,0x1.19e0119e0119ep-10,15;30;19,18;22
20201014.gml.geo,hub,uniform,471,0x1.19e0119e0119ep-10,15;30;20,18;23
20201014.gml.geo,hub,uniform,472,0x1.19e0119e0119ep-10,15;30;21,18;24
20201014.gml.geo,hub,uniform,473,0x1.19e0119e0119ep-10,15;30;22,18;25
20201014.gml.geo,hub,uniform,474,0x1.19e0119e0119ep-10,15;30;23,18;26
20201014.gml.geo,hub,uniform,475,0x1.19e0119e0119ep-10,15;30;24,18;27
20201014.gml.geo,hub,uniform,476,0x1.19e0119e0119ep-10,15;30;25,18;28
20201014.gml.geo,hub,uniform,477,0x1.19e0119e0119ep-10,15;30;26,18;29
20201014.gml.geo,hub,uniform,478,0x1.19e0119e0119ep-10,15;30;27,18;30
20201014.gml.geo,hub,uniform,479,0x1.19e0119e0119ep-10,15;30;28,18;31
20201014.gml.geo,hub,uniform,480,0x1.19e0119e0119ep-10,15;30;29,18;32
20201014.gml.geo,hub,uniform,481,0x1.19e0119e0119ep-10,15;30,18
20201014.gml.geo,hub,uniform,482,0x1.19e0119e0119ep-10,16;30;0,19;0
20201014.gml.geo,hub,uniform,483,0x1.19e0119e0119ep-10,16;30;1,19;1
20201014.gml.geo,hub,uniform,484,0x1.19e0119e0119ep-10,16;30;2,19;5
20201014.gml.geo,hub,uniform,485,0x1.19e0119e0119ep-10,16;30;3,19;6
20201014.gml.geo,hub,uniform,486,0x1.19e0119e0119ep-10,16;30;4,19;7
20201014.gml.geo,hub,uniform,487,0x1.19e0119e0119ep-10,16;30;5,19;8
20201014.gml.geo,hub,uniform,488,0x1.19e0119e0119ep-10,16;30;6,19;9
20201014.gml.geo,hub,uniform,489,0x1.19e0119e0119ep-10,16;30;7,19;10
20201014.gml.geo,hub,uniform,490,0x1.19e0119e0119ep-10,16;30;8,19;11
20201014.gml.geo,hub,uniform,491,0x1.19e0119e0119ep-10,16;30;9,19;12
20201014.gml.geo,hub,uniform,492,0x1.19e0119e0119ep-10,16;30;10,19;13
20201014.gml.geo,hub,uniform,493,0x1.19e0119e0119ep-10,16;30;11,19;14
20201014.gml.geo,hub,uniform,494,0x1.19e0119e0119ep-10,16;30;12,19;15
20201014.gml.geo,hub,uniform,495,0x1.19e0119e0119ep-10,16;30;13,19;16
20201014.gml.geo,hub,uniform,496,0x1.19e0119e0119ep-10,16;30;14,19;17
20201014.gml.geo,hub,uniform,497,0x1.19e0119e0119ep-10,16;30;15,19;18
20201014.gml.geo,hub,uniform,498,0x1.19e0119e0119ep-10,16;30;17,19;20
20201014.gml.geo,hub,uniform,499,0x1.19e0119e0119ep-10,16;30;18,19;21
20201014.gml.geo,hub,uniform,500,0x1.19e0119e0119ep-10,16;30;19,19;22
20201014.gml.geo,hub,uniform,501,0x1.19e0119e0119ep-10,16;30;20,19;23
20201014.gml.geo,hub,uniform,502,0x1.19e0119e0119ep-10,16;30;21,19;24
20201014.gml.geo,hub,uniform,503,0x1.19e0119e0119ep-10,16;30;22,19;25
20201014.gml.geo,hub,uniform,504,0x1.19e0119e0119ep-10,16;30;23,19;26
20201014.gml.geo,hub,uniform,505,0x1.19e0119e0119ep-10,16;30;24,19;27
20201014.gml.geo,hub,uniform,506,0x1.19e0119e0119ep-10,16;30;25,19;28
20201014.gml.geo,hub,uniform,507,0x1.19e0119e0119ep-10,16;30;26,19;29
20201014.gml.geo,hub,uniform,508,0x1.19e0119e0119ep-10,16;30;27,19;30
20201014.gml.geo,hub,uniform,509,0x1.19e0119e0119ep-10,16;30;28,19;31
20201014.gml.geo,hub,uniform,510,0x1.19e0119e0119ep-10,16;30;29,19;32
20201014.gml.geo,hub,uniform,511,0x1.19e0119e0119ep-10,16;30,19
20201014.gml.geo,hub,uniform,512,0x1.19e0119e0119ep-10,17;30;0,20;0
20201014.gml.geo,hub,uniform,513,0x1.19e0119e0119ep-10,17;30;1,20;1
20201014.gml.geo,hub,uniform,514,0x1.19e0119e0119ep-10,17;30;2,20;5
20201014.gml.geo,hub,uniform,515,0x1.19e0119e0119ep-10,17;30;3,20;6
20201014.gml.geo,hub,uniform,516,0x1.19e0119e0119ep-10,17;30;4,20;7
20201014.gml.geo,hub,uniform,517,0x1.19e0119e0119ep-10,17;30;5,20;8
20201014.gml.geo,hub,uniform,518,0x1.19e0119e0119ep-10,17;30;6,20;9
20201014.gml.geo,hub,uniform,519,0x1.19e0119e0119ep-10,17;30;7,20;10
20201014.gml.geo,hub,uniform,520,0x1.19e0119e0119ep-10,17;30;8,20;11
20201014.gml.geo,hub,uniform,521,0x1.19e0119e0119ep-10,17;30;9,20;12
20201014.gml.geo,hub,uniform,522,0x1.19e0119e0119ep-10,17;30;10,20;13
20201014.gml.geo,hub,uniform,523,0x1.19e0119e0119ep-10,17;30;11,20;14
20201014.gml.geo,hub,uniform,524,0x1.19e0119e0119ep-10,17;30;12,20;15
20201014.gml.geo,hub,uniform,525,0x1.19e0119e0119ep-10,17;30;13,20;16
20201014.gml.geo,hub,uniform,526,0x1.19e0119e0119ep-10,17;30;14,20;17
20201014.gml.geo,hub,uniform,527,0x1.19e0119e0119ep-10,17;30;15,20;18
20201014.gml.geo,hub,uniform,528,0x1.19e0119e0119ep-10,17;30;16,20;19
20201014.gml.geo,hub,uniform,529,0x1.19e0119e0119ep-10,17;30;18,20;21
20201014.gml.geo,hub,uniform,530,0x1.19e0119e0119ep-10,17;30;19,20;22
20201014.gml.geo,hub,uniform,531,0x1.19e0119e0119ep-10,17;30;20,20;23
20201014.gml.geo,hub,uniform,532,0x1.19e0119e0119ep-10,17;30;21,20;24
20201014.gml.geo,hub,uniform,533,0x1.19e0119e0119ep-10,17;30;22,20;25
20201014.gml.geo,hub,uniform,534,0x1.19e0119e0119ep-10,17;30;23,20;26
20201014.gml.geo,hub,uniform,535,0x1.19e0119e0119ep-10,17;30;24,20;27
20201014.gml.geo,hub,uniform,536,0x1.19e0119e0119ep-10,17;30;25,20;28
20201014.gml.geo,hub,uniform,537,0x1.19e0119e0119ep-10,17;30;26,20;29
20201014.gml.geo,hub,uniform,538,0x1.19e0119e0119ep-10,17;30;27,20;30
20201014.gml.geo,hub,uniform,539,0x1.19e0119e0119ep-10,17;30;28,20;31
20201014.gml.geo,hub,uniform,540,0x1.19e0119e0119ep-10,17;30;29,20;32
20201014.gml.geo,hub,uniform,541,0x1.19e0119e0119ep-10,17;30,20
20201014.gml.geo,hub,uniform,542,0x1.19e0119e0119ep-10,18;30;0,21;0
20201014.gml.geo,hub,uniform,543,0x1.19e0119e0119ep-10,18;30;1,21;1
20201014.gml.geo,hub,uniform,544,0x1.19e0119e0119ep-10,18;30;2,21;5
20201014.gml.geo,hub,uniform,545,0x1.19e0119e0119ep-10,18;30;3,21;6
20201014.gml.geo,hub,uniform,546,0x1.19e0119e0119ep-10,18;30;4,21;7
20201014.gml.geo,hub,uniform,547,0x1.19e0119e0119ep-10,18;30;5,21;8
20201014.gml.geo,hub,uniform,548,0x1.19e0119e0119ep-10,18;30;6,21;9
20201014.gml.geo,hub,uniform,549,0x1.19e0119e0119ep-10,18;30;7,21;10
20201014.gml.geo,hub,uniform,550,0x1.19e0119e0119ep-10,18;30;8,21;11
20201014.gml.geo,hub,uniform,551,0x1.19e0119e0119ep-10,18;30;9,21;12
20201014.gml.geo,hub,uniform,552,0x1.19e0119e0119ep-10,18;30;10,21;13
20201014.gml.geo,hub,uniform,553,0x1.19e0119e0119ep-10,18;30;11,21;14
20201014.gml.geo,hub,uniform,554,0x1.19e0119e0119ep-10,18;30;12,21;15
20201014.gml.geo,hub,uniform,555,0x1.19e0119e0119ep-10,18;30;13,21;16
20201014.gml.geo,hub,uniform,556,0x1.19e0119e0119ep-10,18;30;14,21;17
20201014.gml.geo,hub,uniform,557,0x1.19e0119e0119ep-10,18;30;15,21;18
20201014.gml.geo,hub,uniform,558,0x1.19e0119e0119ep-10,18;30;16,21;19
20201014.gml.geo,hub,uniform,559,0x1.19e0119e0119ep-10,18;30;17,21;20
20201014.gml.geo,hub,uniform,560,0x1.19e0119e0119ep-10,18;30;19,21;22
20201014.gml.geo,hub,uniform,561,0x1.19e0119e0119ep-10,18;30;20,21;23
20201014.gml.geo,hub,uniform,562,0x1.19e0119e0119ep-10,18;30;21,21;24
20201014.gml.geo,hub,uniform,563,0x1.19e0119e0119ep-10,18;30;22,21;25
20201014.gml.geo,hub,uniform,564,0x1.19e0119e0119ep-10,18;30;23,21;26
20201014.gml.geo,hub,uniform,565,0x1.19e0119e0119ep-10,18;30;24,21;27
20201014.gml.geo,hub,uniform,566,0x1.19e0119e0119ep-10,18;30;25,21;28
20201014.gml.geo,hub,uniform,567,0x1.19e0119e0119ep-10,18;30;26,21;29
20201014.gml.geo,hub,uniform,568,0x1.19e0119e0119ep-10,18;30;27,21;30
20201014.gml.geo,hub,uniform,569,0x1.19e0119e0119ep-10,18;30;28,21;31
20201014.gml.geo,hub,uniform,570,0x1.19e0119e0119ep-10,18;30;29,21;32
20201014.gml.geo,hub,uniform,571,0x1.19e0119e0119ep-10,18;30,21
20201014.gml.geo,hub,uniform,572,0x1.19e0119e0119ep-10,19;30;0,22;0
20201014.gml.geo,hub,uniform,573,0x1.19e0119e0119ep-10,19;30;1,22;1
20201014.gml.geo,hub,uniform,574,0x1.19e0119e0119ep-10,19;30;2,22;5
20201014.gml.geo,hub,uniform,575,0x1.19e0119e0119ep-10,19;30;3,22;6
20201014.gml.geo,hub,uniform,576,0x1.19e0119e0119ep-10,19;30;4,22;7
20201014.gml.geo,hub,uniform,577,0x1.19e0119e0119ep-10,19;30;5,22;8
20201014.gml.geo,hub,uniform,578,0x1.19e0119e0119ep-10,19;30;6,22;9
20201014.gml.geo,hub,uniform,579,0x1.19e0119e0119ep-10,19;30;7,22;10
20201014.gml.geo,hub,uniform,580,0x1.19e0119e0119ep-10,19;30;8,22;11
20201014.gml.geo,hub,uniform,581,0x1.19e0119e0119ep-10,19;30;9,22;12
20201014.gml.geo,hub,uniform,582,0x1.19e0119e0119ep-10,19;30;10,22;13
20201014.gml.geo,hub,uniform,583,0x1.19e0119e0119ep-10,19;30;11,22;14
20201014.gml.geo,hub,uniform,584,0x1.19e0119e0119ep-10,19;30;12,22;15
20201014.gml.geo,hub,uniform,585,0x1.19e0119e0119ep-10,19;30;13,22;16
20201014.gml.geo,hub,uniform,586,0x1.19e0119e0119ep-10,19;30;14,22;17
20201014.gml.geo,hub,uniform,587,0x1.19e0119e0119ep-10,19;30;15,22;18
20201014.gml.geo,hub,uniform,588,0x1.19e0119e0119ep-10,19;30;16,22;19
20201014.gml.geo,hub,uniform,589,0x1.19e0119e0119ep-10,19;30;17,22;20
20201014.gml.geo,hub,uniform,590,0x1.19e0119e0119ep-10,19;30;18,22;21
20201014.gml.geo,hub,uniform,591,0x1.19e0119e0119ep-10,19;30;20,22;23
20201014.gml.geo,hub,uniform,592,0x1.19e0119e0119ep-10,19;30;21,22;24
20201014.gml.geo,hub,uniform,593,0x1.19e0119e0119ep-10,19;30;22,22;25
20201014.gml.geo,hub,uniform,594,0x1.19e0119e0119ep-10,19;30;23,22;26
20201014.gml.geo,hub,uniform,595,0x1.19e0119e0119ep-10,19;30;24,22;27
20201014.gml.geo,hub,uniform,596,0x1.19e0119e0119ep-10,19;30;25,22;28
20201014.gml.geo,hub,uniform,597,0x1.19e0119e0119ep-10,19;30;26,22;29
20201014.gml.geo,hub,uniform,598,0x1.19e0119e0119ep-10,19;30;27,22;30
20201014.gml.geo,hub,uniform,599,0x1.19e0119e0119ep-10,19;30;28,22;31
20201014.gml.geo,hub,uniform,600,0x1.19e0119e0119ep-10,19;30;29,22;32
20201014.gml.geo,hub,uniform,601,0x1.19e0119e0119ep-10,19;30,22
20201014.gml.geo,hub,uniform,602,0x1.19e0119e0119ep-10,20;30;0,23;0
20201014.gml.geo,hub,uniform,603,0x1.19e0119e0119ep-10,20;30;1,23;1
20201014.gml.geo,hub,uniform,604,0x1.19e0119e0119ep-10,20;30;2,23;5
20201014.gml.geo,hub,uniform,605,0x1.19e0119e0119ep-10,20;30;3,23;6
20201014.gml.geo,hub,uniform,606,0x1.19e0119e0119ep-10,20;30;4,23;7
20201014.gml.geo,hub,uniform,607,0x1.19e0119e0119ep-10,20;30;5,23;8
20201014.gml.geo,hub,uniform,608,0x1.19e0119e0119ep-10,20;30;6,23;9
20201014.gml.geo,hub,uniform,609,0x1.19e0119e0119ep-10,20;30;7,23;10
20201014.gml.geo,hub,uniform,610,0x1.19e0119e0119ep-10,20;30;8,23;11
20201014.gml.geo,hub,uniform,611,0x1.19e0119e0119ep-10,20;30;9,23;12
20201014.gml.geo,hub,uniform,612,0x1.19e0119e0119ep-10,20;30;10,23;13
20201014.gml.geo,hub,uniform,613,0x1.19e0119e0119ep-10,20;30;11,23;14
20201014.gml.geo,hub,uniform,614,0x1.19e0119e0119ep-10,20;30;12,23;15
20201014.gml.geo,hub,uniform,615,0x1.19e0119e0119ep-10,20;30;13,23;16
20201014.gml.geo,hub,uniform,616,0x1.19e0119e0119ep-10,20;30;14,23;17
20201014.gml.geo,hub,uniform,617,0x1.19e0119e0119ep-10,20;30;15,23;18
20201014.gml.geo,hub,uniform,618,0x1.19e0119e0119ep-10,20;30;16,23;19
20201014.gml.geo,hub,uniform,619,0x1.19e0119e0119ep-10,20;30;17,23;20
20201014.gml.geo,hub,uniform,620,0x1.19e0119e0119ep-10,20;30;18,23;21
20201014.gml.geo,hub,uniform,621,0x1.19e0119e0119ep-10,20;30;19,23;22
20201014.gml.geo,hub,uniform,622,0x1.19e0119e0119ep-10,20;30;21,23;24
20201014.gml.geo,hub,uniform,623,0x1.19e0119e0119ep-10,20;30;22,23;25
20201014.gml.geo,hub,uniform,624,0x1.19e0119e0119ep-10,20;30;23,23;26
20201014.gml.geo,hub,uniform,625,0x1.19e0119e0119ep-10,20;30;24,23;27
20201014.gml.geo,hub,uniform,626,0x1.19e0119e0119ep-10,20;30;25,23;28
20201014.gml.geo,hub,uniform,627,0x1.19e0119e0119ep-10,20;30;26,23;29
20201014.gml.geo,hub,uniform,628,0x1.19e0119e0119ep-10,20;30;27,23;30
20201014.gml.geo,hub,uniform,629,0x1.19e0119e0119ep-10,20;30;28,23;31
20201014.gml.geo,hub,uniform,630,0x1.19e0119e0119ep-10,20;30;29,23;32
20201014.gml.geo,hub,uniform,631,0x1.19e0119e0119ep-10,20;30,23
20201014.gml.geo,hub,uniform,632,0x1.19e0119e0119ep-10,21;30;0,24;0
20201014.gml.geo,hub,uniform,633,0x1.19e0119e0119ep-10,21;30;1,24;1
20201014.gml.geo,hub,uniform,634,0x1.19e0119e0119ep-10,21;30;2,24;5
20201014.gml.geo,hub,uniform,635,0x1.19e0119e0119ep-10,21;30;3,24;6
20201014.gml.geo,hub,uniform,636,0x1.19e0119e0119ep-10,21;30;4,24;7
20201014.gml.geo,hub,uniform,637,0x1.19e0119e0119ep-10,21;30;5,24;8
20201014.gml.geo,hub,uniform,638,0x1.19e0119e0119ep-10,21;30;6,24;9
20201014.gml.geo,hub,uniform,639,0x1.19e0119e0119ep-10,21;30;7,24;10
20201014.gml.geo,hub,uniform,640,0x1.19e0119e0119ep-10,21;30;8,24;11
20201014.gml.geo,hub,uniform,641,0x1.19e0119e0119ep-10,21;30;9,24;12
20201014.gml.geo,hub,uniform,642,0x1.19e0119e0119ep-10,21;30;10,24;13
20201014.gml.geo,hub,uniform,643,0x1.19e0119e0119ep-10,21;30;11,24;14
20201014.gml.geo,hub,uniform,644,0x1.19e0119e0119ep-10,21;30;12,24;15
20201014.gml.geo,hub,uniform,645,0x1.19e0119e0119ep-10,21;30;13,24;16
20201014.gml.geo,hub,uniform,646,0x1.19e0119e0119ep-10,21;30;14,24;17
20201014.gml.geo,hub,uniform,647,0x1.19e0119e0119ep-10,21;30;15,24;18
20201014.gml.geo,hub,uniform,648,0x1.19e0119e0119ep-10,21;30;16,24;19
20201014.gml.geo,hub,uniform,649,0x1.19e0119e0119ep-10,21;30;17,24;20
20201014.gml.geo,hub,uniform,650,0x1.19e0119e0119ep-10,21;30;18,24;21
20201014.gml.geo,hub,uniform,651,0x1.19e0119e0119ep-10,21;30;19,24;22
20201014.gml.geo,hub,uniform,652,0x1.19e0119e0119ep-10,21;30;20,24;23
20201014.gml.geo,hub,uniform,653,0x1.19e0119e0119ep-10,21;30;22,24;25
20201014.gml.geo,hub,uniform,654,0x1.19e0119e0119ep-10,21;30;23,24;26
20201014.gml.geo,hub,uniform,655,0x1.19e0119e0119ep-10,21;30;24,24;27
20201014.gml.geo,hub,uniform,656,0x1.19e0119e0119ep-10,21;30;25,24;28
20201014.gml.geo,hub,uniform,657,0x1.19e0119e0119ep-10,21;30;26,24;29
20201014.gml.geo,hub,uniform,658,0x1.19e0119e0119ep-10,21;30;27,24;30
20201014.gml.geo,hub,uniform,659,0x1.19e0119e0119ep-10,21;30;28,24;31
20201014.gml.geo,hub,uniform,660,0x1.19e0119e0119ep-10,21;30;29,24;32
20201014.gml.geo,hub,uniform,661,0x1.19e0119e0119ep-10,21;30,24
20201014.gml.geo,hub,uniform,662,0x1.19e0119e0119ep-10,22;30;0,25;0
20201014.gml.geo,hub,uniform,663,0x1.19e0119e0119ep-10,22;30;1,25;1
20201014.gml.geo,hub,uniform,664,0x1.19e0119e0119ep-10,22;2,3
20201014.gml.geo,hub,uniform,665,0x1.19e0119e0119ep-10,22;30;3,25;6
20201014.gml.geo,hub,uniform,666,0x1.19e0119e0119ep-11,22;2;4,3;2
20201014.gml.geo,hub,uniform,667,0x1.19e0119e0119ep-11,22;30;4,25;7
20201014.gml.geo,hub,uniform,668,0x1.19e0119e0119ep-10,22;30;5,25;8
20201014.gml.geo,hub,uniform,669,0x1.19e0119e0119ep-10,22;30;6,25;9
20201014.gml.geo,hub,uniform,670,0x1.19e0119e0119ep-10,22;30;7,25;10
20201014.gml.geo,hub,uniform,671,0x1.19e0119e0119ep-10,22;30;8,25;11
20201014.gml.geo,hub,uniform,672,0x1.19e0119e0119ep-10,22;30;9,25;12
20201014.gml.geo,hub,uniform,673,0x1.19e0119e0119ep-10,22;30;10,25;13
20201014.gml.geo,hub,uniform,674,0x1.19e0119e0119ep-10,22;30;11,25;14
20201014.gml.geo,hub,uniform,675,0x1.19e0119e0119ep-10,22;30;12,25;15
20201014.gml.geo,hub,uniform,676,0x1.19e0119e0119ep-10,22;30;13,25;16
20201014.gml.geo,hub,uniform,677,0x1.19e0119e0119ep-10,22;30;14,25;17
20201014.gml.geo,hub,uniform,678,0x1.19e0119e0119ep-10,22;30;15,25;18
20201014.gml.geo,hub,uniform,679,0x1.19e0119e0119ep-10,22;30;16,25;19
20201014.gml.geo,hub,uniform,680,0x1.19e0119e0119ep-10,22;30;17,25;20
20201014.gml.geo,hub,uniform,681,0x1.19e0119e0119ep-10,22;30;18,25;21
20201014.gml.geo,hub,uniform,682,0x1.19e0119e0119ep-10,22;30;19,25;22
20201014.gml.geo,hub,uniform,683,0x1.19e0119e0119ep-10,22;30;20,25;23
20201014.gml.geo,hub,uniform,684,0x1.19e0119e0119ep-10,22;30;21,25;24
20201014.gml.geo,hub,uniform,685,0x1.19e0119e0119ep-10,22;30;23,25;26
20201014.gml.geo,hub,uniform,686,0x1.19e0119e0119ep-10,22;30;24,25;27
20201014.gml.geo,hub,uniform,687,0x1.19e0119e0119ep-10,22;30;25,25;28
20201014.gml.geo,hub,uniform,688,0x1.19e0119e0119ep-10,22;30;26,25;29
20201014.gml.geo,hub,uniform,689,0x1.19e0119e0119ep-10,22;30;27,25;30
20201014.gml.geo,hub,uniform,690,0x1.19e0119e0119ep-10,22;30;28,25;31
20201014.gml.geo,hub,uniform,691,0x1.19e0119e0119ep-11,22;2;29,3;4
20201014.gml.geo,hub,uniform,692,0x1.19e0119e0119ep-11,22;30;29,25;32
20201014.gml.geo,hub,uniform,693,0x1.19e0119e0119ep-10,22;30,25
20201014.gml.geo,hub,uniform,694,0x1.19e0119e0119ep-10,23;30;0,26;0
20201014.gml.geo,hub,uniform,695,0x1.19e0119e0119ep-10,23;30;1,26;1
20201014.gml.geo,hub,uniform,696,0x1.19e0119e0119ep-10,23;30;2,26;5
20201014.gml.geo,hub,uniform,697,0x1.19e0119e0119ep-10,23;30;3,26;6
20201014.gml.geo,hub,uniform,698,0x1.19e0119e0119ep-10,23;30;4,26;7
20201014.gml.geo,hub,uniform,699,0x1.19e0119e0119ep-10,23;30;5,26;8
20201014.gml.geo,hub,uniform,700,0x1.19e0119e0119ep-10,23;30;6,26;9
20201014.gml.geo,hub,uniform,701,0x1.19e0119e0119ep-10,23;30;7,26;10
20201014.gml.geo,hub,uniform,702,0x1.19e0119e0119ep-10,23;30;8,26;11
20201014.gml.geo,hub,uniform,703,0x1.19e0119e0119ep-10,23;30;9,26;12
20201014.gml.geo,hub,uniform,704,0x1.19e0119e0119ep-10,23;30;10,26;13
20201014.gml.geo,hub,uniform,705,0x1.19e0119e0119ep-10,23;30;11,26;14
20201014.gml.geo,hub,uniform,706,0x1.19e0119e0119ep-10,23;30;12,26;15
20201014.gml.geo,hub,uniform,707,0x1.19e0119e0119ep-10,23;30;13,26;16
20201014.gml.geo,hub,uniform,708,0x1.19e0119e0119ep-10,23;30;14,26;17
20201014.gml.geo,hub,uniform,709,0x1.19e0119e0119ep-10,23;30;15,26;18
20201014.gml.geo,hub,uniform,710,0x1.19e0119e0119ep-10,23;30;16,26;19
20201014.gml.geo,hub,uniform,711,0x1.19e0119e0119ep-10,23;30;17,26;20
20201014.gml.geo,hub,uniform,712,0x1.19e0119e0119ep-10,23;30;18,26;21
20201014.gml.geo,hub,uniform,713,0x1.19e0119e0119ep-10,23;30;19,26;22
20201014.gml.geo,hub,uniform,714,0x1.19e0119e0119ep-10,23;30;20,26;23
20201014.gml.geo,hub,uniform,715,0x1.19e0119e0119ep-10,23;30;21,26;24
20201014.gml.geo,hub,uniform,716,0x1.19e0119e0119ep-10,23;30;22,26;25
20201014.gml.geo,hub,uniform,717,0x1.19e0119e0119ep-10,23;30;24,26;27
20201014.gml.geo,hub,uniform,718,0x1.19e0119e0119ep-10,23;30;25,26;28
20201014.gml.geo,hub,uniform,719,0x1.19e0119e0119ep-10,23;30;26,26;29
20201014.gml.geo,hub,uniform,720,0x1.19e0119e0119ep-10,23;30;27,26;30
20201014.gml.geo,hub,uniform,721,0x1.19e0119e0119ep-10,23;30;28,26;31
20201014.gml.geo,hub,uniform,722,0x1.19e0119e0119ep-10,23;30;29,26;32
20201014.gml.geo,hub,uniform,723,0x1.19e0119e0119ep-10,23;30,26
20201014.gml.geo,hub,uniform,724,0x1.19e0119e0119ep-10,24;30;0,27;0
20201014.gml.geo,hub,uniform,725,0x1.19e0119e0119ep-10,24;30;1,27;1
20201014.gml.geo,hub,uniform,726,0x1.19e0119e0119ep-10,24;30;2,27;5
20201014.gml.geo,hub,uniform,727,0x1.19e0119e0119ep-10,24;30;3,27;6
20201014.gml.geo,hub,uniform,728,0x1.19e0119e0119ep-10,24;30;4,27;7
20201014.gml.geo,hub,uniform,729,0x1.19e0119e0119ep-10,24;30;5,27;8
20201014.gml.geo,hub,uniform,730,0x1.19e0119e0119ep-10,24;30;6,27;9
20201014.gml.geo,hub,uniform,731,0x1.19e0119e0119ep-10,24;30;7,27;10
20201014.gml.geo,hub,uniform,732,0x1.19e0119e0119ep-10,24;30;8,27;11
20201014.gml.geo,hub,uniform,733,0x1.19e0119e0119ep-10,24;30;9,27;12
20201014.gml.geo,hub,uniform,734,0x1.19e0119e0119ep-10,24;30;10,27;13
20201014.gml.geo,hub,uniform,735,0x1.19e0119e0119ep-10,24;30;11,27;14
20201014.gml.geo,hub,uniform,736,0x1.19e0119e0119ep-10,24;30;12,27;15
20201014.gml.geo,hub,uniform,737,0x1.19e0119e0119ep-10,24;30;13,27;16
20201014.gml.geo,hub,uniform,738,0x1.19e0119e0119ep-10,24;30;14,27;17
20201014.gml.geo,hub,uniform,739,0x1.19e0119e0119ep-10,24;30;15,27;18
20201014.gml.geo,hub,uniform,740,0x1.19e0119e0119ep-10,24;30;16,27;19
20201014.gml.geo,hub,uniform,741,0x1.19e0119e0119ep-10,24;30;17,27;20
20201014.gml.geo,hub,uniform,742,0x1.19e0119e0119ep-10,24;30;18,27;21
20201014.gml.geo,hub,uniform,743,0x1.19e0119e0119ep-10,24;30;19,27;22
20201014.gml.geo,hub,uniform,744,0x1.19e0119e0119ep-10,24;30;20,27;23
20201014.gml.geo,hub,uniform,745,0x1.19e0119e0119ep-10,24;30;21,27;24
20201014.gml.geo,hub,uniform,746,0x1.19e0119e0119ep-10,24;30;22,27;25
20201014.gml.geo,hub,uniform,747,0x1.19e0119e0119ep-10,24;30;23,27;26
20201014.gml.geo,hub,uniform,748,0x1.19e0119e0119ep-10,24;30;25,27;28
20201014.gml.geo,hub,uniform,749,0x1.19e0119e0119ep-10,24;30;26,27;29
20201014.gml.geo,hub,uniform,750,0x1.19e0119e0119ep-10,24;30;27,27;30
20201014.gml.geo,hub,uniform,751,0x1.19e0119e0119ep-10,24;30;28,27;31
20201014.gml.geo,hub,uniform,752,0x1.19e0119e0119ep-10,24;30;29,27;32
20201014.gml.geo,hub,uniform,753,0x1.19e0119e0119ep-10,24;30,27
20201014.gml.geo,hub,uniform,754,0x1.19e0119e0119ep-10,25;30;0,28;0
20201014.gml.geo,hub,uniform,755,0x1.19e0119e0119ep-10,25;30;1,28;1
20201014.gml.geo,hub,uniform,756,0x1.19e0119e0119ep-10,25;30;2,28;5
20201014.gml.geo,hub,uniform,757,0x1.19e0119e0119ep-10,25;30;3,28;6
20201014.gml.geo,hub,uniform,758,0x1.19e0119e0119ep-10,25;30;4,28;7
20201014.gml.geo,hub,uniform,759,0x1.19e0119e0119ep-10,25;30;5,28;8
20201014.gml.geo,hub,uniform,760,0x1.19e0119e0119ep-10,25;30;6,28;9
20201014.gml.geo,hub,uniform,761,0x1.19e0119e0119ep-10,25;30;7,28;10
20201014.gml.geo,hub,uniform,762,0x1.19e0119e0119ep-10,25;30;8,28;11
20201014.gml.geo,hub,uniform,763,0x1.19e0119e0119ep-10,25;30;9,28;12
20201014.gml.geo,hub,uniform,764,0x1.19e0119e0119ep-10,25;30;10,28;13
20201014.gml.geo,hub,uniform,765,0x1.19e0119e0119ep-10,25;30;11,28;14
20201014.gml.geo,hub,uniform,766,0x1.19e0119e0119ep-10,25;30;12,28;15
20201014.gml.geo,hub,uniform,767,0x1.19e0119e0119ep-10,25;30;13,28;16
20201014.gml.geo,hub,uniform,768,0x1.19e0119e0119ep-10,25;30;14,28;17
20201014.gml.geo,hub,uniform,769,0x1.19e0119e0119ep-10,25;30;15,28;18
20201014.gml.geo,hub,uniform,770,0x1.19e0119e0119ep-10,25;30;16,28;19
20201014.gml.geo,hub,uniform,771,0x1.19e0119e0119ep-10,25;30;17,28;20
20201014.gml.geo,hub,uniform,772,0x1.19e0119e0119ep-10,25;30;18,28;21
20201014.gml.geo,hub,uniform,773,0x1.19e0119e0119ep-10,25;30;19,28;22
20201014.gml.geo,hub,uniform,774,0x1.19e0119e0119ep-10,25;30;20,28;23
20201014.gml.geo,hub,uniform,775,0x1.19e0119e0119ep-10,25;30;21,28;24
20201014.gml.geo,hub,uniform,776,0x1.19e0119e0119ep-10,25;30;22,28;25
20201014.gml.geo,hub,uniform,777,0x1.19e0119e0119ep-10,25;30;23,28;26
20201014.gml.geo,hub,uniform,778,0x1.19e0119e0119ep-10,25;30;24,28;27
20201014.gml.geo,hub,uniform,779,0x1.19e0119e0119ep-10,25;30;26,28;29
20201014.gml.geo,hub,uniform,780,0x1.19e0119e0119ep-10,25;30;27,28;30
20201014.gml.geo,hub,uniform,781,0x1.19e0119e0119ep-10,25;30;28,28;31
20201014.gml.geo,hub,uniform,782,0x1.19e0119e0119ep-10,25;30;29,28;32
20201014.gml.geo,hub,uniform,783,0x1.19e0119e0119ep-10,25;30,28
20201014.gml.geo,hub,uniform,784,0x1.19e0119e0119ep-10,26;30;0,29;0
20201014.gml.geo,hub,uniform,785,0x1.19e0119e0119ep-10,26;30;1,29;1
20201014.gml.geo,hub,uniform,786,0x1.19e0119e0119ep-10,26;30;2,29;5
20201014.gml.geo,hub,uniform,787,0x1.19e0119e0119ep-10,26;30;3,29;6
20201014.gml.geo,hub,uniform,788,0x1.19e0119e0119ep-10,26;30;4,29;7
20201014.gml.geo,hub,uniform,789,0x1.19e0119e0119ep-10,26;30;5,29;8
20201014.gml.geo,hub,uniform,790,0x1.19e0119e0119ep-10,26;30;6,29;9
20201014.gml.geo,hub,uniform,791,0x1.19e0119e0119ep-10,26;30;7,29;10
20201014.gml.geo,hub,uniform,792,0x1.19e0119e0119ep-10,26;30;8,29;11
20201014.gml.geo,hub,uniform,793,0x1.19e0119e0119ep-10,26;30;9,29;12
20201014.gml.geo,hub,uniform,794,0x1.19e0119e0119ep-10,26;30;10,29;13
20201014.gml.geo,hub,uniform,795,0x1.19e0119e0119ep-10,26;30;11,29;14
20201014.gml.geo,hub,uniform,796,0x1.19e0119e0119ep-10,26;30;12,29;15
20201014.gml.geo,hub,uniform,797,0x1.19e0119e0119ep-10,26;30;13,29;16
20201014.gml.geo,hub,uniform,798,0x1.19e0119e0119ep-10,26;30;14,29;17
20201014.gml.geo,hub,uniform,799,0x1.19e0119e0119ep-10,26;30;15,29;18
20201014.gml.geo,hub,uniform,800,0x1.19e0119e0119ep-10,26;30;16,29;19
20201014.gml.geo,hub,uniform,801,0x1.19e0119e0119ep-10,26;30;17,29;20
20201014.gml.geo,hub,uniform,802,0x1.19e0119e0119ep-10,26;30;18,29;21
20201014.gml.geo,hub,uniform,803,0x1.19e0119e0119ep-10,26;30;19,29;22
20201014.gml.geo,hub,uniform,804,0x1.19e0119e0119ep-10,26;30;20,29;23
20201014.gml.geo,hub,uniform,805,0x1.19e0119e0119ep-10,26;30;21,29;24
20201014.gml.geo,hub,uniform,806,0x1.19e0119e0119ep-10,26;30;22,29;25
20201014.gml.geo,hub,uniform,807,0x1.19e0119e0119ep-10,26;30;23,29;26
20201014.gml.geo,hub,uniform,808,0x1.19e0119e0119ep-10,26;30;24,29;27
20201014.gml.geo,hub,uniform,809,0x1.19e0119e0119ep-10,26;30;25,29;28
20201014.gml.geo,hub,uniform,810,0x1.19e0119e0119ep-10,26;30;27,29;30
20201014.gml.geo,hub,uniform,811,0x1.19e0119e0119ep-10,26;30;28,29;31
20201014.gml.geo,hub,uniform,812,0x1.19e0119e0119ep-10,26;30;29,29;32
20201014.gml.geo,hub,uniform,813,0x1.19e0119e0119ep-10,26;30,29
20201014.gml.geo,hub,uniform,814,0x1.19e0119e0119ep-10,27;30;0,30;0
20201014.gml.geo,hub,uniform,815,0x1.19e0119e0119ep-10,27;30;1,30;1
20201014.gml.geo,hub,uniform,816,0x1.19e0119e0119ep-10,27;30;2,30;5
20201014.gml.geo,hub,uniform,817,0x1.19e0119e0119ep-10,27;30;3,30;6
20201014.gml.geo,hub,uniform,818,0x1.19e0119e0119ep-10,27;30;4,30;7
20201014.gml.geo,hub,uniform,819,0x1.19e0119e0119ep-10,27;30;5,30;8
20201014.gml.geo,hub,uniform,820,0x1.19e0119e0119ep-10,27;30;6,30;9
20201014.gml.geo,hub,uniform,821,0x1.19e0119e0119ep-10,27;30;7,30;10
20201014.gml.geo,hub,uniform,822,0x1.19e0119e0119ep-10,27;30;8,30;11
20201014.gml.geo,hub,uniform,823,0x1.19e0119e0119ep-10,27;30;9,30;12
20201014.gml.geo,hub,uniform,824,0x1.19e0119e0119ep-10,27;30;10,30;13
20201014.gml.geo,hub,uniform,825,0x1.19e0119e0119ep-10,27;30;11,30;14
20201014.gml.geo,hub,uniform,826,0x1.19e0119e0119ep-10,27;30;12,30;15
20201014.gml.geo,hub,uniform,827,0x1.19e0119e0119ep-10,27;30;13,30;16
20201014.gml.geo,hub,uniform,828,0x1.19e0119e0119ep-10,27;30;14,30;17
20201014.gml.geo,hub,uniform,829,0x1.19e0119e0119ep-10,27;30;15,30;18
20201014.gml.geo,hub,uniform,830,0x1.19e0119e0119ep-10,27;30;16,30;19
20201014.gml.geo,hub,uniform,831,0x1.19e0119e0119ep-10,27;30;17,30;20
20201014.gml.geo,hub,uniform,832,0x1.19e0119e0119ep-10,27;30;18,30;21
20201014.gml.geo,hub,uniform,833,0x1.19e0119e0119ep-10,27;30;19,30;22
20201014.gml.geo,hub,uniform,834,0x1.19e0119e0119ep-10,27;30;20,30;23
20201014.gml.geo,hub,uniform,835,0x1.19e0119e0119ep-10,27;30;21,30;24
20201014.gml.geo,hub,uniform,836,0x1.19e0119e0119ep-10,27;30;22,30;25
20201014.gml.geo,hub,uniform,837,0x1.19e0119e0119ep-10,27;30;23,30;26
20201014.gml.geo,hub,uniform,838,0x1.19e0119e0119ep-10,27;30;24,30;27
20201014.gml.geo,hub,uniform,839,0x1.19e0119e0119ep-10,27;30;25,30;28
20201014.gml.geo,hub,uniform,840,0x1.19e0119e0119ep-10,27;30;26,30;29
20201014.gml.geo,hub,uniform,841,0x1.19e0119e0119ep-10,27;30;28,30;31
20201014.gml.geo,hub,uniform,842,0x1.19e0119e0119ep-10,27;30;29,30;32
20201014.gml.geo,hub,uniform,843,0x1.19e0119e0119ep-10,27;30,30
20201014.gml.geo,hub,uniform,844,0x1.19e0119e0119ep-10,28;30;0,31;0
20201014.gml.geo,hub,uniform,845,0x1.19e0119e0119ep-10,28;30;1,31;1
20201014.gml.geo,hub,uniform,846,0x1.19e0119e0119ep-10,28;30;2,31;5
20201014.gml.geo,hub,uniform,847,0x1.19e0119e0119ep-10,28;30;3,31;6
20201014.gml.geo,hub,uniform,848,0x1.19e0119e0119ep-10,28;30;4,31;7
20201014.gml.geo,hub,uniform,849,0x1.19e0119e0119ep-10,28;30;5,31;8
20201014.gml.geo,hub,uniform,850,0x1.19e0119e0119ep-10,28;30;6,31;9
20201014.gml.geo,hub,uniform,851,0x1.19e0119e0119ep-10,28;30;7,31;10
20201014.gml.geo,hub,uniform,852,0x1.19e0119e0119ep-10,28;30;8,31;11
20201014.gml.geo,hub,uniform,853,0x1.19e0119e0119ep-10,28;30;9,31;12
20201014.gml.geo,hub,uniform,854,0x1.19e0119e0119ep-10,28;30;10,31;13
20201014.gml.geo,hub,uniform,855,0x1.19e0119e0119ep-10,28;30;11,31;14
20201014.gml.geo,hub,uniform,856,0x1.19e0119e0119ep-10,28;30;12,31;15
20201014.gml.geo,hub,uniform,857,0x1.19e0119e0119ep-10,28;30;13,31;16
20201014.gml.geo,hub,uniform,858,0x1.19e0119e0119ep-10,28;30;14,31;17
20201014.gml.geo,hub,uniform,859,0x1.19e0119e0119ep-10,28;30;15,31;18
20201014.gml.geo,hub,uniform,860,0x1.19e0119e0119ep-10,28;30;16,31;19
20201014.gml.geo,hub,uniform,861,0x1.19e0119e0119ep-10,28;30;17,31;20
20201014.gml.geo,hub,uniform,862,0x1.19e0119e0119ep-10,28;30;18,31;21
20201014.gml.geo,hub,uniform,863,0x1.19e0119e0119ep-10,28;30;19,31;22
20201014.gml.geo,hub,uniform,864,0x1.19e0119e0119ep-10,28;30;20,31;23
20201014.gml.geo,hub,uniform,865,0x1.19e0119e0119ep-10,28;30;21,31;24
20201014.gml.geo,hub,uniform,866,0x1.19e0119e0119ep-10,28;30;22,31;25
20201014.gml.geo,hub,uniform,867,0x1.19e0119e0119ep-10,28;30;23,31;26
20201014.gml.geo,hub,uniform,868,0x1.19e0119e0119ep-10,28;30;24,31;27
20201014.gml.geo,hub,uniform,869,0x1.19e0119e0119ep-10,28;30;25,31;28
20201014.gml.geo,hub,uniform,870,0x1.19e0119e0119ep-10,28;30;26,31;29
20201014.gml.geo,hub,uniform,871,0x1.19e0119e0119ep-10,28;30;27,31;30
20201014.gml.geo,hub,uniform,872,0x1.19e0119e0119ep-10,28;30;29,31;32
20201014.gml.geo,hub,uniform,873,0x1.19e0119e0119ep-10,28;30,31
20201014.gml.geo,hub,uniform,874,0x1.19e0119e0119ep-10,29;30;0,32;0
20201014.gml.geo,hub,uniform,875,0x1.19e0119e0119ep-10,29;30;1,32;1
20201014.gml.geo,hub,uniform,876,0x1.19e0119e0119ep-10,29;2,4
20201014.gml.geo,hub,uniform,877,0x1.19e0119e0119ep-10,29;30;3,32;6
20201014.gml.geo,hub,uniform,878,0x1.19e0119e0119ep-11,29;2;4,4;2
20201014.gml.geo,hub,uniform,879,0x1.19e0119e0119ep-11,29;30;4,32;7
20201014.gml.geo,hub,uniform,880,0x1.19e0119e0119ep-10,29;30;5,32;8
20201014.gml.geo,hub,uniform,881,0x1.19e0119e0119ep-10,29;30;6,32;9
20201014.gml.geo,hub,uniform,882,0x1.19e0119e0119ep-10,29;30;7,32;10
20201014.gml.geo,hub,uniform,883,0x1.19e0119e0119ep-10,29;30;8,32;11
20201014.gml.geo,hub,uniform,884,0x1.19e0119e0119ep-10,29;30;9,32;12
20201014.gml.geo,hub,uniform,885,0x1.19e0119e0119ep-10,29;30;10,32;13
20201014.gml.geo,hub,uniform,886,0x1.19e0119e0119ep-10,29;30;11,32;14
20201014.gml.geo,hub,uniform,887,0x1.19e0119e0119ep-10,29;30;12,32;15
20201014.gml.geo,hub,uniform,888,0x1.19e0119e0119ep-10,29;30;13,32;16
20201014.gml.geo,hub,uniform,889,0x1.19e0119e0119ep-10,29;30;14,32;17
20201014.gml.geo,hub,uniform,890,0x1.19e0119e0119ep-10,29;30;15,32;18
20201014.gml.geo,hub,uniform,891,0x1.19e0119e0119ep-10,29;30;16,32;19
20201014.gml.geo,hub,uniform,892,0x1.19e0119e0119ep-10,29;30;17,32;20
20201014.gml.geo,hub,uniform,893,0x1.19e0119e0119ep-10,29;30;18,32;21
20201014.gml.geo,hub,uniform,894,0x1.19e0119e0119ep-10,29;30;19,32;22
20201014.gml.geo,hub,uniform,895,0x1.19e0119e0119ep-10,29;30;20,32;23
20201014.gml.geo,hub,uniform,896,0x1.19e0119e0119ep-10,29;30;21,32;24
20201014.gml.geo,hub,uniform,897,0x1.19e0119e0119ep-11,29;2;22,4;3
20201014.gml.geo,hub,uniform,898,0x1.19e0119e0119ep-11,29;30;22,32;25
20201014.gml.geo,hub,uniform,899,0x1.19e0119e0119ep-10,29;30;23,32;26
20201014.gml.geo,hub,uniform,900,0x1.19e0119e0119ep-10,29;30;24,32;27
20201014.gml.geo,hub,uniform,901,0x1.19e0119e0119ep-10,29;30;25,32;28
20201014.gml.geo,hub,uniform,902,0x1.19e0119e0119ep-10,29;30;26,32;29
20201014.gml.geo,hub,uniform,903,0x1.19e0119e0119ep-10,29;30;27,32;30
20201014.gml.geo,hub,uniform,904,0x1.19e0119e0119ep-10,29;30;28,32;31
20201014.gml.geo,hub,uniform,905,0x1.19e0119e0119ep-10,29;30,32
20201014.gml.geo,hub,uniform,906,0x1.19e0119e0119ep-10,30;0,0
20201014.gml.geo,hub,uniform,907,0x1.19e0119e0119ep-10,30;1,1
20201014.gml.geo,hub,uniform,908,0x1.19e0119e0119ep-10,30;2,5
20201014.gml.geo,hub,uniform,909,0x1.19e0119e0119ep-10,30;3,6
20201014.gml.geo,hub,uniform,910,0x1.19e0119e0119ep-10,30;4,7
20201014.gml.geo,hub,uniform,911,0x1.19e0119e0119ep-10,30;5,8
20201014.gml.geo,hub,uniform,912,0x1.19e0119e0119ep-10,30;6,9
20201014.gml.geo,hub,uniform,913,0x1.19e0119e0119ep-10,30;7,10
20201014.gml.geo,hub,uniform,914,0x1.19e0119e0119ep-10,30;8,11
20201014.gml.geo,hub,uniform,915,0x1.19e0119e0119ep-10,30;9,12
20201014.gml.geo,hub,uniform,916,0x1.19e0119e0119ep-10,30;10,13
20201014.gml.geo,hub,uniform,917,0x1.19e0119e0119ep-10,30;11,14
20201014.gml.geo,hub,uniform,918,0x1.19e0119e0119ep-10,30;12,15
20201014.gml.geo,hub,uniform,919,0x1.19e0119e0119ep-10,30;13,16
20201014.gml.geo,hub,uniform,920,0x1.19e0119e0119ep-10,30;14,17
20201014.gml.geo,hub,uniform,921,0x1.19e0119e0119ep-10,30;15,18
20201014.gml.geo,hub,uniform,922,0x1.19e0119e0119ep-10,30;16,19
20201014.gml.geo,hub,uniform,923,0x1.19e0119e0119ep-10,30;17,20
20201014.gml.geo,hub,uniform,924,0x1.19e0119e0119ep-10,30;18,21
20201014.gml.geo,hub,uniform,925,0x1.19e0119e0119ep-10,30;19,22
20201014.gml.geo,hub,uniform,926,0x1.19e0119e0119ep-10,30;20,23
20201014.gml.geo,hub,uniform,927,0x1.19e0119e0119ep-10,30;21,24
20201014.gml.geo,hub,uniform,928,0x1.19e0119e0119ep-10,30;22,25
20201014.gml.geo,hub,uniform,929,0x1.19e0119e0119ep-10,30;23,26
20201014.gml.geo,hub,uniform,930,0x1.19e0119e0119ep-10,30;24,27
20201014.gml.geo,hub,uniform,931,0x1.19e0119e0119ep-10,30;25,28
20201014.gml.geo,hub,uniform,932,0x1.19e0119e0119ep-10,30;26,29
20201014.gml.geo,hub,uniform,933,0x1.19e0119e0119ep-10,30;27,30
20201014.gml.geo,hub,uniform,934,0x1.19e0119e0119ep-10,30;28,31
20201014.gml.geo,hub,uniform,935,0x1.19e0119e0119ep-10,30;29,32
20201014.gml.geo,hub,hotspot,0,0x1.f709f80e29598p-11,0;30;1,0;1
20201014.gml.geo,hub,hotspot,1,0x1.4993c5d4500e8p-10,0;30;2,0;5
20201014.gml.geo,hub,hotspot,2,0x1.f709f80e29598p-11,0;30;3,0;6
20201014.gml.geo,hub,hotspot,3,0x1.1589e9f628780p-10,0;30;4,0;7
20201014.gml.geo,hub,hotspot,4,0x1.f709f80e29598p-11,0;30;5,0;8
20201014.gml.geo,hub,hotspot,5,0x1.f709f80e29598p-11,0;30;6,0;9
20201014.gml.geo,hub,hotspot,6,0x1.f709f80e29598p-11,0;30;7,0;10
20201014.gml.geo,hub,hotspot,7,0x1.f709f80e29598p-11,0;30;8,0;11
20201014.gml.geo,hub,hotspot,8,0x1.f709f80e29598p-11,0;30;9,0;12
20201014.gml.geo,hub,hotspot,9,0x1.f709f80e29598p-11,0;30;10,0;13
20201014.gml.geo,hub,hotspot,10,0x1.f709f80e29598p-11,0;30;11,0;14
20201014.gml.geo,hub,hotspot,11,0x1.f709f80e29598p-11,0;30;12,0;15
20201014.gml.geo,hub,hotspot,12,0x1.f709f80e29598p-11,0;30;13,0;16
20201014.gml.geo,hub,hotspot,13,0x1.f709f80e29598p-11,0;30;14,0;17
20201014.gml.geo,hub,hotspot,14,0x1.f709f80e29598p-11,0;30;15,0;18
20201014.gml.geo,hub,hotspot,15,0x1.f709f80e29598p-11,0;30;16,0;19
20201014.gml.geo,hub,hotspot,16,0x1.f709f80e29598p-11,0;30;17,0;20
20201014.gml.geo,hub,hotspot,17,0x1.f709f80e29598p-11,0;30;18,0;21
20201014.gml.geo,hub,hotspot,18,0x1.f709f80e29598p-11,0;30;19,0;22
20201014.gml.geo,hub,hotspot,19,0x1.f709f80e29598p-11,0;30;20,0;23
20201014.gml.geo,hub,hotspot,20,0x1.f709f80e29598p-11,0;30;21,0;24
20201014.gml.geo,hub,hotspot,21,0x1.1589e9f628780p-10,0;30;22,0;25
20201014.gml.geo,hub,hotspot,22,0x1.f709f80e29598p-11,0;30;23,0;26
20201014.gml.geo,hub,hotspot,23,0x1.f709f80e29598p-11,0;30;24,0;27
20201014.gml.geo,hub,hotspot,24,0x1.f709f80e29598p-11,0;30;25,0;28
20201014.gml.geo,hub,hotspot,25,0x1.f709f80e29598p-11,0;30;26,0;29
20201014.gml.geo,hub,hotspot,26,0x1.f709f80e29598p-11,0;30;27,0;30
20201014.gml.geo,hub,hotspot,27,0x1.f709f80e29598p-11,0;30;28,0;31
20201014.gml.geo,hub,hotspot,28,0x1.1589e9f628780p-10,0;30;29,0;32
20201014.gml.geo,hub,hotspot,29,0x1.f709f80e29598p-9,0;30,0
20201014.gml.geo,hub,hotspot,30,0x1.f709f80e29598p-11,1;30;0,1;0
20201014.gml.geo,hub,hotspot,31,0x1.4993c5d4500e8p-10,1;30;2,1;5
20201014.gml.geo,hub,hotspot,32,0x1.f709f80e29598p-11,1;30;3,1;6
20201014.gml.geo,hub,hotspot,33,0x1.1589e9f628780p-10,1;30;4,1;7
20201014.gml.geo,hub,hotspot,34,0x1.f709f80e29598p-11,1;30;5,1;8
20201014.gml.geo,hub,hotspot,35,0x1.f709f80e29598p-11,1;30;6,1;9
20201014.gml.geo,hub,hotspot,36,0x1.f709f80e29598p-11,1;30;7,1;10
20201014.gml.geo,hub,hotspot,37,0x1.f709f80e29598p-11,1;30;8,1;11
20201014.gml.geo,hub,hotspot,38,0x1.f709f80e29598p-11,1;30;9,1;12
20201014.gml.geo,hub,hotspot,39,0x1.f709f80e29598p-11,1;30;10,1;13
20201014.gml.geo,hub,hotspot,40,0x1.f709f80e29598p-11,1;30;11,1;14
20201014.gml.geo,hub,hotspot,41,0x1.f709f80e29598p-11,1;30;12,1;15
20201014.gml.geo,hub,hotspot,42,0x1.f709f80e29598p-11,1;30;13,1;16
20201014.gml.geo,hub,hotspot,43,0x1.f709f80e29598p-11,1;30;14,1;17
20201014.gml.geo,hub,hotspot,44,0x1.f709f80e29598p-11,1;30;15,1;18
20201014.gml.geo,hub,hotspot,45,0x1.f709f80e29598p-11,1;30;16,1;19
20201014.gml.geo,hub,hotspot,46,0x1.f709f80e29598p-11,1;30;17,1;20
20201014.gml.geo,hub,hotspot,47,0x1.f709f80e29598p-11,1;30;18,1;21
20201014.gml.geo,hub,hotspot,48,0x1.f709f80e29598p-11,1;30;19,1;22
20201014.gml.geo,hub,hotspot,49,0x1.f709f80e29598p-11,1;30;20,1;23
20201014.gml.geo,hub,hotspot,50,0x1.f709f80e29598p-11,1;30;21,1;24
20201014.gml.geo,hub,hotspot,51,0x1.1589e9f628780p-10,1;30;22,1;25
20201014.gml.geo,hub,hotspot,52,0x1.f709f80e29598p-11,1;30;23,1;26
20201014.gml.geo,hub,hotspot,53,0x1.f709f80e29598p-11,1;30;24,1;27
20201014.gml.geo,hub,hotspot,54,0x1.f709f80e29598p-11,1;30;25,1;28
20201014.gml.geo,hub,hotspot,55,0x1.f709f80e29598p-11,1;30;26,1;29
20201014.gml.geo,hub,hotspot,56,0x1.f709f80e29598p-11,1;30;27,1;30
20201014.gml.geo,hub,hotspot,57,0x1.f709f80e29598p-11,1;30;28,1;31
20201014.gml.geo,hub,hotspot,58,0x1.1589e9f628780p-10,1;30;29,1;32
20201014.gml.geo,hub,hotspot,59,0x1.f709f80e29598p-9,1;30,1
20201014.gml.geo,hub,hotspot,60,0x1.f98e9335d06d3p-11,2;30;0,5;0
20201014.gml.geo,hub,hotspot,61,0x1.f98e9335d06d3p-11,2;30;1,5;1
20201014.gml.geo,hub,hotspot,62,0x1.f98e9335d06d3p-11,2;30;3,5;6
20201014.gml.geo,hub,hotspot,63,0x1.180e851dcf8bbp-10,2;4,2
20201014.gml.geo,hub,hotspot,64,0x1.f98e9335d06d3p-11,2;30;5,5;8
20201014.gml.geo,hub,hotspot,65,0x1.f98e9335d06d3p-11,2;30;6,5;9
20201014.gml.geo,hub,hotspot,66,0x1.f98e9335d06d3p-11,2;30;7,5;10
20201014.gml.geo,hub,hotspot,67,0x1.f98e9335d06d3p-11,2;30;8,5;11
20201014.gml.geo,hub,hotspot,68,0x1.f98e9335d06d3p-11,2;30;9,5;12
20201014.gml.geo,hub,hotspot,69,0x1.f98e9335d06d3p-11,2;30;10,5;13
20201014.gml.geo,hub,hotspot,70,0x1.f98e9335d06d3p-11,2;30;11,5;14
20201014.gml.geo,hub,hotspot,71,0x1.f98e9335d06d3p-11,2;30;12,5;15
20201014.gml.geo,hub,hotspot,72,0x1.f98e9335d06d3p-11,2;30;13,5;16
20201014.gml.geo,hub,hotspot,73,0x1.f98e9335d06d3p-11,2;30;14,5;17
20201014.gml.geo,hub,hotspot,74,0x1.f98e9335d06d3p-11,2;30;15,5;18
20201014.gml.geo,hub,hotspot,75,0x1.f98e9335d06d3p-11,2;30;16,5;19
20201014.gml.geo,hub,hotspot,76,0x1.f98e9335d06d3p-11,2;30;17,5;20
20201014.gml.geo,hub,hotspot,77,0x1.f98e9335d06d3p-11,2;30;18,5;21
20201014.gml.geo,hub,hotspot,78,0x1.f98e9335d06d3p-11,2;30;19,5;22
20201014.gml.geo,hub,hotspot,79,0x1.f98e9335d06d3p-11,2;30;20,5;23
20201014.gml.geo,hub,hotspot,80,0x1.f98e9335d06d3p-11,2;30;21,5;24
20201014.gml.geo,hub,hotspot,81,0x1.180e851dcf8bbp-10,2;22,3
20201014.gml.geo,hub,hotspot,82,0x1.f98e9335d06d3p-11,2;30;23,5;26
20201014.gml.geo,hub,hotspot,83,0x1.f98e9335d06d3p-11,2;30;24,5;27
20201014.gml.geo,hub,hotspot,84,0x1.f98e9335d06d3p-11,2;30;25,5;28
20201014.gml.geo,hub,hotspot,85,0x1.f98e9335d06d3p-11,2;30;26,5;29
20201014.gml.geo,hub,hotspot,86,0x1.f98e9335d06d3p-11,2;30;27,5;30
20201014.gml.geo,hub,hotspot,87,0x1.f98e9335d06d3p-11,2;30;28,5;31
20201014.gml.geo,hub,hotspot,88,0x1.180e851dcf8bbp-10,2;29,4
20201014.gml.geo,hub,hotspot,89,0x1.04f641dbc7368p-8,2;30,5
20201014.gml.geo,hub,hotspot,90,0x1.f709f80e29598p-11,3;30;0,6;0
20201014.gml.geo,hub,hotspot,91,0x1.f709f80e29598p-11,3;30;1,6;1
20201014.gml.geo,hub,hotspot,92,0x1.4993c5d4500e8p-10,3;30;2,6;5
20201014.gml.geo,hub,hotspot,93,0x1.1589e9f628780p-10,3;30;4,6;7
20201014.gml.geo,hub,hotspot,94,0x1.f709f80e29598p-11,3;30;5,6;8
20201014.gml.geo,hub,hotspot,95,0x1.f709f80e29598p-11,3;30;6,6;9
20201014.gml.geo,hub,hotspot,96,0x1.f709f80e29598p-11,3;30;7,6;10
20201014.gml.geo,hub,hotspot,97,0x1.f709f80e29598p-11,3;30;8,6;11
20201014.gml.geo,hub,hotspot,98,0x1.f709f80e29598p-11,3;30;9,6;12
20201014.gml.geo,hub,hotspot,99,0x1.f709f80e29598p-11,3;30;10,6;13
20201014.gml.geo,hub,hotspot,100,0x1.f709f80e29598p-11,3;30;11,6;14
20201014.gml.geo,hub,hotspot,101,0x1.f709f80e29598p-11,3;30;12,6;15
20201014.gml.geo,hub,hotspot,102,0x1.f709f80e29598p-11,3;30;13,6;16
20201014.gml.geo,hub,hotspot,103,0x1.f709f80e29598p-11,3;30;14,6;17
20201014.gml.geo,hub,hotspot,104,0x1.f709f80e29598p-11,3;30;15,6;18
20201014.gml.geo,hub,hotspot,105,0x1.f709f80e29598p-11,3;30;16,6;19
20201014.gml.geo,hub,hotspot,106,0x1.f709f80e29598p-11,3;30;17,6;20
20201014.gml.geo,hub,hotspot,107,0x1.f709f80e29598p-11,3;30;18,6;21
20201014.gml.geo,hub,hotspot,108,0x1.f709f80e29598p-11,3;30;19,6;22
20201014.gml.geo,hub,hotspot,109,0x1.f709f80e29598p-11,3;30;20,6;23
20201014.gml.geo,hub,hotspot,110,0x1.f709f80e29598p-11,3;30;21,6;24
20201014.gml.geo,hub,hotspot,111,0x1.1589e9f628780p-10,3;30;22,6;25
20201014.gml.geo,hub,hotspot,112,0x1.f709f80e29598p-11,3;30;23,6;26
20201014.gml.geo,hub,hotspot,113,0x1.f709f80e29598p-11,3;30;24,6;27
20201014.gml.geo,hub,hotspot,114,0x1.f709f80e29598p-11,3;30;25,6;28
20201014.gml.geo,hub,hotspot,115,0x1.f709f80e29598p-11,3;30;26,6;29
20201014.gml.geo,hub,hotspot,116,0x1.f709f80e29598p-11,3;30;27,6;30
20201014.gml.geo,hub,hotspot,117,0x1.f709f80e29598p-11,3;30;28,6;31
20201014.gml.geo,hub,hotspot,118,0x1.1589e9f628780p-10,3;30;29,6;32
20201014.gml.geo,hub,hotspot,119,0x1.f709f80e29598p-9,3;30,6
20201014.gml.geo,hub,hotspot,120,0x1.f7da1f7da1f7ep-11,4;30;0,7;0
20201014.gml.geo,hub,hotspot,121,0x1.f7da1f7da1f7ep-11,4;30;1,7;1
20201014.gml.geo,hub,hotspot,122,0x1.4b3414b3414b3p-10,4;2,2
20201014.gml.geo,hub,hotspot,123,0x1.f7da1f7da1f7ep-11,4;30;3,7;6
20201014.gml.geo,hub,hotspot,124,0x1.f7da1f7da1f7ep-11,4;30;5,7;8
20201014.gml.geo,hub,hotspot,125,0x1.f7da1f7da1f7ep-11,4;30;6,7;9
20201014.gml.geo,hub,hotspot,126,0x1.f7da1f7da1f7ep-11,4;30;7,7;10
20201014.gml.geo,hub,hotspot,127,0x1.f7da1f7da1f7ep-11,4;30;8,7;11
20201014.gml.geo,hub,hotspot,128,0x1.f7da1f7da1f7ep-11,4;30;9,7;12
20201014.gml.geo,hub,hotspot,129,0x1.f7da1f7da1f7ep-11,4;30;10,7;13
20201014.gml.geo,hub,hotspot,130,0x1.f7da1f7da1f7ep-11,4;30;11,7;14
20201014.gml.geo,hub,hotspot,131,0x1.f7da1f7da1f7ep-11,4;30;12,7;15
20201014.gml.geo,hub,hotspot,132,0x1.f7da1f7da1f7ep-11,4;30;13,7;16
20201014.gml.geo,hub,hotspot,133,0x1.f7da1f7da1f7ep-11,4;30;14,7;17
20201014.gml.geo,hub,hotspot,134,0x1.f7da1f7da1f7ep-11,4;30;15,7;18
20201014.gml.geo,hub,hotspot,135,0x1.f7da1f7da1f7ep-11,4;30;16,7;19
20201014.gml.geo,hub,hotspot,136,0x1.f7da1f7da1f7ep-11,4;30;17,7;20
20201014.gml.geo,hub,hotspot,137,0x1.f7da1f7da1f7ep-11,4;30;18,7;21
20201014.gml.geo,hub,hotspot,138,0x1.f7da1f7da1f7ep-11,4;30;19,7;22
20201014.gml.geo,hub,hotspot,139,0x1.f7da1f7da1f7ep-11,4;30;20,7;23
20201014.gml.geo,hub,hotspot,140,0x1.f7da1f7da1f7ep-11,4;30;21,7;24
20201014.gml.geo,hub,hotspot,141,0x1.165a1165a1166p-11,4;2;22,2;3
20201014.gml.geo,hub,hotspot,142,0x1.165a1165a1166p-11,4;30;22,7;25
20201014.gml.geo,hub,hotspot,143,0x1.f7da1f7da1f7ep-11,4;30;23,7;26
20201014.gml.geo,hub,hotspot,144,0x1.f7da1f7da1f7ep-11,4;30;24,7;27
20201014.gml.geo,hub,hotspot,145,0x1.f7da1f7da1f7ep-11,4;30;25,7;28
20201014.gml.geo,hub,hotspot,146,0x1.f7da1f7da1f7ep-11,4;30;26,7;29
20201014.gml.geo,hub,hotspot,147,0x1.f7da1f7da1f7ep-11,4;30;27,7;30
20201014.gml.geo,hub,hotspot,148,0x1.f7da1f7da1f7ep-11,4;30;28,7;31
20201014.gml.geo,hub,hotspot,149,0x1.165a1165a1166p-11,4;2;29,2;4
20201014.gml.geo,hub,hotspot,150,0x1.165a1165a1166p-11,4;30;29,7;32
20201014.gml.geo,hub,hotspot,151,0x1.fd231fd231fd2p-9,4;30,7
20201014.gml.geo,hub,hotspot,152,0x1.f709f80e29598p-11,5;30;0,8;0
20201014.gml.geo,hub,hotspot,153,0x1.f709f80e29598p-11,5;30;1,8;1
20201014.gml.geo,hub,hotspot,154,0x1.4993c5d4500e8p-10,5;30;2,8;5
20201014.gml.geo,hub,hotspot,155,0x1.f709f80e29598p-11,5;30;3,8;6
20201014.gml.geo,hub,hotspot,156,0x1.1589e9f628780p-10,5;30;4,8;7
20201014.gml.geo,hub,hotspot,157,0x1.f709f80e29598p-11,5;30;6,8;9
20201014.gml.geo,hub,hotspot,158,0x1.f709f80e29598p-11,5;30;7,8;10
20201014.gml.geo,hub,hotspot,159,0x1.f709f80e29598p-11,5;30;8,8;11
20201014.gml.geo,hub,hotspot,160,0x1.f709f80e29598p-11,5;30;9,8;12
20201014.gml.geo,hub,hotspot,161,0x1.f709f80e29598p-11,5;30;10,8;13
20201014.gml.geo,hub,hotspot,162,0x1.f709f80e29598p-11,5;30;11,8;14
20201014.gml.geo,hub,hotspot,163,0x1.f709f80e29598p-11,5;30;12,8;15
20201014.gml.geo,hub,hotspot,164,0x1.f709f80e29598p-11,5;30;13,8;16
20201014.gml.geo,hub,hotspot,165,0x1.f709f80e29598p-11,5;30;14,8;17
20201014.gml.geo,hub,hotspot,166,0x1.f709f80e29598p-11,5;30;15,8;18
20201014.gml.geo,hub,hotspot,167,0x1.f709f80e29598p-11,5;30;16,8;19
20201014.gml.geo,hub,hotspot,168,0x1.f709f80e29598p-11,5;30;17,8;20
20201014.gml.geo,hub,hotspot,169,0x1.f709f80e29598p-11,5;30;18,8;21
20201014.gml.geo,hub,hotspot,170,0x1.f709f80e29598p-11,5;30;19,8;22
20201014.gml.geo,hub,hotspot,171,0x1.f709f80e29598p-11,5;30;20,8;23
20201014.gml.geo,hub,hotspot,172,0x1.f709f80e29598p-11,5;30;21,8;24
20201014.gml.geo,hub,hotspot,173,0x1.1589e9f628780p-10,5;30;22,8;25
20201014.gml.geo,hub,hotspot,174,0x1.f709f80e29598p-11,5;30;23,8;26
20201014.gml.geo,hub,hotspot,175,0x1.f709f80e29598p-11,5;30;24,8;27
20201014.gml.geo,hub,hotspot,176,0x1.f709f80e29598p-11,5;30;25,8;28
20201014.gml.geo,hub,hotspot,177,0x1.f709f80e29598p-11,5;30;26,8;29
20201014.gml.geo,hub,hotspot,178,0x1.f709f80e29598p-11,5;30;27,8;30
20201014.gml.geo,hub,hotspot,179,0x1.f709f80e29598p-11,5;30;28,8;31
20201014.gml.geo,hub,hotspot,180,0x1.1589e9f628780p-10,5;30;29,8;32
20201014.gml.geo,hub,hotspot,181,0x1.f709f80e29598p-9,5;30,8
20201014.gml.geo,hub,hotspot,182,0x1.f709f80e29598p-11,6;30;0,9;0
20201014.gml.geo,hub,hotspot,183,0x1.f709f80e29598p-11,6;30;1,9;1
20201014.gml.geo,hub,hotspot,184,0x1.4993c5d4500e8p-10,6;30;2,9;5
20201014.gml.geo,hub,hotspot,185,0x1.f709f80e29598p-11,6;30;3,9;6
20201014.gml.geo,hub,hotspot,186,0x1.1589e9f628780p-10,6;30;4,9;7
20201014.gml.geo,hub,hotspot,187,0x1.f709f80e29598p-11,6;30;5,9;8
20201014.gml.geo,hub,hotspot,188,0x1.f709f80e29598p-11,6;30;7,9;10
20201014.gml.geo,hub,hotspot,189,0x1.f709f80e29598p-11,6;30;8,9;11
20201014.gml.geo,hub,hotspot,190,0x1.f709f80e29598p-11,6;30;9,9;12
20201014.gml.geo,hub,hotspot,191,0x1.f709f80e29598p-11,6;30;10,9;13
20201014.gml.geo,hub,hotspot,192,0x1.f709f80e29598p-11,6;30;11,9;14
20201014.gml.geo,hub,hotspot,193,0x1.f709f80e29598p-11,6;30;12,9;15
20201014.gml.geo,hub,hotspot,194,0x1.f709f80e29598p-11,6;30;13,9;16
20201014.gml.geo,hub,hotspot,195,0x1.f709f80e29598p-11,6;30;14,9;17
20201014.gml.geo,hub,hotspot,196,0x1.f709f80e29598p-11,6;30;15,9;18
20201014.gml.geo,hub,hotspot,197,0x1.f709f80e29598p-11,6;30;16,9;19
20201014.gml.geo,hub,hotspot,198,0x1.f709f80e29598p-11,6;30;17,9;20
20201014.gml.geo,hub,hotspot,199,0x1.f709f80e29598p-11,6;30;18,9;21
20201014.gml.geo,hub,hotspot,200,0x1.f709f80e29598p-11,6;30;19,9;22
20201014.gml.geo,hub,hotspot,201,0x1.f709f80e29598p-11,6;30;20,9;23
20201014.gml.geo,hub,hotspot,202,0x1.f709f80e29598p-11,6;30;21,9;24
20201014.gml.geo,hub,hotspot,203,0x1.1589e9f628780p-10,6;30;22,9;25
20201014.gml.geo,hub,hotspot,204,0x1.f709f80e29598p-11,6;30;23,9;26
20201014.gml.geo,hub,hotspot,205,0x1.f709f80e29598p-11,6;30;24,9;27
20201014.gml.geo,hub,hotspot,206,0x1.f709f80e29598p-11,6;30;25,9;28
20201014.gml.geo,hub,hotspot,207,0x1.f709f80e29598p-11,6;30;26,9;29
20201014.gml.geo,hub,hotspot,208,0x1.f709f80e29598p-11,6;30;27,9;30
20201014.gml.geo,hub,hotspot,209,0x1.f709f80e29598p-11,6;30;28,9;31
20201014.gml.geo,hub,hotspot,210,0x1.1589e9f628780p-10,6;30;29,9;32
20201014.gml.geo,hub,hotspot,211,0x1.f709f80e29598p-9,6;30,9
20201014.gml.geo,hub,hotspot,212,0x1.f709f80e29598p-11,7;30;0,10;0
20201014.gml.geo,hub,hotspot,213,0x1.f709f80e29598p-11,7;30;1,10;1
20201014.gml.geo,hub,hotspot,214,0x1.4993c5d4500e8p-10,7;30;2,10;5
20201014.gml.geo,hub,hotspot,215,0x1.f709f80e29598p-11,7;30;3,10;6
20201014.gml.geo,hub,hotspot,216,0x1.1589e9f628780p-10,7;30;4,10;7
20201014.gml.geo,hub,hotspot,217,0x1.f709f80e29598p-11,7;30;5,10;8
20201014.gml.geo,hub,hotspot,218,0x1.f709f80e29598p-11,7;30;6,10;9
20201014.gml.geo,hub,hotspot,219,0x1.f709f80e29598p-11,7;30;8,10;11
20201014.gml.geo,hub,hotspot,220,0x1.f709f80e29598p-11,7;30;9,10;12
20201014.gml.geo,hub,hotspot,221,0x1.f709f80e29598p-11,7;30;10,10;13
20201014.gml.geo,hub,hotspot,222,0x1.f709f80e29598p-11,7;30;11,10;14
20201014.gml.geo,hub,hotspot,223,0x1.f709f80e29598p-11,7;30;12,10;15
20201014.gml.geo,hub,hotspot,224,0x1.f709f80e29598p-11,7;30;13,10;16
20201014.gml.geo,hub,hotspot,225,0x1.f709f80e29598p-11,7;30;14,10;17
20201014.gml.geo,hub,hotspot,226,0x1.f709f80e29598p-11,7;30;15,10;18
20201014.gml.geo,hub,hotspot,227,0x1.f709f80e29598p-11,7;30;16,10;19
20201014.gml.geo,hub,hotspot,228,0x1.f709f80e29598p-11,7;30;17,10;20
20201014.gml.geo,hub,hotspot,229,0x1.f709f80e29598p-11,7;30;18,10;21
20201014.gml.geo,hub,hotspot,230,0x1.f709f80e29598p-11,7;30;19,10;22
20201014.gml.geo,hub,hotspot,231,0x1.f709f80e29598p-11,7;30;20,10;23
20201014.gml.geo,hub,hotspot,232,0x1.f709f80e29598p-11,7;30;21,10;24
20201014.gml.geo,hub,hotspot,233,0x1.1589e9f628780p-10,7;30;22,10;25
20201014.gml.geo,hub,hotspot,234,0x1.f709f80e29598p-11,7;30;23,10;26
20201014.gml.geo,hub,hotspot,235,0x1.f709f80e29598p-11,7;30;24,10;27
20201014.gml.geo,hub,hotspot,236,0x1.f709f80e29598p-11,7;30;25,10;28
20201014.gml.geo,hub,hotspot,237,0x1.f709f80e29598p-11,7;30;26,10;29
20201014.gml.geo,hub,hotspot,238,0x1.f709f80e29598p-11,7;30;27,10;30
20201014.gml.geo,hub,hotspot,239,0x1.f709f80e29598p-11,7;30;28,10;31
20201014.gml.geo,hub,hotspot,240,0x1.1589e9f628780p-10,7;30;29,10;32
20201014.gml.geo,hub,hotspot,241,0x1.f709f80e29598p-9,7;30,10
20201014.gml.geo,hub,hotspot,242,0x1.f709f80e29598p-11,8;30;0,11;0
20201014.gml.geo,hub,hotspot,243,0x1.f709f80e29598p-11,8;30;1,11;1
20201014.gml.geo,hub,hotspot,244,0x1.4993c5d4500e8p-10,8;30;2,11;5
20201014.gml.geo,hub,hotspot,245,0x1.f709f80e29598p-11,8;30;3,11;6
20201014.gml.geo,hub,hotspot,246,0x1.1589e9f628780p-10,8;30;4,11;7
20201014.gml.geo,hub,hotspot,247,0x1.f709f80e29598p-11,8;30;5,11;8
20201014.gml.geo,hub,hotspot,248,0x1.f709f80e29598p-11,8;30;6,11;9
20201014.gml.geo,hub,hotspot,249,0x1.f709f80e29598p-11,8;30;7,11;10
20201014.gml.geo,hub,hotspot,250,0x1.f709f80e29598p-11,8;30;9,11;12
20201014.gml.geo,hub,hotspot,251,0x1.f709f80e29598p-11,8;30;10,11;13
20201014.gml.geo,hub,hotspot,252,0x1.f709f80e29598p-11,8;30;11,11;14
20201014.gml.geo,hub,hotspot,253,0x1.f709f80e29598p-11,8;30;12,11;15
20201014.gml.geo,hub,hotspot,254,0x1.f709f80e29598p-11,8;30;13,11;16
20201014.gml.geo,hub,hotspot,255,0x1.f709f80e29598p-11,8;30;14,11;17
20201014.gml.geo,hub,hotspot,256,0x1.f709f80e29598p-11,8;30;15,11;18
20201014.gml.geo,hub,hotspot,257,0x1.f709f80e29598p-11,8;30;16,11;19
20201014.gml.geo,hub,hotspot,258,0x1.f709f80e29598p-11,8;30;17,11;20
20201014.gml.geo,hub,hotspot,259,0x1.f709f80e29598p-11,8;30;18,11;21
20201014.gml.geo,hub,hotspot,260,0x1.f709f80e29598p-11,8;30;19,11;22
20201014.gml.geo,hub,hotspot,261,0x1.f709f80e29598p-11,8;30;20,11;23
20201014.gml.geo,hub,hotspot,262,0x1.f709f80e29598p-11,8;30;21,11;24
20201014.gml.geo,hub,hotspot,263,0x1.1589e9f628780p-10,8;30;22,11;25
20201014.gml.geo,hub,hotspot,264,0x1.f709f80e29598p-11,8;30;23,11;26
20201014.gml.geo,hub,hotspot,265,0x1.f709f80e29598p-11,8;30;24,11;27
20201014.gml.geo,hub,hotspot,266,0x1.f709f80e29598p-11,8;30;25,11;28
20201014.gml.geo,hub,hotspot,267,0x1.f709f80e29598p-11,8;30;26,11;29
20201014.gml.geo,hub,hotspot,268,0x1.f709f80e29598p-11,8;30;27,11;30
20201014.gml.geo,hub,hotspot,269,0x1.f709f80e29598p-11,8;30;28,11;31
20201014.gml.geo,hub,hotspot,270,0x1.1589e9f628780p-10,8;30;29,11;32
20201014.gml.geo,hub,hotspot,271,0x1.f709f80e29598p-9,8;30,11
20201014.gml.geo,hub,hotspot,272,0x1.f709f80e29598p-11,9;30;0,12;0
20201014.gml.geo,hub,hotspot,273,0x1.f709f80e29598p-11,9;30;1,12;1
20201014.gml.geo,hub,hotspot,274,0x1.4993c5d4500e8p-10,9;30;2,12;5
20201014.gml.geo,hub,hotspot,275,0x1.f709f80e29598p-11,9;30;3,12;6
20201014.gml.geo,hub,hotspot,276,0x1.1589e9f628780p-10,9;30;4,12;7
20201014.gml.geo,hub,hotspot,277,0x1.f709f80e29598p-11,9;30;5,12;8
20201014.gml.geo,hub,hotspot,278,0x1.f709f80e29598p-11,9;30;6,12;9
20201014.gml.geo,hub,hotspot,279,0x1.f709f80e29598p-11,9;30;7,12;10
20201014.gml.geo,hub,hotspot,280,0x1.f709f80e29598p-11,9;30;8,12;11
20201014.gml.geo,hub,hotspot,281,0x1.f709f80e29598p-11,9;30;10,12;13
20201014.gml.geo,hub,hotspot,282,0x1.f709f80e29598p-11,9;30;11,12;14
20201014.gml.geo,hub,hotspot,283,0x1.f709f80e29598p-11,9;30;12,12;15
20201014.gml.geo,hub,hotspot,284,0x1.f709f80e29598p-11,9;30;13,12;16
20201014.gml.geo,hub,hotspot,285,0x1.f709f80e29598p-11,9;30;14,12;17
20201014.gml.geo,hub,hotspot,286,0x1.f709f80e29598p-11,9;30;15,12;18
20201014.gml.geo,hub,hotspot,287,0x1.f709f80e29598p-11,9;30;16,12;19
20201014.gml.geo,hub,hotspot,288,0x1.f709f80e29598p-11,9;30;17,12;20
20201014.gml.geo,hub,hotspot,289,0x1.f709f80e29598p-11,9;30;18,12;21
20201014.gml.geo,hub,hotspot,290,0x1.f709f80e29598p-11,9;30;19,12;22
20201014.gml.geo,hub,hotspot,291,0x1.f709f80e29598p-11,9;30;20,12;23
20201014.gml.geo,hub,hotspot,292,0x1.f709f80e29598p-11,9;30;21,12;24
20201014.gml.geo,hub,hotspot,293,0x1.1589e9f628780p-10,9;30;22,12;25
20201014.gml.geo,hub,hotspot,294,0x1.f709f80e29598p-11,9;30;23,12;26
20201014.gml.geo,hub,hotspot,295,0x1.f709f80e29598p-11,9;30;24,12;27
20201014.gml.geo,hub,hotspot,296,0x1.f709f80e29598p-11,9;30;25,12;28
20201014.gml.geo,hub,hotspot,297,0x1.f709f80e29598p-11,9;30;26,12;29
20201014.gml.geo,hub,hotspot,298,0x1.f709f80e29598p-11,9;30;27,12;30
20201014.gml.geo,hub,hotspot,299,0x1.f709f80e29598p-11,9;30;28,12;31
20201014.gml.geo,hub,hotspot,300,0x1.1589e9f628780p-10,9;30;29,12;32
20201014.gml.geo,hub,hotspot,301,0x1.f709f80e29598p-9,9;30,12
20201014.gml.geo,hub,hotspot,302,0x1.f709f80e29598p-11,10;30;0,13;0
20201014.gml.geo,hub,hotspot,303,0x1.f709f80e29598p-11,10;30;1,13;1
20201014.gml.geo,hub,hotspot,304,0x1.4993c5d4500e8p-10,10;30;2,13;5
20201014.gml.geo,hub,hotspot,305,0x1.f709f80e29598p-11,10;30;3,13;6
20201014.gml.geo,hub,hotspot,306,0x1.1589e9f628780p-10,10;30;4,13;7
20201014.gml.geo,hub,hotspot,307,0x1.f709f80e29598p-11,10;30;5,13;8
20201014.gml.geo,hub,hotspot,308,0x1.f709f80e29598p-11,10;30;6,13;9
20201014.gml.geo,hub,hotspot,309,0x1.f709f80e29598p-11,10;30;7,13;10
20201014.gml.geo,hub,hotspot,310,0x1.f709f80e29598p-11,10;30;8,13;11
20201014.gml.geo,hub,hotspot,311,0x1.f709f80e29598p-11,10;30;9,13;12
20201014.gml.geo,hub,hotspot,312,0x1.f709f80e29598p-11,10;30;11,13;14
20201014.gml.geo,hub,hotspot,313,0x1.f709f80e29598p-11,10;30;12,13;15
20201014.gml.geo,hub,hotspot,314,0x1.f709f80e29598p-11,10;30;13,13;16
20201014.gml.geo,hub,hotspot,315,0x1.f709f80e29598p-11,10;30;14,13;17
20201014.gml.geo,hub,hotspot,316,0x1.f709f80e29598p-11,10;30;15,13;18
20201014.gml.geo,hub,hotspot,317,0x1.f709f80e29598p-11,10;30;16,13;19
20201014.gml.geo,hub,hotspot,318,0x1.f709f80e29598p-11,10;30;17,13;20
20201014.gml.geo,hub,hotspot,319,0x1.f709f80e29598p-11,10;30;18,13;21
20201014.gml.geo,hub,hotspot,320,0x1.f709f80e29598p-11,10;30;19,13;22
20201014.gml.geo,hub,hotspot,321,0x1.f709f80e29598p-11,10;30;20,13;23
20201014.gml.geo,hub,hotspot,322,0x1.f709f80e29598p-11,10;30;21,13;24
20201014.gml.geo,hub,hotspot,323,0x1.1589e9f628780p-10,10;30;22,13;25
20201014.gml.geo,hub,hotspot,324,0x1.f709f80e29598p-11,10;30;23,13;26
20201014.gml.geo,hub,hotspot,325,0x1.f709f80e29598p-11,10;30;24,13;27
20201014.gml.geo,hub,hotspot,326,0x1.f709f80e29598p-11,10;30;25,13;28
20201014.gml.geo,hub,hotspot,327,0x1.f709f80e29598p-11,10;30;26,13;29
20201014.gml.geo,hub,hotspot,328,0x1.f709f80e29598p-11,10;30;27,13;30
20201014.gml.geo,hub,hotspot,329,0x1.f709f80e29598p-11,10;30;28,13;31
20201014.gml.geo,hub,hotspot,330,0x1.1589e9f628780p-10,10;30;29,13;32
20201014.gml.geo,hub,hotspot,331,0x1.f709f80e29598p-9,10;30,13
20201014.gml.geo,hub,hotspot,332,0x1.f709f80e29598p-11,11;30;0,14;0
20201014.gml.geo,hub,hotspot,333,0x1.f709f80e29598p-11,11;30;1,14;1
20201014.gml.geo,hub,hotspot,334,0x1.4993c5d4500e8p-10,11;30;2,14;5
20201014.gml.geo,hub,hotspot,335,0x1.f709f80e29598p-11,11;30;3,14;6
20201014.gml.geo,hub,hotspot,336,0x1.1589e9f628780p-10,11;30;4,14;7
20201014.gml.geo,hub,hotspot,337,0x1.f709f80e29598p-11,11;30;5,14;8
20201014.gml.geo,hub,hotspot,338,0x1.f709f80e29598p-11,11;30;6,14;9
20201014.gml.geo,hub,hotspot,339,0x1.f709f80e29598p-11,11;30;7,14;10
20201014.gml.geo,hub,hotspot,340,0x1.f709f80e29598p-11,11;30;8,14;11
20201014.gml.geo,hub,hotspot,341,0x1.f709f80e29598p-11,11;30;9,14;12
20201014.gml.geo,hub,hotspot,342,0x1.f709f80e29598p-11,11;30;10,14;13
20201014.gml.geo,hub,hotspot,343,0x1.f709f80e29598p-11,11;30;12,14;15
20201014.gml.geo,hub,hotspot,344,0x1.f709f80e29598p-11,11;30;13,14;16
20201014.gml.geo,hub,hotspot,345,0x1.f709f80e29598p-11,11;30;14,14;17
20201014.gml.geo,hub,hotspot,346,0x1.f709f80e29598p-11,11;30;15,14;18
20201014.gml.geo,hub,hotspot,347,0x1.f709f80e29598p-11,11;30;16,14;19
20201014.gml.geo,hub,hotspot,348,0x1.f709f80e29598p-11,11;30;17,14;20
20201014.gml.geo,hub,hotspot,349,0x1.f709f80e29598p-11,11;30;18,14;21
20201014.gml.geo,hub,hotspot,350,0x1.f709f80e29598p-11,11;30;19,14;22
20201014.gml.geo,hub,hotspot,351,0x1.f709f80e29598p-11,11;30;20,14;23
20201014.gml.geo,hub,hotspot,352,0x1.f709f80e29598p-11,11;30;21,14;24
20201014.gml.geo,hub,hotspot,353,0x1.1589e9f628780p-10,11;30;22,14;25
20201014.gml.geo,hub,hotspot,354,0x1.f709f80e29598p-11,11;30;23,14;26
20201014.gml.geo,hub,hotspot,355,0x1.f709f80e29598p-11,11;30;24,14;27
20201014.gml.geo,hub,hotspot,356,0x1.f709f80e29598p-11,11;30;25,14;28
20201014.gml.geo,hub,hotspot,357,0x1.f709f80e29598p-11,11;30;26,14;29
20201014.gml.geo,hub,hotspot,358,0x1.f709f80e29598p-11,11;30;27,14;30
20201014.gml.geo,hub,hotspot,359,0x1.f709f80e29598p-11,11;30;28,14;31
20201014.gml.geo,hub,hotspot,360,0x1.1589e9f628780p-10,11;30;29,14;32
20201014.gml.geo,hub,hotspot,361,0x1.f709f80e29598p-9,11;30,14
20201014.gml.geo,hub,hotspot,362,0x1.f709f80e29598p-11,12;30;0,15;0
20201014.gml.geo,hub,hotspot,363,0x1.f709f80e29598p-11,12;30;1,15;1
20201014.gml.geo,hub,hotspot,364,0x1.4993c5d4500e8p-10,12;30;2,15;5
20201014.gml.geo,hub,hotspot,365,0x1.f709f80e29598p-11,12;30;3,15;6
20201014.gml.geo,hub,hotspot,366,0x1.1589e9f628780p-10,12;30;4,15;7
20201014.gml.geo,hub,hotspot,367,0x1.f709f80e29598p-11,12;30;5,15;8
20201014.gml.geo,hub,hotspot,368,0x1.f709f80e29598p-11,12;30;6,15;9
20201014.gml.geo,hub,hotspot,369,0x1.f709f80e29598p-11,12;30;7,15;10
20201014.gml.geo,hub,hotspot,370,0x1.f709f80e29598p-11,12;30;8,15;11
20201014.gml.geo,hub,hotspot,371,0x1.f709f80e29598p-11,12;30;9,15;12
20201014.gml.geo,hub,hotspot,372,0x1.f709f80e29598p-11,12;30;10,15;13
20201014.gml.geo,hub,hotspot,373,0x1.f709f80e29598p-11,12;30;11,15;14
20201014.gml.geo,hub,hotspot,374,0x1.f709f80e29598p-11,12;30;13,15;16
20201014.gml.geo,hub,hotspot,375,0x1.f709f80e29598p-11,12;30;14,15;17
20201014.gml.geo,hub,hotspot,376,0x1.f709f80e29598p-11,12;30;15,15;18
20201014.gml.geo,hub,hotspot,377,0x1.f709f80e29598p-11,12;30;16,15;19
20201014.gml.geo,hub,hotspot,378,0x1.f709f80e29598p-11,12;30;17,15;20
20201014.gml.geo,hub,hotspot,379,0x1.f709f80e29598p-11,12;30;18,15;21
20201014.gml.geo,hub,hotspot,380,0x1.f709f80e29598p-11,12;30;19,15;22
20201014.gml.geo,hub,hotspot,381,0x1.f709f80e29598p-11,12;30;20,15;23
20201014.gml.geo,hub,hotspot,382,0x1.f709f80e29598p-11,12;30;21,15;24
20201014.gml.geo,hub,hotspot,383,0x1.1589e9f628780p-10,12;30;22,15;25
20201014.gml.geo,hub,hotspot,384,0x1.f709f80e29598p-11,12;30;23,15;26
20201014.gml.geo,hub,hotspot,385,0x1.f709f80e29598p-11,12;30;24,15;27
20201014.gml.geo,hub,hotspot,386,0x1.f709f80e29598p-11,12;30;25,15;28
20201014.gml.geo,hub,hotspot,387,0x1.f709f80e29598p-11,12;30;26,15;29
20201014.gml.geo,hub,hotspot,388,0x1.f709f80e29598p-11,12;30;27,15;30
20201014.gml.geo,hub,hotspot,389,0x1.f709f80e29598p-11,12;30;28,15;31
20201014.gml.geo,hub,hotspot,390,0x1.1589e9f628780p-10,12;30;29,15;32
20201014.gml.geo,hub,hotspot,391,0x1.f709f80e29598p-9,12;30,15
20201014.gml.geo,hub,hotspot,392,0x1.f709f80e29598p-11,13;30;0,16;0
20201014.gml.geo,hub,hotspot,393,0x1.f709f80e29598p-11,13;30;1,16;1
20201014.gml.geo,hub,hotspot,394,0x1.4993c5d4500e8p-10,13;30;2,16;5
20201014.gml.geo,hub,hotspot,395,0x1.f709f80e29598p-11,13;30;3,16;6
20201014.gml.geo,hub,hotspot,396,0x1.1589e9f628780p-10,13;30;4,16;7
20201014.gml.geo,hub,hotspot,397,0x1.f709f80e29598p-11,13;30;5,16;8
20201014.gml.geo,hub,hotspot,398,0x1.f709f80e29598p-11,13;30;6,16;9
20201014.gml.geo,hub,hotspot,399,0x1.f709f80e29598p-11,13;30;7,16;10
20201014.gml.geo,hub,hotspot,400,0x1.f709f80e29598p-11,13;30;8,16;11
20201014.gml.geo,hub,hotspot,401,0x1.f709f80e29598p-11,13;30;9,16;12
20201014.gml.geo,hub,hotspot,402,0x1.f709f80e29598p-11,13;30;10,16;13
20201014.gml.geo,hub,hotspot,403,0x1.f709f80e29598p-11,13;30;11,16;14
20201014.gml.geo,hub,hotspot,404,0x1.f709f80e29598p-11,13;30;12,16;15
20201014.gml.geo,hub,hotspot,405,0x1.f709f80e29598p-11,13;30;14,16;17
20201014.gml.geo,hub,hotspot,406,0x1.f709f80e29598p-11,13;30;15,16;18
20201014.gml.geo,hub,hotspot,407,0x1.f709f80e29598p-11,13;30;16,16;19
20201014.gml.geo,hub,hotspot,408,0x1.f709f80e29598p-11,13;30;17,16;20
20201014.gml.geo,hub,hotspot,409,0x1.f709f80e29598p-11,13;30;18,16;21
20201014.gml.geo,hub,hotspot,410,0x1.f709f80e29598p-11,13;30;19,16;22
20201014.gml.geo,hub,hotspot,411,0x1.f709f80e29598p-11,13;30;20,16;23
20201014.gml.geo,hub,hotspot,412,0x1.f709f80e29598p-11,13;30;21,16;24
20201014.gml.geo,hub,hotspot,413,0x1.1589e9f628780p-10,13;30;22,16;25
20201014.gml.geo,hub,hotspot,414,0x1.f709f80e29598p-11,13;30;23,16;26
20201014.gml.geo,hub,hotspot,415,0x1.f709f80e29598p-11,13;30;24,16;27
20201014.gml.geo,hub,hotspot,416,0x1.f709f80e29598p-11,13;30;25,16;28
20201014.gml.geo,hub,hotspot,417,0x1.f709f80e29598p-11,13;30;26,16;29
20201014.gml.geo,hub,hotspot,418,0x1.f709f80e29598p-11,13;30;27,16;30
20201014.gml.geo,hub,hotspot,419,0x1.f709f80e29598p-11,13;30;28,16;31
20201014.gml.geo,hub,hotspot,420,0x1.1589e9f628780p-10,13;30;29,16;32
20201014.gml.geo,hub,hotspot,421,0x1.f709f80e29598p-9,13;30,16
20201014.gml.geo,hub,hotspot,422,0x1.f709f80e29598p-11,14;30;0,17;0
20201014.gml.geo,hub,hotspot,423,0x1.f709f80e29598p-11,14;30;1,17;1
20201014.gml.geo,hub,hotspot,424,0x1.4993c5d4500e8p-10,14;30;2,17;5
20201014.gml.geo,hub,hotspot,425,0x1.f709f80e29598p-11,14;30;3,17;6
20201014.gml.geo,hub,hotspot,426,0x1.1589e9f628780p-10,14;30;4,17;7
20201014.gml.geo,hub,hotspot,427,0x1.f709f80e29598p-11,14;30;5,17;8
20201014.gml.geo,hub,hotspot,428,0x1.f709f80e29598p-11,14;30;6,17;9
20201014.gml.geo,hub,hotspot,429,0x1.f709f80e29598p-11,14;30;7,17;10
20201014.gml.geo,hub,hotspot,430,0x1.f709f80e29598p-11,14;30;8,17;11
20201014.gml.geo,hub,hotspot,431,0x1.f709f80e29598p-11,14;30;9,17;12
20201014.gml.geo,hub,hotspot,432,0x1.f709f80e29598p-11,14;30;10,17;13
20201014.gml.geo,hub,hotspot,433,0x1.f709f80e29598p-11,14;30;11,17;14
20201014.gml.geo,hub,hotspot,434,0x1.f709f80e29598p-11,14;30;12,17;15
20201014.gml.geo,hub,hotspot,435,0x1.f709f80e29598p-11,14;30;13,17;16
20201014.gml.geo,hub,hotspot,436,0x1.f709f80e29598p-11,14;30;15,17;18
20201014.gml.geo,hub,hotspot,437,0x1.f709f80e29598p-11,14;30;16,17;19
20201014.gml.geo,hub,hotspot,438,0x1.f709f80e29598p-11,14;30;17,17;20
20201014.gml.geo,hub,hotspot,439,0x1.f709f80e29598p-11,14;30;18,17;21
20201014.gml.geo,hub,hotspot,440,0x1.f709f80e29598p-11,14;30;19,17;22
20201014.gml.geo,hub,hotspot,441,0x1.f709f80e29598p-11,14;30;20,17;23
20201014.gml.geo,hub,hotspot,442,0x1.f709f80e29598p-11,14;30;21,17;24
20201014.gml.geo,hub,hotspot,443,0x1.1589e9f628780p-10,14;30;22,17;25
20201014.gml.geo,hub,hotspot,444,0x1.f709f80e29598p-11,14;30;23,17;26
20201014.gml.geo,hub,hotspot,445,0x1.f709f80e29598p-11,14;30;24,17;27
20201014.gml.geo,hub,hotspot,446,0x1.f709f80e29598p-11,14;30;25,17;28
20201014.gml.geo,hub,hotspot,447,0x1.f709f80e29598p-11,14;30;26,17;29
20201014.gml.geo,hub,hotspot,448,0x1.f709f80e29598p-11,14;30;27,17;30
20201014.gml.geo,hub,hotspot,449,0x1.f709f80e29598p-11,14;30;28,17;31
20201014.gml.geo,hub,hotspot,450,0x1.1589e9f628780p-10,14;30;29,17;32
20201014.gml.geo,hub,hotspot,451,0x1.f709f80e29598p-9,14;30,17
20201014.gml.geo,hub,hotspot,452,0x1.f709f80e29598p-11,15;30;0,18;0
20201014.gml.geo,hub,hotspot,453,0x1.f709f80e29598p-11,15;30;1,18;1
20201014.gml.geo,hub,hotspot,454,0x1.4993c5d4500e8p-10,15;30;2,18;5
20201014.gml.geo,hub,hotspot,455,0x1.f709f80e29598p-11,15;30;3,18;6
20201014.gml.geo,hub,hotspot,456,0x1.1589e9f628780p-10,15;30;4,18;7
20201014.gml.geo,hub,hotspot,457,0x1.f709f80e29598p-11,15;30;5,18;8
20201014.gml.geo,hub,hotspot,458,0x1.f709f80e29598p-11,15;30;6,18;9
20201014.gml.geo,hub,hotspot,459,0x1.f709f80e29598p-11,15;30;7,18;10
20201014.gml.geo,hub,hotspot,460,0x1.f709f80e29598p-11,15;30;8,18;11
20201014.gml.geo,hub,hotspot,461,0x1.f709f80e29598p-11,15;30;9,18;12
20201014.gml.geo,hub,hotspot,462,0x1.f709f80e29598p-11,15;30;10,18;13
20201014.gml.geo,hub,hotspot,463,0x1.f709f80e29598p-11,15;30;11,18;14
20201014.gml.geo,hub,hotspot,464,0x1.f709f80e29598p-11,15;30;12,18;15
20201014.gml.geo,hub,hotspot,465,0x1.f709f80e29598p-11,15;30;13,18;16
20201014.gml.geo,hub,hotspot,466,0x1.f709f80e29598p-11,15;30;14,18;17
20201014.gml.geo,hub,hotspot,467,0x1.f709f80e29598p-11,15;30;16,18;19
20201014.gml.geo,hub,hotspot,468,0x1.f709f80e29598p-11,15;30;17,18;20
20201014.gml.geo,hub,hotspot,469,0x1.f709f80e29598p-11,15;30;18,18;21
20201014.gml.geo,hub,hotspot,470,0x1.f709f80e29598p-11,15;30;19,18;22
20201014.gml.geo,hub,hotspot,471,0x1.f709f80e29598p-11,15;30;20,18;23
20201014.gml.geo,hub,hotspot,472,0x1.f709f80e29598p-11,15;30;21,18;24
20201014.gml.geo,hub,hotspot,473,0x1.1589e9f628780p-10,15;30;22,18;25
20201014.gml.geo,hub,hotspot,474,0x1.f709f80e29598p-11,15;30;23,18;26
20201014.gml.geo,hub,hotspot,475,0x1.f709f80e29598p-11,15;30;24,18;27
20201014.gml.geo,hub,hotspot,476,0x1.f709f80e29598p-11,15;30;25,18;28
20201014.gml.geo,hub,hotspot,477,0x1.f709f80e29598p-11,15;30;26,18;29
20201014.gml.geo,hub,hotspot,478,0x1.f709f80e29598p-11,15;30;27,18;30
20201014.gml.geo,hub,hotspot,479,0x1.f709f80e29598p-11,15;30;28,18;31
20201014.gml.geo,hub,hotspot,480,0x1.1589e9f628780p-10,15;30;29,18;32
20201014.gml.geo,hub,hotspot,481,0x1.f709f80e29598p-9,15;30,18
20201014.gml.geo,hub,hotspot,482,0x1.f709f80e29598p-11,16;30;0,19;0
20201014.gml.geo,hub,hotspot,483,0x1.f709f80e29598p-11,16;30;1,19;1
20201014.gml.geo,hub,hotspot,484,0x1.4993c5d4500e8p-10,16;30;2,19;5
20201014.gml.geo,hub,hotspot,485,0x1.f709f80e29598p-11,16;30;3,19;6
20201014.gml.geo,hub,hotspot,486,0x1.1589e9f628780p-10,16;30;4,19;7
20201014.gml.geo,hub,hotspot,487,0x1.f709f80e29598p-11,16;30;5,19;8
20201014.gml.geo,hub,hotspot,488,0x1.f709f80e29598p-11,16;30;6,19;9
20201014.gml.geo,hub,hotspot,489,0x1.f709f80e29598p-11,16;30;7,19;10
20201014.gml.geo,hub,hotspot,490,0x1.f709f80e29598p-11,16;30;8,19;11
20201014.gml.geo,hub,hotspot,491,0x1.f709f80e29598p-11,16;30;9,19;12
20201014.gml.geo,hub,hotspot,492,0x1.f709f80e29598p-11,16;30;10,19;13
20201014.gml.geo,hub,hotspot,493,0x1.f709f80e29598p-11,16;30;11,19;14
20201014.gml.geo,hub,hotspot,494,0x1.f709f80e29598p-11,16;30;12,19;15
20201014.gml.geo,hub,hotspot,495,0x1.f709f80e29598p-11,16;30;13,19;16
20201014.gml.geo,hub,hotspot,496,0x1.f709f80e29598p-11,16;30;14,19;17
20201014.gml.geo,hub,hotspot,497,0x1.f709f80e29598p-11,16;30;15,19;18
20201014.gml.geo,hub,hotspot,498,0x1.f709f80e29598p-11,16;30;17,19;20
20201014.gml.geo,hub,hotspot,499,0x1.f709f80e29598p-11,16;30;18,19;21
20201014.gml.geo,hub,hotspot,500,0x1.f709f80e29598p-11,16;30;19,19;22
20201014.gml.geo,hub,hotspot,501,0x1.f709f80e29598p-11,16;30;20,19;23
20201014.gml.geo,hub,hotspot,502,0x1.f709f80e29598p-11,16;30;21,19;24
20201014.gml.geo,hub,hotspot,503,0x1.1589e9f628780p-10,16;30;22,19;25
20201014.gml.geo,hub,hotspot,504,0x1.f709f80e29598p-11,16;30;23,19;26
20201014.gml.geo,hub,hotspot,505,0x1.f709f80e29598p-11,16;30;24,19;27
20201014.gml.geo,hub,hotspot,506,0x1.f709f80e29598p-11,16;30;25,19;28
20201014.gml.geo,hub,hotspot,507,0x1.f709f80e29598p-11,16;30;26,19;29
20201014.gml.geo,hub,hotspot,508,0x1.f709f80e29598p-11,16;30;27,19;30
20201014.gml.geo,hub,hotspot,509,0x1.f709f80e29598p-11,16;30;28,19;31
20201014.gml.geo,hub,hotspot,510,0x1.1589e9f628780p-10,16;30;29,19;32
20201014.gml.geo,hub,hotspot,511,0x1.f709f80e29598p-9,16;30,19
20201014.gml.geo,hub,hotspot,512,0x1.f709f80e29598p-11,17;30;0,20;0
20201014.gml.geo,hub,hotspot,513,0x1.f709f80e29598p-11,17;30;1,20;1
20201014.gml.geo,hub,hotspot,514,0x1.4993c5d4500e8p-10,17;30;2,20;5
20201014.gml.geo,hub,hotspot,515,0x1.f709f80e29598p-11,17;30;3,20;6
20201014.gml.geo,hub,hotspot,516,0x1.1589e9f628780p-10,17;30;4,20;7
20201014.gml.geo,hub,hotspot,517,0x1.f709f80e29598p-11,17;30;5,20;8
20201014.gml.geo,hub,hotspot,518,0x1.f709f80e29598p-11,17;30;6,20;9
20201014.gml.geo,hub,hotspot,519,0x1.f709f80e29598p-11,17;30;7,20;10
20201014.gml.geo,hub,hotspot,520,0x1.f709f80e29598p-11,17;30;8,20;11
20201014.gml.geo,hub,hotspot,521,0x1.f709f80e29598p-11,17;30;9,20;12
20201014.gml.geo,hub,hotspot,522,0x1.f709f80e29598p-11,17;30;10,20;13
20201014.gml.geo,hub,hotspot,523,0x1.f709f80e29598p-11,17;30;11,20;14
20201014.gml.geo,hub,hotspot,524,0x1.f709f80e29598p-11,17;30;12,20;15
20201014.gml.geo,hub,hotspot,525,0x1.f709f80e29598p-11,17;30;13,20;16
20201014.gml.geo,hub,hotspot,526,0x1.f709f80e29598p-11,17;30;14,20;17
20201014.gml.geo,hub,hotspot,527,0x1.f709f80e29598p-11,17;30;15,20;18
20201014.gml.geo,hub,hotspot,528,0x1.f709f80e29598p-11,17;30;16,20;19
20201014.gml.geo,hub,hotspot,529,0x1.f709f80e29598p-11,17;30;18,20;21
20201014.gml.geo,hub,hotspot,530,0x1.f709f80e29598p-11,17;30;19,20;22
20201014.gml.geo,hub,hotspot,531,0x1.f709f80e29598p-11,17;30;20,20;23
20201014.gml.geo,hub,hotspot,532,0x1.f709f80e29598p-11,17;30;21,20;24
20201014.gml.geo,hub,hotspot,533,0x1.1589e9f628780p-10,17;30;22,20;25
20201014.gml.geo,hub,hotspot,534,0x1.f709f80e29598p-11,17;30;23,20;26
20201014.gml.geo,hub,hotspot,535,0x1.f709f80e29598p-11,17;30;24,20;27
20201014.gml.geo,hub,hotspot,536,0x1.f709f80e29598p-11,17;30;25,20;28
20201014.gml.geo,hub,hotspot,537,0x1.f709f80e29598p-11,17;30;26,20;29
20201014.gml.geo,hub,hotspot,538,0x1.f709f80e29598p-11,17;30;27,20;30
20201014.gml.geo,hub,hotspot,539,0x1.f709f80e29598p-11,17;30;28,20;31
20201014.gml.geo,hub,hotspot,540,0x1.1589e9f628780p-10,17;30;29,20;32
20201014.gml.geo,hub,hotspot,541,0x1.f709f80e29598p-9,17;30,20
20201014.gml.geo,hub,hotspot,542,0x1.f709f80e29598p-11,18;30;0,21;0
20201014.gml.geo,hub,hotspot,543,0x1.f709f80e29598p-11,18;30;1,21;1
20201014.gml.geo,hub,hotspot,544,0x1.4993c5d4500e8p-10,18;30;2,21;5
20201014.gml.geo,hub,hotspot,545,0x1.f709f80e29598p-11,18;30;3,21;6
20201014.gml.geo,hub,hotspot,546,0x1.1589e9f628780p-10,18;30;4,21;7
20201014.gml.geo,hub,hotspot,547,0x1.f709f80e29598p-11,18;30;5,21;8
20201014.gml.geo,hub,hotspot,548,0x1.f709f80e29598p-11,18;30;6,21;9
20201014.gml.geo,hub,hotspot,549,0x1.f709f80e29598p-11,18;30;7,21;10
20201014.gml.geo,hub,hotspot,550,0x1.f709f80e29598p-11,18;30;8,21;11
20201014.gml.geo,hub,hotspot,551,0x1.f709f80e29598p-11,18;30;9,21;12
20201014.gml.geo,hub,hotspot,552,0x1.f709f80e29598p-11,18;30;10,21;13
20201014.gml.geo,hub,hotspot,553,0x1.f709f80e29598p-11,18;30;11,21;14
20201014.gml.geo,hub,hotspot,554,0x1.f709f80e29598p-11,18;30;12,21;15
20201014.gml.geo,hub,hotspot,555,0x1.f709f80e29598p-11,18;30;13,21;16
20201014.gml.geo,hub,hotspot,556,0x1.f709f80e29598p-11,18;30;14,21;17
20201014.gml.geo,hub,hotspot,557,0x1.f709f80e29598p-11,18;30;15,21;18
20201014.gml.geo,hub,hotspot,558,0x1.f709f80e29598p-11,18;30;16,21;19
20201014.gml.geo,hub,hotspot,559,0x1.f709f80e29598p-11,18;30;17,21;20
20201014.gml.geo,hub,hotspot,560,0x1.f709f80e29598p-11,18;30;19,21;22
20201014.gml.geo,hub,hotspot,561,0x1.f709f80e29598p-11,18;30;20,21;23
20201014.gml.geo,hub,hotspot,562,0x1.f709f80e29598p-11,18;30;21,21;24
20201014.gml.geo,hub,hotspot,563,0x1.1589e9f628780p-10,18;30;22,21;25
20201014.gml.geo,hub,hotspot,564,0x1.f709f80e29598p-11,18;30;23,21;26
20201014.gml.geo,hub,hotspot,565,0x1.f709f80e29598p-11,18;30;24,21;27
20201014.gml.geo,hub,hotspot,566,0x1.f709f80e29598p-11,18;30;25,21;28
20201014.gml.geo,hub,hotspot,567,0x1.f709f80e29598p-11,18;30;26,21;29
20201014.gml.geo,hub,hotspot,568,0x1.f709f80e29598p-11,18;30;27,21;30
20201014.gml.geo,hub,hotspot,569,0x1.f709f80e29598p-11,18;30;28,21;31
20201014.gml.geo,hub,hotspot,570,0x1.1589e9f628780p-10,18;30;29,21;32
20201014.gml.geo,hub,hotspot,571,0x1.f709f80e29598p-9,18;30,21
20201014.gml.geo,hub,hotspot,572,0x1.f709f80e29598p-11,19;30;0,22;0
20201014.gml.geo,hub,hotspot,573,0x1.f709f80e29598p-11,19;30;1,22;1
20201014.gml.geo,hub,hotspot,574,0x1.4993c5d4500e8p-10,19;30;2,22;5
20201014.gml.geo,hub,hotspot,575,0x1.f709f80e29598p-11,19;30;3,22;6
20201014.gml.geo,hub,hotspot,576,0x1.1589e9f628780p-10,19;30;4,22;7
20201014.gml.geo,hub,hotspot,577,0x1.f709f80e29598p-11,19;30;5,22;8
20201014.gml.geo,hub,hotspot,578,0x1.f709f80e29598p-11,19;30;6,22;9
20201014.gml.geo,hub,hotspot,579,0x1.f709f80e29598p-11,19;30;7,22;10
20201014.gml.geo,hub,hotspot,580,0x1.f709f80e29598p-11,19;30;8,22;11
20201014.gml.geo,hub,hotspot,581,0x1.f709f80e29598p-11,19;30;9,22;12
20201014.gml.geo,hub,hotspot,582,0x1.f709f80e29598p-11,19;30;10,22;13
20201014.gml.geo,hub,hotspot,583,0x1.f709f80e29598p-11,19;30;11,22;14
20201014.gml.geo,hub,hotspot,584,0x1.f709f80e29598p-11,19;30;12,22;15
20201014.gml.geo,hub,hotspot,585,0x1.f709f80e29598p-11,19;30;13,22;16
20201014.gml.geo,hub,hotspot,586,0x1.f709f80e29598p-11,19;30;14,22;17
20201014.gml.geo,hub,hotspot,587,0x1.f709f80e29598p-11,19;30;15,22;18
20201014.gml.geo,hub,hotspot,588,0x1.f709f80e29598p-11,19;30;16,22;19
20201014.gml.geo,hub,hotspot,589,0x1.f709f80e29598p-11,19;30;17,22;20
20201014.gml.geo,hub,hotspot,590,0x1.f709f80e29598p-11,19;30;18,22;21
20201014.gml.geo,hub,hotspot,591,0x1.f709f80e29598p-11,19;30;20,22;23
20201014.gml.geo,hub,hotspot,592,0x1.f709f80e29598p-11,19;30;21,22;24
20201014.gml.geo,hub,hotspot,593,0x1.1589e9f628780p-10,19;30;22,22;25
20201014.gml.geo,hub,hotspot,594,0x1.f709f80e29598p-11,19;30;23,22;26
20201014.gml.geo,hub,hotspot,595,0x1.f709f80e29598p-11,19;30;24,22;27
20201014.gml.geo,hub,hotspot,596,0x1.f709f80e29598p-11,19;30;25,22;28
20201014.gml.geo,hub,hotspot,597,0x1.f709f80e29598p-11,19;30;26,22;29
20201014.gml.geo,hub,hotspot,598,0x1.f709f80e29598p-11,19;30;27,22;30
20201014.gml.geo,hub,hotspot,599,0x1.f709f80e29598p-11,19;30;28,22;31
20201014.gml.geo,hub,hotspot,600,0x1.1589e9f628780p-10,19;30;29,22;32
20201014.gml.geo,hub,hotspot,601,0x1.f709f80e29598p-9,19;30,22
20201014.gml.geo,hub,hotspot,602,0x1.f709f80e29598p-11,20;30;0,23;0
20201014.gml.geo,hub,hotspot,603,0x1.f709f80e29598p-11,20;30;1,23;1
20201014.gml.geo,hub,hotspot,604,0x1.4993c5d4500e8p-10,20;30;2,23;5
20201014.gml.geo,hub,hotspot,605,0x1.f709f80e29598p-11,20;30;3,23;6
20201014.gml.geo,hub,hotspot,606,0x1.1589e9f628780p-10,20;30;4,23;7
20201014.gml.geo,hub,hotspot,607,0x1.f709f80e29598p-11,20;30;5,23;8
20201014.gml.geo,hub,hotspot,608,0x1.f709f80e29598p-11,20;30;6,23;9
20201014.gml.geo,hub,hotspot,609,0x1.f709f80e29598p-11,20;30;7,23;10
20201014.gml.geo,hub,hotspot,610,0x1.f709f80e29598p-11,20;30;8,23;11
20201014.gml.geo,hub,hotspot,611,0x1.f709f80e29598p-11,20;30;9,23;12
20201014.gml.geo,hub,hotspot,612,0x1.f709f80e29598p-11,20;30;10,23;13
20201014.gml.geo,hub,hotspot,613,0x1.f709f80e29598p-11,20;30;11,23;14
20201014.gml.geo,hub,hotspot,614,0x1.f709f80e29598p-11,20;30;12,23;15
20201014.gml.geo,hub,hotspot,615,0x1.f709f80e29598p-11,20;30;13,23;16
20201014.gml.geo,hub,hotspot,616,0x1.f709f80e29598p-11,20;30;14,23;17
20201014.gml.geo,hub,hotspot,617,0x1.f709f80e29598p-11,20;30;15,23;18
20201014.gml.geo,hub,hotspot,618,0x1.f709f80e29598p-11,20;30;16,23;19
20201014.gml.geo,hub,hotspot,619,0x1.f709f80e29598p-11,20;30;17,23;20
20201014.gml.geo,hub,hotspot,620,0x1.f709f80e29598p-11,20;30;18,23;21
20201014.gml.geo,hub,hotspot,621,0x1.f709f80e29598p-11,20;30;19,23;22
20201014.gml.geo,hub,hotspot,622,0x1.f709f80e29598p-11,20;30;21,23;24
20201014.gml.geo,hub,hotspot,623,0x1.1589e9f628780p-10,20;30;22,23;25
20201014.gml.geo,hub,hotspot,624,0x1.f709f80e29598p-11,20;30;23,23;26
20201014.gml.geo,hub,hotspot,625,0x1.f709f80e29598p-11,20;30;24,23;27
20201014.gml.geo,hub,hotspot,626,0x1.f709f80e29598p-11,20;30;25,23;28
20201014.gml.geo,hub,hotspot,627,0x1.f709f80e29598p-11,20;30;26,23;29
20201014.gml.geo,hub,hotspot,628,0x1.f709f80e29598p-11,20;30;27,23;30
20201014.gml.geo,hub,hotspot,629,0x1.f709f80e29598p-11,20;30;28,23;31
20201014.gml.geo,hub,hotspot,630,0x1.1589e9f628780p-10,20;30;29,23;32
20201014.gml.geo,hub,hotspot,631,0x1.f709f80e29598p-9,20;30,23
20201014.gml.geo,hub,hotspot,632,0x1.f709f80e29598p-11,21;30;0,24;0
20201014.gml.geo,hub,hotspot,633,0x1.f709f80e29598p-11,21;30;1,24;1
20201014.gml.geo,hub,hotspot,634,0x1.4993c5d4500e8p-10,21;30;2,24;5
20201014.gml.geo,hub,hotspot,635,0x1.f709f80e29598p-11,21;30;3,24;6
20201014.gml.geo,hub,hotspot,636,0x1.1589e9f628780p-10,21;30;4,24;7
20201014.gml.geo,hub,hotspot,637,0x1.f709f80e29598p-11,21;30;5,24;8
20201014.gml.geo,hub,hotspot,638,0x1.f709f80e29598p-11,21;30;6,24;9
20201014.gml.geo,hub,hotspot,639,0x1.f709f80e29598p-11,21;30;7,24;10
20201014.gml.geo,hub,hotspot,640,0x1.f709f80e29598p-11,21;30;8,24;11
20201014.gml.geo,hub,hotspot,641,0x1.f709f80e29598p-11,21;30;9,24;12
20201014.gml.geo,hub,hotspot,642,0x1.f709f80e29598p-11,21;30;10,24;13
20201014.gml.geo,hub,hotspot,643,0x1.f709f80e29598p-11,21;30;11,24;14
20201014.gml.geo,hub,hotspot,644,0x1.f709f80e29598p-11,21;30;12,24;15
20201014.gml.geo,hub,hotspot,645,0x1.f709f80e29598p-11,21;30;13,24;16
20201014.gml.geo,hub,hotspot,646,0x1.f709f80e29598p-11,21;30;14,24;17
20201014.gml.geo,hub,hotspot,647,0x1.f709f80e29598p-11,21;30;15,24;18
20201014.gml.geo,hub,hotspot,648,0x1.f709f80e29598p-11,21;30;16,24;19
20201014.gml.geo,hub,hotspot,649,0x1.f709f80e29598p-11,21;30;17,24;20
20201014.gml.geo,hub,hotspot,650,0x1.f709f80e29598p-11,21;30;18,24;21
20201014.gml.geo,hub,hotspot,651,0x1.f709f80e29598p-11,21;30;19,24;22
20201014.gml.geo,hub,hotspot,652,0x1.f709f80e29598p-11,21;30;20,24;23
20201014.gml.geo,hub,hotspot,653,0x1.1589e9f628780p-10,21;30;22,24;25
20201014.gml.geo,hub,hotspot,654,0x1.f709f80e29598p-11,21;30;23,24;26
20201014.gml.geo,hub,hotspot,655,0x1.f709f80e29598p-11,21;30;24,24;27
20201014.gml.geo,hub,hotspot,656,0x1.f709f80e29598p-11,21;30;25,24;28
20201014.gml.geo,hub,hotspot,657,0x1.f709f80e29598p-11,21;30;26,24;29
20201014.gml.geo,hub,hotspot,658,0x1.f709f80e29598p-11,21;30;27,24;30
20201014.gml.geo,hub,hotspot,659,0x1.f709f80e29598p-11,21;30;28,24;31
20201014.gml.geo,hub,hotspot,660,0x1.1589e9f628780p-10,21;30;29,24;32
20201014.gml.geo,hub,hotspot,661,0x1.f709f80e29598p-9,21;30,24
20201014.gml.geo,hub,hotspot,662,0x1.f7da1f7da1f7ep-11,22;30;0,25;0
20201014.gml.geo,hub,hotspot,663,0x1.f7da1f7da1f7ep-11,22;30;1,25;1
20201014.gml.geo,hub,hotspot,664,0x1.4b3414b3414b3p-10,22;2,3
20201014.gml.geo,hub,hotspot,665,0x1.f7da1f7da1f7ep-11,22;30;3,25;6
20201014.gml.geo,hub,hotspot,666,0x1.165a1165a1166p-11,22;2;4,3;2
20201014.gml.geo,hub,hotspot,667,0x1.165a1165a1166p-11,22;30;4,25;7
20201014.gml.geo,hub,hotspot,668,0x1.f7da1f7da1f7ep-11,22;30;5,25;8
20201014.gml.geo,hub,hotspot,669,0x1.f7da1f7da1f7ep-11,22;30;6,25;9
20201014.gml.geo,hub,hotspot,670,0x1.f7da1f7da1f7ep-11,22;30;7,25;10
20201014.gml.geo,hub,hotspot,671,0x1.f7da1f7da1f7ep-11,22;30;8,25;11
20201014.gml.geo,hub,hotspot,672,0x1.f7da1f7da1f7ep-11,22;30;9,25;12
20201014.gml.geo,hub,hotspot,673,0x1.f7da1f7da1f7ep-11,22;30;10,25;13
20201014.gml.geo,hub,hotspot,674,0x1.f7da1f7da1f7ep-11,22;30;11,25;14
20201014.gml.geo,hub,hotspot,675,0x1.f7da1f7da1f7ep-11,22;30;12,25;15
20201014.gml.geo,hub,hotspot,676,0x1.f7da1f7da1f7ep-11,22;30;13,25;16
20201014.gml.geo,hub,hotspot,677,0x1.f7da1f7da1f7ep-11,22;30;14,25;17
20201014.gml.geo,hub,hotspot,678,0x1.f7da1f7da1f7ep-11,22;30;15,25;18
20201014.gml.geo,hub,hotspot,679,0x1.f7da1f7da1f7ep-11,22;30;16,25;19
20201014.gml.geo,hub,hotspot,680,0x1.f7da1f7da1f7ep-11,22;30;17,25;20
20201014.gml.geo,hub,hotspot,681,0x1.f7da1f7da1f7ep-11,22;30;18,25;21
20201014.gml.geo,hub,hotspot,682,0x1.f7da1f7da1f7ep-11,22;30;19,25;22
20201014.gml.geo,hub,hotspot,683,0x1.f7da1f7da1f7ep-11,22;30;20,25;23
20201014.gml.geo,hub,hotspot,684,0x1.f7da1f7da1f7ep-11,22;30;21,25;24
20201014.gml.geo,hub,hotspot,685,0x1.f7da1f7da1f7ep-11,22;30;23,25;26
20201014.gml.geo,hub,hotspot,686,0x1.f7da1f7da1f7ep-11,22;30;24,25;27
20201014.gml.geo,hub,hotspot,687,0x1.f7da1f7da1f7ep-11,22;30;25,25;28
20201014.gml.geo,hub,hotspot,688,0x1.f7da1f7da1f7ep-11,22;30;26,25;29
20201014.gml.geo,hub,hotspot,689,0x1.f7da1f7da1f7ep-11,22;30;27,25;30
20201014.gml.geo,hub,hotspot,690,0x1.f7da1f7da1f7ep-11,22;30;28,25;31
20201014.gml.geo,hub,hotspot,691,0x1.165a1165a1166p-11,22;2;29,3;4
20201014.gml.geo,hub,hotspot,692,0x1.165a1165a1166p-11,22;30;29,25;32
20201014.gml.geo,hub,hotspot,693,0x1.fd231fd231fd2p-9,22;30,25
20201014.gml.geo,hub,hotspot,694,0x1.f709f80e29598p-11,23;30;0,26;0
20201014.gml.geo,hub,hotspot,695,0x1.f709f80e29598p-11,23;30;1,26;1
20201014.gml.geo,hub,hotspot,696,0x1.4993c5d4500e8p-10,23;30;2,26;5
20201014.gml.geo,hub,hotspot,697,0x1.f709f80e29598p-11,23;30;3,26;6
20201014.gml.geo,hub,hotspot,698,0x1.1589e9f628780p-10,23;30;4,26;7
20201014.gml.geo,hub,hotspot,699,0x1.f709f80e29598p-11,23;30;5,26;8
20201014.gml.geo,hub,hotspot,700,0x1.f709f80e29598p-11,23;30;6,26;9
20201014.gml.geo,hub,hotspot,701,0x1.f709f80e29598p-11,23;30;7,26;10
20201014.gml.geo,hub,hotspot,702,0x1.f709f80e29598p-11,23;30;8,26;11
20201014.gml.geo,hub,hotspot,703,0x1.f709f80e29598p-11,23;30;9,26;12
20201014.gml.geo,hub,hotspot,704,0x1.f709f80e29598p-11,23;30;10,26;13
20201014.gml.geo,hub,hotspot,705,0x1.f709f80e29598p-11,23;30;11,26;14
20201014.gml.geo,hub,hotspot,706,0x1.f709f80e29598p-11,23;30;12,26;15
20201014.gml.geo,hub,hotspot,707,0x1.f709f80e29598p-11,23;30;13,26;16
20201014.gml.geo,hub,hotspot,708,0x1.f709f80e29598p-11,23;30;14,26;17
20201014.gml.geo,hub,hotspot,709,0x1.f709f80e29598p-11,23;30;15,26;18
20201014.gml.geo,hub,hotspot,710,0x1.f709f80e29598p-11,23;30;16,26;19
20201014.gml.geo,hub,hotspot,711,0x1.f709f80e29598p-11,23;30;17,26;20
20201014.gml.geo,hub,hotspot,712,0x1.f709f80e29598p-11,23;30;18,26;21
20201014.gml.geo,hub,hotspot,713,0x1.f709f80e29598p-11,23;30;19,26;22
20201014.gml.geo,hub,hotspot,714,0x1.f709f80e29598p-11,23;30;20,26;23
20201014.gml.geo,hub,hotspot,715,0x1.f709f80e29598p-11,23;30;21,26;24
20201014.gml.geo,hub,hotspot,716,0x1.1589e9f628780p-10,23;30;22,26;25
20201014.gml.geo,hub,hotspot,717,0x1.f709f80e29598p-11,23;30;24,26;27
20201014.gml.geo,hub,hotspot,718,0x1.f709f80e29598p-11,23;30;25,26;28
20201014.gml.geo,hub,hotspot,719,0x1.f709f80e29598p-11,23;30;26,26;29
20201014.gml.geo,hub,hotspot,720,0x1.f709f80e29598p-11,23;30;27,26;30
20201014.gml.geo,hub,hotspot,721,0x1.f709f80e29598p-11,23;30;28,26;31
20201014.gml.geo,hub,hotspot,722,0x1.1589e9f628780p-10,23;30;29,26;32
20201014.gml.geo,hub,hotspot,723,0x1.f709f80e29598p-9,23;30,26
20201014.gml.geo,hub,hotspot,724,0x1.f709f80e29598p-11,24;30;0,27;0
20201014.gml.geo,hub,hotspot,725,0x1.f709f80e29598p-11,24;30;1,27;1
20201014.gml.geo,hub,hotspot,726,0x1.4993c5d4500e8p-10,24;30;2,27;5
20201014.gml.geo,hub,hotspot,727,0x1.f709f80e29598p-11,24;30;3,27;6
20201014.gml.geo,hub,hotspot,728,0x1.1589e9f628780p-10,24;30;4,27;7
20201014.gml.geo,hub,hotspot,729,0x1.f709f80e29598p-11,24;30;5,27;8
20201014.gml.geo,hub,hotspot,730,0x1.f709f80e29598p-11,24;30;6,27;9
20201014.gml.geo,hub,hotspot,731,0x1.f709f80e29598p-11,24;30;7,27;10
20201014.gml.geo,hub,hotspot,732,0x1.f709f80e29598p-11,24;30;8,27;11
20201014.gml.geo,hub,hotspot,733,0x1.f709f80e29598p-11,24;30;9,27;12
20201014.gml.geo,hub,hotspot,734,0x1.f709f80e29598p-11,24;30;10,27;13
20201014.gml.geo,hub,hotspot,735,0x1.f709f80e29598p-11,24;30;11,27;14
20201014.gml.geo,hub,hotspot,736,0x1.f709f80e29598p-11,24;30;12,27;15
20201014.gml.geo,hub,hotspot,737,0x1.f709f80e29598p-11,24;30;13,27;16
20201014.gml.geo,hub,hotspot,738,0x1.f709f80e29598p-11,24;30;14,27;17
20201014.gml.geo,hub,hotspot,739,0x1.f709f80e29598p-11,24;30;15,27;18
20201014.gml.geo,hub,hotspot,740,0x1.f709f80e29598p-11,24;30;16,27;19
20201014.gml.geo,hub,hotspot,741,0x1.f709f80e29598p-11,24;30;17,27;20
20201014.gml.geo,hub,hotspot,742,0x1.f709f80e29598p-11,24;30;18,27;21
20201014.gml.geo,hub,hotspot,743,0x1.f709f80e29598p-11,24;30;19,27;22
20201014.gml.geo,hub,hotspot,744,0x1.f709f80e29598p-11,24;30;20,27;23
20201014.gml.geo,hub,hotspot,745,0x1.f709f80e29598p-11,24;30;21,27;24
20201014.gml.geo,hub,hotspot,746,0x1.1589e9f628780p-10,24;30;22,27;25
20201014.gml.geo,hub,hotspot,747,0x1.f709f80e29598p-11,24;30;23,27;26
20201014.gml.geo,hub,hotspot,748,0x1.f709f80e29598p-11,24;30;25,27;28
20201014.gml.geo,hub,hotspot,749,0x1.f709f80e29598p-11,24;30;26,27;29
20201014.gml.geo,hub,hotspot,750,0x1.f709f80e29598p-11,24;30;27,27;30
20201014.gml.geo,hub,hotspot,751,0x1.f709f80e29598p-11,24;30;28,27;31
20201014.gml.geo,hub,hotspot,752,0x1.1589e9f628780p-10,24;30;29,27;32
20201014.gml.geo,hub,hotspot,753,0x1.f709f80e29598p-9,24;30,27
20201014.gml.geo,hub,hotspot,754,0x1.f709f80e29598p-11,25;30;0,28;0
20201014.gml.geo,hub,hotspot,755,0x1.f709f80e29598p-11,25;30;1,28;1
20201014.gml.geo,hub,hotspot,756,0x1.4993c5d4500e8p-10,25;30;2,28;5
20201014.gml.geo,hub,hotspot,757,0x1.f709f80e29598p-11,25;30;3,28;6
20201014.gml.geo,hub,hotspot,758,0x1.1589e9f628780p-10,25;30;4,28;7
20201014.gml.geo,hub,hotspot,759,0x1.f709f80e29598p-11,25;30;5,28;8
20201014.gml.geo,hub,hotspot,760,0x1.f709f80e29598p-11,25;30;6,28;9
20201014.gml.geo,hub,hotspot,761,0x1.f709f80e29598p-11,25;30;7,28;10
20201014.gml.geo,hub,hotspot,762,0x1.f709f80e29598p-11,25;30;8,28;11
20201014.gml.geo,hub,hotspot,763,0x1.f709f80e29598p-11,25;30;9,28;12
20201014.gml.geo,hub,hotspot,764,0x1.f709f80e29598p-11,25;30;10,28;13
20201014.gml.geo,hub,hotspot,765,0x1.f709f80e29598p-11,25;30;11,28;14
20201014.gml.geo,hub,hotspot,766,0x1.f709f80e29598p-11,25;30;12,28;15
20201014.gml.geo,hub,hotspot,767,0x1.f709f80e29598p-11,25;30;13,28;16
20201014.gml.geo,hub,hotspot,768,0x1.f709f80e29598p-11,25;30;14,28;17
20201014.gml.geo,hub,hotspot,769,0x1.f709f80e29598p-11,25;30;15,28;18
20201014.gml.geo,hub,hotspot,770,0x1.f709f80e29598p-11,25;30;16,28;19
20201014.gml.geo,hub,hotspot,771,0x1.f709f80e29598p-11,25;30;17,28;20
20201014.gml.geo,hub,hotspot,772,0x1.f709f80e29598p-11,25;30;18,28;21
20201014.gml.geo,hub,hotspot,773,0x1.f709f80e29598p-11,25;30;19,28;22
20201014.gml.geo,hub,hotspot,774,0x1.f709f80e29598p-11,25;30;20,28;23
20201014.gml.geo,hub,hotspot,775,0x1.f709f80e29598p-11,25;30;21,28;24
20201014.gml.geo,hub,hotspot,776,0x1.1589e9f628780p-10,25;30;22,28;25
20201014.gml.geo,hub,hotspot,777,0x1.f709f80e29598p-11,25;30;23,28;26
20201014.gml.geo,hub,hotspot,778,0x1.f709f80e29598p-11,25;30;24,28;27
20201014.gml.geo,hub,hotspot,779,0x1.f709f80e29598p-11,25;30;26,28;29
20201014.gml.geo,hub,hotspot,780,0x1.f709f80e29598p-11,25;30;27,28;30
20201014.gml.geo,hub,hotspot,781,0x1.f709f80e29598p-11,25;30;28,28;31
20201014.gml.geo,hub,hotspot,782,0x1.1589e9f628780p-10,25;30;29,28;32
20201014.gml.geo,hub,hotspot,783,0x1.f709f80e29598p-9,25;30,28
20201014.gml.geo,hub,hotspot,784,0x1.f709f80e29598p-11,26;30;0,29;0
20201014.gml.geo,hub,hotspot,785,0x1.f709f80e29598p-11,26;30;1,29;1
20201014.gml.geo,hub,hotspot,786,0x1.4993c5d4500e8p-10,26;30;2,29;5
20201014.gml.geo,hub,hotspot,787,0x1.f709f80e29598p-11,26;30;3,29;6
20201014.gml.geo,hub,hotspot,788,0x1.1589e9f628780p-10,26;30;4,29;7
20201014.gml.geo,hub,hotspot,789,0x1.f709f80e29598p-11,26;30;5,29;8
20201014.gml.geo,hub,hotspot,790,0x1.f709f80e29598p-11,26;30;6,29;9
20201014.gml.geo,hub,hotspot,791,0x1.f709f80e29598p-11,26;30;7,29;10
20201014.gml.geo,hub,hotspot,792,0x1.f709f80e29598p-11,26;30;8,29;11
20201014.gml.geo,hub,hotspot,793,0x1.f709f80e29598p-11,26;30;9,29;12
20201014.gml.geo,hub,hotspot,794,0x1.f709f80e29598p-11,26;30;10,29;13
20201014.gml.geo,hub,hotspot,795,0x1.f709f80e29598p-11,26;30;11,29;14
20201014.gml.geo,hub,hotspot,796,0x1.f709f80e29598p-11,26;30;12,29;15
20201014.gml.geo,hub,hotspot,797,0x1.f709f80e29598p-11,26;30;13,29;16
20201014.gml.geo,hub,hotspot,798,0x1.f709f80e29598p-11,26;30;14,29;17
20201014.gml.geo,hub,hotspot,799,0x1.f709f80e29598p-11,26;30;15,29;18
20201014.gml.geo,hub,hotspot,800,0x1.f709f80e29598p-11,26;30;16,29;19
20201014.gml.geo,hub,hotspot,801,0x1.f709f80e29598p-11,26;30;17,29;20
20201014.gml.geo,hub,hotspot,802,0x1.f709f80e29598p-11,26;30;18,29;21
20201014.gml.geo,hub,hotspot,803,0x1.f709f80e29598p-11,26;30;19,29;22
20201014.gml.geo,hub,hotspot,804,0x1.f709f80e29598p-11,26;30;20,29;23
20201014.gml.geo,hub,hotspot,805,0x1.f709f80e29598p-11,26;30;21,29;24
20201014.gml.geo,hub,hotspot,806,0x1.1589e9f628780p-10,26;30;22,29;25
20201014.gml.geo,hub,hotspot,807,0x1.f709f80e29598p-11,26;30;23,29;26
20201014.gml.geo,hub,hotspot,808,0x1.f709f80e29598p-11,26;30;24,29;27
20201014.gml.geo,hub,hotspot,809,0x1.f709f80e29598p-11,26;30;25,29;28
20201014.gml.geo,hub,hotspot,810,0x1.f709f80e29598p-11,26;30;27,29;30
20201014.gml.geo,hub,hotspot,811,0x1.f709f80e29598p-11,26;30;28,29;31
20201014.gml.geo,hub,hotspot,812,0x1.1589e9f628780p-10,26;30;29,29;32
20201014.gml.geo,hub,hotspot,813,0x1.f709f80e29598p-9,26;30,29
20201014.gml.geo,hub,hotspot,814,0x1.f709f80e29598p-11,27;30;0,30;0
20201014.gml.geo,hub,hotspot,815,0x1.f709f80e29598p-11,27;30;1,30;1
20201014.gml.geo,hub,hotspot,816,0x1.4993c5d4500e8p-10,27;30;2,30;5
20201014.gml.geo,hub,hotspot,817,0x1.f709f80e29598p-11,27;30;3,30;6
20201014.gml.geo,hub,hotspot,818,0x1.1589e9f628780p-10,27;30;4,30;7
20201014.gml.geo,hub,hotspot,819,0x1.f709f80e29598p-11,27;30;5,30;8
20201014.gml.geo,hub,hotspot,820,0x1.f709f80e29598p-11,27;30;6,30;9
20201014.gml.geo,hub,hotspot,821,0x1.f709f80e29598p-11,27;30;7,30;10
20201014.gml.geo,hub,hotspot,822,0x1.f709f80e29598p-11,27;30;8,30;11
20201014.gml.geo,hub,hotspot,823,0x1.f709f80e29598p-11,27;30;9,30;12
20201014.gml.geo,hub,hotspot,824,0x1.f709f80e29598p-11,27;30;10,30;13
20201014.gml.geo,hub,hotspot,825,0x1.f709f80e29598p-11,27;30;11,30;14
20201014.gml.geo,hub,hotspot,826,0x1.f709f80e29598p-11,27;30;12,30;15
20201014.gml.geo,hub,hotspot,827,0x1.f709f80e29598p-11,27;30;13,30;16
20201014.gml.geo,hub,hotspot,828,0x1.f709f80e29598p-11,27;30;14,30;17
20201014.gml.geo,hub,hotspot,829,0x1.f709f80e29598p-11,27;30;15,30;18
20201014.gml.geo,hub,hotspot,830,0x1.f709f80e29598p-11,27;30;16,30;19
20201014.gml.geo,hub,hotspot,831,0x1.f709f80e29598p-11,27;30;17,30;20
20201014.gml.geo,hub,hotspot,832,0x1.f709f80e29598p-11,27;30;18,30;21
20201014.gml.geo,hub,hotspot,833,0x1.f709f80e29598p-11,27;30;19,30;22
20201014.gml.geo,hub,hotspot,834,0x1.f709f80e29598p-11,27;30;20,30;23
20201014.gml.geo,hub,hotspot,835,0x1.f709f80e29598p-11,27;30;21,30;24
20201014.gml.geo,hub,hotspot,836,0x1.1589e9f628780p-10,27;30;22,30;25
20201014.gml.geo,hub,hotspot,837,0x1.f709f80e29598p-11,27;30;23,30;26
20201014.gml.geo,hub,hotspot,838,0x1.f709f80e29598p-11,27;30;24,30;27
20201014.gml.geo,hub,hotspot,839,0x1.f709f80e29598p-11,27;30;25,30;28
20201014.gml.geo,hub,hotspot,840,0x1.f709f80e29598p-11,27;30;26,30;29
20201014.gml.geo,hub,hotspot,841,0x1.f709f80e29598p-11,27;30;28,30;31
20201014.gml.geo,hub,hotspot,842,0x1.1589e9f628780p-10,27;30;29,30;32
20201014.gml.geo,hub,hotspot,843,0x1.f709f80e29598p-9,27;30,30
20201014.gml.geo,hub,hotspot,844,0x1.f709f80e29598p-11,28;30;0,31;0
20201014.gml.geo,hub,hotspot,845,0x1.f709f80e29598p-11,28;30;1,31;1
20201014.gml.geo,hub,hotspot,846,0x1.4993c5d4500e8p-10,28;30;2,31;5
20201014.gml.geo,hub,hotspot,847,0x1.f709f80e29598p-11,28;30;3,31;6
20201014.gml.geo,hub,hotspot,848,0x1.1589e9f628780p-10,28;30;4,31;7
20201014.gml.geo,hub,hotspot,849,0x1.f709f80e29598p-11,28;30;5,31;8
20201014.gml.geo,hub,hotspot,850,0x1.f709f80e29598p-11,28;30;6,31;9
20201014.gml.geo,hub,hotspot,851,0x1.f709f80e29598p-11,28;30;7,31;10
20201014.gml.geo,hub,hotspot,852,0x1.f709f80e29598p-11,28;30;8,31;11
20201014.gml.geo,hub,hotspot,853,0x1.f709f80e29598p-11,28;30;9,31;12
20201014.gml.geo,hub,hotspot,854,0x1.f709f80e29598p-11,28;30;10,31;13
20201014.gml.geo,hub,hotspot,855,0x1.f709f80e29598p-11,28;30;11,31;14
20201014.gml.geo,hub,hotspot,856,0x1.f709f80e29598p-11,28;30;12,31;15
20201014.gml.geo,hub,hotspot,857,0x1.f709f80e29598p-11,28;30;13,31;16
20201014.gml.geo,hub,hotspot,858,0x1.f709f80e29598p-11,28;30;14,31;17
20201014.gml.geo,hub,hotspot,859,0x1.f709f80e29598p-11,28;30;15,31;18
20201014.gml.geo,hub,hotspot,860,0x1.f709f80e29598p-11,28;30;16,31;19
20201014.gml.geo,hub,hotspot,861,0x1.f709f80e29598p-11,28;30;17,31;20
20201014.gml.geo,hub,hotspot,862,0x1.f709f80e29598p-11,28;30;18,31;21
20201014.gml.geo,hub,hotspot,863,0x1.f709f80e29598p-11,28;30;19,31;22
20201014.gml.geo,hub,hotspot,864,0x1.f709f80e29598p-11,28;30;20,31;23
20201014.gml.geo,hub,hotspot,865,0x1.f709f80e29598p-11,28;30;21,31;24
20201014.gml.geo,hub,hotspot,866,0x1.1589e9f628780p-10,28;30;22,31;25
20201014.gml.geo,hub,hotspot,867,0x1.f709f80e29598p-11,28;30;23,31;26
20201014.gml.geo,hub,hotspot,868,0x1.f709f80e29598p-11,28;30;24,31;27
20201014.gml.geo,hub,hotspot,869,0x1.f709f80e29598p-11,28;30;25,31;28
20201014.gml.geo,hub,hotspot,870,0x1.f709f80e29598p-11,28;30;26,31;29
20201014.gml.geo,hub,hotspot,871,0x1.f709f80e29598p-11,28;30;27,31;30
20201014.gml.geo,hub,hotspot,872,0x1.1589e9f628780p-10,28;30;29,31;32
20201014.gml.geo,hub,hotspot,873,0x1.f709f80e29598p-9,28;30,31
20201014.gml.geo,hub,hotspot,874,0x1.f7da1f7da1f7ep-11,29;30;0,32;0
20201014.gml.geo,hub,hotspot,875,0x1.f7da1f7da1f7ep-11,29;30;1,32;1
20201014.gml.geo,hub,hotspot,876,0x1.4b3414b3414b3p-10,29;2,4
20201014.gml.geo,hub,hotspot,877,0x1.f7da1f7da1f7ep-11,29;30;3,32;6
20201014.gml.geo,hub,hotspot,878,0x1.165a1165a1166p-11,29;2;4,4;2
20201014.gml.geo,hub,hotspot,879,0x1.165a1165a1166p-11,29;30;4,32;7
20201014.gml.geo,hub,hotspot,880,0x1.f7da1f7da1f7ep-11,29;30;5,32;8
20201014.gml.geo,hub,hotspot,881,0x1.f7da1f7da1f7ep-11,29;30;6,32;9
20201014.gml.geo,hub,hotspot,882,0x1.f7da1f7da1f7ep-11,29;30;7,32;10
20201014.gml.geo,hub,hotspot,883,0x1.f7da1f7da1f7ep-11,29;30;8,32;11
20201014.gml.geo,hub,hotspot,884,0x1.f7da1f7da1f7ep-11,29;30;9,32;12
20201014.gml.geo,hub,hotspot,885,0x1.f7da1f7da1f7ep-11,29;30;10,32;13
20201014.gml.geo,hub,hotspot,886,0x1.f7da1f7da1f7ep-11,29;30;11,32;14
20201014.gml.geo,hub,hotspot,887,0x1.f7da1f7da1f7ep-11,29;30;12,32;15
20201014.gml.geo,hub,hotspot,888,0x1.f7da1f7da1f7ep-11,29;30;13,32;16
20201014.gml.geo,hub,hotspot,889,0x1.f7da1f7da1f7ep-11,29;30;14,32;17
20201014.gml.geo,hub,hotspot,890,0x1.f7da1f7da1f7ep-11,29;30;15,32;18
20201014.gml.geo,hub,hotspot,891,0x1.f7da1f7da1f7ep-11,29;30;16,32;19
20201014.gml.geo,hub,hotspot,892,0x1.f7da1f7da1f7ep-11,29;30;17,32;20
20201014.gml.geo,hub,hotspot,893,0x1.f7da1f7da1f7ep-11,29;30;18,32;21
20201014.gml.geo,hub,hotspot,894,0x1.f7da1f7da1f7ep-11,29;30;19,32;22
20201014.gml.geo,hub,hotspot,895,0x1.f7da1f7da1f7ep-11,29;30;20,32;23
20201014.gml.geo,hub,hotspot,896,0x1.f7da1f7da1f7ep-11,29;30;21,32;24
20201014.gml.geo,hub,hotspot,897,0x1.165a1165a1166p-11,29;2;22,4;3
20201014.gml.geo,hub,hotspot,898,0x1.165a1165a1166p-11,29;30;22,32;25
20201014.gml.geo,hub,hotspot,899,0x1.f7da1f7da1f7ep-11,29;30;23,32;26
20201014.gml.geo,hub,hotspot,900,0x1.f7da1f7da1f7ep-11,29;30;24,32;27
20201014.gml.geo,hub,hotspot,901,0x1.f7da1f7da1f7ep-11,29;30;25,32;28
20201014.gml.geo,hub,hotspot,902,0x1.f7da1f7da1f7ep-11,29;30;26,32;29
20201014.gml.geo,hub,hotspot,903,0x1.f7da1f7da1f7ep-11,29;30;27,32;30
20201014.gml.geo,hub,hotspot,904,0x1.f7da1f7da1f7ep-11,29;30;28,32;31
20201014.gml.geo,hub,hotspot,905,0x1.fd231fd231fd2p-9,29;30,32
20201014.gml.geo,hub,hotspot,906,0x1.107abbb25665dp-10,30;0,0
20201014.gml.geo,hub,hotspot,907,0x1.107abbb25665dp-10,30;1,1
20201014.gml.geo,hub,hotspot,908,0x1.9d6ac48156f2cp-10,30;2,5
20201014.gml.geo,hub,hotspot,909,0x1.107abbb25665dp-10,30;3,6
20201014.gml.geo,hub,hotspot,910,0x1.3f75694cabea2p-10,30;4,7
20201014.gml.geo,hub,hotspot,911,0x1.107abbb25665dp-10,30;5,8
20201014.gml.geo,hub,hotspot,912,0x1.107abbb25665dp-10,30;6,9
20201014.gml.geo,hub,hotspot,913,0x1.107abbb25665dp-10,30;7,10
20201014.gml.geo,hub,hotspot,914,0x1.107abbb25665dp-10,30;8,11
20201014.gml.geo,hub,hotspot,915,0x1.107abbb25665dp-10,30;9,12
20201014.gml.geo,hub,hotspot,916,0x1.107abbb25665dp-10,30;10,13
20201014.gml.geo,hub,hotspot,917,0x1.107abbb25665dp-10,30;11,14
20201014.gml.geo,hub,hotspot,918,0x1.107abbb25665dp-10,30;12,15
20201014.gml.geo,hub,hotspot,919,0x1.107abbb25665dp-10,30;13,16
20201014.gml.geo,hub,hotspot,920,0x1.107abbb25665dp-10,30;14,17
20201014.gml.geo,hub,hotspot,921,0x1.107abbb25665dp-10,30;15,18
20201014.gml.geo,hub,hotspot,922,0x1.107abbb25665dp-10,30;16,19
20201014.gml.geo,hub,hotspot,923,0x1.107abbb25665dp-10,30;17,20
20201014.gml.geo,hub,hotspot,924,0x1.107abbb25665dp-10,30;18,21
20201014.gml.geo,hub,hotspot,925,0x1.107abbb25665dp-10,30;19,22
20201014.gml.geo,hub,hotspot,926,0x1.107abbb25665dp-10,30;20,23
20201014.gml.geo,hub,hotspot,927,0x1.107abbb25665dp-10,30;21,24
20201014.gml.geo,hub,hotspot,928,0x1.3f75694cabea2p-10,30;22,25
20201014.gml.geo,hub,hotspot,929,0x1.107abbb25665dp-10,30;23,26
20201014.gml.geo,hub,hotspot,930,0x1.107abbb25665dp-10,30;24,27
20201014.gml.geo,hub,hotspot,931,0x1.107abbb25665dp-10,30;25,28
20201014.gml.geo,hub,hotspot,932,0x1.107abbb25665dp-10,30;26,29
20201014.gml.geo,hub,hotspot,933,0x1.107abbb25665dp-10,30;27,30
20201014.gml.geo,hub,hotspot,934,0x1.107abbb25665dp-10,30;28,31
20201014.gml.geo,hub,hotspot,935,0x1.3f75694cabea2p-10,30;29,32
20220531.gml.geo,primary,uniform,0,0x1.19e0119e0119ep-10,0;28;1,0;1
20220531.gml.geo,primary,uniform,1,0x1.19e0119e0119ep-10,0;28;2,0;2
20220531.gml.geo,primary,uniform,2,0x1.19e0119e0119ep-10,0;28;3,0;3
20220531.gml.geo,primary,uniform,3,0x1.19e0119e0119ep-10,0;28;4,0;4
20220531.gml.geo,primary,uniform,4,0x1.19e0119e0119ep-10,0;28;5,0;5
20220531.gml.geo,primary,uniform,5,0x1.19e0119e0119ep-10,0;28;6,0;6
20220531.gml.geo,primary,uniform,6,0x1.19e0119e0119ep-10,0;28;7,0;7
20220531.gml.geo,primary,uniform,7,0x1.19e0119e0119ep-10,0;28;8,0;8
20220531.gml.geo,primary,uniform,8,0x1.19e0119e0119ep-10,0;28;9,0;9
20220531.gml.geo,primary,uniform,9,0x1.19e0119e0119ep-10,0;28;10,0;10
20220531.gml.geo,primary,uniform,10,0x1.19e0119e0119ep-10,0;28;11,0;11
20220531.gml.geo,primary,uniform,11,0x1.19e0119e0119ep-10,0;28;12,0;12
20220531.gml.geo,primary,uniform,12,0x1.19e0119e0119ep-10,0;28;13,0;13
20220531.gml.geo,primary,uniform,13,0x1.19e0119e0119ep-10,0;28;14,0;14
20220531.gml.geo,primary,uniform,14,0x1.19e0119e0119ep-10,0;28;15,0;15
20220531.gml.geo,primary,uniform,15,0x1.19e0119e0119ep-10,0;28;16,0;16
20220531.gml.geo,primary,uniform,16,0x1.19e0119e0119ep-10,0;28;17,0;17
20220531.gml.geo,primary,uniform,17,0x1.19e0119e0119ep-10,0;28;18,0;18
20220531.gml.geo,primary,uniform,18,0x1.19e0119e0119ep-10,0;28;19,0;19
20220531.gml.geo,primary,uniform,19,0x1.19e0119e0119ep-10,0;28;20,0;20
20220531.gml.geo,primary,uniform,20,0x1.19e0119e0119ep-10,0;28;21,0;21
20220531.gml.geo,primary,uniform,21,0x1.19e0119e0119ep-10,0;28;22,0;22
20220531.gml.geo,primary,uniform,22,0x1.19e0119e0119ep-10,0;28;23,0;23
20220531.gml.geo,primary,uniform,23,0x1.19e0119e0119ep-10,0;28;24,0;24
20220531.gml.geo,primary,uniform,24,0x1.19e0119e0119ep-10,0;28;25,0;25
20220531.gml.geo,primary,uniform,25,0x1.19e0119e0119ep-10,0;28;26,0;26
20220531.gml.geo,primary,uniform,26,0x1.19e0119e0119ep-10,0;28;27,0;27
20220531.gml.geo,primary,uniform,27,0x1.19e0119e0119ep-10,0;28,0
20220531.gml.geo,primary,uniform,28,0x1.19e0119e0119ep-10,0;28;30;29,0;28;29
20220531.gml.geo,primary,uniform,29,0x1.19e0119e0119ep-10,0;28;30,0;28
20220531.gml.geo,primary,uniform,30,0x1.19e0119e0119ep-10,1;28;0,1;0
20220531.gml.geo,primary,uniform,31,0x1.19e0119e0119ep-10,1;28;2,1;2
20220531.gml.geo,primary,uniform,32,0x1.19e0119e0119ep-10,1;28;3,1;3
20220531.gml.geo,primary,uniform,33,0x1.19e0119e0119ep-10,1;28;4,1;4
20220531.gml.geo,primary,uniform,34,0x1.19e0119e0119ep-10,1;28;5,1;5
20220531.gml.geo,primary,uniform,35,0x1.19e0119e0119ep-10,1;28;6,1;6
20220531.gml.geo,primary,uniform,36,0x1.19e0119e0119ep-10,1;28;7,1;7
20220531.gml.geo,primary,uniform,37,0x1.19e0119e0119ep-10,1;28;8,1;8
20220531.gml.geo,primary,uniform,38,0x1.19e0119e0119ep-10,1;28;9,1;9
20220531.gml.geo,primary,uniform,39,0x1.19e0119e0119ep-10,1;28;10,1;10
20220531.gml.geo,primary,uniform,40,0x1.19e0119e0119ep-10,1;28;11,1;11
20220531.gml.geo,primary,uniform,41,0x1.19e0119e0119ep-10,1;28;12,1;12
20220531.gml.geo,primary,uniform,42,0x1.19e0119e0119ep-10,1;28;13,1;13
20220531.gml.geo,primary,uniform,43,0x1.19e0119e0119ep-10,1;28;14,1;14
20220531.gml.geo,primary,uniform,44,0x1.19e0119e0119ep-10,1;28;15,1;15
20220531.gml.geo,primary,uniform,45,0x1.19e0119e0119ep-10,1;28;16,1;16
20220531.gml.geo,primary,uniform,46,0x1.19e0119e0119ep-10,1;28;17,1;17
20220531.gml.geo,primary,uniform,47,0x1.19e0119e0119ep-10,1;28;18,1;18
20220531.gml.geo,primary,uniform,48,0x1.19e0119e0119ep-10,1;28;19,1;19
20220531.gml.geo,primary,uniform,49,0x1.19e0119e0119ep-10,1;28;20,1;20
20220531.gml.geo,primary,uniform,50,0x1.19e0119e0119ep-10,1;28;21,1;21
20220531.gml.geo,primary,uniform,51,0x1.19e0119e0119ep-10,1;28;22,1;22
20220531.gml.geo,primary,uniform,52,0x1.19e0119e0119ep-10,1;28;23,1;23
20220531.gml.geo,primary,uniform,53,0x1.19e0119e0119ep-10,1;28;24,1;24
20220531.gml.geo,primary,uniform,54,0x1.19e0119e0119ep-10,1;28;25,1;25
20220531.gml.geo,primary,uniform,55,0x1.19e0119e0119ep-10,1;28;26,1;26
20220531.gml.geo,primary,uniform,56,0x1.19e0119e0119ep-10,1;28;27,1;27
20220531.gml.geo,primary,uniform,57,0x1.19e0119e0119ep-10,1;28,1
20220531.gml.geo,primary,uniform,58,0x1.19e0119e0119ep-10,1;28;30;29,1;28;29
20220531.gml.geo,primary,uniform,59,0x1.19e0119e0119ep-10,1;28;30,1;28
20220531.gml.geo,primary,uniform,60,0x1.19e0119e0119ep-10,2;28;0,2;0
20220531.gml.geo,primary,uniform,61,0x1.19e0119e0119ep-10,2;28;1,2;1
20220531.gml.geo,primary,uniform,62,0x1.19e0119e0119ep-10,2;28;3,2;3
20220531.gml.geo,primary,uniform,63,0x1.19e0119e0119ep-10,2;28;4,2;4
20220531.gml.geo,primary,uniform,64,0x1.19e0119e0119ep-10,2;28;5,2;5
20220531.gml.geo,primary,uniform,65,0x1.19e0119e0119ep-10,2;28;6,2;6
20220531.gml.geo,primary,uniform,66,0x1.19e0119e0119ep-10,2;28;7,2;7
20220531.gml.geo,primary,uniform,67,0x1.19e0119e0119ep-10,2;28;8,2;8
20220531.gml.geo,primary,uniform,68,0x1.19e0119e0119ep-10,2;28;9,2;9
20220531.gml.geo,primary,uniform,69,0x1.19e0119e0119ep-10,2;28;10,2;10
20220531.gml.geo,primary,uniform,70,0x1.19e0119e0119ep-10,2;28;11,2;11
20220531.gml.geo,primary,uniform,71,0x1.19e0119e0119ep-10,2;28;12,2;12
20220531.gml.geo,primary,uniform,72,0x1.19e0119e0119ep-10,2;28;13,2;13
20220531.gml.geo,primary,uniform,73,0x1.19e0119e0119ep-10,2;28;14,2;14
20220531.gml.geo,primary,uniform,74,0x1.19e0119e0119ep-10,2;28;15,2;15
20220531.gml.geo,primary,uniform,75,0x1.19e0119e0119ep-10,2;28;16,2;16
20220531.gml.geo,primary,uniform,76,0x1.19e0119e0119ep-10,2;28;17,2;17
20220531.gml.geo,primary,uniform,77,0x1.19e0119e0119ep-10,2;28;18,2;18
20220531.gml.geo,primary,uniform,78,0x1.19e0119e0119ep-10,2;28;19,2;19
20220531.gml.geo,primary,uniform,79,0x1.19e0119e0119ep-10,2;28;20,2;20
20220531.gml.geo,primary,uniform,80,0x1.19e0119e0119ep-10,2;28;21,2;21
20220531.gml.geo,primary,uniform,81,0x1.19e0119e0119ep-10,2;28;22,2;22
20220531.gml.geo,primary,uniform,82,0x1.19e0119e0119ep-10,2;28;23,2;23
20220531.gml.geo,primary,uniform,83,0x1.19e0119e0119ep-10,2;28;24,2;24
20220531.gml.geo,primary,uniform,84,0x1.19e0119e0119ep-10,2;28;25,2;25
20220531.gml.geo,primary,uniform,85,0x1.19e0119e0119ep-10,2;28;26,2;26
20220531.gml.geo,primary,uniform,86,0x1.19e0119e0119ep-10,2;28;27,2;27
20220531.gml.geo,primary,uniform,87,0x1.19e0119e0119ep-10,2;28,2
20220531.gml.geo,primary,uniform,88,0x1.19e0119e0119ep-10,2;28;30;29,2;28;29
20220531.gml.geo,primary,uniform,89,0x1.19e0119e0119ep-10,2;28;30,2;28
20220531.gml.geo,primary,uniform,90,0x1.19e0119e0119ep-10,3;28;0,3;0
20220531.gml.geo,primary,uniform,91,0x1.19e0119e0119ep-10,3;28;1,3;1
20220531.gml.geo,primary,uniform,92,0x1.19e0119e0119ep-10,3;28;2,3;2
20220531.gml.geo,primary,uniform,93,0x1.19e0119e0119ep-10,3;28;4,3;4
20220531.gml.geo,primary,uniform,94,0x1.19e0119e0119ep-10,3;28;5,3;5
20220531.gml.geo,primary,uniform,95,0x1.19e0119e0119ep-10,3;28;6,3;6
20220531.gml.geo,primary,uniform,96,0x1.19e0119e0119ep-10,3;28;7,3;7
20220531.gml.geo,primary,uniform,97,0x1.19e0119e0119ep-10,3;28;8,3;8
20220531.gml.geo,primary,uniform,98,0x1.19e0119e0119ep-10,3;28;9,3;9
20220531.gml.geo,primary,uniform,99,0x1.19e0119e0119ep-10,3;28;10,3;10
20220531.gml.geo,primary,uniform,100,0x1.19e0119e0119ep-10,3;28;11,3;11
20220531.gml.geo,primary,uniform,101,0x1.19e0119e0119ep-10,3;28;12,3;12
20220531.gml.geo,primary,uniform,102,0x1.19e0119e0119ep-10,3;28;13,3;13
20220531.gml.geo,primary,uniform,103,0x1.19e0119e0119ep-10,3;28;14,3;14
20220531.gml.geo,primary,uniform,104,0x1.19e0119e0119ep-10,3;28;15,3;15
20220531.gml.geo,primary,uniform,105,0x1.19e0119e0119ep-10,3;28;16,3;16
20220531.gml.geo,primary,uniform,106,0x1.19e0119e0119ep-10,3;28;17,3;17
20220531.gml.geo,primary,uniform,107,0x1.19e0119e0119ep-10,3;28;18,3;18
20220531.gml.geo,primary,uniform,108,0x1.19e0119e0119ep-10,3;28;19,3;19
20220531.gml.geo,primary,uniform,109,0x1.19e0119e0119ep-10,3;28;20,3;20
20220531.gml.geo,primary,uniform,110,0x1.19e0119e0119ep-10,3;28;21,3;21
20220531.gml.geo,primary,uniform,111,0x1.19e0119e0119ep-10,3;28;22,3;22
20220531.gml.geo,primary,uniform,112,0x1.19e0119e0119ep-10,3;28;23,3;23
20220531.gml.geo,primary,uniform,113,0x1.19e0119e0119ep-10,3;28;24,3;24
20220531.gml.geo,primary,uniform,114,0x1.19e0119e0119ep-10,3;28;25,3;25
20220531.gml.geo,primary,uniform,115,0x1.19e0119e0119ep-10,3;28;26,3;26
20220531.gml.geo,primary,uniform,116,0x1.19e0119e0119ep-10,3;28;27,3;27
20220531.gml.geo,primary,uniform,117,0x1.19e0119e0119ep-10,3;28,3
20220531.gml.geo,primary,uniform,118,0x1.19e0119e0119ep-10,3;28;30;29,3;28;29
20220531.gml.geo,primary,uniform,119,0x1.19e0119e0119ep-10,3;28;30,3;28
20220531.gml.geo,primary,uniform,120,0x1.19e0119e0119ep-10,4;28;0,4;0
20220531.gml.geo,primary,uniform,121,0x1.19e0119e0119ep-10,4;28;1,4;1
20220531.gml.geo,primary,uniform,122,0x1.19e0119e0119ep-10,4;28;2,4;2
20220531.gml.geo,primary,uniform,123,0x1.19e0119e0119ep-10,4;28;3,4;3
20220531.gml.geo,primary,uniform,124,0x1.19e0119e0119ep-10,4;28;5,4;5
20220531.gml.geo,primary,uniform,125,0x1.19e0119e0119ep-10,4;28;6,4;6
20220531.gml.geo,primary,uniform,126,0x1.19e0119e0119ep-10,4;28;7,4;7
20220531.gml.geo,primary,uniform,127,0x1.19e0119e0119ep-10,4;28;8,4;8
20220531.gml.geo,primary,uniform,128,0x1.19e0119e0119ep-10,4;28;9,4;9
20220531.gml.geo,primary,uniform,129,0x1.19e0119e0119ep-10,4;28;10,4;10
20220531.gml.geo,primary,uniform,130,0x1.19e0119e0119ep-10,4;28;11,4;11
20220531.gml.geo,primary,uniform,131,0x1.19e0119e0119ep-10,4;28;12,4;12
20220531.gml.geo,primary,uniform,132,0x1.19e0119e0119ep-10,4;28;13,4;13
20220531.gml.geo,primary,uniform,133,0x1.19e0119e0119ep-10,4;28;14,4;14
20220531.gml.geo,primary,uniform,134,0x1.19e0119e0119ep-10,4;28;15,4;15
20220531.gml.geo,primary,uniform,135,0x1.19e0119e0119ep-10,4;28;16,4;16
20220531.gml.geo,primary,uniform,136,0x1.19e0119e0119ep-10,4;28;17,4;17
20220531.gml.geo,primary,uniform,137,0x1.19e0119e0119ep-10,4;28;18,4;18
20220531.gml.geo,primary,uniform,138,0x1.19e0119e0119ep-10,4;28;19,4;19
20220531.gml.geo,primary,uniform,139,0x1.19e0119e0119ep-10,4;28;20,4;20
20220531.gml.geo,primary,uniform,140,0x1.19e0119e0119ep-10,4;28;21,4;21
20220531.gml.geo,primary,uniform,141,0x1.19e0119e0119ep-10,4;28;22,4;22
20220531.gml.geo,primary,uniform,142,0x1.19e0119e0119ep-10,4;28;23,4;23
20220531.gml.geo,primary,uniform,143,0x1.19e0119e0119ep-10,4;28;24,4;24
20220531.gml.geo,primary,uniform,144,0x1.19e0119e0119ep-10,4;28;25,4;25
20220531.gml.geo,primary,uniform,145,0x1.19e0119e0119ep-10,4;28;26,4;26
20220531.gml.geo,primary,uniform,146,0x1.19e0119e0119ep-10,4;28;27,4;27
20220531.gml.geo,primary,uniform,147,0x1.19e0119e0119ep-10,4;28,4
20220531.gml.geo,primary,uniform,148,0x1.19e0119e0119ep-10,4;28;30;29,4;28;29
20220531.gml.geo,primary,uniform,149,0x1.19e0119e0119ep-10,4;28;30,4;28
20220531.gml.geo,primary,uniform,150,0x1.19e0119e0119ep-10,5;28;0,5;0
20220531.gml.geo,primary,uniform,151,0x1.19e0119e0119ep-10,5;28;1,5;1
20220531.gml.geo,primary,uniform,152,0x1.19e0119e0119ep-10,5;28;2,5;2
20220531.gml.geo,primary,uniform,153,0x1.19e0119e0119ep-10,5;28;3,5;3
20220531.gml.geo,primary,uniform,154,0x1.19e0119e0119ep-10,5;28;4,5;4
20220531.gml.geo,primary,uniform,155,0x1.19e0119e0119ep-10,5;28;6,5;6
20220531.gml.geo,primary,uniform,156,0x1.19e0119e0119ep-10,5;28;7,5;7
20220531.gml.geo,primary,uniform,157,0x1.19e0119e0119ep-10,5;28;8,5;8
20220531.gml.geo,primary,uniform,158,0x1.19e0119e0119ep-10,5;28;9,5;9
20220531.gml.geo,primary,uniform,159,0x1.19e0119e0119ep-10,5;28;10,5;10
20220531.gml.geo,primary,uniform,160,0x1.19e0119e0119ep-10,5;28;11,5;11
20220531.gml.geo,primary,uniform,161,0x1.19e0119e0119ep-10,5;28;12,5;12
20220531.gml.geo,primary,uniform,162,0x1.19e0119e0119ep-10,5;28;13,5;13
20220531.gml.geo,primary,uniform,163,0x1.19e0119e0119ep-10,5;28;14,5;14
20220531.gml.geo,primary,uniform,164,0x1.19e0119e0119ep-10,5;28;15,5;15
20220531.gml.geo,primary,uniform,165,0x1.19e0119e0119ep-10,5;28;16,5;16
20220531.gml.geo,primary,uniform,166,0x1.19e0119e0119ep-10,5;28;17,5;17
20220531.gml.geo,primary,uniform,167,0x1.19e0119e0119ep-10,5;28;18,5;18
20220531.gml.geo,primary,uniform,168,0x1.19e0119e0119ep-10,5;28;19,5;19
20220531.gml.geo,primary,uniform,169,0x1.19e0119e0119ep-10,5;28;20,5;20
20220531.gml.geo,primary,uniform,170,0x1.19e0119e0119ep-10,5;28;21,5;21
20220531.gml.geo,primary,uniform,171,0x1.19e0119e0119ep-10,5;28;22,5;22
20220531.gml.geo,primary,uniform,172,0x1.19e0119e0119ep-10,5;28;23,5;23
20220531.gml.geo,primary,uniform,173,0x1.19e0119e0119ep-10,5;28;24,5;24
20220531.gml.geo,primary,uniform,174,0x1.19e0119e0119ep-10,5;28;25,5;25
20220531.gml.geo,primary,uniform,175,0x1.19e0119e0119ep-10,5;28;26,5;26
20220531.gml.geo,primary,uniform,176,0x1.19e0119e0119ep-10,5;28;27,5;27
20220531.gml.geo,primary,uniform,177,0x1.19e0119e0119ep-10,5;28,5
20220531.gml.geo,primary,uniform,178,0x1.19e0119e0119ep-10,5;28;30;29,5;28;29
20220531.gml.geo,primary,uniform,179,0x1.19e0119e0119ep-10,5;28;30,5;28
20220531.gml.geo,primary,uniform,180,0x1.19e0119e0119ep-10,6;28;0,6;0
20220531.gml.geo,primary,uniform,181,0x1.19e0119e0119ep-10,6;28;1,6;1
20220531.gml.geo,primary,uniform,182,0x1.19e0119e0119ep-10,6;28;2,6;2
20220531.gml.geo,primary,uniform,183,0x1.19e0119e0119ep-10,6;28;3,6;3
20220531.gml.geo,primary,uniform,184,0x1.19e0119e0119ep-10,6;28;4,6;4
20220531.gml.geo,primary,uniform,185,0x1.19e0119e0119ep-10,6;28;5,6;5
20220531.gml.geo,primary,uniform,186,0x1.19e0119e0119ep-10,6;28;7,6;7
20220531.gml.geo,primary,uniform,187,0x1.19e0119e0119ep-10,6;28;8,6;8
20220531.gml.geo,primary,uniform,188,0x1.19e0119e0119ep-10,6;28;9,6;9
20220531.gml.geo,primary,uniform,189,0x1.19e0119e0119ep-10,6;28;10,6;10
20220531.gml.geo,primary,uniform,190,0x1.19e0119e0119ep-10,6;28;11,6;11
20220531.gml.geo,primary,uniform,191,0x1.19e0119e0119ep-10,6;28;12,6;12
20220531.gml.geo,primary,uniform,192,0x1.19e0119e0119ep-10,6;28;13,6;13
20220531.gml.geo,primary,uniform,193,0x1.19e0119e0119ep-10,6;28;14,6;14
20220531.gml.geo,primary,uniform,194,0x1.19e0119e0119ep-10,6;28;15,6;15
20220531.gml.geo,primary,uniform,195,0x1.19e0119e0119ep-10,6;28;16,6;16
20220531.gml.geo,primary,uniform,196,0x1.19e0119e0119ep-10,6;28;17,6;17
20220531.gml.geo,primary,uniform,197,0x1.19e0119e0119ep-10,6;28;18,6;18
20220531.gml.geo,primary,uniform,198,0x1.19e0119e0119ep-10,6;28;19,6;19
20220531.gml.geo,primary,uniform,199,0x1.19e0119e0119ep-10,6;28;20,6;20
20220531.gml.geo,primary,uniform,200,0x1.19e0119e0119ep-10,6;28;21,6;21
20220531.gml.geo,primary,uniform,201,0x1.19e0119e0119ep-10,6;28;22,6;22
20220531.gml.geo,primary,uniform,202,0x1.19e0119e0119ep-10,6;28;23,6;23
20220531.gml.geo,primary,uniform,203,0x1.19e0119e0119ep-10,6;28;24,6;24
20220531.gml.geo,primary,uniform,204,0x1.19e0119e0119ep-10,6;28;25,6;25
20220531.gml.geo,primary,uniform,205,0x1.19e0119e0119ep-10,6;28;26,6;26
20220531.gml.geo,primary,uniform,206,0x1.19e0119e0119ep-10,6;28;27,6;27
20220531.gml.geo,primary,uniform,207,0x1.19e0119e0119ep-10,6;28,6
20220531.gml.geo,primary,uniform,208,0x1.19e0119e0119ep-10,6;28;30;29,6;28;29
20220531.gml.geo,primary,uniform,209,0x1.19e0119e0119ep-10,6;28;30,6;28
20220531.gml.geo,primary,uniform,210,0x1.19e0119e0119ep-10,7;28;0,7;0
20220531.gml.geo,primary,uniform,211,0x1.19e0119e0119ep-10,7;28;1,7;1
20220531.gml.geo,primary,uniform,212,0x1.19e0119e0119ep-10,7;28;2,7;2
20220531.gml.geo,primary,uniform,213,0x1.19e0119e0119ep-10,7;28;3,7;3
20220531.gml.geo,primary,uniform,214,0x1.19e0119e0119ep-10,7;28;4,7;4
20220531.gml.geo,primary,uniform,215,0x1.19e0119e0119ep-10,7;28;5,7;5
20220531.gml.geo,primary,uniform,216,0x1.19e0119e0119ep-10,7;28;6,7;6
20220531.gml.geo,primary,uniform,217,0x1.19e0119e0119ep-10,7;28;8,7;8
20220531.gml.geo,primary,uniform,218,0x1.19e0119e0119ep-10,7;28;9,7;9
20220531.gml.geo,primary,uniform,219,0x1.19e0119e0119ep-10,7;28;10,7;10
20220531.gml.geo,primary,uniform,220,0x1.19e0119e0119ep-10,7;28;11,7;11
20220531.gml.geo,primary,uniform,221,0x1.19e0119e0119ep-10,7;28;12,7;12
20220531.gml.geo,primary,uniform,222,0x1.19e0119e0119ep-10,7;28;13,7;13
20220531.gml.geo,primary,uniform,223,0x1.19e0119e0119ep-10,7;28;14,7;14
20220531.gml.geo,primary,uniform,224,0x1.19e0119e0119ep-10,7;28;15,7;15
20220531.gml.geo,primary,uniform,225,0x1.19e0119e0119ep-10,7;28;16,7;16
20220531.gml.geo,primary,uniform,226,0x1.19e0119e0119ep-10,7;28;17,7;17
20220531.gml.geo,primary,uniform,227,0x1.19e0119e0119ep-10,7;28;18,7;18
20220531.gml.geo,primary,uniform,228,0x1.19e0119e0119ep-10,7;28;19,7;19
20220531.gml.geo,primary,uniform,229,0x1.19e0119e0119ep-10,7;28;20,7;20
20220531.gml.geo,primary,uniform,230,0x1.19e0119e0119ep-10,7;28;21,7;21
20220531.gml.geo,primary,uniform,231,0x1.19e0119e0119ep-10,7;28;22,7;22
20220531.gml.geo,primary,uniform,232,0x1.19e0119e0119ep-10,7;28;23,7;23
20220531.gml.geo,primary,uniform,233,0x1.19e0119e0119ep-10,7;28;24,7;24
20220531.gml.geo,primary,uniform,234,0x1.19e0119e0119ep-10,7;28;25,7;25
20220531.gml.geo,primary,uniform,235,0x1.19e0119e0119ep-10,7;28;26,7;26
20220531.gml.geo,primary,uniform,236,0x1.19e0119e0119ep-10,7;28;27,7;27
20220531.gml.geo,primary,uniform,237,0x1.19e0119e0119ep-10,7;28,7
20220531.gml.geo,primary,uniform,238,0x1.19e0119e0119ep-10,7;28;30;29,7;28;29
20220531.gml.geo,primary,uniform,239,0x1.19e0119e0119ep-10,7;28;30,7;28
20220531.gml.geo,primary,uniform,240,0x1.19e0119e0119ep-10,8;28;0,8;0
20220531.gml.geo,primary,uniform,241,0x1.19e0119e0119ep-10,8;28;1,8;1
20220531.gml.geo,primary,uniform,242,0x1.19e0119e0119ep-10,8;28;2,8;2
20220531.gml.geo,primary,uniform,243,0x1.19e0119e0119ep-10,8;28;3,8;3
20220531.gml.geo,primary,uniform,244,0x1.19e0119e0119ep-10,8;28;4,8;4
20220531.gml.geo,primary,uniform,245,0x1.19e0119e0119ep-10,8;28;5,8;5
20220531.gml.geo,primary,uniform,246,0x1.19e0119e0119ep-10,8;28;6,8;6
20220531.gml.geo,primary,uniform,247,0x1.19e0119e0119ep-10,8;28;7,8;7
20220531.gml.geo,primary,uniform,248,0x1.19e0119e0119ep-10,8;28;9,8;9
20220531.gml.geo,primary,uniform,249,0x1.19e0119e0119ep-10,8;28;10,8;10
20220531.gml.geo,primary,uniform,250,0x1.19e0119e0119ep-10,8;28;11,8;11
20220531.gml.geo,primary,uniform,251,0x1.19e0119e0119ep-10,8;28;12,8;12
20220531.gml.geo,primary,uniform,252,0x1.19e0119e0119ep-10,8;28;13,8;13
20220531.gml.geo,primary,uniform,253,0x1.19e0119e0119ep-10,8;28;14,8;14
20220531.gml.geo,primary,uniform,254,0x1.19e0119e0119ep-10,8;28;15,8;15
20220531.gml.geo,primary,uniform,255,0x1.19e0119e0119ep-10,8;28;16,8;16
20220531.gml.geo,primary,uniform,256,0x1.19e0119e0119ep-10,8;28;17,8;17
20220531.gml.geo,primary,uniform,257,0x1.19e0119e0119ep-10,8;28;18,8;18
20220531.gml.geo,primary,uniform,258,0x1.19e0119e0119ep-10,8;28;19,8;19
20220531.gml.geo,primary,uniform,259,0x1.19e0119e0119ep-10,8;28;20,8;20
20220531.gml.geo,primary,uniform,260,0x1.19e0119e0119ep-10,8;28;21,8;21
20220531.gml.geo,primary,uniform,261,0x1.19e0119e0119ep-10,8;28;22,8;22
20220531.gml.geo,primary,uniform,262,0x1.19e0119e0119ep-10,8;28;23,8;23
20220531.gml.geo,primary,uniform,263,0x1.19e0119e0119ep-10,8;28;24,8;24
20220531.gml.geo,primary,uniform,264,0x1.19e0119e0119ep-10,8;28;25,8;25
20220531.gml.geo,primary,uniform,265,0x1.19e0119e0119ep-10,8;28;26,8;26
20220531.gml.geo,primary,uniform,266,0x1.19e0119e0119ep-10,8;28;27,8;27
20220531.gml.geo,primary,uniform,267,0x1.19e0119e0119ep-10,8;28,8
20220531.gml.geo,primary,uniform,268,0x1.19e0119e0119ep-10,8;28;30;29,8;28;29
20220531.gml.geo,primary,uniform,269,0x1.19e0119e0119ep-10,8;28;30,8;28
20220531.gml.geo,primary,uniform,270,0x1.19e0119e0119ep-10,9;28;0,9;0
20220531.gml.geo,primary,uniform,271,0x1.19e0119e0119ep-10,9;28;1,9;1
20220531.gml.geo,primary,uniform,272,0x1.19e0119e0119ep-10,9;28;2,9;2
20220531.gml.geo,primary,uniform,273,0x1.19e0119e0119ep-10,9;28;3,9;3
20220531.gml.geo,primary,uniform,274,0x1.19e0119e0119ep-10,9;28;4,9;4
20220531.gml.geo,primary,uniform,275,0x1.19e0119e0119ep-10,9;28;5,9;5
20220531.gml.geo,primary,uniform,276,0x1.19e0119e0119ep-10,9;28;6,9;6
20220531.gml.geo,primary,uniform,277,0x1.19e0119e0119ep-10,9;28;7,9;7
20220531.gml.geo,primary,uniform,278,0x1.19e0119e0119ep-10,9;28;8,9;8
20220531.gml.geo,primary,uniform,279,0x1.19e0119e0119ep-10,9;28;10,9;10
20220531.gml.geo,primary,uniform,280,0x1.19e0119e0119ep-10,9;28;11,9;11
20220531.gml.geo,primary,uniform,281,0x1.19e0119e0119ep-10,9;28;12,9;12
20220531.gml.geo,primary,uniform,282,0x1.19e0119e0119ep-10,9;28;13,9;13
20220531.gml.geo,primary,uniform,283,0x1.19e0119e0119ep-10,9;28;14,9;14
20220531.gml.geo,primary,uniform,284,0x1.19e0119e0119ep-10,9;28;15,9;15
20220531.gml.geo,primary,uniform,285,0x1.19e0119e0119ep-10,9;28;16,9;16
20220531.gml.geo,primary,uniform,286,0x1.19e0119e0119ep-10,9;28;17,9;17
20220531.gml.geo,primary,uniform,287,0x1.19e0119e0119ep-10,9;28;18,9;18
20220531.gml.geo,primary,uniform,288,0x1.19e0119e0119ep-10,9;28;19,9;19
20220531.gml.geo,primary,uniform,289,0x1.19e0119e0119ep-10,9;28;20,9;20
20220531.gml.geo,primary,uniform,290,0x1.19e0119e0119ep-10,9;28;21,9;21
20220531.gml.geo,primary,uniform,291,0x1.19e0119e0119ep-10,9;28;22,9;22
20220531.gml.geo,primary,uniform,292,0x1.19e0119e0119ep-10,9;28;23,9;23
20220531.gml.geo,primary,uniform,293,0x1.19e0119e0119ep-10,9;28;24,9;24
20220531.gml.geo,primary,uniform,294,0x1.19e0119e0119ep-10,9;28;25,9;25
20220531.gml.geo,primary,uniform,295,0x1.19e0119e0119ep-10,9;28;26,9;26
20220531.gml.geo,primary,uniform,296,0x1.19e0119e0119ep-10,9;28;27,9;27
20220531.gml.geo,primary,uniform,297,0x1.19e0119e0119ep-10,9;28,9
20220531.gml.geo,primary,uniform,298,0x1.19e0119e0119ep-10,9;28;30;29,9;28;29
20220531.gml.geo,primary,uniform,299,0x1.19e0119e0119ep-10,9;28;30,9;28
20220531.gml.geo,primary,uniform,300,0x1.19e0119e0119ep-10,10;28;0,10;0
20220531.gml.geo,primary,uniform,301,0x1.19e0119e0119ep-10,10;28;1,10;1
20220531.gml.geo,primary,uniform,302,0x1.19e0119e0119ep-10,10;28;2,10;2
20220531.gml.geo,primary,uniform,303,0x1.19e0119e0119ep-10,10;28;3,10;3
20220531.gml.geo,primary,uniform,304,0x1.19e0119e0119ep-10,10;28;4,10;4
20220531.gml.geo,primary,uniform,305,0x1.19e0119e0119ep-10,10;28;5,10;5
20220531.gml.geo,primary,uniform,306,0x1.19e0119e0119ep-10,10;28;6,10;6
20220531.gml.geo,primary,uniform,307,0x1.19e0119e0119ep-10,10;28;7,10;7
20220531.gml.geo,primary,uniform,308,0x1.19e0119e0119ep-10,10;28;8,10;8
20220531.gml.geo,primary,uniform,309,0x1.19e0119e0119ep-10,10;28;9,10;9
20220531.gml.geo,primary,uniform,310,0x1.19e0119e0119ep-10,10;28;11,10;11
20220531.gml.geo,primary,uniform,311,0x1.19e0119e0119ep-10,10;28;12,10;12
20220531.gml.geo,primary,uniform,312,0x1.19e0119e0119ep-10,10;28;13,10;13
20220531.gml.geo,primary,uniform,313,0x1.19e0119e0119ep-10,10;28;14,10;14
20220531.gml.geo,primary,uniform,314,0x1.19e0119e0119ep-10,10;28;15,10;15
20220531.gml.geo,primary,uniform,315,0x1.19e0119e0119ep-10,10;28;16,10;16
20220531.gml.geo,primary,uniform,316,0x1.19e0119e0119ep-10,10;28;17,10;17
20220531.gml.geo,primary,uniform,317,0x1.19e0119e0119ep-10,10;28;18,10;18
20220531.gml.geo,primary,uniform,318,0x1.19e0119e0119ep-10,10;28;19,10;19
20220531.gml.geo,primary,uniform,319,0x1.19e0119e0119ep-10,10;28;20,10;20
20220531.gml.geo,primary,uniform,320,0x1.19e0119e0119ep-10,10;28;21,10;21
20220531.gml.geo,primary,uniform,321,0x1.19e0119e0119ep-10,10;28;22,10;22
20220531.gml.geo,primary,uniform,322,0x1.19e0119e0119ep-10,10;28;23,10;23
20220531.gml.geo,primary,uniform,323,0x1.19e0119e0119ep-10,10;28;24,10;24
20220531.gml.geo,primary,uniform,324,0x1.19e0119e0119ep-10,10;28;25,10;25
20220531.gml.geo,primary,uniform,325,0x1.19e0119e0119ep-10,10;28;26,10;26
20220531.gml.geo,primary,uniform,326,0x1.19e0119e0119ep-10,10;28;27,10;27
20220531.gml.geo,primary,uniform,327,0x1.19e0119e0119ep-10,10;28,10
20220531.gml.geo,primary,uniform,328,0x1.19e0119e0119ep-10,10;28;30;29,10;28;29
20220531.gml.geo,primary,uniform,329,0x1.19e0119e0119ep-10,10;28;30,10;28
20220531.gml.geo,primary,uniform,330,0x1.19e0119e0119ep-10,11;28;0,11;0
20220531.gml.geo,primary,uniform,331,0x1.19e0119e0119ep-10,11;28;1,11;1
20220531.gml.geo,primary,uniform,332,0x1.19e0119e0119ep-10,11;28;2,11;2
20220531.gml.geo,primary,uniform,333,0x1.19e0119e0119ep-10,11;28;3,11;3
20220531.gml.geo,primary,uniform,334,0x1.19e0119e0119ep-10,11;28;4,11;4
20220531.gml.geo,primary,uniform,335,0x1.19e0119e0119ep-10,11;28;5,11;5
20220531.gml.geo,primary,uniform,336,0x1.19e0119e0119ep-10,11;28;6,11;6
20220531.gml.geo,primary,uniform,337,0x1.19e0119e0119ep-10,11;28;7,11;7
20220531.gml.geo,primary,uniform,338,0x1.19e0119e0119ep-10,11;28;8,11;8
20220531.gml.geo,primary,uniform,339,0x1.19e0119e0119ep-10,11;28;9,11;9
20220531.gml.geo,primary,uniform,340,0x1.19e0119e0119ep-10,11;28;10,11;10
20220531.gml.geo,primary,uniform,341,0x1.19e0119e0119ep-10,11;28;12,11;12
20220531.gml.geo,primary,uniform,342,0x1.19e0119e0119ep-10,11;28;13,11;13
20220531.gml.geo,primary,uniform,343,0x1.19e0119e0119ep-10,11;28;14,11;14
20220531.gml.geo,primary,uniform,344,0x1.19e0119e0119ep-10,11;28;15,11;15
20220531.gml.geo,primary,uniform,345,0x1.19e0119e0119ep-10,11;28;16,11;16
20220531.gml.geo,primary,uniform,346,0x1.19e0119e0119ep-10,11;28;17,11;17
20220531.gml.geo,primary,uniform,347,0x1.19e0119e0119ep-10,11;28;18,11;18
20220531.gml.geo,primary,uniform,348,0x1.19e0119e0119ep-10,11;28;19,11;19
20220531.gml.geo,primary,uniform,349,0x1.19e0119e0119ep-10,11;28;20,11;20
20220531.gml.geo,primary,uniform,350,0x1.19e0119e0119ep-10,11;28;21,11;21
20220531.gml.geo,primary,uniform,351,0x1.19e0119e0119ep-10,11;28;22,11;22
20220531.gml.geo,primary,uniform,352,0x1.19e0119e0119ep-10,11;28;23,11;23
20220531.gml.geo,primary,uniform,353,0x1.19e0119e0119ep-10,11;28;24,11;24
20220531.gml.geo,primary,uniform,354,0x1.19e0119e0119ep-10,11;28;25,11;25
20220531.gml.geo,primary,uniform,355,0x1.19e0119e0119ep-10,11;28;26,11;26
20220531.gml.geo,primary,uniform,356,0x1.19e0119e0119ep-10,11;28;27,11;27
20220531.gml.geo,primary,uniform,357,0x1.19e0119e0119ep-10,11;28,11
20220531.gml.geo,primary,uniform,358,0x1.19e0119e0119ep-10,11;28;30;29,11;28;29
20220531.gml.geo,primary,uniform,359,0x1.19e0119e0119ep-10,11;28;30,11;28
20220531.gml.geo,primary,uniform,360,0x1.19e0119e0119ep-10,12;28;0,12;0
20220531.gml.geo,primary,uniform,361,0x1.19e0119e0119ep-10,12;28;1,12;1
20220531.gml.geo,primary,uniform,362,0x1.19e0119e0119ep-10,12;28;2,12;2
20220531.gml.geo,primary,uniform,363,0x1.19e0119e0119ep-10,12;28;3,12;3
20220531.gml.geo,primary,uniform,364,0x1.19e0119e0119ep-10,12;28;4,12;4
20220531.gml.geo,primary,uniform,365,0x1.19e0119e0119ep-10,12;28;5,12;5
20220531.gml.geo,primary,uniform,366,0x1.19e0119e0119ep-10,12;28;6,12;6
20220531.gml.geo,primary,uniform,367,0x1.19e0119e0119ep-10,12;28;7,12;7
20220531.gml.geo,primary,uniform,368,0x1.19e0119e0119ep-10,12;28;8,12;8
20220531.gml.geo,primary,uniform,369,0x1.19e0119e0119ep-10,12;28;9,12;9
20220531.gml.geo,primary,uniform,370,0x1.19e0119e0119ep-10,12;28;10,12;10
20220531.gml.geo,primary,uniform,371,0x1.19e0119e0119ep-10,12;28;11,12;11
20220531.gml.geo,primary,uniform,372,0x1.19e0119e0119ep-10,12;28;13,12;13
20220531.gml.geo,primary,uniform,373,0x1.19e0119e0119ep-10,12;28;14,12;14
20220531.gml.geo,primary,uniform,374,0x1.19e0119e0119ep-10,12;28;15,12;15
20220531.gml.geo,primary,uniform,375,0x1.19e0119e0119ep-10,12;28;16,12;16
20220531.gml.geo,primary,uniform,376,0x1.19e0119e0119ep-10,12;28;17,12;17
20220531.gml.geo,primary,uniform,377,0x1.19e0119e0119ep-10,12;28;18,12;18
20220531.gml.geo,primary,uniform,378,0x1.19e0119e0119ep-10,12;28;19,12;19
20220531.gml.geo,primary,uniform,379,0x1.19e0119e0119ep-10,12;28;20,12;20
20220531.gml.geo,primary,uniform,380,0x1.19e0119e0119ep-10,12;28;21,12;21
20220531.gml.geo,primary,uniform,381,0x1.19e0119e0119ep-10,12;28;22,12;22
20220531.gml.geo,primary,uniform,382,0x1.19e0119e0119ep-10,12;28;23,12;23
20220531.gml.geo,primary,uniform,383,0x1.19e0119e0119ep-10,12;28;24,12;24
20220531.gml.geo,primary,uniform,384,0x1.19e0119e0119ep-10,12;28;25,12;25
20220531.gml.geo,primary,uniform,385,0x1.19e0119e0119ep-10,12;28;26,12;26
20220531.gml.geo,primary,uniform,386,0x1.19e0119e0119ep-10,12;28;27,12;27
20220531.gml.geo,primary,uniform,387,0x1.19e0119e0119ep-10,12;28,12
20220531.gml.geo,primary,uniform,388,0x1.19e0119e0119ep-10,12;28;30;29,12;28;29
20220531.gml.geo,primary,uniform,389,0x1.19e0119e0119ep-10,12;28;30,12;28
20220531.gml.geo,primary,uniform,390,0x1.19e0119e0119ep-10,13;28;0,13;0
20220531.gml.geo,primary,uniform,391,0x1.19e0119e0119ep-10,13;28;1,13;1
20220531.gml.geo,primary,uniform,392,0x1.19e0119e0119ep-10,13;28;2,13;2
20220531.gml.geo,primary,uniform,393,0x1.19e0119e0119ep-10,13;28;3,13;3
20220531.gml.geo,primary,uniform,394,0x1.19e0119e0119ep-10,13;28;4,13;4
20220531.gml.geo,primary,uniform,395,0x1.19e0119e0119ep-10,13;28;5,13;5
20220531.gml.geo,primary,uniform,396,0x1.19e0119e0119ep-10,13;28;6,13;6
20220531.gml.geo,primary,uniform,397,0x1.19e0119e0119ep-10,13;28;7,13;7
20220531.gml.geo,primary,uniform,398,0x1.19e0119e0119ep-10,13;28;8,13;8
20220531.gml.geo,primary,uniform,399,0x1.19e0119e0119ep-10,13;28;9,13;9
20220531.gml.geo,primary,uniform,400,0x1.19e0119e0119ep-10,13;28;10,13;10
20220531.gml.geo,primary,uniform,401,0x1.19e0119e0119ep-10,13;28;11,13;11
20220531.gml.geo,primary,uniform,402,0x1.19e0119e0119ep-10,13;28;12,13;12
20220531.gml.geo,primary,uniform,403,0x1.19e0119e0119ep-10,13;28;14,13;14
20220531.gml.geo,primary,uniform,404,0x1.19e0119e0119ep-10,13;28;15,13;15
20220531.gml.geo,primary,uniform,405,0x1.19e0119e0119ep-10,13;28;16,13;16
20220531.gml.geo,primary,uniform,406,0x1.19e0119e0119ep-10,13;28;17,13;17
20220531.gml.geo,primary,uniform,407,0x1.19e0119e0119ep-10,13;28;18,13;18
20220531.gml.geo,primary,uniform,408,0x1.19e0119e0119ep-10,13;28;19,13;19
20220531.gml.geo,primary,uniform,409,0x1.19e0119e0119ep-10,13;28;20,13;20
20220531.gml.geo,primary,uniform,410,0x1.19e0119e0119ep-10,13;28;21,13;21
20220531.gml.geo,primary,uniform,411,0x1.19e0119e0119ep-10,13;28;22,13;22
20220531.gml.geo,primary,uniform,412,0x1.19e0119e0119ep-10,13;28;23,13;23
20220531.gml.geo,primary,uniform,413,0x1.19e0119e0119ep-10,13;28;24,13;24
20220531.gml.geo,primary,uniform,414,0x1.19e0119e0119ep-10,13;28;25,13;25
20220531.gml.geo,primary,uniform,415,0x1.19e0119e0119ep-10,13;28;26,13;26
20220531.gml.geo,primary,uniform,416,0x1.19e0119e0119ep-10,13;28;27,13;27
20220531.gml.geo,primary,uniform,417,0x1.19e0119e0119ep-10,13;28,13
20220531.gml.geo,primary,uniform,418,0x1.19e0119e0119ep-10,13;28;30;29,13;28;29
20220531.gml.geo,primary,uniform,419,0x1.19e0119e0119ep-10,13;28;30,13;28
20220531.gml.geo,primary,uniform,420,0x1.19e0119e0119ep-10,14;28;0,14;0
20220531.gml.geo,primary,uniform,421,0x1.19e0119e0119ep-10,14;28;1,14;1
20220531.gml.geo,primary,uniform,422,0x1.19e0119e0119ep-10,14;28;2,14;2
20220531.gml.geo,primary,uniform,423,0x1.19e0119e0119ep-10,14;28;3,14;3
20220531.gml.geo,primary,uniform,424,0x1.19e0119e0119ep-10,14;28;4,14;4
20220531.gml.geo,primary,uniform,425,0x1.19e0119e0119ep-10,14;28;5,14;5
20220531.gml.geo,primary,uniform,426,0x1.19e0119e0119ep-10,14;28;6,14;6
20220531.gml.geo,primary,uniform,427,0x1.19e0119e0119ep-10,14;28;7,14;7
20220531.gml.geo,primary,uniform,428,0x1.19e0119e0119ep-10,14;28;8,14;8
20220531.gml.geo,primary,uniform,429,0x1.19e0119e0119ep-10,14;28;9,14;9
20220531.gml.geo,primary,uniform,430,0x1.19e0119e0119ep-10,14;28;10,14;10
20220531.gml.geo,primary,uniform,431,0x1.19e0119e0119ep-10,14;28;11,14;11
20220531.gml.geo,primary,uniform,432,0x1.19e0119e0119ep-10,14;28;12,14;12
20220531.gml.geo,primary,uniform,433,0x1.19e0119e0119ep-10,14;28;13,14;13
20220531.gml.geo,primary,uniform,434,0x1.19e0119e0119ep-10,14;28;15,14;15
20220531.gml.geo,primary,uniform,435,0x1.19e0119e0119ep-10,14;28;16,14;16
20220531.gml.geo,primary,uniform,436,0x1.19e0119e0119ep-10,14;28;17,14;17
20220531.gml.geo,primary,uniform,437,0x1.19e0119e0119ep-10,14;28;18,14;18
20220531.gml.geo,primary,uniform,438,0x1.19e0119e0119ep-10,14;28;19,14;19
20220531.gml.geo,primary,uniform,439,0x1.19e0119e0119ep-10,14;28;20,14;20
20220531.gml.geo,primary,uniform,440,0x1.19e0119e0119ep-10,14;28;21,14;21
20220531.gml.geo,primary,uniform,441,0x1.19e0119e0119ep-10,14;28;22,14;22
20220531.gml.geo,primary,uniform,442,0x1.19e0119e0119ep-10,14;28;23,14;23
20220531.gml.geo,primary,uniform,443,0x1.19e0119e0119ep-10,14;28;24,14;24
20220531.gml.geo,primary,uniform,444,0x1.19e0119e0119ep-10,14;28;25,14;25
20220531.gml.geo,primary,uniform,445,0x1.19e0119e0119ep-10,14;28;26,14;26
20220531.gml.geo,primary,uniform,446,0x1.19e0119e0119ep-10,14;28;27,14;27
20220531.gml.geo,primary,uniform,447,0x1.19e0119e0119ep-10,14;28,14
20220531.gml.geo,primary,uniform,448,0x1.19e0119e0119ep-10,14;28;30;29,14;28;29
20220531.gml.geo,primary,uniform,449,0x1.19e0119e0119ep-10,14;28;30,14;28
20220531.gml.geo,primary,uniform,450,0x1.19e0119e0119ep-10,15;28;0,15;0
20220531.gml.geo,primary,uniform,451,0x1.19e0119e0119ep-10,15;28;1,15;1
20220531.gml.geo,primary,uniform,452,0x1.19e0119e0119ep-10,15;28;2,15;2
20220531.gml.geo,primary,uniform,453,0x1.19e0119e0119ep-10,15;28;3,15;3
20220531.gml.geo,primary,uniform,454,0x1.19e0119e0119ep-10,15;28;4,15;4
20220531.gml.geo,primary,uniform,455,0x1.19e0119e0119ep-10,15;28;5,15;5
20220531.gml.geo,primary,uniform,456,0x1.19e0119e0119ep-10,15;28;6,15;6
20220531.gml.geo,primary,uniform,457,0x1.19e0119e0119ep-10,15;28;7,15;7
20220531.gml.geo,primary,uniform,458,0x1.19e0119e0119ep-10,15;28;8,15;8
20220531.gml.geo,primary,uniform,459,0x1.19e0119e0119ep-10,15;28;9,15;9
20220531.gml.geo,primary,uniform,460,0x1.19e0119e0119ep-10,15;28;10,15;10
20220531.gml.geo,primary,uniform,461,0x1.19e0119e0119ep-10,15;28;11,15;11
20220531.gml.geo,primary,uniform,462,0x1.19e0119e0119ep-10,15;28;12,15;12
20220531.gml.geo,primary,uniform,463,0x1.19e0119e0119ep-10,15;28;13,15;13
20220531.gml.geo,primary,uniform,464,0x1.19e0119e0119ep-10,15;28;14,15;14
20220531.gml.geo,primary,uniform,465,0x1.19e0119e0119ep-10,15;28;16,15;16
20220531.gml.geo,primary,uniform,466,0x1.19e0119e0119ep-10,15;28;17,15;17
20220531.gml.geo,primary,uniform,467,0x1.19e0119e0119ep-10,15;28;18,15;18
20220531.gml.geo,primary,uniform,468,0x1.19e0119e0119ep-10,15;28;19,15;19
20220531.gml.geo,primary,uniform,469,0x1.19e0119e0119ep-10,15;28;20,15;20
20220531.gml.geo,primary,uniform,470,0x1.19e0119e0119ep-10,15;28;21,15;21
20220531.gml.geo,primary,uniform,471,0x1.19e0119e0119ep-10,15;28;22,15;22
20220531.gml.geo,primary,uniform,472,0x1.19e0119e0119ep-10,15;28;23,15;23
20220531.gml.geo,primary,uniform,473,0x1.19e0119e0119ep-10,15;28;24,15;24
20220531.gml.geo,primary,uniform,474,0x1.19e0119e0119ep-10,15;28;25,15;25
20220531.gml.geo,primary,uniform,475,0x1.19e0119e0119ep-10,15;28;26,15;26
20220531.gml.geo,primary,uniform,476,0x1.19e0119e0119ep-10,15;28;27,15;27
20220531.gml.geo,primary,uniform,477,0x1.19e0119e0119ep-10,15;28,15
20220531.gml.geo,primary,uniform,478,0x1.19e0119e0119ep-10,15;28;30;29,15;28;29
20220531.gml.geo,primary,uniform,479,0x1.19e0119e0119ep-10,15;28;30,15;28
20220531.gml.geo,primary,uniform,480,0x1.19e0119e0119ep-10,16;28;0,16;0
20220531.gml.geo,primary,uniform,481,0x1.19e0119e0119ep-10,16;28;1,16;1
20220531.gml.geo,primary,uniform,482,0x1.19e0119e0119ep-10,16;28;2,16;2
20220531.gml.geo,primary,uniform,483,0x1.19e0119e0119ep-10,16;28;3,16;3
20220531.gml.geo,primary,uniform,484,0x1.19e0119e0119ep-10,16;28;4,16;4
20220531.gml.geo,primary,uniform,485,0x1.19e0119e0119ep-10,16;28;5,16;5
20220531.gml.geo,primary,uniform,486,0x1.19e0119e0119ep-10,16;28;6,16;6
20220531.gml.geo,primary,uniform,487,0x1.19e0119e0119ep-10,16;28;7,16;7
20220531.gml.geo,primary,uniform,488,0x1.19e0119e0119ep-10,16;28;8,16;8
20220531.gml.geo,primary,uniform,489,0x1.19e0119e0119ep-10,16;28;9,16;9
20220531.gml.geo,primary,uniform,490,0x1.19e0119e0119ep-10,16;28;10,16;10
20220531.gml.geo,primary,uniform,491,0x1.19e0119e0119ep-10,16;28;11,16;11
20220531.gml.geo,primary,uniform,492,0x1.19e0119e0119ep-10,16;28;12,16;12
20220531.gml.geo,primary,uniform,493,0x1.19e0119e0119ep-10,16;28;13,16;13
20220531.gml.geo,primary,uniform,494,0x1.19e0119e0119ep-10,16;28;14,16;14
20220531.gml.geo,primary,uniform,495,0x1.19e0119e0119ep-10,16;28;15,16;15
20220531.gml.geo,primary,uniform,496,0x1.19e0119e0119ep-10,16;28;17,16;17
20220531.gml.geo,primary,uniform,497,0x1.19e0119e0119ep-10,16;28;18,16;18
20220531.gml.geo,primary,uniform,498,0x1.19e0119e0119ep-10,16;28;19,16;19
20220531.gml.geo,primary,uniform,499,0x1.19e0119e0119ep-10,16;28;20,16;20
20220531.gml.geo,primary,uniform,500,0x1.19e0119e0119ep-10,16;28;21,16;21
20220531.gml.geo,primary,uniform,501,0x1.19e0119e0119ep-10,16;28;22,16;22
20220531.gml.geo,primary,uniform,502,0x1.19e0119e0119ep-10,16;28;23,16;23
20220531.gml.geo,primary,uniform,503,0x1.19e0119e0119ep-10,16;28;24,16;24
20220531.gml.geo,primary,uniform,504,0x1.19e0119e0119ep-10,16;28;25,16;25
20220531.gml.geo,primary,uniform,505,0x1.19e0119e0119ep-10,16;28;26,16;26
20220531.gml.geo,primary,uniform,506,0x1.19e0119e0119ep-10,16;28;27,16;27
20220531.gml.geo,primary,uniform,507,0x1.19e0119e0119ep-10,16;28,16
20220531.gml.geo,primary,uniform,508,0x1.19e0119e0119ep-10,16;28;30;29,16;28;29
20220531.gml.geo,primary,uniform,509,0x1.19e0119e0119ep-10,16;28;30,16;28
20220531.gml.geo,primary,uniform,510,0x1.19e0119e0119ep-10,17;28;0,17;0
20220531.gml.geo,primary,uniform,511,0x1.19e0119e0119ep-10,17;28;1,17;1
20220531.gml.geo,primary,uniform,512,0x1.19e0119e0119ep-10,17;28;2,17;2
20220531.gml.geo,primary,uniform,513,0x1.19e0119e0119ep-10,17;28;3,17;3
20220531.gml.geo,primary,uniform,514,0x1.19e0119e0119ep-10,17;28;4,17;4
20220531.gml.geo,primary,uniform,515,0x1.19e0119e0119ep-10,17;28;5,17;5
20220531.gml.geo,primary,uniform,516,0x1.19e0119e0119ep-10,17;28;6,17;6
20220531.gml.geo,primary,uniform,517,0x1.19e0119e0119ep-10,17;28;7,17;7
20220531.gml.geo,primary,uniform,518,0x1.19e0119e0119ep-10,17;28;8,17;8
20220531.gml.geo,primary,uniform,519,0x1.19e0119e0119ep-10,17;28;9,17;9
20220531.gml.geo,primary,uniform,520,0x1.19e0119e0119ep-10,17;28;10,17;10
20220531.gml.geo,primary,uniform,521,0x1.19e0119e0119ep-10,17;28;11,17;11
20220531.gml.geo,primary,uniform,522,0x1.19e0119e0119ep-10,17;28;12,17;12
20220531.gml.geo,primary,uniform,523,0x1.19e0119e0119ep-10,17;28;13,17;13
20220531.gml.geo,primary,uniform,524,0x1.19e0119e0119ep-10,17;28;14,17;14
20220531.gml.geo,primary,uniform,525,0x1.19e0119e0119ep-10,17;28;15,17;15
20220531.gml.geo,primary,uniform,526,0x1.19e0119e0119ep-10,17;28;16,17;16
20220531.gml.geo,primary,uniform,527,0x1.19e0119e0119ep-10,17;28;18,17;18
20220531.gml.geo,primary,uniform,528,0x1.19e0119e0119ep-10,17;28;19,17;19
20220531.gml.geo,primary,uniform,529,0x1.19e0119e0119ep-10,17;28;20,17;20
20220531.gml.geo,primary,uniform,530,0x1.19e0119e0119ep-10,17;28;21,17;21
20220531.gml.geo,primary,uniform,531,0x1.19e0119e0119ep-10,17;28;22,17;22
20220531.gml.geo,primary,uniform,532,0x1.19e0119e0119ep-10,17;28;23,17;23
20220531.gml.geo,primary,uniform,533,0x1.19e0119e0119ep-10,17;28;24,17;24
20220531.gml.geo,primary,uniform,534,0x1.19e0119e0119ep-10,17;28;25,17;25
20220531.gml.geo,primary,uniform,535,0x1.19e0119e0119ep-10,17;28;26,17;26
20220531.gml.geo,primary,uniform,536,0x1.19e0119e0119ep-10,17;28;27,17;27
20220531.gml.geo,primary,uniform,537,0x1.19e0119e0119ep-10,17;28,17
20220531.gml.geo,primary,uniform,538,0x1.19e0119e0119ep-10,17;28;30;29,17;28;29
20220531.gml.geo,primary,uniform,539,0x1.19e0119e0119ep-10,17;28;30,17;28
20220531.gml.geo,primary,uniform,540,0x1.19e0119e0119ep-10,18;28;0,18;0
20220531.gml.geo,primary,uniform,541,0x1.19e0119e0119ep-10,18;28;1,18;1
20220531.gml.geo,primary,uniform,542,0x1.19e0119e0119ep-10,18;28;2,18;2
20220531.gml.geo,primary,uniform,543,0x1.19e0119e0119ep-10,18;28;3,18;3
20220531.gml.geo,primary,uniform,544,0x1.19e0119e0119ep-10,18;28;4,18;4
20220531.gml.geo,primary,uniform,545,0x1.19e0119e0119ep-10,18;28;5,18;5
20220531.gml.geo,primary,uniform,546,0x1.19e0119e0119ep-10,18;28;6,18;6
20220531.gml.geo,primary,uniform,547,0x1.19e0119e0119ep-10,18;28;7,18;7
20220531.gml.geo,primary,uniform,548,0x1.19e0119e0119ep-10,18;28;8,18;8
20220531.gml.geo,primary,uniform,549,0x1.19e0119e0119ep-10,18;28;9,18;9
20220531.gml.geo,primary,uniform,550,0x1.19e0119e0119ep-10,18;28;10,18;10
20220531.gml.geo,primary,uniform,551,0x1.19e0119e0119ep-10,18;28;11,18;11
20220531.gml.geo,primary,uniform,552,0x1.19e0119e0119ep-10,18;28;12,18;12
20220531.gml.geo,primary,uniform,553,0x1.19e0119e0119ep-10,18;28;13,18;13
20220531.gml.geo,primary,uniform,554,0x1.19e0119e0119ep-10,18;28;14,18;14
20220531.gml.geo,primary,uniform,555,0x1.19e0119e0119ep-10,18;28;15,18;15
20220531.gml.geo,primary,uniform,556,0x1.19e0119e0119ep-10,18;28;16,18;16
20220531.gml.geo,primary,uniform,557,0x1.19e0119e0119ep-10,18;28;17,18;17
20220531.gml.geo,primary,uniform,558,0x1.19e0119e0119ep-10,18;28;19,18;19
20220531.gml.geo,primary,uniform,559,0x1.19e0119e0119ep-10,18;28;20,18;20
20220531.gml.geo,primary,uniform,560,0x1.19e0119e0119ep-10,18;28;21,18;21
20220531.gml.geo,primary,uniform,561,0x1.19e0119e0119ep-10,18;28;22,18;22
20220531.gml.geo,primary,uniform,562,0x1.19e0119e0119ep-10,18;28;23,18;23
20220531.gml.geo,primary,uniform,563,0x1.19e0119e0119ep-10,18;28;24,18;24
20220531.gml.geo,primary,uniform,564,0x1.19e0119e0119ep-10,18;28;25,18;25
20220531.gml.geo,primary,uniform,565,0x1.19e0119e0119ep-10,18;28;26,18;26
20220531.gml.geo,primary,uniform,566,0x1.19e0119e0119ep-10,18;28;27,18;27
20220531.gml.geo,primary,uniform,567,0x1.19e0119e0119ep-10,18;28,18
20220531.gml.geo,primary,uniform,568,0x1.19e0119e0119ep-10,18;28;30;29,18;28;29
20220531.gml.geo,primary,uniform,569,0x1.19e0119e0119ep-10,18;28;30,18;28
20220531.gml.geo,primary,uniform,570,0x1.19e0119e0119ep-10,19;28;0,19;0
20220531.gml.geo,primary,uniform,571,0x1.19e0119e0119ep-10,19;28;1,19;1
20220531.gml.geo,primary,uniform,572,0x1.19e0119e0119ep-10,19;28;2,19;2
20220531.gml.geo,primary,uniform,573,0x1.19e0119e0119ep-10,19;28;3,19;3
20220531.gml.geo,primary,uniform,574,0x1.19e0119e0119ep-10,19;28;4,19;4
20220531.gml.geo,primary,uniform,575,0x1.19e0119e0119ep-10,19;28;5,19;5
20220531.gml.geo,primary,uniform,576,0x1.19e0119e0119ep-10,19;28;6,19;6
20220531.gml.geo,primary,uniform,577,0x1.19e0119e0119ep-10,19;28;7,19;7
20220531.gml.geo,primary,uniform,578,0x1.19e0119e0119ep-10,19;28;8,19;8
20220531.gml.geo,primary,uniform,579,0x1.19e0119e0119ep-10,19;28;9,19;9
20220531.gml.geo,primary,uniform,580,0x1.19e0119e0119ep-10,19;28;10,19;10
20220531.gml.geo,primary,uniform,581,0x1.19e0119e0119ep-10,19;28;11,19;11
20220531.gml.geo,primary,uniform,582,0x1.19e0119e0119ep-10,19;28;12,19;12
20220531.gml.geo,primary,uniform,583,0x1.19e0119e0119ep-10,19;28;13,19;13
20220531.gml.geo,primary,uniform,584,0x1.19e0119e0119ep-10,19;28;14,19;14
20220531.gml.geo,primary,uniform,585,0x1.19e0119e0119ep-10,19;28;15,19;15
20220531.gml.geo,primary,uniform,586,0x1.19e0119e0119ep-10,19;28;16,19;16
20220531.gml.geo,primary,uniform,587,0x1.19e0119e0119ep-10,19;28;17,19;17
20220531.gml.geo,primary,uniform,588,0x1.19e0119e0119ep-10,19;28;18,19;18
20220531.gml.geo,primary,uniform,589,0x1.19e0119e0119ep-10,19;28;20,19;20
20220531.gml.geo,primary,uniform,590,0x1.19e0119e0119ep-10,19;28;21,19;21
20220531.gml.geo,primary,uniform,591,0x1.19e0119e0119ep-10,19;28;22,19;22
20220531.gml.geo,primary,uniform,592,0x1.19e0119e0119ep-10,19;28;23,19;23
20220531.gml.geo,primary,uniform,593,0x1.19e0119e0119ep-10,19;28;24,19;24
20220531.gml.geo,primary,uniform,594,0x1.19e0119e0119ep-10,19;28;25,19;25
20220531.gml.geo,primary,uniform,595,0x1.19e0119e0119ep-10,19;28;26,19;26
20220531.gml.geo,primary,uniform,596,0x1.19e0119e0119ep-10,19;28;27,19;27
20220531.gml.geo,primary,uniform,597,0x1.19e0119e0119ep-10,19;28,19
20220531.gml.geo,primary,uniform,598,0x1.19e0119e0119ep-10,19;28;30;29,19;28;29
20220531.gml.geo,primary,uniform,599,0x1.19e0119e0119ep-10,19;28;30,19;28
20220531.gml.geo,primary,uniform,600,0x1.19e0119e0119ep-10,20;28;0,20;0
20220531.gml.geo,primary,uniform,601,0x1.19e0119e0119ep-10,20;28;1,20;1
20220531.gml.geo,primary,uniform,602,0x1.19e0119e0119ep-10,20;28;2,20;2
20220531.gml.geo,primary,uniform,603,0x1.19e0119e0119ep-10,20;28;3,20;3
20220531.gml.geo,primary,uniform,604,0x1.19e0119e0119ep-10,20;28;4,20;4
20220531.gml.geo,primary,uniform,605,0x1.19e0119e0119ep-10,20;28;5,20;5
20220531.gml.geo,primary,uniform,606,0x1.19e0119e0119ep-10,20;28;6,20;6
20220531.gml.geo,primary,uniform,607,0x1.19e0119e0119ep-10,20;28;7,20;7
20220531.gml.geo,primary,uniform,608,0x1.19e0119e0119ep-10,20;28;8,20;8
20220531.gml.geo,primary,uniform,609,0x1.19e0119e0119ep-10,20;28;9,20;9
20220531.gml.geo,primary,uniform,610,0x1.19e0119e0119ep-10,20;28;10,20;10
20220531.gml.geo,primary,uniform,611,0x1.19e0119e0119ep-10,20;28;11,20;11
20220531.gml.geo,primary,uniform,612,0x1.19e0119e0119ep-10,20;28;12,20;12
20220531.gml.geo,primary,uniform,613,0x1.19e0119e0119ep-10,20;28;13,20;13
20220531.gml.geo,primary,uniform,614,0x1.19e0119e0119ep-10,20;28;14,20;14
20220531.gml.geo,primary,uniform,615,0x1.19e0119e0119ep-10,20;28;15,20;15
20220531.gml.geo,primary,uniform,616,0x1.19e0119e0119ep-10,20;28;16,20;16
20220531.gml.geo,primary,uniform,617,0x1.19e0119e0119ep-10,20;28;17,20;17
20220531.gml.geo,primary,uniform,618,0x1.19e0119e0119ep-10,20;28;18,20;18
20220531.gml.geo,primary,uniform,619,0x1.19e0119e0119ep-10,20;28;19,20;19
20220531.gml.geo,primary,uniform,620,0x1.19e0119e0119ep-10,20;28;21,20;21
20220531.gml.geo,primary,uniform,621,0x1.19e0119e0119ep-10,20;28;22,20;22
20220531.gml.geo,primary,uniform,622,0x1.19e0119e0119ep-10,20;28;23,20;23
20220531.gml.geo,primary,uniform,623,0x1.19e0119e0119ep-10,20;28;24,20;24
20220531.gml.geo,primary,uniform,624,0x1.19e0119e0119ep-10,20;28;25,20;25
20220531.gml.geo,primary,uniform,625,0x1.19e0119e0119ep-10,20;28;26,20;26
20220531.gml.geo,primary,uniform,626,0x1.19e0119e0119ep-10,20;28;27,20;27
20220531.gml.geo,primary,uniform,627,0x1.19e0119e0119ep-10,20;28,20
20220531.gml.geo,primary,uniform,628,0x1.19e0119e0119ep-10,20;28;30;29,20;28;29
20220531.gml.geo,primary,uniform,629,0x1.19e0119e0119ep-10,20;28;30,20;28
20220531.gml.geo,primary,uniform,630,0x1.19e0119e0119ep-10,21;28;0,21;0
20220531.gml.geo,primary,uniform,631,0x1.19e0119e0119ep-10,21;28;1,21;1
20220531.gml.geo,primary,uniform,632,0x1.19e0119e0119ep-10,21;28;2,21;2
20220531.gml.geo,primary,uniform,633,0x1.19e0119e0119ep-10,21;28;3,21;3
20220531.gml.geo,primary,uniform,634,0x1.19e0119e0119ep-10,21;28;4,21;4
20220531.gml.geo,primary,uniform,635,0x1.19e0119e0119ep-10,21;28;5,21;5
20220531.gml.geo,primary,uniform,636,0x1.19e0119e0119ep-10,21;28;6,21;6
20220531.gml.geo,primary,uniform,637,0x1.19e0119e0119ep-10,21;28;7,21;7
20220531.gml.geo,primary,uniform,638,0x1.19e0119e0119ep-10,21;28;8,21;8
20220531.gml.geo,primary,uniform,639,0x1.19e0119e0119ep-10,21;28;9,21;9
20220531.gml.geo,primary,uniform,640,0x1.19e0119e0119ep-10,21;28;10,21;10
20220531.gml.geo,primary,uniform,641,0x1.19e0119e0119ep-10,21;28;11,21;11
20220531.gml.geo,primary,uniform,642,0x1.19e0119e0119ep-10,21;28;12,21;12
20220531.gml.geo,primary,uniform,643,0x1.19e0119e0119ep-10,21;28;13,21;13
20220531.gml.geo,primary,uniform,644,0x1.19e0119e0119ep-10,21;28;14,21;14
20220531.gml.geo,primary,uniform,645,0x1.19e0119e0119ep-10,21;28;15,21;15
20220531.gml.geo,primary,uniform,646,0x1.19e0119e0119ep-10,21;28;16,21;16
20220531.gml.geo,primary,uniform,647,0x1.19e0119e0119ep-10,21;28;17,21;17
20220531.gml.geo,primary,uniform,648,0x1.19e0119e0119ep-10,21;28;18,21;18
20220531.gml.geo,primary,uniform,649,0x1.19e0119e0119ep-10,21;28;19,21;19
20220531.gml.geo,primary,uniform,650,0x1.19e0119e0119ep-10,21;28;20,21;20
20220531.gml.geo,primary,uniform,651,0x1.19e0119e0119ep-10,21;28;22,21;22
20220531.gml.geo,primary,uniform,652,0x1.19e0119e0119ep-10,21;28;23,21;23
20220531.gml.geo,primary,uniform,653,0x1.19e0119e0119ep-10,21;28;24,21;24
20220531.gml.geo,primary,uniform,654,0x1.19e0119e0119ep-10,21;28;25,21;25
20220531.gml.geo,primary,uniform,655,0x1.19e0119e0119ep-10,21;28;26,21;26
20220531.gml.geo,primary,uniform,656,0x1.19e0119e0119ep-10,21;28;27,21;27
20220531.gml.geo,primary,uniform,657,0x1.19e0119e0119ep-10,21;28,21
20220531.gml.geo,primary,uniform,658,0x1.19e0119e0119ep-10,21;28;30;29,21;28;29
20220531.gml.geo,primary,uniform,659,0x1.19e0119e0119ep-10,21;28;30,21;28
20220531.gml.geo,primary,uniform,660,0x1.19e0119e0119ep-10,22;28;0,22;0
20220531.gml.geo,primary,uniform,661,0x1.19e0119e0119ep-10,22;28;1,22;1
20220531.gml.geo,primary,uniform,662,0x1.19e0119e0119ep-10,22;28;2,22;2
20220531.gml.geo,primary,uniform,663,0x1.19e0119e0119ep-10,22;28;3,22;3
20220531.gml.geo,primary,uniform,664,0x1.19e0119e0119ep-10,22;28;4,22;4
20220531.gml.geo,primary,uniform,665,0x1.19e0119e0119ep-10,22;28;5,22;5
20220531.gml.geo,primary,uniform,666,0x1.19e0119e0119ep-10,22;28;6,22;6
20220531.gml.geo,primary,uniform,667,0x1.19e0119e0119ep-10,22;28;7,22;7
20220531.gml.geo,primary,uniform,668,0x1.19e0119e0119ep-10,22;28;8,22;8
20220531.gml.geo,primary,uniform,669,0x1.19e0119e0119ep-10,22;28;9,22;9
20220531.gml.geo,primary,uniform,670,0x1.19e0119e0119ep-10,22;28;10,22;10
20220531.gml.geo,primary,uniform,671,0x1.19e0119e0119ep-10,22;28;11,22;11
20220531.gml.geo,primary,uniform,672,0x1.19e0119e0119ep-10,22;28;12,22;12
20220531.gml.geo,primary,uniform,673,0x1.19e0119e0119ep-10,22;28;13,22;13
20220531.gml.geo,primary,uniform,674,0x1.19e0119e0119ep-10,22;28;14,22;14
20220531.gml.geo,primary,uniform,675,0x1.19e0119e0119ep-10,22;28;15,22;15
20220531.gml.geo,primary,uniform,676,0x1.19e0119e0119ep-10,22;28;16,22;16
20220531.gml.geo,primary,uniform,677,0x1.19e0119e0119ep-10,22;28;17,22;17
20220531.gml.geo,primary,uniform,678,0x1.19e0119e0119ep-10,22;28;18,22;18
20220531.gml.geo,primary,uniform,679,0x1.19e0119e0119ep-10,22;28;19,22;19
20220531.gml.geo,primary,uniform,680,0x1.19e0119e0119ep-10,22;28;20,22;20
20220531.gml.geo,primary,uniform,681,0x1.19e0119e0119ep-10,22;28;21,22;21
20220531.gml.geo,primary,uniform,682,0x1.19e0119e0119ep-10,22;28;23,22;23
20220531.gml.geo,primary,uniform,683,0x1.19e0119e0119ep-10,22;28;24,22;24
20220531.gml.geo,primary,uniform,684,0x1.19e0119e0119ep-10,22;28;25,22;25
20220531.gml.geo,primary,uniform,685,0x1.19e0119e0119ep-10,22;28;26,22;26
20220531.gml.geo,primary,uniform,686,0x1.19e0119e0119ep-10,22;28;27,22;27
20220531.gml.geo,primary,uniform,687,0x1.19e0119e0119ep-10,22;28,22
20220531.gml.geo,primary,uniform,688,0x1.19e0119e0119ep-10,22;28;30;29,22;28;29
20220531.gml.geo,primary,uniform,689,0x1.19e0119e0119ep-10,22;28;30,22;28
20220531.gml.geo,primary,uniform,690,0x1.19e0119e0119ep-10,23;28;0,23;0
20220531.gml.geo,primary,uniform,691,0x1.19e0119e0119ep-10,23;28;1,23;1
20220531.gml.geo,primary,uniform,692,0x1.19e0119e0119ep-10,23;28;2,23;2
20220531.gml.geo,primary,uniform,693,0x1.19e0119e0119ep-10,23;28;3,23;3
20220531.gml.geo,primary,uniform,694,0x1.19e0119e0119ep-10,23;28;4,23;4
20220531.gml.geo,primary,uniform,695,0x1.19e0119e0119ep-10,23;28;5,23;5
20220531.gml.geo,primary,uniform,696,0x1.19e0119e0119ep-10,23;28;6,23;6
20220531.gml.geo,primary,uniform,697,0x1.19e0119e0119ep-10,23;28;7,23;7
20220531.gml.geo,primary,uniform,698,0x1.19e0119e0119ep-10,23;28;8,23;8
20220531.gml.geo,primary,uniform,699,0x1.19e0119e0119ep-10,23;28;9,23;9
20220531.gml.geo,primary,uniform,700,0x1.19e0119e0119ep-10,23;28;10,23;10
20220531.gml.geo,primary,uniform,701,0x1.19e0119e0119ep-10,23;28;11,23;11
20220531.gml.geo,primary,uniform,702,0x1.19e0119e0119ep-10,23;28;12,23;12
20220531.gml.geo,primary,uniform,703,0x1.19e0119e0119ep-10,23;28;13,23;13
20220531.gml.geo,primary,uniform,704,0x1.19e0119e0119ep-10,23;28;14,23;14
20220531.gml.geo,primary,uniform,705,0x1.19e0119e0119ep-10,23;28;15,23;15
20220531.gml.geo,primary,uniform,706,0x1.19e0119e0119ep-10,23;28;16,23;16
20220531.gml.geo,primary,uniform,707,0x1.19e0119e0119ep-10,23;28;17,23;17
20220531.gml.geo,primary,uniform,708,0x1.19e0119e0119ep-10,23;28;18,23;18
20220531.gml.geo,primary,uniform,709,0x1.19e0119e0119ep-10,23;28;19,23;19
20220531.gml.geo,primary,uniform,710,0x1.19e0119e0119ep-10,23;28;20,23;20
20220531.gml.geo,primary,uniform,711,0x1.19e0119e0119ep-10,23;28;21,23;21
20220531.gml.geo,primary,uniform,712,0x1.19e0119e0119ep-10,23;28;22,23;22
20220531.gml.geo,primary,uniform,713,0x1.19e0119e0119ep-10,23;28;24,23;24
20220531.gml.geo,primary,uniform,714,0x1.19e0119e0119ep-10,23;28;25,23;25
20220531.gml.geo,primary,uniform,715,0x1.19e0119e0119ep-10,23;28;26,23;26
20220531.gml.geo,primary,uniform,716,0x1.19e0119e0119ep-10,23;28;27,23;27
20220531.gml.geo,primary,uniform,717,0x1.19e0119e0119ep-10,23;28,23
20220531.gml.geo,primary,uniform,718,0x1.19e0119e0119ep-10,23;28;30;29,23;28;29
20220531.gml.geo,primary,uniform,719,0x1.19e0119e0119ep-10,23;28;30,23;28
20220531.gml.geo,primary,uniform,720,0x1.19e0119e0119ep-10,24;28;0,24;0
20220531.gml.geo,primary,uniform,721,0x1.19e0119e0119ep-10,24;28;1,24;1
20220531.gml.geo,primary,uniform,722,0x1.19e0119e0119ep-10,24;28;2,24;2
20220531.gml.geo,primary,uniform,723,0x1.19e0119e0119ep-10,24;28;3,24;3
20220531.gml.geo,primary,uniform,724,0x1.19e0119e0119ep-10,24;28;4,24;4
20220531.gml.geo,primary,uniform,725,0x1.19e0119e0119ep-10,24;28;5,24;5
20220531.gml.geo,primary,uniform,726,0x1.19e0119e0119ep-10,24;28;6,24;6
20220531.gml.geo,primary,uniform,727,0x1.19e0119e0119ep-10,24;28;7,24;7
20220531.gml.geo,primary,uniform,728,0x1.19e0119e0119ep-10,24;28;8,24;8
20220531.gml.geo,primary,uniform,729,0x1.19e0119e0119ep-10,24;28;9,24;9
20220531.gml.geo,primary,uniform,730,0x1.19e0119e0119ep-10,24;28;10,24;10
20220531.gml.geo,primary,uniform,731,0x1.19e0119e0119ep-10,24;28;11,24;11
20220531.gml.geo,primary,uniform,732,0x1.19e0119e0119ep-10,24;28;12,24;12
20220531.gml.geo,primary,uniform,733,0x1.19e0119e0119ep-10,24;28;13,24;13
20220531.gml.geo,primary,uniform,734,0x1.19e0119e0119ep-10,24;28;14,24;14
20220531.gml.geo,primary,uniform,735,0x1.19e0119e0119ep-10,24;28;15,24;15
20220531.gml.geo,primary,uniform,736,0x1.19e0119e0119ep-10,24;28;16,24;16
20220531.gml.geo,primary,uniform,737,0x1.19e0119e0119ep-10,24;28;17,24;17
20220531.gml.geo,primary,uniform,738,0x1.19e0119e0119ep-10,24;28;18,24;18
20220531.gml.geo,primary,uniform,739,0x1.19e0119e0119ep-10,24;28;19,24;19
20220531.gml.geo,primary,uniform,740,0x1.19e0119e0119ep-10,24;28;20,24;20
20220531.gml.geo,primary,uniform,741,0x1.19e0119e0119ep-10,24;28;21,24;21
20220531.gml.geo,primary,uniform,742,0x1.19e0119e0119ep-10,24;28;22,24;22
20220531.gml.geo,primary,uniform,743,0x1.19e0119e0119ep-10,24;28;23,24;23
20220531.gml.geo,primary,uniform,744,0x1.19e0119e0119ep-10,24;28;25,24;25
20220531.gml.geo,primary,uniform,745,0x1.19e0119e0119ep-10,24;28;26,24;26
20220531.gml.geo,primary,uniform,746,0x1.19e0119e0119ep-10,24;28;27,24;27
20220531.gml.geo,primary,uniform,747,0x1.19e0119e0119ep-10,24;28,24
20220531.gml.geo,primary,uniform,748,0x1.19e0119e0119ep-10,24;28;30;29,24;28;29
20220531.gml.geo,primary,uniform,749,0x1.19e0119e0119ep-10,24;28;30,24;28
20220531.gml.geo,primary,uniform,750,0x1.19e0119e0119ep-10,25;28;0,25;0
20220531.gml.geo,primary,uniform,751,0x1.19e0119e0119ep-10,25;28;1,25;1
20220531.gml.geo,primary,uniform,752,0x1.19e0119e0119ep-10,25;28;2,25;2
20220531.gml.geo,primary,uniform,753,0x1.19e0119e0119ep-10,25;28;3,25;3
20220531.gml.geo,primary,uniform,754,0x1.19e0119e0119ep-10,25;28;4,25;4
20220531.gml.geo,primary,uniform,755,0x1.19e0119e0119ep-10,25;28;5,25;5
20220531.gml.geo,primary,uniform,756,0x1.19e0119e0119ep-10,25;28;6,25;6
20220531.gml.geo,primary,uniform,757,0x1.19e0119e0119ep-10,25;28;7,25;7
20220531.gml.geo,primary,uniform,758,0x1.19e0119e0119ep-10,25;28;8,25;8
20220531.gml.geo,primary,uniform,759,0x1.19e0119e0119ep-10,25;28;9,25;9
20220531.gml.geo,primary,uniform,760,0x1.19e0119e0119ep-10,25;28;10,25;10
20220531.gml.geo,primary,uniform,761,0x1.19e0119e0119ep-10,25;28;11,25;11
20220531.gml.geo,primary,uniform,762,0x1.19e0119e0119ep-10,25;28;12,25;12
20220531.gml.geo,primary,uniform,763,0x1.19e0119e0119ep-10,25;28;13,25;13
20220531.gml.geo,primary,uniform,764,0x1.19e0119e0119ep-10,25;28;14,25;14
20220531.gml.geo,primary,uniform,765,0x1.19e0119e0119ep-10,25;28;15,25;15
20220531.gml.geo,primary,uniform,766,0x1.19e0119e0119ep-10,25;28;16,25;16
20220531.gml.geo,primary,uniform,767,0x1.19e0119e0119ep-10,25;28;17,25;17
20220531.gml.geo,primary,uniform,768,0x1.19e0119e0119ep-10,25;28;18,25;18
20220531.gml.geo,primary,uniform,769,0x1.19e0119e0119ep-10,25;28;19,25;19
20220531.gml.geo,primary,uniform,770,0x1.19e0119e0119ep-10,25;28;20,25;20
20220531.gml.geo,primary,uniform,771,0x1.19e0119e0119ep-10,25;28;21,25;21
20220531.gml.geo,primary,uniform,772,0x1.19e0119e0119ep-10,25;28;22,25;22
20220531.gml.geo,primary,uniform,773,0x1.19e0119e0119ep-10,25;28;23,25;23
20220531.gml.geo,primary,uniform,774,0x1.19e0119e0119ep-10,25;28;24,25;24
20220531.gml.geo,primary,uniform,775,0x1.19e0119e0119ep-10,25;28;26,25;26
20220531.gml.geo,primary,uniform,776,0x1.19e0119e0119ep-10,25;28;27,25;27
20220531.gml.geo,primary,uniform,777,0x1.19e0119e0119ep-10,25;28,25
20220531.gml.geo,primary,uniform,778,0x1.19e0119e0119ep-10,25;28;30;29,25;28;29
20220531.gml.geo,primary,uniform,779,0x1.19e0119e0119ep-10,25;28;30,25;28
20220531.gml.geo,primary,uniform,780,0x1.19e0119e0119ep-10,26;28;0,26;0
20220531.gml.geo,primary,uniform,781,0x1.19e0119e0119ep-10,26;28;1,26;1
20220531.gml.geo,primary,uniform,782,0x1.19e0119e0119ep-10,26;28;2,26;2
20220531.gml.geo,primary,uniform,783,0x1.19e0119e0119ep-10,26;28;3,26;3
20220531.gml.geo,primary,uniform,784,0x1.19e0119e0119ep-10,26;28;4,26;4
20220531.gml.geo,primary,uniform,785,0x1.19e0119e0119ep-10,26;28;5,26;5
20220531.gml.geo,primary,uniform,786,0x1.19e0119e0119ep-10,26;28;6,26;6
20220531.gml.geo,primary,uniform,787,0x1.19e0119e0119ep-10,26;28;7,26;7
20220531.gml.geo,primary,uniform,788,0x1.19e0119e0119ep-10,26;28;8,26;8
20220531.gml.geo,primary,uniform,789,0x1.19e0119e0119ep-10,26;28;9,26;9
20220531.gml.geo,primary,uniform,790,0x1.19e0119e0119ep-10,26;28;10,26;10
20220531.gml.geo,primary,uniform,791,0x1.19e0119e0119ep-10,26;28;11,26;11
20220531.gml.geo,primary,uniform,792,0x1.19e0119e0119ep-10,26;28;12,26;12
20220531.gml.geo,primary,uniform,793,0x1.19e0119e0119ep-10,26;28;13,26;13
20220531.gml.geo,primary,uniform,794,0x1.19e0119e0119ep-10,26;28;14,26;14
20220531.gml.geo,primary,uniform,795,0x1.19e0119e0119ep-10,26;28;15,26;15
20220531.gml.geo,primary,uniform,796,0x1.19e0119e0119ep-10,26;28;16,26;16
20220531.gml.geo,primary,uniform,797,0x1.19e0119e0119ep-10,26;28;17,26;17
20220531.gml.geo,primary,uniform,798,0x1.19e0119e0119ep-10,26;28;18,26;18
20220531.gml.geo,primary,uniform,799,0x1.19e0119e0119ep-10,26;28;19,26;19
20220531.gml.geo,primary,uniform,800,0x1.19e0119e0119ep-10,26;28;20,26;20
20220531.gml.geo,primary,uniform,801,0x1.19e0119e0119ep-10,26;28;21,26;21
20220531.gml.geo,primary,uniform,802,0x1.19e0119e0119ep-10,26;28;22,26;22
20220531.gml.geo,primary,uniform,803,0x1.19e0119e0119ep-10,26;28;23,26;23
20220531.gml.geo,primary,uniform,804,0x1.19e0119e0119ep-10,26;28;24,26;24
20220531.gml.geo,primary,uniform,805,0x1.19e0119e0119ep-10,26;28;25,26;25
20220531.gml.geo,primary,uniform,806,0x1.19e0119e0119ep-10,26;28;27,26;27
20220531.gml.geo,primary,uniform,807,0x1.19e0119e0119ep-10,26;28,26
20220531.gml.geo,primary,uniform,808,0x1.19e0119e0119ep-10,26;28;30;29,26;28;29
20220531.gml.geo,primary,uniform,809,0x1.19e0119e0119ep-10,26;28;30,26;28
20220531.gml.geo,primary,uniform,810,0x1.19e0119e0119ep-10,27;28;0,27;0
20220531.gml.geo,primary,uniform,811,0x1.19e0119e0119ep-10,27;28;1,27;1
20220531.gml.geo,primary,uniform,812,0x1.19e0119e0119ep-10,27;28;2,27;2
20220531.gml.geo,primary,uniform,813,0x1.19e0119e0119ep-10,27;28;3,27;3
20220531.gml.geo,primary,uniform,814,0x1.19e0119e0119ep-10,27;28;4,27;4
20220531.gml.geo,primary,uniform,815,0x1.19e0119e0119ep-10,27;28;5,27;5
20220531.gml.geo,primary,uniform,816,0x1.19e0119e0119ep-10,27;28;6,27;6
20220531.gml.geo,primary,uniform,817,0x1.19e0119e0119ep-10,27;28;7,27;7
20220531.gml.geo,primary,uniform,818,0x1.19e0119e0119ep-10,27;28;8,27;8
20220531.gml.geo,primary,uniform,819,0x1.19e0119e0119ep-10,27;28;9,27;9
20220531.gml.geo,primary,uniform,820,0x1.19e0119e0119ep-10,27;28;10,27;10
20220531.gml.geo,primary,uniform,821,0x1.19e0119e0119ep-10,27;28;11,27;11
20220531.gml.geo,primary,uniform,822,0x1.19e0119e0119ep-10,27;28;12,27;12
20220531.gml.geo,primary,uniform,823,0x1.19e0119e0119ep-10,27;28;13,27;13
20220531.gml.geo,primary,uniform,824,0x1.19e0119e0119ep-10,27;28;14,27;14
20220531.gml.geo,primary,uniform,825,0x1.19e0119e0119ep-10,27;28;15,27;15
20220531.gml.geo,primary,uniform,826,0x1.19e0119e0119ep-10,27;28;16,27;16
20220531.gml.geo,primary,uniform,827,0x1.19e0119e0119ep-10,27;28;17,27;17
20220531.gml.geo,primary,uniform,828,0x1.19e0119e0119ep-10,27;28;18,27;18
20220531.gml.geo,primary,uniform,829,0x1.19e0119e0119ep-10,27;28;19,27;19
20220531.gml.geo,primary,uniform,830,0x1.19e0119e0119ep-10,27;28;20,27;20
20220531.gml.geo,primary,uniform,831,0x1.19e0119e0119ep-10,27;28;21,27;21
20220531.gml.geo,primary,uniform,832,0x1.19e0119e0119ep-10,27;28;22,27;22
20220531.gml.geo,primary,uniform,833,0x1.19e0119e0119ep-10,27;28;23,27;23
20220531.gml.geo,primary,uniform,834,0x1.19e0119e0119ep-10,27;28;24,27;24
20220531.gml.geo,primary,uniform,835,0x1.19e0119e0119ep-10,27;28;25,27;25
20220531.gml.geo,primary,uniform,836,0x1.19e0119e0119ep-10,27;28;26,27;26
20220531.gml.geo,primary,uniform,837,0x1.19e0119e0119ep-10,27;28,27
20220531.gml.geo,primary,uniform,838,0x1.19e0119e0119ep-10,27;28;30;29,27;28;29
20220531.gml.geo,primary,uniform,839,0x1.19e0119e0119ep-10,27;28;30,27;28
20220531.gml.geo,primary,uniform,840,0x1.19e0119e0119ep-10,28;0,0
20220531.gml.geo,primary,uniform,841,0x1.19e0119e0119ep-10,28;1,1
20220531.gml.geo,primary,uniform,842,0x1.19e0119e0119ep-10,28;2,2
20220531.gml.geo,primary,uniform,843,0x1.19e0119e0119ep-10,28;3,3
20220531.gml.geo,primary,uniform,844,0x1.19e0119e0119ep-10,28;4,4
20220531.gml.geo,primary,uniform,845,0x1.19e0119e0119ep-10,28;5,5
20220531.gml.geo,primary,uniform,846,0x1.19e0119e0119ep-10,28;6,6
20220531.gml.geo,primary,uniform,847,0x1.19e0119e0119ep-10,28;7,7
20220531.gml.geo,primary,uniform,848,0x1.19e0119e0119ep-10,28;8,8
20220531.gml.geo,primary,uniform,849,0x1.19e0119e0119ep-10,28;9,9
20220531.gml.geo,primary,uniform,850,0x1.19e0119e0119ep-10,28;10,10
20220531.gml.geo,primary,uniform,851,0x1.19e0119e0119ep-10,28;11,11
20220531.gml.geo,primary,uniform,852,0x1.19e0119e0119ep-10,28;12,12
20220531.gml.geo,primary,uniform,853,0x1.19e0119e0119ep-10,28;13,13
20220531.gml.geo,primary,uniform,854,0x1.19e0119e0119ep-10,28;14,14
20220531.gml.geo,primary,uniform,855,0x1.19e0119e0119ep-10,28;15,15
20220531.gml.geo,primary,uniform,856,0x1.19e0119e0119ep-10,28;16,16
20220531.gml.geo,primary,uniform,857,0x1.19e0119e0119ep-10,28;17,17
20220531.gml.geo,primary,uniform,858,0x1.19e0119e0119ep-10,28;18,18
20220531.gml.geo,primary,uniform,859,0x1.19e0119e0119ep-10,28;19,19
20220531.gml.geo,primary,uniform,860,0x1.19e0119e0119ep-10,28;20,20
20220531.gml.geo,primary,uniform,861,0x1.19e0119e0119ep-10,28;21,21
20220531.gml.geo,primary,uniform,862,0x1.19e0119e0119ep-10,28;22,22
20220531.gml.geo,primary,uniform,863,0x1.19e0119e0119ep-10,28;23,23
20220531.gml.geo,primary,uniform,864,0x1.19e0119e0119ep-10,28;24,24
20220531.gml.geo,primary,uniform,865,0x1.19e0119e0119ep-10,28;25,25
20220531.gml.geo,primary,uniform,866,0x1.19e0119e0119ep-10,28;26,26
20220531.gml.geo,primary,uniform,867,0x1.19e0119e0119ep-10,28;27,27
20220531.gml.geo,primary,uniform,868,0x1.19e0119e0119ep-10,28;30;29,28;29
20220531.gml.geo,primary,uniform,869,0x1.19e0119e0119ep-10,28;30,28
20220531.gml.geo,primary,uniform,870,0x1.19e0119e0119ep-10,29;30;28;0,29;28;0
20220531.gml.geo,primary,uniform,871,0x1.19e0119e0119ep-10,29;30;28;1,29;28;1
20220531.gml.geo,primary,uniform,872,0x1.19e0119e0119ep-10,29;30;28;2,29;28;2
20220531.gml.geo,primary,uniform,873,0x1.19e0119e0119ep-10,29;30;28;3,29;28;3
20220531.gml.geo,primary,uniform,874,0x1.19e0119e0119ep-10,29;30;28;4,29;28;4
20220531.gml.geo,primary,uniform,875,0x1.19e0119e0119ep-10,29;30;28;5,29;28;5
20220531.gml.geo,primary,uniform,876,0x1.19e0119e0119ep-10,29;30;28;6,29;28;6
20220531.gml.geo,primary,uniform,877,0x1.19e0119e0119ep-10,29;30;28;7,29;28;7
20220531.gml.geo,primary,uniform,878,0x1.19e0119e0119ep-10,29;30;28;8,29;28;8
20220531.gml.geo,primary,uniform,879,0x1.19e0119e0119ep-10,29;30;28;9,29;28;9
20220531.gml.geo,primary,uniform,880,0x1.19e0119e0119ep-10,29;30;28;10,29;28;10
20220531.gml.geo,primary,uniform,881,0x1.19e0119e0119ep-10,29;30;28;11,29;28;11
20220531.gml.geo,primary,uniform,882,0x1.19e0119e0119ep-10,29;30;28;12,29;28;12
20220531.gml.geo,primary,uniform,883,0x1.19e0119e0119ep-10,29;30;28;13,29;28;13
20220531.gml.geo,primary,uniform,884,0x1.19e0119e0119ep-10,29;30;28;14,29;28;14
20220531.gml.geo,primary,uniform,885,0x1.19e0119e0119ep-10,29;30;28;15,29;28;15
20220531.gml.geo,primary,uniform,886,0x1.19e0119e0119ep-10,29;30;28;16,29;28;16
20220531.gml.geo,primary,uniform,887,0x1.19e0119e0119ep-10,29;30;28;17,29;28;17
20220531.gml.geo,primary,uniform,888,0x1.19e0119e0119ep-10,29;30;28;18,29;28;18
20220531.gml.geo,primary,uniform,889,0x1.19e0119e0119ep-10,29;30;28;19,29;28;19
20220531.gml.geo,primary,uniform,890,0x1.19e0119e0119ep-10,29;30;28;20,29;28;20
20220531.gml.geo,primary,uniform,891,0x1.19e0119e0119ep-10,29;30;28;21,29;28;21
20220531.gml.geo,primary,uniform,892,0x1.19e0119e0119ep-10,29;30;28;22,29;28;22
20220531.gml.geo,primary,uniform,893,0x1.19e0119e0119ep-10,29;30;28;23,29;28;23
20220531.gml.geo,primary,uniform,894,0x1.19e0119e0119ep-10,29;30;28;24,29;28;24
20220531.gml.geo,primary,uniform,895,0x1.19e0119e0119ep-10,29;30;28;25,29;28;25
20220531.gml.geo,primary,uniform,896,0x1.19e0119e0119ep-10,29;30;28;26,29;28;26
20220531.gml.geo,primary,uniform,897,0x1.19e0119e0119ep-10,29;30;28;27,29;28;27
20220531.gml.geo,primary,uniform,898,0x1.19e0119e0119ep-10,29;30;28,29;28
20220531.gml.geo,primary,uniform,899,0x1.19e0119e0119ep-10,29;30,29
20220531.gml.geo,primary,uniform,900,0x1.19e0119e0119ep-10,30;28;0,28;0
20220531.gml.geo,primary,uniform,901,0x1.19e0119e0119ep-10,30;28;1,28;1
20220531.gml.geo,primary,uniform,902,0x1.19e0119e0119ep-10,30;28;2,28;2
20220531.gml.geo,primary,uniform,903,0x1.19e0119e0119ep-10,30;28;3,28;3
20220531.gml.geo,primary,uniform,904,0x1.19e0119e0119ep-10,30;28;4,28;4
20220531.gml.geo,primary,uniform,905,0x1.19e0119e0119ep-10,30;28;5,28;5
20220531.gml.geo,primary,uniform,906,0x1.19e0119e0119ep-10,30;28;6,28;6
20220531.gml.geo,primary,uniform,907,0x1.19e0119e0119ep-10,30;28;7,28;7
20220531.gml.geo,primary,uniform,908,0x1.19e0119e0119ep-10,30;28;8,28;8
20220531.gml.geo,primary,uniform,909,0x1.19e0119e0119ep-10,30;28;9,28;9
20220531.gml.geo,primary,uniform,910,0x1.19e0119e0119ep-10,30;28;10,28;10
20220531.gml.geo,primary,uniform,911,0x1.19e0119e0119ep-10,30;28;11,28;11
20220531.gml.geo,primary,uniform,912,0x1.19e0119e0119ep-10,30;28;12,28;12
20220531.gml.geo,primary,uniform,913,0x1.19e0119e0119ep-10,30;28;13,28;13
20220531.gml.geo,primary,uniform,914,0x1.19e0119e0119ep-10,30;28;14,28;14
20220531.gml.geo,primary,uniform,915,0x1.19e0119e0119ep-10,30;28;15,28;15
20220531.gml.geo,primary,uniform,916,0x1.19e0119e0119ep-10,30;28;16,28;16
20220531.gml.geo,primary,uniform,917,0x1.19e0119e0119ep-10,30;28;17,28;17
20220531.gml.geo,primary,uniform,918,0x1.19e0119e0119ep-10,30;28;18,28;18
20220531.gml.geo,primary,uniform,919,0x1.19e0119e0119ep-10,30;28;19,28;19
20220531.gml.geo,primary,uniform,920,0x1.19e0119e0119ep-10,30;28;20,28;20
20220531.gml.geo,primary,uniform,921,0x1.19e0119e0119ep-10,30;28;21,28;21
20220531.gml.geo,primary,uniform,922,0x1.19e0119e0119ep-10,30;28;22,28;22
20220531.gml.geo,primary,uniform,923,0x1.19e0119e0119ep-10,30;28;23,28;23
20220531.gml.geo,primary,uniform,924,0x1.19e0119e0119ep-10,30;28;24,28;24
20220531.gml.geo,primary,uniform,925,0x1.19e0119e0119ep-10,30;28;25,28;25
20220531.gml.geo,primary,uniform,926,0x1.19e0119e0119ep-10,30;28;26,28;26
20220531.gml.geo,primary,uniform,927,0x1.19e0119e0119ep-10,30;28;27,28;27
20220531.gml.geo,primary,uniform,928,0x1.19e0119e0119ep-10,30;28,28
20220531.gml.geo,primary,uniform,929,0x1.19e0119e0119ep-10,30;29,29
20220531.gml.geo,primary,hotspot,0,0x1.fc54bbf95d1abp-11,0;28;1,0;1
20220531.gml.geo,primary,hotspot,1,0x1.fc54bbf95d1abp-11,0;28;2,0;2
20220531.gml.geo,primary,hotspot,2,0x1.fc54bbf95d1abp-11,0;28;3,0;3
20220531.gml.geo,primary,hotspot,3,0x1.fc54bbf95d1abp-11,0;28;4,0;4
20220531.gml.geo,primary,hotspot,4,0x1.fc54bbf95d1abp-11,0;28;5,0;5
20220531.gml.geo,primary,hotspot,5,0x1.fc54bbf95d1abp-11,0;28;6,0;6
20220531.gml.geo,primary,hotspot,6,0x1.fc54bbf95d1abp-11,0;28;7,0;7
20220531.gml.geo,primary,hotspot,7,0x1.fc54bbf95d1abp-11,0;28;8,0;8
20220531.gml.geo,primary,hotspot,8,0x1.fc54bbf95d1abp-11,0;28;9,0;9
20220531.gml.geo,primary,hotspot,9,0x1.fc54bbf95d1abp-11,0;28;10,0;10
20220531.gml.geo,primary,hotspot,10,0x1.fc54bbf95d1abp-11,0;28;11,0;11
20220531.gml.geo,primary,hotspot,11,0x1.fc54bbf95d1abp-11,0;28;12,0;12
20220531.gml.geo,primary,hotspot,12,0x1.fc54bbf95d1abp-11,0;28;13,0;13
20220531.gml.geo,primary,hotspot,13,0x1.fc54bbf95d1abp-11,0;28;14,0;14
20220531.gml.geo,primary,hotspot,14,0x1.fc54bbf95d1abp-11,0;28;15,0;15
20220531.gml.geo,primary,hotspot,15,0x1.fc54bbf95d1abp-11,0;28;16,0;16
20220531.gml.geo,primary,hotspot,16,0x1.fc54bbf95d1abp-11,0;28;17,0;17
20220531.gml.geo,primary,hotspot,17,0x1.fc54bbf95d1abp-11,0;28;18,0;18
20220531.gml.geo,primary,hotspot,18,0x1.fc54bbf95d1abp-11,0;28;19,0;19
20220531.gml.geo,primary,hotspot,19,0x1.fc54bbf95d1abp-11,0;28;20,0;20
20220531.gml.geo,primary,hotspot,20,0x1.fc54bbf95d1abp-11,0;28;21,0;21
20220531.gml.geo,primary,hotspot,21,0x1.fc54bbf95d1abp-11,0;28;22,0;22
20220531.gml.geo,primary,hotspot,22,0x1.fc54bbf95d1abp-11,0;28;23,0;23
20220531.gml.geo,primary,hotspot,23,0x1.fc54bbf95d1abp-11,0;28;24,0;24
20220531.gml.geo,primary,hotspot,24,0x1.fc54bbf95d1abp-11,0;28;25,0;25
20220531.gml.geo,primary,hotspot,25,0x1.fc54bbf95d1abp-11,0;28;26,0;26
20220531.gml.geo,primary,hotspot,26,0x1.fc54bbf95d1abp-11,0;28;27,0;27
20220531.gml.geo,primary,hotspot,27,0x1.0832c6bfeb565p-8,0;28,0
20220531.gml.geo,primary,hotspot,28,0x1.fc54bbf95d1abp-11,0;28;30;29,0;28;29
20220531.gml.geo,primary,hotspot,29,0x1.1ad4ade15c393p-10,0;28;30,0;28
20220531.gml.geo,primary,hotspot,30,0x1.fc54bbf95d1abp-11,1;28;0,1;0
20220531.gml.geo,primary,hotspot,31,0x1.fc54bbf95d1abp-11,1;28;2,1;2
20220531.gml.geo,primary,hotspot,32,0x1.fc54bbf95d1abp-11,1;28;3,1;3
20220531.gml.geo,primary,hotspot,33,0x1.fc54bbf95d1abp-11,1;28;4,1;4
20220531.gml.geo,primary,hotspot,34,0x1.fc54bbf95d1abp-11,1;28;5,1;5
20220531.gml.geo,primary,hotspot,35,0x1.fc54bbf95d1abp-11,1;28;6,1;6
20220531.gml.geo,primary,hotspot,36,0x1.fc54bbf95d1abp-11,1;28;7,1;7
20220531.gml.geo,primary,hotspot,37,0x1.fc54bbf95d1abp-11,1;28;8,1;8
20220531.gml.geo,primary,hotspot,38,0x1.fc54bbf95d1abp-11,1;28;9,1;9
20220531.gml.geo,primary,hotspot,39,0x1.fc54bbf95d1abp-11,1;28;10,1;10
20220531.gml.geo,primary,hotspot,40,0x1.fc54bbf95d1abp-11,1;28;11,1;11
20220531.gml.geo,primary,hotspot,41,0x1.fc54bbf95d1abp-11,1;28;12,1;12
20220531.gml.geo,primary,hotspot,42,0x1.fc54bbf95d1abp-11,1;28;13,1;13
20220531.gml.geo,primary,hotspot,43,0x1.fc54bbf95d1abp-11,1;28;14,1;14
20220531.gml.geo,primary,hotspot,44,0x1.fc54bbf95d1abp-11,1;28;15,1;15
20220531.gml.geo,primary,hotspot,45,0x1.fc54bbf95d1abp-11,1;28;16,1;16
20220531.gml.geo,primary,hotspot,46,0x1.fc54bbf95d1abp-11,1;28;17,1;17
20220531.gml.geo,primary,hotspot,47,0x1.fc54bbf95d1abp-11,1;28;18,1;18
20220531.gml.geo,primary,hotspot,48,0x1.fc54bbf95d1abp-11,1;28;19,1;19
20220531.gml.geo,primary,hotspot,49,0x1.fc54bbf95d1abp-11,1;28;20,1;20
20220531.gml.geo,primary,hotspot,50,0x1.fc54bbf95d1abp-11,1;28;21,1;21
20220531.gml.geo,primary,hotspot,51,0x1.fc54bbf95d1abp-11,1;28;22,1;22
20220531.gml.geo,primary,hotspot,52,0x1.fc54bbf95d1abp-11,1;28;23,1;23
20220531.gml.geo,primary,hotspot,53,0x1.fc54bbf95d1abp-11,1;28;24,1;24
20220531.gml.geo,primary,hotspot,54,0x1.fc54bbf95d1abp-11,1;28;25,1;25
20220531.gml.geo,primary,hotspot,55,0x1.fc54bbf95d1abp-11,1;28;26,1;26
20220531.gml.geo,primary,hotspot,56,0x1.fc54bbf95d1abp-11,1;28;27,1;27
20220531.gml.geo,primary,hotspot,57,0x1.0832c6bfeb565p-8,1;28,1
20220531.gml.geo,primary,hotspot,58,0x1.fc54bbf95d1abp-11,1;28;30;29,1;28;29
20220531.gml.geo,primary,hotspot,59,0x1.1ad4ade15c393p-10,1;28;30,1;28
20220531.gml.geo,primary,hotspot,60,0x1.fc54bbf95d1abp-11,2;28;0,2;0
20220531.gml.geo,primary,hotspot,61,0x1.fc54bbf95d1abp-11,2;28;1,2;1
20220531.gml.geo,primary,hotspot,62,0x1.fc54bbf95d1abp-11,2;28;3,2;3
20220531.gml.geo,primary,hotspot,63,0x1.fc54bbf95d1abp-11,2;28;4,2;4
20220531.gml.geo,primary,hotspot,64,0x1.fc54bbf95d1abp-11,2;28;5,2;5
20220531.gml.geo,primary,hotspot,65,0x1.fc54bbf95d1abp-11,2;28;6,2;6
20220531.gml.geo,primary,hotspot,66,0x1.fc54bbf95d1abp-11,2;28;7,2;7
20220531.gml.geo,primary,hotspot,67,0x1.fc54bbf95d1abp-11,2;28;8,2;8
20220531.gml.geo,primary,hotspot,68,0x1.fc54bbf95d1abp-11,2;28;9,2;9
20220531.gml.geo,primary,hotspot,69,0x1.fc54bbf95d1abp-11,2;28;10,2;10
20220531.gml.geo,primary,hotspot,70,0x1.fc54bbf95d1abp-11,2;28;11,2;11
20220531.gml.geo,primary,hotspot,71,0x1.fc54bbf95d1abp-11,2;28;12,2;12
20220531.gml.geo,primary,hotspot,72,0x1.fc54bbf95d1abp-11,2;28;13,2;13
20220531.gml.geo,primary,hotspot,73,0x1.fc54bbf95d1abp-11,2;28;14,2;14
20220531.gml.geo,primary,hotspot,74,0x1.fc54bbf95d1abp-11,2;28;15,2;15
20220531.gml.geo,primary,hotspot,75,0x1.fc54bbf95d1abp-11,2;28;16,2;16
20220531.gml.geo,primary,hotspot,76,0x1.fc54bbf95d1abp-11,2;28;17,2;17
20220531.gml.geo,primary,hotspot,77,0x1.fc54bbf95d1abp-11,2;28;18,2;18
20220531.gml.geo,primary,hotspot,78,0x1.fc54bbf95d1abp-11,2;28;19,2;19
20220531.gml.geo,primary,hotspot,79,0x1.fc54bbf95d1abp-11,2;28;20,2;20
20220531.gml.geo,primary,hotspot,80,0x1.fc54bbf95d1abp-11,2;28;21,2;21
20220531.gml.geo,primary,hotspot,81,0x1.fc54bbf95d1abp-11,2;28;22,2;22
20220531.gml.geo,primary,hotspot,82,0x1.fc54bbf95d1abp-11,2;28;23,2;23
20220531.gml.geo,primary,hotspot,83,0x1.fc54bbf95d1abp-11,2;28;24,2;24
20220531.gml.geo,primary,hotspot,84,0x1.fc54bbf95d1abp-11,2;28;25,2;25
20220531.gml.geo,primary,hotspot,85,0x1.fc54bbf95d1abp-11,2;28;26,2;26
20220531.gml.geo,primary,hotspot,86,0x1.fc54bbf95d1abp-11,2;28;27,2;27
20220531.gml.geo,primary,hotspot,87,0x1.0832c6bfeb565p-8,2;28,2
20220531.gml.geo,primary,hotspot,88,0x1.fc54bbf95d1abp-11,2;28;30;29,2;28;29
20220531.gml.geo,primary,hotspot,89,0x1.1ad4ade15c393p-10,2;28;30,2;28
20220531.gml.geo,primary,hotspot,90,0x1.fc54bbf95d1abp-11,3;28;0,3;0
20220531.gml.geo,primary,hotspot,91,0x1.fc54bbf95d1abp-11,3;28;1,3;1
20220531.gml.geo,primary,hotspot,92,0x1.fc54bbf95d1abp-11,3;28;2,3;2
20220531.gml.geo,primary,hotspot,93,0x1.fc54bbf95d1abp-11,3;28;4,3;4
20220531.gml.geo,primary,hotspot,94,0x1.fc54bbf95d1abp-11,3;28;5,3;5
20220531.gml.geo,primary,hotspot,95,0x1.fc54bbf95d1abp-11,3;28;6,3;6
20220531.gml.geo,primary,hotspot,96,0x1.fc54bbf95d1abp-11,3;28;7,3;7
20220531.gml.geo,primary,hotspot,97,0x1.fc54bbf95d1abp-11,3;28;8,3;8
20220531.gml.geo,primary,hotspot,98,0x1.fc54bbf95d1abp-11,3;28;9,3;9
20220531.gml.geo,primary,hotspot,99,0x1.fc54bbf95d1abp-11,3;28;10,3;10
20220531.gml.geo,primary,hotspot,100,0x1.fc54bbf95d1abp-11,3;28;11,3;11
20220531.gml.geo,primary,hotspot,101,0x1.fc54bbf95d1abp-11,3;28;12,3;12
20220531.gml.geo,primary,hotspot,102,0x1.fc54bbf95d1abp-11,3;28;13,3;13
20220531.gml.geo,primary,hotspot,103,0x1.fc54bbf95d1abp-11,3;28;14,3;14
20220531.gml.geo,primary,hotspot,104,0x1.fc54bbf95d1abp-11,3;28;15,3;15
20220531.gml.geo,primary,hotspot,105,0x1.fc54bbf95d1abp-11,3;28;16,3;16
20220531.gml.geo,primary,hotspot,106,0x1.fc54bbf95d1abp-11,3;28;17,3;17
20220531.gml.geo,primary,hotspot,107,0x1.fc54bbf95d1abp-11,3;28;18,3;18
20220531.gml.geo,primary,hotspot,108,0x1.fc54bbf95d1abp-11,3;28;19,3;19
20220531.gml.geo,primary,hotspot,109,0x1.fc54bbf95d1abp-11,3;28;20,3;20
20220531.gml.geo,primary,hotspot,110,0x1.fc54bbf95d1abp-11,3;28;21,3;21
20220531.gml.geo,primary,hotspot,111,0x1.fc54bbf95d1abp-11,3;28;22,3;22
20220531.gml.geo,primary,hotspot,112,0x1.fc54bbf95d1abp-11,3;28;23,3;23
20220531.gml.geo,primary,hotspot,113,0x1.fc54bbf95d1abp-11,3;28;24,3;24
20220531.gml.geo,primary,hotspot,114,0x1.fc54bbf95d1abp-11,3;28;25,3;25
20220531.gml.geo,primary,hotspot,115,0x1.fc54bbf95d1abp-11,3;28;26,3;26
20220531.gml.geo,primary,hotspot,116,0x1.fc54bbf95d1abp-11,3;28;27,3;27
20220531.gml.geo,primary,hotspot,117,0x1.0832c6bfeb565p-8,3;28,3
20220531.gml.geo,primary,hotspot,118,0x1.fc54bbf95d1abp-11,3;28;30;29,3;28;29
20220531.gml.geo,primary,hotspot,119,0x1.1ad4ade15c393p-10,3;28;30,3;28
20220531.gml.geo,primary,hotspot,120,0x1.fc54bbf95d1abp-11,4;28;0,4;0
20220531.gml.geo,primary,hotspot,121,0x1.fc54bbf95d1abp-11,4;28;1,4;1
20220531.gml.geo,primary,hotspot,122,0x1.fc54bbf95d1abp-11,4;28;2,4;2
20220531.gml.geo,primary,hotspot,123,0x1.fc54bbf95d1abp-11,4;28;3,4;3
20220531.gml.geo,primary,hotspot,124,0x1.fc54bbf95d1abp-11,4;28;5,4;5
20220531.gml.geo,primary,hotspot,125,0x1.fc54bbf95d1abp-11,4;28;6,4;6
20220531.gml.geo,primary,hotspot,126,0x1.fc54bbf95d1abp-11,4;28;7,4;7
20220531.gml.geo,primary,hotspot,127,0x1.fc54bbf95d1abp-11,4;28;8,4;8
20220531.gml.geo,primary,hotspot,128,0x1.fc54bbf95d1abp-11,4;28;9,4;9
20220531.gml.geo,primary,hotspot,129,0x1.fc54bbf95d1abp-11,4;28;10,4;10
20220531.gml.geo,primary,hotspot,130,0x1.fc54bbf95d1abp-11,4;28;11,4;11
20220531.gml.geo,primary,hotspot,131,0x1.fc54bbf95d1abp-11,4;28;12,4;12
20220531.gml.geo,primary,hotspot,132,0x1.fc54bbf95d1abp-11,4;28;13,4;13
20220531.gml.geo,primary,hotspot,133,0x1.fc54bbf95d1abp-11,4;28;14,4;14
20220531.gml.geo,primary,hotspot,134,0x1.fc54bbf95d1abp-11,4;28;15,4;15
20220531.gml.geo,primary,hotspot,135,0x1.fc54bbf95d1abp-11,4;28;16,4;16
20220531.gml.geo,primary,hotspot,136,0x1.fc54bbf95d1abp-11,4;28;17,4;17
20220531.gml.geo,primary,hotspot,137,0x1.fc54bbf95d1abp-11,4;28;18,4;18
20220531.gml.geo,primary,hotspot,138,0x1.fc54bbf95d1abp-11,4;28;19,4;19
20220531.gml.geo,primary,hotspot,139,0x1.fc54bbf95d1abp-11,4;28;20,4;20
20220531.gml.geo,primary,hotspot,140,0x1.fc54bbf95d1abp-11,4;28;21,4;21
20220531.gml.geo,primary,hotspot,141,0x1.fc54bbf95d1abp-11,4;28;22,4;22
20220531.gml.geo,primary,hotspot,142,0x1.fc54bbf95d1abp-11,4;28;23,4;23
20220531.gml.geo,primary,hotspot,143,0x1.fc54bbf95d1abp-11,4;28;24,4;24
20220531.gml.geo,primary,hotspot,144,0x1.fc54bbf95d1abp-11,4;28;25,4;25
20220531.gml.geo,primary,hotspot,145,0x1.fc54bbf95d1abp-11,4;28;26,4;26
20220531.gml.geo,primary,hotspot,146,0x1.fc54bbf95d1abp-11,4;28;27,4;27
20220531.gml.geo,primary,hotspot,147,0x1.0832c6bfeb565p-8,4;28,4
20220531.gml.geo,primary,hotspot,148,0x1.fc54bbf95d1abp-11,4;28;30;29,4;28;29
20220531.gml.geo,primary,hotspot,149,0x1.1ad4ade15c393p-10,4;28;30,4;28
20220531.gml.geo,primary,hotspot,150,0x1.fc54bbf95d1abp-11,5;28;0,5;0
20220531.gml.geo,primary,hotspot,151,0x1.fc54bbf95d1abp-11,5;28;1,5;1
20220531.gml.geo,primary,hotspot,152,0x1.fc54bbf95d1abp-11,5;28;2,5;2
20220531.gml.geo,primary,hotspot,153,0x1.fc54bbf95d1abp-11,5;28;3,5;3
20220531.gml.geo,primary,hotspot,154,0x1.fc54bbf95d1abp-11,5;28;4,5;4
20220531.gml.geo,primary,hotspot,155,0x1.fc54bbf95d1abp-11,5;28;6,5;6
20220531.gml.geo,primary,hotspot,156,0x1.fc54bbf95d1abp-11,5;28;7,5;7
20220531.gml.geo,primary,hotspot,157,0x1.fc54bbf95d1abp-11,5;28;8,5;8
20220531.gml.geo,primary,hotspot,158,0x1.fc54bbf95d1abp-11,5;28;9,5;9
20220531.gml.geo,primary,hotspot,159,0x1.fc54bbf95d1abp-11,5;28;10,5;10
20220531.gml.geo,primary,hotspot,160,0x1.fc54bbf95d1abp-11,5;28;11,5;11
20220531.gml.geo,primary,hotspot,161,0x1.fc54bbf95d1abp-11,5;28;12,5;12
20220531.gml.geo,primary,hotspot,162,0x1.fc54bbf95d1abp-11,5;28;13,5;13
20220531.gml.geo,primary,hotspot,163,0x1.fc54bbf95d1abp-11,5;28;14,5;14
20220531.gml.geo,primary,hotspot,164,0x1.fc54bbf95d1abp-11,5;28;15,5;15
20220531.gml.geo,primary,hotspot,165,0x1.fc54bbf95d1abp-11,5;28;16,5;16
20220531.gml.geo,primary,hotspot,166,0x1.fc54bbf95d1abp-11,5;28;17,5;17
20220531.gml.geo,primary,hotspot,167,0x1.fc54bbf95d1abp-11,5;28;18,5;18
20220531.gml.geo,primary,hotspot,168,0x1.fc54bbf95d1abp-11,5;28;19,5;19
20220531.gml.geo,primary,hotspot,169,0x1.fc54bbf95d1abp-11,5;28;20,5;20
20220531.gml.geo,primary,hotspot,170,0x1.fc54bbf95d1abp-11,5;28;21,5;21
20220531.gml.geo,primary,hotspot,171,0x1.fc54bbf95d1abp-11,5;28;22,5;22
20220531.gml.geo,primary,hotspot,172,0x1.fc54bbf95d1abp-11,5;28;23,5;23
20220531.gml.geo,primary,hotspot,173,0x1.fc54bbf95d1abp-11,5;28;24,5;24
20220531.gml.geo,primary,hotspot,174,0x1.fc54bbf95d1abp-11,5;28;25,5;25
20220531.gml.geo,primary,hotspot,175,0x1.fc54bbf95d1abp-11,5;28;26,5;26
20220531.gml.geo,primary,hotspot,176,0x1.fc54bbf95d1abp-11,5;28;27,5;27
20220531.gml.geo,primary,hotspot,177,0x1.0832c6bfeb565p-8,5;28,5
20220531.gml.geo,primary,hotspot,178,0x1.fc54bbf95d1abp-11,5;28;30;29,5;28;29
20220531.gml.geo,primary,hotspot,179,0x1.1ad4ade15c393p-10,5;28;30,5;28
20220531.gml.geo,primary,hotspot,180,0x1.fc54bbf95d1abp-11,6;28;0,6;0
20220531.gml.geo,primary,hotspot,181,0x1.fc54bbf95d1abp-11,6;28;1,6;1
20220531.gml.geo,primary,hotspot,182,0x1.fc54bbf95d1abp-11,6;28;2,6;2
20220531.gml.geo,primary,hotspot,183,0x1.fc54bbf95d1abp-11,6;28;3,6;3
20220531.gml.geo,primary,hotspot,184,0x1.fc54bbf95d1abp-11,6;28;4,6;4
20220531.gml.geo,primary,hotspot,185,0x1.fc54bbf95d1abp-11,6;28;5,6;5
20220531.gml.geo,primary,hotspot,186,0x1.fc54bbf95d1abp-11,6;28;7,6;7
20220531.gml.geo,primary,hotspot,187,0x1.fc54bbf95d1abp-11,6;28;8,6;8
20220531.gml.geo,primary,hotspot,188,0x1.fc54bbf95d1abp-11,6;28;9,6;9
20220531.gml.geo,primary,hotspot,189,0x1.fc54bbf95d1abp-11,6;28;10,6;10
20220531.gml.geo,primary,hotspot,190,0x1.fc54bbf95d1abp-11,6;28;11,6;11
20220531.gml.geo,primary,hotspot,191,0x1.fc54bbf95d1abp-11,6;28;12,6;12
20220531.gml.geo,primary,hotspot,192,0x1.fc54bbf95d1abp-11,6;28;13,6;13
20220531.gml.geo,primary,hotspot,193,0x1.fc54bbf95d1abp-11,6;28;14,6;14
20220531.gml.geo,primary,hotspot,194,0x1.fc54bbf95d1abp-11,6;28;15,6;15
20220531.gml.geo,primary,hotspot,195,0x1.fc54bbf95d1abp-11,6;28;16,6;16
20220531.gml.geo,primary,hotspot,196,0x1.fc54bbf95d1abp-11,6;28;17,6;17
20220531.gml.geo,primary,hotspot,197,0x1.fc54bbf95d1abp-11,6;28;18,6;18
20220531.gml.geo,primary,hotspot,198,0x1.fc54bbf95d1abp-11,6;28;19,6;19
20220531.gml.geo,primary,hotspot,199,0x1.fc54bbf95d1abp-11,6;28;20,6;20
20220531.gml.geo,primary,hotspot,200,0x1.fc54bbf95d1abp-11,6;28;21,6;21
20220531.gml.geo,primary,hotspot,201,0x1.fc54bbf95d1abp-11,6;28;22,6;22
20220531.gml.geo,primary,hotspot,202,0x1.fc54bbf95d1abp-11,6;28;23,6;23
20220531.gml.geo,primary,hotspot,203,0x1.fc54bbf95d1abp-11,6;28;24,6;24
20220531.gml.geo,primary,hotspot,204,0x1.fc54bbf95d1abp-11,6;28;25,6;25
20220531.gml.geo,primary,hotspot,205,0x1.fc54bbf95d1abp-11,6;28;26,6;26
20220531.gml.geo,primary,hotspot,206,0x1.fc54bbf95d1abp-11,6;28;27,6;27
20220531.gml.geo,primary,hotspot,207,0x1.0832c6bfeb565p-8,6;28,6
20220531.gml.geo,primary,hotspot,208,0x1.fc54bbf95d1abp-11,6;28;30;29,6;28;29
20220531.gml.geo,primary,hotspot,209,0x1.1ad4ade15c393p-10,6;28;30,6;28
20220531.gml.geo,primary,hotspot,210,0x1.fc54bbf95d1abp-11,7;28;0,7;0
20220531.gml.geo,primary,hotspot,211,0x1.fc54bbf95d1abp-11,7;28;1,7;1
20220531.gml.geo,primary,hotspot,212,0x1.fc54bbf95d1abp-11,7;28;2,7;2
20220531.gml.geo,primary,hotspot,213,0x1.fc54bbf95d1abp-11,7;28;3,7;3
20220531.gml.geo,primary,hotspot,214,0x1.fc54bbf95d1abp-11,7;28;4,7;4
20220531.gml.geo,primary,hotspot,215,0x1.fc54bbf95d1abp-11,7;28;5,7;5
20220531.gml.geo,primary,hotspot,216,0x1.fc54bbf95d1abp-11,7;28;6,7;6
20220531.gml.geo,primary,hotspot,217,0x1.fc54bbf95d1abp-11,7;28;8,7;8
20220531.gml.geo,primary,hotspot,218,0x1.fc54bbf95d1abp-11,7;28;9,7;9
20220531.gml.geo,primary,hotspot,219,0x1.fc54bbf95d1abp-11,7;28;10,7;10
20220531.gml.geo,primary,hotspot,220,0x1.fc54bbf95d1abp-11,7;28;11,7;11
20220531.gml.geo,primary,hotspot,221,0x1.fc54bbf95d1abp-11,7;28;12,7;12
20220531.gml.geo,primary,hotspot,222,0x1.fc54bbf95d1abp-11,7;28;13,7;13
20220531.gml.geo,primary,hotspot,223,0x1.fc54bbf95d1abp-11,7;28;14,7;14
20220531.gml.geo,primary,hotspot,224,0x1.fc54bbf95d1abp-11,7;28;15,7;15
20220531.gml.geo,primary,hotspot,225,0x1.fc54bbf95d1abp-11,7;28;16,7;16
20220531.gml.geo,primary,hotspot,226,0x1.fc54bbf95d1abp-11,7;28;17,7;17
20220531.gml.geo,primary,hotspot,227,0x1.fc54bbf95d1abp-11,7;28;18,7;18
20220531.gml.geo,primary,hotspot,228,0x1.fc54bbf95d1abp-11,7;28;19,7;19
20220531.gml.geo,primary,hotspot,229,0x1.fc54bbf95d1abp-11,7;28;20,7;20
20220531.gml.geo,primary,hotspot,230,0x1.fc54bbf95d1abp-11,7;28;21,7;21
20220531.gml.geo,primary,hotspot,231,0x1.fc54bbf95d1abp-11,7;28;22,7;22
20220531.gml.geo,primary,hotspot,232,0x1.fc54bbf95d1abp-11,7;28;23,7;23
20220531.gml.geo,primary,hotspot,233,0x1.fc54bbf95d1abp-11,7;28;24,7;24
20220531.gml.geo,primary,hotspot,234,0x1.fc54bbf95d1abp-11,7;28;25,7;25
20220531.gml.geo,primary,hotspot,235,0x1.fc54bbf95d1abp-11,7;28;26,7;26
20220531.gml.geo,primary,hotspot,236,0x1.fc54bbf95d1abp-11,7;28;27,7;27
20220531.gml.geo,primary,hotspot,237,0x1.0832c6bfeb565p-8,7;28,7
20220531.gml.geo,primary,hotspot,238,0x1.fc54bbf95d1abp-11,7;28;30;29,7;28;29
20220531.gml.geo,primary,hotspot,239,0x1.1ad4ade15c393p-10,7;28;30,7;28
20220531.gml.geo,primary,hotspot,240,0x1.fc54bbf95d1abp-11,8;28;0,8;0
20220531.gml.geo,primary,hotspot,241,0x1.fc54bbf95d1abp-11,8;28;1,8;1
20220531.gml.geo,primary,hotspot,242,0x1.fc54bbf95d1abp-11,8;28;2,8;2
20220531.gml.geo,primary,hotspot,243,0x1.fc54bbf95d1abp-11,8;28;3,8;3
20220531.gml.geo,primary,hotspot,244,0x1.fc54bbf95d1abp-11,8;28;4,8;4
20220531.gml.geo,primary,hotspot,245,0x1.fc54bbf95d1abp-11,8;28;5,8;5
20220531.gml.geo,primary,hotspot,246,0x1.fc54bbf95d1abp-11,8;28;6,8;6
20220531.gml.geo,primary,hotspot,247,0x1.fc54bbf95d1abp-11,8;28;7,8;7
20220531.gml.geo,primary,hotspot,248,0x1.fc54bbf95d1abp-11,8;28;9,8;9
20220531.gml.geo,primary,hotspot,249,0x1.fc54bbf95d1abp-11,8;28;10,8;10
20220531.gml.geo,primary,hotspot,250,0x1.fc54bbf95d1abp-11,8;28;11,8;11
20220531.gml.geo,primary,hotspot,251,0x1.fc54bbf95d1abp-11,8;28;12,8;12
20220531.gml.geo,primary,hotspot,252,0x1.fc54bbf95d1abp-11,8;28;13,8;13
20220531.gml.geo,primary,hotspot,253,0x1.fc54bbf95d1abp-11,8;28;14,8;14
20220531.gml.geo,primary,hotspot,254,0x1.fc54bbf95d1abp-11,8;28;15,8;15
20220531.gml.geo,primary,hotspot,255,0x1.fc54bbf95d1abp-11,8;28;16,8;16
20220531.gml.geo,primary,hotspot,256,0x1.fc54bbf95d1abp-11,8;28;17,8;17
20220531.gml.geo,primary,hotspot,257,0x1.fc54bbf95d1abp-11,8;28;18,8;18
20220531.gml.geo,primary,hotspot,258,0x1.fc54bbf95d1abp-11,8;28;19,8;19
20220531.gml.geo,primary,hotspot,259,0x1.fc54bbf95d1abp-11,8;28;20,8;20
20220531.gml.geo,primary,hotspot,260,0x1.fc54bbf95d1abp-11,8;28;21,8;21
20220531.gml.geo,primary,hotspot,261,0x1.fc54bbf95d1abp-11,8;28;22,8;22
20220531.gml.geo,primary,hotspot,262,0x1.fc54bbf95d1abp-11,8;28;23,8;23
20220531.gml.geo,primary,hotspot,263,0x1.fc54bbf95d1abp-11,8;28;24,8;24
20220531.gml.geo,primary,hotspot,264,0x1.fc54bbf95d1abp-11,8;28;25,8;25
20220531.gml.geo,primary,hotspot,265,0x1.fc54bbf95d1abp-11,8;28;26,8;26
20220531.gml.geo,primary,hotspot,266,0x1.fc54bbf95d1abp-11,8;28;27,8;27
20220531.gml.geo,primary,hotspot,267,0x1.0832c6bfeb565p-8,8;28,8
20220531.gml.geo,primary,hotspot,268,0x1.fc54bbf95d1abp-11,8;28;30;29,8;28;29
20220531.gml.geo,primary,hotspot,269,0x1.1ad4ade15c393p-10,8;28;30,8;28
20220531.gml.geo,primary,hotspot,270,0x1.fc54bbf95d1abp-11,9;28;0,9;0
20220531.gml.geo,primary,hotspot,271,0x1.fc54bbf95d1abp-11,9;28;1,9;1
20220531.gml.geo,primary,hotspot,272,0x1.fc54bbf95d1abp-11,9;28;2,9;2
20220531.gml.geo,primary,hotspot,273,0x1.fc54bbf95d1abp-11,9;28;3,9;3
20220531.gml.geo,primary,hotspot,274,0x1.fc54bbf95d1abp-11,9;28;4,9;4
20220531.gml.geo,primary,hotspot,275,0x1.fc54bbf95d1abp-11,9;28;5,9;5
20220531.gml.geo,primary,hotspot,276,0x1.fc54bbf95d1abp-11,9;28;6,9;6
20220531.gml.geo,primary,hotspot,277,0x1.fc54bbf95d1abp-11,9;28;7,9;7
20220531.gml.geo,primary,hotspot,278,0x1.fc54bbf95d1abp-11,9;28;8,9;8
20220531.gml.geo,primary,hotspot,279,0x1.fc54bbf95d1abp-11,9;28;10,9;10
20220531.gml.geo,primary,hotspot,280,0x1.fc54bbf95d1abp-11,9;28;11,9;11
20220531.gml.geo,primary,hotspot,281,0x1.fc54bbf95d1abp-11,9;28;12,9;12
20220531.gml.geo,primary,hotspot,282,0x1.fc54bbf95d1abp-11,9;28;13,9;13
20220531.gml.geo,primary,hotspot,283,0x1.fc54bbf95d1abp-11,9;28;14,9;14
20220531.gml.geo,primary,hotspot,284,0x1.fc54bbf95d1abp-11,9;28;15,9;15
20220531.gml.geo,primary,hotspot,285,0x1.fc54bbf95d1abp-11,9;28;16,9;16
20220531.gml.geo,primary,hotspot,286,0x1.fc54bbf95d1abp-11,9;28;17,9;17
20220531.gml.geo,primary,hotspot,287,0x1.fc54bbf95d1abp-11,9;28;18,9;18
20220531.gml.geo,primary,hotspot,288,0x1.fc54bbf95d1abp-11,9;28;19,9;19
20220531.gml.geo,primary,hotspot,289,0x1.fc54bbf95d1abp-11,9;28;20,9;20
20220531.gml.geo,primary,hotspot,290,0x1.fc54bbf95d1abp-11,9;28;21,9;21
20220531.gml.geo,primary,hotspot,291,0x1.fc54bbf95d1abp-11,9;28;22,9;22
20220531.gml.geo,primary,hotspot,292,0x1.fc54bbf95d1abp-11,9;28;23,9;23
20220531.gml.geo,primary,hotspot,293,0x1.fc54bbf95d1abp-11,9;28;24,9;24
20220531.gml.geo,primary,hotspot,294,0x1.fc54bbf95d1abp-11,9;28;25,9;25
20220531.gml.geo,primary,hotspot,295,0x1.fc54bbf95d1abp-11,9;28;26,9;26
20220531.gml.geo,primary,hotspot,296,0x1.fc54bbf95d1abp-11,9;28;27,9;27
20220531.gml.geo,primary,hotspot,297,0x1.0832c6bfeb565p-8,9;28,9
20220531.gml.geo,primary,hotspot,298,0x1.fc54bbf95d1abp-11,9;28;30;29,9;28;29
20220531.gml.geo,primary,hotspot,299,0x1.1ad4ade15c393p-10,9;28;30,9;28
20220531.gml.geo,primary,hotspot,300,0x1.fc54bbf95d1abp-11,10;28;0,10;0
20220531.gml.geo,primary,hotspot,301,0x1.fc54bbf95d1abp-11,10;28;1,10;1
20220531.gml.geo,primary,hotspot,302,0x1.fc54bbf95d1abp-11,10;28;2,10;2
20220531.gml.geo,primary,hotspot,303,0x1.fc54bbf95d1abp-11,10;28;3,10;3
20220531.gml.geo,primary,hotspot,304,0x1.fc54bbf95d1abp-11,10;28;4,10;4
20220531.gml.geo,primary,hotspot,305,0x1.fc54bbf95d1abp-11,10;28;5,10;5
20220531.gml.geo,primary,hotspot,306,0x1.fc54bbf95d1abp-11,10;28;6,10;6
20220531.gml.geo,primary,hotspot,307,0x1.fc54bbf95d1abp-11,10;28;7,10;7
20220531.gml.geo,primary,hotspot,308,0x1.fc54bbf95d1abp-11,10;28;8,10;8
20220531.gml.geo,primary,hotspot,309,0x1.fc54bbf95d1abp-11,10;28;9,10;9
20220531.gml.geo,primary,hotspot,310,0x1.fc54bbf95d1abp-11,10;28;11,10;11
20220531.gml.geo,primary,hotspot,311,0x1.fc54bbf95d1abp-11,10;28;12,10;12
20220531.gml.geo,primary,hotspot,312,0x1.fc54bbf95d1abp-11,10;28;13,10;13
20220531.gml.geo,primary,hotspot,313,0x1.fc54bbf95d1abp-11,10;28;14,10;14
20220531.gml.geo,primary,hotspot,314,0x1.fc54bbf95d1abp-11,10;28;15,10;15
20220531.gml.geo,primary,hotspot,315,0x1.fc54bbf95d1abp-11,10;28;16,10;16
20220531.gml.geo,primary,hotspot,316,0x1.fc54bbf95d1abp-11,10;28;17,10;17
20220531.gml.geo,primary,hotspot,317,0x1.fc54bbf95d1abp-11,10;28;18,10;18
20220531.gml.geo,primary,hotspot,318,0x1.fc54bbf95d1abp-11,10;28;19,10;19
20220531.gml.geo,primary,hotspot,319,0x1.fc54bbf95d1abp-11,10;28;20,10;20
20220531.gml.geo,primary,hotspot,320,0x1.fc54bbf95d1abp-11,10;28;21,10;21
20220531.gml.geo,primary,hotspot,321,0x1.fc54bbf95d1abp-11,10;28;22,10;22
20220531.gml.geo,primary,hotspot,322,0x1.fc54bbf95d1abp-11,10;28;23,10;23
20220531.gml.geo,primary,hotspot,323,0x1.fc54bbf95d1abp-11,10;28;24,10;24
20220531.gml.geo,primary,hotspot,324,0x1.fc54bbf95d1abp-11,10;28;25,10;25
20220531.gml.geo,primary,hotspot,325,0x1.fc54bbf95d1abp-11,10;28;26,10;26
20220531.gml.geo,primary,hotspot,326,0x1.fc54bbf95d1abp-11,10;28;27,10;27
20220531.gml.geo,primary,hotspot,327,0x1.0832c6bfeb565p-8,10;28,10
20220531.gml.geo,primary,hotspot,328,0x1.fc54bbf95d1abp-11,10;28;30;29,10;28;29
20220531.gml.geo,primary,hotspot,329,0x1.1ad4ade15c393p-10,10;28;30,10;28
20220531.gml.geo,primary,hotspot,330,0x1.fc54bbf95d1abp-11,11;28;0,11;0
20220531.gml.geo,primary,hotspot,331,0x1.fc54bbf95d1abp-11,11;28;1,11;1
20220531.gml.geo,primary,hotspot,332,0x1.fc54bbf95d1abp-11,11;28;2,11;2
20220531.gml.geo,primary,hotspot,333,0x1.fc54bbf95d1abp-11,11;28;3,11;3
20220531.gml.geo,primary,hotspot,334,0x1.fc54bbf95d1abp-11,11;28;4,11;4
20220531.gml.geo,primary,hotspot,335,0x1.fc54bbf95d1abp-11,11;28;5,11;5
20220531.gml.geo,primary,hotspot,336,0x1.fc54bbf95d1abp-11,11;28;6,11;6
20220531.gml.geo,primary,hotspot,337,0x1.fc54bbf95d1abp-11,11;28;7,11;7
20220531.gml.geo,primary,hotspot,338,0x1.fc54bbf95d1abp-11,11;28;8,11;8
20220531.gml.geo,primary,hotspot,339,0x1.fc54bbf95d1abp-11,11;28;9,11;9
20220531.gml.geo,primary,hotspot,340,0x1.fc54bbf95d1abp-11,11;28;10,11;10
20220531.gml.geo,primary,hotspot,341,0x1.fc54bbf95d1abp-11,11;28;12,11;12
20220531.gml.geo,primary,hotspot,342,0x1.fc54bbf95d1abp-11,11;28;13,11;13
20220531.gml.geo,primary,hotspot,343,0x1.fc54bbf95d1abp-11,11;28;14,11;14
20220531.gml.geo,primary,hotspot,344,0x1.fc54bbf95d1abp-11,11;28;15,11;15
20220531.gml.geo,primary,hotspot,345,0x1.fc54bbf95d1abp-11,11;28;16,11;16
20220531.gml.geo,primary,hotspot,346,0x1.fc54bbf95d1abp-11,11;28;17,11;17
20220531.gml.geo,primary,hotspot,347,0x1.fc54bbf95d1abp-11,11;28;18,11;18
20220531.gml.geo,primary,hotspot,348,0x1.fc54bbf95d1abp-11,11;28;19,11;19
20220531.gml.geo,primary,hotspot,349,0x1.fc54bbf95d1abp-11,11;28;20,11;20
20220531.gml.geo,primary,hotspot,350,0x1.fc54bbf95d1abp-11,11;28;21,11;21
20220531.gml.geo,primary,hotspot,351,0x1.fc54bbf95d1abp-11,11;28;22,11;22
20220531.gml.geo,primary,hotspot,352,0x1.fc54bbf95d1abp-11,11;28;23,11;23
20220531.gml.geo,primary,hotspot,353,0x1.fc54bbf95d1abp-11,11;28;24,11;24
20220531.gml.geo,primary,hotspot,354,0x1.fc54bbf95d1abp-11,11;28;25,11;25
20220531.gml.geo,primary,hotspot,355,0x1.fc54bbf95d1abp-11,11;28;26,11;26
20220531.gml.geo,primary,hotspot,356,0x1.fc54bbf95d1abp-11,11;28;27,11;27
20220531.gml.geo,primary,hotspot,357,0x1.0832c6bfeb565p-8,11;28,11
20220531.gml.geo,primary,hotspot,358,0x1.fc54bbf95d1abp-11,11;28;30;29,11;28;29
20220531.gml.geo,primary,hotspot,359,0x1.1ad4ade15c393p-10,11;28;30,11;28
20220531.gml.geo,primary,hotspot,360,0x1.fc54bbf95d1abp-11,12;28;0,12;0
20220531.gml.geo,primary,hotspot,361,0x1.fc54bbf95d1abp-11,12;28;1,12;1
20220531.gml.geo,primary,hotspot,362,0x1.fc54bbf95d1abp-11,12;28;2,12;2
20220531.gml.geo,primary,hotspot,363,0x1.fc54bbf95d1abp-11,12;28;3,12;3
20220531.gml.geo,primary,hotspot,364,0x1.fc54bbf95d1abp-11,12;28;4,12;4
20220531.gml.geo,primary,hotspot,365,0x1.fc54bbf95d1abp-11,12;28;5,12;5
20220531.gml.geo,primary,hotspot,366,0x1.fc54bbf95d1abp-11,12;28;6,12;6
20220531.gml.geo,primary,hotspot,367,0x1.fc54bbf95d1abp-11,12;28;7,12;7
20220531.gml.geo,primary,hotspot,368,0x1.fc54bbf95d1abp-11,12;28;8,12;8
20220531.gml.geo,primary,hotspot,369,0x1.fc54bbf95d1abp-11,12;28;9,12;9
20220531.gml.geo,primary,hotspot,370,0x1.fc54bbf95d1abp-11,12;28;10,12;10
20220531.gml.geo,primary,hotspot,371,0x1.fc54bbf95d1abp-11,12;28;11,12;11
20220531.gml.geo,primary,hotspot,372,0x1.fc54bbf95d1abp-11,12;28;13,12;13
20220531.gml.geo,primary,hotspot,373,0x1.fc54bbf95d1abp-11,12;28;14,12;14
20220531.gml.geo,primary,hotspot,374,0x1.fc54bbf95d1abp-11,12;28;15,12;15
20220531.gml.geo,primary,hotspot,375,0x1.fc54bbf95d1abp-11,12;28;16,12;16
20220531.gml.geo,primary,hotspot,376,0x1.fc54bbf95d1abp-11,12;28;17,12;17
20220531.gml.geo,primary,hotspot,377,0x1.fc54bbf95d1abp-11,12;28;18,12;18
20220531.gml.geo,primary,hotspot,378,0x1.fc54bbf95d1abp-11,12;28;19,12;19
20220531.gml.geo,primary,hotspot,379,0x1.fc54bbf95d1abp-11,12;28;20,12;20
20220531.gml.geo,primary,hotspot,380,0x1.fc54bbf95d1abp-11,12;28;21,12;21
20220531.gml.geo,primary,hotspot,381,0x1.fc54bbf95d1abp-11,12;28;22,12;22
20220531.gml.geo,primary,hotspot,382,0x1.fc54bbf95d1abp-11,12;28;23,12;23
20220531.gml.geo,primary,hotspot,383,0x1.fc54bbf95d1abp-11,12;28;24,12;24
20220531.gml.geo,primary,hotspot,384,0x1.fc54bbf95d1abp-11,12;28;25,12;25
20220531.gml.geo,primary,hotspot,385,0x1.fc54bbf95d1abp-11,12;28;26,12;26
20220531.gml.geo,primary,hotspot,386,0x1.fc54bbf95d1abp-11,12;28;27,12;27
20220531.gml.geo,primary,hotspot,387,0x1.0832c6bfeb565p-8,12;28,12
20220531.gml.geo,primary,hotspot,388,0x1.fc54bbf95d1abp-11,12;28;30;29,12;28;29
20220531.gml.geo,primary,hotspot,389,0x1.1ad4ade15c393p-10,12;28;30,12;28
20220531.gml.geo,primary,hotspot,390,0x1.fc54bbf95d1abp-11,13;28;0,13;0
20220531.gml.geo,primary,hotspot,391,0x1.fc54bbf95d1abp-11,13;28;1,13;1
20220531.gml.geo,primary,hotspot,392,0x1.fc54bbf95d1abp-11,13;28;2,13;2
20220531.gml.geo,primary,hotspot,393,0x1.fc54bbf95d1abp-11,13;28;3,13;3
20220531.gml.geo,primary,hotspot,394,0x1.fc54bbf95d1abp-11,13;28;4,13;4
20220531.gml.geo,primary,hotspot,395,0x1.fc54bbf95d1abp-11,13;28;5,13;5
20220531.gml.geo,primary,hotspot,396,0x1.fc54bbf95d1abp-11,13;28;6,13;6
20220531.gml.geo,primary,hotspot,397,0x1.fc54bbf95d1abp-11,13;28;7,13;7
20220531.gml.geo,primary,hotspot,398,0x1.fc54bbf95d1abp-11,13;28;8,13;8
20220531.gml.geo,primary,hotspot,399,0x1.fc54bbf95d1abp-11,13;28;9,13;9
20220531.gml.geo,primary,hotspot,400,0x1.fc54bbf95d1abp-11,13;28;10,13;10
20220531.gml.geo,primary,hotspot,401,0x1.fc54bbf95d1abp-11,13;28;11,13;11
20220531.gml.geo,primary,hotspot,402,0x1.fc54bbf95d1abp-11,13;28;12,13;12
20220531.gml.geo,primary,hotspot,403,0x1.fc54bbf95d1abp-11,13;28;14,13;14
20220531.gml.geo,primary,hotspot,404,0x1.fc54bbf95d1abp-11,13;28;15,13;15
20220531.gml.geo,primary,hotspot,405,0x1.fc54bbf95d1abp-11,13;28;16,13;16
20220531.gml.geo,primary,hotspot,406,0x1.fc54bbf95d1abp-11,13;28;17,13;17
20220531.gml.geo,primary,hotspot,407,0x1.fc54bbf95d1abp-11,13;28;18,13;18
20220531.gml.geo,primary,hotspot,408,0x1.fc54bbf95d1abp-11,13;28;19,13;19
20220531.gml.geo,primary,hotspot,409,0x1.fc54bbf95d1abp-11,13;28;20,13;20
20220531.gml.geo,primary,hotspot,410,0x1.fc54bbf95d1abp-11,13;28;21,13;21
20220531.gml.geo,primary,hotspot,411,0x1.fc54bbf95d1abp-11,13;28;22,13;22
20220531.gml.geo,primary,hotspot,412,0x1.fc54bbf95d1abp-11,13;28;23,13;23
20220531.gml.geo,primary,hotspot,413,0x1.fc54bbf95d1abp-11,13;28;24,13;24
20220531.gml.geo,primary,hotspot,414,0x1.fc54bbf95d1abp-11,13;28;25,13;25
20220531.gml.geo,primary,hotspot,415,0x1.fc54bbf95d1abp-11,13;28;26,13;26
20220531.gml.geo,primary,hotspot,416,0x1.fc54bbf95d1abp-11,13;28;27,13;27
20220531.gml.geo,primary,hotspot,417,0x1.0832c6bfeb565p-8,13;28,13
20220531.gml.geo,primary,hotspot,418,0x1.fc54bbf95d1abp-11,13;28;30;29,13;28;29
20220531.gml.geo,primary,hotspot,419,0x1.1ad4ade15c393p-10,13;28;30,13;28
20220531.gml.geo,primary,hotspot,420,0x1.fc54bbf95d1abp-11,14;28;0,14;0
20220531.gml.geo,primary,hotspot,421,0x1.fc54bbf95d1abp-11,14;28;1,14;1
20220531.gml.geo,primary,hotspot,422,0x1.fc54bbf95d1abp-11,14;28;2,14;2
20220531.gml.geo,primary,hotspot,423,0x1.fc54bbf95d1abp-11,14;28;3,14;3
20220531.gml.geo,primary,hotspot,424,0x1.fc54bbf95d1abp-11,14;28;4,14;4
20220531.gml.geo,primary,hotspot,425,0x1.fc54bbf95d1abp-11,14;28;5,14;5
20220531.gml.geo,primary,hotspot,426,0x1.fc54bbf95d1abp-11,14;28;6,14;6
20220531.gml.geo,primary,hotspot,427,0x1.fc54bbf95d1abp-11,14;28;7,14;7
20220531.gml.geo,primary,hotspot,428,0x1.fc54bbf95d1abp-11,14;28;8,14;8
20220531.gml.geo,primary,hotspot,429,0x1.fc54bbf95d1abp-11,14;28;9,14;9
20220531.gml.geo,primary,hotspot,430,0x1.fc54bbf95d1abp-11,14;28;10,14;10
20220531.gml.geo,primary,hotspot,431,0x1.fc54bbf95d1abp-11,14;28;11,14;11
20220531.gml.geo,primary,hotspot,432,0x1.fc54bbf95d1abp-11,14;28;12,14;12
20220531.gml.geo,primary,hotspot,433,0x1.fc54bbf95d1abp-11,14;28;13,14;13
20220531.gml.geo,primary,hotspot,434,0x1.fc54bbf95d1abp-11,14;28;15,14;15
20220531.gml.geo,primary,hotspot,435,0x1.fc54bbf95d1abp-11,14;28;16,14;16
20220531.gml.geo,primary,hotspot,436,0x1.fc54bbf95d1abp-11,14;28;17,14;17
20220531.gml.geo,primary,hotspot,437,0x1.fc54bbf95d1abp-11,14;28;18,14;18
20220531.gml.geo,primary,hotspot,438,0x1.fc54bbf95d1abp-11,14;28;19,14;19
20220531.gml.geo,primary,hotspot,439,0x1.fc54bbf95d1abp-11,14;28;20,14;20
20220531.gml.geo,primary,hotspot,440,0x1.fc54bbf95d1abp-11,14;28;21,14;21
20220531.gml.geo,primary,hotspot,441,0x1.fc54bbf95d1abp-11,14;28;22,14;22
20220531.gml.geo,primary,hotspot,442,0x1.fc54bbf95d1abp-11,14;28;23,14;23
20220531.gml.geo,primary,hotspot,443,0x1.fc54bbf95d1abp-11,14;28;24,14;24
20220531.gml.geo,primary,hotspot,444,0x1.fc54bbf95d1abp-11,14;28;25,14;25
20220531.gml.geo,primary,hotspot,445,0x1.fc54bbf95d1abp-11,14;28;26,14;26
20220531.gml.geo,primary,hotspot,446,0x1.fc54bbf95d1abp-11,14;28;27,14;27
20220531.gml.geo,primary,hotspot,447,0x1.0832c6bfeb565p-8,14;28,14
20220531.gml.geo,primary,hotspot,448,0x1.fc54bbf95d1abp-11,14;28;30;29,14;28;29
20220531.gml.geo,primary,hotspot,449,0x1.1ad4ade15c393p-10,14;28;30,14;28
20220531.gml.geo,primary,hotspot,450,0x1.fc54bbf95d1abp-11,15;28;0,15;0
20220531.gml.geo,primary,hotspot,451,0x1.fc54bbf95d1abp-11,15;28;1,15;1
20220531.gml.geo,primary,hotspot,452,0x1.fc54bbf95d1abp-11,15;28;2,15;2
20220531.gml.geo,primary,hotspot,453,0x1.fc54bbf95d1abp-11,15;28;3,15;3
20220531.gml.geo,primary,hotspot,454,0x1.fc54bbf95d1abp-11,15;28;4,15;4
20220531.gml.geo,primary,hotspot,455,0x1.fc54bbf95d1abp-11,15;28;5,15;5
20220531.gml.geo,primary,hotspot,456,0x1.fc54bbf95d1abp-11,15;28;6,15;6
20220531.gml.geo,primary,hotspot,457,0x1.fc54bbf95d1abp-11,15;28;7,15;7
20220531.gml.geo,primary,hotspot,458,0x1.fc54bbf95d1abp-11,15;28;8,15;8
20220531.gml.geo,primary,hotspot,459,0x1.fc54bbf95d1abp-11,15;28;9,15;9
20220531.gml.geo,primary,hotspot,460,0x1.fc54bbf95d1abp-11,15;28;10,15;10
20220531.gml.geo,primary,hotspot,461,0x1.fc54bbf95d1abp-11,15;28;11,15;11
20220531.gml.geo,primary,hotspot,462,0x1.fc54bbf95d1abp-11,15;28;12,15;12
20220531.gml.geo,primary,hotspot,463,0x1.fc54bbf95d1abp-11,15;28;13,15;13
20220531.gml.geo,primary,hotspot,464,0x1.fc54bbf95d1abp-11,15;28;14,15;14
20220531.gml.geo,primary,hotspot,465,0x1.fc54bbf95d1abp-11,15;28;16,15;16
20220531.gml.geo,primary,hotspot,466,0x1.fc54bbf95d1abp-11,15;28;17,15;17
20220531.gml.geo,primary,hotspot,467,0x1.fc54bbf95d1abp-11,15;28;18,15;18
20220531.gml.geo,primary,hotspot,468,0x1.fc54bbf95d1abp-11,15;28;19,15;19
20220531.gml.geo,primary,hotspot,469,0x1.fc54bbf95d1abp-11,15;28;20,15;20
20220531.gml.geo,primary,hotspot,470,0x1.fc54bbf95d1abp-11,15;28;21,15;21
20220531.gml.geo,primary,hotspot,471,0x1.fc54bbf95d1abp-11,15;28;22,15;22
20220531.gml.geo,primary,hotspot,472,0x1.fc54bbf95d1abp-11,15;28;23,15;23
20220531.gml.geo,primary,hotspot,473,0x1.fc54bbf95d1abp-11,15;28;24,15;24
20220531.gml.geo,primary,hotspot,474,0x1.fc54bbf95d1abp-11,15;28;25,15;25
20220531.gml.geo,primary,hotspot,475,0x1.fc54bbf95d1abp-11,15;28;26,15;26
20220531.gml.geo,primary,hotspot,476,0x1.fc54bbf95d1abp-11,15;28;27,15;27
20220531.gml.geo,primary,hotspot,477,0x1.0832c6bfeb565p-8,15;28,15
20220531.gml.geo,primary,hotspot,478,0x1.fc54bbf95d1abp-11,15;28;30;29,15;28;29
20220531.gml.geo,primary,hotspot,479,0x1.1ad4ade15c393p-10,15;28;30,15;28
20220531.gml.geo,primary,hotspot,480,0x1.fc54bbf95d1abp-11,16;28;0,16;0
20220531.gml.geo,primary,hotspot,481,0x1.fc54bbf95d1abp-11,16;28;1,16;1
20220531.gml.geo,primary,hotspot,482,0x1.fc54bbf95d1abp-11,16;28;2,16;2
20220531.gml.geo,primary,hotspot,483,0x1.fc54bbf95d1abp-11,16;28;3,16;3
20220531.gml.geo,primary,hotspot,484,0x1.fc54bbf95d1abp-11,16;28;4,16;4
20220531.gml.geo,primary,hotspot,485,0x1.fc54bbf95d1abp-11,16;28;5,16;5
20220531.gml.geo,primary,hotspot,486,0x1.fc54bbf95d1abp-11,16;28;6,16;6
20220531.gml.geo,primary,hotspot,487,0x1.fc54bbf95d1abp-11,16;28;7,16;7
20220531.gml.geo,primary,hotspot,488,0x1.fc54bbf95d1abp-11,16;28;8,16;8
20220531.gml.geo,primary,hotspot,489,0x1.fc54bbf95d1abp-11,16;28;9,16;9
20220531.gml.geo,primary,hotspot,490,0x1.fc54bbf95d1abp-11,16;28;10,16;10
20220531.gml.geo,primary,hotspot,491,0x1.fc54bbf95d1abp-11,16;28;11,16;11
20220531.gml.geo,primary,hotspot,492,0x1.fc54bbf95d1abp-11,16;28;12,16;12
20220531.gml.geo,primary,hotspot,493,0x1.fc54bbf95d1abp-11,16;28;13,16;13
20220531.gml.geo,primary,hotspot,494,0x1.fc54bbf95d1abp-11,16;28;14,16;14
20220531.gml.geo,primary,hotspot,495,0x1.fc54bbf95d1abp-11,16;28;15,16;15
20220531.gml.geo,primary,hotspot,496,0x1.fc54bbf95d1abp-11,16;28;17,16;17
20220531.gml.geo,primary,hotspot,497,0x1.fc54bbf95d1abp-11,16;28;18,16;18
20220531.gml.geo,primary,hotspot,498,0x1.fc54bbf95d1abp-11,16;28;19,16;19
20220531.gml.geo,primary,hotspot,499,0x1.fc54bbf95d1abp-11,16;28;20,16;20
20220531.gml.geo,primary,hotspot,500,0x1.fc54bbf95d1abp-11,16;28;21,16;21
20220531.gml.geo,primary,hotspot,501,0x1.fc54bbf95d1abp-11,16;28;22,16;22
20220531.gml.geo,primary,hotspot,502,0x1.fc54bbf95d1abp-11,16;28;23,16;23
20220531.gml.geo,primary,hotspot,503,0x1.fc54bbf95d1abp-11,16;28;24,16;24
20220531.gml.geo,primary,hotspot,504,0x1.fc54bbf95d1abp-11,16;28;25,16;25
20220531.gml.geo,primary,hotspot,505,0x1.fc54bbf95d1abp-11,16;28;26,16;26
20220531.gml.geo,primary,hotspot,506,0x1.fc54bbf95d1abp-11,16;28;27,16;27
20220531.gml.geo,primary,hotspot,507,0x1.0832c6bfeb565p-8,16;28,16
20220531.gml.geo,primary,hotspot,508,0x1.fc54bbf95d1abp-11,16;28;30;29,16;28;29
20220531.gml.geo,primary,hotspot,509,0x1.1ad4ade15c393p-10,16;28;30,16;28
20220531.gml.geo,primary,hotspot,510,0x1.fc54bbf95d1abp-11,17;28;0,17;0
20220531.gml.geo,primary,hotspot,511,0x1.fc54bbf95d1abp-11,17;28;1,17;1
20220531.gml.geo,primary,hotspot,512,0x1.fc54bbf95d1abp-11,17;28;2,17;2
20220531.gml.geo,primary,hotspot,513,0x1.fc54bbf95d1abp-11,17;28;3,17;3
20220531.gml.geo,primary,hotspot,514,0x1.fc54bbf95d1abp-11,17;28;4,17;4
20220531.gml.geo,primary,hotspot,515,0x1.fc54bbf95d1abp-11,17;28;5,17;5
20220531.gml.geo,primary,hotspot,516,0x1.fc54bbf95d1abp-11,17;28;6,17;6
20220531.gml.geo,primary,hotspot,517,0x1.fc54bbf95d1abp-11,17;28;7,17;7
20220531.gml.geo,primary,hotspot,518,0x1.fc54bbf95d1abp-11,17;28;8,17;8
20220531.gml.geo,primary,hotspot,519,0x1.fc54bbf95d1abp-11,17;28;9,17;9
20220531.gml.geo,primary,hotspot,520,0x1.fc54bbf95d1abp-11,17;28;10,17;10
20220531.gml.geo,primary,hotspot,521,0x1.fc54bbf95d1abp-11,17;28;11,17;11
20220531.gml.geo,primary,hotspot,522,0x1.fc54bbf95d1abp-11,17;28;12,17;12
20220531.gml.geo,primary,hotspot,523,0x1.fc54bbf95d1abp-11,17;28;13,17;13
20220531.gml.geo,primary,hotspot,524,0x1.fc54bbf95d1abp-11,17;28;14,17;14
20220531.gml.geo,primary,hotspot,525,0x1.fc54bbf95d1abp-11,17;28;15,17;15
20220531.gml.geo,primary,hotspot,526,0x1.fc54bbf95d1abp-11,17;28;16,17;16
20220531.gml.geo,primary,hotspot,527,0x1.fc54bbf95d1abp-11,17;28;18,17;18
20220531.gml.geo,primary,hotspot,528,0x1.fc54bbf95d1abp-11,17;28;19,17;19
20220531.gml.geo,primary,hotspot,529,0x1.fc54bbf95d1abp-11,17;28;20,17;20
20220531.gml.geo,primary,hotspot,530,0x1.fc54bbf95d1abp-11,17;28;21,17;21
20220531.gml.geo,primary,hotspot,531,0x1.fc54bbf95d1abp-11,17;28;22,17;22
20220531.gml.geo,primary,hotspot,532,0x1.fc54bbf95d1abp-11,17;28;23,17;23
20220531.gml.geo,primary,hotspot,533,0x1.fc54bbf95d1abp-11,17;28;24,17;24
20220531.gml.geo,primary,hotspot,534,0x1.fc54bbf95d1abp-11,17;28;25,17;25
20220531.gml.geo,primary,hotspot,535,0x1.fc54bbf95d1abp-11,17;28;26,17;26
20220531.gml.geo,primary,hotspot,536,0x1.fc54bbf95d1abp-11,17;28;27,17;27
20220531.gml.geo,primary,hotspot,537,0x1.0832c6bfeb565p-8,17;28,17
20220531.gml.geo,primary,hotspot,538,0x1.fc54bbf95d1abp-11,17;28;30;29,17;28;29
20220531.gml.geo,primary,hotspot,539,0x1.1ad4ade15c393p-10,17;28;30,17;28
20220531.gml.geo,primary,hotspot,540,0x1.fc54bbf95d1abp-11,18;28;0,18;0
20220531.gml.geo,primary,hotspot,541,0x1.fc54bbf95d1abp-11,18;28;1,18;1
20220531.gml.geo,primary,hotspot,542,0x1.fc54bbf95d1abp-11,18;28;2,18;2
20220531.gml.geo,primary,hotspot,543,0x1.fc54bbf95d1abp-11,18;28;3,18;3
20220531.gml.geo,primary,hotspot,544,0x1.fc54bbf95d1abp-11,18;28;4,18;4
20220531.gml.geo,primary,hotspot,545,0x1.fc54bbf95d1abp-11,18;28;5,18;5
20220531.gml.geo,primary,hotspot,546,0x1.fc54bbf95d1abp-11,18;28;6,18;6
20220531.gml.geo,primary,hotspot,547,0x1.fc54bbf95d1abp-11,18;28;7,18;7
20220531.gml.geo,primary,hotspot,548,0x1.fc54bbf95d1abp-11,18;28;8,18;8
20220531.gml.geo,primary,hotspot,549,0x1.fc54bbf95d1abp-11,18;28;9,18;9
20220531.gml.geo,primary,hotspot,550,0x1.fc54bbf95d1abp-11,18;28;10,18;10
20220531.gml.geo,primary,hotspot,551,0x1.fc54bbf95d1abp-11,18;28;11,18;11
20220531.gml.geo,primary,hotspot,552,0x1.fc54bbf95d1abp-11,18;28;12,18;12
20220531.gml.geo,primary,hotspot,553,0x1.fc54bbf95d1abp-11,18;28;13,18;13
20220531.gml.geo,primary,hotspot,554,0x1.fc54bbf95d1abp-11,18;28;14,18;14
20220531.gml.geo,primary,hotspot,555,0x1.fc54bbf95d1abp-11,18;28;15,18;15
20220531.gml.geo,primary,hotspot,556,0x1.fc54bbf95d1abp-11,18;28;16,18;16
20220531.gml.geo,primary,hotspot,557,0x1.fc54bbf95d1abp-11,18;28;17,18;17
20220531.gml.geo,primary,hotspot,558,0x1.fc54bbf95d1abp-11,18;28;19,18;19
20220531.gml.geo,primary,hotspot,559,0x1.fc54bbf95d1abp-11,18;28;20,18;20
20220531.gml.geo,primary,hotspot,560,0x1.fc54bbf95d1abp-11,18;28;21,18;21
20220531.gml.geo,primary,hotspot,561,0x1.fc54bbf95d1abp-11,18;28;22,18;22
20220531.gml.geo,primary,hotspot,562,0x1.fc54bbf95d1abp-11,18;28;23,18;23
20220531.gml.geo,primary,hotspot,563,0x1.fc54bbf95d1abp-11,18;28;24,18;24
20220531.gml.geo,primary,hotspot,564,0x1.fc54bbf95d1abp-11,18;28;25,18;25
20220531.gml.geo,primary,hotspot,565,0x1.fc54bbf95d1abp-11,18;28;26,18;26
20220531.gml.geo,primary,hotspot,566,0x1.fc54bbf95d1abp-11,18;28;27,18;27
20220531.gml.geo,primary,hotspot,567,0x1.0832c6bfeb565p-8,18;28,18
20220531.gml.geo,primary,hotspot,568,0x1.fc54bbf95d1abp-11,18;28;30;29,18;28;29
20220531.gml.geo,primary,hotspot,569,0x1.1ad4ade15c393p-10,18;28;30,18;28
20220531.gml.geo,primary,hotspot,570,0x1.fc54bbf95d1abp-11,19;28;0,19;0
20220531.gml.geo,primary,hotspot,571,0x1.fc54bbf95d1abp-11,19;28;1,19;1
20220531.gml.geo,primary,hotspot,572,0x1.fc54bbf95d1abp-11,19;28;2,19;2
20220531.gml.geo,primary,hotspot,573,0x1.fc54bbf95d1abp-11,19;28;3,19;3
20220531.gml.geo,primary,hotspot,574,0x1.fc54bbf95d1abp-11,19;28;4,19;4
20220531.gml.geo,primary,hotspot,575,0x1.fc54bbf95d1abp-11,19;28;5,19;5
20220531.gml.geo,primary,hotspot,576,0x1.fc54bbf95d1abp-11,19;28;6,19;6
20220531.gml.geo,primary,hotspot,577,0x1.fc54bbf95d1abp-11,19;28;7,19;7
20220531.gml.geo,primary,hotspot,578,0x1.fc54bbf95d1abp-11,19;28;8,19;8
20220531.gml.geo,primary,hotspot,579,0x1.fc54bbf95d1abp-11,19;28;9,19;9
20220531.gml.geo,primary,hotspot,580,0x1.fc54bbf95d1abp-11,19;28;10,19;10
20220531.gml.geo,primary,hotspot,581,0x1.fc54bbf95d1abp-11,19;28;11,19;11
20220531.gml.geo,primary,hotspot,582,0x1.fc54bbf95d1abp-11,19;28;12,19;12
20220531.gml.geo,primary,hotspot,583,0x1.fc54bbf95d1abp-11,19;28;13,19;13
20220531.gml.geo,primary,hotspot,584,0x1.fc54bbf95d1abp-11,19;28;14,19;14
20220531.gml.geo,primary,hotspot,585,0x1.fc54bbf95d1abp-11,19;28;15,19;15
20220531.gml.geo,primary,hotspot,586,0x1.fc54bbf95d1abp-11,19;28;16,19;16
20220531.gml.geo,primary,hotspot,587,0x1.fc54bbf95d1abp-11,19;28;17,19;17
20220531.gml.geo,primary,hotspot,588,0x1.fc54bbf95d1abp-11,19;28;18,19;18
20220531.gml.geo,primary,hotspot,589,0x1.fc54bbf95d1abp-11,19;28;20,19;20
20220531.gml.geo,primary,hotspot,590,0x1.fc54bbf95d1abp-11,19;28;21,19;21
20220531.gml.geo,primary,hotspot,591,0x1.fc54bbf95d1abp-11,19;28;22,19;22
20220531.gml.geo,primary,hotspot,592,0x1.fc54bbf95d1abp-11,19;28;23,19;23
20220531.gml.geo,primary,hotspot,593,0x1.fc54bbf95d1abp-11,19;28;24,19;24
20220531.gml.geo,primary,hotspot,594,0x1.fc54bbf95d1abp-11,19;28;25,19;25
20220531.gml.geo,primary,hotspot,595,0x1.fc54bbf95d1abp-11,19;28;26,19;26
20220531.gml.geo,primary,hotspot,596,0x1.fc54bbf95d1abp-11,19;28;27,19;27
20220531.gml.geo,primary,hotspot,597,0x1.0832c6bfeb565p-8,19;28,19
20220531.gml.geo,primary,hotspot,598,0x1.fc54bbf95d1abp-11,19;28;30;29,19;28;29
20220531.gml.geo,primary,hotspot,599,0x1.1ad4ade15c393p-10,19;28;30,19;28
20220531.gml.geo,primary,hotspot,600,0x1.fc54bbf95d1abp-11,20;28;0,20;0
20220531.gml.geo,primary,hotspot,601,0x1.fc54bbf95d1abp-11,20;28;1,20;1
20220531.gml.geo,primary,hotspot,602,0x1.fc54bbf95d1abp-11,20;28;2,20;2
20220531.gml.geo,primary,hotspot,603,0x1.fc54bbf95d1abp-11,20;28;3,20;3
20220531.gml.geo,primary,hotspot,604,0x1.fc54bbf95d1abp-11,20;28;4,20;4
20220531.gml.geo,primary,hotspot,605,0x1.fc54bbf95d1abp-11,20;28;5,20;5
20220531.gml.geo,primary,hotspot,606,0x1.fc54bbf95d1abp-11,20;28;6,20;6
20220531.gml.geo,primary,hotspot,607,0x1.fc54bbf95d1abp-11,20;28;7,20;7
20220531.gml.geo,primary,hotspot,608,0x1.fc54bbf95d1abp-11,20;28;8,20;8
20220531.gml.geo,primary,hotspot,609,0x1.fc54bbf95d1abp-11,20;28;9,20;9
20220531.gml.geo,primary,hotspot,610,0x1.fc54bbf95d1abp-11,20;28;10,20;10
20220531.gml.geo,primary,hotspot,611,0x1.fc54bbf95d1abp-11,20;28;11,20;11
20220531.gml.geo,primary,hotspot,612,0x1.fc54bbf95d1abp-11,20;28;12,20;12
20220531.gml.geo,primary,hotspot,613,0x1.fc54bbf95d1abp-11,20;28;13,20;13
20220531.gml.geo,primary,hotspot,614,0x1.fc54bbf95d1abp-11,20;28;14,20;14
20220531.gml.geo,primary,hotspot,615,0x1.fc54bbf95d1abp-11,20;28;15,20;15
20220531.gml.geo,primary,hotspot,616,0x1.fc54bbf95d1abp-11,20;28;16,20;16
20220531.gml.geo,primary,hotspot,617,0x1.fc54bbf95d1abp-11,20;28;17,20;17
20220531.gml.geo,primary,hotspot,618,0x1.fc54bbf95d1abp-11,20;28;18,20;18
20220531.gml.geo,primary,hotspot,619,0x1.fc54bbf95d1abp-11,20;28;19,20;19
20220531.gml.geo,primary,hotspot,620,0x1.fc54bbf95d1abp-11,20;28;21,20;21
20220531.gml.geo,primary,hotspot,621,0x1.fc54bbf95d1abp-11,20;28;22,20;22
20220531.gml.geo,primary,hotspot,622,0x1.fc54bbf95d1abp-11,20;28;23,20;23
20220531.gml.geo,primary,hotspot,623,0x1.fc54bbf95d1abp-11,20;28;24,20;24
20220531.gml.geo,primary,hotspot,624,0x1.fc54bbf95d1abp-11,20;28;25,20;25
20220531.gml.geo,primary,hotspot,625,0x1.fc54bbf95d1abp-11,20;28;26,20;26
20220531.gml.geo,primary,hotspot,626,0x1.fc54bbf95d1abp-11,20;28;27,20;27
20220531.gml.geo,primary,hotspot,627,0x1.0832c6bfeb565p-8,20;28,20
20220531.gml.geo,primary,hotspot,628,0x1.fc54bbf95d1abp-11,20;28;30;29,20;28;29
20220531.gml.geo,primary,hotspot,629,0x1.1ad4ade15c393p-10,20;28;30,20;28
20220531.gml.geo,primary,hotspot,630,0x1.fc54bbf95d1abp-11,21;28;0,21;0
20220531.gml.geo,primary,hotspot,631,0x1.fc54bbf95d1abp-11,21;28;1,21;1
20220531.gml.geo,primary,hotspot,632,0x1.fc54bbf95d1abp-11,21;28;2,21;2
20220531.gml.geo,primary,hotspot,633,0x1.fc54bbf95d1abp-11,21;28;3,21;3
20220531.gml.geo,primary,hotspot,634,0x1.fc54bbf95d1abp-11,21;28;4,21;4
20220531.gml.geo,primary,hotspot,635,0x1.fc54bbf95d1abp-11,21;28;5,21;5
20220531.gml.geo,primary,hotspot,636,0x1.fc54bbf95d1abp-11,21;28;6,21;6
20220531.gml.geo,primary,hotspot,637,0x1.fc54bbf95d1abp-11,21;28;7,21;7
20220531.gml.geo,primary,hotspot,638,0x1.fc54bbf95d1abp-11,21;28;8,21;8
20220531.gml.geo,primary,hotspot,639,0x1.fc54bbf95d1abp-11,21;28;9,21;9
20220531.gml.geo,primary,hotspot,640,0x1.fc54bbf95d1abp-11,21;28;10,21;10
20220531.gml.geo,primary,hotspot,641,0x1.fc54bbf95d1abp-11,21;28;11,21;11
20220531.gml.geo,primary,hotspot,642,0x1.fc54bbf95d1abp-11,21;28;12,21;12
20220531.gml.geo,primary,hotspot,643,0x1.fc54bbf95d1abp-11,21;28;13,21;13
20220531.gml.geo,primary,hotspot,644,0x1.fc54bbf95d1abp-11,21;28;14,21;14
20220531.gml.geo,primary,hotspot,645,0x1.fc54bbf95d1abp-11,21;28;15,21;15
20220531.gml.geo,primary,hotspot,646,0x1.fc54bbf95d1abp-11,21;28;16,21;16
20220531.gml.geo,primary,hotspot,647,0x1.fc54bbf95d1abp-11,21;28;17,21;17
20220531.gml.geo,primary,hotspot,648,0x1.fc54bbf95d1abp-11,21;28;18,21;18
20220531.gml.geo,primary,hotspot,649,0x1.fc54bbf95d1abp-11,21;28;19,21;19
20220531.gml.geo,primary,hotspot,650,0x1.fc54bbf95d1abp-11,21;28;20,21;20
20220531.gml.geo,primary,hotspot,651,0x1.fc54bbf95d1abp-11,21;28;22,21;22
20220531.gml.geo,primary,hotspot,652,0x1.fc54bbf95d1abp-11,21;28;23,21;23
20220531.gml.geo,primary,hotspot,653,0x1.fc54bbf95d1abp-11,21;28;24,21;24
20220531.gml.geo,primary,hotspot,654,0x1.fc54bbf95d1abp-11,21;28;25,21;25
20220531.gml.geo,primary,hotspot,655,0x1.fc54bbf95d1abp-11,21;28;26,21;26
20220531.gml.geo,primary,hotspot,656,0x1.fc54bbf95d1abp-11,21;28;27,21;27
20220531.gml.geo,primary,hotspot,657,0x1.0832c6bfeb565p-8,21;28,21
20220531.gml.geo,primary,hotspot,658,0x1.fc54bbf95d1abp-11,21;28;30;29,21;28;29
20220531.gml.geo,primary,hotspot,659,0x1.1ad4ade15c393p-10,21;28;30,21;28
20220531.gml.geo,primary,hotspot,660,0x1.fc54bbf95d1abp-11,22;28;0,22;0
20220531.gml.geo,primary,hotspot,661,0x1.fc54bbf95d1abp-11,22;28;1,22;1
20220531.gml.geo,primary,hotspot,662,0x1.fc54bbf95d1abp-11,22;28;2,22;2
20220531.gml.geo,primary,hotspot,663,0x1.fc54bbf95d1abp-11,22;28;3,22;3
20220531.gml.geo,primary,hotspot,664,0x1.fc54bbf95d1abp-11,22;28;4,22;4
20220531.gml.geo,primary,hotspot,665,0x1.fc54bbf95d1abp-11,22;28;5,22;5
20220531.gml.geo,primary,hotspot,666,0x1.fc54bbf95d1abp-11,22;28;6,22;6
20220531.gml.geo,primary,hotspot,667,0x1.fc54bbf95d1abp-11,22;28;7,22;7
20220531.gml.geo,primary,hotspot,668,0x1.fc54bbf95d1abp-11,22;28;8,22;8
20220531.gml.geo,primary,hotspot,669,0x1.fc54bbf95d1abp-11,22;28;9,22;9
20220531.gml.geo,primary,hotspot,670,0x1.fc54bbf95d1abp-11,22;28;10,22;10
20220531.gml.geo,primary,hotspot,671,0x1.fc54bbf95d1abp-11,22;28;11,22;11
20220531.gml.geo,primary,hotspot,672,0x1.fc54bbf95d1abp-11,22;28;12,22;12
20220531.gml.geo,primary,hotspot,673,0x1.fc54bbf95d1abp-11,22;28;13,22;13
20220531.gml.geo,primary,hotspot,674,0x1.fc54bbf95d1abp-11,22;28;14,22;14
20220531.gml.geo,primary,hotspot,675,0x1.fc54bbf95d1abp-11,22;28;15,22;15
20220531.gml.geo,primary,hotspot,676,0x1.fc54bbf95d1abp-11,22;28;16,22;16
20220531.gml.geo,primary,hotspot,677,0x1.fc54bbf95d1abp-11,22;28;17,22;17
20220531.gml.geo,primary,hotspot,678,0x1.fc54bbf95d1abp-11,22;28;18,22;18
20220531.gml.geo,primary,hotspot,679,0x1.fc54bbf95d1abp-11,22;28;19,22;19
20220531.gml.geo,primary,hotspot,680,0x1.fc54bbf95d1abp-11,22;28;20,22;20
20220531.gml.geo,primary,hotspot,681,0x1.fc54bbf95d1abp-11,22;28;21,22;21
20220531.gml.geo,primary,hotspot,682,0x1.fc54bbf95d1abp-11,22;28;23,22;23
20220531.gml.geo,primary,hotspot,683,0x1.fc54bbf95d1abp-11,22;28;24,22;24
20220531.gml.geo,primary,hotspot,684,0x1.fc54bbf95d1abp-11,22;28;25,22;25
20220531.gml.geo,primary,hotspot,685,0x1.fc54bbf95d1abp-11,22;28;26,22;26
20220531.gml.geo,primary,hotspot,686,0x1.fc54bbf95d1abp-11,22;28;27,22;27
20220531.gml.geo,primary,hotspot,687,0x1.0832c6bfeb565p-8,22;28,22
20220531.gml.geo,primary,hotspot,688,0x1.fc54bbf95d1abp-11,22;28;30;29,22;28;29
20220531.gml.geo,primary,hotspot,689,0x1.1ad4ade15c393p-10,22;28;30,22;28
20220531.gml.geo,primary,hotspot,690,0x1.fc54bbf95d1abp-11,23;28;0,23;0
20220531.gml.geo,primary,hotspot,691,0x1.fc54bbf95d1abp-11,23;28;1,23;1
20220531.gml.geo,primary,hotspot,692,0x1.fc54bbf95d1abp-11,23;28;2,23;2
20220531.gml.geo,primary,hotspot,693,0x1.fc54bbf95d1abp-11,23;28;3,23;3
20220531.gml.geo,primary,hotspot,694,0x1.fc54bbf95d1abp-11,23;28;4,23;4
20220531.gml.geo,primary,hotspot,695,0x1.fc54bbf95d1abp-11,23;28;5,23;5
20220531.gml.geo,primary,hotspot,696,0x1.fc54bbf95d1abp-11,23;28;6,23;6
20220531.gml.geo,primary,hotspot,697,0x1.fc54bbf95d1abp-11,23;28;7,23;7
20220531.gml.geo,primary,hotspot,698,0x1.fc54bbf95d1abp-11,23;28;8,23;8
20220531.gml.geo,primary,hotspot,699,0x1.fc54bbf95d1abp-11,23;28;9,23;9
20220531.gml.geo,primary,hotspot,700,0x1.fc54bbf95d1abp-11,23;28;10,23;10
20220531.gml.geo,primary,hotspot,701,0x1.fc54bbf95d1abp-11,23;28;11,23;11
20220531.gml.geo,primary,hotspot,702,0x1.fc54bbf95d1abp-11,23;28;12,23;12
20220531.gml.geo,primary,hotspot,703,0x1.fc54bbf95d1abp-11,23;28;13,23;13
20220531.gml.geo,primary,hotspot,704,0x1.fc54bbf95d1abp-11,23;28;14,23;14
20220531.gml.geo,primary,hotspot,705,0x1.fc54bbf95d1abp-11,23;28;15,23;15
20220531.gml.geo,primary,hotspot,706,0x1.fc54bbf95d1abp-11,23;28;16,23;16
20220531.gml.geo,primary,hotspot,707,0x1.fc54bbf95d1abp-11,23;28;17,23;17
20220531.gml.geo,primary,hotspot,708,0x1.fc54bbf95d1abp-11,23;28;18,23;18
20220531.gml.geo,primary,hotspot,709,0x1.fc54bbf95d1abp-11,23;28;19,23;19
20220531.gml.geo,primary,hotspot,710,0x1.fc54bbf95d1abp-11,23;28;20,23;20
20220531.gml.geo,primary,hotspot,711,0x1.fc54bbf95d1abp-11,23;28;21,23;21
20220531.gml.geo,primary,hotspot,712,0x1.fc54bbf95d1abp-11,23;28;22,23;22
20220531.gml.geo,primary,hotspot,713,0x1.fc54bbf95d1abp-11,23;28;24,23;24
20220531.gml.geo,primary,hotspot,714,0x1.fc54bbf95d1abp-11,23;28;25,23;25
20220531.gml.geo,primary,hotspot,715,0x1.fc54bbf95d1abp-11,23;28;26,23;26
20220531.gml.geo,primary,hotspot,716,0x1.fc54bbf95d1abp-11,23;28;27,23;27
20220531.gml.geo,primary,hotspot,717,0x1.0832c6bfeb565p-8,23;28,23
20220531.gml.geo,primary,hotspot,718,0x1.fc54bbf95d1abp-11,23;28;30;29,23;28;29
20220531.gml.geo,primary,hotspot,719,0x1.1ad4ade15c393p-10,23;28;30,23;28
20220531.gml.geo,primary,hotspot,720,0x1.fc54bbf95d1abp-11,24;28;0,24;0
20220531.gml.geo,primary,hotspot,721,0x1.fc54bbf95d1abp-11,24;28;1,24;1
20220531.gml.geo,primary,hotspot,722,0x1.fc54bbf95d1abp-11,24;28;2,24;2
20220531.gml.geo,primary,hotspot,723,0x1.fc54bbf95d1abp-11,24;28;3,24;3
20220531.gml.geo,primary,hotspot,724,0x1.fc54bbf95d1abp-11,24;28;4,24;4
20220531.gml.geo,primary,hotspot,725,0x1.fc54bbf95d1abp-11,24;28;5,24;5
20220531.gml.geo,primary,hotspot,726,0x1.fc54bbf95d1abp-11,24;28;6,24;6
20220531.gml.geo,primary,hotspot,727,0x1.fc54bbf95d1abp-11,24;28;7,24;7
20220531.gml.geo,primary,hotspot,728,0x1.fc54bbf95d1abp-11,24;28;8,24;8
20220531.gml.geo,primary,hotspot,729,0x1.fc54bbf95d1abp-11,24;28;9,24;9
20220531.gml.geo,primary,hotspot,730,0x1.fc54bbf95d1abp-11,24;28;10,24;10
20220531.gml.geo,primary,hotspot,731,0x1.fc54bbf95d1abp-11,24;28;11,24;11
20220531.gml.geo,primary,hotspot,732,0x1.fc54bbf95d1abp-11,24;28;12,24;12
20220531.gml.geo,primary,hotspot,733,0x1.fc54bbf95d1abp-11,24;28;13,24;13
20220531.gml.geo,primary,hotspot,734,0x1.fc54bbf95d1abp-11,24;28;14,24;14
20220531.gml.geo,primary,hotspot,735,0x1.fc54bbf95d1abp-11,24;28;15,24;15
20220531.gml.geo,primary,hotspot,736,0x1.fc54bbf95d1abp-11,24;28;16,24;16
20220531.gml.geo,primary,hotspot,737,0x1.fc54bbf95d1abp-11,24;28;17,24;17
20220531.gml.geo,primary,hotspot,738,0x1.fc54bbf95d1abp-11,24;28;18,24;18
20220531.gml.geo,primary,hotspot,739,0x1.fc54bbf95d1abp-11,24;28;19,24;19
20220531.gml.geo,primary,hotspot,740,0x1.fc54bbf95d1abp-11,24;28;20,24;20
20220531.gml.geo,primary,hotspot,741,0x1.fc54bbf95d1abp-11,24;28;21,24;21
20220531.gml.geo,primary,hotspot,742,0x1.fc54bbf95d1abp-11,24;28;22,24;22
20220531.gml.geo,primary,hotspot,743,0x1.fc54bbf95d1abp-11,24;28;23,24;23
20220531.gml.geo,primary,hotspot,744,0x1.fc54bbf95d1abp-11,24;28;25,24;25
20220531.gml.geo,primary,hotspot,745,0x1.fc54bbf95d1abp-11,24;28;26,24;26
20220531.gml.geo,primary,hotspot,746,0x1.fc54bbf95d1abp-11,24;28;27,24;27
20220531.gml.geo,primary,hotspot,747,0x1.0832c6bfeb565p-8,24;28,24
20220531.gml.geo,primary,hotspot,748,0x1.fc54bbf95d1abp-11,24;28;30;29,24;28;29
20220531.gml.geo,primary,hotspot,749,0x1.1ad4ade15c393p-10,24;28;30,24;28
20220531.gml.geo,primary,hotspot,750,0x1.fc54bbf95d1abp-11,25;28;0,25;0
20220531.gml.geo,primary,hotspot,751,0x1.fc54bbf95d1abp-11,25;28;1,25;1
20220531.gml.geo,primary,hotspot,752,0x1.fc54bbf95d1abp-11,25;28;2,25;2
20220531.gml.geo,primary,hotspot,753,0x1.fc54bbf95d1abp-11,25;28;3,25;3
20220531.gml.geo,primary,hotspot,754,0x1.fc54bbf95d1abp-11,25;28;4,25;4
20220531.gml.geo,primary,hotspot,755,0x1.fc54bbf95d1abp-11,25;28;5,25;5
20220531.gml.geo,primary,hotspot,756,0x1.fc54bbf95d1abp-11,25;28;6,25;6
20220531.gml.geo,primary,hotspot,757,0x1.fc54bbf95d1abp-11,25;28;7,25;7
20220531.gml.geo,primary,hotspot,758,0x1.fc54bbf95d1abp-11,25;28;8,25;8
20220531.gml.geo,primary,hotspot,759,0x1.fc54bbf95d1abp-11,25;28;9,25;9
20220531.gml.geo,primary,hotspot,760,0x1.fc54bbf95d1abp-11,25;28;10,25;10
20220531.gml.geo,primary,hotspot,761,0x1.fc54bbf95d1abp-11,25;28;11,25;11
20220531.gml.geo,primary,hotspot,762,0x1.fc54bbf95d1abp-11,25;28;12,25;12
20220531.gml.geo,primary,hotspot,763,0x1.fc54bbf95d1abp-11,25;28;13,25;13
20220531.gml.geo,primary,hotspot,764,0x1.fc54bbf95d1abp-11,25;28;14,25;14
20220531.gml.geo,primary,hotspot,765,0x1.fc54bbf95d1abp-11,25;28;15,25;15
20220531.gml.geo,primary,hotspot,766,0x1.fc54bbf95d1abp-11,25;28;16,25;16
20220531.gml.geo,primary,hotspot,767,0x1.fc54bbf95d1abp-11,25;28;17,25;17
20220531.gml.geo,primary,hotspot,768,0x1.fc54bbf95d1abp-11,25;28;18,25;18
20220531.gml.geo,primary,hotspot,769,0x1.fc54bbf95d1abp-11,25;28;19,25;19
20220531.gml.geo,primary,hotspot,770,0x1.fc54bbf95d1abp-11,25;28;20,25;20
20220531.gml.geo,primary,hotspot,771,0x1.fc54bbf95d1abp-11,25;28;21,25;21
20220531.gml.geo,primary,hotspot,772,0x1.fc54bbf95d1abp-11,25;28;22,25;22
20220531.gml.geo,primary,hotspot,773,0x1.fc54bbf95d1abp-11,25;28;23,25;23
20220531.gml.geo,primary,hotspot,774,0x1.fc54bbf95d1abp-11,25;28;24,25;24
20220531.gml.geo,primary,hotspot,775,0x1.fc54bbf95d1abp-11,25;28;26,25;26
20220531.gml.geo,primary,hotspot,776,0x1.fc54bbf95d1abp-11,25;28;27,25;27
20220531.gml.geo,primary,hotspot,777,0x1.0832c6bfeb565p-8,25;28,25
20220531.gml.geo,primary,hotspot,778,0x1.fc54bbf95d1abp-11,25;28;30;29,25;28;29
20220531.gml.geo,primary,hotspot,779,0x1.1ad4ade15c393p-10,25;28;30,25;28
20220531.gml.geo,primary,hotspot,780,0x1.fc54bbf95d1abp-11,26;28;0,26;0
20220531.gml.geo,primary,hotspot,781,0x1.fc54bbf95d1abp-11,26;28;1,26;1
20220531.gml.geo,primary,hotspot,782,0x1.fc54bbf95d1abp-11,26;28;2,26;2
20220531.gml.geo,primary,hotspot,783,0x1.fc54bbf95d1abp-11,26;28;3,26;3
20220531.gml.geo,primary,hotspot,784,0x1.fc54bbf95d1abp-11,26;28;4,26;4
20220531.gml.geo,primary,hotspot,785,0x1.fc54bbf95d1abp-11,26;28;5,26;5
20220531.gml.geo,primary,hotspot,786,0x1.fc54bbf95d1abp-11,26;28;6,26;6
20220531.gml.geo,primary,hotspot,787,0x1.fc54bbf95d1abp-11,26;28;7,26;7
20220531.gml.geo,primary,hotspot,788,0x1.fc54bbf95d1abp-11,26;28;8,26;8
20220531.gml.geo,primary,hotspot,789,0x1.fc54bbf95d1abp-11,26;28;9,26;9
20220531.gml.geo,primary,hotspot,790,0x1.fc54bbf95d1abp-11,26;28;10,26;10
20220531.gml.geo,primary,hotspot,791,0x1.fc54bbf95d1abp-11,26;28;11,26;11
20220531.gml.geo,primary,hotspot,792,0x1.fc54bbf95d1abp-11,26;28;12,26;12
20220531.gml.geo,primary,hotspot,793,0x1.fc54bbf95d1abp-11,26;28;13,26;13
20220531.gml.geo,primary,hotspot,794,0x1.fc54bbf95d1abp-11,26;28;14,26;14
20220531.gml.geo,primary,hotspot,795,0x1.fc54bbf95d1abp-11,26;28;15,26;15
20220531.gml.geo,primary,hotspot,796,0x1.fc54bbf95d1abp-11,26;28;16,26;16
20220531.gml.geo,primary,hotspot,797,0x1.fc54bbf95d1abp-11,26;28;17,26;17
20220531.gml.geo,primary,hotspot,798,0x1.fc54bbf95d1abp-11,26;28;18,26;18
20220531.gml.geo,primary,hotspot,799,0x1.fc54bbf95d1abp-11,26;28;19,26;19
20220531.gml.geo,primary,hotspot,800,0x1.fc54bbf95d1abp-11,26;28;20,26;20
20220531.gml.geo,primary,hotspot,801,0x1.fc54bbf95d1abp-11,26;28;21,26;21
20220531.gml.geo,primary,hotspot,802,0x1.fc54bbf95d1abp-11,26;28;22,26;22
20220531.gml.geo,primary,hotspot,803,0x1.fc54bbf95d1abp-11,26;28;23,26;23
20220531.gml.geo,primary,hotspot,804,0x1.fc54bbf95d1abp-11,26;28;24,26;24
20220531.gml.geo,primary,hotspot,805,0x1.fc54bbf95d1abp-11,26;28;25,26;25
20220531.gml.geo,primary,hotspot,806,0x1.fc54bbf95d1abp-11,26;28;27,26;27
20220531.gml.geo,primary,hotspot,807,0x1.0832c6bfeb565p-8,26;28,26
20220531.gml.geo,primary,hotspot,808,0x1.fc54bbf95d1abp-11,26;28;30;29,26;28;29
20220531.gml.geo,primary,hotspot,809,0x1.1ad4ade15c393p-10,26;28;30,26;28
20220531.gml.geo,primary,hotspot,810,0x1.fc54bbf95d1abp-11,27;28;0,27;0
20220531.gml.geo,primary,hotspot,811,0x1.fc54bbf95d1abp-11,27;28;1,27;1
20220531.gml.geo,primary,hotspot,812,0x1.fc54bbf95d1abp-11,27;28;2,27;2
20220531.gml.geo,primary,hotspot,813,0x1.fc54bbf95d1abp-11,27;28;3,27;3
20220531.gml.geo,primary,hotspot,814,0x1.fc54bbf95d1abp-11,27;28;4,27;4
20220531.gml.geo,primary,hotspot,815,0x1.fc54bbf95d1abp-11,27;28;5,27;5
20220531.gml.geo,primary,hotspot,816,0x1.fc54bbf95d1abp-11,27;28;6,27;6
20220531.gml.geo,primary,hotspot,817,0x1.fc54bbf95d1abp-11,27;28;7,27;7
20220531.gml.geo,primary,hotspot,818,0x1.fc54bbf95d1abp-11,27;28;8,27;8
20220531.gml.geo,primary,hotspot,819,0x1.fc54bbf95d1abp-11,27;28;9,27;9
20220531.gml.geo,primary,hotspot,820,0x1.fc54bbf95d1abp-11,27;28;10,27;10
20220531.gml.geo,primary,hotspot,821,0x1.fc54bbf95d1abp-11,27;28;11,27;11
20220531.gml.geo,primary,hotspot,822,0x1.fc54bbf95d1abp-11,27;28;12,27;12
20220531.gml.geo,primary,hotspot,823,0x1.fc54bbf95d1abp-11,27;28;13,27;13
20220531.gml.geo,primary,hotspot,824,0x1.fc54bbf95d1abp-11,27;28;14,27;14
20220531.gml.geo,primary,hotspot,825,0x1.fc54bbf95d1abp-11,27;28;15,27;15
20220531.gml.geo,primary,hotspot,826,0x1.fc54bbf95d1abp-11,27;28;16,27;16
20220531.gml.geo,primary,hotspot,827,0x1.fc54bbf95d1abp-11,27;28;17,27;17
20220531.gml.geo,primary,hotspot,828,0x1.fc54bbf95d1abp-11,27;28;18,27;18
20220531.gml.geo,primary,hotspot,829,0x1.fc54bbf95d1abp-11,27;28;19,27;19
20220531.gml.geo,primary,hotspot,830,0x1.fc54bbf95d1abp-11,27;28;20,27;20
20220531.gml.geo,primary,hotspot,831,0x1.fc54bbf95d1abp-11,27;28;21,27;21
20220531.gml.geo,primary,hotspot,832,0x1.fc54bbf95d1abp-11,27;28;22,27;22
20220531.gml.geo,primary,hotspot,833,0x1.fc54bbf95d1abp-11,27;28;23,27;23
20220531.gml.geo,primary,hotspot,834,0x1.fc54bbf95d1abp-11,27;28;24,27;24
20220531.gml.geo,primary,hotspot,835,0x1.fc54bbf95d1abp-11,27;28;25,27;25
20220531.gml.geo,primary,hotspot,836,0x1.fc54bbf95d1abp-11,27;28;26,27;26
20220531.gml.geo,primary,hotspot,837,0x1.0832c6bfeb565p-8,27;28,27
20220531.gml.geo,primary,hotspot,838,0x1.fc54bbf95d1abp-11,27;28;30;29,27;28;29
20220531.gml.geo,primary,hotspot,839,0x1.1ad4ade15c393p-10,27;28;30,27;28
20220531.gml.geo,primary,hotspot,840,0x1.180e851dcf8bbp-10,28;0,0
20220531.gml.geo,primary,hotspot,841,0x1.180e851dcf8bbp-10,28;1,1
20220531.gml.geo,primary,hotspot,842,0x1.180e851dcf8bbp-10,28;2,2
20220531.gml.geo,primary,hotspot,843,0x1.180e851dcf8bbp-10,28;3,3
20220531.gml.geo,primary,hotspot,844,0x1.180e851dcf8bbp-10,28;4,4
20220531.gml.geo,primary,hotspot,845,0x1.180e851dcf8bbp-10,28;5,5
20220531.gml.geo,primary,hotspot,846,0x1.180e851dcf8bbp-10,28;6,6
20220531.gml.geo,primary,hotspot,847,0x1.180e851dcf8bbp-10,28;7,7
20220531.gml.geo,primary,hotspot,848,0x1.180e851dcf8bbp-10,28;8,8
20220531.gml.geo,primary,hotspot,849,0x1.180e851dcf8bbp-10,28;9,9
20220531.gml.geo,primary,hotspot,850,0x1.180e851dcf8bbp-10,28;10,10
20220531.gml.geo,primary,hotspot,851,0x1.180e851dcf8bbp-10,28;11,11
20220531.gml.geo,primary,hotspot,852,0x1.180e851dcf8bbp-10,28;12,12
20220531.gml.geo,primary,hotspot,853,0x1.180e851dcf8bbp-10,28;13,13
20220531.gml.geo,primary,hotspot,854,0x1.180e851dcf8bbp-10,28;14,14
20220531.gml.geo,primary,hotspot,855,0x1.180e851dcf8bbp-10,28;15,15
20220531.gml.geo,primary,hotspot,856,0x1.180e851dcf8bbp-10,28;16,16
20220531.gml.geo,primary,hotspot,857,0x1.180e851dcf8bbp-10,28;17,17
20220531.gml.geo,primary,hotspot,858,0x1.180e851dcf8bbp-10,28;18,18
20220531.gml.geo,primary,hotspot,859,0x1.180e851dcf8bbp-10,28;19,19
20220531.gml.geo,primary,hotspot,860,0x1.180e851dcf8bbp-10,28;20,20
20220531.gml.geo,primary,hotspot,861,0x1.180e851dcf8bbp-10,28;21,21
20220531.gml.geo,primary,hotspot,862,0x1.180e851dcf8bbp-10,28;22,22
20220531.gml.geo,primary,hotspot,863,0x1.180e851dcf8bbp-10,28;23,23
20220531.gml.geo,primary,hotspot,864,0x1.180e851dcf8bbp-10,28;24,24
20220531.gml.geo,primary,hotspot,865,0x1.180e851dcf8bbp-10,28;25,25
20220531.gml.geo,primary,hotspot,866,0x1.180e851dcf8bbp-10,28;26,26
20220531.gml.geo,primary,hotspot,867,0x1.180e851dcf8bbp-10,28;27,27
20220531.gml.geo,primary,hotspot,868,0x1.180e851dcf8bbp-10,28;30;29,28;29
20220531.gml.geo,primary,hotspot,869,0x1.4e9cfc239e35ep-10,28;30,28
20220531.gml.geo,primary,hotspot,870,0x1.fc54bbf95d1abp-11,29;30;28;0,29;28;0
20220531.gml.geo,primary,hotspot,871,0x1.fc54bbf95d1abp-11,29;30;28;1,29;28;1
20220531.gml.geo,primary,hotspot,872,0x1.fc54bbf95d1abp-11,29;30;28;2,29;28;2
20220531.gml.geo,primary,hotspot,873,0x1.fc54bbf95d1abp-11,29;30;28;3,29;28;3
20220531.gml.geo,primary,hotspot,874,0x1.fc54bbf95d1abp-11,29;30;28;4,29;28;4
20220531.gml.geo,primary,hotspot,875,0x1.fc54bbf95d1abp-11,29;30;28;5,29;28;5
20220531.gml.geo,primary,hotspot,876,0x1.fc54bbf95d1abp-11,29;30;28;6,29;28;6
20220531.gml.geo,primary,hotspot,877,0x1.fc54bbf95d1abp-11,29;30;28;7,29;28;7
20220531.gml.geo,primary,hotspot,878,0x1.fc54bbf95d1abp-11,29;30;28;8,29;28;8
20220531.gml.geo,primary,hotspot,879,0x1.fc54bbf95d1abp-11,29;30;28;9,29;28;9
20220531.gml.geo,primary,hotspot,880,0x1.fc54bbf95d1abp-11,29;30;28;10,29;28;10
20220531.gml.geo,primary,hotspot,881,0x1.fc54bbf95d1abp-11,29;30;28;11,29;28;11
20220531.gml.geo,primary,hotspot,882,0x1.fc54bbf95d1abp-11,29;30;28;12,29;28;12
20220531.gml.geo,primary,hotspot,883,0x1.fc54bbf95d1abp-11,29;30;28;13,29;28;13
20220531.gml.geo,primary,hotspot,884,0x1.fc54bbf95d1abp-11,29;30;28;14,29;28;14
20220531.gml.geo,primary,hotspot,885,0x1.fc54bbf95d1abp-11,29;30;28;15,29;28;15
20220531.gml.geo,primary,hotspot,886,0x1.fc54bbf95d1abp-11,29;30;28;16,29;28;16
20220531.gml.geo,primary,hotspot,887,0x1.fc54bbf95d1abp-11,29;30;28;17,29;28;17
20220531.gml.geo,primary,hotspot,888,0x1.fc54bbf95d1abp-11,29;30;28;18,29;28;18
20220531.gml.geo,primary,hotspot,889,0x1.fc54bbf95d1abp-11,29;30;28;19,29;28;19
20220531.gml.geo,primary,hotspot,890,0x1.fc54bbf95d1abp-11,29;30;28;20,29;28;20
20220531.gml.geo,primary,hotspot,891,0x1.fc54bbf95d1abp-11,29;30;28;21,29;28;21
20220531.gml.geo,primary,hotspot,892,0x1.fc54bbf95d1abp-11,29;30;28;22,29;28;22
20220531.gml.geo,primary,hotspot,893,0x1.fc54bbf95d1abp-11,29;30;28;23,29;28;23
20220531.gml.geo,primary,hotspot,894,0x1.fc54bbf95d1abp-11,29;30;28;24,29;28;24
20220531.gml.geo,primary,hotspot,895,0x1.fc54bbf95d1abp-11,29;30;28;25,29;28;25
20220531.gml.geo,primary,hotspot,896,0x1.fc54bbf95d1abp-11,29;30;28;26,29;28;26
20220531.gml.geo,primary,hotspot,897,0x1.fc54bbf95d1abp-11,29;30;28;27,29;28;27
20220531.gml.geo,primary,hotspot,898,0x1.0832c6bfeb565p-8,29;30;28,29;28
20220531.gml.geo,primary,hotspot,899,0x1.1ad4ade15c393p-10,29;30,29
20220531.gml.geo,primary,hotspot,900,0x1.fd51c78e7d936p-11,30;28;0,28;0
20220531.gml.geo,primary,hotspot,901,0x1.fd51c78e7d936p-11,30;28;1,28;1
20220531.gml.geo,primary,hotspot,902,0x1.fd51c78e7d936p-11,30;28;2,28;2
20220531.gml.geo,primary,hotspot,903,0x1.fd51c78e7d936p-11,30;28;3,28;3
20220531.gml.geo,primary,hotspot,904,0x1.fd51c78e7d936p-11,30;28;4,28;4
20220531.gml.geo,primary,hotspot,905,0x1.fd51c78e7d936p-11,30;28;5,28;5
20220531.gml.geo,primary,hotspot,906,0x1.fd51c78e7d936p-11,30;28;6,28;6
20220531.gml.geo,primary,hotspot,907,0x1.fd51c78e7d936p-11,30;28;7,28;7
20220531.gml.geo,primary,hotspot,908,0x1.fd51c78e7d936p-11,30;28;8,28;8
20220531.gml.geo,primary,hotspot,909,0x1.fd51c78e7d936p-11,30;28;9,28;9
20220531.gml.geo,primary,hotspot,910,0x1.fd51c78e7d936p-11,30;28;10,28;10
20220531.gml.geo,primary,hotspot,911,0x1.fd51c78e7d936p-11,30;28;11,28;11
20220531.gml.geo,primary,hotspot,912,0x1.fd51c78e7d936p-11,30;28;12,28;12
20220531.gml.geo,primary,hotspot,913,0x1.fd51c78e7d936p-11,30;28;13,28;13
20220531.gml.geo,primary,hotspot,914,0x1.fd51c78e7d936p-11,30;28;14,28;14
20220531.gml.geo,primary,hotspot,915,0x1.fd51c78e7d936p-11,30;28;15,28;15
20220531.gml.geo,primary,hotspot,916,0x1.fd51c78e7d936p-11,30;28;16,28;16
20220531.gml.geo,primary,hotspot,917,0x1.fd51c78e7d936p-11,30;28;17,28;17
20220531.gml.geo,primary,hotspot,918,0x1.fd51c78e7d936p-11,30;28;18,28;18
20220531.gml.geo,primary,hotspot,919,0x1.fd51c78e7d936p-11,30;28;19,28;19
20220531.gml.geo,primary,hotspot,920,0x1.fd51c78e7d936p-11,30;28;20,28;20
20220531.gml.geo,primary,hotspot,921,0x1.fd51c78e7d936p-11,30;28;21,28;21
20220531.gml.geo,primary,hotspot,922,0x1.fd51c78e7d936p-11,30;28;22,28;22
20220531.gml.geo,primary,hotspot,923,0x1.fd51c78e7d936p-11,30;28;23,28;23
20220531.gml.geo,primary,hotspot,924,0x1.fd51c78e7d936p-11,30;28;24,28;24
20220531.gml.geo,primary,hotspot,925,0x1.fd51c78e7d936p-11,30;28;25,28;25
20220531.gml.geo,primary,hotspot,926,0x1.fd51c78e7d936p-11,30;28;26,28;26
20220531.gml.geo,primary,hotspot,927,0x1.fd51c78e7d936p-11,30;28;27,28;27
20220531.gml.geo,primary,hotspot,928,0x1.0bc810bc810bdp-8,30;28,28
20220531.gml.geo,primary,hotspot,929,0x1.fd51c78e7d936p-11,30;29,29
20220531.gml.geo,hub,uniform,0,0x1.19e0119e0119ep-10,0;30;1,1;2
20220531.gml.geo,hub,uniform,1,0x1.19e0119e0119ep-10,0;30;2,1;3
20220531.gml.geo,hub,uniform,2,0x1.19e0119e0119ep-10,0;30;3,1;4
20220531.gml.geo,hub,uniform,3,0x1.19e0119e0119ep-10,0;30;4,1;5
20220531.gml.geo,hub,uniform,4,0x1.19e0119e0119ep-10,0;5,0
20220531.gml.geo,hub,uniform,5,0x1.19e0119e0119ep-10,0;30;6,1;10
20220531.gml.geo,hub,uniform,6,0x1.19e0119e0119ep-10,0;30;7,1;11
20220531.gml.geo,hub,uniform,7,0x1.19e0119e0119ep-11,0;5;8,0;6
20220531.gml.geo,hub,uniform,8,0x1.19e0119e0119ep-11,0;30;8,1;12
20220531.gml.geo,hub,uniform,9,0x1.19e0119e0119ep-10,0;30;9,1;13
20220531.gml.geo,hub,uniform,10,0x1.19e0119e0119ep-10,0;30;10,1;14
20220531.gml.geo,hub,uniform,11,0x1.19e0119e0119ep-10,0;30;11,1;15
20220531.gml.geo,hub,uniform,12,0x1.19e0119e0119ep-10,0;30;12,1;17
20220531.gml.geo,hub,uniform,13,0x1.19e0119e0119ep-11,0;5;13,0;7
20220531.gml.geo,hub,uniform,14,0x1.19e0119e0119ep-11,0;30;13,1;18
20220531.gml.geo,hub,uniform,15,0x1.19e0119e0119ep-10,0;30;14,1;19
20220531.gml.geo,hub,uniform,16,0x1.19e0119e0119ep-10,0;30;15,1;20
20220531.gml.geo,hub,uniform,17,0x1.19e0119e0119ep-10,0;30;16,1;21
20220531.gml.geo,hub,uniform,18,0x1.19e0119e0119ep-10,0;30;17,1;22
20220531.gml.geo,hub,uniform,19,0x1.19e0119e0119ep-10,0;30;18,1;23
20220531.gml.geo,hub,uniform,20,0x1.19e0119e0119ep-10,0;30;19,1;24
20220531.gml.geo,hub,uniform,21,0x1.19e0119e0119ep-11,0;5;20,0;8
20220531.gml.geo,hub,uniform,22,0x1.19e0119e0119ep-11,0;30;20,1;26
20220531.gml.geo,hub,uniform,23,0x1.19e0119e0119ep-10,0;30;21,1;27
20220531.gml.geo,hub,uniform,24,0x1.19e0119e0119ep-10,0;30;22,1;28
20220531.gml.geo,hub,uniform,25,0x1.19e0119e0119ep-10,0;30;23,1;29
20220531.gml.geo,hub,uniform,26,0x1.19e0119e0119ep-10,0;30;24,1;30
20220531.gml.geo,hub,uniform,27,0x1.19e0119e0119ep-10,0;30;25,1;31
20220531.gml.geo,hub,uniform,28,0x1.19e0119e0119ep-10,0;30;26,1;32
20220531.gml.geo,hub,uniform,29,0x1.19e0119e0119ep-10,0;30;27,1;33
20220531.gml.geo,hub,uniform,30,0x1.19e0119e0119ep-10,0;30;28,1;34
20220531.gml.geo,hub,uniform,31,0x1.19e0119e0119ep-10,0;30;29,1;35
20220531.gml.geo,hub,uniform,32,0x1.19e0119e0119ep-10,0;30,1
20220531.gml.geo,hub,uniform,33,0x1.19e0119e0119ep-10,1;30;0,2;1
20220531.gml.geo,hub,uniform,34,0x1.19e0119e0119ep-10,1;30;2,2;3
20220531.gml.geo,hub,uniform,35,0x1.19e0119e0119ep-10,1;30;3,2;4
20220531.gml.geo,hub,uniform,36,0x1.19e0119e0119ep-10,1;30;4,2;5
20220531.gml.geo,hub,uniform,37,0x1.19e0119e0119ep-10,1;30;5,2;9
20220531.gml.geo,hub,uniform,38,0x1.19e0119e0119ep-10,1;30;6,2;10
20220531.gml.geo,hub,uniform,39,0x1.19e0119e0119ep-10,1;30;7,2;11
20220531.gml.geo,hub,uniform,40,0x1.19e0119e0119ep-10,1;30;8,2;12
20220531.gml.geo,hub,uniform,41,0x1.19e0119e0119ep-10,1;30;9,2;13
20220531.gml.geo,hub,uniform,42,0x1.19e0119e0119ep-10,1;30;10,2;14
20220531.gml.geo,hub,uniform,43,0x1.19e0119e0119ep-10,1;30;11,2;15
20220531.gml.geo,hub,uniform,44,0x1.19e0119e0119ep-10,1;30;12,2;17
20220531.gml.geo,hub,uniform,45,0x1.19e0119e0119ep-10,1;30;13,2;18
20220531.gml.geo,hub,uniform,46,0x1.19e0119e0119ep-10,1;30;14,2;19
20220531.gml.geo,hub,uniform,47,0x1.19e0119e0119ep-10,1;30;15,2;20
20220531.gml.geo,hub,uniform,48,0x1.19e0119e0119ep-10,1;30;16,2;21
20220531.gml.geo,hub,uniform,49,0x1.19e0119e0119ep-10,1;30;17,2;22
20220531.gml.geo,hub,uniform,50,0x1.19e0119e0119ep-10,1;30;18,2;23
20220531.gml.geo,hub,uniform,51,0x1.19e0119e0119ep-10,1;30;19,2;24
20220531.gml.geo,hub,uniform,52,0x1.19e0119e0119ep-10,1;30;20,2;26
20220531.gml.geo,hub,uniform,53,0x1.19e0119e0119ep-10,1;30;21,2;27
20220531.gml.geo,hub,uniform,54,0x1.19e0119e0119ep-10,1;30;22,2;28
20220531.gml.geo,hub,uniform,55,0x1.19e0119e0119ep-10,1;30;23,2;29
20220531.gml.geo,hub,uniform,56,0x1.19e0119e0119ep-10,1;30;24,2;30
20220531.gml.geo,hub,uniform,57,0x1.19e0119e0119ep-10,1;30;25,2;31
20220531.gml.geo,hub,uniform,58,0x1.19e0119e0119ep-10,1;30;26,2;32
20220531.gml.geo,hub,uniform,59,0x1.19e0119e0119ep-10,1;30;27,2;33
20220531.gml.geo,hub,uniform,60,0x1.19e0119e0119ep-10,1;30;28,2;34
20220531.gml.geo,hub,uniform,61,0x1.19e0119e0119ep-10,1;30;29,2;35
20220531.gml.geo,hub,uniform,62,0x1.19e0119e0119ep-10,1;30,2
20220531.gml.geo,hub,uniform,63,0x1.19e0119e0119ep-10,2;30;0,3;1
20220531.gml.geo,hub,uniform,64,0x1.19e0119e0119ep-10,2;30;1,3;2
20220531.gml.geo,hub,uniform,65,0x1.19e0119e0119ep-10,2;30;3,3;4
20220531.gml.geo,hub,uniform,66,0x1.19e0119e0119ep-10,2;30;4,3;5
20220531.gml.geo,hub,uniform,67,0x1.19e0119e0119ep-10,2;30;5,3;9
20220531.gml.geo,hub,uniform,68,0x1.19e0119e0119ep-10,2;30;6,3;10
20220531.gml.geo,hub,uniform,69,0x1.19e0119e0119ep-10,2;30;7,3;11
20220531.gml.geo,hub,uniform,70,0x1.19e0119e0119ep-10,2;30;8,3;12
20220531.gml.geo,hub,uniform,71,0x1.19e0119e0119ep-10,2;30;9,3;13
20220531.gml.geo,hub,uniform,72,0x1.19e0119e0119ep-10,2;30;10,3;14
20220531.gml.geo,hub,uniform,73,0x1.19e0119e0119ep-10,2;30;11,3;15
20220531.gml.geo,hub,uniform,74,0x1.19e0119e0119ep-10,2;30;12,3;17
20220531.gml.geo,hub,uniform,75,0x1.19e0119e0119ep-10,2;30;13,3;18
20220531.gml.geo,hub,uniform,76,0x1.19e0119e0119ep-10,2;30;14,3;19
20220531.gml.geo,hub,uniform,77,0x1.19e0119e0119ep-10,2;30;15,3;20
20220531.gml.geo,hub,uniform,78,0x1.19e0119e0119ep-10,2;30;16,3;21
20220531.gml.geo,hub,uniform,79,0x1.19e0119e0119ep-10,2;30;17,3;22
20220531.gml.geo,hub,uniform,80,0x1.19e0119e0119ep-10,2;30;18,3;23
20220531.gml.geo,hub,uniform,81,0x1.19e0119e0119ep-10,2;30;19,3;24
20220531.gml.geo,hub,uniform,82,0x1.19e0119e0119ep-10,2;30;20,3;26
20220531.gml.geo,hub,uniform,83,0x1.19e0119e0119ep-10,2;30;21,3;27
20220531.gml.geo,hub,uniform,84,0x1.19e0119e0119ep-10,2;30;22,3;28
20220531.gml.geo,hub,uniform,85,0x1.19e0119e0119ep-10,2;30;23,3;29
20220531.gml.geo,hub,uniform,86,0x1.19e0119e0119ep-10,2;30;24,3;30
20220531.gml.geo,hub,uniform,87,0x1.19e0119e0119ep-10,2;30;25,3;31
20220531.gml.geo,hub,uniform,88,0x1.19e0119e0119ep-10,2;30;26,3;32
20220531.gml.geo,hub,uniform,89,0x1.19e0119e0119ep-10,2;30;27,3;33
20220531.gml.geo,hub,uniform,90,0x1.19e0119e0119ep-10,2;30;28,3;34
20220531.gml.geo,hub,uniform,91,0x1.19e0119e0119ep-10,2;30;29,3;35
20220531.gml.geo,hub,uniform,92,0x1.19e0119e0119ep-10,2;30,3
20220531.gml.geo,hub,uniform,93,0x1.19e0119e0119ep-10,3;30;0,4;1
20220531.gml.geo,hub,uniform,94,0x1.19e0119e0119ep-10,3;30;1,4;2
20220531.gml.geo,hub,uniform,95,0x1.19e0119e0119ep-10,3;30;2,4;3
20220531.gml.geo,hub,uniform,96,0x1.19e0119e0119ep-10,3;30;4,4;5
20220531.gml.geo,hub,uniform,97,0x1.19e0119e0119ep-10,3;30;5,4;9
20220531.gml.geo,hub,uniform,98,0x1.19e0119e0119ep-10,3;30;6,4;10
20220531.gml.geo,hub,uniform,99,0x1.19e0119e0119ep-10,3;30;7,4;11
20220531.gml.geo,hub,uniform,100,0x1.19e0119e0119ep-10,3;30;8,4;12
20220531.gml.geo,hub,uniform,101,0x1.19e0119e0119ep-10,3;30;9,4;13
20220531.gml.geo,hub,uniform,102,0x1.19e0119e0119ep-10,3;30;10,4;14
20220531.gml.geo,hub,uniform,103,0x1.19e0119e0119ep-10,3;30;11,4;15
20220531.gml.geo,hub,uniform,104,0x1.19e0119e0119ep-10,3;30;12,4;17
20220531.gml.geo,hub,uniform,105,0x1.19e0119e0119ep-10,3;30;13,4;18
20220531.gml.geo,hub,uniform,106,0x1.19e0119e0119ep-10,3;30;14,4;19
20220531.gml.geo,hub,uniform,107,0x1.19e0119e0119ep-10,3;30;15,4;20
20220531.gml.geo,hub,uniform,108,0x1.19e0119e0119ep-10,3;30;16,4;21
20220531.gml.geo,hub,uniform,109,0x1.19e0119e0119ep-10,3;30;17,4;22
20220531.gml.geo,hub,uniform,110,0x1.19e0119e0119ep-10,3;30;18,4;23
20220531.gml.geo,hub,uniform,111,0x1.19e0119e0119ep-10,3;30;19,4;24
20220531.gml.geo,hub,uniform,112,0x1.19e0119e0119ep-10,3;30;20,4;26
20220531.gml.geo,hub,uniform,113,0x1.19e0119e0119ep-10,3;30;21,4;27
20220531.gml.geo,hub,uniform,114,0x1.19e0119e0119ep-10,3;30;22,4;28
20220531.gml.geo,hub,uniform,115,0x1.19e0119e0119ep-10,3;30;23,4;29
20220531.gml.geo,hub,uniform,116,0x1.19e0119e0119ep-10,3;30;24,4;30
20220531.gml.geo,hub,uniform,117,0x1.19e0119e0119ep-10,3;30;25,4;31
20220531.gml.geo,hub,uniform,118,0x1.19e0119e0119ep-10,3;30;26,4;32
20220531.gml.geo,hub,uniform,119,0x1.19e0119e0119ep-10,3;30;27,4;33
20220531.gml.geo,hub,uniform,120,0x1.19e0119e0119ep-10,3;30;28,4;34
20220531.gml.geo,hub,uniform,121,0x1.19e0119e0119ep-10,3;30;29,4;35
20220531.gml.geo,hub,uniform,122,0x1.19e0119e0119ep-10,3;30,4
20220531.gml.geo,hub,uniform,123,0x1.19e0119e0119ep-10,4;30;0,5;1
20220531.gml.geo,hub,uniform,124,0x1.19e0119e0119ep-10,4;30;1,5;2
20220531.gml.geo,hub,uniform,125,0x1.19e0119e0119ep-10,4;30;2,5;3
20220531.gml.geo,hub,uniform,126,0x1.19e0119e0119ep-10,4;30;3,5;4
20220531.gml.geo,hub,uniform,127,0x1.19e0119e0119ep-10,4;30;5,5;9
20220531.gml.geo,hub,uniform,128,0x1.19e0119e0119ep-10,4;30;6,5;10
20220531.gml.geo,hub,uniform,129,0x1.19e0119e0119ep-10,4;30;7,5;11
20220531.gml.geo,hub,uniform,130,0x1.19e0119e0119ep-10,4;30;8,5;12
20220531.gml.geo,hub,uniform,131,0x1.19e0119e0119ep-10,4;30;9,5;13
20220531.gml.geo,hub,uniform,132,0x1.19e0119e0119ep-10,4;30;10,5;14
20220531.gml.geo,hub,uniform,133,0x1.19e0119e0119ep-10,4;30;11,5;15
20220531.gml.geo,hub,uniform,134,0x1.19e0119e0119ep-10,4;30;12,5;17
20220531.gml.geo,hub,uniform,135,0x1.19e0119e0119ep-10,4;30;13,5;18
20220531.gml.geo,hub,uniform,136,0x1.19e0119e0119ep-10,4;30;14,5;19
20220531.gml.geo,hub,uniform,137,0x1.19e0119e0119ep-10,4;30;15,5;20
20220531.gml.geo,hub,uniform,138,0x1.19e0119e0119ep-10,4;30;16,5;21
20220531.gml.geo,hub,uniform,139,0x1.19e0119e0119ep-10,4;30;17,5;22
20220531.gml.geo,hub,uniform,140,0x1.19e0119e0119ep-10,4;30;18,5;23
20220531.gml.geo,hub,uniform,141,0x1.19e0119e0119ep-10,4;30;19,5;24
20220531.gml.geo,hub,uniform,142,0x1.19e0119e0119ep-10,4;30;20,5;26
20220531.gml.geo,hub,uniform,143,0x1.19e0119e0119ep-10,4;30;21,5;27
20220531.gml.geo,hub,uniform,144,0x1.19e0119e0119ep-10,4;30;22,5;28
20220531.gml.geo,hub,uniform,145,0x1.19e0119e0119ep-10,4;30;23,5;29
20220531.gml.geo,hub,uniform,146,0x1.19e0119e0119ep-10,4;30;24,5;30
20220531.gml.geo,hub,uniform,147,0x1.19e0119e0119ep-10,4;30;25,5;31
20220531.gml.geo,hub,uniform,148,0x1.19e0119e0119ep-10,4;30;26,5;32
20220531.gml.geo,hub,uniform,149,0x1.19e0119e0119ep-10,4;30;27,5;33
20220531.gml.geo,hub,uniform,150,0x1.19e0119e0119ep-10,4;30;28,5;34
20220531.gml.geo,hub,uniform,151,0x1.19e0119e0119ep-10,4;30;29,5;35
20220531.gml.geo,hub,uniform,152,0x1.19e0119e0119ep-10,4;30,5
20220531.gml.geo,hub,uniform,153,0x1.19e0119e0119ep-10,5;0,0
20220531.gml.geo,hub,uniform,154,0x1.19e0119e0119ep-10,5;30;1,9;2
20220531.gml.geo,hub,uniform,155,0x1.19e0119e0119ep-10,5;30;2,9;3
20220531.gml.geo,hub,uniform,156,0x1.19e0119e0119ep-10,5;30;3,9;4
20220531.gml.geo,hub,uniform,157,0x1.19e0119e0119ep-10,5;30;4,9;5
20220531.gml.geo,hub,uniform,158,0x1.19e0119e0119ep-10,5;30;6,9;10
20220531.gml.geo,hub,uniform,159,0x1.19e0119e0119ep-10,5;30;7,9;11
20220531.gml.geo,hub,uniform,160,0x1.19e0119e0119ep-10,5;8,6
20220531.gml.geo,hub,uniform,161,0x1.19e0119e0119ep-10,5;30;9,9;13
20220531.gml.geo,hub,uniform,162,0x1.19e0119e0119ep-10,5;30;10,9;14
20220531.gml.geo,hub,uniform,163,0x1.19e0119e0119ep-10,5;30;11,9;15
20220531.gml.geo,hub,uniform,164,0x1.19e0119e0119ep-11,5;20;12,8;16
20220531.gml.geo,hub,uniform,165,0x1.19e0119e0119ep-11,5;30;12,9;17
20220531.gml.geo,hub,uniform,166,0x1.19e0119e0119ep-10,5;13,7
20220531.gml.geo,hub,uniform,167,0x1.19e0119e0119ep-10,5;30;14,9;19
20220531.gml.geo,hub,uniform,168,0x1.19e0119e0119ep-10,5;30;15,9;20
20220531.gml.geo,hub,uniform,169,0x1.19e0119e0119ep-10,5;30;16,9;21
20220531.gml.geo,hub,uniform,170,0x1.19e0119e0119ep-10,5;30;17,9;22
20220531.gml.geo,hub,uniform,171,0x1.19e0119e0119ep-10,5;30;18,9;23
20220531.gml.geo,hub,uniform,172,0x1.19e0119e0119ep-10,5;30;19,9;24
20220531.gml.geo,hub,uniform,173,0x1.19e0119e0119ep-10,5;20,8
20220531.gml.geo,hub,uniform,174,0x1.19e0119e0119ep-10,5;30;21,9;27
20220531.gml.geo,hub,uniform,175,0x1.19e0119e0119ep-10,5;30;22,9;28
20220531.gml.geo,hub,uniform,176,0x1.19e0119e0119ep-10,5;30;23,9;29
20220531.gml.geo,hub,uniform,177,0x1.19e0119e0119ep-10,5;30;24,9;30
20220531.gml.geo,hub,uniform,178,0x1.19e0119e0119ep-10,5;30;25,9;31
20220531.gml.geo,hub,uniform,179,0x1.19e0119e0119ep-11,5;20;26,8;25
20220531.gml.geo,hub,uniform,180,0x1.19e0119e0119ep-11,5;30;26,9;32
20220531.gml.geo,hub,uniform,181,0x1.19e0119e0119ep-10,5;30;27,9;33
20220531.gml.geo,hub,uniform,182,0x1.19e0119e0119ep-10,5;30;28,9;34
20220531.gml.geo,hub,uniform,183,0x1.19e0119e0119ep-10,5;30;29,9;35
20220531.gml.geo,hub,uniform,184,0x1.19e0119e0119ep-10,5;30,9
20220531.gml.geo,hub,uniform,185,0x1.19e0119e0119ep-10,6;30;0,10;1
20220531.gml.geo,hub,uniform,186,0x1.19e0119e0119ep-10,6;30;1,10;2
20220531.gml.geo,hub,uniform,187,0x1.19e0119e0119ep-10,6;30;2,10;3
20220531.gml.geo,hub,uniform,188,0x1.19e0119e0119ep-10,6;30;3,10;4
20220531.gml.geo,hub,uniform,189,0x1.19e0119e0119ep-10,6;30;4,10;5
20220531.gml.geo,hub,uniform,190,0x1.19e0119e0119ep-10,6;30;5,10;9
20220531.gml.geo,hub,uniform,191,0x1.19e0119e0119ep-10,6;30;7,10;11
20220531.gml.geo,hub,uniform,192,0x1.19e0119e0119ep-10,6;30;8,10;12
20220531.gml.geo,hub,uniform,193,0x1.19e0119e0119ep-10,6;30;9,10;13
20220531.gml.geo,hub,uniform,194,0x1.19e0119e0119ep-10,6;30;10,10;14
20220531.gml.geo,hub,uniform,195,0x1.19e0119e0119ep-10,6;30;11,10;15
20220531.gml.geo,hub,uniform,196,0x1.19e0119e0119ep-10,6;30;12,10;17
20220531.gml.geo,hub,uniform,197,0x1.19e0119e0119ep-10,6;30;13,10;18
20220531.gml.geo,hub,uniform,198,0x1.19e0119e0119ep-10,6;30;14,10;19
20220531.gml.geo,hub,uniform,199,0x1.19e0119e0119ep-10,6;30;15,10;20
20220531.gml.geo,hub,uniform,200,0x1.19e0119e0119ep-10,6;30;16,10;21
20220531.gml.geo,hub,uniform,201,0x1.19e0119e0119ep-10,6;30;17,10;22
20220531.gml.geo,hub,uniform,202,0x1.19e0119e0119ep-10,6;30;18,10;23
20220531.gml.geo,hub,uniform,203,0x1.19e0119e0119ep-10,6;30;19,10;24
20220531.gml.geo,hub,uniform,204,0x1.19e0119e0119ep-10,6;30;20,10;26
20220531.gml.geo,hub,uniform,205,0x1.19e0119e0119ep-10,6;30;21,10;27
20220531.gml.geo,hub,uniform,206,0x1.19e0119e0119ep-10,6;30;22,10;28
20220531.gml.geo,hub,uniform,207,0x1.19e0119e0119ep-10,6;30;23,10;29
20220531.gml.geo,hub,uniform,208,0x1.19e0119e0119ep-10,6;30;24,10;30
20220531.gml.geo,hub,uniform,209,0x1.19e0119e0119ep-10,6;30;25,10;31
20220531.gml.geo,hub,uniform,210,0x1.19e0119e0119ep-10,6;30;26,10;32
20220531.gml.geo,hub,uniform,211,0x1.19e0119e0119ep-10,6;30;27,10;33
20220531.gml.geo,hub,uniform,212,0x1.19e0119e0119ep-10,6;30;28,10;34
20220531.gml.geo,hub,uniform,213,0x1.19e0119e0119ep-10,6;30;29,10;35
20220531.gml.geo,hub,uniform,214,0x1.19e0119e0119ep-10,6;30,10
20220531.gml.geo,hub,uniform,215,0x1.19e0119e0119ep-10,7;30;0,11;1
20220531.gml.geo,hub,uniform,216,0x1.19e0119e0119ep-10,7;30;1,11;2
20220531.gml.geo,hub,uniform,217,0x1.19e0119e0119ep-10,7;30;2,11;3
20220531.gml.geo,hub,uniform,218,0x1.19e0119e0119ep-10,7;30;3,11;4
20220531.gml.geo,hub,uniform,219,0x1.19e0119e0119ep-10,7;30;4,11;5
20220531.gml.geo,hub,uniform,220,0x1.19e0119e0119ep-10,7;30;5,11;9
20220531.gml.geo,hub,uniform,221,0x1.19e0119e0119ep-10,7;30;6,11;10
20220531.gml.geo,hub,uniform,222,0x1.19e0119e0119ep-10,7;30;8,11;12
20220531.gml.geo,hub,uniform,223,0x1.19e0119e0119ep-10,7;30;9,11;13
20220531.gml.geo,hub,uniform,224,0x1.19e0119e0119ep-10,7;30;10,11;14
20220531.gml.geo,hub,uniform,225,0x1.19e0119e0119ep-10,7;30;11,11;15
20220531.gml.geo,hub,uniform,226,0x1.19e0119e0119ep-10,7;30;12,11;17
20220531.gml.geo,hub,uniform,227,0x1.19e0119e0119ep-10,7;30;13,11;18
20220531.gml.geo,hub,uniform,228,0x1.19e0119e0119ep-10,7;30;14,11;19
20220531.gml.geo,hub,uniform,229,0x1.19e0119e0119ep-10,7;30;15,11;20
20220531.gml.geo,hub,uniform,230,0x1.19e0119e0119ep-10,7;30;16,11;21
20220531.gml.geo,hub,uniform,231,0x1.19e0119e0119ep-10,7;30;17,11;22
20220531.gml.geo,hub,uniform,232,0x1.19e0119e0119ep-10,7;30;18,11;23
20220531.gml.geo,hub,uniform,233,0x1.19e0119e0119ep-10,7;30;19,11;24
20220531.gml.geo,hub,uniform,234,0x1.19e0119e0119ep-10,7;30;20,11;26
20220531.gml.geo,hub,uniform,235,0x1.19e0119e0119ep-10,7;30;21,11;27
20220531.gml.geo,hub,uniform,236,0x1.19e0119e0119ep-10,7;30;22,11;28
20220531.gml.geo,hub,uniform,237,0x1.19e0119e0119ep-10,7;30;23,11;29
20220531.gml.geo,hub,uniform,238,0x1.19e0119e0119ep-10,7;30;24,11;30
20220531.gml.geo,hub,uniform,239,0x1.19e0119e0119ep-10,7;30;25,11;31
20220531.gml.geo,hub,uniform,240,0x1.19e0119e0119ep-10,7;30;26,11;32
20220531.gml.geo,hub,uniform,241,0x1.19e0119e0119ep-10,7;30;27,11;33
20220531.gml.geo,hub,uniform,242,0x1.19e0119e0119ep-10,7;30;28,11;34
20220531.gml.geo,hub,uniform,243,0x1.19e0119e0119ep-10,7;30;29,11;35
20220531.gml.geo,hub,uniform,244,0x1.19e0119e0119ep-10,7;30,11
20220531.gml.geo,hub,uniform,245,0x1.19e0119e0119ep-11,8;5;0,6;0
20220531.gml.geo,hub,uniform,246,0x1.19e0119e0119ep-11,8;30;0,12;1
20220531.gml.geo,hub,uniform,247,0x1.19e0119e0119ep-10,8;30;1,12;2
20220531.gml.geo,hub,uniform,248,0x1.19e0119e0119ep-10,8;30;2,12;3
20220531.gml.geo,hub,uniform,249,0x1.19e0119e0119ep-10,8;30;3,12;4
20220531.gml.geo,hub,uniform,250,0x1.19e0119e0119ep-10,8;30;4,12;5
20220531.gml.geo,hub,uniform,251,0x1.19e0119e0119ep-10,8;5,6
20220531.gml.geo,hub,uniform,252,0x1.19e0119e0119ep-10,8;30;6,12;10
20220531.gml.geo,hub,uniform,253,0x1.19e0119e0119ep-10,8;30;7,12;11
20220531.gml.geo,hub,uniform,254,0x1.19e0119e0119ep-10,8;30;9,12;13
20220531.gml.geo,hub,uniform,255,0x1.19e0119e0119ep-10,8;30;10,12;14
20220531.gml.geo,hub,uniform,256,0x1.19e0119e0119ep-10,8;30;11,12;15
20220531.gml.geo,hub,uniform,257,0x1.19e0119e0119ep-10,8;30;12,12;17
20220531.gml.geo,hub,uniform,258,0x1.19e0119e0119ep-11,8;5;13,6;7
20220531.gml.geo,hub,uniform,259,0x1.19e0119e0119ep-11,8;30;13,12;18
20220531.gml.geo,hub,uniform,260,0x1.19e0119e0119ep-10,8;30;14,12;19
20220531.gml.geo,hub,uniform,261,0x1.19e0119e0119ep-10,8;30;15,12;20
20220531.gml.geo,hub,uniform,262,0x1.19e0119e0119ep-10,8;30;16,12;21
20220531.gml.geo,hub,uniform,263,0x1.19e0119e0119ep-10,8;30;17,12;22
20220531.gml.geo,hub,uniform,264,0x1.19e0119e0119ep-10,8;30;18,12;23
20220531.gml.geo,hub,uniform,265,0x1.19e0119e0119ep-10,8;30;19,12;24
20220531.gml.geo,hub,uniform,266,0x1.19e0119e0119ep-11,8;5;20,6;8
20220531.gml.geo,hub,uniform,267,0x1.19e0119e0119ep-11,8;30;20,12;26
20220531.gml.geo,hub,uniform,268,0x1.19e0119e0119ep-10,8;30;21,12;27
20220531.gml.geo,hub,uniform,269,0x1.19e0119e0119ep-10,8;30;22,12;28
20220531.gml.geo,hub,uniform,270,0x1.19e0119e0119ep-10,8;30;23,12;29
20220531.gml.geo,hub,uniform,271,0x1.19e0119e0119ep-10,8;30;24,12;30
20220531.gml.geo,hub,uniform,272,0x1.19e0119e0119ep-10,8;30;25,12;31
20220531.gml.geo,hub,uniform,273,0x1.19e0119e0119ep-10,8;30;26,12;32
20220531.gml.geo,hub,uniform,274,0x1.19e0119e0119ep-10,8;30;27,12;33
20220531.gml.geo,hub,uniform,275,0x1.19e0119e0119ep-10,8;30;28,12;34
20220531.gml.geo,hub,uniform,276,0x1.19e0119e0119ep-10,8;30;29,12;35
20220531.gml.geo,hub,uniform,277,0x1.19e0119e0119ep-10,8;30,12
20220531.gml.geo,hub,uniform,278,0x1.19e0119e0119ep-10,9;30;0,13;1
20220531.gml.geo,hub,uniform,279,0x1.19e0119e0119ep-10,9;30;1,13;2
20220531.gml.geo,hub,uniform,280,0x1.19e0119e0119ep-10,9;30;2,13;3
20220531.gml.geo,hub,uniform,281,0x1.19e0119e0119ep-10,9;30;3,13;4
20220531.gml.geo,hub,uniform,282,0x1.19e0119e0119ep-10,9;30;4,13;5
20220531.gml.geo,hub,uniform,283,0x1.19e0119e0119ep-10,9;30;5,13;9
20220531.gml.geo,hub,uniform,284,0x1.19e0119e0119ep-10,9;30;6,13;10
20220531.gml.geo,hub,uniform,285,0x1.19e0119e0119ep-10,9;30;7,13;11
20220531.gml.geo,hub,uniform,286,0x1.19e0119e0119ep-10,9;30;8,13;12
20220531.gml.geo,hub,uniform,287,0x1.19e0119e0119ep-10,9;30;10,13;14
20220531.gml.geo,hub,uniform,288,0x1.19e0119e0119ep-10,9;30;11,13;15
20220531.gml.geo,hub,uniform,289,0x1.19e0119e0119ep-10,9;30;12,13;17
20220531.gml.geo,hub,uniform,290,0x1.19e0119e0119ep-10,9;30;13,13;18
20220531.gml.geo,hub,uniform,291,0x1.19e0119e0119ep-10,9;30;14,13;19
20220531.gml.geo,hub,uniform,292,0x1.19e0119e0119ep-10,9;30;15,13;20
20220531.gml.geo,hub,uniform,293,0x1.19e0119e0119ep-10,9;30;16,13;21
20220531.gml.geo,hub,uniform,294,0x1.19e0119e0119ep-10,9;30;17,13;22
20220531.gml.geo,hub,uniform,295,0x1.19e0119e0119ep-10,9;30;18,13;23
20220531.gml.geo,hub,uniform,296,0x1.19e0119e0119ep-10,9;30;19,13;24
20220531.gml.geo,hub,uniform,297,0x1.19e0119e0119ep-10,9;30;20,13;26
20220531.gml.geo,hub,uniform,298,0x1.19e0119e0119ep-10,9;30;21,13;27
20220531.gml.geo,hub,uniform,299,0x1.19e0119e0119ep-10,9;30;22,13;28
20220531.gml.geo,hub,uniform,300,0x1.19e0119e0119ep-10,9;30;23,13;29
20220531.gml.geo,hub,uniform,301,0x1.19e0119e0119ep-10,9;30;24,13;30
20220531.gml.geo,hub,uniform,302,0x1.19e0119e0119ep-10,9;30;25,13;31
20220531.gml.geo,hub,uniform,303,0x1.19e0119e0119ep-10,9;30;26,13;32
20220531.gml.geo,hub,uniform,304,0x1.19e0119e0119ep-10,9;30;27,13;33
20220531.gml.geo,hub,uniform,305,0x1.19e0119e0119ep-10,9;30;28,13;34
20220531.gml.geo,hub,uniform,306,0x1.19e0119e0119ep-10,9;30;29,13;35
20220531.gml.geo,hub,uniform,307,0x1.19e0119e0119ep-10,9;30,13
20220531.gml.geo,hub,uniform,308,0x1.19e0119e0119ep-10,10;30;0,14;1
20220531.gml.geo,hub,uniform,309,0x1.19e0119e0119ep-10,10;30;1,14;2
20220531.gml.geo,hub,uniform,310,0x1.19e0119e0119ep-10,10;30;2,14;3
20220531.gml.geo,hub,uniform,311,0x1.19e0119e0119ep-10,10;30;3,14;4
20220531.gml.geo,hub,uniform,312,0x1.19e0119e0119ep-10,10;30;4,14;5
20220531.gml.geo,hub,uniform,313,0x1.19e0119e0119ep-10,10;30;5,14;9
20220531.gml.geo,hub,uniform,314,0x1.19e0119e0119ep-10,10;30;6,14;10
20220531.gml.geo,hub,uniform,315,0x1.19e0119e0119ep-10,10;30;7,14;11
20220531.gml.geo,hub,uniform,316,0x1.19e0119e0119ep-10,10;30;8,14;12
20220531.gml.geo,hub,uniform,317,0x1.19e0119e0119ep-10,10;30;9,14;13
20220531.gml.geo,hub,uniform,318,0x1.19e0119e0119ep-10,10;30;11,14;15
20220531.gml.geo,hub,uniform,319,0x1.19e0119e0119ep-10,10;30;12,14;17
20220531.gml.geo,hub,uniform,320,0x1.19e0119e0119ep-10,10;30;13,14;18
20220531.gml.geo,hub,uniform,321,0x1.19e0119e0119ep-10,10;30;14,14;19
20220531.gml.geo,hub,uniform,322,0x1.19e0119e0119ep-10,10;30;15,14;20
20220531.gml.geo,hub,uniform,323,0x1.19e0119e0119ep-10,10;30;16,14;21
20220531.gml.geo,hub,uniform,324,0x1.19e0119e0119ep-10,10;30;17,14;22
20220531.gml.geo,hub,uniform,325,0x1.19e0119e0119ep-10,10;30;18,14;23
20220531.gml.geo,hub,uniform,326,0x1.19e0119e0119ep-10,10;30;19,14;24
20220531.gml.geo,hub,uniform,327,0x1.19e0119e0119ep-10,10;30;20,14;26
20220531.gml.geo,hub,uniform,328,0x1.19e0119e0119ep-10,10;30;21,14;27
20220531.gml.geo,hub,uniform,329,0x1.19e0119e0119ep-10,10;30;22,14;28
20220531.gml.geo,hub,uniform,330,0x1.19e0119e0119ep-10,10;30;23,14;29
20220531.gml.geo,hub,uniform,331,0x1.19e0119e0119ep-10,10;30;24,14;30
20220531.gml.geo,hub,uniform,332,0x1.19e0119e0119ep-10,10;30;25,14;31
20220531.gml.geo,hub,uniform,333,0x1.19e0119e0119ep-10,10;30;26,14;32
20220531.gml.geo,hub,uniform,334,0x1.19e0119e0119ep-10,10;30;27,14;33
20220531.gml.geo,hub,uniform,335,0x1.19e0119e0119ep-10,10;30;28,14;34
20220531.gml.geo,hub,uniform,336,0x1.19e0119e0119ep-10,10;30;29,14;35
20220531.gml.geo,hub,uniform,337,0x1.19e0119e0119ep-10,10;30,14
20220531.gml.geo,hub,uniform,338,0x1.19e0119e0119ep-10,11;30;0,15;1
20220531.gml.geo,hub,uniform,339,0x1.19e0119e0119ep-10,11;30;1,15;2
20220531.gml.geo,hub,uniform,340,0x1.19e0119e0119ep-10,11;30;2,15;3
20220531.gml.geo,hub,uniform,341,0x1.19e0119e0119ep-10,11;30;3,15;4
20220531.gml.geo,hub,uniform,342,0x1.19e0119e0119ep-10,11;30;4,15;5
20220531.gml.geo,hub,uniform,343,0x1.19e0119e0119ep-10,11;30;5,15;9
20220531.gml.geo,hub,uniform,344,0x1.19e0119e0119ep-10,11;30;6,15;10
20220531.gml.geo,hub,uniform,345,0x1.19e0119e0119ep-10,11;30;7,15;11
20220531.gml.geo,hub,uniform,346,0x1.19e0119e0119ep-10,11;30;8,15;12
20220531.gml.geo,hub,uniform,347,0x1.19e0119e0119ep-10,11;30;9,15;13
20220531.gml.geo,hub,uniform,348,0x1.19e0119e0119ep-10,11;30;10,15;14
20220531.gml.geo,hub,uniform,349,0x1.19e0119e0119ep-10,11;30;12,15;17
20220531.gml.geo,hub,uniform,350,0x1.19e0119e0119ep-10,11;30;13,15;18
20220531.gml.geo,hub,uniform,351,0x1.19e0119e0119ep-10,11;30;14,15;19
20220531.gml.geo,hub,uniform,352,0x1.19e0119e0119ep-10,11;30;15,15;20
20220531.gml.geo,hub,uniform,353,0x1.19e0119e0119ep-10,11;30;16,15;21
20220531.gml.geo,hub,uniform,354,0x1.19e0119e0119ep-10,11;30;17,15;22
20220531.gml.geo,hub,uniform,355,0x1.19e0119e0119ep-10,11;30;18,15;23
20220531.gml.geo,hub,uniform,356,0x1.19e0119e0119ep-10,11;30;19,15;24
20220531.gml.geo,hub,uniform,357,0x1.19e0119e0119ep-10,11;30;20,15;26
20220531.gml.geo,hub,uniform,358,0x1.19e0119e0119ep-10,11;30;21,15;27
20220531.gml.geo,hub,uniform,359,0x1.19e0119e0119ep-10,11;30;22,15;28
20220531.gml.geo,hub,uniform,360,0x1.19e0119e0119ep-10,11;30;23,15;29
20220531.gml.geo,hub,uniform,361,0x1.19e0119e0119ep-10,11;30;24,15;30
20220531.gml.geo,hub,uniform,362,0x1.19e0119e0119ep-10,11;30;25,15;31
20220531.gml.geo,hub,uniform,363,0x1.19e0119e0119ep-10,11;30;26,15;32
20220531.gml.geo,hub,uniform,364,0x1.19e0119e0119ep-10,11;30;27,15;33
20220531.gml.geo,hub,uniform,365,0x1.19e0119e0119ep-10,11;30;28,15;34
20220531.gml.geo,hub,uniform,366,0x1.19e0119e0119ep-10,11;30;29,15;35
20220531.gml.geo,hub,uniform,367,0x1.19e0119e0119ep-10,11;30,15
20220531.gml.geo,hub,uniform,368,0x1.19e0119e0119ep-10,12;30;0,17;1
20220531.gml.geo,hub,uniform,369,0x1.19e0119e0119ep-10,12;30;1,17;2
20220531.gml.geo,hub,uniform,370,0x1.19e0119e0119ep-10,12;30;2,17;3
20220531.gml.geo,hub,uniform,371,0x1.19e0119e0119ep-10,12;30;3,17;4
20220531.gml.geo,hub,uniform,372,0x1.19e0119e0119ep-10,12;30;4,17;5
20220531.gml.geo,hub,uniform,373,0x1.19e0119e0119ep-11,12;20;5,16;8
20220531.gml.geo,hub,uniform,374,0x1.19e0119e0119ep-11,12;30;5,17;9
20220531.gml.geo,hub,uniform,375,0x1.19e0119e0119ep-10,12;30;6,17;10
20220531.gml.geo,hub,uniform,376,0x1.19e0119e0119ep-10,12;30;7,17;11
20220531.gml.geo,hub,uniform,377,0x1.19e0119e0119ep-10,12;30;8,17;12
20220531.gml.geo,hub,uniform,378,0x1.19e0119e0119ep-10,12;30;9,17;13
20220531.gml.geo,hub,uniform,379,0x1.19e0119e0119ep-10,12;30;10,17;14
20220531.gml.geo,hub,uniform,380,0x1.19e0119e0119ep-10,12;30;11,17;15
20220531.gml.geo,hub,uniform,381,0x1.19e0119e0119ep-10,12;30;13,17;18
20220531.gml.geo,hub,uniform,382,0x1.19e0119e0119ep-10,12;30;14,17;19
20220531.gml.geo,hub,uniform,383,0x1.19e0119e0119ep-10,12;30;15,17;20
20220531.gml.geo,hub,uniform,384,0x1.19e0119e0119ep-10,12;30;16,17;21
20220531.gml.geo,hub,uniform,385,0x1.19e0119e0119ep-10,12;30;17,17;22
20220531.gml.geo,hub,uniform,386,0x1.19e0119e0119ep-10,12;30;18,17;23
20220531.gml.geo,hub,uniform,387,0x1.19e0119e0119ep-10,12;30;19,17;24
20220531.gml.geo,hub,uniform,388,0x1.19e0119e0119ep-10,12;20,16
20220531.gml.geo,hub,uniform,389,0x1.19e0119e0119ep-10,12;30;21,17;27
20220531.gml.geo,hub,uniform,390,0x1.19e0119e0119ep-10,12;30;22,17;28
20220531.gml.geo,hub,uniform,391,0x1.19e0119e0119ep-10,12;30;23,17;29
20220531.gml.geo,hub,uniform,392,0x1.19e0119e0119ep-10,12;30;24,17;30
20220531.gml.geo,hub,uniform,393,0x1.19e0119e0119ep-10,12;30;25,17;31
20220531.gml.geo,hub,uniform,394,0x1.19e0119e0119ep-11,12;20;26,16;25
20220531.gml.geo,hub,uniform,395,0x1.19e0119e0119ep-11,12;30;26,17;32
20220531.gml.geo,hub,uniform,396,0x1.19e0119e0119ep-10,12;30;27,17;33
20220531.gml.geo,hub,uniform,397,0x1.19e0119e0119ep-10,12;30;28,17;34
20220531.gml.geo,hub,uniform,398,0x1.19e0119e0119ep-10,12;30;29,17;35
20220531.gml.geo,hub,uniform,399,0x1.19e0119e0119ep-10,12;30,17
20220531.gml.geo,hub,uniform,400,0x1.19e0119e0119ep-11,13;5;0,7;0
20220531.gml.geo,hub,uniform,401,0x1.19e0119e0119ep-11,13;30;0,18;1
20220531.gml.geo,hub,uniform,402,0x1.19e0119e0119ep-10,13;30;1,18;2
20220531.gml.geo,hub,uniform,403,0x1.19e0119e0119ep-10,13;30;2,18;3
20220531.gml.geo,hub,uniform,404,0x1.19e0119e0119ep-10,13;30;3,18;4
20220531.gml.geo,hub,uniform,405,0x1.19e0119e0119ep-10,13;30;4,18;5
20220531.gml.geo,hub,uniform,406,0x1.19e0119e0119ep-10,13;5,7
20220531.gml.geo,hub,uniform,407,0x1.19e0119e0119ep-10,13;30;6,18;10
20220531.gml.geo,hub,uniform,408,0x1.19e0119e0119ep-10,13;30;7,18;11
20220531.gml.geo,hub,uniform,409,0x1.19e0119e0119ep-11,13;5;8,7;6
20220531.gml.geo,hub,uniform,410,0x1.19e0119e0119ep-11,13;30;8,18;12
20220531.gml.geo,hub,uniform,411,0x1.19e0119e0119ep-10,13;30;9,18;13
20220531.gml.geo,hub,uniform,412,0x1.19e0119e0119ep-10,13;30;10,18;14
20220531.gml.geo,hub,uniform,413,0x1.19e0119e0119ep-10,13;30;11,18;15
20220531.gml.geo,hub,uniform,414,0x1.19e0119e0119ep-10,13;30;12,18;17
20220531.gml.geo,hub,uniform,415,0x1.19e0119e0119ep-10,13;30;14,18;19
20220531.gml.geo,hub,uniform,416,0x1.19e0119e0119ep-10,13;30;15,18;20
20220531.gml.geo,hub,uniform,417,0x1.19e0119e0119ep-10,13;30;16,18;21
20220531.gml.geo,hub,uniform,418,0x1.19e0119e0119ep-10,13;30;17,18;22
20220531.gml.geo,hub,uniform,419,0x1.19e0119e0119ep-10,13;30;18,18;23
20220531.gml.geo,hub,uniform,420,0x1.19e0119e0119ep-10,13;30;19,18;24
20220531.gml.geo,hub,uniform,421,0x1.19e0119e0119ep-11,13;5;20,7;8
20220531.gml.geo,hub,uniform,422,0x1.19e0119e0119ep-11,13;30;20,18;26
20220531.gml.geo,hub,uniform,423,0x1.19e0119e0119ep-10,13;30;21,18;27
20220531.gml.geo,hub,uniform,424,0x1.19e0119e0119ep-10,13;30;22,18;28
20220531.gml.geo,hub,uniform,425,0x1.19e0119e0119ep-10,13;30;23,18;29
20220531.gml.geo,hub,uniform,426,0x1.19e0119e0119ep-10,13;30;24,18;30
20220531.gml.geo,hub,uniform,427,0x1.19e0119e0119ep-10,13;30;25,18;31
20220531.gml.geo,hub,uniform,428,0x1.19e0119e0119ep-10,13;30;26,18;32
20220531.gml.geo,hub,uniform,429,0x1.19e0119e0119ep-10,13;30;27,18;33
20220531.gml.geo,hub,uniform,430,0x1.19e0119e0119ep-10,13;30;28,18;34
20220531.gml.geo,hub,uniform,431,0x1.19e0119e0119ep-10,13;30;29,18;35
20220531.gml.geo,hub,uniform,432,0x1.19e0119e0119ep-10,13;30,18
20220531.gml.geo,hub,uniform,433,0x1.19e0119e0119ep-10,14;30;0,19;1
20220531.gml.geo,hub,uniform,434,0x1.19e0119e0119ep-10,14;30;1,19;2
20220531.gml.geo,hub,uniform,435,0x1.19e0119e0119ep-10,14;30;2,19;3
20220531.gml.geo,hub,uniform,436,0x1.19e0119e0119ep-10,14;30;3,19;4
20220531.gml.geo,hub,uniform,437,0x1.19e0119e0119ep-10,14;30;4,19;5
20220531.gml.geo,hub,uniform,438,0x1.19e0119e0119ep-10,14;30;5,19;9
20220531.gml.geo,hub,uniform,439,0x1.19e0119e0119ep-10,14;30;6,19;10
20220531.gml.geo,hub,uniform,440,0x1.19e0119e0119ep-10,14;30;7,19;11
20220531.gml.geo,hub,uniform,441,0x1.19e0119e0119ep-10,14;30;8,19;12
20220531.gml.geo,hub,uniform,442,0x1.19e0119e0119ep-10,14;30;9,19;13
20220531.gml.geo,hub,uniform,443,0x1.19e0119e0119ep-10,14;30;10,19;14
20220531.gml.geo,hub,uniform,444,0x1.19e0119e0119ep-10,14;30;11,19;15
20220531.gml.geo,hub,uniform,445,0x1.19e0119e0119ep-10,14;30;12,19;17
20220531.gml.geo,hub,uniform,446,0x1.19e0119e0119ep-10,14;30;13,19;18
20220531.gml.geo,hub,uniform,447,0x1.19e0119e0119ep-10,14;30;15,19;20
20220531.gml.geo,hub,uniform,448,0x1.19e0119e0119ep-10,14;30;16,19;21
20220531.gml.geo,hub,uniform,449,0x1.19e0119e0119ep-10,14;30;17,19;22
20220531.gml.geo,hub,uniform,450,0x1.19e0119e0119ep-10,14;30;18,19;23
20220531.gml.geo,hub,uniform,451,0x1.19e0119e0119ep-10,14;30;19,19;24
20220531.gml.geo,hub,uniform,452,0x1.19e0119e0119ep-10,14;30;20,19;26
20220531.gml.geo,hub,uniform,453,0x1.19e0119e0119ep-10,14;30;21,19;27
20220531.gml.geo,hub,uniform,454,0x1.19e0119e0119ep-10,14;30;22,19;28
20220531.gml.geo,hub,uniform,455,0x1.19e0119e0119ep-10,14;30;23,19;29
20220531.gml.geo,hub,uniform,456,0x1.19e0119e0119ep-10,14;30;24,19;30
20220531.gml.geo,hub,uniform,457,0x1.19e0119e0119ep-10,14;30;25,19;31
20220531.gml.geo,hub,uniform,458,0x1.19e0119e0119ep-10,14;30;26,19;32
20220531.gml.geo,hub,uniform,459,0x1.19e0119e0119ep-10,14;30;27,19;33
20220531.gml.geo,hub,uniform,460,0x1.19e0119e0119ep-10,14;30;28,19;34
20220531.gml.geo,hub,uniform,461,0x1.19e0119e0119ep-10,14;30;29,19;35
20220531.gml.geo,hub,uniform,462,0x1.19e0119e0119ep-10,14;30,19
20220531.gml.geo,hub,uniform,463,0x1.19e0119e0119ep-10,15;30;0,20;1
20220531.gml.geo,hub,uniform,464,0x1.19e0119e0119ep-10,15;30;1,20;2
20220531.gml.geo,hub,uniform,465,0x1.19e0119e0119ep-10,15;30;2,20;3
20220531.gml.geo,hub,uniform,466,0x1.19e0119e0119ep-10,15;30;3,20;4
20220531.gml.geo,hub,uniform,467,0x1.19e0119e0119ep-10,15;30;4,20;5
20220531.gml.geo,hub,uniform,468,0x1.19e0119e0119ep-10,15;30;5,20;9
20220531.gml.geo,hub,uniform,469,0x1.19e0119e0119ep-10,15;30;6,20;10
20220531.gml.geo,hub,uniform,470,0x1.19e0119e0119ep-10,15;30;7,20;11
20220531.gml.geo,hub,uniform,471,0x1.19e0119e0119ep-10,15;30;8,20;12
20220531.gml.geo,hub,uniform,472,0x1.19e0119e0119ep-10,15;30;9,20;13
20220531.gml.geo,hub,uniform,473,0x1.19e0119e0119ep-10,15;30;10,20;14
20220531.gml.geo,hub,uniform,474,0x1.19e0119e0119ep-10,15;30;11,20;15
20220531.gml.geo,hub,uniform,475,0x1.19e0119e0119ep-10,15;30;12,20;17
20220531.gml.geo,hub,uniform,476,0x1.19e0119e0119ep-10,15;30;13,20;18
20220531.gml.geo,hub,uniform,477,0x1.19e0119e0119ep-10,15;30;14,20;19
20220531.gml.geo,hub,uniform,478,0x1.19e0119e0119ep-10,15;30;16,20;21
20220531.gml.geo,hub,uniform,479,0x1.19e0119e0119ep-10,15;30;17,20;22
20220531.gml.geo,hub,uniform,480,0x1.19e0119e0119ep-10,15;30;18,20;23
20220531.gml.geo,hub,uniform,481,0x1.19e0119e0119ep-10,15;30;19,20;24
20220531.gml.geo,hub,uniform,482,0x1.19e0119e0119ep-10,15;30;20,20;26
20220531.gml.geo,hub,uniform,483,0x1.19e0119e0119ep-10,15;30;21,20;27
20220531.gml.geo,hub,uniform,484,0x1.19e0119e0119ep-10,15;30;22,20;28
20220531.gml.geo,hub,uniform,485,0x1.19e0119e0119ep-10,15;30;23,20;29
20220531.gml.geo,hub,uniform,486,0x1.19e0119e0119ep-10,15;30;24,20;30
20220531.gml.geo,hub,uniform,487,0x1.19e0119e0119ep-10,15;30;25,20;31
20220531.gml.geo,hub,uniform,488,0x1.19e0119e0119ep-10,15;30;26,20;32
20220531.gml.geo,hub,uniform,489,0x1.19e0119e0119ep-10,15;30;27,20;33
20220531.gml.geo,hub,uniform,490,0x1.19e0119e0119ep-10,15;30;28,20;34
20220531.gml.geo,hub,uniform,491,0x1.19e0119e0119ep-10,15;30;29,20;35
20220531.gml.geo,hub,uniform,492,0x1.19e0119e0119ep-10,15;30,20
20220531.gml.geo,hub,uniform,493,0x1.19e0119e0119ep-10,16;30;0,21;1
20220531.gml.geo,hub,uniform,494,0x1.19e0119e0119ep-10,16;30;1,21;2
20220531.gml.geo,hub,uniform,495,0x1.19e0119e0119ep-10,16;30;2,21;3
20220531.gml.geo,hub,uniform,496,0x1.19e0119e0119ep-10,16;30;3,21;4
20220531.gml.geo,hub,uniform,497,0x1.19e0119e0119ep-10,16;30;4,21;5
20220531.gml.geo,hub,uniform,498,0x1.19e0119e0119ep-10,16;30;5,21;9
20220531.gml.geo,hub,uniform,499,0x1.19e0119e0119ep-10,16;30;6,21;10
20220531.gml.geo,hub,uniform,500,0x1.19e0119e0119ep-10,16;30;7,21;11
20220531.gml.geo,hub,uniform,501,0x1.19e0119e0119ep-10,16;30;8,21;12
20220531.gml.geo,hub,uniform,502,0x1.19e0119e0119ep-10,16;30;9,21;13
20220531.gml.geo,hub,uniform,503,0x1.19e0119e0119ep-10,16;30;10,21;14
20220531.gml.geo,hub,uniform,504,0x1.19e0119e0119ep-10,16;30;11,21;15
20220531.gml.geo,hub,uniform,505,0x1.19e0119e0119ep-10,16;30;12,21;17
20220531.gml.geo,hub,uniform,506,0x1.19e0119e0119ep-10,16;30;13,21;18
20220531.gml.geo,hub,uniform,507,0x1.19e0119e0119ep-10,16;30;14,21;19
20220531.gml.geo,hub,uniform,508,0x1.19e0119e0119ep-10,16;30;15,21;20
20220531.gml.geo,hub,uniform,509,0x1.19e0119e0119ep-10,16;30;17,21;22
20220531.gml.geo,hub,uniform,510,0x1.19e0119e0119ep-10,16;30;18,21;23
20220531.gml.geo,hub,uniform,511,0x1.19e0119e0119ep-10,16;30;19,21;24
20220531.gml.geo,hub,uniform,512,0x1.19e0119e0119ep-10,16;30;20,21;26
20220531.gml.geo,hub,uniform,513,0x1.19e0119e0119ep-10,16;30;21,21;27
20220531.gml.geo,hub,uniform,514,0x1.19e0119e0119ep-10,16;30;22,21;28
20220531.gml.geo,hub,uniform,515,0x1.19e0119e0119ep-10,16;30;23,21;29
20220531.gml.geo,hub,uniform,516,0x1.19e0119e0119ep-10,16;30;24,21;30
20220531.gml.geo,hub,uniform,517,0x1.19e0119e0119ep-10,16;30;25,21;31
20220531.gml.geo,hub,uniform,518,0x1.19e0119e0119ep-10,16;30;26,21;32
20220531.gml.geo,hub,uniform,519,0x1.19e0119e0119ep-10,16;30;27,21;33
20220531.gml.geo,hub,uniform,520,0x1.19e0119e0119ep-10,16;30;28,21;34
20220531.gml.geo,hub,uniform,521,0x1.19e0119e0119ep-10,16;30;29,21;35
20220531.gml.geo,hub,uniform,522,0x1.19e0119e0119ep-10,16;30,21
20220531.gml.geo,hub,uniform,523,0x1.19e0119e0119ep-10,17;30;0,22;1
20220531.gml.geo,hub,uniform,524,0x1.19e0119e0119ep-10,17;30;1,22;2
20220531.gml.geo,hub,uniform,525,0x1.19e0119e0119ep-10,17;30;2,22;3
20220531.gml.geo,hub,uniform,526,0x1.19e0119e0119ep-10,17;30;3,22;4
20220531.gml.geo,hub,uniform,527,0x1.19e0119e0119ep-10,17;30;4,22;5
20220531.gml.geo,hub,uniform,528,0x1.19e0119e0119ep-10,17;30;5,22;9
20220531.gml.geo,hub,uniform,529,0x1.19e0119e0119ep-10,17;30;6,22;10
20220531.gml.geo,hub,uniform,530,0x1.19e0119e0119ep-10,17;30;7,22;11
20220531.gml.geo,hub,uniform,531,0x1.19e0119e0119ep-10,17;30;8,22;12
20220531.gml.geo,hub,uniform,532,0x1.19e0119e0119ep-10,17;30;9,22;13
20220531.gml.geo,hub,uniform,533,0x1.19e0119e0119ep-10,17;30;10,22;14
20220531.gml.geo,hub,uniform,534,0x1.19e0119e0119ep-10,17;30;11,22;15
20220531.gml.geo,hub,uniform,535,0x1.19e0119e0119ep-10,17;30;12,22;17
20220531.gml.geo,hub,uniform,536,0x1.19e0119e0119ep-10,17;30;13,22;18
20220531.gml.geo,hub,uniform,537,0x1.19e0119e0119ep-10,17;30;14,22;19
20220531.gml.geo,hub,uniform,538,0x1.19e0119e0119ep-10,17;30;15,22;20
20220531.gml.geo,hub,uniform,539,0x1.19e0119e0119ep-10,17;30;16,22;21
20220531.gml.geo,hub,uniform,540,0x1.19e0119e0119ep-10,17;30;18,22;23
20220531.gml.geo,hub,uniform,541,0x1.19e0119e0119ep-10,17;30;19,22;24
20220531.gml.geo,hub,uniform,542,0x1.19e0119e0119ep-10,17;30;20,22;26
20220531.gml.geo,hub,uniform,543,0x1.19e0119e0119ep-10,17;30;21,22;27
20220531.gml.geo,hub,uniform,544,0x1.19e0119e0119ep-10,17;30;22,22;28
20220531.gml.geo,hub,uniform,545,0x1.19e0119e0119ep-10,17;30;23,22;29
20220531.gml.geo,hub,uniform,546,0x1.19e0119e0119ep-10,17;30;24,22;30
20220531.gml.geo,hub,uniform,547,0x1.19e0119e0119ep-10,17;30;25,22;31
20220531.gml.geo,hub,uniform,548,0x1.19e0119e0119ep-10,17;30;26,22;32
20220531.gml.geo,hub,uniform,549,0x1.19e0119e0119ep-10,17;30;27,22;33
20220531.gml.geo,hub,uniform,550,0x1.19e0119e0119ep-10,17;30;28,22;34
20220531.gml.geo,hub,uniform,551,0x1.19e0119e0119ep-10,17;30;29,22;35
20220531.gml.geo,hub,uniform,552,0x1.19e0119e0119ep-10,17;30,22
20220531.gml.geo,hub,uniform,553,0x1.19e0119e0119ep-10,18;30;0,23;1
20220531.gml.geo,hub,uniform,554,0x1.19e0119e0119ep-10,18;30;1,23;2
20220531.gml.geo,hub,uniform,555,0x1.19e0119e0119ep-10,18;30;2,23;3
20220531.gml.geo,hub,uniform,556,0x1.19e0119e0119ep-10,18;30;3,23;4
20220531.gml.geo,hub,uniform,557,0x1.19e0119e0119ep-10,18;30;4,23;5
20220531.gml.geo,hub,uniform,558,0x1.19e0119e0119ep-10,18;30;5,23;9
20220531.gml.geo,hub,uniform,559,0x1.19e0119e0119ep-10,18;30;6,23;10
20220531.gml.geo,hub,uniform,560,0x1.19e0119e0119ep-10,18;30;7,23;11
20220531.gml.geo,hub,uniform,561,0x1.19e0119e0119ep-10,18;30;8,23;12
20220531.gml.geo,hub,uniform,562,0x1.19e0119e0119ep-10,18;30;9,23;13
20220531.gml.geo,hub,uniform,563,0x1.19e0119e0119ep-10,18;30;10,23;14
20220531.gml.geo,hub,uniform,564,0x1.19e0119e0119ep-10,18;30;11,23;15
20220531.gml.geo,hub,uniform,565,0x1.19e0119e0119ep-10,18;30;12,23;17
20220531.gml.geo,hub,uniform,566,0x1.19e0119e0119ep-10,18;30;13,23;18
20220531.gml.geo,hub,uniform,567,0x1.19e0119e0119ep-10,18;30;14,23;19
20220531.gml.geo,hub,uniform,568,0x1.19e0119e0119ep-10,18;30;15,23;20
20220531.gml.geo,hub,uniform,569,0x1.19e0119e0119ep-10,18;30;16,23;21
20220531.gml.geo,hub,uniform,570,0x1.19e0119e0119ep-10,18;30;17,23;22
20220531.gml.geo,hub,uniform,571,0x1.19e0119e0119ep-10,18;30;19,23;24
20220531.gml.geo,hub,uniform,572,0x1.19e0119e0119ep-10,18;30;20,23;26
20220531.gml.geo,hub,uniform,573,0x1.19e0119e0119ep-10,18;30;21,23;27
20220531.gml.geo,hub,uniform,574,0x1.19e0119e0119ep-10,18;30;22,23;28
20220531.gml.geo,hub,uniform,575,0x1.19e0119e0119ep-10,18;30;23,23;29
20220531.gml.geo,hub,uniform,576,0x1.19e0119e0119ep-10,18;30;24,23;30
20220531.gml.geo,hub,uniform,577,0x1.19e0119e0119ep-10,18;30;25,23;31
20220531.gml.geo,hub,uniform,578,0x1.19e0119e0119ep-10,18;30;26,23;32
20220531.gml.geo,hub,uniform,579,0x1.19e0119e0119ep-10,18;30;27,23;33
20220531.gml.geo,hub,uniform,580,0x1.19e0119e0119ep-10,18;30;28,23;34
20220531.gml.geo,hub,uniform,581,0x1.19e0119e0119ep-10,18;30;29,23;35
20220531.gml.geo,hub,uniform,582,0x1.19e0119e0119ep-10,18;30,23
20220531.gml.geo,hub,uniform,583,0x1.19e0119e0119ep-10,19;30;0,24;1
20220531.gml.geo,hub,uniform,584,0x1.19e0119e0119ep-10,19;30;1,24;2
20220531.gml.geo,hub,uniform,585,0x1.19e0119e0119ep-10,19;30;2,24;3
20220531.gml.geo,hub,uniform,586,0x1.19e0119e0119ep-10,19;30;3,24;4
20220531.gml.geo,hub,uniform,587,0x1.19e0119e0119ep-10,19;30;4,24;5
20220531.gml.geo,hub,uniform,588,0x1.19e0119e0119ep-10,19;30;5,24;9
20220531.gml.geo,hub,uniform,589,0x1.19e0119e0119ep-10,19;30;6,24;10
20220531.gml.geo,hub,uniform,590,0x1.19e0119e0119ep-10,19;30;7,24;11
20220531.gml.geo,hub,uniform,591,0x1.19e0119e0119ep-10,19;30;8,24;12
20220531.gml.geo,hub,uniform,592,0x1.19e0119e0119ep-10,19;30;9,24;13
20220531.gml.geo,hub,uniform,593,0x1.19e0119e0119ep-10,19;30;10,24;14
20220531.gml.geo,hub,uniform,594,0x1.19e0119e0119ep-10,19;30;11,24;15
20220531.gml.geo,hub,uniform,595,0x1.19e0119e0119ep-10,19;30;12,24;17
20220531.gml.geo,hub,uniform,596,0x1.19e0119e0119ep-10,19;30;13,24;18
20220531.gml.geo,hub,uniform,597,0x1.19e0119e0119ep-10,19;30;14,24;19
20220531.gml.geo,hub,uniform,598,0x1.19e0119e0119ep-10,19;30;15,24;20
20220531.gml.geo,hub,uniform,599,0x1.19e0119e0119ep-10,19;30;16,24;21
20220531.gml.geo,hub,uniform,600,0x1.19e0119e0119ep-10,19;30;17,24;22
20220531.gml.geo,hub,uniform,601,0x1.19e0119e0119ep-10,19;30;18,24;23
20220531.gml.geo,hub,uniform,602,0x1.19e0119e0119ep-10,19;30;20,24;26
20220531.gml.geo,hub,uniform,603,0x1.19e0119e0119ep-10,19;30;21,24;27
20220531.gml.geo,hub,uniform,604,0x1.19e0119e0119ep-10,19;30;22,24;28
20220531.gml.geo,hub,uniform,605,0x1.19e0119e0119ep-10,19;30;23,24;29
20220531.gml.geo,hub,uniform,606,0x1.19e0119e0119ep-10,19;30;24,24;30
20220531.gml.geo,hub,uniform,607,0x1.19e0119e0119ep-10,19;30;25,24;31
20220531.gml.geo,hub,uniform,608,0x1.19e0119e0119ep-10,19;30;26,24;32
20220531.gml.geo,hub,uniform,609,0x1.19e0119e0119ep-10,19;30;27,24;33
20220531.gml.geo,hub,uniform,610,0x1.19e0119e0119ep-10,19;30;28,24;34
20220531.gml.geo,hub,uniform,611,0x1.19e0119e0119ep-10,19;30;29,24;35
20220531.gml.geo,hub,uniform,612,0x1.19e0119e0119ep-10,19;30,24
20220531.gml.geo,hub,uniform,613,0x1.19e0119e0119ep-11,20;5;0,8;0
20220531.gml.geo,hub,uniform,614,0x1.19e0119e0119ep-11,20;30;0,26;1
20220531.gml.geo,hub,uniform,615,0x1.19e0119e0119ep-10,20;30;1,26;2
20220531.gml.geo,hub,uniform,616,0x1.19e0119e0119ep-10,20;30;2,26;3
20220531.gml.geo,hub,uniform,617,0x1.19e0119e0119ep-10,20;30;3,26;4
20220531.gml.geo,hub,uniform,618,0x1.19e0119e0119ep-10,20;30;4,26;5
20220531.gml.geo,hub,uniform,619,0x1.19e0119e0119ep-10,20;5,8
20220531.gml.geo,hub,uniform,620,0x1.19e0119e0119ep-10,20;30;6,26;10
20220531.gml.geo,hub,uniform,621,0x1.19e0119e0119ep-10,20;30;7,26;11
20220531.gml.geo,hub,uniform,622,0x1.19e0119e0119ep-11,20;5;8,8;6
20220531.gml.geo,hub,uniform,623,0x1.19e0119e0119ep-11,20;30;8,26;12
20220531.gml.geo,hub,uniform,624,0x1.19e0119e0119ep-10,20;30;9,26;13
20220531.gml.geo,hub,uniform,625,0x1.19e0119e0119ep-10,20;30;10,26;14
20220531.gml.geo,hub,uniform,626,0x1.19e0119e0119ep-10,20;30;11,26;15
20220531.gml.geo,hub,uniform,627,0x1.19e0119e0119ep-10,20;12,16
20220531.gml.geo,hub,uniform,628,0x1.19e0119e0119ep-11,20;5;13,8;7
20220531.gml.geo,hub,uniform,629,0x1.19e0119e0119ep-11,20;30;13,26;18
20220531.gml.geo,hub,uniform,630,0x1.19e0119e0119ep-10,20;30;14,26;19
20220531.gml.geo,hub,uniform,631,0x1.19e0119e0119ep-10,20;30;15,26;20
20220531.gml.geo,hub,uniform,632,0x1.19e0119e0119ep-10,20;30;16,26;21
20220531.gml.geo,hub,uniform,633,0x1.19e0119e0119ep-10,20;30;17,26;22
20220531.gml.geo,hub,uniform,634,0x1.19e0119e0119ep-10,20;30;18,26;23
20220531.gml.geo,hub,uniform,635,0x1.19e0119e0119ep-10,20;30;19,26;24
20220531.gml.geo,hub,uniform,636,0x1.19e0119e0119ep-10,20;30;21,26;27
20220531.gml.geo,hub,uniform,637,0x1.19e0119e0119ep-10,20;30;22,26;28
20220531.gml.geo,hub,uniform,638,0x1.19e0119e0119ep-10,20;30;23,26;29
20220531.gml.geo,hub,uniform,639,0x1.19e0119e0119ep-10,20;30;24,26;30
20220531.gml.geo,hub,uniform,640,0x1.19e0119e0119ep-10,20;30;25,26;31
20220531.gml.geo,hub,uniform,641,0x1.19e0119e0119ep-10,20;26,25
20220531.gml.geo,hub,uniform,642,0x1.19e0119e0119ep-10,20;30;27,26;33
20220531.gml.geo,hub,uniform,643,0x1.19e0119e0119ep-10,20;30;28,26;34
20220531.gml.geo,hub,uniform,644,0x1.19e0119e0119ep-10,20;30;29,26;35
20220531.gml.geo,hub,uniform,645,0x1.19e0119e0119ep-10,20;30,26
20220531.gml.geo,hub,uniform,646,0x1.19e0119e0119ep-10,21;30;0,27;1
20220531.gml.geo,hub,uniform,647,0x1.19e0119e0119ep-10,21;30;1,27;2
20220531.gml.geo,hub,uniform,648,0x1.19e0119e0119ep-10,21;30;2,27;3
20220531.gml.geo,hub,uniform,649,0x1.19e0119e0119ep-10,21;30;3,27;4
20220531.gml.geo,hub,uniform,650,0x1.19e0119e0119ep-10,21;30;4,27;5
20220531.gml.geo,hub,uniform,651,0x1.19e0119e0119ep-10,21;30;5,27;9
20220531.gml.geo,hub,uniform,652,0x1.19e0119e0119ep-10,21;30;6,27;10
20220531.gml.geo,hub,uniform,653,0x1.19e0119e0119ep-10,21;30;7,27;11
20220531.gml.geo,hub,uniform,654,0x1.19e0119e0119ep-10,21;30;8,27;12
20220531.gml.geo,hub,uniform,655,0x1.19e0119e0119ep-10,21;30;9,27;13
20220531.gml.geo,hub,uniform,656,0x1.19e0119e0119ep-10,21;30;10,27;14
20220531.gml.geo,hub,uniform,657,0x1.19e0119e0119ep-10,21;30;11,27;15
20220531.gml.geo,hub,uniform,658,0x1.19e0119e0119ep-10,21;30;12,27;17
20220531.gml.geo,hub,uniform,659,0x1.19e0119e0119ep-10,21;30;13,27;18
20220531.gml.geo,hub,uniform,660,0x1.19e0119e0119ep-10,21;30;14,27;19
20220531.gml.geo,hub,uniform,661,0x1.19e0119e0119ep-10,21;30;15,27;20
20220531.gml.geo,hub,uniform,662,0x1.19e0119e0119ep-10,21;30;16,27;21
20220531.gml.geo,hub,uniform,663,0x1.19e0119e0119ep-10,21;30;17,27;22
20220531.gml.geo,hub,uniform,664,0x1.19e0119e0119ep-10,21;30;18,27;23
20220531.gml.geo,hub,uniform,665,0x1.19e0119e0119ep-10,21;30;19,27;24
20220531.gml.geo,hub,uniform,666,0x1.19e0119e0119ep-10,21;30;20,27;26
20220531.gml.geo,hub,uniform,667,0x1.19e0119e0119ep-10,21;30;22,27;28
20220531.gml.geo,hub,uniform,668,0x1.19e0119e0119ep-10,21;30;23,27;29
20220531.gml.geo,hub,uniform,669,0x1.19e0119e0119ep-10,21;30;24,27;30
20220531.gml.geo,hub,uniform,670,0x1.19e0119e0119ep-10,21;30;25,27;31
20220531.gml.geo,hub,uniform,671,0x1.19e0119e0119ep-10,21;30;26,27;32
20220531.gml.geo,hub,uniform,672,0x1.19e0119e0119ep-10,21;30;27,27;33
20220531.gml.geo,hub,uniform,673,0x1.19e0119e0119ep-10,21;30;28,27;34
20220531.gml.geo,hub,uniform,674,0x1.19e0119e0119ep-10,21;30;29,27;35
20220531.gml.geo,hub,uniform,675,0x1.19e0119e0119ep-10,21;30,27
20220531.gml.geo,hub,uniform,676,0x1.19e0119e0119ep-10,22;30;0,28;1
20220531.gml.geo,hub,uniform,677,0x1.19e0119e0119ep-10,22;30;1,28;2
20220531.gml.geo,hub,uniform,678,0x1.19e0119e0119ep-10,22;30;2,28;3
20220531.gml.geo,hub,uniform,679,0x1.19e0119e0119ep-10,22;30;3,28;4
20220531.gml.geo,hub,uniform,680,0x1.19e0119e0119ep-10,22;30;4,28;5
20220531.gml.geo,hub,uniform,681,0x1.19e0119e0119ep-10,22;30;5,28;9
20220531.gml.geo,hub,uniform,682,0x1.19e0119e0119ep-10,22;30;6,28;10
20220531.gml.geo,hub,uniform,683,0x1.19e0119e0119ep-10,22;30;7,28;11
20220531.gml.geo,hub,uniform,684,0x1.19e0119e0119ep-10,22;30;8,28;12
20220531.gml.geo,hub,uniform,685,0x1.19e0119e0119ep-10,22;30;9,28;13
20220531.gml.geo,hub,uniform,686,0x1.19e0119e0119ep-10,22;30;10,28;14
20220531.gml.geo,hub,uniform,687,0x1.19e0119e0119ep-10,22;30;11,28;15
20220531.gml.geo,hub,uniform,688,0x1.19e0119e0119ep-10,22;30;12,28;17
20220531.gml.geo,hub,uniform,689,0x1.19e0119e0119ep-10,22;30;13,28;18
20220531.gml.geo,hub,uniform,690,0x1.19e0119e0119ep-10,22;30;14,28;19
20220531.gml.geo,hub,uniform,691,0x1.19e0119e0119ep-10,22;30;15,28;20
20220531.gml.geo,hub,uniform,692,0x1.19e0119e0119ep-10,22;30;16,28;21
20220531.gml.geo,hub,uniform,693,0x1.19e0119e0119ep-10,22;30;17,28;22
20220531.gml.geo,hub,uniform,694,0x1.19e0119e0119ep-10,22;30;18,28;23
20220531.gml.geo,hub,uniform,695,0x1.19e0119e0119ep-10,22;30;19,28;24
20220531.gml.geo,hub,uniform,696,0x1.19e0119e0119ep-10,22;30;20,28;26
20220531.gml.geo,hub,uniform,697,0x1.19e0119e0119ep-10,22;30;21,28;27
20220531.gml.geo,hub,uniform,698,0x1.19e0119e0119ep-10,22;30;23,28;29
20220531.gml.geo,hub,uniform,699,0x1.19e0119e0119ep-10,22;30;24,28;30
20220531.gml.geo,hub,uniform,700,0x1.19e0119e0119ep-10,22;30;25,28;31
20220531.gml.geo,hub,uniform,701,0x1.19e0119e0119ep-10,22;30;26,28;32
20220531.gml.geo,hub,uniform,702,0x1.19e0119e0119ep-10,22;30;27,28;33
20220531.gml.geo,hub,uniform,703,0x1.19e0119e0119ep-10,22;30;28,28;34
20220531.gml.geo,hub,uniform,704,0x1.19e0119e0119ep-10,22;30;29,28;35
20220531.gml.geo,hub,uniform,705,0x1.19e0119e0119ep-10,22;30,28
20220531.gml.geo,hub,uniform,706,0x1.19e0119e0119ep-10,23;30;0,29;1
20220531.gml.geo,hub,uniform,707,0x1.19e0119e0119ep-10,23;30;1,29;2
20220531.gml.geo,hub,uniform,708,0x1.19e0119e0119ep-10,23;30;2,29;3
20220531.gml.geo,hub,uniform,709,0x1.19e0119e0119ep-10,23;30;3,29;4
20220531.gml.geo,hub,uniform,710,0x1.19e0119e0119ep-10,23;30;4,29;5
20220531.gml.geo,hub,uniform,711,0x1.19e0119e0119ep-10,23;30;5,29;9
20220531.gml.geo,hub,uniform,712,0x1.19e0119e0119ep-10,23;30;6,29;10
20220531.gml.geo,hub,uniform,713,0x1.19e0119e0119ep-10,23;30;7,29;11
20220531.gml.geo,hub,uniform,714,0x1.19e0119e0119ep-10,23;30;8,29;12
20220531.gml.geo,hub,uniform,715,0x1.19e0119e0119ep-10,23;30;9,29;13
20220531.gml.geo,hub,uniform,716,0x1.19e0119e0119ep-10,23;30;10,29;14
20220531.gml.geo,hub,uniform,717,0x1.19e0119e0119ep-10,23;30;11,29;15
20220531.gml.geo,hub,uniform,718,0x1.19e0119e0119ep-10,23;30;12,29;17
20220531.gml.geo,hub,uniform,719,0x1.19e0119e0119ep-10,23;30;13,29;18
20220531.gml.geo,hub,uniform,720,0x1.19e0119e0119ep-10,23;30;14,29;19
20220531.gml.geo,hub,uniform,721,0x1.19e0119e0119ep-10,23;30;15,29;20
20220531.gml.geo,hub,uniform,722,0x1.19e0119e0119ep-10,23;30;16,29;21
20220531.gml.geo,hub,uniform,723,0x1.19e0119e0119ep-10,23;30;17,29;22
20220531.gml.geo,hub,uniform,724,0x1.19e0119e0119ep-10,23;30;18,29;23
20220531.gml.geo,hub,uniform,725,0x1.19e0119e0119ep-10,23;30;19,29;24
20220531.gml.geo,hub,uniform,726,0x1.19e0119e0119ep-10,23;30;20,29;26
20220531.gml.geo,hub,uniform,727,0x1.19e0119e0119ep-10,23;30;21,29;27
20220531.gml.geo,hub,uniform,728,0x1.19e0119e0119ep-10,23;30;22,29;28
20220531.gml.geo,hub,uniform,729,0x1.19e0119e0119ep-10,23;30;24,29;30
20220531.gml.geo,hub,uniform,730,0x1.19e0119e0119ep-10,23;30;25,29;31
20220531.gml.geo,hub,uniform,731,0x1.19e0119e0119ep-10,23;30;26,29;32
20220531.gml.geo,hub,uniform,732,0x1.19e0119e0119ep-10,23;30;27,29;33
20220531.gml.geo,hub,uniform,733,0x1.19e0119e0119ep-10,23;30;28,29;34
20220531.gml.geo,hub,uniform,734,0x1.19e0119e0119ep-10,23;30;29,29;35
20220531.gml.geo,hub,uniform,735,0x1.19e0119e0119ep-10,23;30,29
20220531.gml.geo,hub,uniform,736,0x1.19e0119e0119ep-10,24;30;0,30;1
20220531.gml.geo,hub,uniform,737,0x1.19e0119e0119ep-10,24;30;1,30;2
20220531.gml.geo,hub,uniform,738,0x1.19e0119e0119ep-10,24;30;2,30;3
20220531.gml.geo,hub,uniform,739,0x1.19e0119e0119ep-10,24;30;3,30;4
20220531.gml.geo,hub,uniform,740,0x1.19e0119e0119ep-10,24;30;4,30;5
20220531.gml.geo,hub,uniform,741,0x1.19e0119e0119ep-10,24;30;5,30;9
20220531.gml.geo,hub,uniform,742,0x1.19e0119e0119ep-10,24;30;6,30;10
20220531.gml.geo,hub,uniform,743,0x1.19e0119e0119ep-10,24;30;7,30;11
20220531.gml.geo,hub,uniform,744,0x1.19e0119e0119ep-10,24;30;8,30;12
20220531.gml.geo,hub,uniform,745,0x1.19e0119e0119ep-10,24;30;9,30;13
20220531.gml.geo,hub,uniform,746,0x1.19e0119e0119ep-10,24;30;10,30;14
20220531.gml.geo,hub,uniform,747,0x1.19e0119e0119ep-10,24;30;11,30;15
20220531.gml.geo,hub,uniform,748,0x1.19e0119e0119ep-10,24;30;12,30;17
20220531.gml.geo,hub,uniform,749,0x1.19e0119e0119ep-10,24;30;13,30;18
20220531.gml.geo,hub,uniform,750,0x1.19e0119e0119ep-10,24;30;14,30;19
20220531.gml.geo,hub,uniform,751,0x1.19e0119e0119ep-10,24;30;15,30;20
20220531.gml.geo,hub,uniform,752,0x1.19e0119e0119ep-10,24;30;16,30;21
20220531.gml.geo,hub,uniform,753,0x1.19e0119e0119ep-10,24;30;17,30;22
20220531.gml.geo,hub,uniform,754,0x1.19e0119e0119ep-10,24;30;18,30;23
20220531.gml.geo,hub,uniform,755,0x1.19e0119e0119ep-10,24;30;19,30;24
20220531.gml.geo,hub,uniform,756,0x1.19e0119e0119ep-10,24;30;20,30;26
20220531.gml.geo,hub,uniform,757,0x1.19e0119e0119ep-10,24;30;21,30;27
20220531.gml.geo,hub,uniform,758,0x1.19e0119e0119ep-10,24;30;22,30;28
20220531.gml.geo,hub,uniform,759,0x1.19e0119e0119ep-10,24;30;23,30;29
20220531.gml.geo,hub,uniform,760,0x1.19e0119e0119ep-10,24;30;25,30;31
20220531.gml.geo,hub,uniform,761,0x1.19e0119e0119ep-10,24;30;26,30;32
20220531.gml.geo,hub,uniform,762,0x1.19e0119e0119ep-10,24;30;27,30;33
20220531.gml.geo,hub,uniform,763,0x1.19e0119e0119ep-10,24;30;28,30;34
20220531.gml.geo,hub,uniform,764,0x1.19e0119e0119ep-10,24;30;29,30;35
20220531.gml.geo,hub,uniform,765,0x1.19e0119e0119ep-10,24;30,30
20220531.gml.geo,hub,uniform,766,0x1.19e0119e0119ep-10,25;30;0,31;1
20220531.gml.geo,hub,uniform,767,0x1.19e0119e0119ep-10,25;30;1,31;2
20220531.gml.geo,hub,uniform,768,0x1.19e0119e0119ep-10,25;30;2,31;3
20220531.gml.geo,hub,uniform,769,0x1.19e0119e0119ep-10,25;30;3,31;4
20220531.gml.geo,hub,uniform,770,0x1.19e0119e0119ep-10,25;30;4,31;5
20220531.gml.geo,hub,uniform,771,0x1.19e0119e0119ep-10,25;30;5,31;9
20220531.gml.geo,hub,uniform,772,0x1.19e0119e0119ep-10,25;30;6,31;10
20220531.gml.geo,hub,uniform,773,0x1.19e0119e0119ep-10,25;30;7,31;11
20220531.gml.geo,hub,uniform,774,0x1.19e0119e0119ep-10,25;30;8,31;12
20220531.gml.geo,hub,uniform,775,0x1.19e0119e0119ep-10,25;30;9,31;13
20220531.gml.geo,hub,uniform,776,0x1.19e0119e0119ep-10,25;30;10,31;14
20220531.gml.geo,hub,uniform,777,0x1.19e0119e0119ep-10,25;30;11,31;15
20220531.gml.geo,hub,uniform,778,0x1.19e0119e0119ep-10,25;30;12,31;17
20220531.gml.geo,hub,uniform,779,0x1.19e0119e0119ep-10,25;30;13,31;18
20220531.gml.geo,hub,uniform,780,0x1.19e0119e0119ep-10,25;30;14,31;19
20220531.gml.geo,hub,uniform,781,0x1.19e0119e0119ep-10,25;30;15,31;20
20220531.gml.geo,hub,uniform,782,0x1.19e0119e0119ep-10,25;30;16,31;21
20220531.gml.geo,hub,uniform,783,0x1.19e0119e0119ep-10,25;30;17,31;22
20220531.gml.geo,hub,uniform,784,0x1.19e0119e0119ep-10,25;30;18,31;23
20220531.gml.geo,hub,uniform,785,0x1.19e0119e0119ep-10,25;30;19,31;24
20220531.gml.geo,hub,uniform,786,0x1.19e0119e0119ep-10,25;30;20,31;26
20220531.gml.geo,hub,uniform,787,0x1.19e0119e0119ep-10,25;30;21,31;27
20220531.gml.geo,hub,uniform,788,0x1.19e0119e0119ep-10,25;30;22,31;28
20220531.gml.geo,hub,uniform,789,0x1.19e0119e0119ep-10,25;30;23,31;29
20220531.gml.geo,hub,uniform,790,0x1.19e0119e0119ep-10,25;30;24,31;30
20220531.gml.geo,hub,uniform,791,0x1.19e0119e0119ep-10,25;30;26,31;32
20220531.gml.geo,hub,uniform,792,0x1.19e0119e0119ep-10,25;30;27,31;33
20220531.gml.geo,hub,uniform,793,0x1.19e0119e0119ep-10,25;30;28,31;34
20220531.gml.geo,hub,uniform,794,0x1.19e0119e0119ep-10,25;30;29,31;35
20220531.gml.geo,hub,uniform,795,0x1.19e0119e0119ep-10,25;30,31
20220531.gml.geo,hub,uniform,796,0x1.19e0119e0119ep-10,26;30;0,32;1
20220531.gml.geo,hub,uniform,797,0x1.19e0119e0119ep-10,26;30;1,32;2
20220531.gml.geo,hub,uniform,798,0x1.19e0119e0119ep-10,26;30;2,32;3
20220531.gml.geo,hub,uniform,799,0x1.19e0119e0119ep-10,26;30;3,32;4
20220531.gml.geo,hub,uniform,800,0x1.19e0119e0119ep-10,26;30;4,32;5
20220531.gml.geo,hub,uniform,801,0x1.19e0119e0119ep-11,26;20;5,25;8
20220531.gml.geo,hub,uniform,802,0x1.19e0119e0119ep-11,26;30;5,32;9
20220531.gml.geo,hub,uniform,803,0x1.19e0119e0119ep-10,26;30;6,32;10
20220531.gml.geo,hub,uniform,804,0x1.19e0119e0119ep-10,26;30;7,32;11
20220531.gml.geo,hub,uniform,805,0x1.19e0119e0119ep-10,26;30;8,32;12
20220531.gml.geo,hub,uniform,806,0x1.19e0119e0119ep-10,26;30;9,32;13
20220531.gml.geo,hub,uniform,807,0x1.19e0119e0119ep-10,26;30;10,32;14
20220531.gml.geo,hub,uniform,808,0x1.19e0119e0119ep-10,26;30;11,32;15
20220531.gml.geo,hub,uniform,809,0x1.19e0119e0119ep-11,26;20;12,25;16
20220531.gml.geo,hub,uniform,810,0x1.19e0119e0119ep-11,26;30;12,32;17
20220531.gml.geo,hub,uniform,811,0x1.19e0119e0119ep-10,26;30;13,32;18
20220531.gml.geo,hub,uniform,812,0x1.19e0119e0119ep-10,26;30;14,32;19
20220531.gml.geo,hub,uniform,813,0x1.19e0119e0119ep-10,26;30;15,32;20
20220531.gml.geo,hub,uniform,814,0x1.19e0119e0119ep-10,26;30;16,32;21
20220531.gml.geo,hub,uniform,815,0x1.19e0119e0119ep-10,26;30;17,32;22
20220531.gml.geo,hub,uniform,816,0x1.19e0119e0119ep-10,26;30;18,32;23
20220531.gml.geo,hub,uniform,817,0x1.19e0119e0119ep-10,26;30;19,32;24
20220531.gml.geo,hub,uniform,818,0x1.19e0119e0119ep-10,26;20,25
20220531.gml.geo,hub,uniform,819,0x1.19e0119e0119ep-10,26;30;21,32;27
20220531.gml.geo,hub,uniform,820,0x1.19e0119e0119ep-10,26;30;22,32;28
20220531.gml.geo,hub,uniform,821,0x1.19e0119e0119ep-10,26;30;23,32;29
20220531.gml.geo,hub,uniform,822,0x1.19e0119e0119ep-10,26;30;24,32;30
20220531.gml.geo,hub,uniform,823,0x1.19e0119e0119ep-10,26;30;25,32;31
20220531.gml.geo,hub,uniform,824,0x1.19e0119e0119ep-10,26;30;27,32;33
20220531.gml.geo,hub,uniform,825,0x1.19e0119e0119ep-10,26;30;28,32;34
20220531.gml.geo,hub,uniform,826,0x1.19e0119e0119ep-10,26;30;29,32;35
20220531.gml.geo,hub,uniform,827,0x1.19e0119e0119ep-10,26;30,32
20220531.gml.geo,hub,uniform,828,0x1.19e0119e0119ep-10,27;30;0,33;1
20220531.gml.geo,hub,uniform,829,0x1.19e0119e0119ep-10,27;30;1,33;2
20220531.gml.geo,hub,uniform,830,0x1.19e0119e0119ep-10,27;30;2,33;3
20220531.gml.geo,hub,uniform,831,0x1.19e0119e0119ep-10,27;30;3,33;4
20220531.gml.geo,hub,uniform,832,0x1.19e0119e0119ep-10,27;30;4,33;5
20220531.gml.geo,hub,uniform,833,0x1.19e0119e0119ep-10,27;30;5,33;9
20220531.gml.geo,hub,uniform,834,0x1.19e0119e0119ep-10,27;30;6,33;10
20220531.gml.geo,hub,uniform,835,0x1.19e0119e0119ep-10,27;30;7,33;11
20220531.gml.geo,hub,uniform,836,0x1.19e0119e0119ep-10,27;30;8,33;12
20220531.gml.geo,hub,uniform,837,0x1.19e0119e0119ep-10,27;30;9,33;13
20220531.gml.geo,hub,uniform,838,0x1.19e0119e0119ep-10,27;30;10,33;14
20220531.gml.geo,hub,uniform,839,0x1.19e0119e0119ep-10,27;30;11,33;15
20220531.gml.geo,hub,uniform,840,0x1.19e0119e0119ep-10,27;30;12,33;17
20220531.gml.geo,hub,uniform,841,0x1.19e0119e0119ep-10,27;30;13,33;18
20220531.gml.geo,hub,uniform,842,0x1.19e0119e0119ep-10,27;30;14,33;19
20220531.gml.geo,hub,uniform,843,0x1.19e0119e0119ep-10,27;30;15,33;20
20220531.gml.geo,hub,uniform,844,0x1.19e0119e0119ep-10,27;30;16,33;21
20220531.gml.geo,hub,uniform,845,0x1.19e0119e0119ep-10,27;30;17,33;22
20220531.gml.geo,hub,uniform,846,0x1.19e0119e0119ep-10,27;30;18,33;23
20220531.gml.geo,hub,uniform,847,0x1.19e0119e0119ep-10,27;30;19,33;24
20220531.gml.geo,hub,uniform,848,0x1.19e0119e0119ep-10,27;30;20,33;26
20220531.gml.geo,hub,uniform,849,0x1.19e0119e0119ep-10,27;30;21,33;27
20220531.gml.geo,hub,uniform,850,0x1.19e0119e0119ep-10,27;30;22,33;28
20220531.gml.geo,hub,uniform,851,0x1.19e0119e0119ep-10,27;30;23,33;29
20220531.gml.geo,hub,uniform,852,0x1.19e0119e0119ep-10,27;30;24,33;30
20220531.gml.geo,hub,uniform,853,0x1.19e0119e0119ep-10,27;30;25,33;31
20220531.gml.geo,hub,uniform,854,0x1.19e0119e0119ep-10,27;30;26,33;32
20220531.gml.geo,hub,uniform,855,0x1.19e0119e0119ep-10,27;30;28,33;34
20220531.gml.geo,hub,uniform,856,0x1.19e0119e0119ep-10,27;30;29,33;35
20220531.gml.geo,hub,uniform,857,0x1.19e0119e0119ep-10,27;30,33
20220531.gml.geo,hub,uniform,858,0x1.19e0119e0119ep-10,28;30;0,34;1
20220531.gml.geo,hub,uniform,859,0x1.19e0119e0119ep-10,28;30;1,34;2
20220531.gml.geo,hub,uniform,860,0x1.19e0119e0119ep-10,28;30;2,34;3
20220531.gml.geo,hub,uniform,861,0x1.19e0119e0119ep-10,28;30;3,34;4
20220531.gml.geo,hub,uniform,862,0x1.19e0119e0119ep-10,28;30;4,34;5
20220531.gml.geo,hub,uniform,863,0x1.19e0119e0119ep-10,28;30;5,34;9
20220531.gml.geo,hub,uniform,864,0x1.19e0119e0119ep-10,28;30;6,34;10
20220531.gml.geo,hub,uniform,865,0x1.19e0119e0119ep-10,28;30;7,34;11
20220531.gml.geo,hub,uniform,866,0x1.19e0119e0119ep-10,28;30;8,34;12
20220531.gml.geo,hub,uniform,867,0x1.19e0119e0119ep-10,28;30;9,34;13
20220531.gml.geo,hub,uniform,868,0x1.19e0119e0119ep-10,28;30;10,34;14
20220531.gml.geo,hub,uniform,869,0x1.19e0119e0119ep-10,28;30;11,34;15
20220531.gml.geo,hub,uniform,870,0x1.19e0119e0119ep-10,28;30;12,34;17
20220531.gml.geo,hub,uniform,871,0x1.19e0119e0119ep-10,28;30;13,34;18
20220531.gml.geo,hub,uniform,872,0x1.19e0119e0119ep-10,28;30;14,34;19
20220531.gml.geo,hub,uniform,873,0x1.19e0119e0119ep-10,28;30;15,34;20
20220531.gml.geo,hub,uniform,874,0x1.19e0119e0119ep-10,28;30;16,34;21
20220531.gml.geo,hub,uniform,875,0x1.19e0119e0119ep-10,28;30;17,34;22
20220531.gml.geo,hub,uniform,876,0x1.19e0119e0119ep-10,28;30;18,34;23
20220531.gml.geo,hub,uniform,877,0x1.19e0119e0119ep-10,28;30;19,34;24
20220531.gml.geo,hub,uniform,878,0x1.19e0119e0119ep-10,28;30;20,34;26
20220531.gml.geo,hub,uniform,879,0x1.19e0119e0119ep-10,28;30;21,34;27
20220531.gml.geo,hub,uniform,880,0x1.19e0119e0119ep-10,28;30;22,34;28
20220531.gml.geo,hub,uniform,881,0x1.19e0119e0119ep-10,28;30;23,34;29
20220531.gml.geo,hub,uniform,882,0x1.19e0119e0119ep-10,28;30;24,34;30
20220531.gml.geo,hub,uniform,883,0x1.19e0119e0119ep-10,28;30;25,34;31
20220531.gml.geo,hub,uniform,884,0x1.19e0119e0119ep-10,28;30;26,34;32
20220531.gml.geo,hub,uniform,885,0x1.19e0119e0119ep-10,28;30;27,34;33
20220531.gml.geo,hub,uniform,886,0x1.19e0119e0119ep-10,28;30;29,34;35
20220531.gml.geo,hub,uniform,887,0x1.19e0119e0119ep-10,28;30,34
20220531.gml.geo,hub,uniform,888,0x1.19e0119e0119ep-10,29;30;0,35;1
20220531.gml.geo,hub,uniform,889,0x1.19e0119e0119ep-10,29;30;1,35;2
20220531.gml.geo,hub,uniform,890,0x1.19e0119e0119ep-10,29;30;2,35;3
20220531.gml.geo,hub,uniform,891,0x1.19e0119e0119ep-10,29;30;3,35;4
20220531.gml.geo,hub,uniform,892,0x1.19e0119e0119ep-10,29;30;4,35;5
20220531.gml.geo,hub,uniform,893,0x1.19e0119e0119ep-10,29;30;5,35;9
20220531.gml.geo,hub,uniform,894,0x1.19e0119e0119ep-10,29;30;6,35;10
20220531.gml.geo,hub,uniform,895,0x1.19e0119e0119ep-10,29;30;7,35;11
20220531.gml.geo,hub,uniform,896,0x1.19e0119e0119ep-10,29;30;8,35;12
20220531.gml.geo,hub,uniform,897,0x1.19e0119e0119ep-10,29;30;9,35;13
20220531.gml.geo,hub,uniform,898,0x1.19e0119e0119ep-10,29;30;10,35;14
20220531.gml.geo,hub,uniform,899,0x1.19e0119e0119ep-10,29;30;11,35;15
20220531.gml.geo,hub,uniform,900,0x1.19e0119e0119ep-10,29;30;12,35;17
20220531.gml.geo,hub,uniform,901,0x1.19e0119e0119ep-10,29;30;13,35;18
20220531.gml.geo,hub,uniform,902,0x1.19e0119e0119ep-10,29;30;14,35;19
20220531.gml.geo,hub,uniform,903,0x1.19e0119e0119ep-10,29;30;15,35;20
20220531.gml.geo,hub,uniform,904,0x1.19e0119e0119ep-10,29;30;16,35;21
20220531.gml.geo,hub,uniform,905,0x1.19e0119e0119ep-10,29;30;17,35;22
20220531.gml.geo,hub,uniform,906,0x1.19e0119e0119ep-10,29;30;18,35;23
20220531.gml.geo,hub,uniform,907,0x1.19e0119e0119ep-10,29;30;19,35;24
20220531.gml.geo,hub,uniform,908,0x1.19e0119e0119ep-10,29;30;20,35;26
20220531.gml.geo,hub,uniform,909,0x1.19e0119e0119ep-10,29;30;21,35;27
20220531.gml.geo,hub,uniform,910,0x1.19e0119e0119ep-10,29;30;22,35;28
20220531.gml.geo,hub,uniform,911,0x1.19e0119e0119ep-10,29;30;23,35;29
20220531.gml.geo,hub,uniform,912,0x1.19e0119e0119ep-10,29;30;24,35;30
20220531.gml.geo,hub,uniform,913,0x1.19e0119e0119ep-10,29;30;25,35;31
20220531.gml.geo,hub,uniform,914,0x1.19e0119e0119ep-10,29;30;26,35;32
20220531.gml.geo,hub,uniform,915,0x1.19e0119e0119ep-10,29;30;27,35;33
20220531.gml.geo,hub,uniform,916,0x1.19e0119e0119ep-10,29;30;28,35;34
20220531.gml.geo,hub,uniform,917,0x1.19e0119e0119ep-10,29;30,35
20220531.gml.geo,hub,uniform,918,0x1.19e0119e0119ep-10,30;0,1
20220531.gml.geo,hub,uniform,919,0x1.19e0119e0119ep-10,30;1,2
20220531.gml.geo,hub,uniform,920,0x1.19e0119e0119ep-10,30;2,3
20220531.gml.geo,hub,uniform,921,0x1.19e0119e0119ep-10,30;3,4
20220531.gml.geo,hub,uniform,922,0x1.19e0119e0119ep-10,30;4,5
20220531.gml.geo,hub,uniform,923,0x1.19e0119e0119ep-10,30;5,9
20220531.gml.geo,hub,uniform,924,0x1.19e0119e0119ep-10,30;6,10
20220531.gml.geo,hub,uniform,925,0x1.19e0119e0119ep-10,30;7,11
20220531.gml.geo,hub,uniform,926,0x1.19e0119e0119ep-10,30;8,12
20220531.gml.geo,hub,uniform,927,0x1.19e0119e0119ep-10,30;9,13
20220531.gml.geo,hub,uniform,928,0x1.19e0119e0119ep-10,30;10,14
20220531.gml.geo,hub,uniform,929,0x1.19e0119e0119ep-10,30;11,15
20220531.gml.geo,hub,uniform,930,0x1.19e0119e0119ep-10,30;12,17
20220531.gml.geo,hub,uniform,931,0x1.19e0119e0119ep-10,30;13,18
20220531.gml.geo,hub,uniform,932,0x1.19e0119e0119ep-10,30;14,19
20220531.gml.geo,hub,uniform,933,0x1.19e0119e0119ep-10,30;15,20
20220531.gml.geo,hub,uniform,934,0x1.19e0119e0119ep-10,30;16,21
20220531.gml.geo,hub,uniform,935,0x1.19e0119e0119ep-10,30;17,22
20220531.gml.geo,hub,uniform,936,0x1.19e0119e0119ep-10,30;18,23
20220531.gml.geo,hub,uniform,937,0x1.19e0119e0119ep-10,30;19,24
20220531.gml.geo,hub,uniform,938,0x1.19e0119e0119ep-10,30;20,26
20220531.gml.geo,hub,uniform,939,0x1.19e0119e0119ep-10,30;21,27
20220531.gml.geo,hub,uniform,940,0x1.19e0119e0119ep-10,30;22,28
20220531.gml.geo,hub,uniform,941,0x1.19e0119e0119ep-10,30;23,29
20220531.gml.geo,hub,uniform,942,0x1.19e0119e0119ep-10,30;24,30
20220531.gml.geo,hub,uniform,943,0x1.19e0119e0119ep-10,30;25,31
20220531.gml.geo,hub,uniform,944,0x1.19e0119e0119ep-10,30;26,32
20220531.gml.geo,hub,uniform,945,0x1.19e0119e0119ep-10,30;27,33
20220531.gml.geo,hub,uniform,946,0x1.19e0119e0119ep-10,30;28,34
20220531.gml.geo,hub,uniform,947,0x1.19e0119e0119ep-10,30;29,35
20220531.gml.geo,hub,hotspot,0,0x1.f3526859b8cecp-11,0;30;1,1;2
20220531.gml.geo,hub,hotspot,1,0x1.f3526859b8cecp-11,0;30;2,1;3
20220531.gml.geo,hub,hotspot,2,0x1.f3526859b8cecp-11,0;30;3,1;4
20220531.gml.geo,hub,hotspot,3,0x1.f3526859b8cecp-11,0;30;4,1;5
20220531.gml.geo,hub,hotspot,4,0x1.5a4dcc804a7eep-10,0;5,0
20220531.gml.geo,hub,hotspot,5,0x1.f3526859b8cecp-11,0;30;6,1;10
20220531.gml.geo,hub,hotspot,6,0x1.f3526859b8cecp-11,0;30;7,1;11
20220531.gml.geo,hub,hotspot,7,0x1.11d25a41b7ed4p-11,0;5;8,0;6
20220531.gml.geo,hub,hotspot,8,0x1.11d25a41b7ed4p-11,0;30;8,1;12
20220531.gml.geo,hub,hotspot,9,0x1.f3526859b8cecp-11,0;30;9,1;13
20220531.gml.geo,hub,hotspot,10,0x1.f3526859b8cecp-11,0;30;10,1;14
20220531.gml.geo,hub,hotspot,11,0x1.f3526859b8cecp-11,0;30;11,1;15
20220531.gml.geo,hub,hotspot,12,0x1.11d25a41b7ed4p-10,0;30;12,1;17
20220531.gml.geo,hub,hotspot,13,0x1.11d25a41b7ed4p-11,0;5;13,0;7
20220531.gml.geo,hub,hotspot,14,0x1.11d25a41b7ed4p-11,0;30;13,1;18
20220531.gml.geo,hub,hotspot,15,0x1.f3526859b8cecp-11,0;30;14,1;19
20220531.gml.geo,hub,hotspot,16,0x1.f3526859b8cecp-11,0;30;15,1;20
20220531.gml.geo,hub,hotspot,17,0x1.f3526859b8cecp-11,0;30;16,1;21
20220531.gml.geo,hub,hotspot,18,0x1.f3526859b8cecp-11,0;30;17,1;22
20220531.gml.geo,hub,hotspot,19,0x1.f3526859b8cecp-11,0;30;18,1;23
20220531.gml.geo,hub,hotspot,20,0x1.f3526859b8cecp-11,0;30;19,1;24
20220531.gml.geo,hub,hotspot,21,0x1.4224a66b6ef90p-11,0;5;20,0;8
20220531.gml.geo,hub,hotspot,22,0x1.4224a66b6ef90p-11,0;30;20,1;26
20220531.gml.geo,hub,hotspot,23,0x1.f3526859b8cecp-11,0;30;21,1;27
20220531.gml.geo,hub,hotspot,24,0x1.f3526859b8cecp-11,0;30;22,1;28
20220531.gml.geo,hub,hotspot,25,0x1.f3526859b8cecp-11,0;30;23,1;29
20220531.gml.geo,hub,hotspot,26,0x1.f3526859b8cecp-11,0;30;24,1;30
20220531.gml.geo,hub,hotspot,27,0x1.f3526859b8cecp-11,0;30;25,1;31
20220531.gml.geo,hub,hotspot,28,0x1.11d25a41b7ed4p-10,0;30;26,1;32
20220531.gml.geo,hub,hotspot,29,0x1.f3526859b8cecp-11,0;30;27,1;33
20220531.gml.geo,hub,hotspot,30,0x1.f3526859b8cecp-11,0;30;28,1;34
20220531.gml.geo,hub,hotspot,31,0x1.f3526859b8cecp-11,0;30;29,1;35
20220531.gml.geo,hub,hotspot,32,0x1.db294244dd48ep-9,0;30,1
20220531.gml.geo,hub,hotspot,33,0x1.11241f7e6d3c7p-10,1;30;0,2;1
20220531.gml.geo,hub,hotspot,34,0x1.f2a42d966e1dfp-11,1;30;2,2;3
20220531.gml.geo,hub,hotspot,35,0x1.f2a42d966e1dfp-11,1;30;3,2;4
20220531.gml.geo,hub,hotspot,36,0x1.f2a42d966e1dfp-11,1;30;4,2;5
20220531.gml.geo,hub,hotspot,37,0x1.589a39980fc4cp-10,1;30;5,2;9
20220531.gml.geo,hub,hotspot,38,0x1.f2a42d966e1dfp-11,1;30;6,2;10
20220531.gml.geo,hub,hotspot,39,0x1.f2a42d966e1dfp-11,1;30;7,2;11
20220531.gml.geo,hub,hotspot,40,0x1.11241f7e6d3c7p-10,1;30;8,2;12
20220531.gml.geo,hub,hotspot,41,0x1.f2a42d966e1dfp-11,1;30;9,2;13
20220531.gml.geo,hub,hotspot,42,0x1.f2a42d966e1dfp-11,1;30;10,2;14
20220531.gml.geo,hub,hotspot,43,0x1.f2a42d966e1dfp-11,1;30;11,2;15
20220531.gml.geo,hub,hotspot,44,0x1.11241f7e6d3c7p-10,1;30;12,2;17
20220531.gml.geo,hub,hotspot,45,0x1.11241f7e6d3c7p-10,1;30;13,2;18
20220531.gml.geo,hub,hotspot,46,0x1.f2a42d966e1dfp-11,1;30;14,2;19
20220531.gml.geo,hub,hotspot,47,0x1.f2a42d966e1dfp-11,1;30;15,2;20
20220531.gml.geo,hub,hotspot,48,0x1.f2a42d966e1dfp-11,1;30;16,2;21
20220531.gml.geo,hub,hotspot,49,0x1.f2a42d966e1dfp-11,1;30;17,2;22
20220531.gml.geo,hub,hotspot,50,0x1.f2a42d966e1dfp-11,1;30;18,2;23
20220531.gml.geo,hub,hotspot,51,0x1.f2a42d966e1dfp-11,1;30;19,2;24
20220531.gml.geo,hub,hotspot,52,0x1.40c830e4d9975p-10,1;30;20,2;26
20220531.gml.geo,hub,hotspot,53,0x1.f2a42d966e1dfp-11,1;30;21,2;27
20220531.gml.geo,hub,hotspot,54,0x1.f2a42d966e1dfp-11,1;30;22,2;28
20220531.gml.geo,hub,hotspot,55,0x1.f2a42d966e1dfp-11,1;30;23,2;29
20220531.gml.geo,hub,hotspot,56,0x1.f2a42d966e1dfp-11,1;30;24,2;30
20220531.gml.geo,hub,hotspot,57,0x1.f2a42d966e1dfp-11,1;30;25,2;31
20220531.gml.geo,hub,hotspot,58,0x1.11241f7e6d3c7p-10,1;30;26,2;32
20220531.gml.geo,hub,hotspot,59,0x1.f2a42d966e1dfp-11,1;30;27,2;33
20220531.gml.geo,hub,hotspot,60,0x1.f2a42d966e1dfp-11,1;30;28,2;34
20220531.gml.geo,hub,hotspot,61,0x1.f2a42d966e1dfp-11,1;30;29,2;35
20220531.gml.geo,hub,hotspot,62,0x1.d60e898c2d1a9p-9,1;30,2
20220531.gml.geo,hub,hotspot,63,0x1.11241f7e6d3c7p-10,2;30;0,3;1
20220531.gml.geo,hub,hotspot,64,0x1.f2a42d966e1dfp-11,2;30;1,3;2
20220531.gml.geo,hub,hotspot,65,0x1.f2a42d966e1dfp-11,2;30;3,3;4
20220531.gml.geo,hub,hotspot,66,0x1.f2a42d966e1dfp-11,2;30;4,3;5
20220531.gml.geo,hub,hotspot,67,0x1.589a39980fc4cp-10,2;30;5,3;9
20220531.gml.geo,hub,hotspot,68,0x1.f2a42d966e1dfp-11,2;30;6,3;10
20220531.gml.geo,hub,hotspot,69,0x1.f2a42d966e1dfp-11,2;30;7,3;11
20220531.gml.geo,hub,hotspot,70,0x1.11241f7e6d3c7p-10,2;30;8,3;12
20220531.gml.geo,hub,hotspot,71,0x1.f2a42d966e1dfp-11,2;30;9,3;13
20220531.gml.geo,hub,hotspot,72,0x1.f2a42d966e1dfp-11,2;30;10,3;14
20220531.gml.geo,hub,hotspot,73,0x1.f2a42d966e1dfp-11,2;30;11,3;15
20220531.gml.geo,hub,hotspot,74,0x1.11241f7e6d3c7p-10,2;30;12,3;17
20220531.gml.geo,hub,hotspot,75,0x1.11241f7e6d3c7p-10,2;30;13,3;18
20220531.gml.geo,hub,hotspot,76,0x1.f2a42d966e1dfp-11,2;30;14,3;19
20220531.gml.geo,hub,hotspot,77,0x1.f2a42d966e1dfp-11,2;30;15,3;20
20220531.gml.geo,hub,hotspot,78,0x1.f2a42d966e1dfp-11,2;30;16,3;21
20220531.gml.geo,hub,hotspot,79,0x1.f2a42d966e1dfp-11,2;30;17,3;22
20220531.gml.geo,hub,hotspot,80,0x1.f2a42d966e1dfp-11,2;30;18,3;23
20220531.gml.geo,hub,hotspot,81,0x1.f2a42d966e1dfp-11,2;30;19,3;24
20220531.gml.geo,hub,hotspot,82,0x1.40c830e4d9975p-10,2;30;20,3;26
20220531.gml.geo,hub,hotspot,83,0x1.f2a42d966e1dfp-11,2;30;21,3;27
20220531.gml.geo,hub,hotspot,84,0x1.f2a42d966e1dfp-11,2;30;22,3;28
20220531.gml.geo,hub,hotspot,85,0x1.f2a42d966e1dfp-11,2;30;23,3;29
20220531.gml.geo,hub,hotspot,86,0x1.f2a42d966e1dfp-11,2;30;24,3;30
20220531.gml.geo,hub,hotspot,87,0x1.f2a42d966e1dfp-11,2;30;25,3;31
20220531.gml.geo,hub,hotspot,88,0x1.11241f7e6d3c7p-10,2;30;26,3;32
20220531.gml.geo,hub,hotspot,89,0x1.f2a42d966e1dfp-11,2;30;27,3;33
20220531.gml.geo,hub,hotspot,90,0x1.f2a42d966e1dfp-11,2;30;28,3;34
20220531.gml.geo,hub,hotspot,91,0x1.f2a42d966e1dfp-11,2;30;29,3;35
20220531.gml.geo,hub,hotspot,92,0x1.d60e898c2d1a9p-9,2;30,3
20220531.gml.geo,hub,hotspot,93,0x1.11241f7e6d3c7p-10,3;30;0,4;1
20220531.gml.geo,hub,hotspot,94,0x1.f2a42d966e1dfp-11,3;30;1,4;2
20220531.gml.geo,hub,hotspot,95,0x1.f2a42d966e1dfp-11,3;30;2,4;3
20220531.gml.geo,hub,hotspot,96,0x1.f2a42d966e1dfp-11,3;30;4,4;5
20220531.gml.geo,hub,hotspot,97,0x1.589a39980fc4cp-10,3;30;5,4;9
20220531.gml.geo,hub,hotspot,98,0x1.f2a42d966e1dfp-11,3;30;6,4;10
20220531.gml.geo,hub,hotspot,99,0x1.f2a42d966e1dfp-11,3;30;7,4;11
20220531.gml.geo,hub,hotspot,100,0x1.11241f7e6d3c7p-10,3;30;8,4;12
20220531.gml.geo,hub,hotspot,101,0x1.f2a42d966e1dfp-11,3;30;9,4;13
20220531.gml.geo,hub,hotspot,102,0x1.f2a42d966e1dfp-11,3;30;10,4;14
20220531.gml.geo,hub,hotspot,103,0x1.f2a42d966e1dfp-11,3;30;11,4;15
20220531.gml.geo,hub,hotspot,104,0x1.11241f7e6d3c7p-10,3;30;12,4;17
20220531.gml.geo,hub,hotspot,105,0x1.11241f7e6d3c7p-10,3;30;13,4;18
20220531.gml.geo,hub,hotspot,106,0x1.f2a42d966e1dfp-11,3;30;14,4;19
20220531.gml.geo,hub,hotspot,107,0x1.f2a42d966e1dfp-11,3;30;15,4;20
20220531.gml.geo,hub,hotspot,108,0x1.f2a42d966e1dfp-11,3;30;16,4;21
20220531.gml.geo,hub,hotspot,109,0x1.f2a42d966e1dfp-11,3;30;17,4;22
20220531.gml.geo,hub,hotspot,110,0x1.f2a42d966e1dfp-11,3;30;18,4;23
20220531.gml.geo,hub,hotspot,111,0x1.f2a42d966e1dfp-11,3;30;19,4;24
20220531.gml.geo,hub,hotspot,112,0x1.40c830e4d9975p-10,3;30;20,4;26
20220531.gml.geo,hub,hotspot,113,0x1.f2a42d966e1dfp-11,3;30;21,4;27
20220531.gml.geo,hub,hotspot,114,0x1.f2a42d966e1dfp-11,3;30;22,4;28
20220531.gml.geo,hub,hotspot,115,0x1.f2a42d966e1dfp-11,3;30;23,4;29
20220531.gml.geo,hub,hotspot,116,0x1.f2a42d966e1dfp-11,3;30;24,4;30
20220531.gml.geo,hub,hotspot,117,0x1.f2a42d966e1dfp-11,3;30;25,4;31
20220531.gml.geo,hub,hotspot,118,0x1.11241f7e6d3c7p-10,3;30;26,4;32
20220531.gml.geo,hub,hotspot,119,0x1.f2a42d966e1dfp-11,3;30;27,4;33
20220531.gml.geo,hub,hotspot,120,0x1.f2a42d966e1dfp-11,3;30;28,4;34
20220531.gml.geo,hub,hotspot,121,0x1.f2a42d966e1dfp-11,3;30;29,4;35
20220531.gml.geo,hub,hotspot,122,0x1.d60e898c2d1a9p-9,3;30,4
20220531.gml.geo,hub,hotspot,123,0x1.11241f7e6d3c7p-10,4;30;0,5;1
20220531.gml.geo,hub,hotspot,124,0x1.f2a42d966e1dfp-11,4;30;1,5;2
20220531.gml.geo,hub,hotspot,125,0x1.f2a42d966e1dfp-11,4;30;2,5;3
20220531.gml.geo,hub,hotspot,126,0x1.f2a42d966e1dfp-11,4;30;3,5;4
20220531.gml.geo,hub,hotspot,127,0x1.589a39980fc4cp-10,4;30;5,5;9
20220531.gml.geo,hub,hotspot,128,0x1.f2a42d966e1dfp-11,4;30;6,5;10
20220531.gml.geo,hub,hotspot,129,0x1.f2a42d966e1dfp-11,4;30;7,5;11
20220531.gml.geo,hub,hotspot,130,0x1.11241f7e6d3c7p-10,4;30;8,5;12
20220531.gml.geo,hub,hotspot,131,0x1.f2a42d966e1dfp-11,4;30;9,5;13
20220531.gml.geo,hub,hotspot,132,0x1.f2a42d966e1dfp-11,4;30;10,5;14
20220531.gml.geo,hub,hotspot,133,0x1.f2a42d966e1dfp-11,4;30;11,5;15
20220531.gml.geo,hub,hotspot,134,0x1.11241f7e6d3c7p-10,4;30;12,5;17
20220531.gml.geo,hub,hotspot,135,0x1.11241f7e6d3c7p-10,4;30;13,5;18
20220531.gml.geo,hub,hotspot,136,0x1.f2a42d966e1dfp-11,4;30;14,5;19
20220531.gml.geo,hub,hotspot,137,0x1.f2a42d966e1dfp-11,4;30;15,5;20
20220531.gml.geo,hub,hotspot,138,0x1.f2a42d966e1dfp-11,4;30;16,5;21
20220531.gml.geo,hub,hotspot,139,0x1.f2a42d966e1dfp-11,4;30;17,5;22
20220531.gml.geo,hub,hotspot,140,0x1.f2a42d966e1dfp-11,4;30;18,5;23
20220531.gml.geo,hub,hotspot,141,0x1.f2a42d966e1dfp-11,4;30;19,5;24
20220531.gml.geo,hub,hotspot,142,0x1.40c830e4d9975p-10,4;30;20,5;26
20220531.gml.geo,hub,hotspot,143,0x1.f2a42d966e1dfp-11,4;30;21,5;27
20220531.gml.geo,hub,hotspot,144,0x1.f2a42d966e1dfp-11,4;30;22,5;28
20220531.gml.geo,hub,hotspot,145,0x1.f2a42d966e1dfp-11,4;30;23,5;29
20220531.gml.geo,hub,hotspot,146,0x1.f2a42d966e1dfp-11,4;30;24,5;30
20220531.gml.geo,hub,hotspot,147,0x1.f2a42d966e1dfp-11,4;30;25,5;31
20220531.gml.geo,hub,hotspot,148,0x1.11241f7e6d3c7p-10,4;30;26,5;32
20220531.gml.geo,hub,hotspot,149,0x1.f2a42d966e1dfp-11,4;30;27,5;33
20220531.gml.geo,hub,hotspot,150,0x1.f2a42d966e1dfp-11,4;30;28,5;34
20220531.gml.geo,hub,hotspot,151,0x1.f2a42d966e1dfp-11,4;30;29,5;35
20220531.gml.geo,hub,hotspot,152,0x1.d60e898c2d1a9p-9,4;30,5
20220531.gml.geo,hub,hotspot,153,0x1.13fc3f198e738p-10,5;0,0
20220531.gml.geo,hub,hotspot,154,0x1.f57c4d318f550p-11,5;30;1,9;2
20220531.gml.geo,hub,hotspot,155,0x1.f57c4d318f550p-11,5;30;2,9;3
20220531.gml.geo,hub,hotspot,156,0x1.f57c4d318f550p-11,5;30;3,9;4
20220531.gml.geo,hub,hotspot,157,0x1.f57c4d318f550p-11,5;30;4,9;5
20220531.gml.geo,hub,hotspot,158,0x1.f57c4d318f550p-11,5;30;6,9;10
20220531.gml.geo,hub,hotspot,159,0x1.f57c4d318f550p-11,5;30;7,9;11
20220531.gml.geo,hub,hotspot,160,0x1.13fc3f198e738p-10,5;8,6
20220531.gml.geo,hub,hotspot,161,0x1.f57c4d318f550p-11,5;30;9,9;13
20220531.gml.geo,hub,hotspot,162,0x1.f57c4d318f550p-11,5;30;10,9;14
20220531.gml.geo,hub,hotspot,163,0x1.f57c4d318f550p-11,5;30;11,9;15
20220531.gml.geo,hub,hotspot,164,0x1.13fc3f198e738p-11,5;20;12,8;16
20220531.gml.geo,hub,hotspot,165,0x1.13fc3f198e738p-11,5;30;12,9;17
20220531.gml.geo,hub,hotspot,166,0x1.13fc3f198e738p-10,5;13,7
20220531.gml.geo,hub,hotspot,167,0x1.f57c4d318f550p-11,5;30;14,9;19
20220531.gml.geo,hub,hotspot,168,0x1.f57c4d318f550p-11,5;30;15,9;20
20220531.gml.geo,hub,hotspot,169,0x1.f57c4d318f550p-11,5;30;16,9;21
20220531.gml.geo,hub,hotspot,170,0x1.f57c4d318f550p-11,5;30;17,9;22
20220531.gml.geo,hub,hotspot,171,0x1.f57c4d318f550p-11,5;30;18,9;23
20220531.gml.geo,hub,hotspot,172,0x1.f57c4d318f550p-11,5;30;19,9;24
20220531.gml.geo,hub,hotspot,173,0x1.4678701b1c058p-10,5;20,8
20220531.gml.geo,hub,hotspot,174,0x1.f57c4d318f550p-11,5;30;21,9;27
20220531.gml.geo,hub,hotspot,175,0x1.f57c4d318f550p-11,5;30;22,9;28
20220531.gml.geo,hub,hotspot,176,0x1.f57c4d318f550p-11,5;30;23,9;29
20220531.gml.geo,hub,hotspot,177,0x1.f57c4d318f550p-11,5;30;24,9;30
20220531.gml.geo,hub,hotspot,178,0x1.f57c4d318f550p-11,5;30;25,9;31
20220531.gml.geo,hub,hotspot,179,0x1.13fc3f198e738p-11,5;20;26,8;25
20220531.gml.geo,hub,hotspot,180,0x1.13fc3f198e738p-11,5;30;26,9;32
20220531.gml.geo,hub,hotspot,181,0x1.f57c4d318f550p-11,5;30;27,9;33
20220531.gml.geo,hub,hotspot,182,0x1.f57c4d318f550p-11,5;30;28,9;34
20220531.gml.geo,hub,hotspot,183,0x1.f57c4d318f550p-11,5;30;29,9;35
20220531.gml.geo,hub,hotspot,184,0x1.eb637697a637dp-9,5;30,9
20220531.gml.geo,hub,hotspot,185,0x1.11241f7e6d3c7p-10,6;30;0,10;1
20220531.gml.geo,hub,hotspot,186,0x1.f2a42d966e1dfp-11,6;30;1,10;2
20220531.gml.geo,hub,hotspot,187,0x1.f2a42d966e1dfp-11,6;30;2,10;3
20220531.gml.geo,hub,hotspot,188,0x1.f2a42d966e1dfp-11,6;30;3,10;4
20220531.gml.geo,hub,hotspot,189,0x1.f2a42d966e1dfp-11,6;30;4,10;5
20220531.gml.geo,hub,hotspot,190,0x1.589a39980fc4cp-10,6;30;5,10;9
20220531.gml.geo,hub,hotspot,191,0x1.f2a42d966e1dfp-11,6;30;7,10;11
20220531.gml.geo,hub,hotspot,192,0x1.11241f7e6d3c7p-10,6;30;8,10;12
20220531.gml.geo,hub,hotspot,193,0x1.f2a42d966e1dfp-11,6;30;9,10;13
20220531.gml.geo,hub,hotspot,194,0x1.f2a42d966e1dfp-11,6;30;10,10;14
20220531.gml.geo,hub,hotspot,195,0x1.f2a42d966e1dfp-11,6;30;11,10;15
20220531.gml.geo,hub,hotspot,196,0x1.11241f7e6d3c7p-10,6;30;12,10;17
20220531.gml.geo,hub,hotspot,197,0x1.11241f7e6d3c7p-10,6;30;13,10;18
20220531.gml.geo,hub,hotspot,198,0x1.f2a42d966e1dfp-11,6;30;14,10;19
20220531.gml.geo,hub,hotspot,199,0x1.f2a42d966e1dfp-11,6;30;15,10;20
20220531.gml.geo,hub,hotspot,200,0x1.f2a42d966e1dfp-11,6;30;16,10;21
20220531.gml.geo,hub,hotspot,201,0x1.f2a42d966e1dfp-11,6;30;17,10;22
20220531.gml.geo,hub,hotspot,202,0x1.f2a42d966e1dfp-11,6;30;18,10;23
20220531.gml.geo,hub,hotspot,203,0x1.f2a42d966e1dfp-11,6;30;19,10;24
20220531.gml.geo,hub,hotspot,204,0x1.40c830e4d9975p-10,6;30;20,10;26
20220531.gml.geo,hub,hotspot,205,0x1.f2a42d966e1dfp-11,6;30;21,10;27
20220531.gml.geo,hub,hotspot,206,0x1.f2a42d966e1dfp-11,6;30;22,10;28
20220531.gml.geo,hub,hotspot,207,0x1.f2a42d966e1dfp-11,6;30;23,10;29
20220531.gml.geo,hub,hotspot,208,0x1.f2a42d966e1dfp-11,6;30;24,10;30
20220531.gml.geo,hub,hotspot,209,0x1.f2a42d966e1dfp-11,6;30;25,10;31
20220531.gml.geo,hub,hotspot,210,0x1.11241f7e6d3c7p-10,6;30;26,10;32
20220531.gml.geo,hub,hotspot,211,0x1.f2a42d966e1dfp-11,6;30;27,10;33
20220531.gml.geo,hub,hotspot,212,0x1.f2a42d966e1dfp-11,6;30;28,10;34
20220531.gml.geo,hub,hotspot,213,0x1.f2a42d966e1dfp-11,6;30;29,10;35
20220531.gml.geo,hub,hotspot,214,0x1.d60e898c2d1a9p-9,6;30,10
20220531.gml.geo,hub,hotspot,215,0x1.11241f7e6d3c7p-10,7;30;0,11;1
20220531.gml.geo,hub,hotspot,216,0x1.f2a42d966e1dfp-11,7;30;1,11;2
20220531.gml.geo,hub,hotspot,217,0x1.f2a42d966e1dfp-11,7;30;2,11;3
20220531.gml.geo,hub,hotspot,218,0x1.f2a42d966e1dfp-11,7;30;3,11;4
20220531.gml.geo,hub,hotspot,219,0x1.f2a42d966e1dfp-11,7;30;4,11;5
20220531.gml.geo,hub,hotspot,220,0x1.589a39980fc4cp-10,7;30;5,11;9
20220531.gml.geo,hub,hotspot,221,0x1.f2a42d966e1dfp-11,7;30;6,11;10
20220531.gml.geo,hub,hotspot,222,0x1.11241f7e6d3c7p-10,7;30;8,11;12
20220531.gml.geo,hub,hotspot,223,0x1.f2a42d966e1dfp-11,7;30;9,11;13
20220531.gml.geo,hub,hotspot,224,0x1.f2a42d966e1dfp-11,7;30;10,11;14
20220531.gml.geo,hub,hotspot,225,0x1.f2a42d966e1dfp-11,7;30;11,11;15
20220531.gml.geo,hub,hotspot,226,0x1.11241f7e6d3c7p-10,7;30;12,11;17
20220531.gml.geo,hub,hotspot,227,0x1.11241f7e6d3c7p-10,7;30;13,11;18
20220531.gml.geo,hub,hotspot,228,0x1.f2a42d966e1dfp-11,7;30;14,11;19
20220531.gml.geo,hub,hotspot,229,0x1.f2a42d966e1dfp-11,7;30;15,11;20
20220531.gml.geo,hub,hotspot,230,0x1.f2a42d966e1dfp-11,7;30;16,11;21
20220531.gml.geo,hub,hotspot,231,0x1.f2a42d966e1dfp-11,7;30;17,11;22
20220531.gml.geo,hub,hotspot,232,0x1.f2a42d966e1dfp-11,7;30;18,11;23
20220531.gml.geo,hub,hotspot,233,0x1.f2a42d966e1dfp-11,7;30;19,11;24
20220531.gml.geo,hub,hotspot,234,0x1.40c830e4d9975p-10,7;30;20,11;26
20220531.gml.geo,hub,hotspot,235,0x1.f2a42d966e1dfp-11,7;30;21,11;27
20220531.gml.geo,hub,hotspot,236,0x1.f2a42d966e1dfp-11,7;30;22,11;28
20220531.gml.geo,hub,hotspot,237,0x1.f2a42d966e1dfp-11,7;30;23,11;29
20220531.gml.geo,hub,hotspot,238,0x1.f2a42d966e1dfp-11,7;30;24,11;30
20220531.gml.geo,hub,hotspot,239,0x1.f2a42d966e1dfp-11,7;30;25,11;31
20220531.gml.geo,hub,hotspot,240,0x1.11241f7e6d3c7p-10,7;30;26,11;32
20220531.gml.geo,hub,hotspot,241,0x1.f2a42d966e1dfp-11,7;30;27,11;33
20220531.gml.geo,hub,hotspot,242,0x1.f2a42d966e1dfp-11,7;30;28,11;34
20220531.gml.geo,hub,hotspot,243,0x1.f2a42d966e1dfp-11,7;30;29,11;35
20220531.gml.geo,hub,hotspot,244,0x1.d60e898c2d1a9p-9,7;30,11
20220531.gml.geo,hub,hotspot,245,0x1.11d25a41b7ed4p-11,8;5;0,6;0
20220531.gml.geo,hub,hotspot,246,0x1.11d25a41b7ed4p-11,8;30;0,12;1
20220531.gml.geo,hub,hotspot,247,0x1.f3526859b8cecp-11,8;30;1,12;2
20220531.gml.geo,hub,hotspot,248,0x1.f3526859b8cecp-11,8;30;2,12;3
20220531.gml.geo,hub,hotspot,249,0x1.f3526859b8cecp-11,8;30;3,12;4
20220531.gml.geo,hub,hotspot,250,0x1.f3526859b8cecp-11,8;30;4,12;5
20220531.gml.geo,hub,hotspot,251,0x1.5a4dcc804a7eep-10,8;5,6
20220531.gml.geo,hub,hotspot,252,0x1.f3526859b8cecp-11,8;30;6,12;10
20220531.gml.geo,hub,hotspot,253,0x1.f3526859b8cecp-11,8;30;7,12;11
20220531.gml.geo,hub,hotspot,254,0x1.f3526859b8cecp-11,8;30;9,12;13
20220531.gml.geo,hub,hotspot,255,0x1.f3526859b8cecp-11,8;30;10,12;14
20220531.gml.geo,hub,hotspot,256,0x1.f3526859b8cecp-11,8;30;11,12;15
20220531.gml.geo,hub,hotspot,257,0x1.11d25a41b7ed4p-10,8;30;12,12;17
20220531.gml.geo,hub,hotspot,258,0x1.11d25a41b7ed4p-11,8;5;13,6;7
20220531.gml.geo,hub,hotspot,259,0x1.11d25a41b7ed4p-11,8;30;13,12;18
20220531.gml.geo,hub,hotspot,260,0x1.f3526859b8cecp-11,8;30;14,12;19
20220531.gml.geo,hub,hotspot,261,0x1.f3526859b8cecp-11,8;30;15,12;20
20220531.gml.geo,hub,hotspot,262,0x1.f3526859b8cecp-11,8;30;16,12;21
20220531.gml.geo,hub,hotspot,263,0x1.f3526859b8cecp-11,8;30;17,12;22
20220531.gml.geo,hub,hotspot,264,0x1.f3526859b8cecp-11,8;30;18,12;23
20220531.gml.geo,hub,hotspot,265,0x1.f3526859b8cecp-11,8;30;19,12;24
20220531.gml.geo,hub,hotspot,266,0x1.4224a66b6ef90p-11,8;5;20,6;8
20220531.gml.geo,hub,hotspot,267,0x1.4224a66b6ef90p-11,8;30;20,12;26
20220531.gml.geo,hub,hotspot,268,0x1.f3526859b8cecp-11,8;30;21,12;27
20220531.gml.geo,hub,hotspot,269,0x1.f3526859b8cecp-11,8;30;22,12;28
20220531.gml.geo,hub,hotspot,270,0x1.f3526859b8cecp-11,8;30;23,12;29
20220531.gml.geo,hub,hotspot,271,0x1.f3526859b8cecp-11,8;30;24,12;30
20220531.gml.geo,hub,hotspot,272,0x1.f3526859b8cecp-11,8;30;25,12;31
20220531.gml.geo,hub,hotspot,273,0x1.11d25a41b7ed4p-10,8;30;26,12;32
20220531.gml.geo,hub,hotspot,274,0x1.f3526859b8cecp-11,8;30;27,12;33
20220531.gml.geo,hub,hotspot,275,0x1.f3526859b8cecp-11,8;30;28,12;34
20220531.gml.geo,hub,hotspot,276,0x1.f3526859b8cecp-11,8;30;29,12;35
20220531.gml.geo,hub,hotspot,277,0x1.db294244dd48ep-9,8;30,12
20220531.gml.geo,hub,hotspot,278,0x1.11241f7e6d3c7p-10,9;30;0,13;1
20220531.gml.geo,hub,hotspot,279,0x1.f2a42d966e1dfp-11,9;30;1,13;2
20220531.gml.geo,hub,hotspot,280,0x1.f2a42d966e1dfp-11,9;30;2,13;3
20220531.gml.geo,hub,hotspot,281,0x1.f2a42d966e1dfp-11,9;30;3,13;4
20220531.gml.geo,hub,hotspot,282,0x1.f2a42d966e1dfp-11,9;30;4,13;5
20220531.gml.geo,hub,hotspot,283,0x1.589a39980fc4cp-10,9;30;5,13;9
20220531.gml.geo,hub,hotspot,284,0x1.f2a42d966e1dfp-11,9;30;6,13;10
20220531.gml.geo,hub,hotspot,285,0x1.f2a42d966e1dfp-11,9;30;7,13;11
20220531.gml.geo,hub,hotspot,286,0x1.11241f7e6d3c7p-10,9;30;8,13;12
20220531.gml.geo,hub,hotspot,287,0x1.f2a42d966e1dfp-11,9;30;10,13;14
20220531.gml.geo,hub,hotspot,288,0x1.f2a42d966e1dfp-11,9;30;11,13;15
20220531.gml.geo,hub,hotspot,289,0x1.11241f7e6d3c7p-10,9;30;12,13;17
20220531.gml.geo,hub,hotspot,290,0x1.11241f7e6d3c7p-10,9;30;13,13;18
20220531.gml.geo,hub,hotspot,291,0x1.f2a42d966e1dfp-11,9;30;14,13;19
20220531.gml.geo,hub,hotspot,292,0x1.f2a42d966e1dfp-11,9;30;15,13;20
20220531.gml.geo,hub,hotspot,293,0x1.f2a42d966e1dfp-11,9;30;16,13;21
20220531.gml.geo,hub,hotspot,294,0x1.f2a42d966e1dfp-11,9;30;17,13;22
20220531.gml.geo,hub,hotspot,295,0x1.f2a42d966e1dfp-11,9;30;18,13;23
20220531.gml.geo,hub,hotspot,296,0x1.f2a42d966e1dfp-11,9;30;19,13;24
20220531.gml.geo,hub,hotspot,297,0x1.40c830e4d9975p-10,9;30;20,13;26
20220531.gml.geo,hub,hotspot,298,0x1.f2a42d966e1dfp-11,9;30;21,13;27
20220531.gml.geo,hub,hotspot,299,0x1.f2a42d966e1dfp-11,9;30;22,13;28
20220531.gml.geo,hub,hotspot,300,0x1.f2a42d966e1dfp-11,9;30;23,13;29
20220531.gml.geo,hub,hotspot,301,0x1.f2a42d966e1dfp-11,9;30;24,13;30
20220531.gml.geo,hub,hotspot,302,0x1.f2a42d966e1dfp-11,9;30;25,13;31
20220531.gml.geo,hub,hotspot,303,0x1.11241f7e6d3c7p-10,9;30;26,13;32
20220531.gml.geo,hub,hotspot,304,0x1.f2a42d966e1dfp-11,9;30;27,13;33
20220531.gml.geo,hub,hotspot,305,0x1.f2a42d966e1dfp-11,9;30;28,13;34
20220531.gml.geo,hub,hotspot,306,0x1.f2a42d966e1dfp-11,9;30;29,13;35
20220531.gml.geo,hub,hotspot,307,0x1.d60e898c2d1a9p-9,9;30,13
20220531.gml.geo,hub,hotspot,308,0x1.11241f7e6d3c7p-10,10;30;0,14;1
20220531.gml.geo,hub,hotspot,309,0x1.f2a42d966e1dfp-11,10;30;1,14;2
20220531.gml.geo,hub,hotspot,310,0x1.f2a42d966e1dfp-11,10;30;2,14;3
20220531.gml.geo,hub,hotspot,311,0x1.f2a42d966e1dfp-11,10;30;3,14;4
20220531.gml.geo,hub,hotspot,312,0x1.f2a42d966e1dfp-11,10;30;4,14;5
20220531.gml.geo,hub,hotspot,313,0x1.589a39980fc4cp-10,10;30;5,14;9
20220531.gml.geo,hub,hotspot,314,0x1.f2a42d966e1dfp-11,10;30;6,14;10
20220531.gml.geo,hub,hotspot,315,0x1.f2a42d966e1dfp-11,10;30;7,14;11
20220531.gml.geo,hub,hotspot,316,0x1.11241f7e6d3c7p-10,10;30;8,14;12
20220531.gml.geo,hub,hotspot,317,0x1.f2a42d966e1dfp-11,10;30;9,14;13
20220531.gml.geo,hub,hotspot,318,0x1.f2a42d966e1dfp-11,10;30;11,14;15
20220531.gml.geo,hub,hotspot,319,0x1.11241f7e6d3c7p-10,10;30;12,14;17
20220531.gml.geo,hub,hotspot,320,0x1.11241f7e6d3c7p-10,10;30;13,14;18
20220531.gml.geo,hub,hotspot,321,0x1.f2a42d966e1dfp-11,10;30;14,14;19
20220531.gml.geo,hub,hotspot,322,0x1.f2a42d966e1dfp-11,10;30;15,14;20
20220531.gml.geo,hub,hotspot,323,0x1.f2a42d966e1dfp-11,10;30;16,14;21
20220531.gml.geo,hub,hotspot,324,0x1.f2a42d966e1dfp-11,10;30;17,14;22
20220531.gml.geo,hub,hotspot,325,0x1.f2a42d966e1dfp-11,10;30;18,14;23
20220531.gml.geo,hub,hotspot,326,0x1.f2a42d966e1dfp-11,10;30;19,14;24
20220531.gml.geo,hub,hotspot,327,0x1.40c830e4d9975p-10,10;30;20,14;26
20220531.gml.geo,hub,hotspot,328,0x1.f2a42d966e1dfp-11,10;30;21,14;27
20220531.gml.geo,hub,hotspot,329,0x1.f2a42d966e1dfp-11,10;30;22,14;28
20220531.gml.geo,hub,hotspot,330,0x1.f2a42d966e1dfp-11,10;30;23,14;29
20220531.gml.geo,hub,hotspot,331,0x1.f2a42d966e1dfp-11,10;30;24,14;30
20220531.gml.geo,hub,hotspot,332,0x1.f2a42d966e1dfp-11,10;30;25,14;31
20220531.gml.geo,hub,hotspot,333,0x1.11241f7e6d3c7p-10,10;30;26,14;32
20220531.gml.geo,hub,hotspot,334,0x1.f2a42d966e1dfp-11,10;30;27,14;33
20220531.gml.geo,hub,hotspot,335,0x1.f2a42d966e1dfp-11,10;30;28,14;34
20220531.gml.geo,hub,hotspot,336,0x1.f2a42d966e1dfp-11,10;30;29,14;35
20220531.gml.geo,hub,hotspot,337,0x1.d60e898c2d1a9p-9,10;30,14
20220531.gml.geo,hub,hotspot,338,0x1.11241f7e6d3c7p-10,11;30;0,15;1
20220531.gml.geo,hub,hotspot,339,0x1.f2a42d966e1dfp-11,11;30;1,15;2
20220531.gml.geo,hub,hotspot,340,0x1.f2a42d966e1dfp-11,11;30;2,15;3
20220531.gml.geo,hub,hotspot,341,0x1.f2a42d966e1dfp-11,11;30;3,15;4
20220531.gml.geo,hub,hotspot,342,0x1.f2a42d966e1dfp-11,11;30;4,15;5
20220531.gml.geo,hub,hotspot,343,0x1.589a39980fc4cp-10,11;30;5,15;9
20220531.gml.geo,hub,hotspot,344,0x1.f2a42d966e1dfp-11,11;30;6,15;10
20220531.gml.geo,hub,hotspot,345,0x1.f2a42d966e1dfp-11,11;30;7,15;11
20220531.gml.geo,hub,hotspot,346,0x1.11241f7e6d3c7p-10,11;30;8,15;12
20220531.gml.geo,hub,hotspot,347,0x1.f2a42d966e1dfp-11,11;30;9,15;13
20220531.gml.geo,hub,hotspot,348,0x1.f2a42d966e1dfp-11,11;30;10,15;14
20220531.gml.geo,hub,hotspot,349,0x1.11241f7e6d3c7p-10,11;30;12,15;17
20220531.gml.geo,hub,hotspot,350,0x1.11241f7e6d3c7p-10,11;30;13,15;18
20220531.gml.geo,hub,hotspot,351,0x1.f2a42d966e1dfp-11,11;30;14,15;19
20220531.gml.geo,hub,hotspot,352,0x1.f2a42d966e1dfp-11,11;30;15,15;20
20220531.gml.geo,hub,hotspot,353,0x1.f2a42d966e1dfp-11,11;30;16,15;21
20220531.gml.geo,hub,hotspot,354,0x1.f2a42d966e1dfp-11,11;30;17,15;22
20220531.gml.geo,hub,hotspot,355,0x1.f2a42d966e1dfp-11,11;30;18,15;23
20220531.gml.geo,hub,hotspot,356,0x1.f2a42d966e1dfp-11,11;30;19,15;24
20220531.gml.geo,hub,hotspot,357,0x1.40c830e4d9975p-10,11;30;20,15;26
20220531.gml.geo,hub,hotspot,358,0x1.f2a42d966e1dfp-11,11;30;21,15;27
20220531.gml.geo,hub,hotspot,359,0x1.f2a42d966e1dfp-11,11;30;22,15;28
20220531.gml.geo,hub,hotspot,360,0x1.f2a42d966e1dfp-11,11;30;23,15;29
20220531.gml.geo,hub,hotspot,361,0x1.f2a42d966e1dfp-11,11;30;24,15;30
20220531.gml.geo,hub,hotspot,362,0x1.f2a42d966e1dfp-11,11;30;25,15;31
20220531.gml.geo,hub,hotspot,363,0x1.11241f7e6d3c7p-10,11;30;26,15;32
20220531.gml.geo,hub,hotspot,364,0x1.f2a42d966e1dfp-11,11;30;27,15;33
20220531.gml.geo,hub,hotspot,365,0x1.f2a42d966e1dfp-11,11;30;28,15;34
20220531.gml.geo,hub,hotspot,366,0x1.f2a42d966e1dfp-11,11;30;29,15;35
20220531.gml.geo,hub,hotspot,367,0x1.d60e898c2d1a9p-9,11;30,15
20220531.gml.geo,hub,hotspot,368,0x1.11d25a41b7ed4p-10,12;30;0,17;1
20220531.gml.geo,hub,hotspot,369,0x1.f3526859b8cecp-11,12;30;1,17;2
20220531.gml.geo,hub,hotspot,370,0x1.f3526859b8cecp-11,12;30;2,17;3
20220531.gml.geo,hub,hotspot,371,0x1.f3526859b8cecp-11,12;30;3,17;4
20220531.gml.geo,hub,hotspot,372,0x1.f3526859b8cecp-11,12;30;4,17;5
20220531.gml.geo,hub,hotspot,373,0x1.5a4dcc804a7eep-11,12;20;5,16;8
20220531.gml.geo,hub,hotspot,374,0x1.5a4dcc804a7eep-11,12;30;5,17;9
20220531.gml.geo,hub,hotspot,375,0x1.f3526859b8cecp-11,12;30;6,17;10
20220531.gml.geo,hub,hotspot,376,0x1.f3526859b8cecp-11,12;30;7,17;11
20220531.gml.geo,hub,hotspot,377,0x1.11d25a41b7ed4p-10,12;30;8,17;12
20220531.gml.geo,hub,hotspot,378,0x1.f3526859b8cecp-11,12;30;9,17;13
20220531.gml.geo,hub,hotspot,379,0x1.f3526859b8cecp-11,12;30;10,17;14
20220531.gml.geo,hub,hotspot,380,0x1.f3526859b8cecp-11,12;30;11,17;15
20220531.gml.geo,hub,hotspot,381,0x1.11d25a41b7ed4p-10,12;30;13,17;18
20220531.gml.geo,hub,hotspot,382,0x1.f3526859b8cecp-11,12;30;14,17;19
20220531.gml.geo,hub,hotspot,383,0x1.f3526859b8cecp-11,12;30;15,17;20
20220531.gml.geo,hub,hotspot,384,0x1.f3526859b8cecp-11,12;30;16,17;21
20220531.gml.geo,hub,hotspot,385,0x1.f3526859b8cecp-11,12;30;17,17;22
20220531.gml.geo,hub,hotspot,386,0x1.f3526859b8cecp-11,12;30;18,17;23
20220531.gml.geo,hub,hotspot,387,0x1.f3526859b8cecp-11,12;30;19,17;24
20220531.gml.geo,hub,hotspot,388,0x1.4224a66b6ef90p-10,12;20,16
20220531.gml.geo,hub,hotspot,389,0x1.f3526859b8cecp-11,12;30;21,17;27
20220531.gml.geo,hub,hotspot,390,0x1.f3526859b8cecp-11,12;30;22,17;28
20220531.gml.geo,hub,hotspot,391,0x1.f3526859b8cecp-11,12;30;23,17;29
20220531.gml.geo,hub,hotspot,392,0x1.f3526859b8cecp-11,12;30;24,17;30
20220531.gml.geo,hub,hotspot,393,0x1.f3526859b8cecp-11,12;30;25,17;31
20220531.gml.geo,hub,hotspot,394,0x1.11d25a41b7ed4p-11,12;20;26,16;25
20220531.gml.geo,hub,hotspot,395,0x1.11d25a41b7ed4p-11,12;30;26,17;32
20220531.gml.geo,hub,hotspot,396,0x1.f3526859b8cecp-11,12;30;27,17;33
20220531.gml.geo,hub,hotspot,397,0x1.f3526859b8cecp-11,12;30;28,17;34
20220531.gml.geo,hub,hotspot,398,0x1.f3526859b8cecp-11,12;30;29,17;35
20220531.gml.geo,hub,hotspot,399,0x1.db294244dd48ep-9,12;30,17
20220531.gml.geo,hub,hotspot,400,0x1.11d25a41b7ed4p-11,13;5;0,7;0
20220531.gml.geo,hub,hotspot,401,0x1.11d25a41b7ed4p-11,13;30;0,18;1
20220531.gml.geo,hub,hotspot,402,0x1.f3526859b8cecp-11,13;30;1,18;2
20220531.gml.geo,hub,hotspot,403,0x1.f3526859b8cecp-11,13;30;2,18;3
20220531.gml.geo,hub,hotspot,404,0x1.f3526859b8cecp-11,13;30;3,18;4
20220531.gml.geo,hub,hotspot,405,0x1.f3526859b8cecp-11,13;30;4,18;5
20220531.gml.geo,hub,hotspot,406,0x1.5a4dcc804a7eep-10,13;5,7
20220531.gml.geo,hub,hotspot,407,0x1.f3526859b8cecp-11,13;30;6,18;10
20220531.gml.geo,hub,hotspot,408,0x1.f3526859b8cecp-11,13;30;7,18;11
20220531.gml.geo,hub,hotspot,409,0x1.11d25a41b7ed4p-11,13;5;8,7;6
20220531.gml.geo,hub,hotspot,410,0x1.11d25a41b7ed4p-11,13;30;8,18;12
20220531.gml.geo,hub,hotspot,411,0x1.f3526859b8cecp-11,13;30;9,18;13
20220531.gml.geo,hub,hotspot,412,0x1.f3526859b8cecp-11,13;30;10,18;14
20220531.gml.geo,hub,hotspot,413,0x1.f3526859b8cecp-11,13;30;11,18;15
20220531.gml.geo,hub,hotspot,414,0x1.11d25a41b7ed4p-10,13;30;12,18;17
20220531.gml.geo,hub,hotspot,415,0x1.f3526859b8cecp-11,13;30;14,18;19
20220531.gml.geo,hub,hotspot,416,0x1.f3526859b8cecp-11,13;30;15,18;20
20220531.gml.geo,hub,hotspot,417,0x1.f3526859b8cecp-11,13;30;16,18;21
20220531.gml.geo,hub,hotspot,418,0x1.f3526859b8cecp-11,13;30;17,18;22
20220531.gml.geo,hub,hotspot,419,0x1.f3526859b8cecp-11,13;30;18,18;23
20220531.gml.geo,hub,hotspot,420,0x1.f3526859b8cecp-11,13;30;19,18;24
20220531.gml.geo,hub,hotspot,421,0x1.4224a66b6ef90p-11,13;5;20,7;8
20220531.gml.geo,hub,hotspot,422,0x1.4224a66b6ef90p-11,13;30;20,18;26
20220531.gml.geo,hub,hotspot,423,0x1.f3526859b8cecp-11,13;30;21,18;27
20220531.gml.geo,hub,hotspot,424,0x1.f3526859b8cecp-11,13;30;22,18;28
20220531.gml.geo,hub,hotspot,425,0x1.f3526859b8cecp-11,13;30;23,18;29
20220531.gml.geo,hub,hotspot,426,0x1.f3526859b8cecp-11,13;30;24,18;30
20220531.gml.geo,hub,hotspot,427,0x1.f3526859b8cecp-11,13;30;25,18;31
20220531.gml.geo,hub,hotspot,428,0x1.11d25a41b7ed4p-10,13;30;26,18;32
20220531.gml.geo,hub,hotspot,429,0x1.f3526859b8cecp-11,13;30;27,18;33
20220531.gml.geo,hub,hotspot,430,0x1.f3526859b8cecp-11,13;30;28,18;34
20220531.gml.geo,hub,hotspot,431,0x1.f3526859b8cecp-11,13;30;29,18;35
20220531.gml.geo,hub,hotspot,432,0x1.db294244dd48ep-9,13;30,18
20220531.gml.geo,hub,hotspot,433,0x1.11241f7e6d3c7p-10,14;30;0,19;1
20220531.gml.geo,hub,hotspot,434,0x1.f2a42d966e1dfp-11,14;30;1,19;2
20220531.gml.geo,hub,hotspot,435,0x1.f2a42d966e1dfp-11,14;30;2,19;3
20220531.gml.geo,hub,hotspot,436,0x1.f2a42d966e1dfp-11,14;30;3,19;4
20220531.gml.geo,hub,hotspot,437,0x1.f2a42d966e1dfp-11,14;30;4,19;5
20220531.gml.geo,hub,hotspot,438,0x1.589a39980fc4cp-10,14;30;5,19;9
20220531.gml.geo,hub,hotspot,439,0x1.f2a42d966e1dfp-11,14;30;6,19;10
20220531.gml.geo,hub,hotspot,440,0x1.f2a42d966e1dfp-11,14;30;7,19;11
20220531.gml.geo,hub,hotspot,441,0x1.11241f7e6d3c7p-10,14;30;8,19;12
20220531.gml.geo,hub,hotspot,442,0x1.f2a42d966e1dfp-11,14;30;9,19;13
20220531.gml.geo,hub,hotspot,443,0x1.f2a42d966e1dfp-11,14;30;10,19;14
20220531.gml.geo,hub,hotspot,444,0x1.f2a42d966e1dfp-11,14;30;11,19;15
20220531.gml.geo,hub,hotspot,445,0x1.11241f7e6d3c7p-10,14;30;12,19;17
20220531.gml.geo,hub,hotspot,446,0x1.11241f7e6d3c7p-10,14;30;13,19;18
20220531.gml.geo,hub,hotspot,447,0x1.f2a42d966e1dfp-11,14;30;15,19;20
20220531.gml.geo,hub,hotspot,448,0x1.f2a42d966e1dfp-11,14;30;16,19;21
20220531.gml.geo,hub,hotspot,449,0x1.f2a42d966e1dfp-11,14;30;17,19;22
20220531.gml.geo,hub,hotspot,450,0x1.f2a42d966e1dfp-11,14;30;18,19;23
20220531.gml.geo,hub,hotspot,451,0x1.f2a42d966e1dfp-11,14;30;19,19;24
20220531.gml.geo,hub,hotspot,452,0x1.40c830e4d9975p-10,14;30;20,19;26
20220531.gml.geo,hub,hotspot,453,0x1.f2a42d966e1dfp-11,14;30;21,19;27
20220531.gml.geo,hub,hotspot,454,0x1.f2a42d966e1dfp-11,14;30;22,19;28
20220531.gml.geo,hub,hotspot,455,0x1.f2a42d966e1dfp-11,14;30;23,19;29
20220531.gml.geo,hub,hotspot,456,0x1.f2a42d966e1dfp-11,14;30;24,19;30
20220531.gml.geo,hub,hotspot,457,0x1.f2a42d966e1dfp-11,14;30;25,19;31
20220531.gml.geo,hub,hotspot,458,0x1.11241f7e6d3c7p-10,14;30;26,19;32
20220531.gml.geo,hub,hotspot,459,0x1.f2a42d966e1dfp-11,14;30;27,19;33
20220531.gml.geo,hub,hotspot,460,0x1.f2a42d966e1dfp-11,14;30;28,19;34
20220531.gml.geo,hub,hotspot,461,0x1.f2a42d966e1dfp-11,14;30;29,19;35
20220531.gml.geo,hub,hotspot,462,0x1.d60e898c2d1a9p-9,14;30,19
20220531.gml.geo,hub,hotspot,463,0x1.11241f7e6d3c7p-10,15;30;0,20;1
20220531.gml.geo,hub,hotspot,464,0x1.f2a42d966e1dfp-11,15;30;1,20;2
20220531.gml.geo,hub,hotspot,465,0x1.f2a42d966e1dfp-11,15;30;2,20;3
20220531.gml.geo,hub,hotspot,466,0x1.f2a42d966e1dfp-11,15;30;3,20;4
20220531.gml.geo,hub,hotspot,467,0x1.f2a42d966e1dfp-11,15;30;4,20;5
20220531.gml.geo,hub,hotspot,468,0x1.589a39980fc4cp-10,15;30;5,20;9
20220531.gml.geo,hub,hotspot,469,0x1.f2a42d966e1dfp-11,15;30;6,20;10
20220531.gml.geo,hub,hotspot,470,0x1.f2a42d966e1dfp-11,15;30;7,20;11
20220531.gml.geo,hub,hotspot,471,0x1.11241f7e6d3c7p-10,15;30;8,20;12
20220531.gml.geo,hub,hotspot,472,0x1.f2a42d966e1dfp-11,15;30;9,20;13
20220531.gml.geo,hub,hotspot,473,0x1.f2a42d966e1dfp-11,15;30;10,20;14
20220531.gml.geo,hub,hotspot,474,0x1.f2a42d966e1dfp-11,15;30;11,20;15
20220531.gml.geo,hub,hotspot,475,0x1.11241f7e6d3c7p-10,15;30;12,20;17
20220531.gml.geo,hub,hotspot,476,0x1.11241f7e6d3c7p-10,15;30;13,20;18
20220531.gml.geo,hub,hotspot,477,0x1.f2a42d966e1dfp-11,15;30;14,20;19
20220531.gml.geo,hub,hotspot,478,0x1.f2a42d966e1dfp-11,15;30;16,20;21
20220531.gml.geo,hub,hotspot,479,0x1.f2a42d966e1dfp-11,15;30;17,20;22
20220531.gml.geo,hub,hotspot,480,0x1.f2a42d966e1dfp-11,15;30;18,20;23
20220531.gml.geo,hub,hotspot,481,0x1.f2a42d966e1dfp-11,15;30;19,20;24
20220531.gml.geo,hub,hotspot,482,0x1.40c830e4d9975p-10,15;30;20,20;26
20220531.gml.geo,hub,hotspot,483,0x1.f2a42d966e1dfp-11,15;30;21,20;27
20220531.gml.geo,hub,hotspot,484,0x1.f2a42d966e1dfp-11,15;30;22,20;28
20220531.gml.geo,hub,hotspot,485,0x1.f2a42d966e1dfp-11,15;30;23,20;29
20220531.gml.geo,hub,hotspot,486,0x1.f2a42d966e1dfp-11,15;30;24,20;30
20220531.gml.geo,hub,hotspot,487,0x1.f2a42d966e1dfp-11,15;30;25,20;31
20220531.gml.geo,hub,hotspot,488,0x1.11241f7e6d3c7p-10,15;30;26,20;32
20220531.gml.geo,hub,hotspot,489,0x1.f2a42d966e1dfp-11,15;30;27,20;33
20220531.gml.geo,hub,hotspot,490,0x1.f2a42d966e1dfp-11,15;30;28,20;34
20220531.gml.geo,hub,hotspot,491,0x1.f2a42d966e1dfp-11,15;30;29,20;35
20220531.gml.geo,hub,hotspot,492,0x1.d60e898c2d1a9p-9,15;30,20
20220531.gml.geo,hub,hotspot,493,0x1.11241f7e6d3c7p-10,16;30;0,21;1
20220531.gml.geo,hub,hotspot,494,0x1.f2a42d966e1dfp-11,16;30;1,21;2
20220531.gml.geo,hub,hotspot,495,0x1.f2a42d966e1dfp-11,16;30;2,21;3
20220531.gml.geo,hub,hotspot,496,0x1.f2a42d966e1dfp-11,16;30;3,21;4
20220531.gml.geo,hub,hotspot,497,0x1.f2a42d966e1dfp-11,16;30;4,21;5
20220531.gml.geo,hub,hotspot,498,0x1.589a39980fc4cp-10,16;30;5,21;9
20220531.gml.geo,hub,hotspot,499,0x1.f2a42d966e1dfp-11,16;30;6,21;10
20220531.gml.geo,hub,hotspot,500,0x1.f2a42d966e1dfp-11,16;30;7,21;11
20220531.gml.geo,hub,hotspot,501,0x1.11241f7e6d3c7p-10,16;30;8,21;12
20220531.gml.geo,hub,hotspot,502,0x1.f2a42d966e1dfp-11,16;30;9,21;13
20220531.gml.geo,hub,hotspot,503,0x1.f2a42d966e1dfp-11,16;30;10,21;14
20220531.gml.geo,hub,hotspot,504,0x1.f2a42d966e1dfp-11,16;30;11,21;15
20220531.gml.geo,hub,hotspot,505,0x1.11241f7e6d3c7p-10,16;30;12,21;17
20220531.gml.geo,hub,hotspot,506,0x1.11241f7e6d3c7p-10,16;30;13,21;18
20220531.gml.geo,hub,hotspot,507,0x1.f2a42d966e1dfp-11,16;30;14,21;19
20220531.gml.geo,hub,hotspot,508,0x1.f2a42d966e1dfp-11,16;30;15,21;20
20220531.gml.geo,hub,hotspot,509,0x1.f2a42d966e1dfp-11,16;30;17,21;22
20220531.gml.geo,hub,hotspot,510,0x1.f2a42d966e1dfp-11,16;30;18,21;23
20220531.gml.geo,hub,hotspot,511,0x1.f2a42d966e1dfp-11,16;30;19,21;24
20220531.gml.geo,hub,hotspot,512,0x1.40c830e4d9975p-10,16;30;20,21;26
20220531.gml.geo,hub,hotspot,513,0x1.f2a42d966e1dfp-11,16;30;21,21;27
20220531.gml.geo,hub,hotspot,514,0x1.f2a42d966e1dfp-11,16;30;22,21;28
20220531.gml.geo,hub,hotspot,515,0x1.f2a42d966e1dfp-11,16;30;23,21;29
20220531.gml.geo,hub,hotspot,516,0x1.f2a42d966e1dfp-11,16;30;24,21;30
20220531.gml.geo,hub,hotspot,517,0x1.f2a42d966e1dfp-11,16;30;25,21;31
20220531.gml.geo,hub,hotspot,518,0x1.11241f7e6d3c7p-10,16;30;26,21;32
20220531.gml.geo,hub,hotspot,519,0x1.f2a42d966e1dfp-11,16;30;27,21;33
20220531.gml.geo,hub,hotspot,520,0x1.f2a42d966e1dfp-11,16;30;28,21;34
20220531.gml.geo,hub,hotspot,521,0x1.f2a42d966e1dfp-11,16;30;29,21;35
20220531.gml.geo,hub,hotspot,522,0x1.d60e898c2d1a9p-9,16;30,21
20220531.gml.geo,hub,hotspot,523,0x1.11241f7e6d3c7p-10,17;30;0,22;1
20220531.gml.geo,hub,hotspot,524,0x1.f2a42d966e1dfp-11,17;30;1,22;2
20220531.gml.geo,hub,hotspot,525,0x1.f2a42d966e1dfp-11,17;30;2,22;3
20220531.gml.geo,hub,hotspot,526,0x1.f2a42d966e1dfp-11,17;30;3,22;4
20220531.gml.geo,hub,hotspot,527,0x1.f2a42d966e1dfp-11,17;30;4,22;5
20220531.gml.geo,hub,hotspot,528,0x1.589a39980fc4cp-10,17;30;5,22;9
20220531.gml.geo,hub,hotspot,529,0x1.f2a42d966e1dfp-11,17;30;6,22;10
20220531.gml.geo,hub,hotspot,530,0x1.f2a42d966e1dfp-11,17;30;7,22;11
20220531.gml.geo,hub,hotspot,531,0x1.11241f7e6d3c7p-10,17;30;8,22;12
20220531.gml.geo,hub,hotspot,532,0x1.f2a42d966e1dfp-11,17;30;9,22;13
20220531.gml.geo,hub,hotspot,533,0x1.f2a42d966e1dfp-11,17;30;10,22;14
20220531.gml.geo,hub,hotspot,534,0x1.f2a42d966e1dfp-11,17;30;11,22;15
20220531.gml.geo,hub,hotspot,535,0x1.11241f7e6d3c7p-10,17;30;12,22;17
20220531.gml.geo,hub,hotspot,536,0x1.11241f7e6d3c7p-10,17;30;13,22;18
20220531.gml.geo,hub,hotspot,537,0x1.f2a42d966e1dfp-11,17;30;14,22;19
20220531.gml.geo,hub,hotspot,538,0x1.f2a42d966e1dfp-11,17;30;15,22;20
20220531.gml.geo,hub,hotspot,539,0x1.f2a42d966e1dfp-11,17;30;16,22;21
20220531.gml.geo,hub,hotspot,540,0x1.f2a42d966e1dfp-11,17;30;18,22;23
20220531.gml.geo,hub,hotspot,541,0x1.f2a42d966e1dfp-11,17;30;19,22;24
20220531.gml.geo,hub,hotspot,542,0x1.40c830e4d9975p-10,17;30;20,22;26
20220531.gml.geo,hub,hotspot,543,0x1.f2a42d966e1dfp-11,17;30;21,22;27
20220531.gml.geo,hub,hotspot,544,0x1.f2a42d966e1dfp-11,17;30;22,22;28
20220531.gml.geo,hub,hotspot,545,0x1.f2a42d966e1dfp-11,17;30;23,22;29
20220531.gml.geo,hub,hotspot,546,0x1.f2a42d966e1dfp-11,17;30;24,22;30
20220531.gml.geo,hub,hotspot,547,0x1.f2a42d966e1dfp-11,17;30;25,22;31
20220531.gml.geo,hub,hotspot,548,0x1.11241f7e6d3c7p-10,17;30;26,22;32
20220531.gml.geo,hub,hotspot,549,0x1.f2a42d966e1dfp-11,17;30;27,22;33
20220531.gml.geo,hub,hotspot,550,0x1.f2a42d966e1dfp-11,17;30;28,22;34
20220531.gml.geo,hub,hotspot,551,0x1.f2a42d966e1dfp-11,17;30;29,22;35
20220531.gml.geo,hub,hotspot,552,0x1.d60e898c2d1a9p-9,17;30,22
20220531.gml.geo,hub,hotspot,553,0x1.11241f7e6d3c7p-10,18;30;0,23;1
20220531.gml.geo,hub,hotspot,554,0x1.f2a42d966e1dfp-11,18;30;1,23;2
20220531.gml.geo,hub,hotspot,555,0x1.f2a42d966e1dfp-11,18;30;2,23;3
20220531.gml.geo,hub,hotspot,556,0x1.f2a42d966e1dfp-11,18;30;3,23;4
20220531.gml.geo,hub,hotspot,557,0x1.f2a42d966e1dfp-11,18;30;4,23;5
20220531.gml.geo,hub,hotspot,558,0x1.589a39980fc4cp-10,18;30;5,23;9
20220531.gml.geo,hub,hotspot,559,0x1.f2a42d966e1dfp-11,18;30;6,23;10
20220531.gml.geo,hub,hotspot,560,0x1.f2a42d966e1dfp-11,18;30;7,23;11
20220531.gml.geo,hub,hotspot,561,0x1.11241f7e6d3c7p-10,18;30;8,23;12
20220531.gml.geo,hub,hotspot,562,0x1.f2a42d966e1dfp-11,18;30;9,23;13
20220531.gml.geo,hub,hotspot,563,0x1.f2a42d966e1dfp-11,18;30;10,23;14
20220531.gml.geo,hub,hotspot,564,0x1.f2a42d966e1dfp-11,18;30;11,23;15
20220531.gml.geo,hub,hotspot,565,0x1.11241f7e6d3c7p-10,18;30;12,23;17
20220531.gml.geo,hub,hotspot,566,0x1.11241f7e6d3c7p-10,18;30;13,23;18
20220531.gml.geo,hub,hotspot,567,0x1.f2a42d966e1dfp-11,18;30;14,23;19
20220531.gml.geo,hub,hotspot,568,0x1.f2a42d966e1dfp-11,18;30;15,23;20
20220531.gml.geo,hub,hotspot,569,0x1.f2a42d966e1dfp-11,18;30;16,23;21
20220531.gml.geo,hub,hotspot,570,0x1.f2a42d966e1dfp-11,18;30;17,23;22
20220531.gml.geo,hub,hotspot,571,0x1.f2a42d966e1dfp-11,18;30;19,23;24
20220531.gml.geo,hub,hotspot,572,0x1.40c830e4d9975p-10,18;30;20,23;26
20220531.gml.geo,hub,hotspot,573,0x1.f2a42d966e1dfp-11,18;30;21,23;27
20220531.gml.geo,hub,hotspot,574,0x1.f2a42d966e1dfp-11,18;30;22,23;28
20220531.gml.geo,hub,hotspot,575,0x1.f2a42d966e1dfp-11,18;30;23,23;29
20220531.gml.geo,hub,hotspot,576,0x1.f2a42d966e1dfp-11,18;30;24,23;30
20220531.gml.geo,hub,hotspot,577,0x1.f2a42d966e1dfp-11,18;30;25,23;31
20220531.gml.geo,hub,hotspot,578,0x1.11241f7e6d3c7p-10,18;30;26,23;32
20220531.gml.geo,hub,hotspot,579,0x1.f2a42d966e1dfp-11,18;30;27,23;33
20220531.gml.geo,hub,hotspot,580,0x1.f2a42d966e1dfp-11,18;30;28,23;34
20220531.gml.geo,hub,hotspot,581,0x1.f2a42d966e1dfp-11,18;30;29,23;35
20220531.gml.geo,hub,hotspot,582,0x1.d60e898c2d1a9p-9,18;30,23
20220531.gml.geo,hub,hotspot,583,0x1.11241f7e6d3c7p-10,19;30;0,24;1
20220531.gml.geo,hub,hotspot,584,0x1.f2a42d966e1dfp-11,19;30;1,24;2
20220531.gml.geo,hub,hotspot,585,0x1.f2a42d966e1dfp-11,19;30;2,24;3
20220531.gml.geo,hub,hotspot,586,0x1.f2a42d966e1dfp-11,19;30;3,24;4
20220531.gml.geo,hub,hotspot,587,0x1.f2a42d966e1dfp-11,19;30;4,24;5
20220531.gml.geo,hub,hotspot,588,0x1.589a39980fc4cp-10,19;30;5,24;9
20220531.gml.geo,hub,hotspot,589,0x1.f2a42d966e1dfp-11,19;30;6,24;10
20220531.gml.geo,hub,hotspot,590,0x1.f2a42d966e1dfp-11,19;30;7,24;11
20220531.gml.geo,hub,hotspot,591,0x1.11241f7e6d3c7p-10,19;30;8,24;12
20220531.gml.geo,hub,hotspot,592,0x1.f2a42d966e1dfp-11,19;30;9,24;13
20220531.gml.geo,hub,hotspot,593,0x1.f2a42d966e1dfp-11,19;30;10,24;14
20220531.gml.geo,hub,hotspot,594,0x1.f2a42d966e1dfp-11,19;30;11,24;15
20220531.gml.geo,hub,hotspot,595,0x1.11241f7e6d3c7p-10,19;30;12,24;17
20220531.gml.geo,hub,hotspot,596,0x1.11241f7e6d3c7p-10,19;30;13,24;18
20220531.gml.geo,hub,hotspot,597,0x1.f2a42d966e1dfp-11,19;30;14,24;19
20220531.gml.geo,hub,hotspot,598,0x1.f2a42d966e1dfp-11,19;30;15,24;20
20220531.gml.geo,hub,hotspot,599,0x1.f2a42d966e1dfp-11,19;30;16,24;21
20220531.gml.geo,hub,hotspot,600,0x1.f2a42d966e1dfp-11,19;30;17,24;22
20220531.gml.geo,hub,hotspot,601,0x1.f2a42d966e1dfp-11,19;30;18,24;23
20220531.gml.geo,hub,hotspot,602,0x1.40c830e4d9975p-10,19;30;20,24;26
20220531.gml.geo,hub,hotspot,603,0x1.f2a42d966e1dfp-11,19;30;21,24;27
20220531.gml.geo,hub,hotspot,604,0x1.f2a42d966e1dfp-11,19;30;22,24;28
20220531.gml.geo,hub,hotspot,605,0x1.f2a42d966e1dfp-11,19;30;23,24;29
20220531.gml.geo,hub,hotspot,606,0x1.f2a42d966e1dfp-11,19;30;24,24;30
20220531.gml.geo,hub,hotspot,607,0x1.f2a42d966e1dfp-11,19;30;25,24;31
20220531.gml.geo,hub,hotspot,608,0x1.11241f7e6d3c7p-10,19;30;26,24;32
20220531.gml.geo,hub,hotspot,609,0x1.f2a42d966e1dfp-11,19;30;27,24;33
20220531.gml.geo,hub,hotspot,610,0x1.f2a42d966e1dfp-11,19;30;28,24;34
20220531.gml.geo,hub,hotspot,611,0x1.f2a42d966e1dfp-11,19;30;29,24;35
20220531.gml.geo,hub,hotspot,612,0x1.d60e898c2d1a9p-9,19;30,24
20220531.gml.geo,hub,hotspot,613,0x1.133e2f5201134p-11,20;5;0,8;0
20220531.gml.geo,hub,hotspot,614,0x1.133e2f5201134p-11,20;30;0,26;1
20220531.gml.geo,hub,hotspot,615,0x1.f4be3d6a01f4cp-11,20;30;1,26;2
20220531.gml.geo,hub,hotspot,616,0x1.f4be3d6a01f4cp-11,20;30;2,26;3
20220531.gml.geo,hub,hotspot,617,0x1.f4be3d6a01f4cp-11,20;30;3,26;4
20220531.gml.geo,hub,hotspot,618,0x1.f4be3d6a01f4cp-11,20;30;4,26;5
20220531.gml.geo,hub,hotspot,619,0x1.5ddb6129015dep-10,20;5,8
20220531.gml.geo,hub,hotspot,620,0x1.f4be3d6a01f4cp-11,20;30;6,26;10
20220531.gml.geo,hub,hotspot,621,0x1.f4be3d6a01f4cp-11,20;30;7,26;11
20220531.gml.geo,hub,hotspot,622,0x1.133e2f5201134p-11,20;5;8,8;6
20220531.gml.geo,hub,hotspot,623,0x1.133e2f5201134p-11,20;30;8,26;12
20220531.gml.geo,hub,hotspot,624,0x1.f4be3d6a01f4cp-11,20;30;9,26;13
20220531.gml.geo,hub,hotspot,625,0x1.f4be3d6a01f4cp-11,20;30;10,26;14
20220531.gml.geo,hub,hotspot,626,0x1.f4be3d6a01f4cp-11,20;30;11,26;15
20220531.gml.geo,hub,hotspot,627,0x1.133e2f5201134p-10,20;12,16
20220531.gml.geo,hub,hotspot,628,0x1.133e2f5201134p-11,20;5;13,8;7
20220531.gml.geo,hub,hotspot,629,0x1.133e2f5201134p-11,20;30;13,26;18
20220531.gml.geo,hub,hotspot,630,0x1.f4be3d6a01f4cp-11,20;30;14,26;19
20220531.gml.geo,hub,hotspot,631,0x1.f4be3d6a01f4cp-11,20;30;15,26;20
20220531.gml.geo,hub,hotspot,632,0x1.f4be3d6a01f4cp-11,20;30;16,26;21
20220531.gml.geo,hub,hotspot,633,0x1.f4be3d6a01f4cp-11,20;30;17,26;22
20220531.gml.geo,hub,hotspot,634,0x1.f4be3d6a01f4cp-11,20;30;18,26;23
20220531.gml.geo,hub,hotspot,635,0x1.f4be3d6a01f4cp-11,20;30;19,26;24
20220531.gml.geo,hub,hotspot,636,0x1.f4be3d6a01f4cp-11,20;30;21,26;27
20220531.gml.geo,hub,hotspot,637,0x1.f4be3d6a01f4cp-11,20;30;22,26;28
20220531.gml.geo,hub,hotspot,638,0x1.f4be3d6a01f4cp-11,20;30;23,26;29
20220531.gml.geo,hub,hotspot,639,0x1.f4be3d6a01f4cp-11,20;30;24,26;30
20220531.gml.geo,hub,hotspot,640,0x1.f4be3d6a01f4cp-11,20;30;25,26;31
20220531.gml.geo,hub,hotspot,641,0x1.133e2f5201134p-10,20;26,25
20220531.gml.geo,hub,hotspot,642,0x1.f4be3d6a01f4cp-11,20;30;27,26;33
20220531.gml.geo,hub,hotspot,643,0x1.f4be3d6a01f4cp-11,20;30;28,26;34
20220531.gml.geo,hub,hotspot,644,0x1.f4be3d6a01f4cp-11,20;30;29,26;35
20220531.gml.geo,hub,hotspot,645,0x1.e5d2003f01e5dp-9,20;30,26
20220531.gml.geo,hub,hotspot,646,0x1.11241f7e6d3c7p-10,21;30;0,27;1
20220531.gml.geo,hub,hotspot,647,0x1.f2a42d966e1dfp-11,21;30;1,27;2
20220531.gml.geo,hub,hotspot,648,0x1.f2a42d966e1dfp-11,21;30;2,27;3
20220531.gml.geo,hub,hotspot,649,0x1.f2a42d966e1dfp-11,21;30;3,27;4
20220531.gml.geo,hub,hotspot,650,0x1.f2a42d966e1dfp-11,21;30;4,27;5
20220531.gml.geo,hub,hotspot,651,0x1.589a39980fc4cp-10,21;30;5,27;9
20220531.gml.geo,hub,hotspot,652,0x1.f2a42d966e1dfp-11,21;30;6,27;10
20220531.gml.geo,hub,hotspot,653,0x1.f2a42d966e1dfp-11,21;30;7,27;11
20220531.gml.geo,hub,hotspot,654,0x1.11241f7e6d3c7p-10,21;30;8,27;12
20220531.gml.geo,hub,hotspot,655,0x1.f2a42d966e1dfp-11,21;30;9,27;13
20220531.gml.geo,hub,hotspot,656,0x1.f2a42d966e1dfp-11,21;30;10,27;14
20220531.gml.geo,hub,hotspot,657,0x1.f2a42d966e1dfp-11,21;30;11,27;15
20220531.gml.geo,hub,hotspot,658,0x1.11241f7e6d3c7p-10,21;30;12,27;17
20220531.gml.geo,hub,hotspot,659,0x1.11241f7e6d3c7p-10,21;30;13,27;18
20220531.gml.geo,hub,hotspot,660,0x1.f2a42d966e1dfp-11,21;30;14,27;19
20220531.gml.geo,hub,hotspot,661,0x1.f2a42d966e1dfp-11,21;30;15,27;20
20220531.gml.geo,hub,hotspot,662,0x1.f2a42d966e1dfp-11,21;30;16,27;21
20220531.gml.geo,hub,hotspot,663,0x1.f2a42d966e1dfp-11,21;30;17,27;22
20220531.gml.geo,hub,hotspot,664,0x1.f2a42d966e1dfp-11,21;30;18,27;23
20220531.gml.geo,hub,hotspot,665,0x1.f2a42d966e1dfp-11,21;30;19,27;24
20220531.gml.geo,hub,hotspot,666,0x1.40c830e4d9975p-10,21;30;20,27;26
20220531.gml.geo,hub,hotspot,667,0x1.f2a42d966e1dfp-11,21;30;22,27;28
20220531.gml.geo,hub,hotspot,668,0x1.f2a42d966e1dfp-11,21;30;23,27;29
20220531.gml.geo,hub,hotspot,669,0x1.f2a42d966e1dfp-11,21;30;24,27;30
20220531.gml.geo,hub,hotspot,670,0x1.f2a42d966e1dfp-11,21;30;25,27;31
20220531.gml.geo,hub,hotspot,671,0x1.11241f7e6d3c7p-10,21;30;26,27;32
20220531.gml.geo,hub,hotspot,672,0x1.f2a42d966e1dfp-11,21;30;27,27;33
20220531.gml.geo,hub,hotspot,673,0x1.f2a42d966e1dfp-11,21;30;28,27;34
20220531.gml.geo,hub,hotspot,674,0x1.f2a42d966e1dfp-11,21;30;29,27;35
20220531.gml.geo,hub,hotspot,675,0x1.d60e898c2d1a9p-9,21;30,27
20220531.gml.geo,hub,hotspot,676,0x1.11241f7e6d3c7p-10,22;30;0,28;1
20220531.gml.geo,hub,hotspot,677,0x1.f2a42d966e1dfp-11,22;30;1,28;2
20220531.gml.geo,hub,hotspot,678,0x1.f2a42d966e1dfp-11,22;30;2,28;3
20220531.gml.geo,hub,hotspot,679,0x1.f2a42d966e1dfp-11,22;30;3,28;4
20220531.gml.geo,hub,hotspot,680,0x1.f2a42d966e1dfp-11,22;30;4,28;5
20220531.gml.geo,hub,hotspot,681,0x1.589a39980fc4cp-10,22;30;5,28;9
20220531.gml.geo,hub,hotspot,682,0x1.f2a42d966e1dfp-11,22;30;6,28;10
20220531.gml.geo,hub,hotspot,683,0x1.f2a42d966e1dfp-11,22;30;7,28;11
20220531.gml.geo,hub,hotspot,684,0x1.11241f7e6d3c7p-10,22;30;8,28;12
20220531.gml.geo,hub,hotspot,685,0x1.f2a42d966e1dfp-11,22;30;9,28;13
20220531.gml.geo,hub,hotspot,686,0x1.f2a42d966e1dfp-11,22;30;10,28;14
20220531.gml.geo,hub,hotspot,687,0x1.f2a42d966e1dfp-11,22;30;11,28;15
20220531.gml.geo,hub,hotspot,688,0x1.11241f7e6d3c7p-10,22;30;12,28;17
20220531.gml.geo,hub,hotspot,689,0x1.11241f7e6d3c7p-10,22;30;13,28;18
20220531.gml.geo,hub,hotspot,690,0x1.f2a42d966e1dfp-11,22;30;14,28;19
20220531.gml.geo,hub,hotspot,691,0x1.f2a42d966e1dfp-11,22;30;15,28;20
20220531.gml.geo,hub,hotspot,692,0x1.f2a42d966e1dfp-11,22;30;16,28;21
20220531.gml.geo,hub,hotspot,693,0x1.f2a42d966e1dfp-11,22;30;17,28;22
20220531.gml.geo,hub,hotspot,694,0x1.f2a42d966e1dfp-11,22;30;18,28;23
20220531.gml.geo,hub,hotspot,695,0x1.f2a42d966e1dfp-11,22;30;19,28;24
20220531.gml.geo,hub,hotspot,696,0x1.40c830e4d9975p-10,22;30;20,28;26
20220531.gml.geo,hub,hotspot,697,0x1.f2a42d966e1dfp-11,22;30;21,28;27
20220531.gml.geo,hub,hotspot,698,0x1.f2a42d966e1dfp-11,22;30;23,28;29
20220531.gml.geo,hub,hotspot,699,0x1.f2a42d966e1dfp-11,22;30;24,28;30
20220531.gml.geo,hub,hotspot,700,0x1.f2a42d966e1dfp-11,22;30;25,28;31
20220531.gml.geo,hub,hotspot,701,0x1.11241f7e6d3c7p-10,22;30;26,28;32
20220531.gml.geo,hub,hotspot,702,0x1.f2a42d966e1dfp-11,22;30;27,28;33
20220531.gml.geo,hub,hotspot,703,0x1.f2a42d966e1dfp-11,22;30;28,28;34
20220531.gml.geo,hub,hotspot,704,0x1.f2a42d966e1dfp-11,22;30;29,28;35
20220531.gml.geo,hub,hotspot,705,0x1.d60e898c2d1a9p-9,22;30,28
20220531.gml.geo,hub,hotspot,706,0x1.11241f7e6d3c7p-10,23;30;0,29;1
20220531.gml.geo,hub,hotspot,707,0x1.f2a42d966e1dfp-11,23;30;1,29;2
20220531.gml.geo,hub,hotspot,708,0x1.f2a42d966e1dfp-11,23;30;2,29;3
20220531.gml.geo,hub,hotspot,709,0x1.f2a42d966e1dfp-11,23;30;3,29;4
20220531.gml.geo,hub,hotspot,710,0x1.f2a42d966e1dfp-11,23;30;4,29;5
20220531.gml.geo,hub,hotspot,711,0x1.589a39980fc4cp-10,23;30;5,29;9
20220531.gml.geo,hub,hotspot,712,0x1.f2a42d966e1dfp-11,23;30;6,29;10
20220531.gml.geo,hub,hotspot,713,0x1.f2a42d966e1dfp-11,23;30;7,29;11
20220531.gml.geo,hub,hotspot,714,0x1.11241f7e6d3c7p-10,23;30;8,29;12
20220531.gml.geo,hub,hotspot,715,0x1.f2a42d966e1dfp-11,23;30;9,29;13
20220531.gml.geo,hub,hotspot,716,0x1.f2a42d966e1dfp-11,23;30;10,29;14
20220531.gml.geo,hub,hotspot,717,0x1.f2a42d966e1dfp-11,23;30;11,29;15
20220531.gml.geo,hub,hotspot,718,0x1.11241f7e6d3c7p-10,23;30;12,29;17
20220531.gml.geo,hub,hotspot,719,0x1.11241f7e6d3c7p-10,23;30;13,29;18
20220531.gml.geo,hub,hotspot,720,0x1.f2a42d966e1dfp-11,23;30;14,29;19
20220531.gml.geo,hub,hotspot,721,0x1.f2a42d966e1dfp-11,23;30;15,29;20
20220531.gml.geo,hub,hotspot,722,0x1.f2a42d966e1dfp-11,23;30;16,29;21
20220531.gml.geo,hub,hotspot,723,0x1.f2a42d966e1dfp-11,23;30;17,29;22
20220531.gml.geo,hub,hotspot,724,0x1.f2a42d966e1dfp-11,23;30;18,29;23
20220531.gml.geo,hub,hotspot,725,0x1.f2a42d966e1dfp-11,23;30;19,29;24
20220531.gml.geo,hub,hotspot,726,0x1.40c830e4d9975p-10,23;30;20,29;26
20220531.gml.geo,hub,hotspot,727,0x1.f2a42d966e1dfp-11,23;30;21,29;27
20220531.gml.geo,hub,hotspot,728,0x1.f2a42d966e1dfp-11,23;30;22,29;28
20220531.gml.geo,hub,hotspot,729,0x1.f2a42d966e1dfp-11,23;30;24,29;30
20220531.gml.geo,hub,hotspot,730,0x1.f2a42d966e1dfp-11,23;30;25,29;31
20220531.gml.geo,hub,hotspot,731,0x1.11241f7e6d3c7p-10,23;30;26,29;32
20220531.gml.geo,hub,hotspot,732,0x1.f2a42d966e1dfp-11,23;30;27,29;33
20220531.gml.geo,hub,hotspot,733,0x1.f2a42d966e1dfp-11,23;30;28,29;34
20220531.gml.geo,hub,hotspot,734,0x1.f2a42d966e1dfp-11,23;30;29,29;35
20220531.gml.geo,hub,hotspot,735,0x1.d60e898c2d1a9p-9,23;30,29
20220531.gml.geo,hub,hotspot,736,0x1.11241f7e6d3c7p-10,24;30;0,30;1
20220531.gml.geo,hub,hotspot,737,0x1.f2a42d966e1dfp-11,24;30;1,30;2
20220531.gml.geo,hub,hotspot,738,0x1.f2a42d966e1dfp-11,24;30;2,30;3
20220531.gml.geo,hub,hotspot,739,0x1.f2a42d966e1dfp-11,24;30;3,30;4
20220531.gml.geo,hub,hotspot,740,0x1.f2a42d966e1dfp-11,24;30;4,30;5
20220531.gml.geo,hub,hotspot,741,0x1.589a39980fc4cp-10,24;30;5,30;9
20220531.gml.geo,hub,hotspot,742,0x1.f2a42d966e1dfp-11,24;30;6,30;10
20220531.gml.geo,hub,hotspot,743,0x1.f2a42d966e1dfp-11,24;30;7,30;11
20220531.gml.geo,hub,hotspot,744,0x1.11241f7e6d3c7p-10,24;30;8,30;12
20220531.gml.geo,hub,hotspot,745,0x1.f2a42d966e1dfp-11,24;30;9,30;13
20220531.gml.geo,hub,hotspot,746,0x1.f2a42d966e1dfp-11,24;30;10,30;14
20220531.gml.geo,hub,hotspot,747,0x1.f2a42d966e1dfp-11,24;30;11,30;15
20220531.gml.geo,hub,hotspot,748,0x1.11241f7e6d3c7p-10,24;30;12,30;17
20220531.gml.geo,hub,hotspot,749,0x1.11241f7e6d3c7p-10,24;30;13,30;18
20220531.gml.geo,hub,hotspot,750,0x1.f2a42d966e1dfp-11,24;30;14,30;19
20220531.gml.geo,hub,hotspot,751,0x1.f2a42d966e1dfp-11,24;30;15,30;20
20220531.gml.geo,hub,hotspot,752,0x1.f2a42d966e1dfp-11,24;30;16,30;21
20220531.gml.geo,hub,hotspot,753,0x1.f2a42d966e1dfp-11,24;30;17,30;22
20220531.gml.geo,hub,hotspot,754,0x1.f2a42d966e1dfp-11,24;30;18,30;23
20220531.gml.geo,hub,hotspot,755,0x1.f2a42d966e1dfp-11,24;30;19,30;24
20220531.gml.geo,hub,hotspot,756,0x1.40c830e4d9975p-10,24;30;20,30;26
20220531.gml.geo,hub,hotspot,757,0x1.f2a42d966e1dfp-11,24;30;21,30;27
20220531.gml.geo,hub,hotspot,758,0x1.f2a42d966e1dfp-11,24;30;22,30;28
20220531.gml.geo,hub,hotspot,759,0x1.f2a42d966e1dfp-11,24;30;23,30;29
20220531.gml.geo,hub,hotspot,760,0x1.f2a42d966e1dfp-11,24;30;25,30;31
20220531.gml.geo,hub,hotspot,761,0x1.11241f7e6d3c7p-10,24;30;26,30;32
20220531.gml.geo,hub,hotspot,762,0x1.f2a42d966e1dfp-11,24;30;27,30;33
20220531.gml.geo,hub,hotspot,763,0x1.f2a42d966e1dfp-11,24;30;28,30;34
20220531.gml.geo,hub,hotspot,764,0x1.f2a42d966e1dfp-11,24;30;29,30;35
20220531.gml.geo,hub,hotspot,765,0x1.d60e898c2d1a9p-9,24;30,30
20220531.gml.geo,hub,hotspot,766,0x1.11241f7e6d3c7p-10,25;30;0,31;1
20220531.gml.geo,hub,hotspot,767,0x1.f2a42d966e1dfp-11,25;30;1,31;2
20220531.gml.geo,hub,hotspot,768,0x1.f2a42d966e1dfp-11,25;30;2,31;3
20220531.gml.geo,hub,hotspot,769,0x1.f2a42d966e1dfp-11,25;30;3,31;4
20220531.gml.geo,hub,hotspot,770,0x1.f2a42d966e1dfp-11,25;30;4,31;5
20220531.gml.geo,hub,hotspot,771,0x1.589a39980fc4cp-10,25;30;5,31;9
20220531.gml.geo,hub,hotspot,772,0x1.f2a42d966e1dfp-11,25;30;6,31;10
20220531.gml.geo,hub,hotspot,773,0x1.f2a42d966e1dfp-11,25;30;7,31;11
20220531.gml.geo,hub,hotspot,774,0x1.11241f7e6d3c7p-10,25;30;8,31;12
20220531.gml.geo,hub,hotspot,775,0x1.f2a42d966e1dfp-11,25;30;9,31;13
20220531.gml.geo,hub,hotspot,776,0x1.f2a42d966e1dfp-11,25;30;10,31;14
20220531.gml.geo,hub,hotspot,777,0x1.f2a42d966e1dfp-11,25;30;11,31;15
20220531.gml.geo,hub,hotspot,778,0x1.11241f7e6d3c7p-10,25;30;12,31;17
20220531.gml.geo,hub,hotspot,779,0x1.11241f7e6d3c7p-10,25;30;13,31;18
20220531.gml.geo,hub,hotspot,780,0x1.f2a42d966e1dfp-11,25;30;14,31;19
20220531.gml.geo,hub,hotspot,781,0x1.f2a42d966e1dfp-11,25;30;15,31;20
20220531.gml.geo,hub,hotspot,782,0x1.f2a42d966e1dfp-11,25;30;16,31;21
20220531.gml.geo,hub,hotspot,783,0x1.f2a42d966e1dfp-11,25;30;17,31;22
20220531.gml.geo,hub,hotspot,784,0x1.f2a42d966e1dfp-11,25;30;18,31;23
20220531.gml.geo,hub,hotspot,785,0x1.f2a42d966e1dfp-11,25;30;19,31;24
20220531.gml.geo,hub,hotspot,786,0x1.40c830e4d9975p-10,25;30;20,31;26
20220531.gml.geo,hub,hotspot,787,0x1.f2a42d966e1dfp-11,25;30;21,31;27
20220531.gml.geo,hub,hotspot,788,0x1.f2a42d966e1dfp-11,25;30;22,31;28
20220531.gml.geo,hub,hotspot,789,0x1.f2a42d966e1dfp-11,25;30;23,31;29
20220531.gml.geo,hub,hotspot,790,0x1.f2a42d966e1dfp-11,25;30;24,31;30
20220531.gml.geo,hub,hotspot,791,0x1.11241f7e6d3c7p-10,25;30;26,31;32
20220531.gml.geo,hub,hotspot,792,0x1.f2a42d966e1dfp-11,25;30;27,31;33
20220531.gml.geo,hub,hotspot,793,0x1.f2a42d966e1dfp-11,25;30;28,31;34
20220531.gml.geo,hub,hotspot,794,0x1.f2a42d966e1dfp-11,25;30;29,31;35
20220531.gml.geo,hub,hotspot,795,0x1.d60e898c2d1a9p-9,25;30,31
20220531.gml.geo,hub,hotspot,796,0x1.11d25a41b7ed4p-10,26;30;0,32;1
20220531.gml.geo,hub,hotspot,797,0x1.f3526859b8cecp-11,26;30;1,32;2
20220531.gml.geo,hub,hotspot,798,0x1.f3526859b8cecp-11,26;30;2,32;3
20220531.gml.geo,hub,hotspot,799,0x1.f3526859b8cecp-11,26;30;3,32;4
20220531.gml.geo,hub,hotspot,800,0x1.f3526859b8cecp-11,26;30;4,32;5
20220531.gml.geo,hub,hotspot,801,0x1.5a4dcc804a7eep-11,26;20;5,25;8
20220531.gml.geo,hub,hotspot,802,0x1.5a4dcc804a7eep-11,26;30;5,32;9
20220531.gml.geo,hub,hotspot,803,0x1.f3526859b8cecp-11,26;30;6,32;10
20220531.gml.geo,hub,hotspot,804,0x1.f3526859b8cecp-11,26;30;7,32;11
20220531.gml.geo,hub,hotspot,805,0x1.11d25a41b7ed4p-10,26;30;8,32;12
20220531.gml.geo,hub,hotspot,806,0x1.f3526859b8cecp-11,26;30;9,32;13
20220531.gml.geo,hub,hotspot,807,0x1.f3526859b8cecp-11,26;30;10,32;14
20220531.gml.geo,hub,hotspot,808,0x1.f3526859b8cecp-11,26;30;11,32;15
20220531.gml.geo,hub,hotspot,809,0x1.11d25a41b7ed4p-11,26;20;12,25;16
20220531.gml.geo,hub,hotspot,810,0x1.11d25a41b7ed4p-11,26;30;12,32;17
20220531.gml.geo,hub,hotspot,811,0x1.11d25a41b7ed4p-10,26;30;13,32;18
20220531.gml.geo,hub,hotspot,812,0x1.f3526859b8cecp-11,26;30;14,32;19
20220531.gml.geo,hub,hotspot,813,0x1.f3526859b8cecp-11,26;30;15,32;20
20220531.gml.geo,hub,hotspot,814,0x1.f3526859b8cecp-11,26;30;16,32;21
20220531.gml.geo,hub,hotspot,815,0x1.f3526859b8cecp-11,26;30;17,32;22
20220531.gml.geo,hub,hotspot,816,0x1.f3526859b8cecp-11,26;30;18,32;23
20220531.gml.geo,hub,hotspot,817,0x1.f3526859b8cecp-11,26;30;19,32;24
20220531.gml.geo,hub,hotspot,818,0x1.4224a66b6ef90p-10,26;20,25
20220531.gml.geo,hub,hotspot,819,0x1.f3526859b8cecp-11,26;30;21,32;27
20220531.gml.geo,hub,hotspot,820,0x1.f3526859b8cecp-11,26;30;22,32;28
20220531.gml.geo,hub,hotspot,821,0x1.f3526859b8cecp-11,26;30;23,32;29
20220531.gml.geo,hub,hotspot,822,0x1.f3526859b8cecp-11,26;30;24,32;30
20220531.gml.geo,hub,hotspot,823,0x1.f3526859b8cecp-11,26;30;25,32;31
20220531.gml.geo,hub,hotspot,824,0x1.f3526859b8cecp-11,26;30;27,32;33
20220531.gml.geo,hub,hotspot,825,0x1.f3526859b8cecp-11,26;30;28,32;34
20220531.gml.geo,hub,hotspot,826,0x1.f3526859b8cecp-11,26;30;29,32;35
20220531.gml.geo,hub,hotspot,827,0x1.db294244dd48ep-9,26;30,32
20220531.gml.geo,hub,hotspot,828,0x1.11241f7e6d3c7p-10,27;30;0,33;1
20220531.gml.geo,hub,hotspot,829,0x1.f2a42d966e1dfp-11,27;30;1,33;2
20220531.gml.geo,hub,hotspot,830,0x1.f2a42d966e1dfp-11,27;30;2,33;3
20220531.gml.geo,hub,hotspot,831,0x1.f2a42d966e1dfp-11,27;30;3,33;4
20220531.gml.geo,hub,hotspot,832,0x1.f2a42d966e1dfp-11,27;30;4,33;5
20220531.gml.geo,hub,hotspot,833,0x1.589a39980fc4cp-10,27;30;5,33;9
20220531.gml.geo,hub,hotspot,834,0x1.f2a42d966e1dfp-11,27;30;6,33;10
20220531.gml.geo,hub,hotspot,835,0x1.f2a42d966e1dfp-11,27;30;7,33;11
20220531.gml.geo,hub,hotspot,836,0x1.11241f7e6d3c7p-10,27;30;8,33;12
20220531.gml.geo,hub,hotspot,837,0x1.f2a42d966e1dfp-11,27;30;9,33;13
20220531.gml.geo,hub,hotspot,838,0x1.f2a42d966e1dfp-11,27;30;10,33;14
20220531.gml.geo,hub,hotspot,839,0x1.f2a42d966e1dfp-11,27;30;11,33;15
20220531.gml.geo,hub,hotspot,840,0x1.11241f7e6d3c7p-10,27;30;12,33;17
20220531.gml.geo,hub,hotspot,841,0x1.11241f7e6d3c7p-10,27;30;13,33;18
20220531.gml.geo,hub,hotspot,842,0x1.f2a42d966e1dfp-11,27;30;14,33;19
20220531.gml.geo,hub,hotspot,843,0x1.f2a42d966e1dfp-11,27;30;15,33;20
20220531.gml.geo,hub,hotspot,844,0x1.f2a42d966e1dfp-11,27;30;16,33;21
20220531.gml.geo,hub,hotspot,845,0x1.f2a42d966e1dfp-11,27;30;17,33;22
20220531.gml.geo,hub,hotspot,846,0x1.f2a42d966e1dfp-11,27;30;18,33;23
20220531.gml.geo,hub,hotspot,847,0x1.f2a42d966e1dfp-11,27;30;19,33;24
20220531.gml.geo,hub,hotspot,848,0x1.40c830e4d9975p-10,27;30;20,33;26
20220531.gml.geo,hub,hotspot,849,0x1.f2a42d966e1dfp-11,27;30;21,33;27
20220531.gml.geo,hub,hotspot,850,0x1.f2a42d966e1dfp-11,27;30;22,33;28
20220531.gml.geo,hub,hotspot,851,0x1.f2a42d966e1dfp-11,27;30;23,33;29
20220531.gml.geo,hub,hotspot,852,0x1.f2a42d966e1dfp-11,27;30;24,33;30
20220531.gml.geo,hub,hotspot,853,0x1.f2a42d966e1dfp-11,27;30;25,33;31
20220531.gml.geo,hub,hotspot,854,0x1.11241f7e6d3c7p-10,27;30;26,33;32
20220531.gml.geo,hub,hotspot,855,0x1.f2a42d966e1dfp-11,27;30;28,33;34
20220531.gml.geo,hub,hotspot,856,0x1.f2a42d966e1dfp-11,27;30;29,33;35
20220531.gml.geo,hub,hotspot,857,0x1.d60e898c2d1a9p-9,27;30,33
20220531.gml.geo,hub,hotspot,858,0x1.11241f7e6d3c7p-10,28;30;0,34;1
20220531.gml.geo,hub,hotspot,859,0x1.f2a42d966e1dfp-11,28;30;1,34;2
20220531.gml.geo,hub,hotspot,860,0x1.f2a42d966e1dfp-11,28;30;2,34;3
20220531.gml.geo,hub,hotspot,861,0x1.f2a42d966e1dfp-11,28;30;3,34;4
20220531.gml.geo,hub,hotspot,862,0x1.f2a42d966e1dfp-11,28;30;4,34;5
20220531.gml.geo,hub,hotspot,863,0x1.589a39980fc4cp-10,28;30;5,34;9
20220531.gml.geo,hub,hotspot,864,0x1.f2a42d966e1dfp-11,28;30;6,34;10
20220531.gml.geo,hub,hotspot,865,0x1.f2a42d966e1dfp-11,28;30;7,34;11
20220531.gml.geo,hub,hotspot,866,0x1.11241f7e6d3c7p-10,28;30;8,34;12
20220531.gml.geo,hub,hotspot,867,0x1.f2a42d966e1dfp-11,28;30;9,34;13
20220531.gml.geo,hub,hotspot,868,0x1.f2a42d966e1dfp-11,28;30;10,34;14
20220531.gml.geo,hub,hotspot,869,0x1.f2a42d966e1dfp-11,28;30;11,34;15
20220531.gml.geo,hub,hotspot,870,0x1.11241f7e6d3c7p-10,28;30;12,34;17
20220531.gml.geo,hub,hotspot,871,0x1.11241f7e6d3c7p-10,28;30;13,34;18
20220531.gml.geo,hub,hotspot,872,0x1.f2a42d966e1dfp-11,28;30;14,34;19
20220531.gml.geo,hub,hotspot,873,0x1.f2a42d966e1dfp-11,28;30;15,34;20
20220531.gml.geo,hub,hotspot,874,0x1.f2a42d966e1dfp-11,28;30;16,34;21
20220531.gml.geo,hub,hotspot,875,0x1.f2a42d966e1dfp-11,28;30;17,34;22
20220531.gml.geo,hub,hotspot,876,0x1.f2a42d966e1dfp-11,28;30;18,34;23
20220531.gml.geo,hub,hotspot,877,0x1.f2a42d966e1dfp-11,28;30;19,34;24
20220531.gml.geo,hub,hotspot,878,0x1.40c830e4d9975p-10,28;30;20,34;26
20220531.gml.geo,hub,hotspot,879,0x1.f2a42d966e1dfp-11,28;30;21,34;27
20220531.gml.geo,hub,hotspot,880,0x1.f2a42d966e1dfp-11,28;30;22,34;28
20220531.gml.geo,hub,hotspot,881,0x1.f2a42d966e1dfp-11,28;30;23,34;29
20220531.gml.geo,hub,hotspot,882,0x1.f2a42d966e1dfp-11,28;30;24,34;30
20220531.gml.geo,hub,hotspot,883,0x1.f2a42d966e1dfp-11,28;30;25,34;31
20220531.gml.geo,hub,hotspot,884,0x1.11241f7e6d3c7p-10,28;30;26,34;32
20220531.gml.geo,hub,hotspot,885,0x1.f2a42d966e1dfp-11,28;30;27,34;33
20220531.gml.geo,hub,hotspot,886,0x1.f2a42d966e1dfp-11,28;30;29,34;35
20220531.gml.geo,hub,hotspot,887,0x1.d60e898c2d1a9p-9,28;30,34
20220531.gml.geo,hub,hotspot,888,0x1.11241f7e6d3c7p-10,29;30;0,35;1
20220531.gml.geo,hub,hotspot,889,0x1.f2a42d966e1dfp-11,29;30;1,35;2
20220531.gml.geo,hub,hotspot,890,0x1.f2a42d966e1dfp-11,29;30;2,35;3
20220531.gml.geo,hub,hotspot,891,0x1.f2a42d966e1dfp-11,29;30;3,35;4
20220531.gml.geo,hub,hotspot,892,0x1.f2a42d966e1dfp-11,29;30;4,35;5
20220531.gml.geo,hub,hotspot,893,0x1.589a39980fc4cp-10,29;30;5,35;9
20220531.gml.geo,hub,hotspot,894,0x1.f2a42d966e1dfp-11,29;30;6,35;10
20220531.gml.geo,hub,hotspot,895,0x1.f2a42d966e1dfp-11,29;30;7,35;11
20220531.gml.geo,hub,hotspot,896,0x1.11241f7e6d3c7p-10,29;30;8,35;12
20220531.gml.geo,hub,hotspot,897,0x1.f2a42d966e1dfp-11,29;30;9,35;13
20220531.gml.geo,hub,hotspot,898,0x1.f2a42d966e1dfp-11,29;30;10,35;14
20220531.gml.geo,hub,hotspot,899,0x1.f2a42d966e1dfp-11,29;30;11,35;15
20220531.gml.geo,hub,hotspot,900,0x1.11241f7e6d3c7p-10,29;30;12,35;17
20220531.gml.geo,hub,hotspot,901,0x1.11241f7e6d3c7p-10,29;30;13,35;18
20220531.gml.geo,hub,hotspot,902,0x1.f2a42d966e1dfp-11,29;30;14,35;19
20220531.gml.geo,hub,hotspot,903,0x1.f2a42d966e1dfp-11,29;30;15,35;20
20220531.gml.geo,hub,hotspot,904,0x1.f2a42d966e1dfp-11,29;30;16,35;21
20220531.gml.geo,hub,hotspot,905,0x1.f2a42d966e1dfp-11,29;30;17,35;22
20220531.gml.geo,hub,hotspot,906,0x1.f2a42d966e1dfp-11,29;30;18,35;23
20220531.gml.geo,hub,hotspot,907,0x1.f2a42d966e1dfp-11,29;30;19,35;24
20220531.gml.geo,hub,hotspot,908,0x1.40c830e4d9975p-10,29;30;20,35;26
20220531.gml.geo,hub,hotspot,909,0x1.f2a42d966e1dfp-11,29;30;21,35;27
20220531.gml.geo,hub,hotspot,910,0x1.f2a42d966e1dfp-11,29;30;22,35;28
20220531.gml.geo,hub,hotspot,911,0x1.f2a42d966e1dfp-11,29;30;23,35;29
20220531.gml.geo,hub,hotspot,912,0x1.f2a42d966e1dfp-11,29;30;24,35;30
20220531.gml.geo,hub,hotspot,913,0x1.f2a42d966e1dfp-11,29;30;25,35;31
20220531.gml.geo,hub,hotspot,914,0x1.11241f7e6d3c7p-10,29;30;26,35;32
20220531.gml.geo,hub,hotspot,915,0x1.f2a42d966e1dfp-11,29;30;27,35;33
20220531.gml.geo,hub,hotspot,916,0x1.f2a42d966e1dfp-11,29;30;28,35;34
20220531.gml.geo,hub,hotspot,917,0x1.d60e898c2d1a9p-9,29;30,35
20220531.gml.geo,hub,hotspot,918,0x1.320937b2dc9fcp-10,30;0,1
20220531.gml.geo,hub,hotspot,919,0x1.09c4a2e56ec0ap-10,30;1,2
20220531.gml.geo,hub,hotspot,920,0x1.09c4a2e56ec0ap-10,30;2,3
20220531.gml.geo,hub,hotspot,921,0x1.09c4a2e56ec0ap-10,30;3,4
20220531.gml.geo,hub,hotspot,922,0x1.09c4a2e56ec0ap-10,30;4,5
20220531.gml.geo,hub,hotspot,923,0x1.aad6f61b263d2p-10,30;5,9
20220531.gml.geo,hub,hotspot,924,0x1.09c4a2e56ec0ap-10,30;6,10
20220531.gml.geo,hub,hotspot,925,0x1.09c4a2e56ec0ap-10,30;7,11
20220531.gml.geo,hub,hotspot,926,0x1.320937b2dc9fcp-10,30;8,12
20220531.gml.geo,hub,hotspot,927,0x1.09c4a2e56ec0ap-10,30;9,13
20220531.gml.geo,hub,hotspot,928,0x1.09c4a2e56ec0ap-10,30;10,14
20220531.gml.geo,hub,hotspot,929,0x1.09c4a2e56ec0ap-10,30;11,15
20220531.gml.geo,hub,hotspot,930,0x1.320937b2dc9fcp-10,30;12,17
20220531.gml.geo,hub,hotspot,931,0x1.320937b2dc9fcp-10,30;13,18
20220531.gml.geo,hub,hotspot,932,0x1.09c4a2e56ec0ap-10,30;14,19
20220531.gml.geo,hub,hotspot,933,0x1.09c4a2e56ec0ap-10,30;15,20
20220531.gml.geo,hub,hotspot,934,0x1.09c4a2e56ec0ap-10,30;16,21
20220531.gml.geo,hub,hotspot,935,0x1.09c4a2e56ec0ap-10,30;17,22
20220531.gml.geo,hub,hotspot,936,0x1.09c4a2e56ec0ap-10,30;18,23
20220531.gml.geo,hub,hotspot,937,0x1.09c4a2e56ec0ap-10,30;19,24
20220531.gml.geo,hub,hotspot,938,0x1.8292614db85e0p-10,30;20,26
20220531.gml.geo,hub,hotspot,939,0x1.09c4a2e56ec0ap-10,30;21,27
20220531.gml.geo,hub,hotspot,940,0x1.09c4a2e56ec0ap-10,30;22,28
20220531.gml.geo,hub,hotspot,941,0x1.09c4a2e56ec0ap-10,30;23,29
20220531.gml.geo,hub,hotspot,942,0x1.09c4a2e56ec0ap-10,30;24,30
20220531.gml.geo,hub,hotspot,943,0x1.09c4a2e56ec0ap-10,30;25,31
20220531.gml.geo,hub,hotspot,944,0x1.320937b2dc9fcp-10,30;26,32
20220531.gml.geo,hub,hotspot,945,0x1.09c4a2e56ec0ap-10,30;27,33
20220531.gml.geo,hub,hotspot,946,0x1.09c4a2e56ec0ap-10,30;28,34
20220531.gml.geo,hub,hotspot,947,0x1.09c4a2e56ec0ap-10,30;29,35
20230716.gml.geo,primary,uniform,0,0x1.19e0119e0119ep-10,0;30;1,0;1
20230716.gml.geo,primary,uniform,1,0x1.19e0119e0119ep-10,0;30;2,0;2
20230716.gml.geo,primary,uniform,2,0x1.19e0119e0119ep-10,0;30;3,0;3
20230716.gml.geo,primary,uniform,3,0x1.19e0119e0119ep-10,0;30;4,0;4
20230716.gml.geo,primary,uniform,4,0x1.19e0119e0119ep-10,0;30;5,0;5
20230716.gml.geo,primary,uniform,5,0x1.19e0119e0119ep-10,0;30;6,0;6
20230716.gml.geo,primary,uniform,6,0x1.19e0119e0119ep-10,0;30;7,0;7
20230716.gml.geo,primary,uniform,7,0x1.19e0119e0119ep-10,0;30;8,0;8
20230716.gml.geo,primary,uniform,8,0x1.19e0119e0119ep-10,0;30;9,0;9
20230716.gml.geo,primary,uniform,9,0x1.19e0119e0119ep-10,0;30;10,0;10
20230716.gml.geo,primary,uniform,10,0x1.19e0119e0119ep-10,0;30;11,0;11
20230716.gml.geo,primary,uniform,11,0x1.19e0119e0119ep-10,0;30;12,0;12
20230716.gml.geo,primary,uniform,12,0x1.19e0119e0119ep-10,0;30;13,0;13
20230716.gml.geo,primary,uniform,13,0x1.19e0119e0119ep-10,0;30;14,0;14
20230716.gml.geo,primary,uniform,14,0x1.19e0119e0119ep-10,0;30;15,0;15
20230716.gml.geo,primary,uniform,15,0x1.19e0119e0119ep-10,0;30;16,0;16
20230716.gml.geo,primary,uniform,16,0x1.19e0119e0119ep-10,0;30;17,0;17
20230716.gml.geo,primary,uniform,17,0x1.19e0119e0119ep-10,0;30;18,0;18
20230716.gml.geo,primary,uniform,18,0x1.19e0119e0119ep-10,0;30;19,0;19
20230716.gml.geo,primary,uniform,19,0x1.19e0119e0119ep-10,0;30;20,0;20
20230716.gml.geo,primary,uniform,20,0x1.19e0119e0119ep-10,0;30;21,0;21
20230716.gml.geo,primary,uniform,21,0x1.19e0119e0119ep-10,0;30;22,0;22
20230716.gml.geo,primary,uniform,22,0x1.19e0119e0119ep-10,0;30;23,0;23
20230716.gml.geo,primary,uniform,23,0x1.19e0119e0119ep-10,0;30;24,0;24
20230716.gml.geo,primary,uniform,24,0x1.19e0119e0119ep-10,0;30;25,0;25
20230716.gml.geo,primary,uniform,25,0x1.19e0119e0119ep-10,0;30;26,0;26
20230716.gml.geo,primary,uniform,26,0x1.19e0119e0119ep-10,0;30;27,0;27
20230716.gml.geo,primary,uniform,27,0x1.19e0119e0119ep-10,0;30;28,0;28
20230716.gml.geo,primary,uniform,28,0x1.19e0119e0119ep-10,0;30;29,0;29
20230716.gml.geo,primary,uniform,29,0x1.19e0119e0119ep-10,0;30,0
20230716.gml.geo,primary,uniform,30,0x1.19e0119e0119ep-10,1;30;0,1;0
20230716.gml.geo,primary,uniform,31,0x1.19e0119e0119ep-10,1;30;2,1;2
20230716.gml.geo,primary,uniform,32,0x1.19e0119e0119ep-10,1;30;3,1;3
20230716.gml.geo,primary,uniform,33,0x1.19e0119e0119ep-10,1;30;4,1;4
20230716.gml.geo,primary,uniform,34,0x1.19e0119e0119ep-10,1;30;5,1;5
20230716.gml.geo,primary,uniform,35,0x1.19e0119e0119ep-10,1;30;6,1;6
20230716.gml.geo,primary,uniform,36,0x1.19e0119e0119ep-10,1;30;7,1;7
20230716.gml.geo,primary,uniform,37,0x1.19e0119e0119ep-10,1;30;8,1;8
20230716.gml.geo,primary,uniform,38,0x1.19e0119e0119ep-10,1;30;9,1;9
20230716.gml.geo,primary,uniform,39,0x1.19e0119e0119ep-10,1;30;10,1;10
20230716.gml.geo,primary,uniform,40,0x1.19e0119e0119ep-10,1;30;11,1;11
20230716.gml.geo,primary,uniform,41,0x1.19e0119e0119ep-10,1;30;12,1;12
20230716.gml.geo,primary,uniform,42,0x1.19e0119e0119ep-10,1;30;13,1;13
20230716.gml.geo,primary,uniform,43,0x1.19e0119e0119ep-10,1;30;14,1;14
20230716.gml.geo,primary,uniform,44,0x1.19e0119e0119ep-10,1;30;15,1;15
20230716.gml.geo,primary,uniform,45,0x1.19e0119e0119ep-10,1;30;16,1;16
20230716.gml.geo,primary,uniform,46,0x1.19e0119e0119ep-10,1;30;17,1;17
20230716.gml.geo,primary,uniform,47,0x1.19e0119e0119ep-10,1;30;18,1;18
20230716.gml.geo,primary,uniform,48,0x1.19e0119e0119ep-10,1;30;19,1;19
20230716.gml.geo,primary,uniform,49,0x1.19e0119e0119ep-10,1;30;20,1;20
20230716.gml.geo,primary,uniform,50,0x1.19e0119e0119ep-10,1;30;21,1;21
20230716.gml.geo,primary,uniform,51,0x1.19e0119e0119ep-10,1;30;22,1;22
20230716.gml.geo,primary,uniform,52,0x1.19e0119e0119ep-10,1;30;23,1;23
20230716.gml.geo,primary,uniform,53,0x1.19e0119e0119ep-10,1;30;24,1;24
20230716.gml.geo,primary,uniform,54,0x1.19e0119e0119ep-10,1;30;25,1;25
20230716.gml.geo,primary,uniform,55,0x1.19e0119e0119ep-10,1;30;26,1;26
20230716.gml.geo,primary,uniform,56,0x1.19e0119e0119ep-10,1;30;27,1;27
20230716.gml.geo,primary,uniform,57,0x1.19e0119e0119ep-10,1;30;28,1;28
20230716.gml.geo,primary,uniform,58,0x1.19e0119e0119ep-10,1;30;29,1;29
20230716.gml.geo,primary,uniform,59,0x1.19e0119e0119ep-10,1;30,1
20230716.gml.geo,primary,uniform,60,0x1.19e0119e0119ep-10,2;30;0,2;0
20230716.gml.geo,primary,uniform,61,0x1.19e0119e0119ep-10,2;30;1,2;1
20230716.gml.geo,primary,uniform,62,0x1.19e0119e0119ep-10,2;30;3,2;3
20230716.gml.geo,primary,uniform,63,0x1.19e0119e0119ep-10,2;30;4,2;4
20230716.gml.geo,primary,uniform,64,0x1.19e0119e0119ep-10,2;30;5,2;5
20230716.gml.geo,primary,uniform,65,0x1.19e0119e0119ep-10,2;30;6,2;6
20230716.gml.geo,primary,uniform,66,0x1.19e0119e0119ep-10,2;30;7,2;7
20230716.gml.geo,primary,uniform,67,0x1.19e0119e0119ep-10,2;30;8,2;8
20230716.gml.geo,primary,uniform,68,0x1.19e0119e0119ep-10,2;30;9,2;9
20230716.gml.geo,primary,uniform,69,0x1.19e0119e0119ep-10,2;30;10,2;10
20230716.gml.geo,primary,uniform,70,0x1.19e0119e0119ep-10,2;30;11,2;11
20230716.gml.geo,primary,uniform,71,0x1.19e0119e0119ep-10,2;30;12,2;12
20230716.gml.geo,primary,uniform,72,0x1.19e0119e0119ep-10,2;30;13,2;13
20230716.gml.geo,primary,uniform,73,0x1.19e0119e0119ep-10,2;30;14,2;14
20230716.gml.geo,primary,uniform,74,0x1.19e0119e0119ep-10,2;30;15,2;15
20230716.gml.geo,primary,uniform,75,0x1.19e0119e0119ep-10,2;30;16,2;16
20230716.gml.geo,primary,uniform,76,0x1.19e0119e0119ep-10,2;30;17,2;17
20230716.gml.geo,primary,uniform,77,0x1.19e0119e0119ep-10,2;30;18,2;18
20230716.gml.geo,primary,uniform,78,0x1.19e0119e0119ep-10,2;30;19,2;19
20230716.gml.geo,primary,uniform,79,0x1.19e0119e0119ep-10,2;30;20,2;20
20230716.gml.geo,primary,uniform,80,0x1.19e0119e0119ep-10,2;30;21,2;21
20230716.gml.geo,primary,uniform,81,0x1.19e0119e0119ep-10,2;30;22,2;22
20230716.gml.geo,primary,uniform,82,0x1.19e0119e0119ep-10,2;30;23,2;23
20230716.gml.geo,primary,uniform,83,0x1.19e0119e0119ep-10,2;30;24,2;24
20230716.gml.geo,primary,uniform,84,0x1.19e0119e0119ep-10,2;30;25,2;25
20230716.gml.geo,primary,uniform,85,0x1.19e0119e0119ep-10,2;30;26,2;26
20230716.gml.geo,primary,uniform,86,0x1.19e0119e0119ep-10,2;30;27,2;27
20230716.gml.geo,primary,uniform,87,0x1.19e0119e0119ep-10,2;30;28,2;28
20230716.gml.geo,primary,uniform,88,0x1.19e0119e0119ep-10,2;30;29,2;29
20230716.gml.geo,primary,uniform,89,0x1.19e0119e0119ep-10,2;30,2
20230716.gml.geo,primary,uniform,90,0x1.19e0119e0119ep-10,3;30;0,3;0
20230716.gml.geo,primary,uniform,91,0x1.19e0119e0119ep-10,3;30;1,3;1
20230716.gml.geo,primary,uniform,92,0x1.19e0119e0119ep-10,3;30;2,3;2
20230716.gml.geo,primary,uniform,93,0x1.19e0119e0119ep-10,3;30;4,3;4
20230716.gml.geo,primary,uniform,94,0x1.19e0119e0119ep-10,3;30;5,3;5
20230716.gml.geo,primary,uniform,95,0x1.19e0119e0119ep-10,3;30;6,3;6
20230716.gml.geo,primary,uniform,96,0x1.19e0119e0119ep-10,3;30;7,3;7
20230716.gml.geo,primary,uniform,97,0x1.19e0119e0119ep-10,3;30;8,3;8
20230716.gml.geo,primary,uniform,98,0x1.19e0119e0119ep-10,3;30;9,3;9
20230716.gml.geo,primary,uniform,99,0x1.19e0119e0119ep-10,3;30;10,3;10
20230716.gml.geo,primary,uniform,100,0x1.19e0119e0119ep-10,3;30;11,3;11
20230716.gml.geo,primary,uniform,101,0x1.19e0119e0119ep-10,3;30;12,3;12
20230716.gml.geo,primary,uniform,102,0x1.19e0119e0119ep-10,3;30;13,3;13
20230716.gml.geo,primary,uniform,103,0x1.19e0119e0119ep-10,3;30;14,3;14
20230716.gml.geo,primary,uniform,104,0x1.19e0119e0119ep-10,3;30;15,3;15
20230716.gml.geo,primary,uniform,105,0x1.19e0119e0119ep-10,3;30;16,3;16
20230716.gml.geo,primary,uniform,106,0x1.19e0119e0119ep-10,3;30;17,3;17
20230716.gml.geo,primary,uniform,107,0x1.19e0119e0119ep-10,3;30;18,3;18
20230716.gml.geo,primary,uniform,108,0x1.19e0119e0119ep-10,3;30;19,3;19
20230716.gml.geo,primary,uniform,109,0x1.19e0119e0119ep-10,3;30;20,3;20
20230716.gml.geo,primary,uniform,110,0x1.19e0119e0119ep-10,3;30;21,3;21
20230716.gml.geo,primary,uniform,111,0x1.19e0119e0119ep-10,3;30;22,3;22
20230716.gml.geo,primary,uniform,112,0x1.19e0119e0119ep-10,3;30;23,3;23
20230716.gml.geo,primary,uniform,113,0x1.19e0119e0119ep-10,3;30;24,3;24
20230716.gml.geo,primary,uniform,114,0x1.19e0119e0119ep-10,3;30;25,3;25
20230716.gml.geo,primary,uniform,115,0x1.19e0119e0119ep-10,3;30;26,3;26
20230716.gml.geo,primary,uniform,116,0x1.19e0119e0119ep-10,3;30;27,3;27
20230716.gml.geo,primary,uniform,117,0x1.19e0119e0119ep-10,3;30;28,3;28
20230716.gml.geo,primary,uniform,118,0x1.19e0119e0119ep-10,3;30;29,3;29
20230716.gml.geo,primary,uniform,119,0x1.19e0119e0119ep-10,3;30,3
20230716.gml.geo,primary,uniform,120,0x1.19e0119e0119ep-10,4;30;0,4;0
20230716.gml.geo,primary,uniform,121,0x1.19e0119e0119ep-10,4;30;1,4;1
20230716.gml.geo,primary,uniform,122,0x1.19e0119e0119ep-10,4;30;2,4;2
20230716.gml.geo,primary,uniform,123,0x1.19e0119e0119ep-10,4;30;3,4;3
20230716.gml.geo,primary,uniform,124,0x1.19e0119e0119ep-10,4;30;5,4;5
20230716.gml.geo,primary,uniform,125,0x1.19e0119e0119ep-10,4;30;6,4;6
20230716.gml.geo,primary,uniform,126,0x1.19e0119e0119ep-10,4;30;7,4;7
20230716.gml.geo,primary,uniform,127,0x1.19e0119e0119ep-10,4;30;8,4;8
20230716.gml.geo,primary,uniform,128,0x1.19e0119e0119ep-10,4;30;9,4;9
20230716.gml.geo,primary,uniform,129,0x1.19e0119e0119ep-10,4;30;10,4;10
20230716.gml.geo,primary,uniform,130,0x1.19e0119e0119ep-10,4;30;11,4;11
20230716.gml.geo,primary,uniform,131,0x1.19e0119e0119ep-10,4;30;12,4;12
20230716.gml.geo,primary,uniform,132,0x1.19e0119e0119ep-10,4;30;13,4;13
20230716.gml.geo,primary,uniform,133,0x1.19e0119e0119ep-10,4;30;14,4;14
20230716.gml.geo,primary,uniform,134,0x1.19e0119e0119ep-10,4;30;15,4;15
20230716.gml.geo,primary,uniform,135,0x1.19e0119e0119ep-10,4;30;16,4;16
20230716.gml.geo,primary,uniform,136,0x1.19e0119e0119ep-10,4;30;17,4;17
20230716.gml.geo,primary,uniform,137,0x1.19e0119e0119ep-10,4;30;18,4;18
20230716.gml.geo,primary,uniform,138,0x1.19e0119e0119ep-10,4;30;19,4;19
20230716.gml.geo,primary,uniform,139,0x1.19e0119e0119ep-10,4;30;20,4;20
20230716.gml.geo,primary,uniform,140,0x1.19e0119e0119ep-10,4;30;21,4;21
20230716.gml.geo,primary,uniform,141,0x1.19e0119e0119ep-10,4;30;22,4;22
20230716.gml.geo,primary,uniform,142,0x1.19e0119e0119ep-10,4;30;23,4;23
20230716.gml.geo,primary,uniform,143,0x1.19e0119e0119ep-10,4;30;24,4;24
20230716.gml.geo,primary,uniform,144,0x1.19e0119e0119ep-10,4;30;25,4;25
20230716.gml.geo,primary,uniform,145,0x1.19e0119e0119ep-10,4;30;26,4;26
20230716.gml.geo,primary,uniform,146,0x1.19e0119e0119ep-10,4;30;27,4;27
20230716.gml.geo,primary,uniform,147,0x1.19e0119e0119ep-10,4;30;28,4;28
20230716.gml.geo,primary,uniform,148,0x1.19e0119e0119ep-10,4;30;29,4;29
20230716.gml.geo,primary,uniform,149,0x1.19e0119e0119ep-10,4;30,4
20230716.gml.geo,primary,uniform,150,0x1.19e0119e0119ep-10,5;30;0,5;0
20230716.gml.geo,primary,uniform,151,0x1.19e0119e0119ep-10,5;30;1,5;1
20230716.gml.geo,primary,uniform,152,0x1.19e0119e0119ep-10,5;30;2,5;2
20230716.gml.geo,primary,uniform,153,0x1.19e0119e0119ep-10,5;30;3,5;3
20230716.gml.geo,primary,uniform,154,0x1.19e0119e0119ep-10,5;30;4,5;4
20230716.gml.geo,primary,uniform,155,0x1.19e0119e0119ep-10,5;30;6,5;6
20230716.gml.geo,primary,uniform,156,0x1.19e0119e0119ep-10,5;30;7,5;7
20230716.gml.geo,primary,uniform,157,0x1.19e0119e0119ep-10,5;30;8,5;8
20230716.gml.geo,primary,uniform,158,0x1.19e0119e0119ep-10,5;30;9,5;9
20230716.gml.geo,primary,uniform,159,0x1.19e0119e0119ep-10,5;30;10,5;10
20230716.gml.geo,primary,uniform,160,0x1.19e0119e0119ep-10,5;30;11,5;11
20230716.gml.geo,primary,uniform,161,0x1.19e0119e0119ep-10,5;30;12,5;12
20230716.gml.geo,primary,uniform,162,0x1.19e0119e0119ep-10,5;30;13,5;13
20230716.gml.geo,primary,uniform,163,0x1.19e0119e0119ep-10,5;30;14,5;14
20230716.gml.geo,primary,uniform,164,0x1.19e0119e0119ep-10,5;30;15,5;15
20230716.gml.geo,primary,uniform,165,0x1.19e0119e0119ep-10,5;30;16,5;16
20230716.gml.geo,primary,uniform,166,0x1.19e0119e0119ep-10,5;30;17,5;17
20230716.gml.geo,primary,uniform,167,0x1.19e0119e0119ep-10,5;30;18,5;18
20230716.gml.geo,primary,uniform,168,0x1.19e0119e0119ep-10,5;30;19,5;19
20230716.gml.geo,primary,uniform,169,0x1.19e0119e0119ep-10,5;30;20,5;20
20230716.gml.geo,primary,uniform,170,0x1.19e0119e0119ep-10,5;30;21,5;21
20230716.gml.geo,primary,uniform,171,0x1.19e0119e0119ep-10,5;30;22,5;22
20230716.gml.geo,primary,uniform,172,0x1.19e0119e0119ep-10,5;30;23,5;23
20230716.gml.geo,primary,uniform,173,0x1.19e0119e0119ep-10,5;30;24,5;24
20230716.gml.geo,primary,uniform,174,0x1.19e0119e0119ep-10,5;30;25,5;25
20230716.gml.geo,primary,uniform,175,0x1.19e0119e0119ep-10,5;30;26,5;26
20230716.gml.geo,primary,uniform,176,0x1.19e0119e0119ep-10,5;30;27,5;27
20230716.gml.geo,primary,uniform,177,0x1.19e0119e0119ep-10,5;30;28,5;28
20230716.gml.geo,primary,uniform,178,0x1.19e0119e0119ep-10,5;30;29,5;29
20230716.gml.geo,primary,uniform,179,0x1.19e0119e0119ep-10,5;30,5
20230716.gml.geo,primary,uniform,180,0x1.19e0119e0119ep-10,6;30;0,6;0
20230716.gml.geo,primary,uniform,181,0x1.19e0119e0119ep-10,6;30;1,6;1
20230716.gml.geo,primary,uniform,182,0x1.19e0119e0119ep-10,6;30;2,6;2
20230716.gml.geo,primary,uniform,183,0x1.19e0119e0119ep-10,6;30;3,6;3
20230716.gml.geo,primary,uniform,184,0x1.19e0119e0119ep-10,6;30;4,6;4
20230716.gml.geo,primary,uniform,185,0x1.19e0119e0119ep-10,6;30;5,6;5
20230716.gml.geo,primary,uniform,186,0x1.19e0119e0119ep-10,6;30;7,6;7
20230716.gml.geo,primary,uniform,187,0x1.19e0119e0119ep-10,6;30;8,6;8
20230716.gml.geo,primary,uniform,188,0x1.19e0119e0119ep-10,6;30;9,6;9
20230716.gml.geo,primary,uniform,189,0x1.19e0119e0119ep-10,6;30;10,6;10
20230716.gml.geo,primary,uniform,190,0x1.19e0119e0119ep-10,6;30;11,6;11
20230716.gml.geo,primary,uniform,191,0x1.19e0119e0119ep-10,6;30;12,6;12
20230716.gml.geo,primary,uniform,192,0x1.19e0119e0119ep-10,6;30;13,6;13
20230716.gml.geo,primary,uniform,193,0x1.19e0119e0119ep-10,6;30;14,6;14
20230716.gml.geo,primary,uniform,194,0x1.19e0119e0119ep-10,6;30;15,6;15
20230716.gml.geo,primary,uniform,195,0x1.19e0119e0119ep-10,6;30;16,6;16
20230716.gml.geo,primary,uniform,196,0x1.19e0119e0119ep-10,6;30;17,6;17
20230716.gml.geo,primary,uniform,197,0x1.19e0119e0119ep-10,6;30;18,6;18
20230716.gml.geo,primary,uniform,198,0x1.19e0119e0119ep-10,6;30;19,6;19
20230716.gml.geo,primary,uniform,199,0x1.19e0119e0119ep-10,6;30;20,6;20
20230716.gml.geo,primary,uniform,200,0x1.19e0119e0119ep-10,6;30;21,6;21
20230716.gml.geo,primary,uniform,201,0x1.19e0119e0119ep-10,6;30;22,6;22
20230716.gml.geo,primary,uniform,202,0x1.19e0119e0119ep-10,6;30;23,6;23
20230716.gml.geo,primary,uniform,203,0x1.19e0119e0119ep-10,6;30;24,6;24
20230716.gml.geo,primary,uniform,204,0x1.19e0119e0119ep-10,6;30;25,6;25
20230716.gml.geo,primary,uniform,205,0x1.19e0119e0119ep-10,6;30;26,6;26
20230716.gml.geo,primary,uniform,206,0x1.19e0119e0119ep-10,6;30;27,6;27
20230716.gml.geo,primary,uniform,207,0x1.19e0119e0119ep-10,6;30;28,6;28
20230716.gml.geo,primary,uniform,208,0x1.19e0119e0119ep-10,6;30;29,6;29
20230716.gml.geo,primary,uniform,209,0x1.19e0119e0119ep-10,6;30,6
20230716.gml.geo,primary,uniform,210,0x1.19e0119e0119ep-10,7;30;0,7;0
20230716.gml.geo,primary,uniform,211,0x1.19e0119e0119ep-10,7;30;1,7;1
20230716.gml.geo,primary,uniform,212,0x1.19e0119e0119ep-10,7;30;2,7;2
20230716.gml.geo,primary,uniform,213,0x1.19e0119e0119ep-10,7;30;3,7;3
20230716.gml.geo,primary,uniform,214,0x1.19e0119e0119ep-10,7;30;4,7;4
20230716.gml.geo,primary,uniform,215,0x1.19e0119e0119ep-10,7;30;5,7;5
20230716.gml.geo,primary,uniform,216,0x1.19e0119e0119ep-10,7;30;6,7;6
20230716.gml.geo,primary,uniform,217,0x1.19e0119e0119ep-10,7;30;8,7;8
20230716.gml.geo,primary,uniform,218,0x1.19e0119e0119ep-10,7;30;9,7;9
20230716.gml.geo,primary,uniform,219,0x1.19e0119e0119ep-10,7;30;10,7;10
20230716.gml.geo,primary,uniform,220,0x1.19e0119e0119ep-10,7;30;11,7;11
20230716.gml.geo,primary,uniform,221,0x1.19e0119e0119ep-10,7;30;12,7;12
20230716.gml.geo,primary,uniform,222,0x1.19e0119e0119ep-10,7;30;13,7;13
20230716.gml.geo,primary,uniform,223,0x1.19e0119e0119ep-10,7;30;14,7;14
20230716.gml.geo,primary,uniform,224,0x1.19e0119e0119ep-10,7;30;15,7;15
20230716.gml.geo,primary,uniform,225,0x1.19e0119e0119ep-10,7;30;16,7;16
20230716.gml.geo,primary,uniform,226,0x1.19e0119e0119ep-10,7;30;17,7;17
20230716.gml.geo,primary,uniform,227,0x1.19e0119e0119ep-10,7;30;18,7;18
20230716.gml.geo,primary,uniform,228,0x1.19e0119e0119ep-10,7;30;19,7;19
20230716.gml.geo,primary,uniform,229,0x1.19e0119e0119ep-10,7;30;20,7;20
20230716.gml.geo,primary,uniform,230,0x1.19e0119e0119ep-10,7;30;21,7;21
20230716.gml.geo,primary,uniform,231,0x1.19e0119e0119ep-10,7;30;22,7;22
20230716.gml.geo,primary,uniform,232,0x1.19e0119e0119ep-10,7;30;23,7;23
20230716.gml.geo,primary,uniform,233,0x1.19e0119e0119ep-10,7;30;24,7;24
20230716.gml.geo,primary,uniform,234,0x1.19e0119e0119ep-10,7;30;25,7;25
20230716.gml.geo,primary,uniform,235,0x1.19e0119e0119ep-10,7;30;26,7;26
20230716.gml.geo,primary,uniform,236,0x1.19e0119e0119ep-10,7;30;27,7;27
20230716.gml.geo,primary,uniform,237,0x1.19e0119e0119ep-10,7;30;28,7;28
20230716.gml.geo,primary,uniform,238,0x1.19e0119e0119ep-10,7;30;29,7;29
20230716.gml.geo,primary,uniform,239,0x1.19e0119e0119ep-10,7;30,7
20230716.gml.geo,primary,uniform,240,0x1.19e0119e0119ep-10,8;30;0,8;0
20230716.gml.geo,primary,uniform,241,0x1.19e0119e0119ep-10,8;30;1,8;1
20230716.gml.geo,primary,uniform,242,0x1.19e0119e0119ep-10,8;30;2,8;2
20230716.gml.geo,primary,uniform,243,0x1.19e0119e0119ep-10,8;30;3,8;3
20230716.gml.geo,primary,uniform,244,0x1.19e0119e0119ep-10,8;30;4,8;4
20230716.gml.geo,primary,uniform,245,0x1.19e0119e0119ep-10,8;30;5,8;5
20230716.gml.geo,primary,uniform,246,0x1.19e0119e0119ep-10,8;30;6,8;6
20230716.gml.geo,primary,uniform,247,0x1.19e0119e0119ep-10,8;30;7,8;7
20230716.gml.geo,primary,uniform,248,0x1.19e0119e0119ep-10,8;30;9,8;9
20230716.gml.geo,primary,uniform,249,0x1.19e0119e0119ep-10,8;30;10,8;10
20230716.gml.geo,primary,uniform,250,0x1.19e0119e0119ep-10,8;30;11,8;11
20230716.gml.geo,primary,uniform,251,0x1.19e0119e0119ep-10,8;30;12,8;12
20230716.gml.geo,primary,uniform,252,0x1.19e0119e0119ep-10,8;30;13,8;13
20230716.gml.geo,primary,uniform,253,0x1.19e0119e0119ep-10,8;30;14,8;14
20230716.gml.geo,primary,uniform,254,0x1.19e0119e0119ep-10,8;30;15,8;15
20230716.gml.geo,primary,uniform,255,0x1.19e0119e0119ep-10,8;30;16,8;16
20230716.gml.geo,primary,uniform,256,0x1.19e0119e0119ep-10,8;30;17,8;17
20230716.gml.geo,primary,uniform,257,0x1.19e0119e0119ep-10,8;30;18,8;18
20230716.gml.geo,primary,uniform,258,0x1.19e0119e0119ep-10,8;30;19,8;19
20230716.gml.geo,primary,uniform,259,0x1.19e0119e0119ep-10,8;30;20,8;20
20230716.gml.geo,primary,uniform,260,0x1.19e0119e0119ep-10,8;30;21,8;21
20230716.gml.geo,primary,uniform,261,0x1.19e0119e0119ep-10,8;30;22,8;22
20230716.gml.geo,primary,uniform,262,0x1.19e0119e0119ep-10,8;30;23,8;23
20230716.gml.geo,primary,uniform,263,0x1.19e0119e0119ep-10,8;30;24,8;24
20230716.gml.geo,primary,uniform,264,0x1.19e0119e0119ep-10,8;30;25,8;25
20230716.gml.geo,primary,uniform,265,0x1.19e0119e0119ep-10,8;30;26,8;26
20230716.gml.geo,primary,uniform,266,0x1.19e0119e0119ep-10,8;30;27,8;27
20230716.gml.geo,primary,uniform,267,0x1.19e0119e0119ep-10,8;30;28,8;28
20230716.gml.geo,primary,uniform,268,0x1.19e0119e0119ep-10,8;30;29,8;29
20230716.gml.geo,primary,uniform,269,0x1.19e0119e0119ep-10,8;30,8
20230716.gml.geo,primary,uniform,270,0x1.19e0119e0119ep-10,9;30;0,9;0
20230716.gml.geo,primary,uniform,271,0x1.19e0119e0119ep-10,9;30;1,9;1
20230716.gml.geo,primary,uniform,272,0x1.19e0119e0119ep-10,9;30;2,9;2
20230716.gml.geo,primary,uniform,273,0x1.19e0119e0119ep-10,9;30;3,9;3
20230716.gml.geo,primary,uniform,274,0x1.19e0119e0119ep-10,9;30;4,9;4
20230716.gml.geo,primary,uniform,275,0x1.19e0119e0119ep-10,9;30;5,9;5
20230716.gml.geo,primary,uniform,276,0x1.19e0119e0119ep-10,9;30;6,9;6
20230716.gml.geo,primary,uniform,277,0x1.19e0119e0119ep-10,9;30;7,9;7
20230716.gml.geo,primary,uniform,278,0x1.19e0119e0119ep-10,9;30;8,9;8
20230716.gml.geo,primary,uniform,279,0x1.19e0119e0119ep-10,9;30;10,9;10
20230716.gml.geo,primary,uniform,280,0x1.19e0119e0119ep-10,9;30;11,9;11
20230716.gml.geo,primary,uniform,281,0x1.19e0119e0119ep-10,9;30;12,9;12
20230716.gml.geo,primary,uniform,282,0x1.19e0119e0119ep-10,9;30;13,9;13
20230716.gml.geo,primary,uniform,283,0x1.19e0119e0119ep-10,9;30;14,9;14
20230716.gml.geo,primary,uniform,284,0x1.19e0119e0119ep-10,9;30;15,9;15
20230716.gml.geo,primary,uniform,285,0x1.19e0119e0119ep-10,9;30;16,9;16
20230716.gml.geo,primary,uniform,286,0x1.19e0119e0119ep-10,9;30;17,9;17
20230716.gml.geo,primary,uniform,287,0x1.19e0119e0119ep-10,9;30;18,9;18
20230716.gml.geo,primary,uniform,288,0x1.19e0119e0119ep-10,9;30;19,9;19
20230716.gml.geo,primary,uniform,289,0x1.19e0119e0119ep-10,9;30;20,9;20
20230716.gml.geo,primary,uniform,290,0x1.19e0119e0119ep-10,9;30;21,9;21
20230716.gml.geo,primary,uniform,291,0x1.19e0119e0119ep-10,9;30;22,9;22
20230716.gml.geo,primary,uniform,292,0x1.19e0119e0119ep-10,9;30;23,9;23
20230716.gml.geo,primary,uniform,293,0x1.19e0119e0119ep-10,9;30;24,9;24
20230716.gml.geo,primary,uniform,294,0x1.19e0119e0119ep-10,9;30;25,9;25
20230716.gml.geo,primary,uniform,295,0x1.19e0119e0119ep-10,9;30;26,9;26
20230716.gml.geo,primary,uniform,296,0x1.19e0119e0119ep-10,9;30;27,9;27
20230716.gml.geo,primary,uniform,297,0x1.19e0119e0119ep-10,9;30;28,9;28
20230716.gml.geo,primary,uniform,298,0x1.19e0119e0119ep-10,9;30;29,9;29
20230716.gml.geo,primary,uniform,299,0x1.19e0119e0119ep-10,9;30,9
20230716.gml.geo,primary,uniform,300,0x1.19e0119e0119ep-10,10;30;0,10;0
20230716.gml.geo,primary,uniform,301,0x1.19e0119e0119ep-10,10;30;1,10;1
20230716.gml.geo,primary,uniform,302,0x1.19e0119e0119ep-10,10;30;2,10;2
20230716.gml.geo,primary,uniform,303,0x1.19e0119e0119ep-10,10;30;3,10;3
20230716.gml.geo,primary,uniform,304,0x1.19e0119e0119ep-10,10;30;4,10;4
20230716.gml.geo,primary,uniform,305,0x1.19e0119e0119ep-10,10;30;5,10;5
20230716.gml.geo,primary,uniform,306,0x1.19e0119e0119ep-10,10;30;6,10;6
20230716.gml.geo,primary,uniform,307,0x1.19e0119e0119ep-10,10;30;7,10;7
20230716.gml.geo,primary,uniform,308,0x1.19e0119e0119ep-10,10;30;8,10;8
20230716.gml.geo,primary,uniform,309,0x1.19e0119e0119ep-10,10;30;9,10;9
20230716.gml.geo,primary,uniform,310,0x1.19e0119e0119ep-10,10;30;11,10;11
20230716.gml.geo,primary,uniform,311,0x1.19e0119e0119ep-10,10;30;12,10;12
20230716.gml.geo,primary,uniform,312,0x1.19e0119e0119ep-10,10;30;13,10;13
20230716.gml.geo,primary,uniform,313,0x1.19e0119e0119ep-10,10;30;14,10;14
20230716.gml.geo,primary,uniform,314,0x1.19e0119e0119ep-10,10;30;15,10;15
20230716.gml.geo,primary,uniform,315,0x1.19e0119e0119ep-10,10;30;16,10;16
20230716.gml.geo,primary,uniform,316,0x1.19e0119e0119ep-10,10;30;17,10;17
20230716.gml.geo,primary,uniform,317,0x1.19e0119e0119ep-10,10;30;18,10;18
20230716.gml.geo,primary,uniform,318,0x1.19e0119e0119ep-10,10;30;19,10;19
20230716.gml.geo,primary,uniform,319,0x1.19e0119e0119ep-10,10;30;20,10;20
20230716.gml.geo,primary,uniform,320,0x1.19e0119e0119ep-10,10;30;21,10;21
20230716.gml.geo,primary,uniform,321,0x1.19e0119e0119ep-10,10;30;22,10;22
20230716.gml.geo,primary,uniform,322,0x1.19e0119e0119ep-10,10;30;23,10;23
20230716.gml.geo,primary,uniform,323,0x1.19e0119e0119ep-10,10;30;24,10;24
20230716.gml.geo,primary,uniform,324,0x1.19e0119e0119ep-10,10;30;25,10;25
20230716.gml.geo,primary,uniform,325,0x1.19e0119e0119ep-10,10;30;26,10;26
20230716.gml.geo,primary,uniform,326,0x1.19e0119e0119ep-10,10;30;27,10;27
20230716.gml.geo,primary,uniform,327,0x1.19e0119e0119ep-10,10;30;28,10;28
20230716.gml.geo,primary,uniform,328,0x1.19e0119e0119ep-10,10;30;29,10;29
20230716.gml.geo,primary,uniform,329,0x1.19e0119e0119ep-10,10;30,10
20230716.gml.geo,primary,uniform,330,0x1.19e0119e0119ep-10,11;30;0,11;0
20230716.gml.geo,primary,uniform,331,0x1.19e0119e0119ep-10,11;30;1,11;1
20230716.gml.geo,primary,uniform,332,0x1.19e0119e0119ep-10,11;30;2,11;2
20230716.gml.geo,primary,uniform,333,0x1.19e0119e0119ep-10,11;30;3,11;3
20230716.gml.geo,primary,uniform,334,0x1.19e0119e0119ep-10,11;30;4,11;4
20230716.gml.geo,primary,uniform,335,0x1.19e0119e0119ep-10,11;30;5,11;5
20230716.gml.geo,primary,uniform,336,0x1.19e0119e0119ep-10,11;30;6,11;6
20230716.gml.geo,primary,uniform,337,0x1.19e0119e0119ep-10,11;30;7,11;7
20230716.gml.geo,primary,uniform,338,0x1.19e0119e0119ep-10,11;30;8,11;8
20230716.gml.geo,primary,uniform,339,0x1.19e0119e0119ep-10,11;30;9,11;9
20230716.gml.geo,primary,uniform,340,0x1.19e0119e0119ep-10,11;30;10,11;10
20230716.gml.geo,primary,uniform,341,0x1.19e0119e0119ep-10,11;30;12,11;12
20230716.gml.geo,primary,uniform,342,0x1.19e0119e0119ep-10,11;30;13,11;13
20230716.gml.geo,primary,uniform,343,0x1.19e0119e0119ep-10,11;30;14,11;14
20230716.gml.geo,primary,uniform,344,0x1.19e0119e0119ep-10,11;30;15,11;15
20230716.gml.geo,primary,uniform,345,0x1.19e0119e0119ep-10,11;30;16,11;16
20230716.gml.geo,primary,uniform,346,0x1.19e0119e0119ep-10,11;30;17,11;17
20230716.gml.geo,primary,uniform,347,0x1.19e0119e0119ep-10,11;30;18,11;18
20230716.gml.geo,primary,uniform,348,0x1.19e0119e0119ep-10,11;30;19,11;19
20230716.gml.geo,primary,uniform,349,0x1.19e0119e0119ep-10,11;30;20,11;20
20230716.gml.geo,primary,uniform,350,0x1.19e0119e0119ep-10,11;30;21,11;21
20230716.gml.geo,primary,uniform,351,0x1.19e0119e0119ep-10,11;30;22,11;22
20230716.gml.geo,primary,uniform,352,0x1.19e0119e0119ep-10,11;30;23,11;23
20230716.gml.geo,primary,uniform,353,0x1.19e0119e0119ep-10,11;30;24,11;24
20230716.gml.geo,primary,uniform,354,0x1.19e0119e0119ep-10,11;30;25,11;25
20230716.gml.geo,primary,uniform,355,0x1.19e0119e0119ep-10,11;30;26,11;26
20230716.gml.geo,primary,uniform,356,0x1.19e0119e0119ep-10,11;30;27,11;27
20230716.gml.geo,primary,uniform,357,0x1.19e0119e0119ep-10,11;30;28,11;28
20230716.gml.geo,primary,uniform,358,0x1.19e0119e0119ep-10,11;30;29,11;29
20230716.gml.geo,primary,uniform,359,0x1.19e0119e0119ep-10,11;30,11
20230716.gml.geo,primary,uniform,360,0x1.19e0119e0119ep-10,12;30;0,12;0
20230716.gml.geo,primary,uniform,361,0x1.19e0119e0119ep-10,12;30;1,12;1
20230716.gml.geo,primary,uniform,362,0x1.19e0119e0119ep-10,12;30;2,12;2
20230716.gml.geo,primary,uniform,363,0x1.19e0119e0119ep-10,12;30;3,12;3
20230716.gml.geo,primary,uniform,364,0x1.19e0119e0119ep-10,12;30;4,12;4
20230716.gml.geo,primary,uniform,365,0x1.19e0119e0119ep-10,12;30;5,12;5
20230716.gml.geo,primary,uniform,366,0x1.19e0119e0119ep-10,12;30;6,12;6
20230716.gml.geo,primary,uniform,367,0x1.19e0119e0119ep-10,12;30;7,12;7
20230716.gml.geo,primary,uniform,368,0x1.19e0119e0119ep-10,12;30;8,12;8
20230716.gml.geo,primary,uniform,369,0x1.19e0119e0119ep-10,12;30;9,12;9
20230716.gml.geo,primary,uniform,370,0x1.19e0119e0119ep-10,12;30;10,12;10
20230716.gml.geo,primary,uniform,371,0x1.19e0119e0119ep-10,12;30;11,12;11
20230716.gml.geo,primary,uniform,372,0x1.19e0119e0119ep-10,12;30;13,12;13
20230716.gml.geo,primary,uniform,373,0x1.19e0119e0119ep-10,12;30;14,12;14
20230716.gml.geo,primary,uniform,374,0x1.19e0119e0119ep-10,12;30;15,12;15
20230716.gml.geo,primary,uniform,375,0x1.19e0119e0119ep-10,12;30;16,12;16
20230716.gml.geo,primary,uniform,376,0x1.19e0119e0119ep-10,12;30;17,12;17
20230716.gml.geo,primary,uniform,377,0x1.19e0119e0119ep-10,12;30;18,12;18
20230716.gml.geo,primary,uniform,378,0x1.19e0119e0119ep-10,12;30;19,12;19
20230716.gml.geo,primary,uniform,379,0x1.19e0119e0119ep-10,12;30;20,12;20
20230716.gml.geo,primary,uniform,380,0x1.19e0119e0119ep-10,12;30;21,12;21
20230716.gml.geo,primary,uniform,381,0x1.19e0119e0119ep-10,12;30;22,12;22
20230716.gml.geo,primary,uniform,382,0x1.19e0119e0119ep-10,12;30;23,12;23
20230716.gml.geo,primary,uniform,383,0x1.19e0119e0119ep-10,12;30;24,12;24
20230716.gml.geo,primary,uniform,384,0x1.19e0119e0119ep-10,12;30;25,12;25
20230716.gml.geo,primary,uniform,385,0x1.19e0119e0119ep-10,12;30;26,12;26
20230716.gml.geo,primary,uniform,386,0x1.19e0119e0119ep-10,12;30;27,12;27
20230716.gml.geo,primary,uniform,387,0x1.19e0119e0119ep-10,12;30;28,12;28
20230716.gml.geo,primary,uniform,388,0x1.19e0119e0119ep-10,12;30;29,12;29
20230716.gml.geo,primary,uniform,389,0x1.19e0119e0119ep-10,12;30,12
20230716.gml.geo,primary,uniform,390,0x1.19e0119e0119ep-10,13;30;0,13;0
20230716.gml.geo,primary,uniform,391,0x1.19e0119e0119ep-10,13;30;1,13;1
20230716.gml.geo,primary,uniform,392,0x1.19e0119e0119ep-10,13;30;2,13;2
20230716.gml.geo,primary,uniform,393,0x1.19e0119e0119ep-10,13;30;3,13;3
20230716.gml.geo,primary,uniform,394,0x1.19e0119e0119ep-10,13;30;4,13;4
20230716.gml.geo,primary,uniform,395,0x1.19e0119e0119ep-10,13;30;5,13;5
20230716.gml.geo,primary,uniform,396,0x1.19e0119e0119ep-10,13;30;6,13;6
20230716.gml.geo,primary,uniform,397,0x1.19e0119e0119ep-10,13;30;7,13;7
20230716.gml.geo,primary,uniform,398,0x1.19e0119e0119ep-10,13;30;8,13;8
20230716.gml.geo,primary,uniform,399,0x1.19e0119e0119ep-10,13;30;9,13;9
20230716.gml.geo,primary,uniform,400,0x1.19e0119e0119ep-10,13;30;10,13;10
20230716.gml.geo,primary,uniform,401,0x1.19e0119e0119ep-10,13;30;11,13;11
20230716.gml.geo,primary,uniform,402,0x1.19e0119e0119ep-10,13;30;12,13;12
20230716.gml.geo,primary,uniform,403,0x1.19e0119e0119ep-10,13;30;14,13;14
20230716.gml.geo,primary,uniform,404,0x1.19e0119e0119ep-10,13;30;15,13;15
20230716.gml.geo,primary,uniform,405,0x1.19e0119e0119ep-10,13;30;16,13;16
20230716.gml.geo,primary,uniform,406,0x1.19e0119e0119ep-10,13;30;17,13;17
20230716.gml.geo,primary,uniform,407,0x1.19e0119e0119ep-10,13;30;18,13;18
20230716.gml.geo,primary,uniform,408,0x1.19e0119e0119ep-10,13;30;19,13;19
20230716.gml.geo,primary,uniform,409,0x1.19e0119e0119ep-10,13;30;20,13;20
20230716.gml.geo,primary,uniform,410,0x1.19e0119e0119ep-10,13;30;21,13;21
20230716.gml.geo,primary,uniform,411,0x1.19e0119e0119ep-10,13;30;22,13;22
20230716.gml.geo,primary,uniform,412,0x1.19e0119e0119ep-10,13;30;23,13;23
20230716.gml.geo,primary,uniform,413,0x1.19e0119e0119ep-10,13;30;24,13;24
20230716.gml.geo,primary,uniform,414,0x1.19e0119e0119ep-10,13;30;25,13;25
20230716.gml.geo,primary,uniform,415,0x1.19e0119e0119ep-10,13;30;26,13;26
20230716.gml.geo,primary,uniform,416,0x1.19e0119e0119ep-10,13;30;27,13;27
20230716.gml.geo,primary,uniform,417,0x1.19e0119e0119ep-10,13;30;28,13;28
20230716.gml.geo,primary,uniform,418,0x1.19e0119e0119ep-10,13;30;29,13;29
20230716.gml.geo,primary,uniform,419,0x1.19e0119e0119ep-10,13;30,13
20230716.gml.geo,primary,uniform,420,0x1.19e0119e0119ep-10,14;30;0,14;0
20230716.gml.geo,primary,uniform,421,0x1.19e0119e0119ep-10,14;30;1,14;1
20230716.gml.geo,primary,uniform,422,0x1.19e0119e0119ep-10,14;30;2,14;2
20230716.gml.geo,primary,uniform,423,0x1.19e0119e0119ep-10,14;30;3,14;3
20230716.gml.geo,primary,uniform,424,0x1.19e0119e0119ep-10,14;30;4,14;4
20230716.gml.geo,primary,uniform,425,0x1.19e0119e0119ep-10,14;30;5,14;5
20230716.gml.geo,primary,uniform,426,0x1.19e0119e0119ep-10,14;30;6,14;6
20230716.gml.geo,primary,uniform,427,0x1.19e0119e0119ep-10,14;30;7,14;7
20230716.gml.geo,primary,uniform,428,0x1.19e0119e0119ep-10,14;30;8,14;8
20230716.gml.geo,primary,uniform,429,0x1.19e0119e0119ep-10,14;30;9,14;9
20230716.gml.geo,primary,uniform,430,0x1.19e0119e0119ep-10,14;30;10,14;10
20230716.gml.geo,primary,uniform,431,0x1.19e0119e0119ep-10,14;30;11,14;11
20230716.gml.geo,primary,uniform,432,0x1.19e0119e0119ep-10,14;30;12,14;12
20230716.gml.geo,primary,uniform,433,0x1.19e0119e0119ep-10,14;30;13,14;13
20230716.gml.geo,primary,uniform,434,0x1.19e0119e0119ep-10,14;30;15,14;15
20230716.gml.geo,primary,uniform,435,0x1.19e0119e0119ep-10,14;30;16,14;16
20230716.gml.geo,primary,uniform,436,0x1.19e0119e0119ep-10,14;30;17,14;17
20230716.gml.geo,primary,uniform,437,0x1.19e0119e0119ep-10,14;30;18,14;18
20230716.gml.geo,primary,uniform,438,0x1.19e0119e0119ep-10,14;30;19,14;19
20230716.gml.geo,primary,uniform,439,0x1.19e0119e0119ep-10,14;30;20,14;20
20230716.gml.geo,primary,uniform,440,0x1.19e0119e0119ep-10,14;30;21,14;21
20230716.gml.geo,primary,uniform,441,0x1.19e0119e0119ep-10,14;30;22,14;22
20230716.gml.geo,primary,uniform,442,0x1.19e0119e0119ep-10,14;30;23,14;23
20230716.gml.geo,primary,uniform,443,0x1.19e0119e0119ep-10,14;30;24,14;24
20230716.gml.geo,primary,uniform,444,0x1.19e0119e0119ep-10,14;30;25,14;25
20230716.gml.geo,primary,uniform,445,0x1.19e0119e0119ep-10,14;30;26,14;26
20230716.gml.geo,primary,uniform,446,0x1.19e0119e0119ep-10,14;30;27,14;27
20230716.gml.geo,primary,uniform,447,0x1.19e0119e0119ep-10,14;30;28,14;28
20230716.gml.geo,primary,uniform,448,0x1.19e0119e0119ep-10,14;30;29,14;29
20230716.gml.geo,primary,uniform,449,0x1.19e0119e0119ep-10,14;30,14
20230716.gml.geo,primary,uniform,450,0x1.19e0119e0119ep-10,15;30;0,15;0
20230716.gml.geo,primary,uniform,451,0x1.19e0119e0119ep-10,15;30;1,15;1
20230716.gml.geo,primary,uniform,452,0x1.19e0119e0119ep-10,15;30;2,15;2
20230716.gml.geo,primary,uniform,453,0x1.19e0119e0119ep-10,15;30;3,15;3
20230716.gml.geo,primary,uniform,454,0x1.19e0119e0119ep-10,15;30;4,15;4
20230716.gml.geo,primary,uniform,455,0x1.19e0119e0119ep-10,15;30;5,15;5
20230716.gml.geo,primary,uniform,456,0x1.19e0119e0119ep-10,15;30;6,15;6
20230716.gml.geo,primary,uniform,457,0x1.19e0119e0119ep-10,15;30;7,15;7
20230716.gml.geo,primary,uniform,458,0x1.19e0119e0119ep-10,15;30;8,15;8
20230716.gml.geo,primary,uniform,459,0x1.19e0119e0119ep-10,15;30;9,15;9
20230716.gml.geo,primary,uniform,460,0x1.19e0119e0119ep-10,15;30;10,15;10
20230716.gml.geo,primary,uniform,461,0x1.19e0119e0119ep-10,15;30;11,15;11
20230716.gml.geo,primary,uniform,462,0x1.19e0119e0119ep-10,15;30;12,15;12
20230716.gml.geo,primary,uniform,463,0x1.19e0119e0119ep-10,15;30;13,15;13
20230716.gml.geo,primary,uniform,464,0x1.19e0119e0119ep-10,15;30;14,15;14
20230716.gml.geo,primary,uniform,465,0x1.19e0119e0119ep-10,15;30;16,15;16
20230716.gml.geo,primary,uniform,466,0x1.19e0119e0119ep-10,15;30;17,15;17
20230716.gml.geo,primary,uniform,467,0x1.19e0119e0119ep-10,15;30;18,15;18
20230716.gml.geo,primary,uniform,468,0x1.19e0119e0119ep-10,15;30;19,15;19
20230716.gml.geo,primary,uniform,469,0x1.19e0119e0119ep-10,15;30;20,15;20
20230716.gml.geo,primary,uniform,470,0x1.19e0119e0119ep-10,15;30;21,15;21
20230716.gml.geo,primary,uniform,471,0x1.19e0119e0119ep-10,15;30;22,15;22
20230716.gml.geo,primary,uniform,472,0x1.19e0119e0119ep-10,15;30;23,15;23
20230716.gml.geo,primary,uniform,473,0x1.19e0119e0119ep-10,15;30;24,15;24
20230716.gml.geo,primary,uniform,474,0x1.19e0119e0119ep-10,15;30;25,15;25
20230716.gml.geo,primary,uniform,475,0x1.19e0119e0119ep-10,15;30;26,15;26
20230716.gml.geo,primary,uniform,476,0x1.19e0119e0119ep-10,15;30;27,15;27
20230716.gml.geo,primary,uniform,477,0x1.19e0119e0119ep-10,15;30;28,15;28
20230716.gml.geo,primary,uniform,478,0x1.19e0119e0119ep-10,15;30;29,15;29
20230716.gml.geo,primary,uniform,479,0x1.19e0119e0119ep-10,15;30,15
20230716.gml.geo,primary,uniform,480,0x1.19e0119e0119ep-10,16;30;0,16;0
20230716.gml.geo,primary,uniform,481,0x1.19e0119e0119ep-10,16;30;1,16;1
20230716.gml.geo,primary,uniform,482,0x1.19e0119e0119ep-10,16;30;2,16;2
20230716.gml.geo,primary,uniform,483,0x1.19e0119e0119ep-10,16;30;3,16;3
20230716.gml.geo,primary,uniform,484,0x1.19e0119e0119ep-10,16;30;4,16;4
20230716.gml.geo,primary,uniform,485,0x1.19e0119e0119ep-10,16;30;5,16;5
20230716.gml.geo,primary,uniform,486,0x1.19e0119e0119ep-10,16;30;6,16;6
20230716.gml.geo,primary,uniform,487,0x1.19e0119e0119ep-10,16;30;7,16;7
20230716.gml.geo,primary,uniform,488,0x1.19e0119e0119ep-10,16;30;8,16;8
20230716.gml.geo,primary,uniform,489,0x1.19e0119e0119ep-10,16;30;9,16;9
20230716.gml.geo,primary,uniform,490,0x1.19e0119e0119ep-10,16;30;10,16;10
20230716.gml.geo,primary,uniform,491,0x1.19e0119e0119ep-10,16;30;11,16;11
20230716.gml.geo,primary,uniform,492,0x1.19e0119e0119ep-10,16;30;12,16;12
20230716.gml.geo,primary,uniform,493,0x1.19e0119e0119ep-10,16;30;13,16;13
20230716.gml.geo,primary,uniform,494,0x1.19e0119e0119ep-10,16;30;14,16;14
20230716.gml.geo,primary,uniform,495,0x1.19e0119e0119ep-10,16;30;15,16;15
20230716.gml.geo,primary,uniform,496,0x1.19e0119e0119ep-10,16;30;17,16;17
20230716.gml.geo,primary,uniform,497,0x1.19e0119e0119ep-10,16;30;18,16;18
20230716.gml.geo,primary,uniform,498,0x1.19e0119e0119ep-10,16;30;19,16;19
20230716.gml.geo,primary,uniform,499,0x1.19e0119e0119ep-10,16;30;20,16;20
20230716.gml.geo,primary,uniform,500,0x1.19e0119e0119ep-10,16;30;21,16;21
20230716.gml.geo,primary,uniform,501,0x1.19e0119e0119ep-10,16;30;22,16;22
20230716.gml.geo,primary,uniform,502,0x1.19e0119e0119ep-10,16;30;23,16;23
20230716.gml.geo,primary,uniform,503,0x1.19e0119e0119ep-10,16;30;24,16;24
20230716.gml.geo,primary,uniform,504,0x1.19e0119e0119ep-10,16;30;25,16;25
20230716.gml.geo,primary,uniform,505,0x1.19e0119e0119ep-10,16;30;26,16;26
20230716.gml.geo,primary,uniform,506,0x1.19e0119e0119ep-10,16;30;27,16;27
20230716.gml.geo,primary,uniform,507,0x1.19e0119e0119ep-10,16;30;28,16;28
20230716.gml.geo,primary,uniform,508,0x1.19e0119e0119ep-10,16;30;29,16;29
20230716.gml.geo,primary,uniform,509,0x1.19e0119e0119ep-10,16;30,16
20230716.gml.geo,primary,uniform,510,0x1.19e0119e0119ep-10,17;30;0,17;0
20230716.gml.geo,primary,uniform,511,0x1.19e0119e0119ep-10,17;30;1,17;1
20230716.gml.geo,primary,uniform,512,0x1.19e0119e0119ep-10,17;30;2,17;2
20230716.gml.geo,primary,uniform,513,0x1.19e0119e0119ep-10,17;30;3,17;3
20230716.gml.geo,primary,uniform,514,0x1.19e0119e0119ep-10,17;30;4,17;4
20230716.gml.geo,primary,uniform,515,0x1.19e0119e0119ep-10,17;30;5,17;5
20230716.gml.geo,primary,uniform,516,0x1.19e0119e0119ep-10,17;30;6,17;6
20230716.gml.geo,primary,uniform,517,0x1.19e0119e0119ep-10,17;30;7,17;7
20230716.gml.geo,primary,uniform,518,0x1.19e0119e0119ep-10,17;30;8,17;8
20230716.gml.geo,primary,uniform,519,0x1.19e0119e0119ep-10,17;30;9,17;9
20230716.gml.geo,primary,uniform,520,0x1.19e0119e0119ep-10,17;30;10,17;10
20230716.gml.geo,primary,uniform,521,0x1.19e0119e0119ep-10,17;30;11,17;11
20230716.gml.geo,primary,uniform,522,0x1.19e0119e0119ep-10,17;30;12,17;12
20230716.gml.geo,primary,uniform,523,0x1.19e0119e0119ep-10,17;30;13,17;13
20230716.gml.geo,primary,uniform,524,0x1.19e0119e0119ep-10,17;30;14,17;14
20230716.gml.geo,primary,uniform,525,0x1.19e0119e0119ep-10,17;30;15,17;15
20230716.gml.geo,primary,uniform,526,0x1.19e0119e0119ep-10,17;30;16,17;16
20230716.gml.geo,primary,uniform,527,0x1.19e0119e0119ep-10,17;30;18,17;18
20230716.gml.geo,primary,uniform,528,0x1.19e0119e0119ep-10,17;30;19,17;19
20230716.gml.geo,primary,uniform,529,0x1.19e0119e0119ep-10,17;30;20,17;20
20230716.gml.geo,primary,uniform,530,0x1.19e0119e0119ep-10,17;30;21,17;21
20230716.gml.geo,primary,uniform,531,0x1.19e0119e0119ep-10,17;30;22,17;22
20230716.gml.geo,primary,uniform,532,0x1.19e0119e0119ep-10,17;30;23,17;23
20230716.gml.geo,primary,uniform,533,0x1.19e0119e0119ep-10,17;30;24,17;24
20230716.gml.geo,primary,uniform,534,0x1.19e0119e0119ep-10,17;30;25,17;25
20230716.gml.geo,primary,uniform,535,0x1.19e0119e0119ep-10,17;30;26,17;26
20230716.gml.geo,primary,uniform,536,0x1.19e0119e0119ep-10,17;30;27,17;27
20230716.gml.geo,primary,uniform,537,0x1.19e0119e0119ep-10,17;30;28,17;28
20230716.gml.geo,primary,uniform,538,0x1.19e0119e0119ep-10,17;30;29,17;29
20230716.gml.geo,primary,uniform,539,0x1.19e0119e0119ep-10,17;30,17
20230716.gml.geo,primary,uniform,540,0x1.19e0119e0119ep-10,18;30;0,18;0
20230716.gml.geo,primary,uniform,541,0x1.19e0119e0119ep-10,18;30;1,18;1
20230716.gml.geo,primary,uniform,542,0x1.19e0119e0119ep-10,18;30;2,18;2
20230716.gml.geo,primary,uniform,543,0x1.19e0119e0119ep-10,18;30;3,18;3
20230716.gml.geo,primary,uniform,544,0x1.19e0119e0119ep-10,18;30;4,18;4
20230716.gml.geo,primary,uniform,545,0x1.19e0119e0119ep-10,18;30;5,18;5
20230716.gml.geo,primary,uniform,546,0x1.19e0119e0119ep-10,18;30;6,18;6
20230716.gml.geo,primary,uniform,547,0x1.19e0119e0119ep-10,18;30;7,18;7
20230716.gml.geo,primary,uniform,548,0x1.19e0119e0119ep-10,18;30;8,18;8
20230716.gml.geo,primary,uniform,549,0x1.19e0119e0119ep-10,18;30;9,18;9
20230716.gml.geo,primary,uniform,550,0x1.19e0119e0119ep-10,18;30;10,18;10
20230716.gml.geo,primary,uniform,551,0x1.19e0119e0119ep-10,18;30;11,18;11
20230716.gml.geo,primary,uniform,552,0x1.19e0119e0119ep-10,18;30;12,18;12
20230716.gml.geo,primary,uniform,553,0x1.19e0119e0119ep-10,18;30;13,18;13
20230716.gml.geo,primary,uniform,554,0x1.19e0119e0119ep-10,18;30;14,18;14
20230716.gml.geo,primary,uniform,555,0x1.19e0119e0119ep-10,18;30;15,18;15
20230716.gml.geo,primary,uniform,556,0x1.19e0119e0119ep-10,18;30;16,18;16
20230716.gml.geo,primary,uniform,557,0x1.19e0119e0119ep-10,18;30;17,18;17
20230716.gml.geo,primary,uniform,558,0x1.19e0119e0119ep-10,18;30;19,18;19
20230716.gml.geo,primary,uniform,559,0x1.19e0119e0119ep-10,18;30;20,18;20
20230716.gml.geo,primary,uniform,560,0x1.19e0119e0119ep-10,18;30;21,18;21
20230716.gml.geo,primary,uniform,561,0x1.19e0119e0119ep-10,18;30;22,18;22
20230716.gml.geo,primary,uniform,562,0x1.19e0119e0119ep-10,18;30;23,18;23
20230716.gml.geo,primary,uniform,563,0x1.19e0119e0119ep-10,18;30;24,18;24
20230716.gml.geo,primary,uniform,564,0x1.19e0119e0119ep-10,18;30;25,18;25
20230716.gml.geo,primary,uniform,565,0x1.19e0119e0119ep-10,18;30;26,18;26
20230716.gml.geo,primary,uniform,566,0x1.19e0119e0119ep-10,18;30;27,18;27
20230716.gml.geo,primary,uniform,567,0x1.19e0119e0119ep-10,18;30;28,18;28
20230716.gml.geo,primary,uniform,568,0x1.19e0119e0119ep-10,18;30;29,18;29
20230716.gml.geo,primary,uniform,569,0x1.19e0119e0119ep-10,18;30,18
20230716.gml.geo,primary,uniform,570,0x1.19e0119e0119ep-10,19;30;0,19;0
20230716.gml.geo,primary,uniform,571,0x1.19e0119e0119ep-10,19;30;1,19;1
20230716.gml.geo,primary,uniform,572,0x1.19e0119e0119ep-10,19;30;2,19;2
20230716.gml.geo,primary,uniform,573,0x1.19e0119e0119ep-10,19;30;3,19;3
20230716.gml.geo,primary,uniform,574,0x1.19e0119e0119ep-10,19;30;4,19;4
20230716.gml.geo,primary,uniform,575,0x1.19e0119e0119ep-10,19;30;5,19;5
20230716.gml.geo,primary,uniform,576,0x1.19e0119e0119ep-10,19;30;6,19;6
20230716.gml.geo,primary,uniform,577,0x1.19e0119e0119ep-10,19;30;7,19;7
20230716.gml.geo,primary,uniform,578,0x1.19e0119e0119ep-10,19;30;8,19;8
20230716.gml.geo,primary,uniform,579,0x1.19e0119e0119ep-10,19;30;9,19;9
20230716.gml.geo,primary,uniform,580,0x1.19e0119e0119ep-10,19;30;10,19;10
20230716.gml.geo,primary,uniform,581,0x1.19e0119e0119ep-10,19;30;11,19;11
20230716.gml.geo,primary,uniform,582,0x1.19e0119e0119ep-10,19;30;12,19;12
20230716.gml.geo,primary,uniform,583,0x1.19e0119e0119ep-10,19;30;13,19;13
20230716.gml.geo,primary,uniform,584,0x1.19e0119e0119ep-10,19;30;14,19;14
20230716.gml.geo,primary,uniform,585,0x1.19e0119e0119ep-10,19;30;15,19;15
20230716.gml.geo,primary,uniform,586,0x1.19e0119e0119ep-10,19;30;16,19;16
20230716.gml.geo,primary,uniform,587,0x1.19e0119e0119ep-10,19;30;17,19;17
20230716.gml.geo,primary,uniform,588,0x1.19e0119e0119ep-10,19;30;18,19;18
20230716.gml.geo,primary,uniform,589,0x1.19e0119e0119ep-10,19;30;20,19;20
20230716.gml.geo,primary,uniform,590,0x1.19e0119e0119ep-10,19;30;21,19;21
20230716.gml.geo,primary,uniform,591,0x1.19e0119e0119ep-10,19;30;22,19;22
20230716.gml.geo,primary,uniform,592,0x1.19e0119e0119ep-10,19;30;23,19;23
20230716.gml.geo,primary,uniform,593,0x1.19e0119e0119ep-10,19;30;24,19;24
20230716.gml.geo,primary,uniform,594,0x1.19e0119e0119ep-10,19;30;25,19;25
20230716.gml.geo,primary,uniform,595,0x1.19e0119e0119ep-10,19;30;26,19;26
20230716.gml.geo,primary,uniform,596,0x1.19e0119e0119ep-10,19;30;27,19;27
20230716.gml.geo,primary,uniform,597,0x1.19e0119e0119ep-10,19;30;28,19;28
20230716.gml.geo,primary,uniform,598,0x1.19e0119e0119ep-10,19;30;29,19;29
20230716.gml.geo,primary,uniform,599,0x1.19e0119e0119ep-10,19;30,19
20230716.gml.geo,primary,uniform,600,0x1.19e0119e0119ep-10,20;30;0,20;0
20230716.gml.geo,primary,uniform,601,0x1.19e0119e0119ep-10,20;30;1,20;1
20230716.gml.geo,primary,uniform,602,0x1.19e0119e0119ep-10,20;30;2,20;2
20230716.gml.geo,primary,uniform,603,0x1.19e0119e0119ep-10,20;30;3,20;3
20230716.gml.geo,primary,uniform,604,0x1.19e0119e0119ep-10,20;30;4,20;4
20230716.gml.geo,primary,uniform,605,0x1.19e0119e0119ep-10,20;30;5,20;5
20230716.gml.geo,primary,uniform,606,0x1.19e0119e0119ep-10,20;30;6,20;6
20230716.gml.geo,primary,uniform,607,0x1.19e0119e0119ep-10,20;30;7,20;7
20230716.gml.geo,primary,uniform,608,0x1.19e0119e0119ep-10,20;30;8,20;8
20230716.gml.geo,primary,uniform,609,0x1.19e0119e0119ep-10,20;30;9,20;9
20230716.gml.geo,primary,uniform,610,0x1.19e0119e0119ep-10,20;30;10,20;10
20230716.gml.geo,primary,uniform,611,0x1.19e0119e0119ep-10,20;30;11,20;11
20230716.gml.geo,primary,uniform,612,0x1.19e0119e0119ep-10,20;30;12,20;12
20230716.gml.geo,primary,uniform,613,0x1.19e0119e0119ep-10,20;30;13,20;13
20230716.gml.geo,primary,uniform,614,0x1.19e0119e0119ep-10,20;30;14,20;14
20230716.gml.geo,primary,uniform,615,0x1.19e0119e0119ep-10,20;30;15,20;15
20230716.gml.geo,primary,uniform,616,0x1.19e0119e0119ep-10,20;30;16,20;16
20230716.gml.geo,primary,uniform,617,0x1.19e0119e0119ep-10,20;30;17,20;17
20230716.gml.geo,primary,uniform,618,0x1.19e0119e0119ep-10,20;30;18,20;18
20230716.gml.geo,primary,uniform,619,0x1.19e0119e0119ep-10,20;30;19,20;19
20230716.gml.geo,primary,uniform,620,0x1.19e0119e0119ep-10,20;30;21,20;21
20230716.gml.geo,primary,uniform,621,0x1.19e0119e0119ep-10,20;30;22,20;22
20230716.gml.geo,primary,uniform,622,0x1.19e0119e0119ep-10,20;30;23,20;23
20230716.gml.geo,primary,uniform,623,0x1.19e0119e0119ep-10,20;30;24,20;24
20230716.gml.geo,primary,uniform,624,0x1.19e0119e0119ep-10,20;30;25,20;25
20230716.gml.geo,primary,uniform,625,0x1.19e0119e0119ep-10,20;30;26,20;26
20230716.gml.geo,primary,uniform,626,0x1.19e0119e0119ep-10,20;30;27,20;27
20230716.gml.geo,primary,uniform,627,0x1.19e0119e0119ep-10,20;30;28,20;28
20230716.gml.geo,primary,uniform,628,0x1.19e0119e0119ep-10,20;30;29,20;29
20230716.gml.geo,primary,uniform,629,0x1.19e0119e0119ep-10,20;30,20
20230716.gml.geo,primary,uniform,630,0x1.19e0119e0119ep-10,21;30;0,21;0
20230716.gml.geo,primary,uniform,631,0x1.19e0119e0119ep-10,21;30;1,21;1
20230716.gml.geo,primary,uniform,632,0x1.19e0119e0119ep-10,21;30;2,21;2
20230716.gml.geo,primary,uniform,633,0x1.19e0119e0119ep-10,21;30;3,21;3
20230716.gml.geo,primary,uniform,634,0x1.19e0119e0119ep-10,21;30;4,21;4
20230716.gml.geo,primary,uniform,635,0x1.19e0119e0119ep-10,21;30;5,21;5
20230716.gml.geo,primary,uniform,636,0x1.19e0119e0119ep-10,21;30;6,21;6
20230716.gml.geo,primary,uniform,637,0x1.19e0119e0119ep-10,21;30;7,21;7
20230716.gml.geo,primary,uniform,638,0x1.19e0119e0119ep-10,21;30;8,21;8
20230716.gml.geo,primary,uniform,639,0x1.19e0119e0119ep-10,21;30;9,21;9
20230716.gml.geo,primary,uniform,640,0x1.19e0119e0119ep-10,21;30;10,21;10
20230716.gml.geo,primary,uniform,641,0x1.19e0119e0119ep-10,21;30;11,21;11
20230716.gml.geo,primary,uniform,642,0x1.19e0119e0119ep-10,21;30;12,21;12
20230716.gml.geo,primary,uniform,643,0x1.19e0119e0119ep-10,21;30;13,21;13
20230716.gml.geo,primary,uniform,644,0x1.19e0119e0119ep-10,21;30;14,21;14
20230716.gml.geo,primary,uniform,645,0x1.19e0119e0119ep-10,21;30;15,21;15
20230716.gml.geo,primary,uniform,646,0x1.19e0119e0119ep-10,21;30;16,21;16
20230716.gml.geo,primary,uniform,647,0x1.19e0119e0119ep-10,21;30;17,21;17
20230716.gml.geo,primary,uniform,648,0x1.19e0119e0119ep-10,21;30;18,21;18
20230716.gml.geo,primary,uniform,649,0x1.19e0119e0119ep-10,21;30;19,21;19
20230716.gml.geo,primary,uniform,650,0x1.19e0119e0119ep-10,21;30;20,21;20
20230716.gml.geo,primary,uniform,651,0x1.19e0119e0119ep-10,21;30;22,21;22
20230716.gml.geo,primary,uniform,652,0x1.19e0119e0119ep-10,21;30;23,21;23
20230716.gml.geo,primary,uniform,653,0x1.19e0119e0119ep-10,21;30;24,21;24
20230716.gml.geo,primary,uniform,654,0x1.19e0119e0119ep-10,21;30;25,21;25
20230716.gml.geo,primary,uniform,655,0x1.19e0119e0119ep-10,21;30;26,21;26
20230716.gml.geo,primary,uniform,656,0x1.19e0119e0119ep-10,21;30;27,21;27
20230716.gml.geo,primary,uniform,657,0x1.19e0119e0119ep-10,21;30;28,21;28
20230716.gml.geo,primary,uniform,658,0x1.19e0119e0119ep-10,21;30;29,21;29
20230716.gml.geo,primary,uniform,659,0x1.19e0119e0119ep-10,21;30,21
20230716.gml.geo,primary,uniform,660,0x1.19e0119e0119ep-10,22;30;0,22;0
20230716.gml.geo,primary,uniform,661,0x1.19e0119e0119ep-10,22;30;1,22;1
20230716.gml.geo,primary,uniform,662,0x1.19e0119e0119ep-10,22;30;2,22;2
20230716.gml.geo,primary,uniform,663,0x1.19e0119e0119ep-10,22;30;3,22;3
20230716.gml.geo,primary,uniform,664,0x1.19e0119e0119ep-10,22;30;4,22;4
20230716.gml.geo,primary,uniform,665,0x1.19e0119e0119ep-10,22;30;5,22;5
20230716.gml.geo,primary,uniform,666,0x1.19e0119e0119ep-10,22;30;6,22;6
20230716.gml.geo,primary,uniform,667,0x1.19e0119e0119ep-10,22;30;7,22;7
20230716.gml.geo,primary,uniform,668,0x1.19e0119e0119ep-10,22;30;8,22;8
20230716.gml.geo,primary,uniform,669,0x1.19e0119e0119ep-10,22;30;9,22;9
20230716.gml.geo,primary,uniform,670,0x1.19e0119e0119ep-10,22;30;10,22;10
20230716.gml.geo,primary,uniform,671,0x1.19e0119e0119ep-10,22;30;11,22;11
20230716.gml.geo,primary,uniform,672,0x1.19e0119e0119ep-10,22;30;12,22;12
20230716.gml.geo,primary,uniform,673,0x1.19e0119e0119ep-10,22;30;13,22;13
20230716.gml.geo,primary,uniform,674,0x1.19e0119e0119ep-10,22;30;14,22;14
20230716.gml.geo,primary,uniform,675,0x1.19e0119e0119ep-10,22;30;15,22;15
20230716.gml.geo,primary,uniform,676,0x1.19e0119e0119ep-10,22;30;16,22;16
20230716.gml.geo,primary,uniform,677,0x1.19e0119e0119ep-10,22;30;17,22;17
20230716.gml.geo,primary,uniform,678,0x1.19e0119e0119ep-10,22;30;18,22;18
20230716.gml.geo,primary,uniform,679,0x1.19e0119e0119ep-10,22;30;19,22;19
20230716.gml.geo,primary,uniform,680,0x1.19e0119e0119ep-10,22;30;20,22;20
20230716.gml.geo,primary,uniform,681,0x1.19e0119e0119ep-10,22;30;21,22;21
20230716.gml.geo,primary,uniform,682,0x1.19e0119e0119ep-10,22;30;23,22;23
20230716.gml.geo,primary,uniform,683,0x1.19e0119e0119ep-10,22;30;24,22;24
20230716.gml.geo,primary,uniform,684,0x1.19e0119e0119ep-10,22;30;25,22;25
20230716.gml.geo,primary,uniform,685,0x1.19e0119e0119ep-10,22;30;26,22;26
20230716.gml.geo,primary,uniform,686,0x1.19e0119e0119ep-10,22;30;27,22;27
20230716.gml.geo,primary,uniform,687,0x1.19e0119e0119ep-10,22;30;28,22;28
20230716.gml.geo,primary,uniform,688,0x1.19e0119e0119ep-10,22;30;29,22;29
20230716.gml.geo,primary,uniform,689,0x1.19e0119e0119ep-10,22;30,22
20230716.gml.geo,primary,uniform,690,0x1.19e0119e0119ep-10,23;30;0,23;0
20230716.gml.geo,primary,uniform,691,0x1.19e0119e0119ep-10,23;30;1,23;1
20230716.gml.geo,primary,uniform,692,0x1.19e0119e0119ep-10,23;30;2,23;2
20230716.gml.geo,primary,uniform,693,0x1.19e0119e0119ep-10,23;30;3,23;3
20230716.gml.geo,primary,uniform,694,0x1.19e0119e0119ep-10,23;30;4,23;4
20230716.gml.geo,primary,uniform,695,0x1.19e0119e0119ep-10,23;30;5,23;5
20230716.gml.geo,primary,uniform,696,0x1.19e0119e0119ep-10,23;30;6,23;6
20230716.gml.geo,primary,uniform,697,0x1.19e0119e0119ep-10,23;30;7,23;7
20230716.gml.geo,primary,uniform,698,0x1.19e0119e0119ep-10,23;30;8,23;8
20230716.gml.geo,primary,uniform,699,0x1.19e0119e0119ep-10,23;30;9,23;9
20230716.gml.geo,primary,uniform,700,0x1.19e0119e0119ep-10,23;30;10,23;10
20230716.gml.geo,primary,uniform,701,0x1.19e0119e0119ep-10,23;30;11,23;11
20230716.gml.geo,primary,uniform,702,0x1.19e0119e0119ep-10,23;30;12,23;12
20230716.gml.geo,primary,uniform,703,0x1.19e0119e0119ep-10,23;30;13,23;13
20230716.gml.geo,primary,uniform,704,0x1.19e0119e0119ep-10,23;30;14,23;14
20230716.gml.geo,primary,uniform,705,0x1.19e0119e0119ep-10,23;30;15,23;15
20230716.gml.geo,primary,uniform,706,0x1.19e0119e0119ep-10,23;30;16,23;16
20230716.gml.geo,primary,uniform,707,0x1.19e0119e0119ep-10,23;30;17,23;17
20230716.gml.geo,primary,uniform,708,0x1.19e0119e0119ep-10,23;30;18,23;18
20230716.gml.geo,primary,uniform,709,0x1.19e0119e0119ep-10,23;30;19,23;19
20230716.gml.geo,primary,uniform,710,0x1.19e0119e0119ep-10,23;30;20,23;20
20230716.gml.geo,primary,uniform,711,0x1.19e0119e0119ep-10,23;30;21,23;21
20230716.gml.geo,primary,uniform,712,0x1.19e0119e0119ep-10,23;30;22,23;22
20230716.gml.geo,primary,uniform,713,0x1.19e0119e0119ep-10,23;30;24,23;24
20230716.gml.geo,primary,uniform,714,0x1.19e0119e0119ep-10,23;30;25,23;25
20230716.gml.geo,primary,uniform,715,0x1.19e0119e0119ep-10,23;30;26,23;26
20230716.gml.geo,primary,uniform,716,0x1.19e0119e0119ep-10,23;30;27,23;27
20230716.gml.geo,primary,uniform,717,0x1.19e0119e0119ep-10,23;30;28,23;28
20230716.gml.geo,primary,uniform,718,0x1.19e0119e0119ep-10,23;30;29,23;29
20230716.gml.geo,primary,uniform,719,0x1.19e0119e0119ep-10,23;30,23
20230716.gml.geo,primary,uniform,720,0x1.19e0119e0119ep-10,24;30;0,24;0
20230716.gml.geo,primary,uniform,721,0x1.19e0119e0119ep-10,24;30;1,24;1
20230716.gml.geo,primary,uniform,722,0x1.19e0119e0119ep-10,24;30;2,24;2
20230716.gml.geo,primary,uniform,723,0x1.19e0119e0119ep-10,24;30;3,24;3
20230716.gml.geo,primary,uniform,724,0x1.19e0119e0119ep-10,24;30;4,24;4
20230716.gml.geo,primary,uniform,725,0x1.19e0119e0119ep-10,24;30;5,24;5
20230716.gml.geo,primary,uniform,726,0x1.19e0119e0119ep-10,24;30;6,24;6
20230716.gml.geo,primary,uniform,727,0x1.19e0119e0119ep-10,24;30;7,24;7
20230716.gml.geo,primary,uniform,728,0x1.19e0119e0119ep-10,24;30;8,24;8
20230716.gml.geo,primary,uniform,729,0x1.19e0119e0119ep-10,24;30;9,24;9
20230716.gml.geo,primary,uniform,730,0x1.19e0119e0119ep-10,24;30;10,24;10
20230716.gml.geo,primary,uniform,731,0x1.19e0119e0119ep-10,24;30;11,24;11
20230716.gml.geo,primary,uniform,732,0x1.19e0119e0119ep-10,24;30;12,24;12
20230716.gml.geo,primary,uniform,733,0x1.19e0119e0119ep-10,24;30;13,24;13
20230716.gml.geo,primary,uniform,734,0x1.19e0119e0119ep-10,24;30;14,24;14
20230716.gml.geo,primary,uniform,735,0x1.19e0119e0119ep-10,24;30;15,24;15
20230716.gml.geo,primary,uniform,736,0x1.19e0119e0119ep-10,24;30;16,24;16
20230716.gml.geo,primary,uniform,737,0x1.19e0119e0119ep-10,24;30;17,24;17
20230716.gml.geo,primary,uniform,738,0x1.19e0119e0119ep-10,24;30;18,24;18
20230716.gml.geo,primary,uniform,739,0x1.19e0119e0119ep-10,24;30;19,24;19
20230716.gml.geo,primary,uniform,740,0x1.19e0119e0119ep-10,24;30;20,24;20
20230716.gml.geo,primary,uniform,741,0x1.19e0119e0119ep-10,24;30;21,24;21
20230716.gml.geo,primary,uniform,742,0x1.19e0119e0119ep-10,24;30;22,24;22
20230716.gml.geo,primary,uniform,743,0x1.19e0119e0119ep-10,24;30;23,24;23
20230716.gml.geo,primary,uniform,744,0x1.19e0119e0119ep-10,24;30;25,24;25
20230716.gml.geo,primary,uniform,745,0x1.19e0119e0119ep-10,24;30;26,24;26
20230716.gml.geo,primary,uniform,746,0x1.19e0119e0119ep-10,24;30;27,24;27
20230716.gml.geo,primary,uniform,747,0x1.19e0119e0119ep-10,24;30;28,24;28
20230716.gml.geo,primary,uniform,748,0x1.19e0119e0119ep-10,24;30;29,24;29
20230716.gml.geo,primary,uniform,749,0x1.19e0119e0119ep-10,24;30,24
20230716.gml.geo,primary,uniform,750,0x1.19e0119e0119ep-10,25;30;0,25;0
20230716.gml.geo,primary,uniform,751,0x1.19e0119e0119ep-10,25;30;1,25;1
20230716.gml.geo,primary,uniform,752,0x1.19e0119e0119ep-10,25;30;2,25;2
20230716.gml.geo,primary,uniform,753,0x1.19e0119e0119ep-10,25;30;3,25;3
20230716.gml.geo,primary,uniform,754,0x1.19e0119e0119ep-10,25;30;4,25;4
20230716.gml.geo,primary,uniform,755,0x1.19e0119e0119ep-10,25;30;5,25;5
20230716.gml.geo,primary,uniform,756,0x1.19e0119e0119ep-10,25;30;6,25;6
20230716.gml.geo,primary,uniform,757,0x1.19e0119e0119ep-10,25;30;7,25;7
20230716.gml.geo,primary,uniform,758,0x1.19e0119e0119ep-10,25;30;8,25;8
20230716.gml.geo,primary,uniform,759,0x1.19e0119e0119ep-10,25;30;9,25;9
20230716.gml.geo,primary,uniform,760,0x1.19e0119e0119ep-10,25;30;10,25;10
20230716.gml.geo,primary,uniform,761,0x1.19e0119e0119ep-10,25;30;11,25;11
20230716.gml.geo,primary,uniform,762,0x1.19e0119e0119ep-10,25;30;12,25;12
20230716.gml.geo,primary,uniform,763,0x1.19e0119e0119ep-10,25;30;13,25;13
20230716.gml.geo,primary,uniform,764,0x1.19e0119e0119ep-10,25;30;14,25;14
20230716.gml.geo,primary,uniform,765,0x1.19e0119e0119ep-10,25;30;15,25;15
20230716.gml.geo,primary,uniform,766,0x1.19e0119e0119ep-10,25;30;16,25;16
20230716.gml.geo,primary,uniform,767,0x1.19e0119e0119ep-10,25;30;17,25;17
20230716.gml.geo,primary,uniform,768,0x1.19e0119e0119ep-10,25;30;18,25;18
20230716.gml.geo,primary,uniform,769,0x1.19e0119e0119ep-10,25;30;19,25;19
20230716.gml.geo,primary,uniform,770,0x1.19e0119e0119ep-10,25;30;20,25;20
20230716.gml.geo,primary,uniform,771,0x1.19e0119e0119ep-10,25;30;21,25;21
20230716.gml.geo,primary,uniform,772,0x1.19e0119e0119ep-10,25;30;22,25;22
20230716.gml.geo,primary,uniform,773,0x1.19e0119e0119ep-10,25;30;23,25;23
20230716.gml.geo,primary,uniform,774,0x1.19e0119e0119ep-10,25;30;24,25;24
20230716.gml.geo,primary,uniform,775,0x1.19e0119e0119ep-10,25;30;26,25;26
20230716.gml.geo,primary,uniform,776,0x1.19e0119e0119ep-10,25;30;27,25;27
20230716.gml.geo,primary,uniform,777,0x1.19e0119e0119ep-10,25;30;28,25;28
20230716.gml.geo,primary,uniform,778,0x1.19e0119e0119ep-10,25;30;29,25;29
20230716.gml.geo,primary,uniform,779,0x1.19e0119e0119ep-10,25;30,25
20230716.gml.geo,primary,uniform,780,0x1.19e0119e0119ep-10,26;30;0,26;0
20230716.gml.geo,primary,uniform,781,0x1.19e0119e0119ep-10,26;30;1,26;1
20230716.gml.geo,primary,uniform,782,0x1.19e0119e0119ep-10,26;30;2,26;2
20230716.gml.geo,primary,uniform,783,0x1.19e0119e0119ep-10,26;30;3,26;3
20230716.gml.geo,primary,uniform,784,0x1.19e0119e0119ep-10,26;30;4,26;4
20230716.gml.geo,primary,uniform,785,0x1.19e0119e0119ep-10,26;30;5,26;5
20230716.gml.geo,primary,uniform,786,0x1.19e0119e0119ep-10,26;30;6,26;6
20230716.gml.geo,primary,uniform,787,0x1.19e0119e0119ep-10,26;30;7,26;7
20230716.gml.geo,primary,uniform,788,0x1.19e0119e0119ep-10,26;30;8,26;8
20230716.gml.geo,primary,uniform,789,0x1.19e0119e0119ep-10,26;30;9,26;9
20230716.gml.geo,primary,uniform,790,0x1.19e0119e0119ep-10,26;30;10,26;10
20230716.gml.geo,primary,uniform,791,0x1.19e0119e0119ep-10,26;30;11,26;11
20230716.gml.geo,primary,uniform,792,0x1.19e0119e0119ep-10,26;30;12,26;12
20230716.gml.geo,primary,uniform,793,0x1.19e0119e0119ep-10,26;30;13,26;13
20230716.gml.geo,primary,uniform,794,0x1.19e0119e0119ep-10,26;30;14,26;14
20230716.gml.geo,primary,uniform,795,0x1.19e0119e0119ep-10,26;30;15,26;15
20230716.gml.geo,primary,uniform,796,0x1.19e0119e0119ep-10,26;30;16,26;16
20230716.gml.geo,primary,uniform,797,0x1.19e0119e0119ep-10,26;30;17,26;17
20230716.gml.geo,primary,uniform,798,0x1.19e0119e0119ep-10,26;30;18,26;18
20230716.gml.geo,primary,uniform,799,0x1.19e0119e0119ep-10,26;30;19,26;19
20230716.gml.geo,primary,uniform,800,0x1.19e0119e0119ep-10,26;30;20,26;20
20230716.gml.geo,primary,uniform,801,0x1.19e0119e0119ep-10,26;30;21,26;21
20230716.gml.geo,primary,uniform,802,0x1.19e0119e0119ep-10,26;30;22,26;22
20230716.gml.geo,primary,uniform,803,0x1.19e0119e0119ep-10,26;30;23,26;23
20230716.gml.geo,primary,uniform,804,0x1.19e0119e0119ep-10,26;30;24,26;24
20230716.gml.geo,primary,uniform,805,0x1.19e0119e0119ep-10,26;30;25,26;25
20230716.gml.geo,primary,uniform,806,0x1.19e0119e0119ep-10,26;30;27,26;27
20230716.gml.geo,primary,uniform,807,0x1.19e0119e0119ep-10,26;30;28,26;28
20230716.gml.geo,primary,uniform,808,0x1.19e0119e0119ep-10,26;30;29,26;29
20230716.gml.geo,primary,uniform,809,0x1.19e0119e0119ep-10,26;30,26
20230716.gml.geo,primary,uniform,810,0x1.19e0119e0119ep-10,27;30;0,27;0
20230716.gml.geo,primary,uniform,811,0x1.19e0119e0119ep-10,27;30;1,27;1
20230716.gml.geo,primary,uniform,812,0x1.19e0119e0119ep-10,27;30;2,27;2
20230716.gml.geo,primary,uniform,813,0x1.19e0119e0119ep-10,27;30;3,27;3
20230716.gml.geo,primary,uniform,814,0x1.19e0119e0119ep-10,27;30;4,27;4
20230716.gml.geo,primary,uniform,815,0x1.19e0119e0119ep-10,27;30;5,27;5
20230716.gml.geo,primary,uniform,816,0x1.19e0119e0119ep-10,27;30;6,27;6
20230716.gml.geo,primary,uniform,817,0x1.19e0119e0119ep-10,27;30;7,27;7
20230716.gml.geo,primary,uniform,818,0x1.19e0119e0119ep-10,27;30;8,27;8
20230716.gml.geo,primary,uniform,819,0x1.19e0119e0119ep-10,27;30;9,27;9
20230716.gml.geo,primary,uniform,820,0x1.19e0119e0119ep-10,27;30;10,27;10
20230716.gml.geo,primary,uniform,821,0x1.19e0119e0119ep-10,27;30;11,27;11
20230716.gml.geo,primary,uniform,822,0x1.19e0119e0119ep-10,27;30;12,27;12
20230716.gml.geo,primary,uniform,823,0x1.19e0119e0119ep-10,27;30;13,27;13
20230716.gml.geo,primary,uniform,824,0x1.19e0119e0119ep-10,27;30;14,27;14
20230716.gml.geo,primary,uniform,825,0x1.19e0119e0119ep-10,27;30;15,27;15
20230716.gml.geo,primary,uniform,826,0x1.19e0119e0119ep-10,27;30;16,27;16
20230716.gml.geo,primary,uniform,827,0x1.19e0119e0119ep-10,27;30;17,27;17
20230716.gml.geo,primary,uniform,828,0x1.19e0119e0119ep-10,27;30;18,27;18
20230716.gml.geo,primary,uniform,829,0x1.19e0119e0119ep-10,27;30;19,27;19
20230716.gml.geo,primary,uniform,830,0x1.19e0119e0119ep-10,27;30;20,27;20
20230716.gml.geo,primary,uniform,831,0x1.19e0119e0119ep-10,27;30;21,27;21
20230716.gml.geo,primary,uniform,832,0x1.19e0119e0119ep-10,27;30;22,27;22
20230716.gml.geo,primary,uniform,833,0x1.19e0119e0119ep-10,27;30;23,27;23
20230716.gml.geo,primary,uniform,834,0x1.19e0119e0119ep-10,27;30;24,27;24
20230716.gml.geo,primary,uniform,835,0x1.19e0119e0119ep-10,27;30;25,27;25
20230716.gml.geo,primary,uniform,836,0x1.19e0119e0119ep-10,27;30;26,27;26
20230716.gml.geo,primary,uniform,837,0x1.19e0119e0119ep-10,27;30;28,27;28
20230716.gml.geo,primary,uniform,838,0x1.19e0119e0119ep-10,27;30;29,27;29
20230716.gml.geo,primary,uniform,839,0x1.19e0119e0119ep-10,27;30,27
20230716.gml.geo,primary,uniform,840,0x1.19e0119e0119ep-10,28;30;0,28;0
20230716.gml.geo,primary,uniform,841,0x1.19e0119e0119ep-10,28;30;1,28;1
20230716.gml.geo,primary,uniform,842,0x1.19e0119e0119ep-10,28;30;2,28;2
20230716.gml.geo,primary,uniform,843,0x1.19e0119e0119ep-10,28;30;3,28;3
20230716.gml.geo,primary,uniform,844,0x1.19e0119e0119ep-10,28;30;4,28;4
20230716.gml.geo,primary,uniform,845,0x1.19e0119e0119ep-10,28;30;5,28;5
20230716.gml.geo,primary,uniform,846,0x1.19e0119e0119ep-10,28;30;6,28;6
20230716.gml.geo,primary,uniform,847,0x1.19e0119e0119ep-10,28;30;7,28;7
20230716.gml.geo,primary,uniform,848,0x1.19e0119e0119ep-10,28;30;8,28;8
20230716.gml.geo,primary,uniform,849,0x1.19e0119e0119ep-10,28;30;9,28;9
20230716.gml.geo,primary,uniform,850,0x1.19e0119e0119ep-10,28;30;10,28;10
20230716.gml.geo,primary,uniform,851,0x1.19e0119e0119ep-10,28;30;11,28;11
20230716.gml.geo,primary,uniform,852,0x1.19e0119e0119ep-10,28;30;12,28;12
20230716.gml.geo,primary,uniform,853,0x1.19e0119e0119ep-10,28;30;13,28;13
20230716.gml.geo,primary,uniform,854,0x1.19e0119e0119ep-10,28;30;14,28;14
20230716.gml.geo,primary,uniform,855,0x1.19e0119e0119ep-10,28;30;15,28;15
20230716.gml.geo,primary,uniform,856,0x1.19e0119e0119ep-10,28;30;16,28;16
20230716.gml.geo,primary,uniform,857,0x1.19e0119e0119ep-10,28;30;17,28;17
20230716.gml.geo,primary,uniform,858,0x1.19e0119e0119ep-10,28;30;18,28;18
20230716.gml.geo,primary,uniform,859,0x1.19e0119e0119ep-10,28;30;19,28;19
20230716.gml.geo,primary,uniform,860,0x1.19e0119e0119ep-10,28;30;20,28;20
20230716.gml.geo,primary,uniform,861,0x1.19e0119e0119ep-10,28;30;21,28;21
20230716.gml.geo,primary,uniform,862,0x1.19e0119e0119ep-10,28;30;22,28;22
20230716.gml.geo,primary,uniform,863,0x1.19e0119e0119ep-10,28;30;23,28;23
20230716.gml.geo,primary,uniform,864,0x1.19e0119e0119ep-10,28;30;24,28;24
20230716.gml.geo,primary,uniform,865,0x1.19e0119e0119ep-10,28;30;25,28;25
20230716.gml.geo,primary,uniform,866,0x1.19e0119e0119ep-10,28;30;26,28;26
20230716.gml.geo,primary,uniform,867,0x1.19e0119e0119ep-10,28;30;27,28;27
20230716.gml.geo,primary,uniform,868,0x1.19e0119e0119ep-10,28;30;29,28;29
20230716.gml.geo,primary,uniform,869,0x1.19e0119e0119ep-10,28;30,28
20230716.gml.geo,primary,uniform,870,0x1.19e0119e0119ep-10,29;30;0,29;0
20230716.gml.geo,primary,uniform,871,0x1.19e0119e0119ep-10,29;30;1,29;1
20230716.gml.geo,primary,uniform,872,0x1.19e0119e0119ep-10,29;30;2,29;2
20230716.gml.geo,primary,uniform,873,0x1.19e0119e0119ep-10,29;30;3,29;3
20230716.gml.geo,primary,uniform,874,0x1.19e0119e0119ep-10,29;30;4,29;4
20230716.gml.geo,primary,uniform,875,0x1.19e0119e0119ep-10,29;30;5,29;5
20230716.gml.geo,primary,uniform,876,0x1.19e0119e0119ep-10,29;30;6,29;6
20230716.gml.geo,primary,uniform,877,0x1.19e0119e0119ep-10,29;30;7,29;7
20230716.gml.geo,primary,uniform,878,0x1.19e0119e0119ep-10,29;30;8,29;8
20230716.gml.geo,primary,uniform,879,0x1.19e0119e0119ep-10,29;30;9,29;9
20230716.gml.geo,primary,uniform,880,0x1.19e0119e0119ep-10,29;30;10,29;10
20230716.gml.geo,primary,uniform,881,0x1.19e0119e0119ep-10,29;30;11,29;11
20230716.gml.geo,primary,uniform,882,0x1.19e0119e0119ep-10,29;30;12,29;12
20230716.gml.geo,primary,uniform,883,0x1.19e0119e0119ep-10,29;30;13,29;13
20230716.gml.geo,primary,uniform,884,0x1.19e0119e0119ep-10,29;30;14,29;14
20230716.gml.geo,primary,uniform,885,0x1.19e0119e0119ep-10,29;30;15,29;15
20230716.gml.geo,primary,uniform,886,0x1.19e0119e0119ep-10,29;30;16,29;16
20230716.gml.geo,primary,uniform,887,0x1.19e0119e0119ep-10,29;30;17,29;17
20230716.gml.geo,primary,uniform,888,0x1.19e0119e0119ep-10,29;30;18,29;18
20230716.gml.geo,primary,uniform,889,0x1.19e0119e0119ep-10,29;30;19,29;19
20230716.gml.geo,primary,uniform,890,0x1.19e0119e0119ep-10,29;30;20,29;20
20230716.gml.geo,primary,uniform,891,0x1.19e0119e0119ep-10,29;30;21,29;21
20230716.gml.geo,primary,uniform,892,0x1.19e0119e0119ep-10,29;30;22,29;22
20230716.gml.geo,primary,uniform,893,0x1.19e0119e0119ep-10,29;30;23,29;23
20230716.gml.geo,primary,uniform,894,0x1.19e0119e0119ep-10,29;30;24,29;24
20230716.gml.geo,primary,uniform,895,0x1.19e0119e0119ep-10,29;30;25,29;25
20230716.gml.geo,primary,uniform,896,0x1.19e0119e0119ep-10,29;30;26,29;26
20230716.gml.geo,primary,uniform,897,0x1.19e0119e0119ep-10,29;30;27,29;27
20230716.gml.geo,primary,uniform,898,0x1.19e0119e0119ep-10,29;30;28,29;28
20230716.gml.geo,primary,uniform,899,0x1.19e0119e0119ep-10,29;30,29
20230716.gml.geo,primary,uniform,900,0x1.19e0119e0119ep-10,30;0,0
20230716.gml.geo,primary,uniform,901,0x1.19e0119e0119ep-10,30;1,1
20230716.gml.geo,primary,uniform,902,0x1.19e0119e0119ep-10,30;2,2
20230716.gml.geo,primary,uniform,903,0x1.19e0119e0119ep-10,30;3,3
20230716.gml.geo,primary,uniform,904,0x1.19e0119e0119ep-10,30;4,4
20230716.gml.geo,primary,uniform,905,0x1.19e0119e0119ep-10,30;5,5
20230716.gml.geo,primary,uniform,906,0x1.19e0119e0119ep-10,30;6,6
20230716.gml.geo,primary,uniform,907,0x1.19e0119e0119ep-10,30;7,7
20230716.gml.geo,primary,uniform,908,0x1.19e0119e0119ep-10,30;8,8
20230716.gml.geo,primary,uniform,909,0x1.19e0119e0119ep-10,30;9,9
20230716.gml.geo,primary,uniform,910,0x1.19e0119e0119ep-10,30;10,10
20230716.gml.geo,primary,uniform,911,0x1.19e0119e0119ep-10,30;11,11
20230716.gml.geo,primary,uniform,912,0x1.19e0119e0119ep-10,30;12,12
20230716.gml.geo,primary,uniform,913,0x1.19e0119e0119ep-10,30;13,13
20230716.gml.geo,primary,uniform,914,0x1.19e0119e0119ep-10,30;14,14
20230716.gml.geo,primary,uniform,915,0x1.19e0119e0119ep-10,30;15,15
20230716.gml.geo,primary,uniform,916,0x1.19e0119e0119ep-10,30;16,16
20230716.gml.geo,primary,uniform,917,0x1.19e0119e0119ep-10,30;17,17
20230716.gml.geo,primary,uniform,918,0x1.19e0119e0119ep-10,30;18,18
20230716.gml.geo,primary,uniform,919,0x1.19e0119e0119ep-10,30;19,19
20230716.gml.geo,primary,uniform,920,0x1.19e0119e0119ep-10,30;20,20
20230716.gml.geo,primary,uniform,921,0x1.19e0119e0119ep-10,30;21,21
20230716.gml.geo,primary,uniform,922,0x1.19e0119e0119ep-10,30;22,22
20230716.gml.geo,primary,uniform,923,0x1.19e0119e0119ep-10,30;23,23
20230716.gml.geo,primary,uniform,924,0x1.19e0119e0119ep-10,30;24,24
20230716.gml.geo,primary,uniform,925,0x1.19e0119e0119ep-10,30;25,25
20230716.gml.geo,primary,uniform,926,0x1.19e0119e0119ep-10,30;26,26
20230716.gml.geo,primary,uniform,927,0x1.19e0119e0119ep-10,30;27,27
20230716.gml.geo,primary,uniform,928,0x1.19e0119e0119ep-10,30;28,28
20230716.gml.geo,primary,uniform,929,0x1.19e0119e0119ep-10,30;29,29
20230716.gml.geo,primary,hotspot,0,0x1.fc54bbf95d1abp-11,0;30;1,0;1
20230716.gml.geo,primary,hotspot,1,0x1.fc54bbf95d1abp-11,0;30;2,0;2
20230716.gml.geo,primary,hotspot,2,0x1.fc54bbf95d1abp-11,0;30;3,0;3
20230716.gml.geo,primary,hotspot,3,0x1.fc54bbf95d1abp-11,0;30;4,0;4
20230716.gml.geo,primary,hotspot,4,0x1.fc54bbf95d1abp-11,0;30;5,0;5
20230716.gml.geo,primary,hotspot,5,0x1.fc54bbf95d1abp-11,0;30;6,0;6
20230716.gml.geo,primary,hotspot,6,0x1.fc54bbf95d1abp-11,0;30;7,0;7
20230716.gml.geo,primary,hotspot,7,0x1.fc54bbf95d1abp-11,0;30;8,0;8
20230716.gml.geo,primary,hotspot,8,0x1.fc54bbf95d1abp-11,0;30;9,0;9
20230716.gml.geo,primary,hotspot,9,0x1.fc54bbf95d1abp-11,0;30;10,0;10
20230716.gml.geo,primary,hotspot,10,0x1.fc54bbf95d1abp-11,0;30;11,0;11
20230716.gml.geo,primary,hotspot,11,0x1.fc54bbf95d1abp-11,0;30;12,0;12
20230716.gml.geo,primary,hotspot,12,0x1.fc54bbf95d1abp-11,0;30;13,0;13
20230716.gml.geo,primary,hotspot,13,0x1.fc54bbf95d1abp-11,0;30;14,0;14
20230716.gml.geo,primary,hotspot,14,0x1.fc54bbf95d1abp-11,0;30;15,0;15
20230716.gml.geo,primary,hotspot,15,0x1.fc54bbf95d1abp-11,0;30;16,0;16
20230716.gml.geo,primary,hotspot,16,0x1.fc54bbf95d1abp-11,0;30;17,0;17
20230716.gml.geo,primary,hotspot,17,0x1.fc54bbf95d1abp-11,0;30;18,0;18
20230716.gml.geo,primary,hotspot,18,0x1.fc54bbf95d1abp-11,0;30;19,0;19
20230716.gml.geo,primary,hotspot,19,0x1.fc54bbf95d1abp-11,0;30;20,0;20
20230716.gml.geo,primary,hotspot,20,0x1.fc54bbf95d1abp-11,0;30;21,0;21
20230716.gml.geo,primary,hotspot,21,0x1.fc54bbf95d1abp-11,0;30;22,0;22
20230716.gml.geo,primary,hotspot,22,0x1.fc54bbf95d1abp-11,0;30;23,0;23
20230716.gml.geo,primary,hotspot,23,0x1.fc54bbf95d1abp-11,0;30;24,0;24
20230716.gml.geo,primary,hotspot,24,0x1.fc54bbf95d1abp-11,0;30;25,0;25
20230716.gml.geo,primary,hotspot,25,0x1.fc54bbf95d1abp-11,0;30;26,0;26
20230716.gml.geo,primary,hotspot,26,0x1.fc54bbf95d1abp-11,0;30;27,0;27
20230716.gml.geo,primary,hotspot,27,0x1.fc54bbf95d1abp-11,0;30;28,0;28
20230716.gml.geo,primary,hotspot,28,0x1.fc54bbf95d1abp-11,0;30;29,0;29
20230716.gml.geo,primary,hotspot,29,0x1.0f5d5ab916c14p-8,0;30,0
20230716.gml.geo,primary,hotspot,30,0x1.fc54bbf95d1abp-11,1;30;0,1;0
20230716.gml.geo,primary,hotspot,31,0x1.fc54bbf95d1abp-11,1;30;2,1;2
20230716.gml.geo,primary,hotspot,32,0x1.fc54bbf95d1abp-11,1;30;3,1;3
20230716.gml.geo,primary,hotspot,33,0x1.fc54bbf95d1abp-11,1;30;4,1;4
20230716.gml.geo,primary,hotspot,34,0x1.fc54bbf95d1abp-11,1;30;5,1;5
20230716.gml.geo,primary,hotspot,35,0x1.fc54bbf95d1abp-11,1;30;6,1;6
20230716.gml.geo,primary,hotspot,36,0x1.fc54bbf95d1abp-11,1;30;7,1;7
20230716.gml.geo,primary,hotspot,37,0x1.fc54bbf95d1abp-11,1;30;8,1;8
20230716.gml.geo,primary,hotspot,38,0x1.fc54bbf95d1abp-11,1;30;9,1;9
20230716.gml.geo,primary,hotspot,39,0x1.fc54bbf95d1abp-11,1;30;10,1;10
20230716.gml.geo,primary,hotspot,40,0x1.fc54bbf95d1abp-11,1;30;11,1;11
20230716.gml.geo,primary,hotspot,41,0x1.fc54bbf95d1abp-11,1;30;12,1;12
20230716.gml.geo,primary,hotspot,42,0x1.fc54bbf95d1abp-11,1;30;13,1;13
20230716.gml.geo,primary,hotspot,43,0x1.fc54bbf95d1abp-11,1;30;14,1;14
20230716.gml.geo,primary,hotspot,44,0x1.fc54bbf95d1abp-11,1;30;15,1;15
20230716.gml.geo,primary,hotspot,45,0x1.fc54bbf95d1abp-11,1;30;16,1;16
20230716.gml.geo,primary,hotspot,46,0x1.fc54bbf95d1abp-11,1;30;17,1;17
20230716.gml.geo,primary,hotspot,47,0x1.fc54bbf95d1abp-11,1;30;18,1;18
20230716.gml.geo,primary,hotspot,48,0x1.fc54bbf95d1abp-11,1;30;19,1;19
20230716.gml.geo,primary,hotspot,49,0x1.fc54bbf95d1abp-11,1;30;20,1;20
20230716.gml.geo,primary,hotspot,50,0x1.fc54bbf95d1abp-11,1;30;21,1;21
20230716.gml.geo,primary,hotspot,51,0x1.fc54bbf95d1abp-11,1;30;22,1;22
20230716.gml.geo,primary,hotspot,52,0x1.fc54bbf95d1abp-11,1;30;23,1;23
20230716.gml.geo,primary,hotspot,53,0x1.fc54bbf95d1abp-11,1;30;24,1;24
20230716.gml.geo,primary,hotspot,54,0x1.fc54bbf95d1abp-11,1;30;25,1;25
20230716.gml.geo,primary,hotspot,55,0x1.fc54bbf95d1abp-11,1;30;26,1;26
20230716.gml.geo,primary,hotspot,56,0x1.fc54bbf95d1abp-11,1;30;27,1;27
20230716.gml.geo,primary,hotspot,57,0x1.fc54bbf95d1abp-11,1;30;28,1;28
20230716.gml.geo,primary,hotspot,58,0x1.fc54bbf95d1abp-11,1;30;29,1;29
20230716.gml.geo,primary,hotspot,59,0x1.0f5d5ab916c14p-8,1;30,1
20230716.gml.geo,primary,hotspot,60,0x1.fc54bbf95d1abp-11,2;30;0,2;0
20230716.gml.geo,primary,hotspot,61,0x1.fc54bbf95d1abp-11,2;30;1,2;1
20230716.gml.geo,primary,hotspot,62,0x1.fc54bbf95d1abp-11,2;30;3,2;3
20230716.gml.geo,primary,hotspot,63,0x1.fc54bbf95d1abp-11,2;30;4,2;4
20230716.gml.geo,primary,hotspot,64,0x1.fc54bbf95d1abp-11,2;30;5,2;5
20230716.gml.geo,primary,hotspot,65,0x1.fc54bbf95d1abp-11,2;30;6,2;6
20230716.gml.geo,primary,hotspot,66,0x1.fc54bbf95d1abp-11,2;30;7,2;7
20230716.gml.geo,primary,hotspot,67,0x1.fc54bbf95d1abp-11,2;30;8,2;8
20230716.gml.geo,primary,hotspot,68,0x1.fc54bbf95d1abp-11,2;30;9,2;9
20230716.gml.geo,primary,hotspot,69,0x1.fc54bbf95d1abp-11,2;30;10,2;10
20230716.gml.geo,primary,hotspot,70,0x1.fc54bbf95d1abp-11,2;30;11,2;11
20230716.gml.geo,primary,hotspot,71,0x1.fc54bbf95d1abp-11,2;30;12,2;12
20230716.gml.geo,primary,hotspot,72,0x1.fc54bbf95d1abp-11,2;30;13,2;13
20230716.gml.geo,primary,hotspot,73,0x1.fc54bbf95d1abp-11,2;30;14,2;14
20230716.gml.geo,primary,hotspot,74,0x1.fc54bbf95d1abp-11,2;30;15,2;15
20230716.gml.geo,primary,hotspot,75,0x1.fc54bbf95d1abp-11,2;30;16,2;16
20230716.gml.geo,primary,hotspot,76,0x1.fc54bbf95d1abp-11,2;30;17,2;17
20230716.gml.geo,primary,hotspot,77,0x1.fc54bbf95d1abp-11,2;30;18,2;18
20230716.gml.geo,primary,hotspot,78,0x1.fc54bbf95d1abp-11,2;30;19,2;19
20230716.gml.geo,primary,hotspot,79,0x1.fc54bbf95d1abp-11,2;30;20,2;20
20230716.gml.geo,primary,hotspot,80,0x1.fc54bbf95d1abp-11,2;30;21,2;21
20230716.gml.geo,primary,hotspot,81,0x1.fc54bbf95d1abp-11,2;30;22,2;22
20230716.gml.geo,primary,hotspot,82,0x1.fc54bbf95d1abp-11,2;30;23,2;23
20230716.gml.geo,primary,hotspot,83,0x1.fc54bbf95d1abp-11,2;30;24,2;24
20230716.gml.geo,primary,hotspot,84,0x1.fc54bbf95d1abp-11,2;30;25,2;25
20230716.gml.geo,primary,hotspot,85,0x1.fc54bbf95d1abp-11,2;30;26,2;26
20230716.gml.geo,primary,hotspot,86,0x1.fc54bbf95d1abp-11,2;30;27,2;27
20230716.gml.geo,primary,hotspot,87,0x1.fc54bbf95d1abp-11,2;30;28,2;28
20230716.gml.geo,primary,hotspot,88,0x1.fc54bbf95d1abp-11,2;30;29,2;29
20230716.gml.geo,primary,hotspot,89,0x1.0f5d5ab916c14p-8,2;30,2
20230716.gml.geo,primary,hotspot,90,0x1.fc54bbf95d1abp-11,3;30;0,3;0
20230716.gml.geo,primary,hotspot,91,0x1.fc54bbf95d1abp-11,3;30;1,3;1
20230716.gml.geo,primary,hotspot,92,0x1.fc54bbf95d1abp-11,3;30;2,3;2
20230716.gml.geo,primary,hotspot,93,0x1.fc54bbf95d1abp-11,3;30;4,3;4
20230716.gml.geo,primary,hotspot,94,0x1.fc54bbf95d1abp-11,3;30;5,3;5
20230716.gml.geo,primary,hotspot,95,0x1.fc54bbf95d1abp-11,3;30;6,3;6
20230716.gml.geo,primary,hotspot,96,0x1.fc54bbf95d1abp-11,3;30;7,3;7
20230716.gml.geo,primary,hotspot,97,0x1.fc54bbf95d1abp-11,3;30;8,3;8
20230716.gml.geo,primary,hotspot,98,0x1.fc54bbf95d1abp-11,3;30;9,3;9
20230716.gml.geo,primary,hotspot,99,0x1.fc54bbf95d1abp-11,3;30;10,3;10
20230716.gml.geo,primary,hotspot,100,0x1.fc54bbf95d1abp-11,3;30;11,3;11
20230716.gml.geo,primary,hotspot,101,0x1.fc54bbf95d1abp-11,3;30;12,3;12
20230716.gml.geo,primary,hotspot,102,0x1.fc54bbf95d1abp-11,3;30;13,3;13
20230716.gml.geo,primary,hotspot,103,0x1.fc54bbf95d1abp-11,3;30;14,3;14
20230716.gml.geo,primary,hotspot,104,0x1.fc54bbf95d1abp-11,3;30;15,3;15
20230716.gml.geo,primary,hotspot,105,0x1.fc54bbf95d1abp-11,3;30;16,3;16
20230716.gml.geo,primary,hotspot,106,0x1.fc54bbf95d1abp-11,3;30;17,3;17
20230716.gml.geo,primary,hotspot,107,0x1.fc54bbf95d1abp-11,3;30;18,3;18
20230716.gml.geo,primary,hotspot,108,0x1.fc54bbf95d1abp-11,3;30;19,3;19
20230716.gml.geo,primary,hotspot,109,0x1.fc54bbf95d1abp-11,3;30;20,3;20
20230716.gml.geo,primary,hotspot,110,0x1.fc54bbf95d1abp-11,3;30;21,3;21
20230716.gml.geo,primary,hotspot,111,0x1.fc54bbf95d1abp-11,3;30;22,3;22
20230716.gml.geo,primary,hotspot,112,0x1.fc54bbf95d1abp-11,3;30;23,3;23
20230716.gml.geo,primary,hotspot,113,0x1.fc54bbf95d1abp-11,3;30;24,3;24
20230716.gml.geo,primary,hotspot,114,0x1.fc54bbf95d1abp-11,3;30;25,3;25
20230716.gml.geo,primary,hotspot,115,0x1.fc54bbf95d1abp-11,3;30;26,3;26
20230716.gml.geo,primary,hotspot,116,0x1.fc54bbf95d1abp-11,3;30;27,3;27
20230716.gml.geo,primary,hotspot,117,0x1.fc54bbf95d1abp-11,3;30;28,3;28
20230716.gml.geo,primary,hotspot,118,0x1.fc54bbf95d1abp-11,3;30;29,3;29
20230716.gml.geo,primary,hotspot,119,0x1.0f5d5ab916c14p-8,3;30,3
20230716.gml.geo,primary,hotspot,120,0x1.fc54bbf95d1abp-11,4;30;0,4;0
20230716.gml.geo,primary,hotspot,121,0x1.fc54bbf95d1abp-11,4;30;1,4;1
20230716.gml.geo,primary,hotspot,122,0x1.fc54bbf95d1abp-11,4;30;2,4;2
20230716.gml.geo,primary,hotspot,123,0x1.fc54bbf95d1abp-11,4;30;3,4;3
20230716.gml.geo,primary,hotspot,124,0x1.fc54bbf95d1abp-11,4;30;5,4;5
20230716.gml.geo,primary,hotspot,125,0x1.fc54bbf95d1abp-11,4;30;6,4;6
20230716.gml.geo,primary,hotspot,126,0x1.fc54bbf95d1abp-11,4;30;7,4;7
20230716.gml.geo,primary,hotspot,127,0x1.fc54bbf95d1abp-11,4;30;8,4;8
20230716.gml.geo,primary,hotspot,128,0x1.fc54bbf95d1abp-11,4;30;9,4;9
20230716.gml.geo,primary,hotspot,129,0x1.fc54bbf95d1abp-11,4;30;10,4;10
20230716.gml.geo,primary,hotspot,130,0x1.fc54bbf95d1abp-11,4;30;11,4;11
20230716.gml.geo,primary,hotspot,131,0x1.fc54bbf95d1abp-11,4;30;12,4;12
20230716.gml.geo,primary,hotspot,132,0x1.fc54bbf95d1abp-11,4;30;13,4;13
20230716.gml.geo,primary,hotspot,133,0x1.fc54bbf95d1abp-11,4;30;14,4;14
20230716.gml.geo,primary,hotspot,134,0x1.fc54bbf95d1abp-11,4;30;15,4;15
20230716.gml.geo,primary,hotspot,135,0x1.fc54bbf95d1abp-11,4;30;16,4;16
20230716.gml.geo,primary,hotspot,136,0x1.fc54bbf95d1abp-11,4;30;17,4;17
20230716.gml.geo,primary,hotspot,137,0x1.fc54bbf95d1abp-11,4;30;18,4;18
20230716.gml.geo,primary,hotspot,138,0x1.fc54bbf95d1abp-11,4;30;19,4;19
20230716.gml.geo,primary,hotspot,139,0x1.fc54bbf95d1abp-11,4;30;20,4;20
20230716.gml.geo,primary,hotspot,140,0x1.fc54bbf95d1abp-11,4;30;21,4;21
20230716.gml.geo,primary,hotspot,141,0x1.fc54bbf95d1abp-11,4;30;22,4;22
20230716.gml.geo,primary,hotspot,142,0x1.fc54bbf95d1abp-11,4;30;23,4;23
20230716.gml.geo,primary,hotspot,143,0x1.fc54bbf95d1abp-11,4;30;24,4;24
20230716.gml.geo,primary,hotspot,144,0x1.fc54bbf95d1abp-11,4;30;25,4;25
20230716.gml.geo,primary,hotspot,145,0x1.fc54bbf95d1abp-11,4;30;26,4;26
20230716.gml.geo,primary,hotspot,146,0x1.fc54bbf95d1abp-11,4;30;27,4;27
20230716.gml.geo,primary,hotspot,147,0x1.fc54bbf95d1abp-11,4;30;28,4;28
20230716.gml.geo,primary,hotspot,148,0x1.fc54bbf95d1abp-11,4;30;29,4;29
20230716.gml.geo,primary,hotspot,149,0x1.0f5d5ab916c14p-8,4;30,4
20230716.gml.geo,primary,hotspot,150,0x1.fc54bbf95d1abp-11,5;30;0,5;0
20230716.gml.geo,primary,hotspot,151,0x1.fc54bbf95d1abp-11,5;30;1,5;1
20230716.gml.geo,primary,hotspot,152,0x1.fc54bbf95d1abp-11,5;30;2,5;2
20230716.gml.geo,primary,hotspot,153,0x1.fc54bbf95d1abp-11,5;30;3,5;3
20230716.gml.geo,primary,hotspot,154,0x1.fc54bbf95d1abp-11,5;30;4,5;4
20230716.gml.geo,primary,hotspot,155,0x1.fc54bbf95d1abp-11,5;30;6,5;6
20230716.gml.geo,primary,hotspot,156,0x1.fc54bbf95d1abp-11,5;30;7,5;7
20230716.gml.geo,primary,hotspot,157,0x1.fc54bbf95d1abp-11,5;30;8,5;8
20230716.gml.geo,primary,hotspot,158,0x1.fc54bbf95d1abp-11,5;30;9,5;9
20230716.gml.geo,primary,hotspot,159,0x1.fc54bbf95d1abp-11,5;30;10,5;10
20230716.gml.geo,primary,hotspot,160,0x1.fc54bbf95d1abp-11,5;30;11,5;11
20230716.gml.geo,primary,hotspot,161,0x1.fc54bbf95d1abp-11,5;30;12,5;12
20230716.gml.geo,primary,hotspot,162,0x1.fc54bbf95d1abp-11,5;30;13,5;13
20230716.gml.geo,primary,hotspot,163,0x1.fc54bbf95d1abp-11,5;30;14,5;14
20230716.gml.geo,primary,hotspot,164,0x1.fc54bbf95d1abp-11,5;30;15,5;15
20230716.gml.geo,primary,hotspot,165,0x1.fc54bbf95d1abp-11,5;30;16,5;16
20230716.gml.geo,primary,hotspot,166,0x1.fc54bbf95d1abp-11,5;30;17,5;17
20230716.gml.geo,primary,hotspot,167,0x1.fc54bbf95d1abp-11,5;30;18,5;18
20230716.gml.geo,primary,hotspot,168,0x1.fc54bbf95d1abp-11,5;30;19,5;19
20230716.gml.geo,primary,hotspot,169,0x1.fc54bbf95d1abp-11,5;30;20,5;20
20230716.gml.geo,primary,hotspot,170,0x1.fc54bbf95d1abp-11,5;30;21,5;21
20230716.gml.geo,primary,hotspot,171,0x1.fc54bbf95d1abp-11,5;30;22,5;22
20230716.gml.geo,primary,hotspot,172,0x1.fc54bbf95d1abp-11,5;30;23,5;23
20230716.gml.geo,primary,hotspot,173,0x1.fc54bbf95d1abp-11,5;30;24,5;24
20230716.gml.geo,primary,hotspot,174,0x1.fc54bbf95d1abp-11,5;30;25,5;25
20230716.gml.geo,primary,hotspot,175,0x1.fc54bbf95d1abp-11,5;30;26,5;26
20230716.gml.geo,primary,hotspot,176,0x1.fc54bbf95d1abp-11,5;30;27,5;27
20230716.gml.geo,primary,hotspot,177,0x1.fc54bbf95d1abp-11,5;30;28,5;28
20230716.gml.geo,primary,hotspot,178,0x1.fc54bbf95d1abp-11,5;30;29,5;29
20230716.gml.geo,primary,hotspot,179,0x1.0f5d5ab916c14p-8,5;30,5
20230716.gml.geo,primary,hotspot,180,0x1.fc54bbf95d1abp-11,6;30;0,6;0
20230716.gml.geo,primary,hotspot,181,0x1.fc54bbf95d1abp-11,6;30;1,6;1
20230716.gml.geo,primary,hotspot,182,0x1.fc54bbf95d1abp-11,6;30;2,6;2
20230716.gml.geo,primary,hotspot,183,0x1.fc54bbf95d1abp-11,6;30;3,6;3
20230716.gml.geo,primary,hotspot,184,0x1.fc54bbf95d1abp-11,6;30;4,6;4
20230716.gml.geo,primary,hotspot,185,0x1.fc54bbf95d1abp-11,6;30;5,6;5
20230716.gml.geo,primary,hotspot,186,0x1.fc54bbf95d1abp-11,6;30;7,6;7
20230716.gml.geo,primary,hotspot,187,0x1.fc54bbf95d1abp-11,6;30;8,6;8
20230716.gml.geo,primary,hotspot,188,0x1.fc54bbf95d1abp-11,6;30;9,6;9
20230716.gml.geo,primary,hotspot,189,0x1.fc54bbf95d1abp-11,6;30;10,6;10
20230716.gml.geo,primary,hotspot,190,0x1.fc54bbf95d1abp-11,6;30;11,6;11
20230716.gml.geo,primary,hotspot,191,0x1.fc54bbf95d1abp-11,6;30;12,6;12
20230716.gml.geo,primary,hotspot,192,0x1.fc54bbf95d1abp-11,6;30;13,6;13
20230716.gml.geo,primary,hotspot,193,0x1.fc54bbf95d1abp-11,6;30;14,6;14
20230716.gml.geo,primary,hotspot,194,0x1.fc54bbf95d1abp-11,6;30;15,6;15
20230716.gml.geo,primary,hotspot,195,0x1.fc54bbf95d1abp-11,6;30;16,6;16
20230716.gml.geo,primary,hotspot,196,0x1.fc54bbf95d1abp-11,6;30;17,6;17
20230716.gml.geo,primary,hotspot,197,0x1.fc54bbf95d1abp-11,6;30;18,6;18
20230716.gml.geo,primary,hotspot,198,0x1.fc54bbf95d1abp-11,6;30;19,6;19
20230716.gml.geo,primary,hotspot,199,0x1.fc54bbf95d1abp-11,6;30;20,6;20
20230716.gml.geo,primary,hotspot,200,0x1.fc54bbf95d1abp-11,6;30;21,6;21
20230716.gml.geo,primary,hotspot,201,0x1.fc54bbf95d1abp-11,6;30;22,6;22
20230716.gml.geo,primary,hotspot,202,0x1.fc54bbf95d1abp-11,6;30;23,6;23
20230716.gml.geo,primary,hotspot,203,0x1.fc54bbf95d1abp-11,6;30;24,6;24
20230716.gml.geo,primary,hotspot,204,0x1.fc54bbf95d1abp-11,6;30;25,6;25
20230716.gml.geo,primary,hotspot,205,0x1.fc54bbf95d1abp-11,6;30;26,6;26
20230716.gml.geo,primary,hotspot,206,0x1.fc54bbf95d1abp-11,6;30;27,6;27
20230716.gml.geo,primary,hotspot,207,0x1.fc54bbf95d1abp-11,6;30;28,6;28
20230716.gml.geo,primary,hotspot,208,0x1.fc54bbf95d1abp-11,6;30;29,6;29
20230716.gml.geo,primary,hotspot,209,0x1.0f5d5ab916c14p-8,6;30,6
20230716.gml.geo,primary,hotspot,210,0x1.fc54bbf95d1abp-11,7;30;0,7;0
20230716.gml.geo,primary,hotspot,211,0x1.fc54bbf95d1abp-11,7;30;1,7;1
20230716.gml.geo,primary,hotspot,212,0x1.fc54bbf95d1abp-11,7;30;2,7;2
20230716.gml.geo,primary,hotspot,213,0x1.fc54bbf95d1abp-11,7;30;3,7;3
20230716.gml.geo,primary,hotspot,214,0x1.fc54bbf95d1abp-11,7;30;4,7;4
20230716.gml.geo,primary,hotspot,215,0x1.fc54bbf95d1abp-11,7;30;5,7;5
20230716.gml.geo,primary,hotspot,216,0x1.fc54bbf95d1abp-11,7;30;6,7;6
20230716.gml.geo,primary,hotspot,217,0x1.fc54bbf95d1abp-11,7;30;8,7;8
20230716.gml.geo,primary,hotspot,218,0x1.fc54bbf95d1abp-11,7;30;9,7;9
20230716.gml.geo,primary,hotspot,219,0x1.fc54bbf95d1abp-11,7;30;10,7;10
20230716.gml.geo,primary,hotspot,220,0x1.fc54bbf95d1abp-11,7;30;11,7;11
20230716.gml.geo,primary,hotspot,221,0x1.fc54bbf95d1abp-11,7;30;12,7;12
20230716.gml.geo,primary,hotspot,222,0x1.fc54bbf95d1abp-11,7;30;13,7;13
20230716.gml.geo,primary,hotspot,223,0x1.fc54bbf95d1abp-11,7;30;14,7;14
20230716.gml.geo,primary,hotspot,224,0x1.fc54bbf95d1abp-11,7;30;15,7;15
20230716.gml.geo,primary,hotspot,225,0x1.fc54bbf95d1abp-11,7;30;16,7;16
20230716.gml.geo,primary,hotspot,226,0x1.fc54bbf95d1abp-11,7;30;17,7;17
20230716.gml.geo,primary,hotspot,227,0x1.fc54bbf95d1abp-11,7;30;18,7;18
20230716.gml.geo,primary,hotspot,228,0x1.fc54bbf95d1abp-11,7;30;19,7;19
20230716.gml.geo,primary,hotspot,229,0x1.fc54bbf95d1abp-11,7;30;20,7;20
20230716.gml.geo,primary,hotspot,230,0x1.fc54bbf95d1abp-11,7;30;21,7;21
20230716.gml.geo,primary,hotspot,231,0x1.fc54bbf95d1abp-11,7;30;22,7;22
20230716.gml.geo,primary,hotspot,232,0x1.fc54bbf95d1abp-11,7;30;23,7;23
20230716.gml.geo,primary,hotspot,233,0x1.fc54bbf95d1abp-11,7;30;24,7;24
20230716.gml.geo,primary,hotspot,234,0x1.fc54bbf95d1abp-11,7;30;25,7;25
20230716.gml.geo,primary,hotspot,235,0x1.fc54bbf95d1abp-11,7;30;26,7;26
20230716.gml.geo,primary,hotspot,236,0x1.fc54bbf95d1abp-11,7;30;27,7;27
20230716.gml.geo,primary,hotspot,237,0x1.fc54bbf95d1abp-11,7;30;28,7;28
20230716.gml.geo,primary,hotspot,238,0x1.fc54bbf95d1abp-11,7;30;29,7;29
20230716.gml.geo,primary,hotspot,239,0x1.0f5d5ab916c14p-8,7;30,7
20230716.gml.geo,primary,hotspot,240,0x1.fc54bbf95d1abp-11,8;30;0,8;0
20230716.gml.geo,primary,hotspot,241,0x1.fc54bbf95d1abp-11,8;30;1,8;1
20230716.gml.geo,primary,hotspot,242,0x1.fc54bbf95d1abp-11,8;30;2,8;2
20230716.gml.geo,primary,hotspot,243,0x1.fc54bbf95d1abp-11,8;30;3,8;3
20230716.gml.geo,primary,hotspot,244,0x1.fc54bbf95d1abp-11,8;30;4,8;4
20230716.gml.geo,primary,hotspot,245,0x1.fc54bbf95d1abp-11,8;30;5,8;5
20230716.gml.geo,primary,hotspot,246,0x1.fc54bbf95d1abp-11,8;30;6,8;6
20230716.gml.geo,primary,hotspot,247,0x1.fc54bbf95d1abp-11,8;30;7,8;7
20230716.gml.geo,primary,hotspot,248,0x1.fc54bbf95d1abp-11,8;30;9,8;9
20230716.gml.geo,primary,hotspot,249,0x1.fc54bbf95d1abp-11,8;30;10,8;10
20230716.gml.geo,primary,hotspot,250,0x1.fc54bbf95d1abp-11,8;30;11,8;11
20230716.gml.geo,primary,hotspot,251,0x1.fc54bbf95d1abp-11,8;30;12,8;12
20230716.gml.geo,primary,hotspot,252,0x1.fc54bbf95d1abp-11,8;30;13,8;13
20230716.gml.geo,primary,hotspot,253,0x1.fc54bbf95d1abp-11,8;30;14,8;14
20230716.gml.geo,primary,hotspot,254,0x1.fc54bbf95d1abp-11,8;30;15,8;15
20230716.gml.geo,primary,hotspot,255,0x1.fc54bbf95d1abp-11,8;30;16,8;16
20230716.gml.geo,primary,hotspot,256,0x1.fc54bbf95d1abp-11,8;30;17,8;17
20230716.gml.geo,primary,hotspot,257,0x1.fc54bbf95d1abp-11,8;30;18,8;18
20230716.gml.geo,primary,hotspot,258,0x1.fc54bbf95d1abp-11,8;30;19,8;19
20230716.gml.geo,primary,hotspot,259,0x1.fc54bbf95d1abp-11,8;30;20,8;20
20230716.gml.geo,primary,hotspot,260,0x1.fc54bbf95d1abp-11,8;30;21,8;21
20230716.gml.geo,primary,hotspot,261,0x1.fc54bbf95d1abp-11,8;30;22,8;22
20230716.gml.geo,primary,hotspot,262,0x1.fc54bbf95d1abp-11,8;30;23,8;23
20230716.gml.geo,primary,hotspot,263,0x1.fc54bbf95d1abp-11,8;30;24,8;24
20230716.gml.geo,primary,hotspot,264,0x1.fc54bbf95d1abp-11,8;30;25,8;25
20230716.gml.geo,primary,hotspot,265,0x1.fc54bbf95d1abp-11,8;30;26,8;26
20230716.gml.geo,primary,hotspot,266,0x1.fc54bbf95d1abp-11,8;30;27,8;27
20230716.gml.geo,primary,hotspot,267,0x1.fc54bbf95d1abp-11,8;30;28,8;28
20230716.gml.geo,primary,hotspot,268,0x1.fc54bbf95d1abp-11,8;30;29,8;29
20230716.gml.geo,primary,hotspot,269,0x1.0f5d5ab916c14p-8,8;30,8
20230716.gml.geo,primary,hotspot,270,0x1.fc54bbf95d1abp-11,9;30;0,9;0
20230716.gml.geo,primary,hotspot,271,0x1.fc54bbf95d1abp-11,9;30;1,9;1
20230716.gml.geo,primary,hotspot,272,0x1.fc54bbf95d1abp-11,9;30;2,9;2
20230716.gml.geo,primary,hotspot,273,0x1.fc54bbf95d1abp-11,9;30;3,9;3
20230716.gml.geo,primary,hotspot,274,0x1.fc54bbf95d1abp-11,9;30;4,9;4
20230716.gml.geo,primary,hotspot,275,0x1.fc54bbf95d1abp-11,9;30;5,9;5
20230716.gml.geo,primary,hotspot,276,0x1.fc54bbf95d1abp-11,9;30;6,9;6
20230716.gml.geo,primary,hotspot,277,0x1.fc54bbf95d1abp-11,9;30;7,9;7
20230716.gml.geo,primary,hotspot,278,0x1.fc54bbf95d1abp-11,9;30;8,9;8
20230716.gml.geo,primary,hotspot,279,0x1.fc54bbf95d1abp-11,9;30;10,9;10
20230716.gml.geo,primary,hotspot,280,0x1.fc54bbf95d1abp-11,9;30;11,9;11
20230716.gml.geo,primary,hotspot,281,0x1.fc54bbf95d1abp-11,9;30;12,9;12
20230716.gml.geo,primary,hotspot,282,0x1.fc54bbf95d1abp-11,9;30;13,9;13
20230716.gml.geo,primary,hotspot,283,0x1.fc54bbf95d1abp-11,9;30;14,9;14
20230716.gml.geo,primary,hotspot,284,0x1.fc54bbf95d1abp-11,9;30;15,9;15
20230716.gml.geo,primary,hotspot,285,0x1.fc54bbf95d1abp-11,9;30;16,9;16
20230716.gml.geo,primary,hotspot,286,0x1.fc54bbf95d1abp-11,9;30;17,9;17
20230716.gml.geo,primary,hotspot,287,0x1.fc54bbf95d1abp-11,9;30;18,9;18
20230716.gml.geo,primary,hotspot,288,0x1.fc54bbf95d1abp-11,9;30;19,9;19
20230716.gml.geo,primary,hotspot,289,0x1.fc54bbf95d1abp-11,9;30;20,9;20
20230716.gml.geo,primary,hotspot,290,0x1.fc54bbf95d1abp-11,9;30;21,9;21
20230716.gml.geo,primary,hotspot,291,0x1.fc54bbf95d1abp-11,9;30;22,9;22
20230716.gml.geo,primary,hotspot,292,0x1.fc54bbf95d1abp-11,9;30;23,9;23
20230716.gml.geo,primary,hotspot,293,0x1.fc54bbf95d1abp-11,9;30;24,9;24
20230716.gml.geo,primary,hotspot,294,0x1.fc54bbf95d1abp-11,9;30;25,9;25
20230716.gml.geo,primary,hotspot,295,0x1.fc54bbf95d1abp-11,9;30;26,9;26
20230716.gml.geo,primary,hotspot,296,0x1.fc54bbf95d1abp-11,9;30;27,9;27
20230716.gml.geo,primary,hotspot,297,0x1.fc54bbf95d1abp-11,9;30;28,9;28
20230716.gml.geo,primary,hotspot,298,0x1.fc54bbf95d1abp-11,9;30;29,9;29
20230716.gml.geo,primary,hotspot,299,0x1.0f5d5ab916c14p-8,9;30,9
20230716.gml.geo,primary,hotspot,300,0x1.fc54bbf95d1abp-11,10;30;0,10;0
20230716.gml.geo,primary,hotspot,301,0x1.fc54bbf95d1abp-11,10;30;1,10;1
20230716.gml.geo,primary,hotspot,302,0x1.fc54bbf95d1abp-11,10;30;2,10;2
20230716.gml.geo,primary,hotspot,303,0x1.fc54bbf95d1abp-11,10;30;3,10;3
20230716.gml.geo,primary,hotspot,304,0x1.fc54bbf95d1abp-11,10;30;4,10;4
20230716.gml.geo,primary,hotspot,305,0x1.fc54bbf95d1abp-11,10;30;5,10;5
20230716.gml.geo,primary,hotspot,306,0x1.fc54bbf95d1abp-11,10;30;6,10;6
20230716.gml.geo,primary,hotspot,307,0x1.fc54bbf95d1abp-11,10;30;7,10;7
20230716.gml.geo,primary,hotspot,308,0x1.fc54bbf95d1abp-11,10;30;8,10;8
20230716.gml.geo,primary,hotspot,309,0x1.fc54bbf95d1abp-11,10;30;9,10;9
20230716.gml.geo,primary,hotspot,310,0x1.fc54bbf95d1abp-11,10;30;11,10;11
20230716.gml.geo,primary,hotspot,311,0x1.fc54bbf95d1abp-11,10;30;12,10;12
20230716.gml.geo,primary,hotspot,312,0x1.fc54bbf95d1abp-11,10;30;13,10;13
20230716.gml.geo,primary,hotspot,313,0x1.fc54bbf95d1abp-11,10;30;14,10;14
20230716.gml.geo,primary,hotspot,314,0x1.fc54bbf95d1abp-11,10;30;15,10;15
20230716.gml.geo,primary,hotspot,315,0x1.fc54bbf95d1abp-11,10;30;16,10;16
20230716.gml.geo,primary,hotspot,316,0x1.fc54bbf95d1abp-11,10;30;17,10;17
20230716.gml.geo,primary,hotspot,317,0x1.fc54bbf95d1abp-11,10;30;18,10;18
20230716.gml.geo,primary,hotspot,318,0x1.fc54bbf95d1abp-11,10;30;19,10;19
20230716.gml.geo,primary,hotspot,319,0x1.fc54bbf95d1abp-11,10;30;20,10;20
20230716.gml.geo,primary,hotspot,320,0x1.fc54bbf95d1abp-11,10;30;21,10;21
20230716.gml.geo,primary,hotspot,321,0x1.fc54bbf95d1abp-11,10;30;22,10;22
20230716.gml.geo,primary,hotspot,322,0x1.fc54bbf95d1abp-11,10;30;23,10;23
20230716.gml.geo,primary,hotspot,323,0x1.fc54bbf95d1abp-11,10;30;24,10;24
20230716.gml.geo,primary,hotspot,324,0x1.fc54bbf95d1abp-11,10;30;25,10;25
20230716.gml.geo,primary,hotspot,325,0x1.fc54bbf95d1abp-11,10;30;26,10;26
20230716.gml.geo,primary,hotspot,326,0x1.fc54bbf95d1abp-11,10;30;27,10;27
20230716.gml.geo,primary,hotspot,327,0x1.fc54bbf95d1abp-11,10;30;28,10;28
20230716.gml.geo,primary,hotspot,328,0x1.fc54bbf95d1abp-11,10;30;29,10;29
20230716.gml.geo,primary,hotspot,329,0x1.0f5d5ab916c14p-8,10;30,10
20230716.gml.geo,primary,hotspot,330,0x1.fc54bbf95d1abp-11,11;30;0,11;0
20230716.gml.geo,primary,hotspot,331,0x1.fc54bbf95d1abp-11,11;30;1,11;1
20230716.gml.geo,primary,hotspot,332,0x1.fc54bbf95d1abp-11,11;30;2,11;2
20230716.gml.geo,primary,hotspot,333,0x1.fc54bbf95d1abp-11,11;30;3,11;3
20230716.gml.geo,primary,hotspot,334,0x1.fc54bbf95d1abp-11,11;30;4,11;4
20230716.gml.geo,primary,hotspot,335,0x1.fc54bbf95d1abp-11,11;30;5,11;5
20230716.gml.geo,primary,hotspot,336,0x1.fc54bbf95d1abp-11,11;30;6,11;6
20230716.gml.geo,primary,hotspot,337,0x1.fc54bbf95d1abp-11,11;30;7,11;7
20230716.gml.geo,primary,hotspot,338,0x1.fc54bbf95d1abp-11,11;30;8,11;8
20230716.gml.geo,primary,hotspot,339,0x1.fc54bbf95d1abp-11,11;30;9,11;9
20230716.gml.geo,primary,hotspot,340,0x1.fc54bbf95d1abp-11,11;30;10,11;10
20230716.gml.geo,primary,hotspot,341,0x1.fc54bbf95d1abp-11,11;30;12,11;12
20230716.gml.geo,primary,hotspot,342,0x1.fc54bbf95d1abp-11,11;30;13,11;13
20230716.gml.geo,primary,hotspot,343,0x1.fc54bbf95d1abp-11,11;30;14,11;14
20230716.gml.geo,primary,hotspot,344,0x1.fc54bbf95d1abp-11,11;30;15,11;15
20230716.gml.geo,primary,hotspot,345,0x1.fc54bbf95d1abp-11,11;30;16,11;16
20230716.gml.geo,primary,hotspot,346,0x1.fc54bbf95d1abp-11,11;30;17,11;17
20230716.gml.geo,primary,hotspot,347,0x1.fc54bbf95d1abp-11,11;30;18,11;18
20230716.gml.geo,primary,hotspot,348,0x1.fc54bbf95d1abp-11,11;30;19,11;19
20230716.gml.geo,primary,hotspot,349,0x1.fc54bbf95d1abp-11,11;30;20,11;20
20230716.gml.geo,primary,hotspot,350,0x1.fc54bbf95d1abp-11,11;30;21,11;21
20230716.gml.geo,primary,hotspot,351,0x1.fc54bbf95d1abp-11,11;30;22,11;22
20230716.gml.geo,primary,hotspot,352,0x1.fc54bbf95d1abp-11,11;30;23,11;23
20230716.gml.geo,primary,hotspot,353,0x1.fc54bbf95d1abp-11,11;30;24,11;24
20230716.gml.geo,primary,hotspot,354,0x1.fc54bbf95d1abp-11,11;30;25,11;25
20230716.gml.geo,primary,hotspot,355,0x1.fc54bbf95d1abp-11,11;30;26,11;26
20230716.gml.geo,primary,hotspot,356,0x1.fc54bbf95d1abp-11,11;30;27,11;27
20230716.gml.geo,primary,hotspot,357,0x1.fc54bbf95d1abp-11,11;30;28,11;28
20230716.gml.geo,primary,hotspot,358,0x1.fc54bbf95d1abp-11,11;30;29,11;29
20230716.gml.geo,primary,hotspot,359,0x1.0f5d5ab916c14p-8,11;30,11
20230716.gml.geo,primary,hotspot,360,0x1.fc54bbf95d1abp-11,12;30;0,12;0
20230716.gml.geo,primary,hotspot,361,0x1.fc54bbf95d1abp-11,12;30;1,12;1
20230716.gml.geo,primary,hotspot,362,0x1.fc54bbf95d1abp-11,12;30;2,12;2
20230716.gml.geo,primary,hotspot,363,0x1.fc54bbf95d1abp-11,12;30;3,12;3
20230716.gml.geo,primary,hotspot,364,0x1.fc54bbf95d1abp-11,12;30;4,12;4
20230716.gml.geo,primary,hotspot,365,0x1.fc54bbf95d1abp-11,12;30;5,12;5
20230716.gml.geo,primary,hotspot,366,0x1.fc54bbf95d1abp-11,12;30;6,12;6
20230716.gml.geo,primary,hotspot,367,0x1.fc54bbf95d1abp-11,12;30;7,12;7
20230716.gml.geo,primary,hotspot,368,0x1.fc54bbf95d1abp-11,12;30;8,12;8
20230716.gml.geo,primary,hotspot,369,0x1.fc54bbf95d1abp-11,12;30;9,12;9
20230716.gml.geo,primary,hotspot,370,0x1.fc54bbf95d1abp-11,12;30;10,12;10
20230716.gml.geo,primary,hotspot,371,0x1.fc54bbf95d1abp-11,12;30;11,12;11
20230716.gml.geo,primary,hotspot,372,0x1.fc54bbf95d1abp-11,12;30;13,12;13
20230716.gml.geo,primary,hotspot,373,0x1.fc54bbf95d1abp-11,12;30;14,12;14
20230716.gml.geo,primary,hotspot,374,0x1.fc54bbf95d1abp-11,12;30;15,12;15
20230716.gml.geo,primary,hotspot,375,0x1.fc54bbf95d1abp-11,12;30;16,12;16
20230716.gml.geo,primary,hotspot,376,0x1.fc54bbf95d1abp-11,12;30;17,12;17
20230716.gml.geo,primary,hotspot,377,0x1.fc54bbf95d1abp-11,12;30;18,12;18
20230716.gml.geo,primary,hotspot,378,0x1.fc54bbf95d1abp-11,12;30;19,12;19
20230716.gml.geo,primary,hotspot,379,0x1.fc54bbf95d1abp-11,12;30;20,12;20
20230716.gml.geo,primary,hotspot,380,0x1.fc54bbf95d1abp-11,12;30;21,12;21
20230716.gml.geo,primary,hotspot,381,0x1.fc54bbf95d1abp-11,12;30;22,12;22
20230716.gml.geo,primary,hotspot,382,0x1.fc54bbf95d1abp-11,12;30;23,12;23
20230716.gml.geo,primary,hotspot,383,0x1.fc54bbf95d1abp-11,12;30;24,12;24
20230716.gml.geo,primary,hotspot,384,0x1.fc54bbf95d1abp-11,12;30;25,12;25
20230716.gml.geo,primary,hotspot,385,0x1.fc54bbf95d1abp-11,12;30;26,12;26
20230716.gml.geo,primary,hotspot,386,0x1.fc54bbf95d1abp-11,12;30;27,12;27
20230716.gml.geo,primary,hotspot,387,0x1.fc54bbf95d1abp-11,12;30;28,12;28
20230716.gml.geo,primary,hotspot,388,0x1.fc54bbf95d1abp-11,12;30;29,12;29
20230716.gml.geo,primary,hotspot,389,0x1.0f5d5ab916c14p-8,12;30,12
20230716.gml.geo,primary,hotspot,390,0x1.fc54bbf95d1abp-11,13;30;0,13;0
20230716.gml.geo,primary,hotspot,391,0x1.fc54bbf95d1abp-11,13;30;1,13;1
20230716.gml.geo,primary,hotspot,392,0x1.fc54bbf95d1abp-11,13;30;2,13;2
20230716.gml.geo,primary,hotspot,393,0x1.fc54bbf95d1abp-11,13;30;3,13;3
20230716.gml.geo,primary,hotspot,394,0x1.fc54bbf95d1abp-11,13;30;4,13;4
20230716.gml.geo,primary,hotspot,395,0x1.fc54bbf95d1abp-11,13;30;5,13;5
20230716.gml.geo,primary,hotspot,396,0x1.fc54bbf95d1abp-11,13;30;6,13;6
20230716.gml.geo,primary,hotspot,397,0x1.fc54bbf95d1abp-11,13;30;7,13;7
20230716.gml.geo,primary,hotspot,398,0x1.fc54bbf95d1abp-11,13;30;8,13;8
20230716.gml.geo,primary,hotspot,399,0x1.fc54bbf95d1abp-11,13;30;9,13;9
20230716.gml.geo,primary,hotspot,400,0x1.fc54bbf95d1abp-11,13;30;10,13;10
20230716.gml.geo,primary,hotspot,401,0x1.fc54bbf95d1abp-11,13;30;11,13;11
20230716.gml.geo,primary,hotspot,402,0x1.fc54bbf95d1abp-11,13;30;12,13;12
20230716.gml.geo,primary,hotspot,403,0x1.fc54bbf95d1abp-11,13;30;14,13;14
20230716.gml.geo,primary,hotspot,404,0x1.fc54bbf95d1abp-11,13;30;15,13;15
20230716.gml.geo,primary,hotspot,405,0x1.fc54bbf95d1abp-11,13;30;16,13;16
20230716.gml.geo,primary,hotspot,406,0x1.fc54bbf95d1abp-11,13;30;17,13;17
20230716.gml.geo,primary,hotspot,407,0x1.fc54bbf95d1abp-11,13;30;18,13;18
20230716.gml.geo,primary,hotspot,408,0x1.fc54bbf95d1abp-11,13;30;19,13;19
20230716.gml.geo,primary,hotspot,409,0x1.fc54bbf95d1abp-11,13;30;20,13;20
20230716.gml.geo,primary,hotspot,410,0x1.fc54bbf95d1abp-11,13;30;21,13;21
20230716.gml.geo,primary,hotspot,411,0x1.fc54bbf95d1abp-11,13;30;22,13;22
20230716.gml.geo,primary,hotspot,412,0x1.fc54bbf95d1abp-11,13;30;23,13;23
20230716.gml.geo,primary,hotspot,413,0x1.fc54bbf95d1abp-11,13;30;24,13;24
20230716.gml.geo,primary,hotspot,414,0x1.fc54bbf95d1abp-11,13;30;25,13;25
20230716.gml.geo,primary,hotspot,415,0x1.fc54bbf95d1abp-11,13;30;26,13;26
20230716.gml.geo,primary,hotspot,416,0x1.fc54bbf95d1abp-11,13;30;27,13;27
20230716.gml.geo,primary,hotspot,417,0x1.fc54bbf95d1abp-11,13;30;28,13;28
20230716.gml.geo,primary,hotspot,418,0x1.fc54bbf95d1abp-11,13;30;29,13;29
20230716.gml.geo,primary,hotspot,419,0x1.0f5d5ab916c14p-8,13;30,13
20230716.gml.geo,primary,hotspot,420,0x1.fc54bbf95d1abp-11,14;30;0,14;0
20230716.gml.geo,primary,hotspot,421,0x1.fc54bbf95d1abp-11,14;30;1,14;1
20230716.gml.geo,primary,hotspot,422,0x1.fc54bbf95d1abp-11,14;30;2,14;2
20230716.gml.geo,primary,hotspot,423,0x1.fc54bbf95d1abp-11,14;30;3,14;3
20230716.gml.geo,primary,hotspot,424,0x1.fc54bbf95d1abp-11,14;30;4,14;4
20230716.gml.geo,primary,hotspot,425,0x1.fc54bbf95d1abp-11,14;30;5,14;5
20230716.gml.geo,primary,hotspot,426,0x1.fc54bbf95d1abp-11,14;30;6,14;6
20230716.gml.geo,primary,hotspot,427,0x1.fc54bbf95d1abp-11,14;30;7,14;7
20230716.gml.geo,primary,hotspot,428,0x1.fc54bbf95d1abp-11,14;30;8,14;8
20230716.gml.geo,primary,hotspot,429,0x1.fc54bbf95d1abp-11,14;30;9,14;9
20230716.gml.geo,primary,hotspot,430,0x1.fc54bbf95d1abp-11,14;30;10,14;10
20230716.gml.geo,primary,hotspot,431,0x1.fc54bbf95d1abp-11,14;30;11,14;11
20230716.gml.geo,primary,hotspot,432,0x1.fc54bbf95d1abp-11,14;30;12,14;12
20230716.gml.geo,primary,hotspot,433,0x1.fc54bbf95d1abp-11,14;30;13,14;13
20230716.gml.geo,primary,hotspot,434,0x1.fc54bbf95d1abp-11,14;30;15,14;15
20230716.gml.geo,primary,hotspot,435,0x1.fc54bbf95d1abp-11,14;30;16,14;16
20230716.gml.geo,primary,hotspot,436,0x1.fc54bbf95d1abp-11,14;30;17,14;17
20230716.gml.geo,primary,hotspot,437,0x1.fc54bbf95d1abp-11,14;30;18,14;18
20230716.gml.geo,primary,hotspot,438,0x1.fc54bbf95d1abp-11,14;30;19,14;19
20230716.gml.geo,primary,hotspot,439,0x1.fc54bbf95d1abp-11,14;30;20,14;20
20230716.gml.geo,primary,hotspot,440,0x1.fc54bbf95d1abp-11,14;30;21,14;21
20230716.gml.geo,primary,hotspot,441,0x1.fc54bbf95d1abp-11,14;30;22,14;22
20230716.gml.geo,primary,hotspot,442,0x1.fc54bbf95d1abp-11,14;30;23,14;23
20230716.gml.geo,primary,hotspot,443,0x1.fc54bbf95d1abp-11,14;30;24,14;24
20230716.gml.geo,primary,hotspot,444,0x1.fc54bbf95d1abp-11,14;30;25,14;25
20230716.gml.geo,primary,hotspot,445,0x1.fc54bbf95d1abp-11,14;30;26,14;26
20230716.gml.geo,primary,hotspot,446,0x1.fc54bbf95d1abp-11,14;30;27,14;27
20230716.gml.geo,primary,hotspot,447,0x1.fc54bbf95d1abp-11,14;30;28,14;28
20230716.gml.geo,primary,hotspot,448,0x1.fc54bbf95d1abp-11,14;30;29,14;29
20230716.gml.geo,primary,hotspot,449,0x1.0f5d5ab916c14p-8,14;30,14
20230716.gml.geo,primary,hotspot,450,0x1.fc54bbf95d1abp-11,15;30;0,15;0
20230716.gml.geo,primary,hotspot,451,0x1.fc54bbf95d1abp-11,15;30;1,15;1
20230716.gml.geo,primary,hotspot,452,0x1.fc54bbf95d1abp-11,15;30;2,15;2
20230716.gml.geo,primary,hotspot,453,0x1.fc54bbf95d1abp-11,15;30;3,15;3
20230716.gml.geo,primary,hotspot,454,0x1.fc54bbf95d1abp-11,15;30;4,15;4
20230716.gml.geo,primary,hotspot,455,0x1.fc54bbf95d1abp-11,15;30;5,15;5
20230716.gml.geo,primary,hotspot,456,0x1.fc54bbf95d1abp-11,15;30;6,15;6
20230716.gml.geo,primary,hotspot,457,0x1.fc54bbf95d1abp-11,15;30;7,15;7
20230716.gml.geo,primary,hotspot,458,0x1.fc54bbf95d1abp-11,15;30;8,15;8
20230716.gml.geo,primary,hotspot,459,0x1.fc54bbf95d1abp-11,15;30;9,15;9
20230716.gml.geo,primary,hotspot,460,0x1.fc54bbf95d1abp-11,15;30;10,15;10
20230716.gml.geo,primary,hotspot,461,0x1.fc54bbf95d1abp-11,15;30;11,15;11
20230716.gml.geo,primary,hotspot,462,0x1.fc54bbf95d1abp-11,15;30;12,15;12
20230716.gml.geo,primary,hotspot,463,0x1.fc54bbf95d1abp-11,15;30;13,15;13
20230716.gml.geo,primary,hotspot,464,0x1.fc54bbf95d1abp-11,15;30;14,15;14
20230716.gml.geo,primary,hotspot,465,0x1.fc54bbf95d1abp-11,15;30;16,15;16
20230716.gml.geo,primary,hotspot,466,0x1.fc54bbf95d1abp-11,15;30;17,15;17
20230716.gml.geo,primary,hotspot,467,0x1.fc54bbf95d1abp-11,15;30;18,15;18
20230716.gml.geo,primary,hotspot,468,0x1.fc54bbf95d1abp-11,15;30;19,15;19
20230716.gml.geo,primary,hotspot,469,0x1.fc54bbf95d1abp-11,15;30;20,15;20
20230716.gml.geo,primary,hotspot,470,0x1.fc54bbf95d1abp-11,15;30;21,15;21
20230716.gml.geo,primary,hotspot,471,0x1.fc54bbf95d1abp-11,15;30;22,15;22
20230716.gml.geo,primary,hotspot,472,0x1.fc54bbf95d1abp-11,15;30;23,15;23
20230716.gml.geo,primary,hotspot,473,0x1.fc54bbf95d1abp-11,15;30;24,15;24
20230716.gml.geo,primary,hotspot,474,0x1.fc54bbf95d1abp-11,15;30;25,15;25
20230716.gml.geo,primary,hotspot,475,0x1.fc54bbf95d1abp-11,15;30;26,15;26
20230716.gml.geo,primary,hotspot,476,0x1.fc54bbf95d1abp-11,15;30;27,15;27
20230716.gml.geo,primary,hotspot,477,0x1.fc54bbf95d1abp-11,15;30;28,15;28
20230716.gml.geo,primary,hotspot,478,0x1.fc54bbf95d1abp-11,15;30;29,15;29
20230716.gml.geo,primary,hotspot,479,0x1.0f5d5ab916c14p-8,15;30,15
20230716.gml.geo,primary,hotspot,480,0x1.fc54bbf95d1abp-11,16;30;0,16;0
20230716.gml.geo,primary,hotspot,481,0x1.fc54bbf95d1abp-11,16;30;1,16;1
20230716.gml.geo,primary,hotspot,482,0x1.fc54bbf95d1abp-11,16;30;2,16;2
20230716.gml.geo,primary,hotspot,483,0x1.fc54bbf95d1abp-11,16;30;3,16;3
20230716.gml.geo,primary,hotspot,484,0x1.fc54bbf95d1abp-11,16;30;4,16;4
20230716.gml.geo,primary,hotspot,485,0x1.fc54bbf95d1abp-11,16;30;5,16;5
20230716.gml.geo,primary,hotspot,486,0x1.fc54bbf95d1abp-11,16;30;6,16;6
20230716.gml.geo,primary,hotspot,487,0x1.fc54bbf95d1abp-11,16;30;7,16;7
20230716.gml.geo,primary,hotspot,488,0x1.fc54bbf95d1abp-11,16;30;8,16;8
20230716.gml.geo,primary,hotspot,489,0x1.fc54bbf95d1abp-11,16;30;9,16;9
20230716.gml.geo,primary,hotspot,490,0x1.fc54bbf95d1abp-11,16;30;10,16;10
20230716.gml.geo,primary,hotspot,491,0x1.fc54bbf95d1abp-11,16;30;11,16;11
20230716.gml.geo,primary,hotspot,492,0x1.fc54bbf95d1abp-11,16;30;12,16;12
20230716.gml.geo,primary,hotspot,493,0x1.fc54bbf95d1abp-11,16;30;13,16;13
20230716.gml.geo,primary,hotspot,494,0x1.fc54bbf95d1abp-11,16;30;14,16;14
20230716.gml.geo,primary,hotspot,495,0x1.fc54bbf95d1abp-11,16;30;15,16;15
20230716.gml.geo,primary,hotspot,496,0x1.fc54bbf95d1abp-11,16;30;17,16;17
20230716.gml.geo,primary,hotspot,497,0x1.fc54bbf95d1abp-11,16;30;18,16;18
20230716.gml.geo,primary,hotspot,498,0x1.fc54bbf95d1abp-11,16;30;19,16;19
20230716.gml.geo,primary,hotspot,499,0x1.fc54bbf95d1abp-11,16;30;20,16;20
20230716.gml.geo,primary,hotspot,500,0x1.fc54bbf95d1abp-11,16;30;21,16;21
20230716.gml.geo,primary,hotspot,501,0x1.fc54bbf95d1abp-11,16;30;22,16;22
20230716.gml.geo,primary,hotspot,502,0x1.fc54bbf95d1abp-11,16;30;23,16;23
20230716.gml.geo,primary,hotspot,503,0x1.fc54bbf95d1abp-11,16;30;24,16;24
20230716.gml.geo,primary,hotspot,504,0x1.fc54bbf95d1abp-11,16;30;25,16;25
20230716.gml.geo,primary,hotspot,505,0x1.fc54bbf95d1abp-11,16;30;26,16;26
20230716.gml.geo,primary,hotspot,506,0x1.fc54bbf95d1abp-11,16;30;27,16;27
20230716.gml.geo,primary,hotspot,507,0x1.fc54bbf95d1abp-11,16;30;28,16;28
20230716.gml.geo,primary,hotspot,508,0x1.fc54bbf95d1abp-11,16;30;29,16;29
20230716.gml.geo,primary,hotspot,509,0x1.0f5d5ab916c14p-8,16;30,16
20230716.gml.geo,primary,hotspot,510,0x1.fc54bbf95d1abp-11,17;30;0,17;0
20230716.gml.geo,primary,hotspot,511,0x1.fc54bbf95d1abp-11,17;30;1,17;1
20230716.gml.geo,primary,hotspot,512,0x1.fc54bbf95d1abp-11,17;30;2,17;2
20230716.gml.geo,primary,hotspot,513,0x1.fc54bbf95d1abp-11,17;30;3,17;3
20230716.gml.geo,primary,hotspot,514,0x1.fc54bbf95d1abp-11,17;30;4,17;4
20230716.gml.geo,primary,hotspot,515,0x1.fc54bbf95d1abp-11,17;30;5,17;5
20230716.gml.geo,primary,hotspot,516,0x1.fc54bbf95d1abp-11,17;30;6,17;6
20230716.gml.geo,primary,hotspot,517,0x1.fc54bbf95d1abp-11,17;30;7,17;7
20230716.gml.geo,primary,hotspot,518,0x1.fc54bbf95d1abp-11,17;30;8,17;8
20230716.gml.geo,primary,hotspot,519,0x1.fc54bbf95d1abp-11,17;30;9,17;9
20230716.gml.geo,primary,hotspot,520,0x1.fc54bbf95d1abp-11,17;30;10,17;10
20230716.gml.geo,primary,hotspot,521,0x1.fc54bbf95d1abp-11,17;30;11,17;11
20230716.gml.geo,primary,hotspot,522,0x1.fc54bbf95d1abp-11,17;30;12,17;12
20230716.gml.geo,primary,hotspot,523,0x1.fc54bbf95d1abp-11,17;30;13,17;13
20230716.gml.geo,primary,hotspot,524,0x1.fc54bbf95d1abp-11,17;30;14,17;14
20230716.gml.geo,primary,hotspot,525,0x1.fc54bbf95d1abp-11,17;30;15,17;15
20230716.gml.geo,primary,hotspot,526,0x1.fc54bbf95d1abp-11,17;30;16,17;16
20230716.gml.geo,primary,hotspot,527,0x1.fc54bbf95d1abp-11,17;30;18,17;18
20230716.gml.geo,primary,hotspot,528,0x1.fc54bbf95d1abp-11,17;30;19,17;19
20230716.gml.geo,primary,hotspot,529,0x1.fc54bbf95d1abp-11,17;30;20,17;20
20230716.gml.geo,primary,hotspot,530,0x1.fc54bbf95d1abp-11,17;30;21,17;21
20230716.gml.geo,primary,hotspot,531,0x1.fc54bbf95d1abp-11,17;30;22,17;22
20230716.gml.geo,primary,hotspot,532,0x1.fc54bbf95d1abp-11,17;30;23,17;23
20230716.gml.geo,primary,hotspot,533,0x1.fc54bbf95d1abp-11,17;30;24,17;24
20230716.gml.geo,primary,hotspot,534,0x1.fc54bbf95d1abp-11,17;30;25,17;25
20230716.gml.geo,primary,hotspot,535,0x1.fc54bbf95d1abp-11,17;30;26,17;26
20230716.gml.geo,primary,hotspot,536,0x1.fc54bbf95d1abp-11,17;30;27,17;27
20230716.gml.geo,primary,hotspot,537,0x1.fc54bbf95d1abp-11,17;30;28,17;28
20230716.gml.geo,primary,hotspot,538,0x1.fc54bbf95d1abp-11,17;30;29,17;29
20230716.gml.geo,primary,hotspot,539,0x1.0f5d5ab916c14p-8,17;30,17
20230716.gml.geo,primary,hotspot,540,0x1.fc54bbf95d1abp-11,18;30;0,18;0
20230716.gml.geo,primary,hotspot,541,0x1.fc54bbf95d1abp-11,18;30;1,18;1
20230716.gml.geo,primary,hotspot,542,0x1.fc54bbf95d1abp-11,18;30;2,18;2
20230716.gml.geo,primary,hotspot,543,0x1.fc54bbf95d1abp-11,18;30;3,18;3
20230716.gml.geo,primary,hotspot,544,0x1.fc54bbf95d1abp-11,18;30;4,18;4
20230716.gml.geo,primary,hotspot,545,0x1.fc54bbf95d1abp-11,18;30;5,18;5
20230716.gml.geo,primary,hotspot,546,0x1.fc54bbf95d1abp-11,18;30;6,18;6
20230716.gml.geo,primary,hotspot,547,0x1.fc54bbf95d1abp-11,18;30;7,18;7
20230716.gml.geo,primary,hotspot,548,0x1.fc54bbf95d1abp-11,18;30;8,18;8
20230716.gml.geo,primary,hotspot,549,0x1.fc54bbf95d1abp-11,18;30;9,18;9
20230716.gml.geo,primary,hotspot,550,0x1.fc54bbf95d1abp-11,18;30;10,18;10
20230716.gml.geo,primary,hotspot,551,0x1.fc54bbf95d1abp-11,18;30;11,18;11
20230716.gml.geo,primary,hotspot,552,0x1.fc54bbf95d1abp-11,18;30;12,18;12
20230716.gml.geo,primary,hotspot,553,0x1.fc54bbf95d1abp-11,18;30;13,18;13
20230716.gml.geo,primary,hotspot,554,0x1.fc54bbf95d1abp-11,18;30;14,18;14
20230716.gml.geo,primary,hotspot,555,0x1.fc54bbf95d1abp-11,18;30;15,18;15
20230716.gml.geo,primary,hotspot,556,0x1.fc54bbf95d1abp-11,18;30;16,18;16
20230716.gml.geo,primary,hotspot,557,0x1.fc54bbf95d1abp-11,18;30;17,18;17
20230716.gml.geo,primary,hotspot,558,0x1.fc54bbf95d1abp-11,18;30;19,18;19
20230716.gml.geo,primary,hotspot,559,0x1.fc54bbf95d1abp-11,18;30;20,18;20
20230716.gml.geo,primary,hotspot,560,0x1.fc54bbf95d1abp-11,18;30;21,18;21
20230716.gml.geo,primary,hotspot,561,0x1.fc54bbf95d1abp-11,18;30;22,18;22
20230716.gml.geo,primary,hotspot,562,0x1.fc54bbf95d1abp-11,18;30;23,18;23
20230716.gml.geo,primary,hotspot,563,0x1.fc54bbf95d1abp-11,18;30;24,18;24
20230716.gml.geo,primary,hotspot,564,0x1.fc54bbf95d1abp-11,18;30;25,18;25
20230716.gml.geo,primary,hotspot,565,0x1.fc54bbf95d1abp-11,18;30;26,18;26
20230716.gml.geo,primary,hotspot,566,0x1.fc54bbf95d1abp-11,18;30;27,18;27
20230716.gml.geo,primary,hotspot,567,0x1.fc54bbf95d1abp-11,18;30;28,18;28
20230716.gml.geo,primary,hotspot,568,0x1.fc54bbf95d1abp-11,18;30;29,18;29
20230716.gml.geo,primary,hotspot,569,0x1.0f5d5ab916c14p-8,18;30,18
20230716.gml.geo,primary,hotspot,570,0x1.fc54bbf95d1abp-11,19;30;0,19;0
20230716.gml.geo,primary,hotspot,571,0x1.fc54bbf95d1abp-11,19;30;1,19;1
20230716.gml.geo,primary,hotspot,572,0x1.fc54bbf95d1abp-11,19;30;2,19;2
20230716.gml.geo,primary,hotspot,573,0x1.fc54bbf95d1abp-11,19;30;3,19;3
20230716.gml.geo,primary,hotspot,574,0x1.fc54bbf95d1abp-11,19;30;4,19;4
20230716.gml.geo,primary,hotspot,575,0x1.fc54bbf95d1abp-11,19;30;5,19;5
20230716.gml.geo,primary,hotspot,576,0x1.fc54bbf95d1abp-11,19;30;6,19;6
20230716.gml.geo,primary,hotspot,577,0x1.fc54bbf95d1abp-11,19;30;7,19;7
20230716.gml.geo,primary,hotspot,578,0x1.fc54bbf95d1abp-11,19;30;8,19;8
20230716.gml.geo,primary,hotspot,579,0x1.fc54bbf95d1abp-11,19;30;9,19;9
20230716.gml.geo,primary,hotspot,580,0x1.fc54bbf95d1abp-11,19;30;10,19;10
20230716.gml.geo,primary,hotspot,581,0x1.fc54bbf95d1abp-11,19;30;11,19;11
20230716.gml.geo,primary,hotspot,582,0x1.fc54bbf95d1abp-11,19;30;12,19;12
20230716.gml.geo,primary,hotspot,583,0x1.fc54bbf95d1abp-11,19;30;13,19;13
20230716.gml.geo,primary,hotspot,584,0x1.fc54bbf95d1abp-11,19;30;14,19;14
20230716.gml.geo,primary,hotspot,585,0x1.fc54bbf95d1abp-11,19;30;15,19;15
20230716.gml.geo,primary,hotspot,586,0x1.fc54bbf95d1abp-11,19;30;16,19;16
20230716.gml.geo,primary,hotspot,587,0x1.fc54bbf95d1abp-11,19;30;17,19;17
20230716.gml.geo,primary,hotspot,588,0x1.fc54bbf95d1abp-11,19;30;18,19;18
20230716.gml.geo,primary,hotspot,589,0x1.fc54bbf95d1abp-11,19;30;20,19;20
20230716.gml.geo,primary,hotspot,590,0x1.fc54bbf95d1abp-11,19;30;21,19;21
20230716.gml.geo,primary,hotspot,591,0x1.fc54bbf95d1abp-11,19;30;22,19;22
20230716.gml.geo,primary,hotspot,592,0x1.fc54bbf95d1abp-11,19;30;23,19;23
20230716.gml.geo,primary,hotspot,593,0x1.fc54bbf95d1abp-11,19;30;24,19;24
20230716.gml.geo,primary,hotspot,594,0x1.fc54bbf95d1abp-11,19;30;25,19;25
20230716.gml.geo,primary,hotspot,595,0x1.fc54bbf95d1abp-11,19;30;26,19;26
20230716.gml.geo,primary,hotspot,596,0x1.fc54bbf95d1abp-11,19;30;27,19;27
20230716.gml.geo,primary,hotspot,597,0x1.fc54bbf95d1abp-11,19;30;28,19;28
20230716.gml.geo,primary,hotspot,598,0x1.fc54bbf95d1abp-11,19;30;29,19;29
20230716.gml.geo,primary,hotspot,599,0x1.0f5d5ab916c14p-8,19;30,19
20230716.gml.geo,primary,hotspot,600,0x1.fc54bbf95d1abp-11,20;30;0,20;0
20230716.gml.geo,primary,hotspot,601,0x1.fc54bbf95d1abp-11,20;30;1,20;1
20230716.gml.geo,primary,hotspot,602,0x1.fc54bbf95d1abp-11,20;30;2,20;2
20230716.gml.geo,primary,hotspot,603,0x1.fc54bbf95d1abp-11,20;30;3,20;3
20230716.gml.geo,primary,hotspot,604,0x1.fc54bbf95d1abp-11,20;30;4,20;4
20230716.gml.geo,primary,hotspot,605,0x1.fc54bbf95d1abp-11,20;30;5,20;5
20230716.gml.geo,primary,hotspot,606,0x1.fc54bbf95d1abp-11,20;30;6,20;6
20230716.gml.geo,primary,hotspot,607,0x1.fc54bbf95d1abp-11,20;30;7,20;7
20230716.gml.geo,primary,hotspot,608,0x1.fc54bbf95d1abp-11,20;30;8,20;8
20230716.gml.geo,primary,hotspot,609,0x1.fc54bbf95d1abp-11,20;30;9,20;9
20230716.gml.geo,primary,hotspot,610,0x1.fc54bbf95d1abp-11,20;30;10,20;10
20230716.gml.geo,primary,hotspot,611,0x1.fc54bbf95d1abp-11,20;30;11,20;11
20230716.gml.geo,primary,hotspot,612,0x1.fc54bbf95d1abp-11,20;30;12,20;12
20230716.gml.geo,primary,hotspot,613,0x1.fc54bbf95d1abp-11,20;30;13,20;13
20230716.gml.geo,primary,hotspot,614,0x1.fc54bbf95d1abp-11,20;30;14,20;14
20230716.gml.geo,primary,hotspot,615,0x1.fc54bbf95d1abp-11,20;30;15,20;15
20230716.gml.geo,primary,hotspot,616,0x1.fc54bbf95d1abp-11,20;30;16,20;16
20230716.gml.geo,primary,hotspot,617,0x1.fc54bbf95d1abp-11,20;30;17,20;17
20230716.gml.geo,primary,hotspot,618,0x1.fc54bbf95d1abp-11,20;30;18,20;18
20230716.gml.geo,primary,hotspot,619,0x1.fc54bbf95d1abp-11,20;30;19,20;19
20230716.gml.geo,primary,hotspot,620,0x1.fc54bbf95d1abp-11,20;30;21,20;21
20230716.gml.geo,primary,hotspot,621,0x1.fc54bbf95d1abp-11,20;30;22,20;22
20230716.gml.geo,primary,hotspot,622,0x1.fc54bbf95d1abp-11,20;30;23,20;23
20230716.gml.geo,primary,hotspot,623,0x1.fc54bbf95d1abp-11,20;30;24,20;24
20230716.gml.geo,primary,hotspot,624,0x1.fc54bbf95d1abp-11,20;30;25,20;25
20230716.gml.geo,primary,hotspot,625,0x1.fc54bbf95d1abp-11,20;30;26,20;26
20230716.gml.geo,primary,hotspot,626,0x1.fc54bbf95d1abp-11,20;30;27,20;27
20230716.gml.geo,primary,hotspot,627,0x1.fc54bbf95d1abp-11,20;30;28,20;28
20230716.gml.geo,primary,hotspot,628,0x1.fc54bbf95d1abp-11,20;30;29,20;29
20230716.gml.geo,primary,hotspot,629,0x1.0f5d5ab916c14p-8,20;30,20
20230716.gml.geo,primary,hotspot,630,0x1.fc54bbf95d1abp-11,21;30;0,21;0
20230716.gml.geo,primary,hotspot,631,0x1.fc54bbf95d1abp-11,21;30;1,21;1
20230716.gml.geo,primary,hotspot,632,0x1.fc54bbf95d1abp-11,21;30;2,21;2
20230716.gml.geo,primary,hotspot,633,0x1.fc54bbf95d1abp-11,21;30;3,21;3
20230716.gml.geo,primary,hotspot,634,0x1.fc54bbf95d1abp-11,21;30;4,21;4
20230716.gml.geo,primary,hotspot,635,0x1.fc54bbf95d1abp-11,21;30;5,21;5
20230716.gml.geo,primary,hotspot,636,0x1.fc54bbf95d1abp-11,21;30;6,21;6
20230716.gml.geo,primary,hotspot,637,0x1.fc54bbf95d1abp-11,21;30;7,21;7
20230716.gml.geo,primary,hotspot,638,0x1.fc54bbf95d1abp-11,21;30;8,21;8
20230716.gml.geo,primary,hotspot,639,0x1.fc54bbf95d1abp-11,21;30;9,21;9
20230716.gml.geo,primary,hotspot,640,0x1.fc54bbf95d1abp-11,21;30;10,21;10
20230716.gml.geo,primary,hotspot,641,0x1.fc54bbf95d1abp-11,21;30;11,21;11
20230716.gml.geo,primary,hotspot,642,0x1.fc54bbf95d1abp-11,21;30;12,21;12
20230716.gml.geo,primary,hotspot,643,0x1.fc54bbf95d1abp-11,21;30;13,21;13
20230716.gml.geo,primary,hotspot,644,0x1.fc54bbf95d1abp-11,21;30;14,21;14
20230716.gml.geo,primary,hotspot,645,0x1.fc54bbf95d1abp-11,21;30;15,21;15
20230716.gml.geo,primary,hotspot,646,0x1.fc54bbf95d1abp-11,21;30;16,21;16
20230716.gml.geo,primary,hotspot,647,0x1.fc54bbf95d1abp-11,21;30;17,21;17
20230716.gml.geo,primary,hotspot,648,0x1.fc54bbf95d1abp-11,21;30;18,21;18
20230716.gml.geo,primary,hotspot,649,0x1.fc54bbf95d1abp-11,21;30;19,21;19
20230716.gml.geo,primary,hotspot,650,0x1.fc54bbf95d1abp-11,21;30;20,21;20
20230716.gml.geo,primary,hotspot,651,0x1.fc54bbf95d1abp-11,21;30;22,21;22
20230716.gml.geo,primary,hotspot,652,0x1.fc54bbf95d1abp-11,21;30;23,21;23
20230716.gml.geo,primary,hotspot,653,0x1.fc54bbf95d1abp-11,21;30;24,21;24
20230716.gml.geo,primary,hotspot,654,0x1.fc54bbf95d1abp-11,21;30;25,21;25
20230716.gml.geo,primary,hotspot,655,0x1.fc54bbf95d1abp-11,21;30;26,21;26
20230716.gml.geo,primary,hotspot,656,0x1.fc54bbf95d1abp-11,21;30;27,21;27
20230716.gml.geo,primary,hotspot,657,0x1.fc54bbf95d1abp-11,21;30;28,21;28
20230716.gml.geo,primary,hotspot,658,0x1.fc54bbf95d1abp-11,21;30;29,21;29
20230716.gml.geo,primary,hotspot,659,0x1.0f5d5ab916c14p-8,21;30,21
20230716.gml.geo,primary,hotspot,660,0x1.fc54bbf95d1abp-11,22;30;0,22;0
20230716.gml.geo,primary,hotspot,661,0x1.fc54bbf95d1abp-11,22;30;1,22;1
20230716.gml.geo,primary,hotspot,662,0x1.fc54bbf95d1abp-11,22;30;2,22;2
20230716.gml.geo,primary,hotspot,663,0x1.fc54bbf95d1abp-11,22;30;3,22;3
20230716.gml.geo,primary,hotspot,664,0x1.fc54bbf95d1abp-11,22;30;4,22;4
20230716.gml.geo,primary,hotspot,665,0x1.fc54bbf95d1abp-11,22;30;5,22;5
20230716.gml.geo,primary,hotspot,666,0x1.fc54bbf95d1abp-11,22;30;6,22;6
20230716.gml.geo,primary,hotspot,667,0x1.fc54bbf95d1abp-11,22;30;7,22;7
20230716.gml.geo,primary,hotspot,668,0x1.fc54bbf95d1abp-11,22;30;8,22;8
20230716.gml.geo,primary,hotspot,669,0x1.fc54bbf95d1abp-11,22;30;9,22;9
20230716.gml.geo,primary,hotspot,670,0x1.fc54bbf95d1abp-11,22;30;10,22;10
20230716.gml.geo,primary,hotspot,671,0x1.fc54bbf95d1abp-11,22;30;11,22;11
20230716.gml.geo,primary,hotspot,672,0x1.fc54bbf95d1abp-11,22;30;12,22;12
20230716.gml.geo,primary,hotspot,673,0x1.fc54bbf95d1abp-11,22;30;13,22;13
20230716.gml.geo,primary,hotspot,674,0x1.fc54bbf95d1abp-11,22;30;14,22;14
20230716.gml.geo,primary,hotspot,675,0x1.fc54bbf95d1abp-11,22;30;15,22;15
20230716.gml.geo,primary,hotspot,676,0x1.fc54bbf95d1abp-11,22;30;16,22;16
20230716.gml.geo,primary,hotspot,677,0x1.fc54bbf95d1abp-11,22;30;17,22;17
20230716.gml.geo,primary,hotspot,678,0x1.fc54bbf95d1abp-11,22;30;18,22;18
20230716.gml.geo,primary,hotspot,679,0x1.fc54bbf95d1abp-11,22;30;19,22;19
20230716.gml.geo,primary,hotspot,680,0x1.fc54bbf95d1abp-11,22;30;20,22;20
20230716.gml.geo,primary,hotspot,681,0x1.fc54bbf95d1abp-11,22;30;21,22;21
20230716.gml.geo,primary,hotspot,682,0x1.fc54bbf95d1abp-11,22;30;23,22;23
20230716.gml.geo,primary,hotspot,683,0x1.fc54bbf95d1abp-11,22;30;24,22;24
20230716.gml.geo,primary,hotspot,684,0x1.fc54bbf95d1abp-11,22;30;25,22;25
20230716.gml.geo,primary,hotspot,685,0x1.fc54bbf95d1abp-11,22;30;26,22;26
20230716.gml.geo,primary,hotspot,686,0x1.fc54bbf95d1abp-11,22;30;27,22;27
20230716.gml.geo,primary,hotspot,687,0x1.fc54bbf95d1abp-11,22;30;28,22;28
20230716.gml.geo,primary,hotspot,688,0x1.fc54bbf95d1abp-11,22;30;29,22;29
20230716.gml.geo,primary,hotspot,689,0x1.0f5d5ab916c14p-8,22;30,22
20230716.gml.geo,primary,hotspot,690,0x1.fc54bbf95d1abp-11,23;30;0,23;0
20230716.gml.geo,primary,hotspot,691,0x1.fc54bbf95d1abp-11,23;30;1,23;1
20230716.gml.geo,primary,hotspot,692,0x1.fc54bbf95d1abp-11,23;30;2,23;2
20230716.gml.geo,primary,hotspot,693,0x1.fc54bbf95d1abp-11,23;30;3,23;3
20230716.gml.geo,primary,hotspot,694,0x1.fc54bbf95d1abp-11,23;30;4,23;4
20230716.gml.geo,primary,hotspot,695,0x1.fc54bbf95d1abp-11,23;30;5,23;5
20230716.gml.geo,primary,hotspot,696,0x1.fc54bbf95d1abp-11,23;30;6,23;6
20230716.gml.geo,primary,hotspot,697,0x1.fc54bbf95d1abp-11,23;30;7,23;7
20230716.gml.geo,primary,hotspot,698,0x1.fc54bbf95d1abp-11,23;30;8,23;8
20230716.gml.geo,primary,hotspot,699,0x1.fc54bbf95d1abp-11,23;30;9,23;9
20230716.gml.geo,primary,hotspot,700,0x1.fc54bbf95d1abp-11,23;30;10,23;10
20230716.gml.geo,primary,hotspot,701,0x1.fc54bbf95d1abp-11,23;30;11,23;11
20230716.gml.geo,primary,hotspot,702,0x1.fc54bbf95d1abp-11,23;30;12,23;12
20230716.gml.geo,primary,hotspot,703,0x1.fc54bbf95d1abp-11,23;30;13,23;13
20230716.gml.geo,primary,hotspot,704,0x1.fc54bbf95d1abp-11,23;30;14,23;14
20230716.gml.geo,primary,hotspot,705,0x1.fc54bbf95d1abp-11,23;30;15,23;15
20230716.gml.geo,primary,hotspot,706,0x1.fc54bbf95d1abp-11,23;30;16,23;16
20230716.gml.geo,primary,hotspot,707,0x1.fc54bbf95d1abp-11,23;30;17,23;17
20230716.gml.geo,primary,hotspot,708,0x1.fc54bbf95d1abp-11,23;30;18,23;18
20230716.gml.geo,primary,hotspot,709,0x1.fc54bbf95d1abp-11,23;30;19,23;19
20230716.gml.geo,primary,hotspot,710,0x1.fc54bbf95d1abp-11,23;30;20,23;20
20230716.gml.geo,primary,hotspot,711,0x1.fc54bbf95d1abp-11,23;30;21,23;21
20230716.gml.geo,primary,hotspot,712,0x1.fc54bbf95d1abp-11,23;30;22,23;22
20230716.gml.geo,primary,hotspot,713,0x1.fc54bbf95d1abp-11,23;30;24,23;24
20230716.gml.geo,primary,hotspot,714,0x1.fc54bbf95d1abp-11,23;30;25,23;25
20230716.gml.geo,primary,hotspot,715,0x1.fc54bbf95d1abp-11,23;30;26,23;26
20230716.gml.geo,primary,hotspot,716,0x1.fc54bbf95d1abp-11,23;30;27,23;27
20230716.gml.geo,primary,hotspot,717,0x1.fc54bbf95d1abp-11,23;30;28,23;28
20230716.gml.geo,primary,hotspot,718,0x1.fc54bbf95d1abp-11,23;30;29,23;29
20230716.gml.geo,primary,hotspot,719,0x1.0f5d5ab916c14p-8,23;30,23
20230716.gml.geo,primary,hotspot,720,0x1.fc54bbf95d1abp-11,24;30;0,24;0
20230716.gml.geo,primary,hotspot,721,0x1.fc54bbf95d1abp-11,24;30;1,24;1
20230716.gml.geo,primary,hotspot,722,0x1.fc54bbf95d1abp-11,24;30;2,24;2
20230716.gml.geo,primary,hotspot,723,0x1.fc54bbf95d1abp-11,24;30;3,24;3
20230716.gml.geo,primary,hotspot,724,0x1.fc54bbf95d1abp-11,24;30;4,24;4
20230716.gml.geo,primary,hotspot,725,0x1.fc54bbf95d1abp-11,24;30;5,24;5
20230716.gml.geo,primary,hotspot,726,0x1.fc54bbf95d1abp-11,24;30;6,24;6
20230716.gml.geo,primary,hotspot,727,0x1.fc54bbf95d1abp-11,24;30;7,24;7
20230716.gml.geo,primary,hotspot,728,0x1.fc54bbf95d1abp-11,24;30;8,24;8
20230716.gml.geo,primary,hotspot,729,0x1.fc54bbf95d1abp-11,24;30;9,24;9
20230716.gml.geo,primary,hotspot,730,0x1.fc54bbf95d1abp-11,24;30;10,24;10
20230716.gml.geo,primary,hotspot,731,0x1.fc54bbf95d1abp-11,24;30;11,24;11
20230716.gml.geo,primary,hotspot,732,0x1.fc54bbf95d1abp-11,24;30;12,24;12
20230716.gml.geo,primary,hotspot,733,0x1.fc54bbf95d1abp-11,24;30;13,24;13
20230716.gml.geo,primary,hotspot,734,0x1.fc54bbf95d1abp-11,24;30;14,24;14
20230716.gml.geo,primary,hotspot,735,0x1.fc54bbf95d1abp-11,24;30;15,24;15
20230716.gml.geo,primary,hotspot,736,0x1.fc54bbf95d1abp-11,24;30;16,24;16
20230716.gml.geo,primary,hotspot,737,0x1.fc54bbf95d1abp-11,24;30;17,24;17
20230716.gml.geo,primary,hotspot,738,0x1.fc54bbf95d1abp-11,24;30;18,24;18
20230716.gml.geo,primary,hotspot,739,0x1.fc54bbf95d1abp-11,24;30;19,24;19
20230716.gml.geo,primary,hotspot,740,0x1.fc54bbf95d1abp-11,24;30;20,24;20
20230716.gml.geo,primary,hotspot,741,0x1.fc54bbf95d1abp-11,24;30;21,24;21
20230716.gml.geo,primary,hotspot,742,0x1.fc54bbf95d1abp-11,24;30;22,24;22
20230716.gml.geo,primary,hotspot,743,0x1.fc54bbf95d1abp-11,24;30;23,24;23
20230716.gml.geo,primary,hotspot,744,0x1.fc54bbf95d1abp-11,24;30;25,24;25
20230716.gml.geo,primary,hotspot,745,0x1.fc54bbf95d1abp-11,24;30;26,24;26
20230716.gml.geo,primary,hotspot,746,0x1.fc54bbf95d1abp-11,24;30;27,24;27
20230716.gml.geo,primary,hotspot,747,0x1.fc54bbf95d1abp-11,24;30;28,24;28
20230716.gml.geo,primary,hotspot,748,0x1.fc54bbf95d1abp-11,24;30;29,24;29
20230716.gml.geo,primary,hotspot,749,0x1.0f5d5ab916c14p-8,24;30,24
20230716.gml.geo,primary,hotspot,750,0x1.fc54bbf95d1abp-11,25;30;0,25;0
20230716.gml.geo,primary,hotspot,751,0x1.fc54bbf95d1abp-11,25;30;1,25;1
20230716.gml.geo,primary,hotspot,752,0x1.fc54bbf95d1abp-11,25;30;2,25;2
20230716.gml.geo,primary,hotspot,753,0x1.fc54bbf95d1abp-11,25;30;3,25;3
20230716.gml.geo,primary,hotspot,754,0x1.fc54bbf95d1abp-11,25;30;4,25;4
20230716.gml.geo,primary,hotspot,755,0x1.fc54bbf95d1abp-11,25;30;5,25;5
20230716.gml.geo,primary,hotspot,756,0x1.fc54bbf95d1abp-11,25;30;6,25;6
20230716.gml.geo,primary,hotspot,757,0x1.fc54bbf95d1abp-11,25;30;7,25;7
20230716.gml.geo,primary,hotspot,758,0x1.fc54bbf95d1abp-11,25;30;8,25;8
20230716.gml.geo,primary,hotspot,759,0x1.fc54bbf95d1abp-11,25;30;9,25;9
20230716.gml.geo,primary,hotspot,760,0x1.fc54bbf95d1abp-11,25;30;10,25;10
20230716.gml.geo,primary,hotspot,761,0x1.fc54bbf95d1abp-11,25;30;11,25;11
20230716.gml.geo,primary,hotspot,762,0x1.fc54bbf95d1abp-11,25;30;12,25;12
20230716.gml.geo,primary,hotspot,763,0x1.fc54bbf95d1abp-11,25;30;13,25;13
20230716.gml.geo,primary,hotspot,764,0x1.fc54bbf95d1abp-11,25;30;14,25;14
20230716.gml.geo,primary,hotspot,765,0x1.fc54bbf95d1abp-11,25;30;15,25;15
20230716.gml.geo,primary,hotspot,766,0x1.fc54bbf95d1abp-11,25;30;16,25;16
20230716.gml.geo,primary,hotspot,767,0x1.fc54bbf95d1abp-11,25;30;17,25;17
20230716.gml.geo,primary,hotspot,768,0x1.fc54bbf95d1abp-11,25;30;18,25;18
20230716.gml.geo,primary,hotspot,769,0x1.fc54bbf95d1abp-11,25;30;19,25;19
20230716.gml.geo,primary,hotspot,770,0x1.fc54bbf95d1abp-11,25;30;20,25;20
20230716.gml.geo,primary,hotspot,771,0x1.fc54bbf95d1abp-11,25;30;21,25;21
20230716.gml.geo,primary,hotspot,772,0x1.fc54bbf95d1abp-11,25;30;22,25;22
20230716.gml.geo,primary,hotspot,773,0x1.fc54bbf95d1abp-11,25;30;23,25;23
20230716.gml.geo,primary,hotspot,774,0x1.fc54bbf95d1abp-11,25;30;24,25;24
20230716.gml.geo,primary,hotspot,775,0x1.fc54bbf95d1abp-11,25;30;26,25;26
20230716.gml.geo,primary,hotspot,776,0x1.fc54bbf95d1abp-11,25;30;27,25;27
20230716.gml.geo,primary,hotspot,777,0x1.fc54bbf95d1abp-11,25;30;28,25;28
20230716.gml.geo,primary,hotspot,778,0x1.fc54bbf95d1abp-11,25;30;29,25;29
20230716.gml.geo,primary,hotspot,779,0x1.0f5d5ab916c14p-8,25;30,25
20230716.gml.geo,primary,hotspot,780,0x1.fc54bbf95d1abp-11,26;30;0,26;0
20230716.gml.geo,primary,hotspot,781,0x1.fc54bbf95d1abp-11,26;30;1,26;1
20230716.gml.geo,primary,hotspot,782,0x1.fc54bbf95d1abp-11,26;30;2,26;2
20230716.gml.geo,primary,hotspot,783,0x1.fc54bbf95d1abp-11,26;30;3,26;3
20230716.gml.geo,primary,hotspot,784,0x1.fc54bbf95d1abp-11,26;30;4,26;4
20230716.gml.geo,primary,hotspot,785,0x1.fc54bbf95d1abp-11,26;30;5,26;5
20230716.gml.geo,primary,hotspot,786,0x1.fc54bbf95d1abp-11,26;30;6,26;6
20230716.gml.geo,primary,hotspot,787,0x1.fc54bbf95d1abp-11,26;30;7,26;7
20230716.gml.geo,primary,hotspot,788,0x1.fc54bbf95d1abp-11,26;30;8,26;8
20230716.gml.geo,primary,hotspot,789,0x1.fc54bbf95d1abp-11,26;30;9,26;9
20230716.gml.geo,primary,hotspot,790,0x1.fc54bbf95d1abp-11,26;30;10,26;10
20230716.gml.geo,primary,hotspot,791,0x1.fc54bbf95d1abp-11,26;30;11,26;11
20230716.gml.geo,primary,hotspot,792,0x1.fc54bbf95d1abp-11,26;30;12,26;12
20230716.gml.geo,primary,hotspot,793,0x1.fc54bbf95d1abp-11,26;30;13,26;13
20230716.gml.geo,primary,hotspot,794,0x1.fc54bbf95d1abp-11,26;30;14,26;14
20230716.gml.geo,primary,hotspot,795,0x1.fc54bbf95d1abp-11,26;30;15,26;15
20230716.gml.geo,primary,hotspot,796,0x1.fc54bbf95d1abp-11,26;30;16,26;16
20230716.gml.geo,primary,hotspot,797,0x1.fc54bbf95d1abp-11,26;30;17,26;17
20230716.gml.geo,primary,hotspot,798,0x1.fc54bbf95d1abp-11,26;30;18,26;18
20230716.gml.geo,primary,hotspot,799,0x1.fc54bbf95d1abp-11,26;30;19,26;19
20230716.gml.geo,primary,hotspot,800,0x1.fc54bbf95d1abp-11,26;30;20,26;20
20230716.gml.geo,primary,hotspot,801,0x1.fc54bbf95d1abp-11,26;30;21,26;21
20230716.gml.geo,primary,hotspot,802,0x1.fc54bbf95d1abp-11,26;30;22,26;22
20230716.gml.geo,primary,hotspot,803,0x1.fc54bbf95d1abp-11,26;30;23,26;23
20230716.gml.geo,primary,hotspot,804,0x1.fc54bbf95d1abp-11,26;30;24,26;24
20230716.gml.geo,primary,hotspot,805,0x1.fc54bbf95d1abp-11,26;30;25,26;25
20230716.gml.geo,primary,hotspot,806,0x1.fc54bbf95d1abp-11,26;30;27,26;27
20230716.gml.geo,primary,hotspot,807,0x1.fc54bbf95d1abp-11,26;30;28,26;28
20230716.gml.geo,primary,hotspot,808,0x1.fc54bbf95d1abp-11,26;30;29,26;29
20230716.gml.geo,primary,hotspot,809,0x1.0f5d5ab916c14p-8,26;30,26
20230716.gml.geo,primary,hotspot,810,0x1.fc54bbf95d1abp-11,27;30;0,27;0
20230716.gml.geo,primary,hotspot,811,0x1.fc54bbf95d1abp-11,27;30;1,27;1
20230716.gml.geo,primary,hotspot,812,0x1.fc54bbf95d1abp-11,27;30;2,27;2
20230716.gml.geo,primary,hotspot,813,0x1.fc54bbf95d1abp-11,27;30;3,27;3
20230716.gml.geo,primary,hotspot,814,0x1.fc54bbf95d1abp-11,27;30;4,27;4
20230716.gml.geo,primary,hotspot,815,0x1.fc54bbf95d1abp-11,27;30;5,27;5
20230716.gml.geo,primary,hotspot,816,0x1.fc54bbf95d1abp-11,27;30;6,27;6
20230716.gml.geo,primary,hotspot,817,0x1.fc54bbf95d1abp-11,27;30;7,27;7
20230716.gml.geo,primary,hotspot,818,0x1.fc54bbf95d1abp-11,27;30;8,27;8
20230716.gml.geo,primary,hotspot,819,0x1.fc54bbf95d1abp-11,27;30;9,27;9
20230716.gml.geo,primary,hotspot,820,0x1.fc54bbf95d1abp-11,27;30;10,27;10
20230716.gml.geo,primary,hotspot,821,0x1.fc54bbf95d1abp-11,27;30;11,27;11
20230716.gml.geo,primary,hotspot,822,0x1.fc54bbf95d1abp-11,27;30;12,27;12
20230716.gml.geo,primary,hotspot,823,0x1.fc54bbf95d1abp-11,27;30;13,27;13
20230716.gml.geo,primary,hotspot,824,0x1.fc54bbf95d1abp-11,27;30;14,27;14
20230716.gml.geo,primary,hotspot,825,0x1.fc54bbf95d1abp-11,27;30;15,27;15
20230716.gml.geo,primary,hotspot,826,0x1.fc54bbf95d1abp-11,27;30;16,27;16
20230716.gml.geo,primary,hotspot,827,0x1.fc54bbf95d1abp-11,27;30;17,27;17
20230716.gml.geo,primary,hotspot,828,0x1.fc54bbf95d1abp-11,27;30;18,27;18
20230716.gml.geo,primary,hotspot,829,0x1.fc54bbf95d1abp-11,27;30;19,27;19
20230716.gml.geo,primary,hotspot,830,0x1.fc54bbf95d1abp-11,27;30;20,27;20
20230716.gml.geo,primary,hotspot,831,0x1.fc54bbf95d1abp-11,27;30;21,27;21
20230716.gml.geo,primary,hotspot,832,0x1.fc54bbf95d1abp-11,27;30;22,27;22
20230716.gml.geo,primary,hotspot,833,0x1.fc54bbf95d1abp-11,27;30;23,27;23
20230716.gml.geo,primary,hotspot,834,0x1.fc54bbf95d1abp-11,27;30;24,27;24
20230716.gml.geo,primary,hotspot,835,0x1.fc54bbf95d1abp-11,27;30;25,27;25
20230716.gml.geo,primary,hotspot,836,0x1.fc54bbf95d1abp-11,27;30;26,27;26
20230716.gml.geo,primary,hotspot,837,0x1.fc54bbf95d1abp-11,27;30;28,27;28
20230716.gml.geo,primary,hotspot,838,0x1.fc54bbf95d1abp-11,27;30;29,27;29
20230716.gml.geo,primary,hotspot,839,0x1.0f5d5ab916c14p-8,27;30,27
20230716.gml.geo,primary,hotspot,840,0x1.fc54bbf95d1abp-11,28;30;0,28;0
20230716.gml.geo,primary,hotspot,841,0x1.fc54bbf95d1abp-11,28;30;1,28;1
20230716.gml.geo,primary,hotspot,842,0x1.fc54bbf95d1abp-11,28;30;2,28;2
20230716.gml.geo,primary,hotspot,843,0x1.fc54bbf95d1abp-11,28;30;3,28;3
20230716.gml.geo,primary,hotspot,844,0x1.fc54bbf95d1abp-11,28;30;4,28;4
20230716.gml.geo,primary,hotspot,845,0x1.fc54bbf95d1abp-11,28;30;5,28;5
20230716.gml.geo,primary,hotspot,846,0x1.fc54bbf95d1abp-11,28;30;6,28;6
20230716.gml.geo,primary,hotspot,847,0x1.fc54bbf95d1abp-11,28;30;7,28;7
20230716.gml.geo,primary,hotspot,848,0x1.fc54bbf95d1abp-11,28;30;8,28;8
20230716.gml.geo,primary,hotspot,849,0x1.fc54bbf95d1abp-11,28;30;9,28;9
20230716.gml.geo,primary,hotspot,850,0x1.fc54bbf95d1abp-11,28;30;10,28;10
20230716.gml.geo,primary,hotspot,851,0x1.fc54bbf95d1abp-11,28;30;11,28;11
20230716.gml.geo,primary,hotspot,852,0x1.fc54bbf95d1abp-11,28;30;12,28;12
20230716.gml.geo,primary,hotspot,853,0x1.fc54bbf95d1abp-11,28;30;13,28;13
20230716.gml.geo,primary,hotspot,854,0x1.fc54bbf95d1abp-11,28;30;14,28;14
20230716.gml.geo,primary,hotspot,855,0x1.fc54bbf95d1abp-11,28;30;15,28;15
20230716.gml.geo,primary,hotspot,856,0x1.fc54bbf95d1abp-11,28;30;16,28;16
20230716.gml.geo,primary,hotspot,857,0x1.fc54bbf95d1abp-11,28;30;17,28;17
20230716.gml.geo,primary,hotspot,858,0x1.fc54bbf95d1abp-11,28;30;18,28;18
20230716.gml.geo,primary,hotspot,859,0x1.fc54bbf95d1abp-11,28;30;19,28;19
20230716.gml.geo,primary,hotspot,860,0x1.fc54bbf95d1abp-11,28;30;20,28;20
20230716.gml.geo,primary,hotspot,861,0x1.fc54bbf95d1abp-11,28;30;21,28;21
20230716.gml.geo,primary,hotspot,862,0x1.fc54bbf95d1abp-11,28;30;22,28;22
20230716.gml.geo,primary,hotspot,863,0x1.fc54bbf95d1abp-11,28;30;23,28;23
20230716.gml.geo,primary,hotspot,864,0x1.fc54bbf95d1abp-11,28;30;24,28;24
20230716.gml.geo,primary,hotspot,865,0x1.fc54bbf95d1abp-11,28;30;25,28;25
20230716.gml.geo,primary,hotspot,866,0x1.fc54bbf95d1abp-11,28;30;26,28;26
20230716.gml.geo,primary,hotspot,867,0x1.fc54bbf95d1abp-11,28;30;27,28;27
20230716.gml.geo,primary,hotspot,868,0x1.fc54bbf95d1abp-11,28;30;29,28;29
20230716.gml.geo,primary,hotspot,869,0x1.0f5d5ab916c14p-8,28;30,28
20230716.gml.geo,primary,hotspot,870,0x1.fc54bbf95d1abp-11,29;30;0,29;0
20230716.gml.geo,primary,hotspot,871,0x1.fc54bbf95d1abp-11,29;30;1,29;1
20230716.gml.geo,primary,hotspot,872,0x1.fc54bbf95d1abp-11,29;30;2,29;2
20230716.gml.geo,primary,hotspot,873,0x1.fc54bbf95d1abp-11,29;30;3,29;3
20230716.gml.geo,primary,hotspot,874,0x1.fc54bbf95d1abp-11,29;30;4,29;4
20230716.gml.geo,primary,hotspot,875,0x1.fc54bbf95d1abp-11,29;30;5,29;5
20230716.gml.geo,primary,hotspot,876,0x1.fc54bbf95d1abp-11,29;30;6,29;6
20230716.gml.geo,primary,hotspot,877,0x1.fc54bbf95d1abp-11,29;30;7,29;7
20230716.gml.geo,primary,hotspot,878,0x1.fc54bbf95d1abp-11,29;30;8,29;8
20230716.gml.geo,primary,hotspot,879,0x1.fc54bbf95d1abp-11,29;30;9,29;9
20230716.gml.geo,primary,hotspot,880,0x1.fc54bbf95d1abp-11,29;30;10,29;10
20230716.gml.geo,primary,hotspot,881,0x1.fc54bbf95d1abp-11,29;30;11,29;11
20230716.gml.geo,primary,hotspot,882,0x1.fc54bbf95d1abp-11,29;30;12,29;12
20230716.gml.geo,primary,hotspot,883,0x1.fc54bbf95d1abp-11,29;30;13,29;13
20230716.gml.geo,primary,hotspot,884,0x1.fc54bbf95d1abp-11,29;30;14,29;14
20230716.gml.geo,primary,hotspot,885,0x1.fc54bbf95d1abp-11,29;30;15,29;15
20230716.gml.geo,primary,hotspot,886,0x1.fc54bbf95d1abp-11,29;30;16,29;16
20230716.gml.geo,primary,hotspot,887,0x1.fc54bbf95d1abp-11,29;30;17,29;17
20230716.gml.geo,primary,hotspot,888,0x1.fc54bbf95d1abp-11,29;30;18,29;18
20230716.gml.geo,primary,hotspot,889,0x1.fc54bbf95d1abp-11,29;30;19,29;19
20230716.gml.geo,primary,hotspot,890,0x1.fc54bbf95d1abp-11,29;30;20,29;20
20230716.gml.geo,primary,hotspot,891,0x1.fc54bbf95d1abp-11,29;30;21,29;21
20230716.gml.geo,primary,hotspot,892,0x1.fc54bbf95d1abp-11,29;30;22,29;22
20230716.gml.geo,primary,hotspot,893,0x1.fc54bbf95d1abp-11,29;30;23,29;23
20230716.gml.geo,primary,hotspot,894,0x1.fc54bbf95d1abp-11,29;30;24,29;24
20230716.gml.geo,primary,hotspot,895,0x1.fc54bbf95d1abp-11,29;30;25,29;25
20230716.gml.geo,primary,hotspot,896,0x1.fc54bbf95d1abp-11,29;30;26,29;26
20230716.gml.geo,primary,hotspot,897,0x1.fc54bbf95d1abp-11,29;30;27,29;27
20230716.gml.geo,primary,hotspot,898,0x1.fc54bbf95d1abp-11,29;30;28,29;28
20230716.gml.geo,primary,hotspot,899,0x1.0f5d5ab916c14p-8,29;30,29
20230716.gml.geo,primary,hotspot,900,0x1.19e0119e0119ep-10,30;0,0
20230716.gml.geo,primary,hotspot,901,0x1.19e0119e0119ep-10,30;1,1
20230716.gml.geo,primary,hotspot,902,0x1.19e0119e0119ep-10,30;2,2
20230716.gml.geo,primary,hotspot,903,0x1.19e0119e0119ep-10,30;3,3
20230716.gml.geo,primary,hotspot,904,0x1.19e0119e0119ep-10,30;4,4
20230716.gml.geo,primary,hotspot,905,0x1.19e0119e0119ep-10,30;5,5
20230716.gml.geo,primary,hotspot,906,0x1.19e0119e0119ep-10,30;6,6
20230716.gml.geo,primary,hotspot,907,0x1.19e0119e0119ep-10,30;7,7
20230716.gml.geo,primary,hotspot,908,0x1.19e0119e0119ep-10,30;8,8
20230716.gml.geo,primary,hotspot,909,0x1.19e0119e0119ep-10,30;9,9
20230716.gml.geo,primary,hotspot,910,0x1.19e0119e0119ep-10,30;10,10
20230716.gml.geo,primary,hotspot,911,0x1.19e0119e0119ep-10,30;11,11
20230716.gml.geo,primary,hotspot,912,0x1.19e0119e0119ep-10,30;12,12
20230716.gml.geo,primary,hotspot,913,0x1.19e0119e0119ep-10,30;13,13
20230716.gml.geo,primary,hotspot,914,0x1.19e0119e0119ep-10,30;14,14
20230716.gml.geo,primary,hotspot,915,0x1.19e0119e0119ep-10,30;15,15
20230716.gml.geo,primary,hotspot,916,0x1.19e0119e0119ep-10,30;16,16
20230716.gml.geo,primary,hotspot,917,0x1.19e0119e0119ep-10,30;17,17
20230716.gml.geo,primary,hotspot,918,0x1.19e0119e0119ep-10,30;18,18
20230716.gml.geo,primary,hotspot,919,0x1.19e0119e0119ep-10,30;19,19
20230716.gml.geo,primary,hotspot,920,0x1.19e0119e0119ep-10,30;20,20
20230716.gml.geo,primary,hotspot,921,0x1.19e0119e0119ep-10,30;21,21
20230716.gml.geo,primary,hotspot,922,0x1.19e0119e0119ep-10,30;22,22
20230716.gml.geo,primary,hotspot,923,0x1.19e0119e0119ep-10,30;23,23
20230716.gml.geo,primary,hotspot,924,0x1.19e0119e0119ep-10,30;24,24
20230716.gml.geo,primary,hotspot,925,0x1.19e0119e0119ep-10,30;25,25
20230716.gml.geo,primary,hotspot,926,0x1.19e0119e0119ep-10,30;26,26
20230716.gml.geo,primary,hotspot,927,0x1.19e0119e0119ep-10,30;27,27
20230716.gml.geo,primary,hotspot,928,0x1.19e0119e0119ep-10,30;28,28
20230716.gml.geo,primary,hotspot,929,0x1.19e0119e0119ep-10,30;29,29
20230716.gml.geo,hub,uniform,0,0x1.19e0119e0119ep-10,0;30;1,0;1
20230716.gml.geo,hub,uniform,1,0x1.19e0119e0119ep-10,0;30;2,0;2
20230716.gml.geo,hub,uniform,2,0x1.19e0119e0119ep-10,0;30;3,0;3
20230716.gml.geo,hub,uniform,3,0x1.19e0119e0119ep-10,0;30;4,0;4
20230716.gml.geo,hub,uniform,4,0x1.19e0119e0119ep-10,0;30;5,0;5
20230716.gml.geo,hub,uniform,5,0x1.19e0119e0119ep-10,0;30;6,0;6
20230716.gml.geo,hub,uniform,6,0x1.19e0119e0119ep-10,0;30;7,0;7
20230716.gml.geo,hub,uniform,7,0x1.19e0119e0119ep-10,0;30;8,0;8
20230716.gml.geo,hub,uniform,8,0x1.19e0119e0119ep-10,0;30;9,0;9
20230716.gml.geo,hub,uniform,9,0x1.19e0119e0119ep-10,0;30;10,0;10
20230716.gml.geo,hub,uniform,10,0x1.19e0119e0119ep-10,0;30;11,0;11
20230716.gml.geo,hub,uniform,11,0x1.19e0119e0119ep-10,0;30;12,0;12
20230716.gml.geo,hub,uniform,12,0x1.19e0119e0119ep-10,0;30;13,0;13
20230716.gml.geo,hub,uniform,13,0x1.19e0119e0119ep-10,0;30;14,0;14
20230716.gml.geo,hub,uniform,14,0x1.19e0119e0119ep-10,0;30;15,0;16
20230716.gml.geo,hub,uniform,15,0x1.19e0119e0119ep-10,0;30;16,0;17
20230716.gml.geo,hub,uniform,16,0x1.19e0119e0119ep-10,0;30;17,0;18
20230716.gml.geo,hub,uniform,17,0x1.19e0119e0119ep-10,0;30;18,0;19
20230716.gml.geo,hub,uniform,18,0x1.19e0119e0119ep-10,0;30;19,0;20
20230716.gml.geo,hub,uniform,19,0x1.19e0119e0119ep-10,0;30;20,0;21
20230716.gml.geo,hub,uniform,20,0x1.19e0119e0119ep-10,0;30;21,0;22
20230716.gml.geo,hub,uniform,21,0x1.19e0119e0119ep-10,0;30;22,0;23
20230716.gml.geo,hub,uniform,22,0x1.19e0119e0119ep-10,0;30;23,0;24
20230716.gml.geo,hub,uniform,23,0x1.19e0119e0119ep-10,0;30;24,0;25
20230716.gml.geo,hub,uniform,24,0x1.19e0119e0119ep-10,0;30;25,0;26
20230716.gml.geo,hub,uniform,25,0x1.19e0119e0119ep-10,0;30;26,0;27
20230716.gml.geo,hub,uniform,26,0x1.19e0119e0119ep-10,0;30;27,0;28
20230716.gml.geo,hub,uniform,27,0x1.19e0119e0119ep-10,0;30;28,0;29
20230716.gml.geo,hub,uniform,28,0x1.19e0119e0119ep-10,0;30;29,0;30
20230716.gml.geo,hub,uniform,29,0x1.19e0119e0119ep-10,0;30,0
20230716.gml.geo,hub,uniform,30,0x1.19e0119e0119ep-10,1;30;0,1;0
20230716.gml.geo,hub,uniform,31,0x1.19e0119e0119ep-10,1;30;2,1;2
20230716.gml.geo,hub,uniform,32,0x1.19e0119e0119ep-10,1;30;3,1;3
20230716.gml.geo,hub,uniform,33,0x1.19e0119e0119ep-10,1;30;4,1;4
20230716.gml.geo,hub,uniform,34,0x1.19e0119e0119ep-10,1;30;5,1;5
20230716.gml.geo,hub,uniform,35,0x1.19e0119e0119ep-10,1;30;6,1;6
20230716.gml.geo,hub,uniform,36,0x1.19e0119e0119ep-10,1;30;7,1;7
20230716.gml.geo,hub,uniform,37,0x1.19e0119e0119ep-10,1;30;8,1;8
20230716.gml.geo,hub,uniform,38,0x1.19e0119e0119ep-10,1;30;9,1;9
20230716.gml.geo,hub,uniform,39,0x1.19e0119e0119ep-10,1;30;10,1;10
20230716.gml.geo,hub,uniform,40,0x1.19e0119e0119ep-10,1;30;11,1;11
20230716.gml.geo,hub,uniform,41,0x1.19e0119e0119ep-10,1;30;12,1;12
20230716.gml.geo,hub,uniform,42,0x1.19e0119e0119ep-10,1;30;13,1;13
20230716.gml.geo,hub,uniform,43,0x1.19e0119e0119ep-10,1;30;14,1;14
20230716.gml.geo,hub,uniform,44,0x1.19e0119e0119ep-10,1;30;15,1;16
20230716.gml.geo,hub,uniform,45,0x1.19e0119e0119ep-10,1;30;16,1;17
20230716.gml.geo,hub,uniform,46,0x1.19e0119e0119ep-10,1;30;17,1;18
20230716.gml.geo,hub,uniform,47,0x1.19e0119e0119ep-10,1;30;18,1;19
20230716.gml.geo,hub,uniform,48,0x1.19e0119e0119ep-10,1;30;19,1;20
20230716.gml.geo,hub,uniform,49,0x1.19e0119e0119ep-10,1;30;20,1;21
20230716.gml.geo,hub,uniform,50,0x1.19e0119e0119ep-10,1;30;21,1;22
20230716.gml.geo,hub,uniform,51,0x1.19e0119e0119ep-10,1;30;22,1;23
20230716.gml.geo,hub,uniform,52,0x1.19e0119e0119ep-10,1;30;23,1;24
20230716.gml.geo,hub,uniform,53,0x1.19e0119e0119ep-10,1;30;24,1;25
20230716.gml.geo,hub,uniform,54,0x1.19e0119e0119ep-10,1;30;25,1;26
20230716.gml.geo,hub,uniform,55,0x1.19e0119e0119ep-10,1;30;26,1;27
20230716.gml.geo,hub,uniform,56,0x1.19e0119e0119ep-10,1;30;27,1;28
20230716.gml.geo,hub,uniform,57,0x1.19e0119e0119ep-10,1;30;28,1;29
20230716.gml.geo,hub,uniform,58,0x1.19e0119e0119ep-10,1;30;29,1;30
20230716.gml.geo,hub,uniform,59,0x1.19e0119e0119ep-10,1;30,1
20230716.gml.geo,hub,uniform,60,0x1.19e0119e0119ep-10,2;30;0,2;0
20230716.gml.geo,hub,uniform,61,0x1.19e0119e0119ep-10,2;30;1,2;1
20230716.gml.geo,hub,uniform,62,0x1.19e0119e0119ep-10,2;30;3,2;3
20230716.gml.geo,hub,uniform,63,0x1.19e0119e0119ep-10,2;30;4,2;4
20230716.gml.geo,hub,uniform,64,0x1.19e0119e0119ep-10,2;30;5,2;5
20230716.gml.geo,hub,uniform,65,0x1.19e0119e0119ep-10,2;30;6,2;6
20230716.gml.geo,hub,uniform,66,0x1.19e0119e0119ep-10,2;30;7,2;7
20230716.gml.geo,hub,uniform,67,0x1.19e0119e0119ep-10,2;30;8,2;8
20230716.gml.geo,hub,uniform,68,0x1.19e0119e0119ep-10,2;30;9,2;9
20230716.gml.geo,hub,uniform,69,0x1.19e0119e0119ep-10,2;30;10,2;10
20230716.gml.geo,hub,uniform,70,0x1.19e0119e0119ep-10,2;30;11,2;11
20230716.gml.geo,hub,uniform,71,0x1.19e0119e0119ep-10,2;30;12,2;12
20230716.gml.geo,hub,uniform,72,0x1.19e0119e0119ep-10,2;30;13,2;13
20230716.gml.geo,hub,uniform,73,0x1.19e0119e0119ep-10,2;30;14,2;14
20230716.gml.geo,hub,uniform,74,0x1.19e0119e0119ep-10,2;30;15,2;16
20230716.gml.geo,hub,uniform,75,0x1.19e0119e0119ep-10,2;30;16,2;17
20230716.gml.geo,hub,uniform,76,0x1.19e0119e0119ep-10,2;30;17,2;18
20230716.gml.geo,hub,uniform,77,0x1.19e0119e0119ep-10,2;30;18,2;19
20230716.gml.geo,hub,uniform,78,0x1.19e0119e0119ep-10,2;30;19,2;20
20230716.gml.geo,hub,uniform,79,0x1.19e0119e0119ep-10,2;30;20,2;21
20230716.gml.geo,hub,uniform,80,0x1.19e0119e0119ep-10,2;30;21,2;22
20230716.gml.geo,hub,uniform,81,0x1.19e0119e0119ep-10,2;30;22,2;23
20230716.gml.geo,hub,uniform,82,0x1.19e0119e0119ep-10,2;30;23,2;24
20230716.gml.geo,hub,uniform,83,0x1.19e0119e0119ep-10,2;30;24,2;25
20230716.gml.geo,hub,uniform,84,0x1.19e0119e0119ep-10,2;30;25,2;26
20230716.gml.geo,hub,uniform,85,0x1.19e0119e0119ep-10,2;30;26,2;27
20230716.gml.geo,hub,uniform,86,0x1.19e0119e0119ep-10,2;30;27,2;28
20230716.gml.geo,hub,uniform,87,0x1.19e0119e0119ep-10,2;30;28,2;29
20230716.gml.geo,hub,uniform,88,0x1.19e0119e0119ep-10,2;30;29,2;30
20230716.gml.geo,hub,uniform,89,0x1.19e0119e0119ep-10,2;30,2
20230716.gml.geo,hub,uniform,90,0x1.19e0119e0119ep-10,3;30;0,3;0
20230716.gml.geo,hub,uniform,91,0x1.19e0119e0119ep-10,3;30;1,3;1
20230716.gml.geo,hub,uniform,92,0x1.19e0119e0119ep-10,3;30;2,3;2
20230716.gml.geo,hub,uniform,93,0x1.19e0119e0119ep-10,3;30;4,3;4
20230716.gml.geo,hub,uniform,94,0x1.19e0119e0119ep-10,3;30;5,3;5
20230716.gml.geo,hub,uniform,95,0x1.19e0119e0119ep-10,3;30;6,3;6
20230716.gml.geo,hub,uniform,96,0x1.19e0119e0119ep-10,3;30;7,3;7
20230716.gml.geo,hub,uniform,97,0x1.19e0119e0119ep-10,3;30;8,3;8
20230716.gml.geo,hub,uniform,98,0x1.19e0119e0119ep-10,3;30;9,3;9
20230716.gml.geo,hub,uniform,99,0x1.19e0119e0119ep-10,3;30;10,3;10
20230716.gml.geo,hub,uniform,100,0x1.19e0119e0119ep-10,3;30;11,3;11
20230716.gml.geo,hub,uniform,101,0x1.19e0119e0119ep-10,3;30;12,3;12
20230716.gml.geo,hub,uniform,102,0x1.19e0119e0119ep-10,3;30;13,3;13
20230716.gml.geo,hub,uniform,103,0x1.19e0119e0119ep-10,3;30;14,3;14
20230716.gml.geo,hub,uniform,104,0x1.19e0119e0119ep-10,3;30;15,3;16
20230716.gml.geo,hub,uniform,105,0x1.19e0119e0119ep-10,3;30;16,3;17
20230716.gml.geo,hub,uniform,106,0x1.19e0119e0119ep-10,3;30;17,3;18
20230716.gml.geo,hub,uniform,107,0x1.19e0119e0119ep-10,3;30;18,3;19
20230716.gml.geo,hub,uniform,108,0x1.19e0119e0119ep-10,3;30;19,3;20
20230716.gml.geo,hub,uniform,109,0x1.19e0119e0119ep-10,3;30;20,3;21
20230716.gml.geo,hub,uniform,110,0x1.19e0119e0119ep-10,3;30;21,3;22
20230716.gml.geo,hub,uniform,111,0x1.19e0119e0119ep-10,3;30;22,3;23
20230716.gml.geo,hub,uniform,112,0x1.19e0119e0119ep-10,3;30;23,3;24
20230716.gml.geo,hub,uniform,113,0x1.19e0119e0119ep-10,3;30;24,3;25
20230716.gml.geo,hub,uniform,114,0x1.19e0119e0119ep-10,3;30;25,3;26
20230716.gml.geo,hub,uniform,115,0x1.19e0119e0119ep-10,3;30;26,3;27
20230716.gml.geo,hub,uniform,116,0x1.19e0119e0119ep-10,3;30;27,3;28
20230716.gml.geo,hub,uniform,117,0x1.19e0119e0119ep-10,3;30;28,3;29
20230716.gml.geo,hub,uniform,118,0x1.19e0119e0119ep-10,3;30;29,3;30
20230716.gml.geo,hub,uniform,119,0x1.19e0119e0119ep-10,3;30,3
20230716.gml.geo,hub,uniform,120,0x1.19e0119e0119ep-10,4;30;0,4;0
20230716.gml.geo,hub,uniform,121,0x1.19e0119e0119ep-10,4;30;1,4;1
20230716.gml.geo,hub,uniform,122,0x1.19e0119e0119ep-10,4;30;2,4;2
20230716.gml.geo,hub,uniform,123,0x1.19e0119e0119ep-10,4;30;3,4;3
20230716.gml.geo,hub,uniform,124,0x1.19e0119e0119ep-10,4;30;5,4;5
20230716.gml.geo,hub,uniform,125,0x1.19e0119e0119ep-10,4;30;6,4;6
20230716.gml.geo,hub,uniform,126,0x1.19e0119e0119ep-10,4;30;7,4;7
20230716.gml.geo,hub,uniform,127,0x1.19e0119e0119ep-10,4;30;8,4;8
20230716.gml.geo,hub,uniform,128,0x1.19e0119e0119ep-10,4;30;9,4;9
20230716.gml.geo,hub,uniform,129,0x1.19e0119e0119ep-10,4;30;10,4;10
20230716.gml.geo,hub,uniform,130,0x1.19e0119e0119ep-10,4;30;11,4;11
20230716.gml.geo,hub,uniform,131,0x1.19e0119e0119ep-10,4;30;12,4;12
20230716.gml.geo,hub,uniform,132,0x1.19e0119e0119ep-10,4;30;13,4;13
20230716.gml.geo,hub,uniform,133,0x1.19e0119e0119ep-10,4;30;14,4;14
20230716.gml.geo,hub,uniform,134,0x1.19e0119e0119ep-10,4;30;15,4;16
20230716.gml.geo,hub,uniform,135,0x1.19e0119e0119ep-10,4;30;16,4;17
20230716.gml.geo,hub,uniform,136,0x1.19e0119e0119ep-10,4;30;17,4;18
20230716.gml.geo,hub,uniform,137,0x1.19e0119e0119ep-10,4;30;18,4;19
20230716.gml.geo,hub,uniform,138,0x1.19e0119e0119ep-10,4;30;19,4;20
20230716.gml.geo,hub,uniform,139,0x1.19e0119e0119ep-10,4;30;20,4;21
20230716.gml.geo,hub,uniform,140,0x1.19e0119e0119ep-10,4;30;21,4;22
20230716.gml.geo,hub,uniform,141,0x1.19e0119e0119ep-10,4;30;22,4;23
20230716.gml.geo,hub,uniform,142,0x1.19e0119e0119ep-10,4;30;23,4;24
20230716.gml.geo,hub,uniform,143,0x1.19e0119e0119ep-10,4;30;24,4;25
20230716.gml.geo,hub,uniform,144,0x1.19e0119e0119ep-10,4;30;25,4;26
20230716.gml.geo,hub,uniform,145,0x1.19e0119e0119ep-10,4;30;26,4;27
20230716.gml.geo,hub,uniform,146,0x1.19e0119e0119ep-10,4;30;27,4;28
20230716.gml.geo,hub,uniform,147,0x1.19e0119e0119ep-10,4;30;28,4;29
20230716.gml.geo,hub,uniform,148,0x1.19e0119e0119ep-10,4;30;29,4;30
20230716.gml.geo,hub,uniform,149,0x1.19e0119e0119ep-10,4;30,4
20230716.gml.geo,hub,uniform,150,0x1.19e0119e0119ep-10,5;30;0,5;0
20230716.gml.geo,hub,uniform,151,0x1.19e0119e0119ep-10,5;30;1,5;1
20230716.gml.geo,hub,uniform,152,0x1.19e0119e0119ep-10,5;30;2,5;2
20230716.gml.geo,hub,uniform,153,0x1.19e0119e0119ep-10,5;30;3,5;3
20230716.gml.geo,hub,uniform,154,0x1.19e0119e0119ep-10,5;30;4,5;4
20230716.gml.geo,hub,uniform,155,0x1.19e0119e0119ep-10,5;30;6,5;6
20230716.gml.geo,hub,uniform,156,0x1.19e0119e0119ep-10,5;30;7,5;7
20230716.gml.geo,hub,uniform,157,0x1.19e0119e0119ep-10,5;30;8,5;8
20230716.gml.geo,hub,uniform,158,0x1.19e0119e0119ep-10,5;30;9,5;9
20230716.gml.geo,hub,uniform,159,0x1.19e0119e0119ep-10,5;30;10,5;10
20230716.gml.geo,hub,uniform,160,0x1.19e0119e0119ep-10,5;30;11,5;11
20230716.gml.geo,hub,uniform,161,0x1.19e0119e0119ep-10,5;30;12,5;12
20230716.gml.geo,hub,uniform,162,0x1.19e0119e0119ep-10,5;30;13,5;13
20230716.gml.geo,hub,uniform,163,0x1.19e0119e0119ep-10,5;30;14,5;14
20230716.gml.geo,hub,uniform,164,0x1.19e0119e0119ep-10,5;30;15,5;16
20230716.gml.geo,hub,uniform,165,0x1.19e0119e0119ep-10,5;30;16,5;17
20230716.gml.geo,hub,uniform,166,0x1.19e0119e0119ep-10,5;30;17,5;18
20230716.gml.geo,hub,uniform,167,0x1.19e0119e0119ep-10,5;30;18,5;19
20230716.gml.geo,hub,uniform,168,0x1.19e0119e0119ep-10,5;30;19,5;20
20230716.gml.geo,hub,uniform,169,0x1.19e0119e0119ep-10,5;30;20,5;21
20230716.gml.geo,hub,uniform,170,0x1.19e0119e0119ep-10,5;30;21,5;22
20230716.gml.geo,hub,uniform,171,0x1.19e0119e0119ep-10,5;30;22,5;23
20230716.gml.geo,hub,uniform,172,0x1.19e0119e0119ep-10,5;30;23,5;24
20230716.gml.geo,hub,uniform,173,0x1.19e0119e0119ep-10,5;30;24,5;25
20230716.gml.geo,hub,uniform,174,0x1.19e0119e0119ep-10,5;30;25,5;26
20230716.gml.geo,hub,uniform,175,0x1.19e0119e0119ep-10,5;30;26,5;27
20230716.gml.geo,hub,uniform,176,0x1.19e0119e0119ep-10,5;30;27,5;28
20230716.gml.geo,hub,uniform,177,0x1.19e0119e0119ep-10,5;30;28,5;29
20230716.gml.geo,hub,uniform,178,0x1.19e0119e0119ep-10,5;30;29,5;30
20230716.gml.geo,hub,uniform,179,0x1.19e0119e0119ep-10,5;30,5
20230716.gml.geo,hub,uniform,180,0x1.19e0119e0119ep-10,6;30;0,6;0
20230716.gml.geo,hub,uniform,181,0x1.19e0119e0119ep-10,6;30;1,6;1
20230716.gml.geo,hub,uniform,182,0x1.19e0119e0119ep-10,6;30;2,6;2
20230716.gml.geo,hub,uniform,183,0x1.19e0119e0119ep-10,6;30;3,6;3
20230716.gml.geo,hub,uniform,184,0x1.19e0119e0119ep-10,6;30;4,6;4
20230716.gml.geo,hub,uniform,185,0x1.19e0119e0119ep-10,6;30;5,6;5
20230716.gml.geo,hub,uniform,186,0x1.19e0119e0119ep-10,6;30;7,6;7
20230716.gml.geo,hub,uniform,187,0x1.19e0119e0119ep-10,6;30;8,6;8
20230716.gml.geo,hub,uniform,188,0x1.19e0119e0119ep-10,6;30;9,6;9
20230716.gml.geo,hub,uniform,189,0x1.19e0119e0119ep-10,6;30;10,6;10
20230716.gml.geo,hub,uniform,190,0x1.19e0119e0119ep-10,6;30;11,6;11
20230716.gml.geo,hub,uniform,191,0x1.19e0119e0119ep-10,6;30;12,6;12
20230716.gml.geo,hub,uniform,192,0x1.19e0119e0119ep-10,6;30;13,6;13
20230716.gml.geo,hub,uniform,193,0x1.19e0119e0119ep-10,6;30;14,6;14
20230716.gml.geo,hub,uniform,194,0x1.19e0119e0119ep-10,6;30;15,6;16
20230716.gml.geo,hub,uniform,195,0x1.19e0119e0119ep-10,6;30;16,6;17
20230716.gml.geo,hub,uniform,196,0x1.19e0119e0119ep-10,6;30;17,6;18
20230716.gml.geo,hub,uniform,197,0x1.19e0119e0119ep-10,6;30;18,6;19
20230716.gml.geo,hub,uniform,198,0x1.19e0119e0119ep-10,6;30;19,6;20
20230716.gml.geo,hub,uniform,199,0x1.19e0119e0119ep-10,6;30;20,6;21
20230716.gml.geo,hub,uniform,200,0x1.19e0119e0119ep-10,6;30;21,6;22
20230716.gml.geo,hub,uniform,201,0x1.19e0119e0119ep-10,6;30;22,6;23
20230716.gml.geo,hub,uniform,202,0x1.19e0119e0119ep-10,6;30;23,6;24
20230716.gml.geo,hub,uniform,203,0x1.19e0119e0119ep-10,6;30;24,6;25
20230716.gml.geo,hub,uniform,204,0x1.19e0119e0119ep-10,6;30;25,6;26
20230716.gml.geo,hub,uniform,205,0x1.19e0119e0119ep-10,6;30;26,6;27
20230716.gml.geo,hub,uniform,206,0x1.19e0119e0119ep-10,6;30;27,6;28
20230716.gml.geo,hub,uniform,207,0x1.19e0119e0119ep-10,6;30;28,6;29
20230716.gml.geo,hub,uniform,208,0x1.19e0119e0119ep-10,6;30;29,6;30
20230716.gml.geo,hub,uniform,209,0x1.19e0119e0119ep-10,6;30,6
20230716.gml.geo,hub,uniform,210,0x1.19e0119e0119ep-10,7;30;0,7;0
20230716.gml.geo,hub,uniform,211,0x1.19e0119e0119ep-10,7;30;1,7;1
20230716.gml.geo,hub,uniform,212,0x1.19e0119e0119ep-10,7;30;2,7;2
20230716.gml.geo,hub,uniform,213,0x1.19e0119e0119ep-10,7;30;3,7;3
20230716.gml.geo,hub,uniform,214,0x1.19e0119e0119ep-10,7;30;4,7;4
20230716.gml.geo,hub,uniform,215,0x1.19e0119e0119ep-10,7;30;5,7;5
20230716.gml.geo,hub,uniform,216,0x1.19e0119e0119ep-10,7;30;6,7;6
20230716.gml.geo,hub,uniform,217,0x1.19e0119e0119ep-10,7;30;8,7;8
20230716.gml.geo,hub,uniform,218,0x1.19e0119e0119ep-10,7;30;9,7;9
20230716.gml.geo,hub,uniform,219,0x1.19e0119e0119ep-10,7;30;10,7;10
20230716.gml.geo,hub,uniform,220,0x1.19e0119e0119ep-10,7;30;11,7;11
20230716.gml.geo,hub,uniform,221,0x1.19e0119e0119ep-10,7;30;12,7;12
20230716.gml.geo,hub,uniform,222,0x1.19e0119e0119ep-10,7;30;13,7;13
20230716.gml.geo,hub,uniform,223,0x1.19e0119e0119ep-10,7;30;14,7;14
20230716.gml.geo,hub,uniform,224,0x1.19e0119e0119ep-10,7;30;15,7;16
20230716.gml.geo,hub,uniform,225,0x1.19e0119e0119ep-10,7;30;16,7;17
20230716.gml.geo,hub,uniform,226,0x1.19e0119e0119ep-10,7;30;17,7;18
20230716.gml.geo,hub,uniform,227,0x1.19e0119e0119ep-10,7;30;18,7;19
20230716.gml.geo,hub,uniform,228,0x1.19e0119e0119ep-10,7;30;19,7;20
20230716.gml.geo,hub,uniform,229,0x1.19e0119e0119ep-10,7;30;20,7;21
20230716.gml.geo,hub,uniform,230,0x1.19e0119e0119ep-10,7;30;21,7;22
20230716.gml.geo,hub,uniform,231,0x1.19e0119e0119ep-10,7;30;22,7;23
20230716.gml.geo,hub,uniform,232,0x1.19e0119e0119ep-10,7;30;23,7;24
20230716.gml.geo,hub,uniform,233,0x1.19e0119e0119ep-10,7;30;24,7;25
20230716.gml.geo,hub,uniform,234,0x1.19e0119e0119ep-10,7;30;25,7;26
20230716.gml.geo,hub,uniform,235,0x1.19e0119e0119ep-10,7;30;26,7;27
20230716.gml.geo,hub,uniform,236,0x1.19e0119e0119ep-10,7;30;27,7;28
20230716.gml.geo,hub,uniform,237,0x1.19e0119e0119ep-10,7;30;28,7;29
20230716.gml.geo,hub,uniform,238,0x1.19e0119e0119ep-10,7;30;29,7;30
20230716.gml.geo,hub,uniform,239,0x1.19e0119e0119ep-10,7;30,7
20230716.gml.geo,hub,uniform,240,0x1.19e0119e0119ep-10,8;30;0,8;0
20230716.gml.geo,hub,uniform,241,0x1.19e0119e0119ep-10,8;30;1,8;1
20230716.gml.geo,hub,uniform,242,0x1.19e0119e0119ep-10,8;30;2,8;2
20230716.gml.geo,hub,uniform,243,0x1.19e0119e0119ep-10,8;30;3,8;3
20230716.gml.geo,hub,uniform,244,0x1.19e0119e0119ep-10,8;30;4,8;4
20230716.gml.geo,hub,uniform,245,0x1.19e0119e0119ep-10,8;30;5,8;5
20230716.gml.geo,hub,uniform,246,0x1.19e0119e0119ep-10,8;30;6,8;6
20230716.gml.geo,hub,uniform,247,0x1.19e0119e0119ep-10,8;30;7,8;7
20230716.gml.geo,hub,uniform,248,0x1.19e0119e0119ep-10,8;30;9,8;9
20230716.gml.geo,hub,uniform,249,0x1.19e0119e0119ep-10,8;30;10,8;10
20230716.gml.geo,hub,uniform,250,0x1.19e0119e0119ep-10,8;30;11,8;11
20230716.gml.geo,hub,uniform,251,0x1.19e0119e0119ep-10,8;30;12,8;12
20230716.gml.geo,hub,uniform,252,0x1.19e0119e0119ep-10,8;30;13,8;13
20230716.gml.geo,hub,uniform,253,0x1.19e0119e0119ep-10,8;30;14,8;14
20230716.gml.geo,hub,uniform,254,0x1.19e0119e0119ep-10,8;30;15,8;16
20230716.gml.geo,hub,uniform,255,0x1.19e0119e0119ep-10,8;30;16,8;17
20230716.gml.geo,hub,uniform,256,0x1.19e0119e0119ep-10,8;30;17,8;18
20230716.gml.geo,hub,uniform,257,0x1.19e0119e0119ep-10,8;30;18,8;19
20230716.gml.geo,hub,uniform,258,0x1.19e0119e0119ep-10,8;30;19,8;20
20230716.gml.geo,hub,uniform,259,0x1.19e0119e0119ep-10,8;30;20,8;21
20230716.gml.geo,hub,uniform,260,0x1.19e0119e0119ep-10,8;30;21,8;22
20230716.gml.geo,hub,uniform,261,0x1.19e0119e0119ep-10,8;30;22,8;23
20230716.gml.geo,hub,uniform,262,0x1.19e0119e0119ep-10,8;30;23,8;24
20230716.gml.geo,hub,uniform,263,0x1.19e0119e0119ep-10,8;30;24,8;25
20230716.gml.geo,hub,uniform,264,0x1.19e0119e0119ep-10,8;30;25,8;26
20230716.gml.geo,hub,uniform,265,0x1.19e0119e0119ep-10,8;30;26,8;27
20230716.gml.geo,hub,uniform,266,0x1.19e0119e0119ep-10,8;30;27,8;28
20230716.gml.geo,hub,uniform,267,0x1.19e0119e0119ep-10,8;30;28,8;29
20230716.gml.geo,hub,uniform,268,0x1.19e0119e0119ep-10,8;30;29,8;30
20230716.gml.geo,hub,uniform,269,0x1.19e0119e0119ep-10,8;30,8
20230716.gml.geo,hub,uniform,270,0x1.19e0119e0119ep-10,9;30;0,9;0
20230716.gml.geo,hub,uniform,271,0x1.19e0119e0119ep-10,9;30;1,9;1
20230716.gml.geo,hub,uniform,272,0x1.19e0119e0119ep-10,9;30;2,9;2
20230716.gml.geo,hub,uniform,273,0x1.19e0119e0119ep-10,9;30;3,9;3
20230716.gml.geo,hub,uniform,274,0x1.19e0119e0119ep-10,9;30;4,9;4
20230716.gml.geo,hub,uniform,275,0x1.19e0119e0119ep-10,9;30;5,9;5
20230716.gml.geo,hub,uniform,276,0x1.19e0119e0119ep-10,9;30;6,9;6
20230716.gml.geo,hub,uniform,277,0x1.19e0119e0119ep-10,9;30;7,9;7
20230716.gml.geo,hub,uniform,278,0x1.19e0119e0119ep-10,9;30;8,9;8
20230716.gml.geo,hub,uniform,279,0x1.19e0119e0119ep-10,9;30;10,9;10
20230716.gml.geo,hub,uniform,280,0x1.19e0119e0119ep-10,9;30;11,9;11
20230716.gml.geo,hub,uniform,281,0x1.19e0119e0119ep-10,9;30;12,9;12
20230716.gml.geo,hub,uniform,282,0x1.19e0119e0119ep-10,9;30;13,9;13
20230716.gml.geo,hub,uniform,283,0x1.19e0119e0119ep-10,9;30;14,9;14
20230716.gml.geo,hub,uniform,284,0x1.19e0119e0119ep-10,9;30;15,9;16
20230716.gml.geo,hub,uniform,285,0x1.19e0119e0119ep-10,9;30;16,9;17
20230716.gml.geo,hub,uniform,286,0x1.19e0119e0119ep-10,9;30;17,9;18
20230716.gml.geo,hub,uniform,287,0x1.19e0119e0119ep-10,9;30;18,9;19
20230716.gml.geo,hub,uniform,288,0x1.19e0119e0119ep-10,9;30;19,9;20
20230716.gml.geo,hub,uniform,289,0x1.19e0119e0119ep-10,9;30;20,9;21
20230716.gml.geo,hub,uniform,290,0x1.19e0119e0119ep-10,9;30;21,9;22
20230716.gml.geo,hub,uniform,291,0x1.19e0119e0119ep-10,9;30;22,9;23
20230716.gml.geo,hub,uniform,292,0x1.19e0119e0119ep-10,9;30;23,9;24
20230716.gml.geo,hub,uniform,293,0x1.19e0119e0119ep-10,9;30;24,9;25
20230716.gml.geo,hub,uniform,294,0x1.19e0119e0119ep-10,9;30;25,9;26
20230716.gml.geo,hub,uniform,295,0x1.19e0119e0119ep-10,9;30;26,9;27
20230716.gml.geo,hub,uniform,296,0x1.19e0119e0119ep-10,9;30;27,9;28
20230716.gml.geo,hub,uniform,297,0x1.19e0119e0119ep-10,9;30;28,9;29
20230716.gml.geo,hub,uniform,298,0x1.19e0119e0119ep-10,9;30;29,9;30
20230716.gml.geo,hub,uniform,299,0x1.19e0119e0119ep-10,9;30,9
20230716.gml.geo,hub,uniform,300,0x1.19e0119e0119ep-10,10;30;0,10;0
20230716.gml.geo,hub,uniform,301,0x1.19e0119e0119ep-10,10;30;1,10;1
20230716.gml.geo,hub,uniform,302,0x1.19e0119e0119ep-10,10;30;2,10;2
20230716.gml.geo,hub,uniform,303,0x1.19e0119e0119ep-10,10;30;3,10;3
20230716.gml.geo,hub,uniform,304,0x1.19e0119e0119ep-10,10;30;4,10;4
20230716.gml.geo,hub,uniform,305,0x1.19e0119e0119ep-10,10;30;5,10;5
20230716.gml.geo,hub,uniform,306,0x1.19e0119e0119ep-10,10;30;6,10;6
20230716.gml.geo,hub,uniform,307,0x1.19e0119e0119ep-10,10;30;7,10;7
20230716.gml.geo,hub,uniform,308,0x1.19e0119e0119ep-10,10;30;8,10;8
20230716.gml.geo,hub,uniform,309,0x1.19e0119e0119ep-10,10;30;9,10;9
20230716.gml.geo,hub,uniform,310,0x1.19e0119e0119ep-10,10;30;11,10;11
20230716.gml.geo,hub,uniform,311,0x1.19e0119e0119ep-10,10;30;12,10;12
20230716.gml.geo,hub,uniform,312,0x1.19e0119e0119ep-10,10;30;13,10;13
20230716.gml.geo,hub,uniform,313,0x1.19e0119e0119ep-10,10;30;14,10;14
20230716.gml.geo,hub,uniform,314,0x1.19e0119e0119ep-10,10;30;15,10;16
20230716.gml.geo,hub,uniform,315,0x1.19e0119e0119ep-10,10;30;16,10;17
20230716.gml.geo,hub,uniform,316,0x1.19e0119e0119ep-10,10;30;17,10;18
20230716.gml.geo,hub,uniform,317,0x1.19e0119e0119ep-10,10;30;18,10;19
20230716.gml.geo,hub,uniform,318,0x1.19e0119e0119ep-10,10;30;19,10;20
20230716.gml.geo,hub,uniform,319,0x1.19e0119e0119ep-10,10;30;20,10;21
20230716.gml.geo,hub,uniform,320,0x1.19e0119e0119ep-10,10;30;21,10;22
20230716.gml.geo,hub,uniform,321,0x1.19e0119e0119ep-10,10;30;22,10;23
20230716.gml.geo,hub,uniform,322,0x1.19e0119e0119ep-10,10;30;23,10;24
20230716.gml.geo,hub,uniform,323,0x1.19e0119e0119ep-10,10;30;24,10;25
20230716.gml.geo,hub,uniform,324,0x1.19e0119e0119ep-10,10;30;25,10;26
20230716.gml.geo,hub,uniform,325,0x1.19e0119e0119ep-10,10;30;26,10;27
20230716.gml.geo,hub,uniform,326,0x1.19e0119e0119ep-10,10;30;27,10;28
20230716.gml.geo,hub,uniform,327,0x1.19e0119e0119ep-10,10;30;28,10;29
20230716.gml.geo,hub,uniform,328,0x1.19e0119e0119ep-10,10;30;29,10;30
20230716.gml.geo,hub,uniform,329,0x1.19e0119e0119ep-10,10;30,10
20230716.gml.geo,hub,uniform,330,0x1.19e0119e0119ep-10,11;30;0,11;0
20230716.gml.geo,hub,uniform,331,0x1.19e0119e0119ep-10,11;30;1,11;1
20230716.gml.geo,hub,uniform,332,0x1.19e0119e0119ep-10,11;30;2,11;2
20230716.gml.geo,hub,uniform,333,0x1.19e0119e0119ep-10,11;30;3,11;3
20230716.gml.geo,hub,uniform,334,0x1.19e0119e0119ep-10,11;30;4,11;4
20230716.gml.geo,hub,uniform,335,0x1.19e0119e0119ep-10,11;30;5,11;5
20230716.gml.geo,hub,uniform,336,0x1.19e0119e0119ep-10,11;30;6,11;6
20230716.gml.geo,hub,uniform,337,0x1.19e0119e0119ep-10,11;30;7,11;7
20230716.gml.geo,hub,uniform,338,0x1.19e0119e0119ep-10,11;30;8,11;8
20230716.gml.geo,hub,uniform,339,0x1.19e0119e0119ep-10,11;30;9,11;9
20230716.gml.geo,hub,uniform,340,0x1.19e0119e0119ep-10,11;30;10,11;10
20230716.gml.geo,hub,uniform,341,0x1.19e0119e0119ep-10,11;30;12,11;12
20230716.gml.geo,hub,uniform,342,0x1.19e0119e0119ep-10,11;30;13,11;13
20230716.gml.geo,hub,uniform,343,0x1.19e0119e0119ep-10,11;30;14,11;14
20230716.gml.geo,hub,uniform,344,0x1.19e0119e0119ep-10,11;30;15,11;16
20230716.gml.geo,hub,uniform,345,0x1.19e0119e0119ep-10,11;30;16,11;17
20230716.gml.geo,hub,uniform,346,0x1.19e0119e0119ep-10,11;30;17,11;18
20230716.gml.geo,hub,uniform,347,0x1.19e0119e0119ep-10,11;30;18,11;19
20230716.gml.geo,hub,uniform,348,0x1.19e0119e0119ep-10,11;30;19,11;20
20230716.gml.geo,hub,uniform,349,0x1.19e0119e0119ep-10,11;30;20,11;21
20230716.gml.geo,hub,uniform,350,0x1.19e0119e0119ep-10,11;30;21,11;22
20230716.gml.geo,hub,uniform,351,0x1.19e0119e0119ep-10,11;30;22,11;23
20230716.gml.geo,hub,uniform,352,0x1.19e0119e0119ep-10,11;30;23,11;24
20230716.gml.geo,hub,uniform,353,0x1.19e0119e0119ep-10,11;30;24,11;25
20230716.gml.geo,hub,uniform,354,0x1.19e0119e0119ep-10,11;30;25,11;26
20230716.gml.geo,hub,uniform,355,0x1.19e0119e0119ep-10,11;30;26,11;27
20230716.gml.geo,hub,uniform,356,0x1.19e0119e0119ep-10,11;30;27,11;28
20230716.gml.geo,hub,uniform,357,0x1.19e0119e0119ep-10,11;30;28,11;29
20230716.gml.geo,hub,uniform,358,0x1.19e0119e0119ep-10,11;30;29,11;30
20230716.gml.geo,hub,uniform,359,0x1.19e0119e0119ep-10,11;30,11
20230716.gml.geo,hub,uniform,360,0x1.19e0119e0119ep-10,12;30;0,12;0
20230716.gml.geo,hub,uniform,361,0x1.19e0119e0119ep-10,12;30;1,12;1
20230716.gml.geo,hub,uniform,362,0x1.19e0119e0119ep-10,12;30;2,12;2
20230716.gml.geo,hub,uniform,363,0x1.19e0119e0119ep-10,12;30;3,12;3
20230716.gml.geo,hub,uniform,364,0x1.19e0119e0119ep-10,12;30;4,12;4
20230716.gml.geo,hub,uniform,365,0x1.19e0119e0119ep-10,12;30;5,12;5
20230716.gml.geo,hub,uniform,366,0x1.19e0119e0119ep-10,12;30;6,12;6
20230716.gml.geo,hub,uniform,367,0x1.19e0119e0119ep-10,12;30;7,12;7
20230716.gml.geo,hub,uniform,368,0x1.19e0119e0119ep-10,12;30;8,12;8
20230716.gml.geo,hub,uniform,369,0x1.19e0119e0119ep-10,12;30;9,12;9
20230716.gml.geo,hub,uniform,370,0x1.19e0119e0119ep-10,12;30;10,12;10
20230716.gml.geo,hub,uniform,371,0x1.19e0119e0119ep-10,12;30;11,12;11
20230716.gml.geo,hub,uniform,372,0x1.19e0119e0119ep-10,12;30;13,12;13
20230716.gml.geo,hub,uniform,373,0x1.19e0119e0119ep-10,12;30;14,12;14
20230716.gml.geo,hub,uniform,374,0x1.19e0119e0119ep-10,12;30;15,12;16
20230716.gml.geo,hub,uniform,375,0x1.19e0119e0119ep-10,12;30;16,12;17
20230716.gml.geo,hub,uniform,376,0x1.19e0119e0119ep-10,12;30;17,12;18
20230716.gml.geo,hub,uniform,377,0x1.19e0119e0119ep-10,12;30;18,12;19
20230716.gml.geo,hub,uniform,378,0x1.19e0119e0119ep-10,12;30;19,12;20
20230716.gml.geo,hub,uniform,379,0x1.19e0119e0119ep-10,12;30;20,12;21
20230716.gml.geo,hub,uniform,380,0x1.19e0119e0119ep-10,12;30;21,12;22
20230716.gml.geo,hub,uniform,381,0x1.19e0119e0119ep-10,12;30;22,12;23
20230716.gml.geo,hub,uniform,382,0x1.19e0119e0119ep-10,12;30;23,12;24
20230716.gml.geo,hub,uniform,383,0x1.19e0119e0119ep-10,12;30;24,12;25
20230716.gml.geo,hub,uniform,384,0x1.19e0119e0119ep-10,12;30;25,12;26
20230716.gml.geo,hub,uniform,385,0x1.19e0119e0119ep-10,12;30;26,12;27
20230716.gml.geo,hub,uniform,386,0x1.19e0119e0119ep-10,12;30;27,12;28
20230716.gml.geo,hub,uniform,387,0x1.19e0119e0119ep-10,12;30;28,12;29
20230716.gml.geo,hub,uniform,388,0x1.19e0119e0119ep-10,12;30;29,12;30
20230716.gml.geo,hub,uniform,389,0x1.19e0119e0119ep-10,12;30,12
20230716.gml.geo,hub,uniform,390,0x1.19e0119e0119ep-10,13;30;0,13;0
20230716.gml.geo,hub,uniform,391,0x1.19e0119e0119ep-10,13;30;1,13;1
20230716.gml.geo,hub,uniform,392,0x1.19e0119e0119ep-10,13;30;2,13;2
20230716.gml.geo,hub,uniform,393,0x1.19e0119e0119ep-10,13;30;3,13;3
20230716.gml.geo,hub,uniform,394,0x1.19e0119e0119ep-10,13;30;4,13;4
20230716.gml.geo,hub,uniform,395,0x1.19e0119e0119ep-10,13;30;5,13;5
20230716.gml.geo,hub,uniform,396,0x1.19e0119e0119ep-10,13;30;6,13;6
20230716.gml.geo,hub,uniform,397,0x1.19e0119e0119ep-10,13;30;7,13;7
20230716.gml.geo,hub,uniform,398,0x1.19e0119e0119ep-10,13;30;8,13;8
20230716.gml.geo,hub,uniform,399,0x1.19e0119e0119ep-10,13;30;9,13;9
20230716.gml.geo,hub,uniform,400,0x1.19e0119e0119ep-10,13;30;10,13;10
20230716.gml.geo,hub,uniform,401,0x1.19e0119e0119ep-10,13;30;11,13;11
20230716.gml.geo,hub,uniform,402,0x1.19e0119e0119ep-10,13;30;12,13;12
20230716.gml.geo,hub,uniform,403,0x1.19e0119e0119ep-10,13;30;14,13;14
20230716.gml.geo,hub,uniform,404,0x1.19e0119e0119ep-10,13;30;15,13;16
20230716.gml.geo,hub,uniform,405,0x1.19e0119e0119ep-10,13;30;16,13;17
20230716.gml.geo,hub,uniform,406,0x1.19e0119e0119ep-10,13;30;17,13;18
20230716.gml.geo,hub,uniform,407,0x1.19e0119e0119ep-10,13;30;18,13;19
20230716.gml.geo,hub,uniform,408,0x1.19e0119e0119ep-10,13;30;19,13;20
20230716.gml.geo,hub,uniform,409,0x1.19e0119e0119ep-10,13;30;20,13;21
20230716.gml.geo,hub,uniform,410,0x1.19e0119e0119ep-10,13;30;21,13;22
20230716.gml.geo,hub,uniform,411,0x1.19e0119e0119ep-10,13;30;22,13;23
20230716.gml.geo,hub,uniform,412,0x1.19e0119e0119ep-10,13;30;23,13;24
20230716.gml.geo,hub,uniform,413,0x1.19e0119e0119ep-10,13;30;24,13;25
20230716.gml.geo,hub,uniform,414,0x1.19e0119e0119ep-10,13;30;25,13;26
20230716.gml.geo,hub,uniform,415,0x1.19e0119e0119ep-10,13;30;26,13;27
20230716.gml.geo,hub,uniform,416,0x1.19e0119e0119ep-10,13;30;27,13;28
20230716.gml.geo,hub,uniform,417,0x1.19e0119e0119ep-10,13;30;28,13;29
20230716.gml.geo,hub,uniform,418,0x1.19e0119e0119ep-10,13;30;29,13;30
20230716.gml.geo,hub,uniform,419,0x1.19e0119e0119ep-10,13;30,13
20230716.gml.geo,hub,uniform,420,0x1.19e0119e0119ep-10,14;30;0,14;0
20230716.gml.geo,hub,uniform,421,0x1.19e0119e0119ep-10,14;30;1,14;1
20230716.gml.geo,hub,uniform,422,0x1.19e0119e0119ep-10,14;30;2,14;2
20230716.gml.geo,hub,uniform,423,0x1.19e0119e0119ep-10,14;30;3,14;3
20230716.gml.geo,hub,uniform,424,0x1.19e0119e0119ep-10,14;30;4,14;4
20230716.gml.geo,hub,uniform,425,0x1.19e0119e0119ep-10,14;30;5,14;5
20230716.gml.geo,hub,uniform,426,0x1.19e0119e0119ep-10,14;30;6,14;6
20230716.gml.geo,hub,uniform,427,0x1.19e0119e0119ep-10,14;30;7,14;7
20230716.gml.geo,hub,uniform,428,0x1.19e0119e0119ep-10,14;30;8,14;8
20230716.gml.geo,hub,uniform,429,0x1.19e0119e0119ep-10,14;30;9,14;9
20230716.gml.geo,hub,uniform,430,0x1.19e0119e0119ep-10,14;30;10,14;10
20230716.gml.geo,hub,uniform,431,0x1.19e0119e0119ep-10,14;30;11,14;11
20230716.gml.geo,hub,uniform,432,0x1.19e0119e0119ep-10,14;30;12,14;12
20230716.gml.geo,hub,uniform,433,0x1.19e0119e0119ep-10,14;30;13,14;13
20230716.gml.geo,hub,uniform,434,0x1.19e0119e0119ep-10,14;30;15,14;16
20230716.gml.geo,hub,uniform,435,0x1.19e0119e0119ep-10,14;30;16,14;17
20230716.gml.geo,hub,uniform,436,0x1.19e0119e0119ep-10,14;30;17,14;18
20230716.gml.geo,hub,uniform,437,0x1.19e0119e0119ep-10,14;30;18,14;19
20230716.gml.geo,hub,uniform,438,0x1.19e0119e0119ep-10,14;30;19,14;20
20230716.gml.geo,hub,uniform,439,0x1.19e0119e0119ep-10,14;30;20,14;21
20230716.gml.geo,hub,uniform,440,0x1.19e0119e0119ep-10,14;30;21,14;22
20230716.gml.geo,hub,uniform,441,0x1.19e0119e0119ep-10,14;30;22,14;23
20230716.gml.geo,hub,uniform,442,0x1.19e0119e0119ep-10,14;30;23,14;24
20230716.gml.geo,hub,uniform,443,0x1.19e0119e0119ep-10,14;30;24,14;25
20230716.gml.geo,hub,uniform,444,0x1.19e0119e0119ep-10,14;30;25,14;26
20230716.gml.geo,hub,uniform,445,0x1.19e0119e0119ep-10,14;30;26,14;27
20230716.gml.geo,hub,uniform,446,0x1.19e0119e0119ep-10,14;30;27,14;28
20230716.gml.geo,hub,uniform,447,0x1.19e0119e0119ep-10,14;30;28,14;29
20230716.gml.geo,hub,uniform,448,0x1.19e0119e0119ep-10,14;30;29,14;30
20230716.gml.geo,hub,uniform,449,0x1.19e0119e0119ep-10,14;30,14
20230716.gml.geo,hub,uniform,450,0x1.19e0119e0119ep-10,15;30;0,16;0
20230716.gml.geo,hub,uniform,451,0x1.19e0119e0119ep-10,15;30;1,16;1
20230716.gml.geo,hub,uniform,452,0x1.19e0119e0119ep-10,15;30;2,16;2
20230716.gml.geo,hub,uniform,453,0x1.19e0119e0119ep-10,15;30;3,16;3
20230716.gml.geo,hub,uniform,454,0x1.19e0119e0119ep-10,15;30;4,16;4
20230716.gml.geo,hub,uniform,455,0x1.19e0119e0119ep-10,15;30;5,16;5
20230716.gml.geo,hub,uniform,456,0x1.19e0119e0119ep-10,15;30;6,16;6
20230716.gml.geo,hub,uniform,457,0x1.19e0119e0119ep-10,15;30;7,16;7
20230716.gml.geo,hub,uniform,458,0x1.19e0119e0119ep-10,15;30;8,16;8
20230716.gml.geo,hub,uniform,459,0x1.19e0119e0119ep-10,15;30;9,16;9
20230716.gml.geo,hub,uniform,460,0x1.19e0119e0119ep-10,15;30;10,16;10
20230716.gml.geo,hub,uniform,461,0x1.19e0119e0119ep-10,15;30;11,16;11
20230716.gml.geo,hub,uniform,462,0x1.19e0119e0119ep-10,15;30;12,16;12
20230716.gml.geo,hub,uniform,463,0x1.19e0119e0119ep-10,15;30;13,16;13
20230716.gml.geo,hub,uniform,464,0x1.19e0119e0119ep-10,15;30;14,16;14
20230716.gml.geo,hub,uniform,465,0x1.19e0119e0119ep-10,15;30;16,16;17
20230716.gml.geo,hub,uniform,466,0x1.19e0119e0119ep-10,15;30;17,16;18
20230716.gml.geo,hub,uniform,467,0x1.19e0119e0119ep-10,15;30;18,16;19
20230716.gml.geo,hub,uniform,468,0x1.19e0119e0119ep-10,15;30;19,16;20
20230716.gml.geo,hub,uniform,469,0x1.19e0119e0119ep-10,15;20,15
20230716.gml.geo,hub,uniform,470,0x1.19e0119e0119ep-10,15;30;21,16;22
20230716.gml.geo,hub,uniform,471,0x1.19e0119e0119ep-10,15;30;22,16;23
20230716.gml.geo,hub,uniform,472,0x1.19e0119e0119ep-10,15;30;23,16;24
20230716.gml.geo,hub,uniform,473,0x1.19e0119e0119ep-10,15;30;24,16;25
20230716.gml.geo,hub,uniform,474,0x1.19e0119e0119ep-10,15;30;25,16;26
20230716.gml.geo,hub,uniform,475,0x1.19e0119e0119ep-10,15;30;26,16;27
20230716.gml.geo,hub,uniform,476,0x1.19e0119e0119ep-10,15;30;27,16;28
20230716.gml.geo,hub,uniform,477,0x1.19e0119e0119ep-10,15;30;28,16;29
20230716.gml.geo,hub,uniform,478,0x1.19e0119e0119ep-10,15;30;29,16;30
20230716.gml.geo,hub,uniform,479,0x1.19e0119e0119ep-10,15;30,16
20230716.gml.geo,hub,uniform,480,0x1.19e0119e0119ep-10,16;30;0,17;0
20230716.gml.geo,hub,uniform,481,0x1.19e0119e0119ep-10,16;30;1,17;1
20230716.gml.geo,hub,uniform,482,0x1.19e0119e0119ep-10,16;30;2,17;2
20230716.gml.geo,hub,uniform,483,0x1.19e0119e0119ep-10,16;30;3,17;3
20230716.gml.geo,hub,uniform,484,0x1.19e0119e0119ep-10,16;30;4,17;4
20230716.gml.geo,hub,uniform,485,0x1.19e0119e0119ep-10,16;30;5,17;5
20230716.gml.geo,hub,uniform,486,0x1.19e0119e0119ep-10,16;30;6,17;6
20230716.gml.geo,hub,uniform,487,0x1.19e0119e0119ep-10,16;30;7,17;7
20230716.gml.geo,hub,uniform,488,0x1.19e0119e0119ep-10,16;30;8,17;8
20230716.gml.geo,hub,uniform,489,0x1.19e0119e0119ep-10,16;30;9,17;9
20230716.gml.geo,hub,uniform,490,0x1.19e0119e0119ep-10,16;30;10,17;10
20230716.gml.geo,hub,uniform,491,0x1.19e0119e0119ep-10,16;30;11,17;11
20230716.gml.geo,hub,uniform,492,0x1.19e0119e0119ep-10,16;30;12,17;12
20230716.gml.geo,hub,uniform,493,0x1.19e0119e0119ep-10,16;30;13,17;13
20230716.gml.geo,hub,uniform,494,0x1.19e0119e0119ep-10,16;30;14,17;14
20230716.gml.geo,hub,uniform,495,0x1.19e0119e0119ep-10,16;30;15,17;16
20230716.gml.geo,hub,uniform,496,0x1.19e0119e0119ep-10,16;30;17,17;18
20230716.gml.geo,hub,uniform,497,0x1.19e0119e0119ep-10,16;30;18,17;19
20230716.gml.geo,hub,uniform,498,0x1.19e0119e0119ep-10,16;30;19,17;20
20230716.gml.geo,hub,uniform,499,0x1.19e0119e0119ep-10,16;30;20,17;21
20230716.gml.geo,hub,uniform,500,0x1.19e0119e0119ep-10,16;30;21,17;22
20230716.gml.geo,hub,uniform,501,0x1.19e0119e0119ep-10,16;30;22,17;23
20230716.gml.geo,hub,uniform,502,0x1.19e0119e0119ep-10,16;30;23,17;24
20230716.gml.geo,hub,uniform,503,0x1.19e0119e0119ep-10,16;30;24,17;25
20230716.gml.geo,hub,uniform,504,0x1.19e0119e0119ep-10,16;30;25,17;26
20230716.gml.geo,hub,uniform,505,0x1.19e0119e0119ep-10,16;30;26,17;27
20230716.gml.geo,hub,uniform,506,0x1.19e0119e0119ep-10,16;30;27,17;28
20230716.gml.geo,hub,uniform,507,0x1.19e0119e0119ep-10,16;30;28,17;29
20230716.gml.geo,hub,uniform,508,0x1.19e0119e0119ep-10,16;30;29,17;30
20230716.gml.geo,hub,uniform,509,0x1.19e0119e0119ep-10,16;30,17
20230716.gml.geo,hub,uniform,510,0x1.19e0119e0119ep-10,17;30;0,18;0
20230716.gml.geo,hub,uniform,511,0x1.19e0119e0119ep-10,17;30;1,18;1
20230716.gml.geo,hub,uniform,512,0x1.19e0119e0119ep-10,17;30;2,18;2
20230716.gml.geo,hub,uniform,513,0x1.19e0119e0119ep-10,17;30;3,18;3
20230716.gml.geo,hub,uniform,514,0x1.19e0119e0119ep-10,17;30;4,18;4
20230716.gml.geo,hub,uniform,515,0x1.19e0119e0119ep-10,17;30;5,18;5
20230716.gml.geo,hub,uniform,516,0x1.19e0119e0119ep-10,17;30;6,18;6
20230716.gml.geo,hub,uniform,517,0x1.19e0119e0119ep-10,17;30;7,18;7
20230716.gml.geo,hub,uniform,518,0x1.19e0119e0119ep-10,17;30;8,18;8
20230716.gml.geo,hub,uniform,519,0x1.19e0119e0119ep-10,17;30;9,18;9
20230716.gml.geo,hub,uniform,520,0x1.19e0119e0119ep-10,17;30;10,18;10
20230716.gml.geo,hub,uniform,521,0x1.19e0119e0119ep-10,17;30;11,18;11
20230716.gml.geo,hub,uniform,522,0x1.19e0119e0119ep-10,17;30;12,18;12
20230716.gml.geo,hub,uniform,523,0x1.19e0119e0119ep-10,17;30;13,18;13
20230716.gml.geo,hub,uniform,524,0x1.19e0119e0119ep-10,17;30;14,18;14
20230716.gml.geo,hub,uniform,525,0x1.19e0119e0119ep-10,17;30;15,18;16
20230716.gml.geo,hub,uniform,526,0x1.19e0119e0119ep-10,17;30;16,18;17
20230716.gml.geo,hub,uniform,527,0x1.19e0119e0119ep-10,17;30;18,18;19
20230716.gml.geo,hub,uniform,528,0x1.19e0119e0119ep-10,17;30;19,18;20
20230716.gml.geo,hub,uniform,529,0x1.19e0119e0119ep-10,17;30;20,18;21
20230716.gml.geo,hub,uniform,530,0x1.19e0119e0119ep-10,17;30;21,18;22
20230716.gml.geo,hub,uniform,531,0x1.19e0119e0119ep-10,17;30;22,18;23
20230716.gml.geo,hub,uniform,532,0x1.19e0119e0119ep-10,17;30;23,18;24
20230716.gml.geo,hub,uniform,533,0x1.19e0119e0119ep-10,17;30;24,18;25
20230716.gml.geo,hub,uniform,534,0x1.19e0119e0119ep-10,17;30;25,18;26
20230716.gml.geo,hub,uniform,535,0x1.19e0119e0119ep-10,17;30;26,18;27
20230716.gml.geo,hub,uniform,536,0x1.19e0119e0119ep-10,17;30;27,18;28
20230716.gml.geo,hub,uniform,537,0x1.19e0119e0119ep-10,17;30;28,18;29
20230716.gml.geo,hub,uniform,538,0x1.19e0119e0119ep-10,17;30;29,18;30
20230716.gml.geo,hub,uniform,539,0x1.19e0119e0119ep-10,17;30,18
20230716.gml.geo,hub,uniform,540,0x1.19e0119e0119ep-10,18;30;0,19;0
20230716.gml.geo,hub,uniform,541,0x1.19e0119e0119ep-10,18;30;1,19;1
20230716.gml.geo,hub,uniform,542,0x1.19e0119e0119ep-10,18;30;2,19;2
20230716.gml.geo,hub,uniform,543,0x1.19e0119e0119ep-10,18;30;3,19;3
20230716.gml.geo,hub,uniform,544,0x1.19e0119e0119ep-10,18;30;4,19;4
20230716.gml.geo,hub,uniform,545,0x1.19e0119e0119ep-10,18;30;5,19;5
20230716.gml.geo,hub,uniform,546,0x1.19e0119e0119ep-10,18;30;6,19;6
20230716.gml.geo,hub,uniform,547,0x1.19e0119e0119ep-10,18;30;7,19;7
20230716.gml.geo,hub,uniform,548,0x1.19e0119e0119ep-10,18;30;8,19;8
20230716.gml.geo,hub,uniform,549,0x1.19e0119e0119ep-10,18;30;9,19;9
20230716.gml.geo,hub,uniform,550,0x1.19e0119e0119ep-10,18;30;10,19;10
20230716.gml.geo,hub,uniform,551,0x1.19e0119e0119ep-10,18;30;11,19;11
20230716.gml.geo,hub,uniform,552,0x1.19e0119e0119ep-10,18;30;12,19;12
20230716.gml.geo,hub,uniform,553,0x1.19e0119e0119ep-10,18;30;13,19;13
20230716.gml.geo,hub,uniform,554,0x1.19e0119e0119ep-10,18;30;14,19;14
20230716.gml.geo,hub,uniform,555,0x1.19e0119e0119ep-10,18;30;15,19;16
20230716.gml.geo,hub,uniform,556,0x1.19e0119e0119ep-10,18;30;16,19;17
20230716.gml.geo,hub,uniform,557,0x1.19e0119e0119ep-10,18;30;17,19;18
20230716.gml.geo,hub,uniform,558,0x1.19e0119e0119ep-10,18;30;19,19;20
20230716.gml.geo,hub,uniform,559,0x1.19e0119e0119ep-10,18;30;20,19;21
20230716.gml.geo,hub,uniform,560,0x1.19e0119e0119ep-10,18;30;21,19;22
20230716.gml.geo,hub,uniform,561,0x1.19e0119e0119ep-10,18;30;22,19;23
20230716.gml.geo,hub,uniform,562,0x1.19e0119e0119ep-10,18;30;23,19;24
20230716.gml.geo,hub,uniform,563,0x1.19e0119e0119ep-10,18;30;24,19;25
20230716.gml.geo,hub,uniform,564,0x1.19e0119e0119ep-10,18;30;25,19;26
20230716.gml.geo,hub,uniform,565,0x1.19e0119e0119ep-10,18;30;26,19;27
20230716.gml.geo,hub,uniform,566,0x1.19e0119e0119ep-10,18;30;27,19;28
20230716.gml.geo,hub,uniform,567,0x1.19e0119e0119ep-10,18;30;28,19;29
20230716.gml.geo,hub,uniform,568,0x1.19e0119e0119ep-10,18;30;29,19;30
20230716.gml.geo,hub,uniform,569,0x1.19e0119e0119ep-10,18;30,19
20230716.gml.geo,hub,uniform,570,0x1.19e0119e0119ep-10,19;30;0,20;0
20230716.gml.geo,hub,uniform,571,0x1.19e0119e0119ep-10,19;30;1,20;1
20230716.gml.geo,hub,uniform,572,0x1.19e0119e0119ep-10,19;30;2,20;2
20230716.gml.geo,hub,uniform,573,0x1.19e0119e0119ep-10,19;30;3,20;3
20230716.gml.geo,hub,uniform,574,0x1.19e0119e0119ep-10,19;30;4,20;4
20230716.gml.geo,hub,uniform,575,0x1.19e0119e0119ep-10,19;30;5,20;5
20230716.gml.geo,hub,uniform,576,0x1.19e0119e0119ep-10,19;30;6,20;6
20230716.gml.geo,hub,uniform,577,0x1.19e0119e0119ep-10,19;30;7,20;7
20230716.gml.geo,hub,uniform,578,0x1.19e0119e0119ep-10,19;30;8,20;8
20230716.gml.geo,hub,uniform,579,0x1.19e0119e0119ep-10,19;30;9,20;9
20230716.gml.geo,hub,uniform,580,0x1.19e0119e0119ep-10,19;30;10,20;10
20230716.gml.geo,hub,uniform,581,0x1.19e0119e0119ep-10,19;30;11,20;11
20230716.gml.geo,hub,uniform,582,0x1.19e0119e0119ep-10,19;30;12,20;12
20230716.gml.geo,hub,uniform,583,0x1.19e0119e0119ep-10,19;30;13,20;13
20230716.gml.geo,hub,uniform,584,0x1.19e0119e0119ep-10,19;30;14,20;14
20230716.gml.geo,hub,uniform,585,0x1.19e0119e0119ep-10,19;30;15,20;16
20230716.gml.geo,hub,uniform,586,0x1.19e0119e0119ep-10,19;30;16,20;17
20230716.gml.geo,hub,uniform,587,0x1.19e0119e0119ep-10,19;30;17,20;18
20230716.gml.geo,hub,uniform,588,0x1.19e0119e0119ep-10,19;30;18,20;19
20230716.gml.geo,hub,uniform,589,0x1.19e0119e0119ep-10,19;30;20,20;21
20230716.gml.geo,hub,uniform,590,0x1.19e0119e0119ep-10,19;30;21,20;22
20230716.gml.geo,hub,uniform,591,0x1.19e0119e0119ep-10,19;30;22,20;23
20230716.gml.geo,hub,uniform,592,0x1.19e0119e0119ep-10,19;30;23,20;24
20230716.gml.geo,hub,uniform,593,0x1.19e0119e0119ep-10,19;30;24,20;25
20230716.gml.geo,hub,uniform,594,0x1.19e0119e0119ep-10,19;30;25,20;26
20230716.gml.geo,hub,uniform,595,0x1.19e0119e0119ep-10,19;30;26,20;27
20230716.gml.geo,hub,uniform,596,0x1.19e0119e0119ep-10,19;30;27,20;28
20230716.gml.geo,hub,uniform,597,0x1.19e0119e0119ep-10,19;30;28,20;29
20230716.gml.geo,hub,uniform,598,0x1.19e0119e0119ep-10,19;30;29,20;30
20230716.gml.geo,hub,uniform,599,0x1.19e0119e0119ep-10,19;30,20
20230716.gml.geo,hub,uniform,600,0x1.19e0119e0119ep-10,20;30;0,21;0
20230716.gml.geo,hub,uniform,601,0x1.19e0119e0119ep-10,20;30;1,21;1
20230716.gml.geo,hub,uniform,602,0x1.19e0119e0119ep-10,20;30;2,21;2
20230716.gml.geo,hub,uniform,603,0x1.19e0119e0119ep-10,20;30;3,21;3
20230716.gml.geo,hub,uniform,604,0x1.19e0119e0119ep-10,20;30;4,21;4
20230716.gml.geo,hub,uniform,605,0x1.19e0119e0119ep-10,20;30;5,21;5
20230716.gml.geo,hub,uniform,606,0x1.19e0119e0119ep-10,20;30;6,21;6
20230716.gml.geo,hub,uniform,607,0x1.19e0119e0119ep-10,20;30;7,21;7
20230716.gml.geo,hub,uniform,608,0x1.19e0119e0119ep-10,20;30;8,21;8
20230716.gml.geo,hub,uniform,609,0x1.19e0119e0119ep-10,20;30;9,21;9
20230716.gml.geo,hub,uniform,610,0x1.19e0119e0119ep-10,20;30;10,21;10
20230716.gml.geo,hub,uniform,611,0x1.19e0119e0119ep-10,20;30;11,21;11
20230716.gml.geo,hub,uniform,612,0x1.19e0119e0119ep-10,20;30;12,21;12
20230716.gml.geo,hub,uniform,613,0x1.19e0119e0119ep-10,20;30;13,21;13
20230716.gml.geo,hub,uniform,614,0x1.19e0119e0119ep-10,20;30;14,21;14
20230716.gml.geo,hub,uniform,615,0x1.19e0119e0119ep-10,20;15,15
20230716.gml.geo,hub,uniform,616,0x1.19e0119e0119ep-10,20;30;16,21;17
20230716.gml.geo,hub,uniform,617,0x1.19e0119e0119ep-10,20;30;17,21;18
20230716.gml.geo,hub,uniform,618,0x1.19e0119e0119ep-10,20;30;18,21;19
20230716.gml.geo,hub,uniform,619,0x1.19e0119e0119ep-10,20;30;19,21;20
20230716.gml.geo,hub,uniform,620,0x1.19e0119e0119ep-10,20;30;21,21;22
20230716.gml.geo,hub,uniform,621,0x1.19e0119e0119ep-10,20;30;22,21;23
20230716.gml.geo,hub,uniform,622,0x1.19e0119e0119ep-10,20;30;23,21;24
20230716.gml.geo,hub,uniform,623,0x1.19e0119e0119ep-10,20;30;24,21;25
20230716.gml.geo,hub,uniform,624,0x1.19e0119e0119ep-10,20;30;25,21;26
20230716.gml.geo,hub,uniform,625,0x1.19e0119e0119ep-10,20;30;26,21;27
20230716.gml.geo,hub,uniform,626,0x1.19e0119e0119ep-10,20;30;27,21;28
20230716.gml.geo,hub,uniform,627,0x1.19e0119e0119ep-10,20;30;28,21;29
20230716.gml.geo,hub,uniform,628,0x1.19e0119e0119ep-10,20;30;29,21;30
20230716.gml.geo,hub,uniform,629,0x1.19e0119e0119ep-10,20;30,21
20230716.gml.geo,hub,uniform,630,0x1.19e0119e0119ep-10,21;30;0,22;0
20230716.gml.geo,hub,uniform,631,0x1.19e0119e0119ep-10,21;30;1,22;1
20230716.gml.geo,hub,uniform,632,0x1.19e0119e0119ep-10,21;30;2,22;2
20230716.gml.geo,hub,uniform,633,0x1.19e0119e0119ep-10,21;30;3,22;3
20230716.gml.geo,hub,uniform,634,0x1.19e0119e0119ep-10,21;30;4,22;4
20230716.gml.geo,hub,uniform,635,0x1.19e0119e0119ep-10,21;30;5,22;5
20230716.gml.geo,hub,uniform,636,0x1.19e0119e0119ep-10,21;30;6,22;6
20230716.gml.geo,hub,uniform,637,0x1.19e0119e0119ep-10,21;30;7,22;7
20230716.gml.geo,hub,uniform,638,0x1.19e0119e0119ep-10,21;30;8,22;8
20230716.gml.geo,hub,uniform,639,0x1.19e0119e0119ep-10,21;30;9,22;9
20230716.gml.geo,hub,uniform,640,0x1.19e0119e0119ep-10,21;30;10,22;10
20230716.gml.geo,hub,uniform,641,0x1.19e0119e0119ep-10,21;30;11,22;11
20230716.gml.geo,hub,uniform,642,0x1.19e0119e0119ep-10,21;30;12,22;12
20230716.gml.geo,hub,uniform,643,0x1.19e0119e0119ep-10,21;30;13,22;13
20230716.gml.geo,hub,uniform,644,0x1.19e0119e0119ep-10,21;30;14,22;14
20230716.gml.geo,hub,uniform,645,0x1.19e0119e0119ep-10,21;30;15,22;16
20230716.gml.geo,hub,uniform,646,0x1.19e0119e0119ep-10,21;30;16,22;17
20230716.gml.geo,hub,uniform,647,0x1.19e0119e0119ep-10,21;30;17,22;18
20230716.gml.geo,hub,uniform,648,0x1.19e0119e0119ep-10,21;30;18,22;19
20230716.gml.geo,hub,uniform,649,0x1.19e0119e0119ep-10,21;30;19,22;20
20230716.gml.geo,hub,uniform,650,0x1.19e0119e0119ep-10,21;30;20,22;21
20230716.gml.geo,hub,uniform,651,0x1.19e0119e0119ep-10,21;30;22,22;23
20230716.gml.geo,hub,uniform,652,0x1.19e0119e0119ep-10,21;30;23,22;24
20230716.gml.geo,hub,uniform,653,0x1.19e0119e0119ep-10,21;30;24,22;25
20230716.gml.geo,hub,uniform,654,0x1.19e0119e0119ep-10,21;30;25,22;26
20230716.gml.geo,hub,uniform,655,0x1.19e0119e0119ep-10,21;30;26,22;27
20230716.gml.geo,hub,uniform,656,0x1.19e0119e0119ep-10,21;30;27,22;28
20230716.gml.geo,hub,uniform,657,0x1.19e0119e0119ep-10,21;30;28,22;29
20230716.gml.geo,hub,uniform,658,0x1.19e0119e0119ep-10,21;30;29,22;30
20230716.gml.geo,hub,uniform,659,0x1.19e0119e0119ep-10,21;30,22
20230716.gml.geo,hub,uniform,660,0x1.19e0119e0119ep-10,22;30;0,23;0
20230716.gml.geo,hub,uniform,661,0x1.19e0119e0119ep-10,22;30;1,23;1
20230716.gml.geo,hub,uniform,662,0x1.19e0119e0119ep-10,22;30;2,23;2
20230716.gml.geo,hub,uniform,663,0x1.19e0119e0119ep-10,22;30;3,23;3
20230716.gml.geo,hub,uniform,664,0x1.19e0119e0119ep-10,22;30;4,23;4
20230716.gml.geo,hub,uniform,665,0x1.19e0119e0119ep-10,22;30;5,23;5
20230716.gml.geo,hub,uniform,666,0x1.19e0119e0119ep-10,22;30;6,23;6
20230716.gml.geo,hub,uniform,667,0x1.19e0119e0119ep-10,22;30;7,23;7
20230716.gml.geo,hub,uniform,668,0x1.19e0119e0119ep-10,22;30;8,23;8
20230716.gml.geo,hub,uniform,669,0x1.19e0119e0119ep-10,22;30;9,23;9
20230716.gml.geo,hub,uniform,670,0x1.19e0119e0119ep-10,22;30;10,23;10
20230716.gml.geo,hub,uniform,671,0x1.19e0119e0119ep-10,22;30;11,23;11
20230716.gml.geo,hub,uniform,672,0x1.19e0119e0119ep-10,22;30;12,23;12
20230716.gml.geo,hub,uniform,673,0x1.19e0119e0119ep-10,22;30;13,23;13
20230716.gml.geo,hub,uniform,674,0x1.19e0119e0119ep-10,22;30;14,23;14
20230716.gml.geo,hub,uniform,675,0x1.19e0119e0119ep-10,22;30;15,23;16
20230716.gml.geo,hub,uniform,676,0x1.19e0119e0119ep-10,22;30;16,23;17
20230716.gml.geo,hub,uniform,677,0x1.19e0119e0119ep-10,22;30;17,23;18
20230716.gml.geo,hub,uniform,678,0x1.19e0119e0119ep-10,22;30;18,23;19
20230716.gml.geo,hub,uniform,679,0x1.19e0119e0119ep-10,22;30;19,23;20
20230716.gml.geo,hub,uniform,680,0x1.19e0119e0119ep-10,22;30;20,23;21
20230716.gml.geo,hub,uniform,681,0x1.19e0119e0119ep-10,22;30;21,23;22
20230716.gml.geo,hub,uniform,682,0x1.19e0119e0119ep-10,22;30;23,23;24
20230716.gml.geo,hub,uniform,683,0x1.19e0119e0119ep-10,22;30;24,23;25
20230716.gml.geo,hub,uniform,684,0x1.19e0119e0119ep-10,22;30;25,23;26
20230716.gml.geo,hub,uniform,685,0x1.19e0119e0119ep-10,22;30;26,23;27
20230716.gml.geo,hub,uniform,686,0x1.19e0119e0119ep-10,22;30;27,23;28
20230716.gml.geo,hub,uniform,687,0x1.19e0119e0119ep-10,22;30;28,23;29
20230716.gml.geo,hub,uniform,688,0x1.19e0119e0119ep-10,22;30;29,23;30
20230716.gml.geo,hub,uniform,689,0x1.19e0119e0119ep-10,22;30,23
20230716.gml.geo,hub,uniform,690,0x1.19e0119e0119ep-10,23;30;0,24;0
20230716.gml.geo,hub,uniform,691,0x1.19e0119e0119ep-10,23;30;1,24;1
20230716.gml.geo,hub,uniform,692,0x1.19e0119e0119ep-10,23;30;2,24;2
20230716.gml.geo,hub,uniform,693,0x1.19e0119e0119ep-10,23;30;3,24;3
20230716.gml.geo,hub,uniform,694,0x1.19e0119e0119ep-10,23;30;4,24;4
20230716.gml.geo,hub,uniform,695,0x1.19e0119e0119ep-10,23;30;5,24;5
20230716.gml.geo,hub,uniform,696,0x1.19e0119e0119ep-10,23;30;6,24;6
20230716.gml.geo,hub,uniform,697,0x1.19e0119e0119ep-10,23;30;7,24;7
20230716.gml.geo,hub,uniform,698,0x1.19e0119e0119ep-10,23;30;8,24;8
20230716.gml.geo,hub,uniform,699,0x1.19e0119e0119ep-10,23;30;9,24;9
20230716.gml.geo,hub,uniform,700,0x1.19e0119e0119ep-10,23;30;10,24;10
20230716.gml.geo,hub,uniform,701,0x1.19e0119e0119ep-10,23;30;11,24;11
20230716.gml.geo,hub,uniform,702,0x1.19e0119e0119ep-10,23;30;12,24;12
20230716.gml.geo,hub,uniform,703,0x1.19e0119e0119ep-10,23;30;13,24;13
20230716.gml.geo,hub,uniform,704,0x1.19e0119e0119ep-10,23;30;14,24;14
20230716.gml.geo,hub,uniform,705,0x1.19e0119e0119ep-10,23;30;15,24;16
20230716.gml.geo,hub,uniform,706,0x1.19e0119e0119ep-10,23;30;16,24;17
20230716.gml.geo,hub,uniform,707,0x1.19e0119e0119ep-10,23;30;17,24;18
20230716.gml.geo,hub,uniform,708,0x1.19e0119e0119ep-10,23;30;18,24;19
20230716.gml.geo,hub,uniform,709,0x1.19e0119e0119ep-10,23;30;19,24;20
20230716.gml.geo,hub,uniform,710,0x1.19e0119e0119ep-10,23;30;20,24;21
20230716.gml.geo,hub,uniform,711,0x1.19e0119e0119ep-10,23;30;21,24;22
20230716.gml.geo,hub,uniform,712,0x1.19e0119e0119ep-10,23;30;22,24;23
20230716.gml.geo,hub,uniform,713,0x1.19e0119e0119ep-10,23;30;24,24;25
20230716.gml.geo,hub,uniform,714,0x1.19e0119e0119ep-10,23;30;25,24;26
20230716.gml.geo,hub,uniform,715,0x1.19e0119e0119ep-10,23;30;26,24;27
20230716.gml.geo,hub,uniform,716,0x1.19e0119e0119ep-10,23;30;27,24;28
20230716.gml.geo,hub,uniform,717,0x1.19e0119e0119ep-10,23;30;28,24;29
20230716.gml.geo,hub,uniform,718,0x1.19e0119e0119ep-10,23;30;29,24;30
20230716.gml.geo,hub,uniform,719,0x1.19e0119e0119ep-10,23;30,24
20230716.gml.geo,hub,uniform,720,0x1.19e0119e0119ep-10,24;30;0,25;0
20230716.gml.geo,hub,uniform,721,0x1.19e0119e0119ep-10,24;30;1,25;1
20230716.gml.geo,hub,uniform,722,0x1.19e0119e0119ep-10,24;30;2,25;2
20230716.gml.geo,hub,uniform,723,0x1.19e0119e0119ep-10,24;30;3,25;3
20230716.gml.geo,hub,uniform,724,0x1.19e0119e0119ep-10,24;30;4,25;4
20230716.gml.geo,hub,uniform,725,0x1.19e0119e0119ep-10,24;30;5,25;5
20230716.gml.geo,hub,uniform,726,0x1.19e0119e0119ep-10,24;30;6,25;6
20230716.gml.geo,hub,uniform,727,0x1.19e0119e0119ep-10,24;30;7,25;7
20230716.gml.geo,hub,uniform,728,0x1.19e0119e0119ep-10,24;30;8,25;8
20230716.gml.geo,hub,uniform,729,0x1.19e0119e0119ep-10,24;30;9,25;9
20230716.gml.geo,hub,uniform,730,0x1.19e0119e0119ep-10,24;30;10,25;10
20230716.gml.geo,hub,uniform,731,0x1.19e0119e0119ep-10,24;30;11,25;11
20230716.gml.geo,hub,uniform,732,0x1.19e0119e0119ep-10,24;30;12,25;12
20230716.gml.geo,hub,uniform,733,0x1.19e0119e0119ep-10,24;30;13,25;13
20230716.gml.geo,hub,uniform,734,0x1.19e0119e0119ep-10,24;30;14,25;14
20230716.gml.geo,hub,uniform,735,0x1.19e0119e0119ep-10,24;30;15,25;16
20230716.gml.geo,hub,uniform,736,0x1.19e0119e0119ep-10,24;30;16,25;17
20230716.gml.geo,hub,uniform,737,0x1.19e0119e0119ep-10,24;30;17,25;18
20230716.gml.geo,hub,uniform,738,0x1.19e0119e0119ep-10,24;30;18,25;19
20230716.gml.geo,hub,uniform,739,0x1.19e0119e0119ep-10,24;30;19,25;20
20230716.gml.geo,hub,uniform,740,0x1.19e0119e0119ep-10,24;30;20,25;21
20230716.gml.geo,hub,uniform,741,0x1.19e0119e0119ep-10,24;30;21,25;22
20230716.gml.geo,hub,uniform,742,0x1.19e0119e0119ep-10,24;30;22,25;23
20230716.gml.geo,hub,uniform,743,0x1.19e0119e0119ep-10,24;30;23,25;24
20230716.gml.geo,hub,uniform,744,0x1.19e0119e0119ep-10,24;30;25,25;26
20230716.gml.geo,hub,uniform,745,0x1.19e0119e0119ep-10,24;30;26,25;27
20230716.gml.geo,hub,uniform,746,0x1.19e0119e0119ep-10,24;30;27,25;28
20230716.gml.geo,hub,uniform,747,0x1.19e0119e0119ep-10,24;30;28,25;29
20230716.gml.geo,hub,uniform,748,0x1.19e0119e0119ep-10,24;30;29,25;30
20230716.gml.geo,hub,uniform,749,0x1.19e0119e0119ep-10,24;30,25
20230716.gml.geo,hub,uniform,750,0x1.19e0119e0119ep-10,25;30;0,26;0
20230716.gml.geo,hub,uniform,751,0x1.19e0119e0119ep-10,25;30;1,26;1
20230716.gml.geo,hub,uniform,752,0x1.19e0119e0119ep-10,25;30;2,26;2
20230716.gml.geo,hub,uniform,753,0x1.19e0119e0119ep-10,25;30;3,26;3
20230716.gml.geo,hub,uniform,754,0x1.19e0119e0119ep-10,25;30;4,26;4
20230716.gml.geo,hub,uniform,755,0x1.19e0119e0119ep-10,25;30;5,26;5
20230716.gml.geo,hub,uniform,756,0x1.19e0119e0119ep-10,25;30;6,26;6
20230716.gml.geo,hub,uniform,757,0x1.19e0119e0119ep-10,25;30;7,26;7
20230716.gml.geo,hub,uniform,758,0x1.19e0119e0119ep-10,25;30;8,26;8
20230716.gml.geo,hub,uniform,759,0x1.19e0119e0119ep-10,25;30;9,26;9
20230716.gml.geo,hub,uniform,760,0x1.19e0119e0119ep-10,25;30;10,26;10
20230716.gml.geo,hub,uniform,761,0x1.19e0119e0119ep-10,25;30;11,26;11
20230716.gml.geo,hub,uniform,762,0x1.19e0119e0119ep-10,25;30;12,26;12
20230716.gml.geo,hub,uniform,763,0x1.19e0119e0119ep-10,25;30;13,26;13
20230716.gml.geo,hub,uniform,764,0x1.19e0119e0119ep-10,25;30;14,26;14
20230716.gml.geo,hub,uniform,765,0x1.19e0119e0119ep-10,25;30;15,26;16
20230716.gml.geo,hub,uniform,766,0x1.19e0119e0119ep-10,25;30;16,26;17
20230716.gml.geo,hub,uniform,767,0x1.19e0119e0119ep-10,25;30;17,26;18
20230716.gml.geo,hub,uniform,768,0x1.19e0119e0119ep-10,25;30;18,26;19
20230716.gml.geo,hub,uniform,769,0x1.19e0119e0119ep-10,25;30;19,26;20
20230716.gml.geo,hub,uniform,770,0x1.19e0119e0119ep-10,25;30;20,26;21
20230716.gml.geo,hub,uniform,771,0x1.19e0119e0119ep-10,25;30;21,26;22
20230716.gml.geo,hub,uniform,772,0x1.19e0119e0119ep-10,25;30;22,26;23
20230716.gml.geo,hub,uniform,773,0x1.19e0119e0119ep-10,25;30;23,26;24
20230716.gml.geo,hub,uniform,774,0x1.19e0119e0119ep-10,25;30;24,26;25
20230716.gml.geo,hub,uniform,775,0x1.19e0119e0119ep-10,25;30;26,26;27
20230716.gml.geo,hub,uniform,776,0x1.19e0119e0119ep-10,25;30;27,26;28
20230716.gml.geo,hub,uniform,777,0x1.19e0119e0119ep-10,25;30;28,26;29
20230716.gml.geo,hub,uniform,778,0x1.19e0119e0119ep-10,25;30;29,26;30
20230716.gml.geo,hub,uniform,779,0x1.19e0119e0119ep-10,25;30,26
20230716.gml.geo,hub,uniform,780,0x1.19e0119e0119ep-10,26;30;0,27;0
20230716.gml.geo,hub,uniform,781,0x1.19e0119e0119ep-10,26;30;1,27;1
20230716.gml.geo,hub,uniform,782,0x1.19e0119e0119ep-10,26;30;2,27;2
20230716.gml.geo,hub,uniform,783,0x1.19e0119e0119ep-10,26;30;3,27;3
20230716.gml.geo,hub,uniform,784,0x1.19e0119e0119ep-10,26;30;4,27;4
20230716.gml.geo,hub,uniform,785,0x1.19e0119e0119ep-10,26;30;5,27;5
20230716.gml.geo,hub,uniform,786,0x1.19e0119e0119ep-10,26;30;6,27;6
20230716.gml.geo,hub,uniform,787,0x1.19e0119e0119ep-10,26;30;7,27;7
20230716.gml.geo,hub,uniform,788,0x1.19e0119e0119ep-10,26;30;8,27;8
20230716.gml.geo,hub,uniform,789,0x1.19e0119e0119ep-10,26;30;9,27;9
20230716.gml.geo,hub,uniform,790,0x1.19e0119e0119ep-10,26;30;10,27;10
20230716.gml.geo,hub,uniform,791,0x1.19e0119e0119ep-10,26;30;11,27;11
20230716.gml.geo,hub,uniform,792,0x1.19e0119e0119ep-10,26;30;12,27;12
20230716.gml.geo,hub,uniform,793,0x1.19e0119e0119ep-10,26;30;13,27;13
20230716.gml.geo,hub,uniform,794,0x1.19e0119e0119ep-10,26;30;14,27;14
20230716.gml.geo,hub,uniform,795,0x1.19e0119e0119ep-10,26;30;15,27;16
20230716.gml.geo,hub,uniform,796,0x1.19e0119e0119ep-10,26;30;16,27;17
20230716.gml.geo,hub,uniform,797,0x1.19e0119e0119ep-10,26;30;17,27;18
20230716.gml.geo,hub,uniform,798,0x1.19e0119e0119ep-10,26;30;18,27;19
20230716.gml.geo,hub,uniform,799,0x1.19e0119e0119ep-10,26;30;19,27;20
20230716.gml.geo,hub,uniform,800,0x1.19e0119e0119ep-10,26;30;20,27;21
20230716.gml.geo,hub,uniform,801,0x1.19e0119e0119ep-10,26;30;21,27;22
20230716.gml.geo,hub,uniform,802,0x1.19e0119e0119ep-10,26;30;22,27;23
20230716.gml.geo,hub,uniform,803,0x1.19e0119e0119ep-10,26;30;23,27;24
20230716.gml.geo,hub,uniform,804,0x1.19e0119e0119ep-10,26;30;24,27;25
20230716.gml.geo,hub,uniform,805,0x1.19e0119e0119ep-10,26;30;25,27;26
20230716.gml.geo,hub,uniform,806,0x1.19e0119e0119ep-10,26;30;27,27;28
20230716.gml.geo,hub,uniform,807,0x1.19e0119e0119ep-10,26;30;28,27;29
20230716.gml.geo,hub,uniform,808,0x1.19e0119e0119ep-10,26;30;29,27;30
20230716.gml.geo,hub,uniform,809,0x1.19e0119e0119ep-10,26;30,27
20230716.gml.geo,hub,uniform,810,0x1.19e0119e0119ep-10,27;30;0,28;0
20230716.gml.geo,hub,uniform,811,0x1.19e0119e0119ep-10,27;30;1,28;1
20230716.gml.geo,hub,uniform,812,0x1.19e0119e0119ep-10,27;30;2,28;2
20230716.gml.geo,hub,uniform,813,0x1.19e0119e0119ep-10,27;30;3,28;3
20230716.gml.geo,hub,uniform,814,0x1.19e0119e0119ep-10,27;30;4,28;4
20230716.gml.geo,hub,uniform,815,0x1.19e0119e0119ep-10,27;30;5,28;5
20230716.gml.geo,hub,uniform,816,0x1.19e0119e0119ep-10,27;30;6,28;6
20230716.gml.geo,hub,uniform,817,0x1.19e0119e0119ep-10,27;30;7,28;7
20230716.gml.geo,hub,uniform,818,0x1.19e0119e0119ep-10,27;30;8,28;8
20230716.gml.geo,hub,uniform,819,0x1.19e0119e0119ep-10,27;30;9,28;9
20230716.gml.geo,hub,uniform,820,0x1.19e0119e0119ep-10,27;30;10,28;10
20230716.gml.geo,hub,uniform,821,0x1.19e0119e0119ep-10,27;30;11,28;11
20230716.gml.geo,hub,uniform,822,0x1.19e0119e0119ep-10,27;30;12,28;12
20230716.gml.geo,hub,uniform,823,0x1.19e0119e0119ep-10,27;30;13,28;13
20230716.gml.geo,hub,uniform,824,0x1.19e0119e0119ep-10,27;30;14,28;14
20230716.gml.geo,hub,uniform,825,0x1.19e0119e0119ep-10,27;30;15,28;16
20230716.gml.geo,hub,uniform,826,0x1.19e0119e0119ep-10,27;30;16,28;17
20230716.gml.geo,hub,uniform,827,0x1.19e0119e0119ep-10,27;30;17,28;18
20230716.gml.geo,hub,uniform,828,0x1.19e0119e0119ep-10,27;30;18,28;19
20230716.gml.geo,hub,uniform,829,0x1.19e0119e0119ep-10,27;30;19,28;20
20230716.gml.geo,hub,uniform,830,0x1.19e0119e0119ep-10,27;30;20,28;21
20230716.gml.geo,hub,uniform,831,0x1.19e0119e0119ep-10,27;30;21,28;22
20230716.gml.geo,hub,uniform,832,0x1.19e0119e0119ep-10,27;30;22,28;23
20230716.gml.geo,hub,uniform,833,0x1.19e0119e0119ep-10,27;30;23,28;24
20230716.gml.geo,hub,uniform,834,0x1.19e0119e0119ep-10,27;30;24,28;25
20230716.gml.geo,hub,uniform,835,0x1.19e0119e0119ep-10,27;30;25,28;26
20230716.gml.geo,hub,uniform,836,0x1.19e0119e0119ep-10,27;30;26,28;27
20230716.gml.geo,hub,uniform,837,0x1.19e0119e0119ep-10,27;30;28,28;29
20230716.gml.geo,hub,uniform,838,0x1.19e0119e0119ep-10,27;30;29,28;30
20230716.gml.geo,hub,uniform,839,0x1.19e0119e0119ep-10,27;30,28
20230716.gml.geo,hub,uniform,840,0x1.19e0119e0119ep-10,28;30;0,29;0
20230716.gml.geo,hub,uniform,841,0x1.19e0119e0119ep-10,28;30;1,29;1
20230716.gml.geo,hub,uniform,842,0x1.19e0119e0119ep-10,28;30;2,29;2
20230716.gml.geo,hub,uniform,843,0x1.19e0119e0119ep-10,28;30;3,29;3
20230716.gml.geo,hub,uniform,844,0x1.19e0119e0119ep-10,28;30;4,29;4
20230716.gml.geo,hub,uniform,845,0x1.19e0119e0119ep-10,28;30;5,29;5
20230716.gml.geo,hub,uniform,846,0x1.19e0119e0119ep-10,28;30;6,29;6
20230716.gml.geo,hub,uniform,847,0x1.19e0119e0119ep-10,28;30;7,29;7
20230716.gml.geo,hub,uniform,848,0x1.19e0119e0119ep-10,28;30;8,29;8
20230716.gml.geo,hub,uniform,849,0x1.19e0119e0119ep-10,28;30;9,29;9
20230716.gml.geo,hub,uniform,850,0x1.19e0119e0119ep-10,28;30;10,29;10
20230716.gml.geo,hub,uniform,851,0x1.19e0119e0119ep-10,28;30;11,29;11
20230716.gml.geo,hub,uniform,852,0x1.19e0119e0119ep-10,28;30;12,29;12
20230716.gml.geo,hub,uniform,853,0x1.19e0119e0119ep-10,28;30;13,29;13
20230716.gml.geo,hub,uniform,854,0x1.19e0119e0119ep-10,28;30;14,29;14
20230716.gml.geo,hub,uniform,855,0x1.19e0119e0119ep-10,28;30;15,29;16
20230716.gml.geo,hub,uniform,856,0x1.19e0119e0119ep-10,28;30;16,29;17
20230716.gml.geo,hub,uniform,857,0x1.19e0119e0119ep-10,28;30;17,29;18
20230716.gml.geo,hub,uniform,858,0x1.19e0119e0119ep-10,28;30;18,29;19
20230716.gml.geo,hub,uniform,859,0x1.19e0119e0119ep-10,28;30;19,29;20
20230716.gml.geo,hub,uniform,860,0x1.19e0119e0119ep-10,28;30;20,29;21
20230716.gml.geo,hub,uniform,861,0x1.19e0119e0119ep-10,28;30;21,29;22
20230716.gml.geo,hub,uniform,862,0x1.19e0119e0119ep-10,28;30;22,29;23
20230716.gml.geo,hub,uniform,863,0x1.19e0119e0119ep-10,28;30;23,29;24
20230716.gml.geo,hub,uniform,864,0x1.19e0119e0119ep-10,28;30;24,29;25
20230716.gml.geo,hub,uniform,865,0x1.19e0119e0119ep-10,28;30;25,29;26
20230716.gml.geo,hub,uniform,866,0x1.19e0119e0119ep-10,28;30;26,29;27
20230716.gml.geo,hub,uniform,867,0x1.19e0119e0119ep-10,28;30;27,29;28
20230716.gml.geo,hub,uniform,868,0x1.19e0119e0119ep-10,28;30;29,29;30
20230716.gml.geo,hub,uniform,869,0x1.19e0119e0119ep-10,28;30,29
20230716.gml.geo,hub,uniform,870,0x1.19e0119e0119ep-10,29;30;0,30;0
20230716.gml.geo,hub,uniform,871,0x1.19e0119e0119ep-10,29;30;1,30;1
20230716.gml.geo,hub,uniform,872,0x1.19e0119e0119ep-10,29;30;2,30;2
20230716.gml.geo,hub,uniform,873,0x1.19e0119e0119ep-10,29;30;3,30;3
20230716.gml.geo,hub,uniform,874,0x1.19e0119e0119ep-10,29;30;4,30;4
20230716.gml.geo,hub,uniform,875,0x1.19e0119e0119ep-10,29;30;5,30;5
20230716.gml.geo,hub,uniform,876,0x1.19e0119e0119ep-10,29;30;6,30;6
20230716.gml.geo,hub,uniform,877,0x1.19e0119e0119ep-10,29;30;7,30;7
20230716.gml.geo,hub,uniform,878,0x1.19e0119e0119ep-10,29;30;8,30;8
20230716.gml.geo,hub,uniform,879,0x1.19e0119e0119ep-10,29;30;9,30;9
20230716.gml.geo,hub,uniform,880,0x1.19e0119e0119ep-10,29;30;10,30;10
20230716.gml.geo,hub,uniform,881,0x1.19e0119e0119ep-10,29;30;11,30;11
20230716.gml.geo,hub,uniform,882,0x1.19e0119e0119ep-10,29;30;12,30;12
20230716.gml.geo,hub,uniform,883,0x1.19e0119e0119ep-10,29;30;13,30;13
20230716.gml.geo,hub,uniform,884,0x1.19e0119e0119ep-10,29;30;14,30;14
20230716.gml.geo,hub,uniform,885,0x1.19e0119e0119ep-10,29;30;15,30;16
20230716.gml.geo,hub,uniform,886,0x1.19e0119e0119ep-10,29;30;16,30;17
20230716.gml.geo,hub,uniform,887,0x1.19e0119e0119ep-10,29;30;17,30;18
20230716.gml.geo,hub,uniform,888,0x1.19e0119e0119ep-10,29;30;18,30;19
20230716.gml.geo,hub,uniform,889,0x1.19e0119e0119ep-10,29;30;19,30;20
20230716.gml.geo,hub,uniform,890,0x1.19e0119e0119ep-10,29;30;20,30;21
20230716.gml.geo,hub,uniform,891,0x1.19e0119e0119ep-10,29;30;21,30;22
20230716.gml.geo,hub,uniform,892,0x1.19e0119e0119ep-10,29;30;22,30;23
20230716.gml.geo,hub,uniform,893,0x1.19e0119e0119ep-10,29;30;23,30;24
20230716.gml.geo,hub,uniform,894,0x1.19e0119e0119ep-10,29;30;24,30;25
20230716.gml.geo,hub,uniform,895,0x1.19e0119e0119ep-10,29;30;25,30;26
20230716.gml.geo,hub,uniform,896,0x1.19e0119e0119ep-10,29;30;26,30;27
20230716.gml.geo,hub,uniform,897,0x1.19e0119e0119ep-10,29;30;27,30;28
20230716.gml.geo,hub,uniform,898,0x1.19e0119e0119ep-10,29;30;28,30;29
20230716.gml.geo,hub,uniform,899,0x1.19e0119e0119ep-10,29;30,30
20230716.gml.geo,hub,uniform,900,0x1.19e0119e0119ep-10,30;0,0
20230716.gml.geo,hub,uniform,901,0x1.19e0119e0119ep-10,30;1,1
20230716.gml.geo,hub,uniform,902,0x1.19e0119e0119ep-10,30;2,2
20230716.gml.geo,hub,uniform,903,0x1.19e0119e0119ep-10,30;3,3
20230716.gml.geo,hub,uniform,904,0x1.19e0119e0119ep-10,30;4,4
20230716.gml.geo,hub,uniform,905,0x1.19e0119e0119ep-10,30;5,5
20230716.gml.geo,hub,uniform,906,0x1.19e0119e0119ep-10,30;6,6
20230716.gml.geo,hub,uniform,907,0x1.19e0119e0119ep-10,30;7,7
20230716.gml.geo,hub,uniform,908,0x1.19e0119e0119ep-10,30;8,8
20230716.gml.geo,hub,uniform,909,0x1.19e0119e0119ep-10,30;9,9
20230716.gml.geo,hub,uniform,910,0x1.19e0119e0119ep-10,30;10,10
20230716.gml.geo,hub,uniform,911,0x1.19e0119e0119ep-10,30;11,11
20230716.gml.geo,hub,uniform,912,0x1.19e0119e0119ep-10,30;12,12
20230716.gml.geo,hub,uniform,913,0x1.19e0119e0119ep-10,30;13,13
20230716.gml.geo,hub,uniform,914,0x1.19e0119e0119ep-10,30;14,14
20230716.gml.geo,hub,uniform,915,0x1.19e0119e0119ep-10,30;15,16
20230716.gml.geo,hub,uniform,916,0x1.19e0119e0119ep-10,30;16,17
20230716.gml.geo,hub,uniform,917,0x1.19e0119e0119ep-10,30;17,18
20230716.gml.geo,hub,uniform,918,0x1.19e0119e0119ep-10,30;18,19
20230716.gml.geo,hub,uniform,919,0x1.19e0119e0119ep-10,30;19,20
20230716.gml.geo,hub,uniform,920,0x1.19e0119e0119ep-10,30;20,21
20230716.gml.geo,hub,uniform,921,0x1.19e0119e0119ep-10,30;21,22
20230716.gml.geo,hub,uniform,922,0x1.19e0119e0119ep-10,30;22,23
20230716.gml.geo,hub,uniform,923,0x1.19e0119e0119ep-10,30;23,24
20230716.gml.geo,hub,uniform,924,0x1.19e0119e0119ep-10,30;24,25
20230716.gml.geo,hub,uniform,925,0x1.19e0119e0119ep-10,30;25,26
20230716.gml.geo,hub,uniform,926,0x1.19e0119e0119ep-10,30;26,27
20230716.gml.geo,hub,uniform,927,0x1.19e0119e0119ep-10,30;27,28
20230716.gml.geo,hub,uniform,928,0x1.19e0119e0119ep-10,30;28,29
20230716.gml.geo,hub,uniform,929,0x1.19e0119e0119ep-10,30;29,30
20230716.gml.geo,hub,hotspot,0,0x1.fa7388923cbb8p-11,0;30;1,0;1
20230716.gml.geo,hub,hotspot,1,0x1.fa7388923cbb8p-11,0;30;2,0;2
20230716.gml.geo,hub,hotspot,2,0x1.fa7388923cbb8p-11,0;30;3,0;3
20230716.gml.geo,hub,hotspot,3,0x1.fa7388923cbb8p-11,0;30;4,0;4
20230716.gml.geo,hub,hotspot,4,0x1.fa7388923cbb8p-11,0;30;5,0;5
20230716.gml.geo,hub,hotspot,5,0x1.fa7388923cbb8p-11,0;30;6,0;6
20230716.gml.geo,hub,hotspot,6,0x1.fa7388923cbb8p-11,0;30;7,0;7
20230716.gml.geo,hub,hotspot,7,0x1.fa7388923cbb8p-11,0;30;8,0;8
20230716.gml.geo,hub,hotspot,8,0x1.fa7388923cbb8p-11,0;30;9,0;9
20230716.gml.geo,hub,hotspot,9,0x1.fa7388923cbb8p-11,0;30;10,0;10
20230716.gml.geo,hub,hotspot,10,0x1.fa7388923cbb8p-11,0;30;11,0;11
20230716.gml.geo,hub,hotspot,11,0x1.fa7388923cbb8p-11,0;30;12,0;12
20230716.gml.geo,hub,hotspot,12,0x1.fa7388923cbb8p-11,0;30;13,0;13
20230716.gml.geo,hub,hotspot,13,0x1.fa7388923cbb8p-11,0;30;14,0;14
20230716.gml.geo,hub,hotspot,14,0x1.18f37a7a3bda0p-10,0;30;15,0;16
20230716.gml.geo,hub,hotspot,15,0x1.fa7388923cbb8p-11,0;30;16,0;17
20230716.gml.geo,hub,hotspot,16,0x1.fa7388923cbb8p-11,0;30;17,0;18
20230716.gml.geo,hub,hotspot,17,0x1.fa7388923cbb8p-11,0;30;18,0;19
20230716.gml.geo,hub,hotspot,18,0x1.fa7388923cbb8p-11,0;30;19,0;20
20230716.gml.geo,hub,hotspot,19,0x1.18f37a7a3bda0p-10,0;30;20,0;21
20230716.gml.geo,hub,hotspot,20,0x1.fa7388923cbb8p-11,0;30;21,0;22
20230716.gml.geo,hub,hotspot,21,0x1.fa7388923cbb8p-11,0;30;22,0;23
20230716.gml.geo,hub,hotspot,22,0x1.fa7388923cbb8p-11,0;30;23,0;24
20230716.gml.geo,hub,hotspot,23,0x1.fa7388923cbb8p-11,0;30;24,0;25
20230716.gml.geo,hub,hotspot,24,0x1.fa7388923cbb8p-11,0;30;25,0;26
20230716.gml.geo,hub,hotspot,25,0x1.fa7388923cbb8p-11,0;30;26,0;27
20230716.gml.geo,hub,hotspot,26,0x1.fa7388923cbb8p-11,0;30;27,0;28
20230716.gml.geo,hub,hotspot,27,0x1.fa7388923cbb8p-11,0;30;28,0;29
20230716.gml.geo,hub,hotspot,28,0x1.fa7388923cbb8p-11,0;30;29,0;30
20230716.gml.geo,hub,hotspot,29,0x1.0850d9f65d5c4p-8,0;30,0
20230716.gml.geo,hub,hotspot,30,0x1.fa7388923cbb8p-11,1;30;0,1;0
20230716.gml.geo,hub,hotspot,31,0x1.fa7388923cbb8p-11,1;30;2,1;2
20230716.gml.geo,hub,hotspot,32,0x1.fa7388923cbb8p-11,1;30;3,1;3
20230716.gml.geo,hub,hotspot,33,0x1.fa7388923cbb8p-11,1;30;4,1;4
20230716.gml.geo,hub,hotspot,34,0x1.fa7388923cbb8p-11,1;30;5,1;5
20230716.gml.geo,hub,hotspot,35,0x1.fa7388923cbb8p-11,1;30;6,1;6
20230716.gml.geo,hub,hotspot,36,0x1.fa7388923cbb8p-11,1;30;7,1;7
20230716.gml.geo,hub,hotspot,37,0x1.fa7388923cbb8p-11,1;30;8,1;8
20230716.gml.geo,hub,hotspot,38,0x1.fa7388923cbb8p-11,1;30;9,1;9
20230716.gml.geo,hub,hotspot,39,0x1.fa7388923cbb8p-11,1;30;10,1;10
20230716.gml.geo,hub,hotspot,40,0x1.fa7388923cbb8p-11,1;30;11,1;11
20230716.gml.geo,hub,hotspot,41,0x1.fa7388923cbb8p-11,1;30;12,1;12
20230716.gml.geo,hub,hotspot,42,0x1.fa7388923cbb8p-11,1;30;13,1;13
20230716.gml.geo,hub,hotspot,43,0x1.fa7388923cbb8p-11,1;30;14,1;14
20230716.gml.geo,hub,hotspot,44,0x1.18f37a7a3bda0p-10,1;30;15,1;16
20230716.gml.geo,hub,hotspot,45,0x1.fa7388923cbb8p-11,1;30;16,1;17
20230716.gml.geo,hub,hotspot,46,0x1.fa7388923cbb8p-11,1;30;17,1;18
20230716.gml.geo,hub,hotspot,47,0x1.fa7388923cbb8p-11,1;30;18,1;19
20230716.gml.geo,hub,hotspot,48,0x1.fa7388923cbb8p-11,1;30;19,1;20
20230716.gml.geo,hub,hotspot,49,0x1.18f37a7a3bda0p-10,1;30;20,1;21
20230716.gml.geo,hub,hotspot,50,0x1.fa7388923cbb8p-11,1;30;21,1;22
20230716.gml.geo,hub,hotspot,51,0x1.fa7388923cbb8p-11,1;30;22,1;23
20230716.gml.geo,hub,hotspot,52,0x1.fa7388923cbb8p-11,1;30;23,1;24
20230716.gml.geo,hub,hotspot,53,0x1.fa7388923cbb8p-11,1;30;24,1;25
20230716.gml.geo,hub,hotspot,54,0x1.fa7388923cbb8p-11,1;30;25,1;26
20230716.gml.geo,hub,hotspot,55,0x1.fa7388923cbb8p-11,1;30;26,1;27
20230716.gml.geo,hub,hotspot,56,0x1.fa7388923cbb8p-11,1;30;27,1;28
20230716.gml.geo,hub,hotspot,57,0x1.fa7388923cbb8p-11,1;30;28,1;29
20230716.gml.geo,hub,hotspot,58,0x1.fa7388923cbb8p-11,1;30;29,1;30
20230716.gml.geo,hub,hotspot,59,0x1.0850d9f65d5c4p-8,1;30,1
20230716.gml.geo,hub,hotspot,60,0x1.fa7388923cbb8p-11,2;30;0,2;0
20230716.gml.geo,hub,hotspot,61,0x1.fa7388923cbb8p-11,2;30;1,2;1
20230716.gml.geo,hub,hotspot,62,0x1.fa7388923cbb8p-11,2;30;3,2;3
20230716.gml.geo,hub,hotspot,63,0x1.fa7388923cbb8p-11,2;30;4,2;4
20230716.gml.geo,hub,hotspot,64,0x1.fa7388923cbb8p-11,2;30;5,2;5
20230716.gml.geo,hub,hotspot,65,0x1.fa7388923cbb8p-11,2;30;6,2;6
20230716.gml.geo,hub,hotspot,66,0x1.fa7388923cbb8p-11,2;30;7,2;7
20230716.gml.geo,hub,hotspot,67,0x1.fa7388923cbb8p-11,2;30;8,2;8
20230716.gml.geo,hub,hotspot,68,0x1.fa7388923cbb8p-11,2;30;9,2;9
20230716.gml.geo,hub,hotspot,69,0x1.fa7388923cbb8p-11,2;30;10,2;10
20230716.gml.geo,hub,hotspot,70,0x1.fa7388923cbb8p-11,2;30;11,2;11
20230716.gml.geo,hub,hotspot,71,0x1.fa7388923cbb8p-11,2;30;12,2;12
20230716.gml.geo,hub,hotspot,72,0x1.fa7388923cbb8p-11,2;30;13,2;13
20230716.gml.geo,hub,hotspot,73,0x1.fa7388923cbb8p-11,2;30;14,2;14
20230716.gml.geo,hub,hotspot,74,0x1.18f37a7a3bda0p-10,2;30;15,2;16
20230716.gml.geo,hub,hotspot,75,0x1.fa7388923cbb8p-11,2;30;16,2;17
20230716.gml.geo,hub,hotspot,76,0x1.fa7388923cbb8p-11,2;30;17,2;18
20230716.gml.geo,hub,hotspot,77,0x1.fa7388923cbb8p-11,2;30;18,2;19
20230716.gml.geo,hub,hotspot,78,0x1.fa7388923cbb8p-11,2;30;19,2;20
20230716.gml.geo,hub,hotspot,79,0x1.18f37a7a3bda0p-10,2;30;20,2;21
20230716.gml.geo,hub,hotspot,80,0x1.fa7388923cbb8p-11,2;30;21,2;22
20230716.gml.geo,hub,hotspot,81,0x1.fa7388923cbb8p-11,2;30;22,2;23
20230716.gml.geo,hub,hotspot,82,0x1.fa7388923cbb8p-11,2;30;23,2;24
20230716.gml.geo,hub,hotspot,83,0x1.fa7388923cbb8p-11,2;30;24,2;25
20230716.gml.geo,hub,hotspot,84,0x1.fa7388923cbb8p-11,2;30;25,2;26
20230716.gml.geo,hub,hotspot,85,0x1.fa7388923cbb8p-11,2;30;26,2;27
20230716.gml.geo,hub,hotspot,86,0x1.fa7388923cbb8p-11,2;30;27,2;28
20230716.gml.geo,hub,hotspot,87,0x1.fa7388923cbb8p-11,2;30;28,2;29
20230716.gml.geo,hub,hotspot,88,0x1.fa7388923cbb8p-11,2;30;29,2;30
20230716.gml.geo,hub,hotspot,89,0x1.0850d9f65d5c4p-8,2;30,2
20230716.gml.geo,hub,hotspot,90,0x1.fa7388923cbb8p-11,3;30;0,3;0
20230716.gml.geo,hub,hotspot,91,0x1.fa7388923cbb8p-11,3;30;1,3;1
20230716.gml.geo,hub,hotspot,92,0x1.fa7388923cbb8p-11,3;30;2,3;2
20230716.gml.geo,hub,hotspot,93,0x1.fa7388923cbb8p-11,3;30;4,3;4
20230716.gml.geo,hub,hotspot,94,0x1.fa7388923cbb8p-11,3;30;5,3;5
20230716.gml.geo,hub,hotspot,95,0x1.fa7388923cbb8p-11,3;30;6,3;6
20230716.gml.geo,hub,hotspot,96,0x1.fa7388923cbb8p-11,3;30;7,3;7
20230716.gml.geo,hub,hotspot,97,0x1.fa7388923cbb8p-11,3;30;8,3;8
20230716.gml.geo,hub,hotspot,98,0x1.fa7388923cbb8p-11,3;30;9,3;9
20230716.gml.geo,hub,hotspot,99,0x1.fa7388923cbb8p-11,3;30;10,3;10
20230716.gml.geo,hub,hotspot,100,0x1.fa7388923cbb8p-11,3;30;11,3;11
20230716.gml.geo,hub,hotspot,101,0x1.fa7388923cbb8p-11,3;30;12,3;12
20230716.gml.geo,hub,hotspot,102,0x1.fa7388923cbb8p-11,3;30;13,3;13
20230716.gml.geo,hub,hotspot,103,0x1.fa7388923cbb8p-11,3;30;14,3;14
20230716.gml.geo,hub,hotspot,104,0x1.18f37a7a3bda0p-10,3;30;15,3;16
20230716.gml.geo,hub,hotspot,105,0x1.fa7388923cbb8p-11,3;30;16,3;17
20230716.gml.geo,hub,hotspot,106,0x1.fa7388923cbb8p-11,3;30;17,3;18
20230716.gml.geo,hub,hotspot,107,0x1.fa7388923cbb8p-11,3;30;18,3;19
20230716.gml.geo,hub,hotspot,108,0x1.fa7388923cbb8p-11,3;30;19,3;20
20230716.gml.geo,hub,hotspot,109,0x1.18f37a7a3bda0p-10,3;30;20,3;21
20230716.gml.geo,hub,hotspot,110,0x1.fa7388923cbb8p-11,3;30;21,3;22
20230716.gml.geo,hub,hotspot,111,0x1.fa7388923cbb8p-11,3;30;22,3;23
20230716.gml.geo,hub,hotspot,112,0x1.fa7388923cbb8p-11,3;30;23,3;24
20230716.gml.geo,hub,hotspot,113,0x1.fa7388923cbb8p-11,3;30;24,3;25
20230716.gml.geo,hub,hotspot,114,0x1.fa7388923cbb8p-11,3;30;25,3;26
20230716.gml.geo,hub,hotspot,115,0x1.fa7388923cbb8p-11,3;30;26,3;27
20230716.gml.geo,hub,hotspot,116,0x1.fa7388923cbb8p-11,3;30;27,3;28
20230716.gml.geo,hub,hotspot,117,0x1.fa7388923cbb8p-11,3;30;28,3;29
20230716.gml.geo,hub,hotspot,118,0x1.fa7388923cbb8p-11,3;30;29,3;30
20230716.gml.geo,hub,hotspot,119,0x1.0850d9f65d5c4p-8,3;30,3
20230716.gml.geo,hub,hotspot,120,0x1.fa7388923cbb8p-11,4;30;0,4;0
20230716.gml.geo,hub,hotspot,121,0x1.fa7388923cbb8p-11,4;30;1,4;1
20230716.gml.geo,hub,hotspot,122,0x1.fa7388923cbb8p-11,4;30;2,4;2
20230716.gml.geo,hub,hotspot,123,0x1.fa7388923cbb8p-11,4;30;3,4;3
20230716.gml.geo,hub,hotspot,124,0x1.fa7388923cbb8p-11,4;30;5,4;5
20230716.gml.geo,hub,hotspot,125,0x1.fa7388923cbb8p-11,4;30;6,4;6
20230716.gml.geo,hub,hotspot,126,0x1.fa7388923cbb8p-11,4;30;7,4;7
20230716.gml.geo,hub,hotspot,127,0x1.fa7388923cbb8p-11,4;30;8,4;8
20230716.gml.geo,hub,hotspot,128,0x1.fa7388923cbb8p-11,4;30;9,4;9
20230716.gml.geo,hub,hotspot,129,0x1.fa7388923cbb8p-11,4;30;10,4;10
20230716.gml.geo,hub,hotspot,130,0x1.fa7388923cbb8p-11,4;30;11,4;11
20230716.gml.geo,hub,hotspot,131,0x1.fa7388923cbb8p-11,4;30;12,4;12
20230716.gml.geo,hub,hotspot,132,0x1.fa7388923cbb8p-11,4;30;13,4;13
20230716.gml.geo,hub,hotspot,133,0x1.fa7388923cbb8p-11,4;30;14,4;14
20230716.gml.geo,hub,hotspot,134,0x1.18f37a7a3bda0p-10,4;30;15,4;16
20230716.gml.geo,hub,hotspot,135,0x1.fa7388923cbb8p-11,4;30;16,4;17
20230716.gml.geo,hub,hotspot,136,0x1.fa7388923cbb8p-11,4;30;17,4;18
20230716.gml.geo,hub,hotspot,137,0x1.fa7388923cbb8p-11,4;30;18,4;19
20230716.gml.geo,hub,hotspot,138,0x1.fa7388923cbb8p-11,4;30;19,4;20
20230716.gml.geo,hub,hotspot,139,0x1.18f37a7a3bda0p-10,4;30;20,4;21
20230716.gml.geo,hub,hotspot,140,0x1.fa7388923cbb8p-11,4;30;21,4;22
20230716.gml.geo,hub,hotspot,141,0x1.fa7388923cbb8p-11,4;30;22,4;23
20230716.gml.geo,hub,hotspot,142,0x1.fa7388923cbb8p-11,4;30;23,4;24
20230716.gml.geo,hub,hotspot,143,0x1.fa7388923cbb8p-11,4;30;24,4;25
20230716.gml.geo,hub,hotspot,144,0x1.fa7388923cbb8p-11,4;30;25,4;26
20230716.gml.geo,hub,hotspot,145,0x1.fa7388923cbb8p-11,4;30;26,4;27
20230716.gml.geo,hub,hotspot,146,0x1.fa7388923cbb8p-11,4;30;27,4;28
20230716.gml.geo,hub,hotspot,147,0x1.fa7388923cbb8p-11,4;30;28,4;29
20230716.gml.geo,hub,hotspot,148,0x1.fa7388923cbb8p-11,4;30;29,4;30
20230716.gml.geo,hub,hotspot,149,0x1.0850d9f65d5c4p-8,4;30,4
20230716.gml.geo,hub,hotspot,150,0x1.fa7388923cbb8p-11,5;30;0,5;0
20230716.gml.geo,hub,hotspot,151,0x1.fa7388923cbb8p-11,5;30;1,5;1
20230716.gml.geo,hub,hotspot,152,0x1.fa7388923cbb8p-11,5;30;2,5;2
20230716.gml.geo,hub,hotspot,153,0x1.fa7388923cbb8p-11,5;30;3,5;3
20230716.gml.geo,hub,hotspot,154,0x1.fa7388923cbb8p-11,5;30;4,5;4
20230716.gml.geo,hub,hotspot,155,0x1.fa7388923cbb8p-11,5;30;6,5;6
20230716.gml.geo,hub,hotspot,156,0x1.fa7388923cbb8p-11,5;30;7,5;7
20230716.gml.geo,hub,hotspot,157,0x1.fa7388923cbb8p-11,5;30;8,5;8
20230716.gml.geo,hub,hotspot,158,0x1.fa7388923cbb8p-11,5;30;9,5;9
20230716.gml.geo,hub,hotspot,159,0x1.fa7388923cbb8p-11,5;30;10,5;10
20230716.gml.geo,hub,hotspot,160,0x1.fa7388923cbb8p-11,5;30;11,5;11
20230716.gml.geo,hub,hotspot,161,0x1.fa7388923cbb8p-11,5;30;12,5;12
20230716.gml.geo,hub,hotspot,162,0x1.fa7388923cbb8p-11,5;30;13,5;13
20230716.gml.geo,hub,hotspot,163,0x1.fa7388923cbb8p-11,5;30;14,5;14
20230716.gml.geo,hub,hotspot,164,0x1.18f37a7a3bda0p-10,5;30;15,5;16
20230716.gml.geo,hub,hotspot,165,0x1.fa7388923cbb8p-11,5;30;16,5;17
20230716.gml.geo,hub,hotspot,166,0x1.fa7388923cbb8p-11,5;30;17,5;18
20230716.gml.geo,hub,hotspot,167,0x1.fa7388923cbb8p-11,5;30;18,5;19
20230716.gml.geo,hub,hotspot,168,0x1.fa7388923cbb8p-11,5;30;19,5;20
20230716.gml.geo,hub,hotspot,169,0x1.18f37a7a3bda0p-10,5;30;20,5;21
20230716.gml.geo,hub,hotspot,170,0x1.fa7388923cbb8p-11,5;30;21,5;22
20230716.gml.geo,hub,hotspot,171,0x1.fa7388923cbb8p-11,5;30;22,5;23
20230716.gml.geo,hub,hotspot,172,0x1.fa7388923cbb8p-11,5;30;23,5;24
20230716.gml.geo,hub,hotspot,173,0x1.fa7388923cbb8p-11,5;30;24,5;25
20230716.gml.geo,hub,hotspot,174,0x1.fa7388923cbb8p-11,5;30;25,5;26
20230716.gml.geo,hub,hotspot,175,0x1.fa7388923cbb8p-11,5;30;26,5;27
20230716.gml.geo,hub,hotspot,176,0x1.fa7388923cbb8p-11,5;30;27,5;28
20230716.gml.geo,hub,hotspot,177,0x1.fa7388923cbb8p-11,5;30;28,5;29
20230716.gml.geo,hub,hotspot,178,0x1.fa7388923cbb8p-11,5;30;29,5;30
20230716.gml.geo,hub,hotspot,179,0x1.0850d9f65d5c4p-8,5;30,5
20230716.gml.geo,hub,hotspot,180,0x1.fa7388923cbb8p-11,6;30;0,6;0
20230716.gml.geo,hub,hotspot,181,0x1.fa7388923cbb8p-11,6;30;1,6;1
20230716.gml.geo,hub,hotspot,182,0x1.fa7388923cbb8p-11,6;30;2,6;2
20230716.gml.geo,hub,hotspot,183,0x1.fa7388923cbb8p-11,6;30;3,6;3
20230716.gml.geo,hub,hotspot,184,0x1.fa7388923cbb8p-11,6;30;4,6;4
20230716.gml.geo,hub,hotspot,185,0x1.fa7388923cbb8p-11,6;30;5,6;5
20230716.gml.geo,hub,hotspot,186,0x1.fa7388923cbb8p-11,6;30;7,6;7
20230716.gml.geo,hub,hotspot,187,0x1.fa7388923cbb8p-11,6;30;8,6;8
20230716.gml.geo,hub,hotspot,188,0x1.fa7388923cbb8p-11,6;30;9,6;9
20230716.gml.geo,hub,hotspot,189,0x1.fa7388923cbb8p-11,6;30;10,6;10
20230716.gml.geo,hub,hotspot,190,0x1.fa7388923cbb8p-11,6;30;11,6;11
20230716.gml.geo,hub,hotspot,191,0x1.fa7388923cbb8p-11,6;30;12,6;12
20230716.gml.geo,hub,hotspot,192,0x1.fa7388923cbb8p-11,6;30;13,6;13
20230716.gml.geo,hub,hotspot,193,0x1.fa7388923cbb8p-11,6;30;14,6;14
20230716.gml.geo,hub,hotspot,194,0x1.18f37a7a3bda0p-10,6;30;15,6;16
20230716.gml.geo,hub,hotspot,195,0x1.fa7388923cbb8p-11,6;30;16,6;17
20230716.gml.geo,hub,hotspot,196,0x1.fa7388923cbb8p-11,6;30;17,6;18
20230716.gml.geo,hub,hotspot,197,0x1.fa7388923cbb8p-11,6;30;18,6;19
20230716.gml.geo,hub,hotspot,198,0x1.fa7388923cbb8p-11,6;30;19,6;20
20230716.gml.geo,hub,hotspot,199,0x1.18f37a7a3bda0p-10,6;30;20,6;21
20230716.gml.geo,hub,hotspot,200,0x1.fa7388923cbb8p-11,6;30;21,6;22
20230716.gml.geo,hub,hotspot,201,0x1.fa7388923cbb8p-11,6;30;22,6;23
20230716.gml.geo,hub,hotspot,202,0x1.fa7388923cbb8p-11,6;30;23,6;24
20230716.gml.geo,hub,hotspot,203,0x1.fa7388923cbb8p-11,6;30;24,6;25
20230716.gml.geo,hub,hotspot,204,0x1.fa7388923cbb8p-11,6;30;25,6;26
20230716.gml.geo,hub,hotspot,205,0x1.fa7388923cbb8p-11,6;30;26,6;27
20230716.gml.geo,hub,hotspot,206,0x1.fa7388923cbb8p-11,6;30;27,6;28
20230716.gml.geo,hub,hotspot,207,0x1.fa7388923cbb8p-11,6;30;28,6;29
20230716.gml.geo,hub,hotspot,208,0x1.fa7388923cbb8p-11,6;30;29,6;30
20230716.gml.geo,hub,hotspot,209,0x1.0850d9f65d5c4p-8,6;30,6
20230716.gml.geo,hub,hotspot,210,0x1.fa7388923cbb8p-11,7;30;0,7;0
20230716.gml.geo,hub,hotspot,211,0x1.fa7388923cbb8p-11,7;30;1,7;1
20230716.gml.geo,hub,hotspot,212,0x1.fa7388923cbb8p-11,7;30;2,7;2
20230716.gml.geo,hub,hotspot,213,0x1.fa7388923cbb8p-11,7;30;3,7;3
20230716.gml.geo,hub,hotspot,214,0x1.fa7388923cbb8p-11,7;30;4,7;4
20230716.gml.geo,hub,hotspot,215,0x1.fa7388923cbb8p-11,7;30;5,7;5
20230716.gml.geo,hub,hotspot,216,0x1.fa7388923cbb8p-11,7;30;6,7;6
20230716.gml.geo,hub,hotspot,217,0x1.fa7388923cbb8p-11,7;30;8,7;8
20230716.gml.geo,hub,hotspot,218,0x1.fa7388923cbb8p-11,7;30;9,7;9
20230716.gml.geo,hub,hotspot,219,0x1.fa7388923cbb8p-11,7;30;10,7;10
20230716.gml.geo,hub,hotspot,220,0x1.fa7388923cbb8p-11,7;30;11,7;11
20230716.gml.geo,hub,hotspot,221,0x1.fa7388923cbb8p-11,7;30;12,7;12
20230716.gml.geo,hub,hotspot,222,0x1.fa7388923cbb8p-11,7;30;13,7;13
20230716.gml.geo,hub,hotspot,223,0x1.fa7388923cbb8p-11,7;30;14,7;14
20230716.gml.geo,hub,hotspot,224,0x1.18f37a7a3bda0p-10,7;30;15,7;16
20230716.gml.geo,hub,hotspot,225,0x1.fa7388923cbb8p-11,7;30;16,7;17
20230716.gml.geo,hub,hotspot,226,0x1.fa7388923cbb8p-11,7;30;17,7;18
20230716.gml.geo,hub,hotspot,227,0x1.fa7388923cbb8p-11,7;30;18,7;19
20230716.gml.geo,hub,hotspot,228,0x1.fa7388923cbb8p-11,7;30;19,7;20
20230716.gml.geo,hub,hotspot,229,0x1.18f37a7a3bda0p-10,7;30;20,7;21
20230716.gml.geo,hub,hotspot,230,0x1.fa7388923cbb8p-11,7;30;21,7;22
20230716.gml.geo,hub,hotspot,231,0x1.fa7388923cbb8p-11,7;30;22,7;23
20230716.gml.geo,hub,hotspot,232,0x1.fa7388923cbb8p-11,7;30;23,7;24
20230716.gml.geo,hub,hotspot,233,0x1.fa7388923cbb8p-11,7;30;24,7;25
20230716.gml.geo,hub,hotspot,234,0x1.fa7388923cbb8p-11,7;30;25,7;26
20230716.gml.geo,hub,hotspot,235,0x1.fa7388923cbb8p-11,7;30;26,7;27
20230716.gml.geo,hub,hotspot,236,0x1.fa7388923cbb8p-11,7;30;27,7;28
20230716.gml.geo,hub,hotspot,237,0x1.fa7388923cbb8p-11,7;30;28,7;29
20230716.gml.geo,hub,hotspot,238,0x1.fa7388923cbb8p-11,7;30;29,7;30
20230716.gml.geo,hub,hotspot,239,0x1.0850d9f65d5c4p-8,7;30,7
20230716.gml.geo,hub,hotspot,240,0x1.fa7388923cbb8p-11,8;30;0,8;0
20230716.gml.geo,hub,hotspot,241,0x1.fa7388923cbb8p-11,8;30;1,8;1
20230716.gml.geo,hub,hotspot,242,0x1.fa7388923cbb8p-11,8;30;2,8;2
20230716.gml.geo,hub,hotspot,243,0x1.fa7388923cbb8p-11,8;30;3,8;3
20230716.gml.geo,hub,hotspot,244,0x1.fa7388923cbb8p-11,8;30;4,8;4
20230716.gml.geo,hub,hotspot,245,0x1.fa7388923cbb8p-11,8;30;5,8;5
20230716.gml.geo,hub,hotspot,246,0x1.fa7388923cbb8p-11,8;30;6,8;6
20230716.gml.geo,hub,hotspot,247,0x1.fa7388923cbb8p-11,8;30;7,8;7
20230716.gml.geo,hub,hotspot,248,0x1.fa7388923cbb8p-11,8;30;9,8;9
20230716.gml.geo,hub,hotspot,249,0x1.fa7388923cbb8p-11,8;30;10,8;10
20230716.gml.geo,hub,hotspot,250,0x1.fa7388923cbb8p-11,8;30;11,8;11
20230716.gml.geo,hub,hotspot,251,0x1.fa7388923cbb8p-11,8;30;12,8;12
20230716.gml.geo,hub,hotspot,252,0x1.fa7388923cbb8p-11,8;30;13,8;13
20230716.gml.geo,hub,hotspot,253,0x1.fa7388923cbb8p-11,8;30;14,8;14
20230716.gml.geo,hub,hotspot,254,0x1.18f37a7a3bda0p-10,8;30;15,8;16
20230716.gml.geo,hub,hotspot,255,0x1.fa7388923cbb8p-11,8;30;16,8;17
20230716.gml.geo,hub,hotspot,256,0x1.fa7388923cbb8p-11,8;30;17,8;18
20230716.gml.geo,hub,hotspot,257,0x1.fa7388923cbb8p-11,8;30;18,8;19
20230716.gml.geo,hub,hotspot,258,0x1.fa7388923cbb8p-11,8;30;19,8;20
20230716.gml.geo,hub,hotspot,259,0x1.18f37a7a3bda0p-10,8;30;20,8;21
20230716.gml.geo,hub,hotspot,260,0x1.fa7388923cbb8p-11,8;30;21,8;22
20230716.gml.geo,hub,hotspot,261,0x1.fa7388923cbb8p-11,8;30;22,8;23
20230716.gml.geo,hub,hotspot,262,0x1.fa7388923cbb8p-11,8;30;23,8;24
20230716.gml.geo,hub,hotspot,263,0x1.fa7388923cbb8p-11,8;30;24,8;25
20230716.gml.geo,hub,hotspot,264,0x1.fa7388923cbb8p-11,8;30;25,8;26
20230716.gml.geo,hub,hotspot,265,0x1.fa7388923cbb8p-11,8;30;26,8;27
20230716.gml.geo,hub,hotspot,266,0x1.fa7388923cbb8p-11,8;30;27,8;28
20230716.gml.geo,hub,hotspot,267,0x1.fa7388923cbb8p-11,8;30;28,8;29
20230716.gml.geo,hub,hotspot,268,0x1.fa7388923cbb8p-11,8;30;29,8;30
20230716.gml.geo,hub,hotspot,269,0x1.0850d9f65d5c4p-8,8;30,8
20230716.gml.geo,hub,hotspot,270,0x1.fa7388923cbb8p-11,9;30;0,9;0
20230716.gml.geo,hub,hotspot,271,0x1.fa7388923cbb8p-11,9;30;1,9;1
20230716.gml.geo,hub,hotspot,272,0x1.fa7388923cbb8p-11,9;30;2,9;2
20230716.gml.geo,hub,hotspot,273,0x1.fa7388923cbb8p-11,9;30;3,9;3
20230716.gml.geo,hub,hotspot,274,0x1.fa7388923cbb8p-11,9;30;4,9;4
20230716.gml.geo,hub,hotspot,275,0x1.fa7388923cbb8p-11,9;30;5,9;5
20230716.gml.geo,hub,hotspot,276,0x1.fa7388923cbb8p-11,9;30;6,9;6
20230716.gml.geo,hub,hotspot,277,0x1.fa7388923cbb8p-11,9;30;7,9;7
20230716.gml.geo,hub,hotspot,278,0x1.fa7388923cbb8p-11,9;30;8,9;8
20230716.gml.geo,hub,hotspot,279,0x1.fa7388923cbb8p-11,9;30;10,9;10
20230716.gml.geo,hub,hotspot,280,0x1.fa7388923cbb8p-11,9;30;11,9;11
20230716.gml.geo,hub,hotspot,281,0x1.fa7388923cbb8p-11,9;30;12,9;12
20230716.gml.geo,hub,hotspot,282,0x1.fa7388923cbb8p-11,9;30;13,9;13
20230716.gml.geo,hub,hotspot,283,0x1.fa7388923cbb8p-11,9;30;14,9;14
20230716.gml.geo,hub,hotspot,284,0x1.18f37a7a3bda0p-10,9;30;15,9;16
20230716.gml.geo,hub,hotspot,285,0x1.fa7388923cbb8p-11,9;30;16,9;17
20230716.gml.geo,hub,hotspot,286,0x1.fa7388923cbb8p-11,9;30;17,9;18
20230716.gml.geo,hub,hotspot,287,0x1.fa7388923cbb8p-11,9;30;18,9;19
20230716.gml.geo,hub,hotspot,288,0x1.fa7388923cbb8p-11,9;30;19,9;20
20230716.gml.geo,hub,hotspot,289,0x1.18f37a7a3bda0p-10,9;30;20,9;21
20230716.gml.geo,hub,hotspot,290,0x1.fa7388923cbb8p-11,9;30;21,9;22
20230716.gml.geo,hub,hotspot,291,0x1.fa7388923cbb8p-11,9;30;22,9;23
20230716.gml.geo,hub,hotspot,292,0x1.fa7388923cbb8p-11,9;30;23,9;24
20230716.gml.geo,hub,hotspot,293,0x1.fa7388923cbb8p-11,9;30;24,9;25
20230716.gml.geo,hub,hotspot,294,0x1.fa7388923cbb8p-11,9;30;25,9;26
20230716.gml.geo,hub,hotspot,295,0x1.fa7388923cbb8p-11,9;30;26,9;27
20230716.gml.geo,hub,hotspot,296,0x1.fa7388923cbb8p-11,9;30;27,9;28
20230716.gml.geo,hub,hotspot,297,0x1.fa7388923cbb8p-11,9;30;28,9;29
20230716.gml.geo,hub,hotspot,298,0x1.fa7388923cbb8p-11,9;30;29,9;30
20230716.gml.geo,hub,hotspot,299,0x1.0850d9f65d5c4p-8,9;30,9
20230716.gml.geo,hub,hotspot,300,0x1.fa7388923cbb8p-11,10;30;0,10;0
20230716.gml.geo,hub,hotspot,301,0x1.fa7388923cbb8p-11,10;30;1,10;1
20230716.gml.geo,hub,hotspot,302,0x1.fa7388923cbb8p-11,10;30;2,10;2
20230716.gml.geo,hub,hotspot,303,0x1.fa7388923cbb8p-11,10;30;3,10;3
20230716.gml.geo,hub,hotspot,304,0x1.fa7388923cbb8p-11,10;30;4,10;4
20230716.gml.geo,hub,hotspot,305,0x1.fa7388923cbb8p-11,10;30;5,10;5
20230716.gml.geo,hub,hotspot,306,0x1.fa7388923cbb8p-11,10;30;6,10;6
20230716.gml.geo,hub,hotspot,307,0x1.fa7388923cbb8p-11,10;30;7,10;7
20230716.gml.geo,hub,hotspot,308,0x1.fa7388923cbb8p-11,10;30;8,10;8
20230716.gml.geo,hub,hotspot,309,0x1.fa7388923cbb8p-11,10;30;9,10;9
20230716.gml.geo,hub,hotspot,310,0x1.fa7388923cbb8p-11,10;30;11,10;11
20230716.gml.geo,hub,hotspot,311,0x1.fa7388923cbb8p-11,10;30;12,10;12
20230716.gml.geo,hub,hotspot,312,0x1.fa7388923cbb8p-11,10;30;13,10;13
20230716.gml.geo,hub,hotspot,313,0x1.fa7388923cbb8p-11,10;30;14,10;14
20230716.gml.geo,hub,hotspot,314,0x1.18f37a7a3bda0p-10,10;30;15,10;16
20230716.gml.geo,hub,hotspot,315,0x1.fa7388923cbb8p-11,10;30;16,10;17
20230716.gml.geo,hub,hotspot,316,0x1.fa7388923cbb8p-11,10;30;17,10;18
20230716.gml.geo,hub,hotspot,317,0x1.fa7388923cbb8p-11,10;30;18,10;19
20230716.gml.geo,hub,hotspot,318,0x1.fa7388923cbb8p-11,10;30;19,10;20
20230716.gml.geo,hub,hotspot,319,0x1.18f37a7a3bda0p-10,10;30;20,10;21
20230716.gml.geo,hub,hotspot,320,0x1.fa7388923cbb8p-11,10;30;21,10;22
20230716.gml.geo,hub,hotspot,321,0x1.fa7388923cbb8p-11,10;30;22,10;23
20230716.gml.geo,hub,hotspot,322,0x1.fa7388923cbb8p-11,10;30;23,10;24
20230716.gml.geo,hub,hotspot,323,0x1.fa7388923cbb8p-11,10;30;24,10;25
20230716.gml.geo,hub,hotspot,324,0x1.fa7388923cbb8p-11,10;30;25,10;26
20230716.gml.geo,hub,hotspot,325,0x1.fa7388923cbb8p-11,10;30;26,10;27
20230716.gml.geo,hub,hotspot,326,0x1.fa7388923cbb8p-11,10;30;27,10;28
20230716.gml.geo,hub,hotspot,327,0x1.fa7388923cbb8p-11,10;30;28,10;29
20230716.gml.geo,hub,hotspot,328,0x1.fa7388923cbb8p-11,10;30;29,10;30
20230716.gml.geo,hub,hotspot,329,0x1.0850d9f65d5c4p-8,10;30,10
20230716.gml.geo,hub,hotspot,330,0x1.fa7388923cbb8p-11,11;30;0,11;0
20230716.gml.geo,hub,hotspot,331,0x1.fa7388923cbb8p-11,11;30;1,11;1
20230716.gml.geo,hub,hotspot,332,0x1.fa7388923cbb8p-11,11;30;2,11;2
20230716.gml.geo,hub,hotspot,333,0x1.fa7388923cbb8p-11,11;30;3,11;3
20230716.gml.geo,hub,hotspot,334,0x1.fa7388923cbb8p-11,11;30;4,11;4
20230716.gml.geo,hub,hotspot,335,0x1.fa7388923cbb8p-11,11;30;5,11;5
20230716.gml.geo,hub,hotspot,336,0x1.fa7388923cbb8p-11,11;30;6,11;6
20230716.gml.geo,hub,hotspot,337,0x1.fa7388923cbb8p-11,11;30;7,11;7
20230716.gml.geo,hub,hotspot,338,0x1.fa7388923cbb8p-11,11;30;8,11;8
20230716.gml.geo,hub,hotspot,339,0x1.fa7388923cbb8p-11,11;30;9,11;9
20230716.gml.geo,hub,hotspot,340,0x1.fa7388923cbb8p-11,11;30;10,11;10
20230716.gml.geo,hub,hotspot,341,0x1.fa7388923cbb8p-11,11;30;12,11;12
20230716.gml.geo,hub,hotspot,342,0x1.fa7388923cbb8p-11,11;30;13,11;13
20230716.gml.geo,hub,hotspot,343,0x1.fa7388923cbb8p-11,11;30;14,11;14
20230716.gml.geo,hub,hotspot,344,0x1.18f37a7a3bda0p-10,11;30;15,11;16
20230716.gml.geo,hub,hotspot,345,0x1.fa7388923cbb8p-11,11;30;16,11;17
20230716.gml.geo,hub,hotspot,346,0x1.fa7388923cbb8p-11,11;30;17,11;18
20230716.gml.geo,hub,hotspot,347,0x1.fa7388923cbb8p-11,11;30;18,11;19
20230716.gml.geo,hub,hotspot,348,0x1.fa7388923cbb8p-11,11;30;19,11;20
20230716.gml.geo,hub,hotspot,349,0x1.18f37a7a3bda0p-10,11;30;20,11;21
20230716.gml.geo,hub,hotspot,350,0x1.fa7388923cbb8p-11,11;30;21,11;22
20230716.gml.geo,hub,hotspot,351,0x1.fa7388923cbb8p-11,11;30;22,11;23
20230716.gml.geo,hub,hotspot,352,0x1.fa7388923cbb8p-11,11;30;23,11;24
20230716.gml.geo,hub,hotspot,353,0x1.fa7388923cbb8p-11,11;30;24,11;25
20230716.gml.geo,hub,hotspot,354,0x1.fa7388923cbb8p-11,11;30;25,11;26
20230716.gml.geo,hub,hotspot,355,0x1.fa7388923cbb8p-11,11;30;26,11;27
20230716.gml.geo,hub,hotspot,356,0x1.fa7388923cbb8p-11,11;30;27,11;28
20230716.gml.geo,hub,hotspot,357,0x1.fa7388923cbb8p-11,11;30;28,11;29
20230716.gml.geo,hub,hotspot,358,0x1.fa7388923cbb8p-11,11;30;29,11;30
20230716.gml.geo,hub,hotspot,359,0x1.0850d9f65d5c4p-8,11;30,11
20230716.gml.geo,hub,hotspot,360,0x1.fa7388923cbb8p-11,12;30;0,12;0
20230716.gml.geo,hub,hotspot,361,0x1.fa7388923cbb8p-11,12;30;1,12;1
20230716.gml.geo,hub,hotspot,362,0x1.fa7388923cbb8p-11,12;30;2,12;2
20230716.gml.geo,hub,hotspot,363,0x1.fa7388923cbb8p-11,12;30;3,12;3
20230716.gml.geo,hub,hotspot,364,0x1.fa7388923cbb8p-11,12;30;4,12;4
20230716.gml.geo,hub,hotspot,365,0x1.fa7388923cbb8p-11,12;30;5,12;5
20230716.gml.geo,hub,hotspot,366,0x1.fa7388923cbb8p-11,12;30;6,12;6
20230716.gml.geo,hub,hotspot,367,0x1.fa7388923cbb8p-11,12;30;7,12;7
20230716.gml.geo,hub,hotspot,368,0x1.fa7388923cbb8p-11,12;30;8,12;8
20230716.gml.geo,hub,hotspot,369,0x1.fa7388923cbb8p-11,12;30;9,12;9
20230716.gml.geo,hub,hotspot,370,0x1.fa7388923cbb8p-11,12;30;10,12;10
20230716.gml.geo,hub,hotspot,371,0x1.fa7388923cbb8p-11,12;30;11,12;11
20230716.gml.geo,hub,hotspot,372,0x1.fa7388923cbb8p-11,12;30;13,12;13
20230716.gml.geo,hub,hotspot,373,0x1.fa7388923cbb8p-11,12;30;14,12;14
20230716.gml.geo,hub,hotspot,374,0x1.18f37a7a3bda0p-10,12;30;15,12;16
20230716.gml.geo,hub,hotspot,375,0x1.fa7388923cbb8p-11,12;30;16,12;17
20230716.gml.geo,hub,hotspot,376,0x1.fa7388923cbb8p-11,12;30;17,12;18
20230716.gml.geo,hub,hotspot,377,0x1.fa7388923cbb8p-11,12;30;18,12;19
20230716.gml.geo,hub,hotspot,378,0x1.fa7388923cbb8p-11,12;30;19,12;20
20230716.gml.geo,hub,hotspot,379,0x1.18f37a7a3bda0p-10,12;30;20,12;21
20230716.gml.geo,hub,hotspot,380,0x1.fa7388923cbb8p-11,12;30;21,12;22
20230716.gml.geo,hub,hotspot,381,0x1.fa7388923cbb8p-11,12;30;22,12;23
20230716.gml.geo,hub,hotspot,382,0x1.fa7388923cbb8p-11,12;30;23,12;24
20230716.gml.geo,hub,hotspot,383,0x1.fa7388923cbb8p-11,12;30;24,12;25
20230716.gml.geo,hub,hotspot,384,0x1.fa7388923cbb8p-11,12;30;25,12;26
20230716.gml.geo,hub,hotspot,385,0x1.fa7388923cbb8p-11,12;30;26,12;27
20230716.gml.geo,hub,hotspot,386,0x1.fa7388923cbb8p-11,12;30;27,12;28
20230716.gml.geo,hub,hotspot,387,0x1.fa7388923cbb8p-11,12;30;28,12;29
20230716.gml.geo,hub,hotspot,388,0x1.fa7388923cbb8p-11,12;30;29,12;30
20230716.gml.geo,hub,hotspot,389,0x1.0850d9f65d5c4p-8,12;30,12
20230716.gml.geo,hub,hotspot,390,0x1.fa7388923cbb8p-11,13;30;0,13;0
20230716.gml.geo,hub,hotspot,391,0x1.fa7388923cbb8p-11,13;30;1,13;1
20230716.gml.geo,hub,hotspot,392,0x1.fa7388923cbb8p-11,13;30;2,13;2
20230716.gml.geo,hub,hotspot,393,0x1.fa7388923cbb8p-11,13;30;3,13;3
20230716.gml.geo,hub,hotspot,394,0x1.fa7388923cbb8p-11,13;30;4,13;4
20230716.gml.geo,hub,hotspot,395,0x1.fa7388923cbb8p-11,13;30;5,13;5
20230716.gml.geo,hub,hotspot,396,0x1.fa7388923cbb8p-11,13;30;6,13;6
20230716.gml.geo,hub,hotspot,397,0x1.fa7388923cbb8p-11,13;30;7,13;7
20230716.gml.geo,hub,hotspot,398,0x1.fa7388923cbb8p-11,13;30;8,13;8
20230716.gml.geo,hub,hotspot,399,0x1.fa7388923cbb8p-11,13;30;9,13;9
20230716.gml.geo,hub,hotspot,400,0x1.fa7388923cbb8p-11,13;30;10,13;10
20230716.gml.geo,hub,hotspot,401,0x1.fa7388923cbb8p-11,13;30;11,13;11
20230716.gml.geo,hub,hotspot,402,0x1.fa7388923cbb8p-11,13;30;12,13;12
20230716.gml.geo,hub,hotspot,403,0x1.fa7388923cbb8p-11,13;30;14,13;14
20230716.gml.geo,hub,hotspot,404,0x1.18f37a7a3bda0p-10,13;30;15,13;16
20230716.gml.geo,hub,hotspot,405,0x1.fa7388923cbb8p-11,13;30;16,13;17
20230716.gml.geo,hub,hotspot,406,0x1.fa7388923cbb8p-11,13;30;17,13;18
20230716.gml.geo,hub,hotspot,407,0x1.fa7388923cbb8p-11,13;30;18,13;19
20230716.gml.geo,hub,hotspot,408,0x1.fa7388923cbb8p-11,13;30;19,13;20
20230716.gml.geo,hub,hotspot,409,0x1.18f37a7a3bda0p-10,13;30;20,13;21
20230716.gml.geo,hub,hotspot,410,0x1.fa7388923cbb8p-11,13;30;21,13;22
20230716.gml.geo,hub,hotspot,411,0x1.fa7388923cbb8p-11,13;30;22,13;23
20230716.gml.geo,hub,hotspot,412,0x1.fa7388923cbb8p-11,13;30;23,13;24
20230716.gml.geo,hub,hotspot,413,0x1.fa7388923cbb8p-11,13;30;24,13;25
20230716.gml.geo,hub,hotspot,414,0x1.fa7388923cbb8p-11,13;30;25,13;26
20230716.gml.geo,hub,hotspot,415,0x1.fa7388923cbb8p-11,13;30;26,13;27
20230716.gml.geo,hub,hotspot,416,0x1.fa7388923cbb8p-11,13;30;27,13;28
20230716.gml.geo,hub,hotspot,417,0x1.fa7388923cbb8p-11,13;30;28,13;29
20230716.gml.geo,hub,hotspot,418,0x1.fa7388923cbb8p-11,13;30;29,13;30
20230716.gml.geo,hub,hotspot,419,0x1.0850d9f65d5c4p-8,13;30,13
20230716.gml.geo,hub,hotspot,420,0x1.fa7388923cbb8p-11,14;30;0,14;0
20230716.gml.geo,hub,hotspot,421,0x1.fa7388923cbb8p-11,14;30;1,14;1
20230716.gml.geo,hub,hotspot,422,0x1.fa7388923cbb8p-11,14;30;2,14;2
20230716.gml.geo,hub,hotspot,423,0x1.fa7388923cbb8p-11,14;30;3,14;3
20230716.gml.geo,hub,hotspot,424,0x1.fa7388923cbb8p-11,14;30;4,14;4
20230716.gml.geo,hub,hotspot,425,0x1.fa7388923cbb8p-11,14;30;5,14;5
20230716.gml.geo,hub,hotspot,426,0x1.fa7388923cbb8p-11,14;30;6,14;6
20230716.gml.geo,hub,hotspot,427,0x1.fa7388923cbb8p-11,14;30;7,14;7
20230716.gml.geo,hub,hotspot,428,0x1.fa7388923cbb8p-11,14;30;8,14;8
20230716.gml.geo,hub,hotspot,429,0x1.fa7388923cbb8p-11,14;30;9,14;9
20230716.gml.geo,hub,hotspot,430,0x1.fa7388923cbb8p-11,14;30;10,14;10
20230716.gml.geo,hub,hotspot,431,0x1.fa7388923cbb8p-11,14;30;11,14;11
20230716.gml.geo,hub,hotspot,432,0x1.fa7388923cbb8p-11,14;30;12,14;12
20230716.gml.geo,hub,hotspot,433,0x1.fa7388923cbb8p-11,14;30;13,14;13
20230716.gml.geo,hub,hotspot,434,0x1.18f37a7a3bda0p-10,14;30;15,14;16
20230716.gml.geo,hub,hotspot,435,0x1.fa7388923cbb8p-11,14;30;16,14;17
20230716.gml.geo,hub,hotspot,436,0x1.fa7388923cbb8p-11,14;30;17,14;18
20230716.gml.geo,hub,hotspot,437,0x1.fa7388923cbb8p-11,14;30;18,14;19
20230716.gml.geo,hub,hotspot,438,0x1.fa7388923cbb8p-11,14;30;19,14;20
20230716.gml.geo,hub,hotspot,439,0x1.18f37a7a3bda0p-10,14;30;20,14;21
20230716.gml.geo,hub,hotspot,440,0x1.fa7388923cbb8p-11,14;30;21,14;22
20230716.gml.geo,hub,hotspot,441,0x1.fa7388923cbb8p-11,14;30;22,14;23
20230716.gml.geo,hub,hotspot,442,0x1.fa7388923cbb8p-11,14;30;23,14;24
20230716.gml.geo,hub,hotspot,443,0x1.fa7388923cbb8p-11,14;30;24,14;25
20230716.gml.geo,hub,hotspot,444,0x1.fa7388923cbb8p-11,14;30;25,14;26
20230716.gml.geo,hub,hotspot,445,0x1.fa7388923cbb8p-11,14;30;26,14;27
20230716.gml.geo,hub,hotspot,446,0x1.fa7388923cbb8p-11,14;30;27,14;28
20230716.gml.geo,hub,hotspot,447,0x1.fa7388923cbb8p-11,14;30;28,14;29
20230716.gml.geo,hub,hotspot,448,0x1.fa7388923cbb8p-11,14;30;29,14;30
20230716.gml.geo,hub,hotspot,449,0x1.0850d9f65d5c4p-8,14;30,14
20230716.gml.geo,hub,hotspot,450,0x1.fb601fb601fb6p-11,15;30;0,16;0
20230716.gml.geo,hub,hotspot,451,0x1.fb601fb601fb6p-11,15;30;1,16;1
20230716.gml.geo,hub,hotspot,452,0x1.fb601fb601fb6p-11,15;30;2,16;2
20230716.gml.geo,hub,hotspot,453,0x1.fb601fb601fb6p-11,15;30;3,16;3
20230716.gml.geo,hub,hotspot,454,0x1.fb601fb601fb6p-11,15;30;4,16;4
20230716.gml.geo,hub,hotspot,455,0x1.fb601fb601fb6p-11,15;30;5,16;5
20230716.gml.geo,hub,hotspot,456,0x1.fb601fb601fb6p-11,15;30;6,16;6
20230716.gml.geo,hub,hotspot,457,0x1.fb601fb601fb6p-11,15;30;7,16;7
20230716.gml.geo,hub,hotspot,458,0x1.fb601fb601fb6p-11,15;30;8,16;8
20230716.gml.geo,hub,hotspot,459,0x1.fb601fb601fb6p-11,15;30;9,16;9
20230716.gml.geo,hub,hotspot,460,0x1.fb601fb601fb6p-11,15;30;10,16;10
20230716.gml.geo,hub,hotspot,461,0x1.fb601fb601fb6p-11,15;30;11,16;11
20230716.gml.geo,hub,hotspot,462,0x1.fb601fb601fb6p-11,15;30;12,16;12
20230716.gml.geo,hub,hotspot,463,0x1.fb601fb601fb6p-11,15;30;13,16;13
20230716.gml.geo,hub,hotspot,464,0x1.fb601fb601fb6p-11,15;30;14,16;14
20230716.gml.geo,hub,hotspot,465,0x1.fb601fb601fb6p-11,15;30;16,16;17
20230716.gml.geo,hub,hotspot,466,0x1.fb601fb601fb6p-11,15;30;17,16;18
20230716.gml.geo,hub,hotspot,467,0x1.fb601fb601fb6p-11,15;30;18,16;19
20230716.gml.geo,hub,hotspot,468,0x1.fb601fb601fb6p-11,15;30;19,16;20
20230716.gml.geo,hub,hotspot,469,0x1.19e0119e0119ep-10,15;20,15
20230716.gml.geo,hub,hotspot,470,0x1.fb601fb601fb6p-11,15;30;21,16;22
20230716.gml.geo,hub,hotspot,471,0x1.fb601fb601fb6p-11,15;30;22,16;23
20230716.gml.geo,hub,hotspot,472,0x1.fb601fb601fb6p-11,15;30;23,16;24
20230716.gml.geo,hub,hotspot,473,0x1.fb601fb601fb6p-11,15;30;24,16;25
20230716.gml.geo,hub,hotspot,474,0x1.fb601fb601fb6p-11,15;30;25,16;26
20230716.gml.geo,hub,hotspot,475,0x1.fb601fb601fb6p-11,15;30;26,16;27
20230716.gml.geo,hub,hotspot,476,0x1.fb601fb601fb6p-11,15;30;27,16;28
20230716.gml.geo,hub,hotspot,477,0x1.fb601fb601fb6p-11,15;30;28,16;29
20230716.gml.geo,hub,hotspot,478,0x1.fb601fb601fb6p-11,15;30;29,16;30
20230716.gml.geo,hub,hotspot,479,0x1.0bc810bc810bcp-8,15;30,16
20230716.gml.geo,hub,hotspot,480,0x1.fa7388923cbb8p-11,16;30;0,17;0
20230716.gml.geo,hub,hotspot,481,0x1.fa7388923cbb8p-11,16;30;1,17;1
20230716.gml.geo,hub,hotspot,482,0x1.fa7388923cbb8p-11,16;30;2,17;2
20230716.gml.geo,hub,hotspot,483,0x1.fa7388923cbb8p-11,16;30;3,17;3
20230716.gml.geo,hub,hotspot,484,0x1.fa7388923cbb8p-11,16;30;4,17;4
20230716.gml.geo,hub,hotspot,485,0x1.fa7388923cbb8p-11,16;30;5,17;5
20230716.gml.geo,hub,hotspot,486,0x1.fa7388923cbb8p-11,16;30;6,17;6
20230716.gml.geo,hub,hotspot,487,0x1.fa7388923cbb8p-11,16;30;7,17;7
20230716.gml.geo,hub,hotspot,488,0x1.fa7388923cbb8p-11,16;30;8,17;8
20230716.gml.geo,hub,hotspot,489,0x1.fa7388923cbb8p-11,16;30;9,17;9
20230716.gml.geo,hub,hotspot,490,0x1.fa7388923cbb8p-11,16;30;10,17;10
20230716.gml.geo,hub,hotspot,491,0x1.fa7388923cbb8p-11,16;30;11,17;11
20230716.gml.geo,hub,hotspot,492,0x1.fa7388923cbb8p-11,16;30;12,17;12
20230716.gml.geo,hub,hotspot,493,0x1.fa7388923cbb8p-11,16;30;13,17;13
20230716.gml.geo,hub,hotspot,494,0x1.fa7388923cbb8p-11,16;30;14,17;14
20230716.gml.geo,hub,hotspot,495,0x1.18f37a7a3bda0p-10,16;30;15,17;16
20230716.gml.geo,hub,hotspot,496,0x1.fa7388923cbb8p-11,16;30;17,17;18
20230716.gml.geo,hub,hotspot,497,0x1.fa7388923cbb8p-11,16;30;18,17;19
20230716.gml.geo,hub,hotspot,498,0x1.fa7388923cbb8p-11,16;30;19,17;20
20230716.gml.geo,hub,hotspot,499,0x1.18f37a7a3bda0p-10,16;30;20,17;21
20230716.gml.geo,hub,hotspot,500,0x1.fa7388923cbb8p-11,16;30;21,17;22
20230716.gml.geo,hub,hotspot,501,0x1.fa7388923cbb8p-11,16;30;22,17;23
20230716.gml.geo,hub,hotspot,502,0x1.fa7388923cbb8p-11,16;30;23,17;24
20230716.gml.geo,hub,hotspot,503,0x1.fa7388923cbb8p-11,16;30;24,17;25
20230716.gml.geo,hub,hotspot,504,0x1.fa7388923cbb8p-11,16;30;25,17;26
20230716.gml.geo,hub,hotspot,505,0x1.fa7388923cbb8p-11,16;30;26,17;27
20230716.gml.geo,hub,hotspot,506,0x1.fa7388923cbb8p-11,16;30;27,17;28
20230716.gml.geo,hub,hotspot,507,0x1.fa7388923cbb8p-11,16;30;28,17;29
20230716.gml.geo,hub,hotspot,508,0x1.fa7388923cbb8p-11,16;30;29,17;30
20230716.gml.geo,hub,hotspot,509,0x1.0850d9f65d5c4p-8,16;30,17
20230716.gml.geo,hub,hotspot,510,0x1.fa7388923cbb8p-11,17;30;0,18;0
20230716.gml.geo,hub,hotspot,511,0x1.fa7388923cbb8p-11,17;30;1,18;1
20230716.gml.geo,hub,hotspot,512,0x1.fa7388923cbb8p-11,17;30;2,18;2
20230716.gml.geo,hub,hotspot,513,0x1.fa7388923cbb8p-11,17;30;3,18;3
20230716.gml.geo,hub,hotspot,514,0x1.fa7388923cbb8p-11,17;30;4,18;4
20230716.gml.geo,hub,hotspot,515,0x1.fa7388923cbb8p-11,17;30;5,18;5
20230716.gml.geo,hub,hotspot,516,0x1.fa7388923cbb8p-11,17;30;6,18;6
20230716.gml.geo,hub,hotspot,517,0x1.fa7388923cbb8p-11,17;30;7,18;7
20230716.gml.geo,hub,hotspot,518,0x1.fa7388923cbb8p-11,17;30;8,18;8
20230716.gml.geo,hub,hotspot,519,0x1.fa7388923cbb8p-11,17;30;9,18;9
20230716.gml.geo,hub,hotspot,520,0x1.fa7388923cbb8p-11,17;30;10,18;10
20230716.gml.geo,hub,hotspot,521,0x1.fa7388923cbb8p-11,17;30;11,18;11
20230716.gml.geo,hub,hotspot,522,0x1.fa7388923cbb8p-11,17;30;12,18;12
20230716.gml.geo,hub,hotspot,523,0x1.fa7388923cbb8p-11,17;30;13,18;13
20230716.gml.geo,hub,hotspot,524,0x1.fa7388923cbb8p-11,17;30;14,18;14
20230716.gml.geo,hub,hotspot,525,0x1.18f37a7a3bda0p-10,17;30;15,18;16
20230716.gml.geo,hub,hotspot,526,0x1.fa7388923cbb8p-11,17;30;16,18;17
20230716.gml.geo,hub,hotspot,527,0x1.fa7388923cbb8p-11,17;30;18,18;19
20230716.gml.geo,hub,hotspot,528,0x1.fa7388923cbb8p-11,17;30;19,18;20
20230716.gml.geo,hub,hotspot,529,0x1.18f37a7a3bda0p-10,17;30;20,18;21
20230716.gml.geo,hub,hotspot,530,0x1.fa7388923cbb8p-11,17;30;21,18;22
20230716.gml.geo,hub,hotspot,531,0x1.fa7388923cbb8p-11,17;30;22,18;23
20230716.gml.geo,hub,hotspot,532,0x1.fa7388923cbb8p-11,17;30;23,18;24
20230716.gml.geo,hub,hotspot,533,0x1.fa7388923cbb8p-11,17;30;24,18;25
20230716.gml.geo,hub,hotspot,534,0x1.fa7388923cbb8p-11,17;30;25,18;26
20230716.gml.geo,hub,hotspot,535,0x1.fa7388923cbb8p-11,17;30;26,18;27
20230716.gml.geo,hub,hotspot,536,0x1.fa7388923cbb8p-11,17;30;27,18;28
20230716.gml.geo,hub,hotspot,537,0x1.fa7388923cbb8p-11,17;30;28,18;29
20230716.gml.geo,hub,hotspot,538,0x1.fa7388923cbb8p-11,17;30;29,18;30
20230716.gml.geo,hub,hotspot,539,0x1.0850d9f65d5c4p-8,17;30,18
20230716.gml.geo,hub,hotspot,540,0x1.fa7388923cbb8p-11,18;30;0,19;0
20230716.gml.geo,hub,hotspot,541,0x1.fa7388923cbb8p-11,18;30;1,19;1
20230716.gml.geo,hub,hotspot,542,0x1.fa7388923cbb8p-11,18;30;2,19;2
20230716.gml.geo,hub,hotspot,543,0x1.fa7388923cbb8p-11,18;30;3,19;3
20230716.gml.geo,hub,hotspot,544,0x1.fa7388923cbb8p-11,18;30;4,19;4
20230716.gml.geo,hub,hotspot,545,0x1.fa7388923cbb8p-11,18;30;5,19;5
20230716.gml.geo,hub,hotspot,546,0x1.fa7388923cbb8p-11,18;30;6,19;6
20230716.gml.geo,hub,hotspot,547,0x1.fa7388923cbb8p-11,18;30;7,19;7
20230716.gml.geo,hub,hotspot,548,0x1.fa7388923cbb8p-11,18;30;8,19;8
20230716.gml.geo,hub,hotspot,549,0x1.fa7388923cbb8p-11,18;30;9,19;9
20230716.gml.geo,hub,hotspot,550,0x1.fa7388923cbb8p-11,18;30;10,19;10
20230716.gml.geo,hub,hotspot,551,0x1.fa7388923cbb8p-11,18;30;11,19;11
20230716.gml.geo,hub,hotspot,552,0x1.fa7388923cbb8p-11,18;30;12,19;12
20230716.gml.geo,hub,hotspot,553,0x1.fa7388923cbb8p-11,18;30;13,19;13
20230716.gml.geo,hub,hotspot,554,0x1.fa7388923cbb8p-11,18;30;14,19;14
20230716.gml.geo,hub,hotspot,555,0x1.18f37a7a3bda0p-10,18;30;15,19;16
20230716.gml.geo,hub,hotspot,556,0x1.fa7388923cbb8p-11,18;30;16,19;17
20230716.gml.geo,hub,hotspot,557,0x1.fa7388923cbb8p-11,18;30;17,19;18
20230716.gml.geo,hub,hotspot,558,0x1.fa7388923cbb8p-11,18;30;19,19;20
20230716.gml.geo,hub,hotspot,559,0x1.18f37a7a3bda0p-10,18;30;20,19;21
20230716.gml.geo,hub,hotspot,560,0x1.fa7388923cbb8p-11,18;30;21,19;22
20230716.gml.geo,hub,hotspot,561,0x1.fa7388923cbb8p-11,18;30;22,19;23
20230716.gml.geo,hub,hotspot,562,0x1.fa7388923cbb8p-11,18;30;23,19;24
20230716.gml.geo,hub,hotspot,563,0x1.fa7388923cbb8p-11,18;30;24,19;25
20230716.gml.geo,hub,hotspot,564,0x1.fa7388923cbb8p-11,18;30;25,19;26
20230716.gml.geo,hub,hotspot,565,0x1.fa7388923cbb8p-11,18;30;26,19;27
20230716.gml.geo,hub,hotspot,566,0x1.fa7388923cbb8p-11,18;30;27,19;28
20230716.gml.geo,hub,hotspot,567,0x1.fa7388923cbb8p-11,18;30;28,19;29
20230716.gml.geo,hub,hotspot,568,0x1.fa7388923cbb8p-11,18;30;29,19;30
20230716.gml.geo,hub,hotspot,569,0x1.0850d9f65d5c4p-8,18;30,19
20230716.gml.geo,hub,hotspot,570,0x1.fa7388923cbb8p-11,19;30;0,20;0
20230716.gml.geo,hub,hotspot,571,0x1.fa7388923cbb8p-11,19;30;1,20;1
20230716.gml.geo,hub,hotspot,572,0x1.fa7388923cbb8p-11,19;30;2,20;2
20230716.gml.geo,hub,hotspot,573,0x1.fa7388923cbb8p-11,19;30;3,20;3
20230716.gml.geo,hub,hotspot,574,0x1.fa7388923cbb8p-11,19;30;4,20;4
20230716.gml.geo,hub,hotspot,575,0x1.fa7388923cbb8p-11,19;30;5,20;5
20230716.gml.geo,hub,hotspot,576,0x1.fa7388923cbb8p-11,19;30;6,20;6
20230716.gml.geo,hub,hotspot,577,0x1.fa7388923cbb8p-11,19;30;7,20;7
20230716.gml.geo,hub,hotspot,578,0x1.fa7388923cbb8p-11,19;30;8,20;8
20230716.gml.geo,hub,hotspot,579,0x1.fa7388923cbb8p-11,19;30;9,20;9
20230716.gml.geo,hub,hotspot,580,0x1.fa7388923cbb8p-11,19;30;10,20;10
20230716.gml.geo,hub,hotspot,581,0x1.fa7388923cbb8p-11,19;30;11,20;11
20230716.gml.geo,hub,hotspot,582,0x1.fa7388923cbb8p-11,19;30;12,20;12
20230716.gml.geo,hub,hotspot,583,0x1.fa7388923cbb8p-11,19;30;13,20;13
20230716.gml.geo,hub,hotspot,584,0x1.fa7388923cbb8p-11,19;30;14,20;14
20230716.gml.geo,hub,hotspot,585,0x1.18f37a7a3bda0p-10,19;30;15,20;16
20230716.gml.geo,hub,hotspot,586,0x1.fa7388923cbb8p-11,19;30;16,20;17
20230716.gml.geo,hub,hotspot,587,0x1.fa7388923cbb8p-11,19;30;17,20;18
20230716.gml.geo,hub,hotspot,588,0x1.fa7388923cbb8p-11,19;30;18,20;19
20230716.gml.geo,hub,hotspot,589,0x1.18f37a7a3bda0p-10,19;30;20,20;21
20230716.gml.geo,hub,hotspot,590,0x1.fa7388923cbb8p-11,19;30;21,20;22
20230716.gml.geo,hub,hotspot,591,0x1.fa7388923cbb8p-11,19;30;22,20;23
20230716.gml.geo,hub,hotspot,592,0x1.fa7388923cbb8p-11,19;30;23,20;24
20230716.gml.geo,hub,hotspot,593,0x1.fa7388923cbb8p-11,19;30;24,20;25
20230716.gml.geo,hub,hotspot,594,0x1.fa7388923cbb8p-11,19;30;25,20;26
20230716.gml.geo,hub,hotspot,595,0x1.fa7388923cbb8p-11,19;30;26,20;27
20230716.gml.geo,hub,hotspot,596,0x1.fa7388923cbb8p-11,19;30;27,20;28
20230716.gml.geo,hub,hotspot,597,0x1.fa7388923cbb8p-11,19;30;28,20;29
20230716.gml.geo,hub,hotspot,598,0x1.fa7388923cbb8p-11,19;30;29,20;30
20230716.gml.geo,hub,hotspot,599,0x1.0850d9f65d5c4p-8,19;30,20
20230716.gml.geo,hub,hotspot,600,0x1.fb601fb601fb6p-11,20;30;0,21;0
20230716.gml.geo,hub,hotspot,601,0x1.fb601fb601fb6p-11,20;30;1,21;1
20230716.gml.geo,hub,hotspot,602,0x1.fb601fb601fb6p-11,20;30;2,21;2
20230716.gml.geo,hub,hotspot,603,0x1.fb601fb601fb6p-11,20;30;3,21;3
20230716.gml.geo,hub,hotspot,604,0x1.fb601fb601fb6p-11,20;30;4,21;4
20230716.gml.geo,hub,hotspot,605,0x1.fb601fb601fb6p-11,20;30;5,21;5
20230716.gml.geo,hub,hotspot,606,0x1.fb601fb601fb6p-11,20;30;6,21;6
20230716.gml.geo,hub,hotspot,607,0x1.fb601fb601fb6p-11,20;30;7,21;7
20230716.gml.geo,hub,hotspot,608,0x1.fb601fb601fb6p-11,20;30;8,21;8
20230716.gml.geo,hub,hotspot,609,0x1.fb601fb601fb6p-11,20;30;9,21;9
20230716.gml.geo,hub,hotspot,610,0x1.fb601fb601fb6p-11,20;30;10,21;10
20230716.gml.geo,hub,hotspot,611,0x1.fb601fb601fb6p-11,20;30;11,21;11
20230716.gml.geo,hub,hotspot,612,0x1.fb601fb601fb6p-11,20;30;12,21;12
20230716.gml.geo,hub,hotspot,613,0x1.fb601fb601fb6p-11,20;30;13,21;13
20230716.gml.geo,hub,hotspot,614,0x1.fb601fb601fb6p-11,20;30;14,21;14
20230716.gml.geo,hub,hotspot,615,0x1.19e0119e0119ep-10,20;15,15
20230716.gml.geo,hub,hotspot,616,0x1.fb601fb601fb6p-11,20;30;16,21;17
20230716.gml.geo,hub,hotspot,617,0x1.fb601fb601fb6p-11,20;30;17,21;18
20230716.gml.geo,hub,hotspot,618,0x1.fb601fb601fb6p-11,20;30;18,21;19
20230716.gml.geo,hub,hotspot,619,0x1.fb601fb601fb6p-11,20;30;19,21;20
20230716.gml.geo,hub,hotspot,620,0x1.fb601fb601fb6p-11,20;30;21,21;22
20230716.gml.geo,hub,hotspot,621,0x1.fb601fb601fb6p-11,20;30;22,21;23
20230716.gml.geo,hub,hotspot,622,0x1.fb601fb601fb6p-11,20;30;23,21;24
20230716.gml.geo,hub,hotspot,623,0x1.fb601fb601fb6p-11,20;30;24,21;25
20230716.gml.geo,hub,hotspot,624,0x1.fb601fb601fb6p-11,20;30;25,21;26
20230716.gml.geo,hub,hotspot,625,0x1.fb601fb601fb6p-11,20;30;26,21;27
20230716.gml.geo,hub,hotspot,626,0x1.fb601fb601fb6p-11,20;30;27,21;28
20230716.gml.geo,hub,hotspot,627,0x1.fb601fb601fb6p-11,20;30;28,21;29
20230716.gml.geo,hub,hotspot,628,0x1.fb601fb601fb6p-11,20;30;29,21;30
20230716.gml.geo,hub,hotspot,629,0x1.0bc810bc810bcp-8,20;30,21
20230716.gml.geo,hub,hotspot,630,0x1.fa7388923cbb8p-11,21;30;0,22;0
20230716.gml.geo,hub,hotspot,631,0x1.fa7388923cbb8p-11,21;30;1,22;1
20230716.gml.geo,hub,hotspot,632,0x1.fa7388923cbb8p-11,21;30;2,22;2
20230716.gml.geo,hub,hotspot,633,0x1.fa7388923cbb8p-11,21;30;3,22;3
20230716.gml.geo,hub,hotspot,634,0x1.fa7388923cbb8p-11,21;30;4,22;4
20230716.gml.geo,hub,hotspot,635,0x1.fa7388923cbb8p-11,21;30;5,22;5
20230716.gml.geo,hub,hotspot,636,0x1.fa7388923cbb8p-11,21;30;6,22;6
20230716.gml.geo,hub,hotspot,637,0x1.fa7388923cbb8p-11,21;30;7,22;7
20230716.gml.geo,hub,hotspot,638,0x1.fa7388923cbb8p-11,21;30;8,22;8
20230716.gml.geo,hub,hotspot,639,0x1.fa7388923cbb8p-11,21;30;9,22;9
20230716.gml.geo,hub,hotspot,640,0x1.fa7388923cbb8p-11,21;30;10,22;10
20230716.gml.geo,hub,hotspot,641,0x1.fa7388923cbb8p-11,21;30;11,22;11
20230716.gml.geo,hub,hotspot,642,0x1.fa7388923cbb8p-11,21;30;12,22;12
20230716.gml.geo,hub,hotspot,643,0x1.fa7388923cbb8p-11,21;30;13,22;13
20230716.gml.geo,hub,hotspot,644,0x1.fa7388923cbb8p-11,21;30;14,22;14
20230716.gml.geo,hub,hotspot,645,0x1.18f37a7a3bda0p-10,21;30;15,22;16
20230716.gml.geo,hub,hotspot,646,0x1.fa7388923cbb8p-11,21;30;16,22;17
20230716.gml.geo,hub,hotspot,647,0x1.fa7388923cbb8p-11,21;30;17,22;18
20230716.gml.geo,hub,hotspot,648,0x1.fa7388923cbb8p-11,21;30;18,22;19
20230716.gml.geo,hub,hotspot,649,0x1.fa7388923cbb8p-11,21;30;19,22;20
20230716.gml.geo,hub,hotspot,650,0x1.18f37a7a3bda0p-10,21;30;20,22;21
20230716.gml.geo,hub,hotspot,651,0x1.fa7388923cbb8p-11,21;30;22,22;23
20230716.gml.geo,hub,hotspot,652,0x1.fa7388923cbb8p-11,21;30;23,22;24
20230716.gml.geo,hub,hotspot,653,0x1.fa7388923cbb8p-11,21;30;24,22;25
20230716.gml.geo,hub,hotspot,654,0x1.fa7388923cbb8p-11,21;30;25,22;26
20230716.gml.geo,hub,hotspot,655,0x1.fa7388923cbb8p-11,21;30;26,22;27
20230716.gml.geo,hub,hotspot,656,0x1.fa7388923cbb8p-11,21;30;27,22;28
20230716.gml.geo,hub,hotspot,657,0x1.fa7388923cbb8p-11,21;30;28,22;29
20230716.gml.geo,hub,hotspot,658,0x1.fa7388923cbb8p-11,21;30;29,22;30
20230716.gml.geo,hub,hotspot,659,0x1.0850d9f65d5c4p-8,21;30,22
20230716.gml.geo,hub,hotspot,660,0x1.fa7388923cbb8p-11,22;30;0,23;0
20230716.gml.geo,hub,hotspot,661,0x1.fa7388923cbb8p-11,22;30;1,23;1
20230716.gml.geo,hub,hotspot,662,0x1.fa7388923cbb8p-11,22;30;2,23;2
20230716.gml.geo,hub,hotspot,663,0x1.fa7388923cbb8p-11,22;30;3,23;3
20230716.gml.geo,hub,hotspot,664,0x1.fa7388923cbb8p-11,22;30;4,23;4
20230716.gml.geo,hub,hotspot,665,0x1.fa7388923cbb8p-11,22;30;5,23;5
20230716.gml.geo,hub,hotspot,666,0x1.fa7388923cbb8p-11,22;30;6,23;6
20230716.gml.geo,hub,hotspot,667,0x1.fa7388923cbb8p-11,22;30;7,23;7
20230716.gml.geo,hub,hotspot,668,0x1.fa7388923cbb8p-11,22;30;8,23;8
20230716.gml.geo,hub,hotspot,669,0x1.fa7388923cbb8p-11,22;30;9,23;9
20230716.gml.geo,hub,hotspot,670,0x1.fa7388923cbb8p-11,22;30;10,23;10
20230716.gml.geo,hub,hotspot,671,0x1.fa7388923cbb8p-11,22;30;11,23;11
20230716.gml.geo,hub,hotspot,672,0x1.fa7388923cbb8p-11,22;30;12,23;12
20230716.gml.geo,hub,hotspot,673,0x1.fa7388923cbb8p-11,22;30;13,23;13
20230716.gml.geo,hub,hotspot,674,0x1.fa7388923cbb8p-11,22;30;14,23;14
20230716.gml.geo,hub,hotspot,675,0x1.18f37a7a3bda0p-10,22;30;15,23;16
20230716.gml.geo,hub,hotspot,676,0x1.fa7388923cbb8p-11,22;30;16,23;17
20230716.gml.geo,hub,hotspot,677,0x1.fa7388923cbb8p-11,22;30;17,23;18
20230716.gml.geo,hub,hotspot,678,0x1.fa7388923cbb8p-11,22;30;18,23;19
20230716.gml.geo,hub,hotspot,679,0x1.fa7388923cbb8p-11,22;30;19,23;20
20230716.gml.geo,hub,hotspot,680,0x1.18f37a7a3bda0p-10,22;30;20,23;21
20230716.gml.geo,hub,hotspot,681,0x1.fa7388923cbb8p-11,22;30;21,23;22
20230716.gml.geo,hub,hotspot,682,0x1.fa7388923cbb8p-11,22;30;23,23;24
20230716.gml.geo,hub,hotspot,683,0x1.fa7388923cbb8p-11,22;30;24,23;25
20230716.gml.geo,hub,hotspot,684,0x1.fa7388923cbb8p-11,22;30;25,23;26
20230716.gml.geo,hub,hotspot,685,0x1.fa7388923cbb8p-11,22;30;26,23;27
20230716.gml.geo,hub,hotspot,686,0x1.fa7388923cbb8p-11,22;30;27,23;28
20230716.gml.geo,hub,hotspot,687,0x1.fa7388923cbb8p-11,22;30;28,23;29
20230716.gml.geo,hub,hotspot,688,0x1.fa7388923cbb8p-11,22;30;29,23;30
20230716.gml.geo,hub,hotspot,689,0x1.0850d9f65d5c4p-8,22;30,23
20230716.gml.geo,hub,hotspot,690,0x1.fa7388923cbb8p-11,23;30;0,24;0
20230716.gml.geo,hub,hotspot,691,0x1.fa7388923cbb8p-11,23;30;1,24;1
20230716.gml.geo,hub,hotspot,692,0x1.fa7388923cbb8p-11,23;30;2,24;2
20230716.gml.geo,hub,hotspot,693,0x1.fa7388923cbb8p-11,23;30;3,24;3
20230716.gml.geo,hub,hotspot,694,0x1.fa7388923cbb8p-11,23;30;4,24;4
20230716.gml.geo,hub,hotspot,695,0x1.fa7388923cbb8p-11,23;30;5,24;5
20230716.gml.geo,hub,hotspot,696,0x1.fa7388923cbb8p-11,23;30;6,24;6
20230716.gml.geo,hub,hotspot,697,0x1.fa7388923cbb8p-11,23;30;7,24;7
20230716.gml.geo,hub,hotspot,698,0x1.fa7388923cbb8p-11,23;30;8,24;8
20230716.gml.geo,hub,hotspot,699,0x1.fa7388923cbb8p-11,23;30;9,24;9
20230716.gml.geo,hub,hotspot,700,0x1.fa7388923cbb8p-11,23;30;10,24;10
20230716.gml.geo,hub,hotspot,701,0x1.fa7388923cbb8p-11,23;30;11,24;11
20230716.gml.geo,hub,hotspot,702,0x1.fa7388923cbb8p-11,23;30;12,24;12
20230716.gml.geo,hub,hotspot,703,0x1.fa7388923cbb8p-11,23;30;13,24;13
20230716.gml.geo,hub,hotspot,704,0x1.fa7388923cbb8p-11,23;30;14,24;14
20230716.gml.geo,hub,hotspot,705,0x1.18f37a7a3bda0p-10,23;30;15,24;16
20230716.gml.geo,hub,hotspot,706,0x1.fa7388923cbb8p-11,23;30;16,24;17
20230716.gml.geo,hub,hotspot,707,0x1.fa7388923cbb8p-11,23;30;17,24;18
20230716.gml.geo,hub,hotspot,708,0x1.fa7388923cbb8p-11,23;30;18,24;19
20230716.gml.geo,hub,hotspot,709,0x1.fa7388923cbb8p-11,23;30;19,24;20
20230716.gml.geo,hub,hotspot,710,0x1.18f37a7a3bda0p-10,23;30;20,24;21
20230716.gml.geo,hub,hotspot,711,0x1.fa7388923cbb8p-11,23;30;21,24;22
20230716.gml.geo,hub,hotspot,712,0x1.fa7388923cbb8p-11,23;30;22,24;23
20230716.gml.geo,hub,hotspot,713,0x1.fa7388923cbb8p-11,23;30;24,24;25
20230716.gml.geo,hub,hotspot,714,0x1.fa7388923cbb8p-11,23;30;25,24;26
20230716.gml.geo,hub,hotspot,715,0x1.fa7388923cbb8p-11,23;30;26,24;27
20230716.gml.geo,hub,hotspot,716,0x1.fa7388923cbb8p-11,23;30;27,24;28
20230716.gml.geo,hub,hotspot,717,0x1.fa7388923cbb8p-11,23;30;28,24;29
20230716.gml.geo,hub,hotspot,718,0x1.fa7388923cbb8p-11,23;30;29,24;30
20230716.gml.geo,hub,hotspot,719,0x1.0850d9f65d5c4p-8,23;30,24
20230716.gml.geo,hub,hotspot,720,0x1.fa7388923cbb8p-11,24;30;0,25;0
20230716.gml.geo,hub,hotspot,721,0x1.fa7388923cbb8p-11,24;30;1,25;1
20230716.gml.geo,hub,hotspot,722,0x1.fa7388923cbb8p-11,24;30;2,25;2
20230716.gml.geo,hub,hotspot,723,0x1.fa7388923cbb8p-11,24;30;3,25;3
20230716.gml.geo,hub,hotspot,724,0x1.fa7388923cbb8p-11,24;30;4,25;4
20230716.gml.geo,hub,hotspot,725,0x1.fa7388923cbb8p-11,24;30;5,25;5
20230716.gml.geo,hub,hotspot,726,0x1.fa7388923cbb8p-11,24;30;6,25;6
20230716.gml.geo,hub,hotspot,727,0x1.fa7388923cbb8p-11,24;30;7,25;7
20230716.gml.geo,hub,hotspot,728,0x1.fa7388923cbb8p-11,24;30;8,25;8
20230716.gml.geo,hub,hotspot,729,0x1.fa7388923cbb8p-11,24;30;9,25;9
20230716.gml.geo,hub,hotspot,730,0x1.fa7388923cbb8p-11,24;30;10,25;10
20230716.gml.geo,hub,hotspot,731,0x1.fa7388923cbb8p-11,24;30;11,25;11
20230716.gml.geo,hub,hotspot,732,0x1.fa7388923cbb8p-11,24;30;12,25;12
20230716.gml.geo,hub,hotspot,733,0x1.fa7388923cbb8p-11,24;30;13,25;13
20230716.gml.geo,hub,hotspot,734,0x1.fa7388923cbb8p-11,24;30;14,25;14
20230716.gml.geo,hub,hotspot,735,0x1.18f37a7a3bda0p-10,24;30;15,25;16
20230716.gml.geo,hub,hotspot,736,0x1.fa7388923cbb8p-11,24;30;16,25;17
20230716.gml.geo,hub,hotspot,737,0x1.fa7388923cbb8p-11,24;30;17,25;18
20230716.gml.geo,hub,hotspot,738,0x1.fa7388923cbb8p-11,24;30;18,25;19
20230716.gml.geo,hub,hotspot,739,0x1.fa7388923cbb8p-11,24;30;19,25;20
20230716.gml.geo,hub,hotspot,740,0x1.18f37a7a3bda0p-10,24;30;20,25;21
20230716.gml.geo,hub,hotspot,741,0x1.fa7388923cbb8p-11,24;30;21,25;22
20230716.gml.geo,hub,hotspot,742,0x1.fa7388923cbb8p-11,24;30;22,25;23
20230716.gml.geo,hub,hotspot,743,0x1.fa7388923cbb8p-11,24;30;23,25;24
20230716.gml.geo,hub,hotspot,744,0x1.fa7388923cbb8p-11,24;30;25,25;26
20230716.gml.geo,hub,hotspot,745,0x1.fa7388923cbb8p-11,24;30;26,25;27
20230716.gml.geo,hub,hotspot,746,0x1.fa7388923cbb8p-11,24;30;27,25;28
20230716.gml.geo,hub,hotspot,747,0x1.fa7388923cbb8p-11,24;30;28,25;29
20230716.gml.geo,hub,hotspot,748,0x1.fa7388923cbb8p-11,24;30;29,25;30
20230716.gml.geo,hub,hotspot,749,0x1.0850d9f65d5c4p-8,24;30,25
20230716.gml.geo,hub,hotspot,750,0x1.fa7388923cbb8p-11,25;30;0,26;0
20230716.gml.geo,hub,hotspot,751,0x1.fa7388923cbb8p-11,25;30;1,26;1
20230716.gml.geo,hub,hotspot,752,0x1.fa7388923cbb8p-11,25;30;2,26;2
20230716.gml.geo,hub,hotspot,753,0x1.fa7388923cbb8p-11,25;30;3,26;3
20230716.gml.geo,hub,hotspot,754,0x1.fa7388923cbb8p-11,25;30;4,26;4
20230716.gml.geo,hub,hotspot,755,0x1.fa7388923cbb8p-11,25;30;5,26;5
20230716.gml.geo,hub,hotspot,756,0x1.fa7388923cbb8p-11,25;30;6,26;6
20230716.gml.geo,hub,hotspot,757,0x1.fa7388923cbb8p-11,25;30;7,26;7
20230716.gml.geo,hub,hotspot,758,0x1.fa7388923cbb8p-11,25;30;8,26;8
20230716.gml.geo,hub,hotspot,759,0x1.fa7388923cbb8p-11,25;30;9,26;9
20230716.gml.geo,hub,hotspot,760,0x1.fa7388923cbb8p-11,25;30;10,26;10
20230716.gml.geo,hub,hotspot,761,0x1.fa7388923cbb8p-11,25;30;11,26;11
20230716.gml.geo,hub,hotspot,762,0x1.fa7388923cbb8p-11,25;30;12,26;12
20230716.gml.geo,hub,hotspot,763,0x1.fa7388923cbb8p-11,25;30;13,26;13
20230716.gml.geo,hub,hotspot,764,0x1.fa7388923cbb8p-11,25;30;14,26;14
20230716.gml.geo,hub,hotspot,765,0x1.18f37a7a3bda0p-10,25;30;15,26;16
20230716.gml.geo,hub,hotspot,766,0x1.fa7388923cbb8p-11,25;30;16,26;17
20230716.gml.geo,hub,hotspot,767,0x1.fa7388923cbb8p-11,25;30;17,26;18
20230716.gml.geo,hub,hotspot,768,0x1.fa7388923cbb8p-11,25;30;18,26;19
20230716.gml.geo,hub,hotspot,769,0x1.fa7388923cbb8p-11,25;30;19,26;20
20230716.gml.geo,hub,hotspot,770,0x1.18f37a7a3bda0p-10,25;30;20,26;21
20230716.gml.geo,hub,hotspot,771,0x1.fa7388923cbb8p-11,25;30;21,26;22
20230716.gml.geo,hub,hotspot,772,0x1.fa7388923cbb8p-11,25;30;22,26;23
20230716.gml.geo,hub,hotspot,773,0x1.fa7388923cbb8p-11,25;30;23,26;24
20230716.gml.geo,hub,hotspot,774,0x1.fa7388923cbb8p-11,25;30;24,26;25
20230716.gml.geo,hub,hotspot,775,0x1.fa7388923cbb8p-11,25;30;26,26;27
20230716.gml.geo,hub,hotspot,776,0x1.fa7388923cbb8p-11,25;30;27,26;28
20230716.gml.geo,hub,hotspot,777,0x1.fa7388923cbb8p-11,25;30;28,26;29
20230716.gml.geo,hub,hotspot,778,0x1.fa7388923cbb8p-11,25;30;29,26;30
20230716.gml.geo,hub,hotspot,779,0x1.0850d9f65d5c4p-8,25;30,26
20230716.gml.geo,hub,hotspot,780,0x1.fa7388923cbb8p-11,26;30;0,27;0
20230716.gml.geo,hub,hotspot,781,0x1.fa7388923cbb8p-11,26;30;1,27;1
20230716.gml.geo,hub,hotspot,782,0x1.fa7388923cbb8p-11,26;30;2,27;2
20230716.gml.geo,hub,hotspot,783,0x1.fa7388923cbb8p-11,26;30;3,27;3
20230716.gml.geo,hub,hotspot,784,0x1.fa7388923cbb8p-11,26;30;4,27;4
20230716.gml.geo,hub,hotspot,785,0x1.fa7388923cbb8p-11,26;30;5,27;5
20230716.gml.geo,hub,hotspot,786,0x1.fa7388923cbb8p-11,26;30;6,27;6
20230716.gml.geo,hub,hotspot,787,0x1.fa7388923cbb8p-11,26;30;7,27;7
20230716.gml.geo,hub,hotspot,788,0x1.fa7388923cbb8p-11,26;30;8,27;8
20230716.gml.geo,hub,hotspot,789,0x1.fa7388923cbb8p-11,26;30;9,27;9
20230716.gml.geo,hub,hotspot,790,0x1.fa7388923cbb8p-11,26;30;10,27;10
20230716.gml.geo,hub,hotspot,791,0x1.fa7388923cbb8p-11,26;30;11,27;11
20230716.gml.geo,hub,hotspot,792,0x1.fa7388923cbb8p-11,26;30;12,27;12
20230716.gml.geo,hub,hotspot,793,0x1.fa7388923cbb8p-11,26;30;13,27;13
20230716.gml.geo,hub,hotspot,794,0x1.fa7388923cbb8p-11,26;30;14,27;14
20230716.gml.geo,hub,hotspot,795,0x1.18f37a7a3bda0p-10,26;30;15,27;16
20230716.gml.geo,hub,hotspot,796,0x1.fa7388923cbb8p-11,26;30;16,27;17
20230716.gml.geo,hub,hotspot,797,0x1.fa7388923cbb8p-11,26;30;17,27;18
20230716.gml.geo,hub,hotspot,798,0x1.fa7388923cbb8p-11,26;30;18,27;19
20230716.gml.geo,hub,hotspot,799,0x1.fa7388923cbb8p-11,26;30;19,27;20
20230716.gml.geo,hub,hotspot,800,0x1.18f37a7a3bda0p-10,26;30;20,27;21
20230716.gml.geo,hub,hotspot,801,0x1.fa7388923cbb8p-11,26;30;21,27;22
20230716.gml.geo,hub,hotspot,802,0x1.fa7388923cbb8p-11,26;30;22,27;23
20230716.gml.geo,hub,hotspot,803,0x1.fa7388923cbb8p-11,26;30;23,27;24
20230716.gml.geo,hub,hotspot,804,0x1.fa7388923cbb8p-11,26;30;24,27;25
20230716.gml.geo,hub,hotspot,805,0x1.fa7388923cbb8p-11,26;30;25,27;26
20230716.gml.geo,hub,hotspot,806,0x1.fa7388923cbb8p-11,26;30;27,27;28
20230716.gml.geo,hub,hotspot,807,0x1.fa7388923cbb8p-11,26;30;28,27;29
20230716.gml.geo,hub,hotspot,808,0x1.fa7388923cbb8p-11,26;30;29,27;30
20230716.gml.geo,hub,hotspot,809,0x1.0850d9f65d5c4p-8,26;30,27
20230716.gml.geo,hub,hotspot,810,0x1.fa7388923cbb8p-11,27;30;0,28;0
20230716.gml.geo,hub,hotspot,811,0x1.fa7388923cbb8p-11,27;30;1,28;1
20230716.gml.geo,hub,hotspot,812,0x1.fa7388923cbb8p-11,27;30;2,28;2
20230716.gml.geo,hub,hotspot,813,0x1.fa7388923cbb8p-11,27;30;3,28;3
20230716.gml.geo,hub,hotspot,814,0x1.fa7388923cbb8p-11,27;30;4,28;4
20230716.gml.geo,hub,hotspot,815,0x1.fa7388923cbb8p-11,27;30;5,28;5
20230716.gml.geo,hub,hotspot,816,0x1.fa7388923cbb8p-11,27;30;6,28;6
20230716.gml.geo,hub,hotspot,817,0x1.fa7388923cbb8p-11,27;30;7,28;7
20230716.gml.geo,hub,hotspot,818,0x1.fa7388923cbb8p-11,27;30;8,28;8
20230716.gml.geo,hub,hotspot,819,0x1.fa7388923cbb8p-11,27;30;9,28;9
20230716.gml.geo,hub,hotspot,820,0x1.fa7388923cbb8p-11,27;30;10,28;10
20230716.gml.geo,hub,hotspot,821,0x1.fa7388923cbb8p-11,27;30;11,28;11
20230716.gml.geo,hub,hotspot,822,0x1.fa7388923cbb8p-11,27;30;12,28;12
20230716.gml.geo,hub,hotspot,823,0x1.fa7388923cbb8p-11,27;30;13,28;13
20230716.gml.geo,hub,hotspot,824,0x1.fa7388923cbb8p-11,27;30;14,28;14
20230716.gml.geo,hub,hotspot,825,0x1.18f37a7a3bda0p-10,27;30;15,28;16
20230716.gml.geo,hub,hotspot,826,0x1.fa7388923cbb8p-11,27;30;16,28;17
20230716.gml.geo,hub,hotspot,827,0x1.fa7388923cbb8p-11,27;30;17,28;18
20230716.gml.geo,hub,hotspot,828,0x1.fa7388923cbb8p-11,27;30;18,28;19
20230716.gml.geo,hub,hotspot,829,0x1.fa7388923cbb8p-11,27;30;19,28;20
20230716.gml.geo,hub,hotspot,830,0x1.18f37a7a3bda0p-10,27;30;20,28;21
20230716.gml.geo,hub,hotspot,831,0x1.fa7388923cbb8p-11,27;30;21,28;22
20230716.gml.geo,hub,hotspot,832,0x1.fa7388923cbb8p-11,27;30;22,28;23
20230716.gml.geo,hub,hotspot,833,0x1.fa7388923cbb8p-11,27;30;23,28;24
20230716.gml.geo,hub,hotspot,834,0x1.fa7388923cbb8p-11,27;30;24,28;25
20230716.gml.geo,hub,hotspot,835,0x1.fa7388923cbb8p-11,27;30;25,28;26
20230716.gml.geo,hub,hotspot,836,0x1.fa7388923cbb8p-11,27;30;26,28;27
20230716.gml.geo,hub,hotspot,837,0x1.fa7388923cbb8p-11,27;30;28,28;29
20230716.gml.geo,hub,hotspot,838,0x1.fa7388923cbb8p-11,27;30;29,28;30
20230716.gml.geo,hub,hotspot,839,0x1.0850d9f65d5c4p-8,27;30,28
20230716.gml.geo,hub,hotspot,840,0x1.fa7388923cbb8p-11,28;30;0,29;0
20230716.gml.geo,hub,hotspot,841,0x1.fa7388923cbb8p-11,28;30;1,29;1
20230716.gml.geo,hub,hotspot,842,0x1.fa7388923cbb8p-11,28;30;2,29;2
20230716.gml.geo,hub,hotspot,843,0x1.fa7388923cbb8p-11,28;30;3,29;3
20230716.gml.geo,hub,hotspot,844,0x1.fa7388923cbb8p-11,28;30;4,29;4
20230716.gml.geo,hub,hotspot,845,0x1.fa7388923cbb8p-11,28;30;5,29;5
20230716.gml.geo,hub,hotspot,846,0x1.fa7388923cbb8p-11,28;30;6,29;6
20230716.gml.geo,hub,hotspot,847,0x1.fa7388923cbb8p-11,28;30;7,29;7
20230716.gml.geo,hub,hotspot,848,0x1.fa7388923cbb8p-11,28;30;8,29;8
20230716.gml.geo,hub,hotspot,849,0x1.fa7388923cbb8p-11,28;30;9,29;9
20230716.gml.geo,hub,hotspot,850,0x1.fa7388923cbb8p-11,28;30;10,29;10
20230716.gml.geo,hub,hotspot,851,0x1.fa7388923cbb8p-11,28;30;11,29;11
20230716.gml.geo,hub,hotspot,852,0x1.fa7388923cbb8p-11,28;30;12,29;12
20230716.gml.geo,hub,hotspot,853,0x1.fa7388923cbb8p-11,28;30;13,29;13
20230716.gml.geo,hub,hotspot,854,0x1.fa7388923cbb8p-11,28;30;14,29;14
20230716.gml.geo,hub,hotspot,855,0x1.18f37a7a3bda0p-10,28;30;15,29;16
20230716.gml.geo,hub,hotspot,856,0x1.fa7388923cbb8p-11,28;30;16,29;17
20230716.gml.geo,hub,hotspot,857,0x1.fa7388923cbb8p-11,28;30;17,29;18
20230716.gml.geo,hub,hotspot,858,0x1.fa7388923cbb8p-11,28;30;18,29;19
20230716.gml.geo,hub,hotspot,859,0x1.fa7388923cbb8p-11,28;30;19,29;20
20230716.gml.geo,hub,hotspot,860,0x1.18f37a7a3bda0p-10,28;30;20,29;21
20230716.gml.geo,hub,hotspot,861,0x1.fa7388923cbb8p-11,28;30;21,29;22
20230716.gml.geo,hub,hotspot,862,0x1.fa7388923cbb8p-11,28;30;22,29;23
20230716.gml.geo,hub,hotspot,863,0x1.fa7388923cbb8p-11,28;30;23,29;24
20230716.gml.geo,hub,hotspot,864,0x1.fa7388923cbb8p-11,28;30;24,29;25
20230716.gml.geo,hub,hotspot,865,0x1.fa7388923cbb8p-11,28;30;25,29;26
20230716.gml.geo,hub,hotspot,866,0x1.fa7388923cbb8p-11,28;30;26,29;27
20230716.gml.geo,hub,hotspot,867,0x1.fa7388923cbb8p-11,28;30;27,29;28
20230716.gml.geo,hub,hotspot,868,0x1.fa7388923cbb8p-11,28;30;29,29;30
20230716.gml.geo,hub,hotspot,869,0x1.0850d9f65d5c4p-8,28;30,29
20230716.gml.geo,hub,hotspot,870,0x1.fa7388923cbb8p-11,29;30;0,30;0
20230716.gml.geo,hub,hotspot,871,0x1.fa7388923cbb8p-11,29;30;1,30;1
20230716.gml.geo,hub,hotspot,872,0x1.fa7388923cbb8p-11,29;30;2,30;2
20230716.gml.geo,hub,hotspot,873,0x1.fa7388923cbb8p-11,29;30;3,30;3
20230716.gml.geo,hub,hotspot,874,0x1.fa7388923cbb8p-11,29;30;4,30;4
20230716.gml.geo,hub,hotspot,875,0x1.fa7388923cbb8p-11,29;30;5,30;5
20230716.gml.geo,hub,hotspot,876,0x1.fa7388923cbb8p-11,29;30;6,30;6
20230716.gml.geo,hub,hotspot,877,0x1.fa7388923cbb8p-11,29;30;7,30;7
20230716.gml.geo,hub,hotspot,878,0x1.fa7388923cbb8p-11,29;30;8,30;8
20230716.gml.geo,hub,hotspot,879,0x1.fa7388923cbb8p-11,29;30;9,30;9
20230716.gml.geo,hub,hotspot,880,0x1.fa7388923cbb8p-11,29;30;10,30;10
20230716.gml.geo,hub,hotspot,881,0x1.fa7388923cbb8p-11,29;30;11,30;11
20230716.gml.geo,hub,hotspot,882,0x1.fa7388923cbb8p-11,29;30;12,30;12
20230716.gml.geo,hub,hotspot,883,0x1.fa7388923cbb8p-11,29;30;13,30;13
20230716.gml.geo,hub,hotspot,884,0x1.fa7388923cbb8p-11,29;30;14,30;14
20230716.gml.geo,hub,hotspot,885,0x1.18f37a7a3bda0p-10,29;30;15,30;16
20230716.gml.geo,hub,hotspot,886,0x1.fa7388923cbb8p-11,29;30;16,30;17
20230716.gml.geo,hub,hotspot,887,0x1.fa7388923cbb8p-11,29;30;17,30;18
20230716.gml.geo,hub,hotspot,888,0x1.fa7388923cbb8p-11,29;30;18,30;19
20230716.gml.geo,hub,hotspot,889,0x1.fa7388923cbb8p-11,29;30;19,30;20
20230716.gml.geo,hub,hotspot,890,0x1.18f37a7a3bda0p-10,29;30;20,30;21
20230716.gml.geo,hub,hotspot,891,0x1.fa7388923cbb8p-11,29;30;21,30;22
20230716.gml.geo,hub,hotspot,892,0x1.fa7388923cbb8p-11,29;30;22,30;23
20230716.gml.geo,hub,hotspot,893,0x1.fa7388923cbb8p-11,29;30;23,30;24
20230716.gml.geo,hub,hotspot,894,0x1.fa7388923cbb8p-11,29;30;24,30;25
20230716.gml.geo,hub,hotspot,895,0x1.fa7388923cbb8p-11,29;30;25,30;26
20230716.gml.geo,hub,hotspot,896,0x1.fa7388923cbb8p-11,29;30;26,30;27
20230716.gml.geo,hub,hotspot,897,0x1.fa7388923cbb8p-11,29;30;27,30;28
20230716.gml.geo,hub,hotspot,898,0x1.fa7388923cbb8p-11,29;30;28,30;29
20230716.gml.geo,hub,hotspot,899,0x1.0850d9f65d5c4p-8,29;30,30
20230716.gml.geo,hub,hotspot,900,0x1.165a1165a1166p-10,30;0,0
20230716.gml.geo,hub,hotspot,901,0x1.165a1165a1166p-10,30;1,1
20230716.gml.geo,hub,hotspot,902,0x1.165a1165a1166p-10,30;2,2
20230716.gml.geo,hub,hotspot,903,0x1.165a1165a1166p-10,30;3,3
20230716.gml.geo,hub,hotspot,904,0x1.165a1165a1166p-10,30;4,4
20230716.gml.geo,hub,hotspot,905,0x1.165a1165a1166p-10,30;5,5
20230716.gml.geo,hub,hotspot,906,0x1.165a1165a1166p-10,30;6,6
20230716.gml.geo,hub,hotspot,907,0x1.165a1165a1166p-10,30;7,7
20230716.gml.geo,hub,hotspot,908,0x1.165a1165a1166p-10,30;8,8
20230716.gml.geo,hub,hotspot,909,0x1.165a1165a1166p-10,30;9,9
20230716.gml.geo,hub,hotspot,910,0x1.165a1165a1166p-10,30;10,10
20230716.gml.geo,hub,hotspot,911,0x1.165a1165a1166p-10,30;11,11
20230716.gml.geo,hub,hotspot,912,0x1.165a1165a1166p-10,30;12,12
20230716.gml.geo,hub,hotspot,913,0x1.165a1165a1166p-10,30;13,13
20230716.gml.geo,hub,hotspot,914,0x1.165a1165a1166p-10,30;14,14
20230716.gml.geo,hub,hotspot,915,0x1.4b3414b3414b3p-10,30;15,16
20230716.gml.geo,hub,hotspot,916,0x1.165a1165a1166p-10,30;16,17
20230716.gml.geo,hub,hotspot,917,0x1.165a1165a1166p-10,30;17,18
20230716.gml.geo,hub,hotspot,918,0x1.165a1165a1166p-10,30;18,19
20230716.gml.geo,hub,hotspot,919,0x1.165a1165a1166p-10,30;19,20
20230716.gml.geo,hub,hotspot,920,0x1.4b3414b3414b3p-10,30;20,21
20230716.gml.geo,hub,hotspot,921,0x1.165a1165a1166p-10,30;21,22
20230716.gml.geo,hub,hotspot,922,0x1.165a1165a1166p-10,30;22,23
20230716.gml.geo,hub,hotspot,923,0x1.165a1165a1166p-10,30;23,24
20230716.gml.geo,hub,hotspot,924,0x1.165a1165a1166p-10,30;24,25
20230716.gml.geo,hub,hotspot,925,0x1.165a1165a1166p-10,30;25,26
20230716.gml.geo,hub,hotspot,926,0x1.165a1165a1166p-10,30;26,27
20230716.gml.geo,hub,hotspot,927,0x1.165a1165a1166p-10,30;27,28
20230716.gml.geo,hub,hotspot,928,0x1.165a1165a1166p-10,30;28,29
20230716.gml.geo,hub,hotspot,929,0x1.165a1165a1166p-10,30;29,30
