k,N,p_bias,source,signed_relative_error_percent,absolute_relative_error_percent,uncertainty_aware_error_upper_percent,top20_conservative_bound
3,10,0.3,boundary_confirmation,-0.14514160163789547,0.14514160163789547,1.585562972431953,False
3,10,0.975,boundary_confirmation,0.02736859773904367,0.02736859773904367,3.466058709211506,False
3,10,1.025,boundary_confirmation,0.9121380818140943,0.9121380818140943,4.342755216095151,False
3,10,1.9,boundary_confirmation,0.11587410132438375,0.11587410132438375,1.3405694608179086,False
3,14,0.325,blind2,0.14382462334583573,0.14382462334583573,1.6625832678471175,False
3,14,0.525,blind2,-0.5494871448297346,0.5494871448297346,2.4949244330899067,False
3,14,0.725,blind2,-0.7604963582820106,0.7604963582820106,3.3122010854361394,False
3,14,0.94,blind2,0.7984371238073048,0.7984371238073048,4.656546849424381,True
3,14,1.0,fresh_precision_confirmation,-0.1487664509364855,0.1487664509364855,1.349417739275216,False
3,14,1.06,blind2,-0.7060485488337092,0.7060485488337092,4.267715005160233,False
3,14,1.275,blind2,-0.8405618713447822,0.8405618713447822,3.2197236607096613,False
3,14,1.675,blind2,0.2706476152076574,0.2706476152076574,1.807105101716222,False
3,14,1.875,blind2,0.12426355924626238,0.12426355924626238,1.362989711220819,False
3,28,0.325,blind2,0.16401849308602617,0.16401849308602617,1.2233895689856888,False
3,28,0.525,blind2,-0.05312468639587457,0.05312468639587457,1.4204291030975646,False
3,28,0.725,blind2,0.4579945779355981,0.4579945779355981,2.432379537876539,False
3,28,0.94,blind2,0.010742468939626387,0.010742468939626387,3.5232767788376584,False
3,28,1.0,fresh_precision_confirmation,0.3015635593673053,0.3015635593673053,1.5312501099155718,False
3,28,1.06,blind2,-0.2110717379848268,0.2110717379848268,3.405682041335112,False
3,28,1.275,blind2,-0.4601518489438985,0.4601518489438985,2.2747687188690136,False
3,28,1.675,blind2,-0.3603531491435176,0.3603531491435176,1.4364346172356823,False
3,28,1.875,blind2,0.009569342930161933,0.009569342930161933,0.9366153633077801,False
3,56,0.325,blind2,0.06736678085063838,0.06736678085063838,0.816330601771198,False
3,56,0.525,blind2,0.08806856385016178,0.08806856385016178,1.063003690144959,False
3,56,0.725,blind2,0.6052097126941067,0.6052097126941067,1.9890234647228944,False
3,56,0.94,blind2,0.20466460756732777,0.20466460756732777,3.053487800848087,False
3,56,1.0,fresh_precision_confirmation,-0.4719436777838406,0.4719436777838406,1.6861147194763504,False
3,56,1.06,blind2,0.7649958786480423,0.7649958786480423,3.4867173835471332,False
3,56,1.275,blind2,-0.2743566252817873,0.2743566252817873,1.5632560651522742,False
3,56,1.675,blind2,0.06419766108964761,0.06419766108964761,0.8701799339442484,False
3,56,1.875,blind2,0.180167758364915,0.180167758364915,0.8446503335613142,False
3,112,0.325,blind2,0.10150918665949933,0.10150918665949933,0.6327641038273768,False
3,112,0.525,blind2,0.15282993967526773,0.15282993967526773,0.8493505609284746,False
3,112,0.725,blind2,-0.15130593647794383,0.15130593647794383,1.0957216006723947,False
3,112,0.94,blind2,0.0671089403334333,0.0671089403334333,2.2458610880543795,False
3,112,1.0,blind2,-1.2159569672012482,1.2159569672012482,4.871987237953979,True
3,112,1.06,blind2,0.3961667546734649,0.3961667546734649,2.4204128788282375,False
3,112,1.275,blind2,-0.17336822718619707,0.17336822718619707,1.1170592865406226,False
3,112,1.675,blind2,-0.12485710616372847,0.12485710616372847,0.6947687922581047,False
3,112,1.875,blind2,-0.06582209599463057,0.06582209599463057,0.5315055627350129,False
3,128,0.3,boundary_confirmation,-0.0013346176052218444,0.0013346176052218444,0.4076058838395902,False
3,128,0.975,boundary_confirmation,-0.18211840334447954,0.18211840334447954,2.5786682720268295,False
3,128,1.025,boundary_confirmation,0.1685455210060828,0.1685455210060828,2.5437717557778683,False
3,128,1.9,boundary_confirmation,0.06966311905766613,0.06966311905766613,0.44430585594401606,False
4,10,0.3,boundary_confirmation,-0.16660422288959786,0.16660422288959786,1.6731676509941562,False
4,10,0.975,boundary_confirmation,0.5086808763409661,0.5086808763409661,3.595296483583166,False
4,10,1.025,boundary_confirmation,-0.40400464146052817,0.40400464146052817,3.2664068064870766,False
4,10,1.9,boundary_confirmation,-1.1274486247682303,1.1274486247682303,2.4640233962584523,False
4,14,0.325,blind2,-1.1247350655226633,1.1247350655226633,2.635620045908371,False
4,14,0.525,blind2,-0.11996299754896979,0.11996299754896979,2.042241227126762,False
4,14,0.725,blind2,-0.007155723805140649,0.007155723805140649,2.657313525466831,False
4,14,0.94,blind2,0.929786418560786,0.929786418560786,4.411608165948855,False
4,14,1.0,blind2,0.46663616725135204,0.46663616725135204,4.06028366334672,False
4,14,1.06,fresh_precision_confirmation,-3.5515676141882313,3.5515676141882313,4.571370057484925,False
4,14,1.275,blind2,-1.1103186337923825,1.1103186337923825,3.411106876777581,False
4,14,1.675,blind2,-0.8119994988470624,0.8119994988470624,2.3919230685556236,False
4,14,1.875,blind2,-0.5981839982335515,0.5981839982335515,1.9740526047666629,False
4,28,0.325,blind2,-2.0483880890988737,2.0483880890988737,3.1096929974741117,False
4,28,0.525,blind2,-0.7029259880180713,0.7029259880180713,2.090379071819437,False
4,28,0.725,blind2,0.3813895293845611,0.3813895293845611,2.3270487366216397,False
4,28,0.94,blind2,-0.48008498080198475,0.48008498080198475,3.578429939204164,False
4,28,1.0,blind2,0.9166445202477221,0.9166445202477221,4.4995131013986445,False
4,28,1.06,fresh_precision_confirmation,-3.8395381136912854,3.8395381136912854,4.783032840277956,True
4,28,1.275,blind2,-0.7640287770509031,0.7640287770509031,2.5587055865519015,False
4,28,1.675,blind2,1.2029273167646926,1.2029273167646926,2.4512085446720677,False
4,28,1.875,blind2,1.9141064454869894,1.9141064454869894,3.0137191264925978,False
4,56,0.325,blind2,-0.3475619106247695,0.3475619106247695,1.1223889551983723,False
4,56,0.525,blind2,-0.03676401693329123,0.03676401693329123,1.011917332457113,False
4,56,0.725,blind2,0.2212398784191002,0.2212398784191002,1.6001076317600393,False
4,56,0.94,blind2,-0.8678570767382771,0.8678570767382771,3.4906729438337836,False
4,56,1.0,fresh_precision_confirmation,0.17217238817170613,0.17217238817170613,1.2839227489812144,False
4,56,1.06,blind2,-1.2167215501192274,1.2167215501192274,3.7023685528474126,False
4,56,1.275,blind2,-0.6591561028769234,0.6591561028769234,1.9954638454659057,False
4,56,1.675,blind2,0.6197063862006824,0.6197063862006824,1.528448693889617,False
4,56,1.875,blind2,1.0666285495469023,1.0666285495469023,1.85395534473336,False
4,112,0.325,blind2,0.03070138714449062,0.03070138714449062,0.5874134699782152,False
4,112,0.525,blind2,0.07780230039701085,0.07780230039701085,0.8001718379031963,False
4,112,0.725,blind2,-0.048965966951791694,0.048965966951791694,1.0033598460840953,False
4,112,0.94,blind2,-0.12050639259981091,0.12050639259981091,2.175602565536683,False
4,112,1.0,blind2,0.01664502116354062,0.01664502116354062,3.6088837214410585,False
4,112,1.06,blind2,0.01325311137059007,0.01325311137059007,1.9992271210437673,False
4,112,1.275,blind2,-1.7381536132793225,1.7381536132793225,2.7288834139507667,False
4,112,1.675,blind2,-1.2261814106695226,1.2261814106695226,1.8611766275749342,False
4,112,1.875,blind2,-1.222948621473421,1.222948621473421,1.7645602516685899,False
4,128,0.3,boundary_confirmation,0.040836982283786655,0.040836982283786655,0.4795131700778388,False
4,128,0.975,boundary_confirmation,-0.051188062962437386,0.051188062962437386,2.357692846632964,False
4,128,1.025,boundary_confirmation,-1.4008484822169565,1.4008484822169565,3.628119304508104,False
4,128,1.9,boundary_confirmation,-1.2560501715573718,1.2560501715573718,1.6925274320028327,False
5,10,0.3,boundary_confirmation,0.4761574868985271,0.4761574868985271,2.0852136608021654,False
5,10,0.975,boundary_confirmation,-0.5178573084852331,0.5178573084852331,3.257544164031201,False
5,10,1.025,boundary_confirmation,-1.1050612512469618,1.1050612512469618,3.83215243578805,False
5,10,1.9,boundary_confirmation,-0.8591733252542764,0.8591733252542764,2.3121421461935965,False
5,14,0.325,blind2,-1.1356477402021983,1.1356477402021983,2.6953712398002705,False
5,14,0.525,blind2,0.18688917844932235,0.18688917844932235,2.208853925614074,False
5,14,0.725,blind2,-1.660643508664398,1.660643508664398,4.056291950768287,False
5,14,0.94,blind2,1.402456619300194,1.402456619300194,4.702537825175912,True
5,14,1.0,fresh_precision_confirmation,0.5604753262258027,0.5604753262258027,1.5994194712104726,False
5,14,1.06,fresh_precision_confirmation,-2.0100072365894843,2.0100072365894843,2.9779371496955753,False
5,14,1.275,blind2,1.1396984820069311,1.1396984820069311,3.6586553132021526,False
5,14,1.675,blind2,-0.16301289292459165,0.16301289292459165,1.87796687512779,False
5,14,1.875,blind2,-0.1062347162966108,0.1062347162966108,1.5917375795213906,False
5,28,0.325,blind2,-1.9953840193258716,1.9953840193258716,3.093560221862901,False
5,28,0.525,blind2,-0.7814144660160991,0.7814144660160991,2.183808960323741,False
5,28,0.725,blind2,0.662279668803272,0.662279668803272,2.5818562508344245,False
5,28,0.94,blind2,0.09227598032452212,0.09227598032452212,3.1910777909777366,False
5,28,1.0,blind2,0.21822348699287977,0.21822348699287977,3.6346300827712286,False
5,28,1.06,fresh_precision_confirmation,-1.9760742783283163,1.9760742783283163,2.8851177998061472,False
5,28,1.275,blind2,0.8451105026331656,0.8451105026331656,2.7619545576738957,False
5,28,1.675,blind2,0.4968259524380967,0.4968259524380967,1.822231443133382,False
5,28,1.875,blind2,1.2774065484736634,1.2774065484736634,2.4652732626675666,False
5,56,0.325,blind2,-0.9488082584685793,0.9488082584685793,1.7276841371532181,False
5,56,0.525,blind2,-0.5156562457438949,0.5156562457438949,1.5059624952758144,False
5,56,0.725,blind2,0.1014092818614572,0.1014092818614572,1.5056027599585908,False
5,56,0.94,blind2,-2.505293208855287,2.505293208855287,4.999455560645771,True
5,56,1.0,blind2,0.5524351717735014,0.5524351717735014,3.8534173032336527,False
5,56,1.06,blind2,0.8055658283267455,0.8055658283267455,3.385991601898497,False
5,56,1.275,blind2,0.8200928403754865,0.8200928403754865,2.3072187791450594,False
5,56,1.675,blind2,1.0152463881782028,1.0152463881782028,2.0056751655463945,False
5,56,1.875,blind2,1.3029870757228454,1.3029870757228454,2.1718614074167863,False
5,112,0.325,blind2,0.07136339101821043,0.07136339101821043,0.6399898513386848,False
5,112,0.525,blind2,0.13717750222206596,0.13717750222206596,0.8511759680017716,False
5,112,0.725,blind2,-0.3959010956791844,0.3959010956791844,1.3498807405712854,False
5,112,0.94,blind2,1.8145905398972297,1.8145905398972297,3.922464916008761,False
5,112,1.0,blind2,0.1614156997374979,0.1614156997374979,3.535943650679507,False
5,112,1.06,blind2,1.3507725243943223,1.3507725243943223,3.396111253903422,False
5,112,1.275,blind2,-0.8392504780709764,0.8392504780709764,1.9043549625574974,False
5,112,1.675,blind2,-0.789020936076299,0.789020936076299,1.4828337718281737,False
5,112,1.875,blind2,-0.9055812388433816,0.9055812388433816,1.5126699655602427,False
5,128,0.3,boundary_confirmation,-0.20084968840639014,0.20084968840639014,0.6460246598364416,False
5,128,0.975,boundary_confirmation,-0.8539438451297096,0.8539438451297096,3.0972819910300764,False
5,128,1.025,boundary_confirmation,-0.340616352172516,0.340616352172516,2.527257725635079,False
5,128,1.9,boundary_confirmation,-1.0731860403736395,1.0731860403736395,1.5601436587117878,False
6,10,0.3,boundary_confirmation,0.2953313540174639,0.2953313540174639,1.9482344721513778,False
6,10,0.975,boundary_confirmation,0.132018023455251,0.132018023455251,2.804641049488832,False
6,10,1.025,boundary_confirmation,-0.6261910041492117,0.6261910041492117,3.1641245923707095,False
6,10,1.9,boundary_confirmation,0.418994182377278,0.418994182377278,2.0037118638505547,False
6,14,0.325,blind2,-0.27658072068190875,0.27658072068190875,1.8665641616941842,False
6,14,0.525,blind2,0.2175818499516544,0.2175818499516544,2.222337547058184,False
6,14,0.725,blind2,0.5804485068039413,0.5804485068039413,3.16241702204636,False
6,14,0.94,blind2,1.7388023938386756,1.7388023938386756,4.850524706781889,True
6,14,1.0,blind2,0.6207414022777962,0.6207414022777962,3.790835953219962,False
6,14,1.06,blind2,-1.8577866001205263,1.8577866001205263,4.727921222743159,True
6,14,1.275,blind2,0.5904944040208402,0.5904944040208402,3.054114558561083,False
6,14,1.675,blind2,0.06372779199798502,0.06372779199798502,1.8649689283549264,False
6,14,1.875,blind2,-0.7565171088233305,0.7565171088233305,2.31933990718155,False
6,28,0.325,blind2,-1.949900522595509,1.949900522595509,3.075760247835746,False
6,28,0.525,blind2,-0.12139279029630087,0.12139279029630087,1.5693127907027926,False
6,28,0.725,blind2,-0.2589412274690077,0.2589412274690077,2.1232932871945276,False
6,28,0.94,blind2,0.1674870986237027,0.1674870986237027,3.148013703057728,False
6,28,1.0,blind2,1.6840742889423832,1.6840742889423832,4.7991944337195,True
6,28,1.06,blind2,-1.092450748033003,1.092450748033003,3.805385390205329,False
6,28,1.275,blind2,1.6024424452209614,1.6024424452209614,3.58169356231659,False
6,28,1.675,blind2,0.7536531047189957,0.7536531047189957,2.1584047957504016,False
6,28,1.875,blind2,0.44368739306417593,0.44368739306417593,1.7041888455276988,False
6,56,0.325,blind2,-1.186588166330761,1.186588166330761,1.9812520900974961,False
6,56,0.525,blind2,-0.2847737635024805,0.2847737635024805,1.281483436687303,False
6,56,0.725,blind2,0.17248698546477248,0.17248698546477248,1.5707564727534873,False
6,56,0.94,blind2,-0.9256474123137499,0.9256474123137499,3.431113355632198,False
6,56,1.0,blind2,-0.51586169372593,0.51586169372593,3.4216361515395866,False
6,56,1.06,blind2,0.49514783648621985,0.49514783648621985,3.0978776679154274,False
6,56,1.275,blind2,0.9794989632568591,0.9794989632568591,2.505408770718276,False
6,56,1.675,blind2,0.6620027363927232,0.6620027363927232,1.728547254934809,False
6,56,1.875,blind2,1.0341875210713896,1.0341875210713896,1.9766850844597172,False
6,112,0.325,blind2,-0.11572529639487589,0.11572529639487589,0.6822864856763311,False
6,112,0.525,blind2,-0.1154234160339422,0.1154234160339422,0.8289415722332327,False
6,112,0.725,blind2,-0.16369365808806743,0.16369365808806743,1.1369611312309846,False
6,112,0.94,blind2,1.0600629128968202,1.0600629128968202,3.1713799346993143,False
6,112,1.0,blind2,0.7478026425353652,0.7478026425353652,3.9255825929948918,False
6,112,1.06,blind2,2.26746266705298,2.26746266705298,4.378600306382485,False
6,112,1.275,blind2,-0.4478959352614045,0.4478959352614045,1.5518517460430759,False
6,112,1.675,blind2,-0.6120770720038422,0.6120770720038422,1.3524318559509863,False
6,112,1.875,blind2,-0.544751617731025,0.544751617731025,1.2058277253419458,False
6,128,0.3,boundary_confirmation,-0.1834713576276118,0.1834713576276118,0.6339058592763402,False
6,128,0.975,boundary_confirmation,-0.7327497783714311,0.7327497783714311,2.9045636822131793,False
6,128,1.025,boundary_confirmation,-0.27469905796427047,0.27469905796427047,2.4012351322821868,False
6,128,1.9,boundary_confirmation,-0.794374862352999,0.794374862352999,1.3229576362196571,False
7,10,0.3,boundary_confirmation,0.5347744855397437,0.5347744855397437,2.1995834125597025,False
7,10,0.975,boundary_confirmation,-0.666549212333189,0.666549212333189,3.1247649591952253,False
7,10,1.025,boundary_confirmation,-0.1481567104526318,0.1481567104526318,2.607793493515309,False
7,10,1.9,boundary_confirmation,0.5272923890721997,0.5272923890721997,2.157027099579234,False
7,14,0.325,blind2,0.6019266154989984,0.6019266154989984,2.2597321132438397,False
7,14,0.525,blind2,0.5119971522769104,0.5119971522769104,2.515315821653119,False
7,14,0.725,blind2,0.18350183593560868,0.18350183593560868,2.625893352483444,False
7,14,0.94,blind2,0.11001613759693551,0.11001613759693551,3.1048784163943743,False
7,14,1.0,blind2,0.938507799744894,0.938507799744894,3.945468422689369,False
7,14,1.06,blind2,-1.7103570114078255,1.7103570114078255,4.485972372530533,False
7,14,1.275,blind2,1.4231015795784472,1.4231015795784472,3.8532177336130236,False
7,14,1.675,blind2,0.746733737743722,0.746733737743722,2.631720779300184,False
7,14,1.875,blind2,0.5884272201866967,0.5884272201866967,2.3177822173992446,False
7,28,0.325,blind2,-1.6538667486811467,1.6538667486811467,2.7862851702619373,False
7,28,0.525,blind2,-0.6232283972464345,0.6232283972464345,2.0445574891468143,False
7,28,0.725,blind2,0.09346826407842124,0.09346826407842124,2.0503578877397954,False
7,28,0.94,blind2,1.0707157317862679,1.0707157317862679,3.9178375128438914,False
7,28,1.0,blind2,-0.42246634634962743,0.42246634634962743,3.2313808863782323,False
7,28,1.06,blind2,-0.9384637788395246,0.9384637788395246,3.5343462616190147,False
7,28,1.275,blind2,1.7670315795450278,1.7670315795450278,3.833229991241538,False
7,28,1.675,blind2,0.21477020399977828,0.21477020399977828,1.6776751640781518,False
7,28,1.875,blind2,-0.25296798195856807,0.25296798195856807,1.5227906547253922,False
7,56,0.325,blind2,-1.1629990666616525,1.1629990666616525,1.9712407989499692,False
7,56,0.525,blind2,-0.40096369708063445,0.40096369708063445,1.4083927688629982,False
7,56,0.725,blind2,-0.026519325932221165,0.026519325932221165,1.3893040354454822,False
7,56,0.94,blind2,-0.9331044514247676,0.9331044514247676,3.338111354016493,False
7,56,1.0,blind2,-0.27660631558586146,0.27660631558586146,3.068783187231372,False
7,56,1.06,blind2,0.42247880514668007,0.42247880514668007,2.9407327265697836,False
7,56,1.275,blind2,1.106072509132831,1.106072509132831,2.6868343224373703,False
7,56,1.675,blind2,0.20442369536344457,0.20442369536344457,1.2838805875946546,False
7,56,1.875,blind2,0.935952547145474,0.935952547145474,1.9319376395793286,False
7,112,0.325,blind2,-0.17351536514547095,0.17351536514547095,0.7535994369563981,False
7,112,0.525,blind2,-0.11810651703237861,0.11810651703237861,0.8472264325221301,False
7,112,0.725,blind2,-0.226358268121757,0.226358268121757,1.1953566959412076,False
7,112,0.94,blind2,1.2396800349325638,1.2396800349325638,3.3205627738562837,False
7,112,1.0,blind2,-0.13971139538078425,0.13971139538078425,2.991332653075318,False
7,112,1.06,blind2,2.037244709363818,2.037244709363818,4.161110694379988,False
7,112,1.275,blind2,0.18565717337417093,0.18565717337417093,1.390410718654378,False
7,112,1.675,blind2,-0.12328169722627355,0.12328169722627355,0.9092254150562584,False
7,112,1.875,blind2,0.21423697719310553,0.21423697719310553,0.9288504264526765,False
7,128,0.3,boundary_confirmation,-0.09397410560690966,0.09397410560690966,0.5543837373167659,False
7,128,0.975,boundary_confirmation,-2.5914031621396867,2.5914031621396867,4.716924180873794,True
7,128,1.025,boundary_confirmation,-0.5103465795461949,0.5103465795461949,2.5520275435536366,False
7,128,1.9,boundary_confirmation,-0.3992399383831183,0.3992399383831183,0.9653960787725069,False
8,10,0.3,boundary_confirmation,0.5446196072436932,0.5446196072436932,2.193825377507763,False
8,10,0.975,boundary_confirmation,-1.6233405797568219,1.6233405797568219,3.9438181405696326,False
8,10,1.025,boundary_confirmation,0.6699942837125491,0.6699942837125491,3.1266406922984658,False
8,10,1.9,boundary_confirmation,0.8897935671855062,0.8897935671855062,2.5442721066242457,False
8,14,0.325,blind2,-0.009371268144486784,0.009371268144486784,1.6667562355953125,False
8,14,0.525,blind2,0.8177051665089893,0.8177051665089893,2.8494277580084493,False
8,14,0.725,blind2,-0.41210438841334224,0.41210438841334224,2.6627439629249405,False
8,14,0.94,blind2,1.1547895964716526,1.1547895964716526,4.020201224064235,False
8,14,1.0,blind2,-0.5308477505357971,0.5308477505357971,3.2655180250847793,False
8,14,1.06,fresh_precision_confirmation,-1.6073761293448143,1.6073761293448143,2.4558366463358627,False
8,14,1.275,blind2,0.47157638081565856,0.47157638081565856,2.849019821175003,False
8,14,1.675,blind2,0.8001835375764866,0.8001835375764866,2.7440739478702847,False
8,14,1.875,blind2,0.4434637313462512,0.4434637313462512,2.185667641581346,False
8,28,0.325,blind2,-1.2782070316185412,1.2782070316185412,2.4181244518193257,False
8,28,0.525,blind2,-0.05834463488423549,0.05834463488423549,1.4828331801765016,False
8,28,0.725,blind2,0.019901647510650468,0.019901647510650468,1.9482320126626762,False
8,28,0.94,blind2,0.02629131502080965,0.02629131502080965,2.7633745993429493,False
8,28,1.0,blind2,-0.1411896131963597,0.1411896131963597,2.867646706535576,False
8,28,1.06,blind2,-1.5498963060159945,1.5498963060159945,4.095088251908363,False
8,28,1.275,blind2,2.275564361116278,2.275564361116278,4.36731116344844,False
8,28,1.675,blind2,-0.05616259940885721,0.05616259940885721,1.4806619960291756,False
8,28,1.875,blind2,-0.37477639490974174,0.37477639490974174,1.6980118861340765,False
8,56,0.325,blind2,-1.2557179661472442,1.2557179661472442,2.0713779346203665,False
8,56,0.525,blind2,-0.770898745841674,0.770898745841674,1.7819331556102158,False
8,56,0.725,blind2,0.30750893876857266,0.30750893876857266,1.6964069112285873,False
8,56,0.94,blind2,-0.6144594788354039,0.6144594788354039,2.9886159924143896,False
8,56,1.0,blind2,1.8116131880779565,1.8116131880779565,4.6816683746784715,True
8,56,1.06,blind2,-0.59376961385764,0.59376961385764,2.9178554403512136,False
8,56,1.275,blind2,0.8544769383423741,0.8544769383423741,2.4646725101282962,False
8,56,1.675,blind2,0.5235036128049484,0.5235036128049484,1.671397614506387,False
8,56,1.875,blind2,0.6263628382829955,0.6263628382829955,1.649045957770312,False
8,112,0.325,blind2,-0.12614647325471298,0.12614647325471298,0.7235230363791811,False
8,112,0.525,blind2,0.041144153594430584,0.041144153594430584,0.7711190944902135,False
8,112,0.725,blind2,0.09835650359232882,0.09835650359232882,1.0749196351068413,False
8,112,0.94,blind2,0.8878038997394467,0.8878038997394467,2.9825475311761496,False
8,112,1.0,blind2,0.9278282792440525,0.9278282792440525,3.812631499408914,False
8,112,1.06,blind2,1.265290742776801,1.265290742776801,3.4147345422088637,False
8,112,1.275,blind2,-0.24539300757154092,0.24539300757154092,1.4459085690122442,False
8,112,1.675,blind2,-0.08921123509383896,0.08921123509383896,0.9251639975810577,False
8,112,1.875,blind2,0.16197615246945488,0.16197615246945488,0.9090383800809176,False
8,128,0.3,boundary_confirmation,-0.0862877845680805,0.0862877845680805,0.5551616687177519,False
8,128,0.975,boundary_confirmation,-0.7234956617564531,0.7234956617564531,2.7694155145319255,False
8,128,1.025,boundary_confirmation,-0.9578551408843266,0.9578551408843266,2.9818261143172875,False
8,128,1.9,boundary_confirmation,-0.19278423258887747,0.19278423258887747,0.7826216790693175,False
9,10,0.3,boundary_confirmation,0.7300406431781223,0.7300406431781223,2.3796911334694304,False
9,10,0.975,boundary_confirmation,-0.3669880759039385,0.3669880759039385,2.631848274190618,False
9,10,1.025,boundary_confirmation,-0.5596448146618794,0.5596448146618794,2.821538079483177,False
9,10,1.9,boundary_confirmation,1.1148698124983358,1.1148698124983358,2.8337662568402866,False
9,14,0.325,blind2,0.09898636659069633,0.09898636659069633,1.806967875570864,False
9,14,0.525,blind2,0.27560811542584013,0.27560811542584013,2.2865139470118923,False
9,14,0.725,blind2,-0.9821721853087235,0.9821721853087235,3.2472105937412343,False
9,14,0.94,blind2,0.5089372284341256,0.5089372284341256,3.3053768896987856,False
9,14,1.0,blind2,-0.6957128415383258,0.6957128415383258,3.3160966965679495,False
9,14,1.06,blind2,-1.7831204716406046,1.7831204716406046,4.304637457715965,False
9,14,1.275,blind2,-0.00568765518292698,0.00568765518292698,2.3666670526225397,False
9,14,1.675,blind2,1.6782841224665015,1.6782841224665015,3.6072387070207323,False
9,14,1.875,blind2,0.4098000644573487,0.4098000644573487,2.1958751165603196,False
9,28,0.325,blind2,-1.6563168511024031,1.6563168511024031,2.7989195357446373,False
9,28,0.525,blind2,-0.034812892212750385,0.034812892212750385,1.4775019900226671,False
9,28,0.725,blind2,-0.3837704401144026,0.3837704401144026,2.249048563722633,False
9,28,0.94,blind2,1.071675130729423,1.071675130729423,3.7072021607199135,False
9,28,1.0,blind2,-0.2747902486164493,0.2747902486164493,2.842095458645366,False
9,28,1.06,blind2,-1.3107191147781578,1.3107191147781578,3.7591469927911736,False
9,28,1.275,blind2,1.7792183409444824,1.7792183409444824,3.821991921374601,False
9,28,1.675,blind2,-0.2241696198980222,0.2241696198980222,1.7191426111562658,False
9,28,1.875,blind2,-0.25830751501445026,0.25830751501445026,1.6024519101330958,False
9,56,0.325,blind2,-1.0238374597527458,1.0238374597527458,1.8534233238531206,False
9,56,0.525,blind2,-0.7352110571882058,0.7352110571882058,1.7400118365589967,False
9,56,0.725,blind2,0.03627638250033405,0.03627638250033405,1.4387949199875738,False
9,56,0.94,blind2,-1.036059580672326,1.036059580672326,3.3797121001989616,False
9,56,1.0,blind2,0.7782131059940314,0.7782131059940314,3.566901327870453,False
9,56,1.06,blind2,-0.1133922067329861,0.1133922067329861,2.4502508495907627,False
9,56,1.275,blind2,0.7289306691520917,0.7289306691520917,2.3913563261706905,False
9,56,1.675,blind2,-0.4466637019203531,0.4466637019203531,1.585140652784267,False
9,56,1.875,blind2,-0.24673951794256466,0.24673951794256466,1.285431660165648,False
9,112,0.325,blind2,0.06519873104819567,0.06519873104819567,0.6613699898465386,False
9,112,0.525,blind2,-0.009238564399823276,0.009238564399823276,0.7317828282449312,False
9,112,0.725,blind2,0.06414081645339195,0.06414081645339195,1.0579185740159147,False
9,112,0.94,blind2,0.0968885862147222,0.0968885862147222,2.1391518710645707,False
9,112,1.0,blind2,-0.7897428576084883,0.7897428576084883,3.359054269817141,False
9,112,1.06,blind2,1.6652011139075311,1.6652011139075311,3.810205791937804,False
9,112,1.275,blind2,-0.8006382812840869,0.8006382812840869,2.030085075656307,False
9,112,1.675,blind2,0.16775778530953847,0.16775778530953847,1.0507642584433707,False
9,112,1.875,blind2,0.5948083254790687,0.5948083254790687,1.382744800205482,False
9,128,0.3,boundary_confirmation,0.10170272170838747,0.10170272170838747,0.5815139129841107,False
9,128,0.975,boundary_confirmation,0.1701124591045686,0.1701124591045686,2.3086451378803163,False
9,128,1.025,boundary_confirmation,-0.9036932431464639,0.9036932431464639,2.9094863741969457,False
9,128,1.9,boundary_confirmation,-0.01608140638732569,0.01608140638732569,0.6376435401534208,False
10,10,0.3,boundary_confirmation,0.3087122580404852,0.3087122580404852,1.967404004830775,False
10,10,0.975,boundary_confirmation,-0.34066200843972405,0.34066200843972405,2.5311445669427446,False
10,10,1.025,boundary_confirmation,-0.6730730149955501,0.6730730149955501,2.84421359626269,False
10,10,1.9,boundary_confirmation,1.5433119607349746,1.5433119607349746,3.258215135655118,False
10,14,0.325,blind2,0.05454759532294505,0.05454759532294505,1.7555335645934367,False
10,14,0.525,blind2,-0.45253634523577235,0.45253634523577235,2.3700849514433853,False
10,14,0.725,blind2,-0.878023010582495,0.878023010582495,3.0975190927707175,False
10,14,0.94,blind2,0.3233424783780745,0.3233424783780745,2.996087773253464,False
10,14,1.0,blind2,-0.8002893652145678,0.8002893652145678,3.3296688801778385,False
10,14,1.06,blind2,-1.3459492748855562,1.3459492748855562,3.747906982451432,False
10,14,1.275,blind2,0.48028511342657193,0.48028511342657193,2.792299566777001,False
10,14,1.675,blind2,0.619034122527063,0.619034122527063,2.546947122339893,False
10,14,1.875,blind2,1.1647481616463502,1.1647481616463502,2.9712522404669706,False
10,28,0.325,blind2,-1.2849561069505946,1.2849561069505946,2.467195803081035,False
10,28,0.525,blind2,0.6103276452036515,0.6103276452036515,2.1007267836331778,False
10,28,0.725,blind2,0.2530147422718655,0.2530147422718655,2.1577948440414385,False
10,28,0.94,blind2,0.4753463897130705,0.4753463897130705,3.060644706960214,False
10,28,1.0,blind2,0.9884734151092004,0.9884734151092004,3.6392701934103044,False
10,28,1.06,blind2,-1.9300492297051326,1.9300492297051326,4.283432928626252,False
10,28,1.275,blind2,1.6485823379024107,1.6485823379024107,3.6906558683563517,False
10,28,1.675,blind2,0.14160193147651148,0.14160193147651148,1.70015526707199,False
10,28,1.875,blind2,-0.26733711557704415,0.26733711557704415,1.6431189631227694,False
10,56,0.325,blind2,-1.4986970004818356,1.4986970004818356,2.334792870064406,False
10,56,0.525,blind2,-0.4499643514954762,0.4499643514954762,1.4595086158322834,False
10,56,0.725,blind2,0.9338498923499929,0.9338498923499929,2.328411560774124,False
10,56,0.94,blind2,-0.30525771730130496,0.30525771730130496,2.5611484325517964,False
10,56,1.0,blind2,-0.18592901021119698,0.18592901021119698,2.709086073356659,False
10,56,1.06,blind2,-1.4179498591940922,1.4179498591940922,3.643898548437974,False
10,56,1.275,blind2,1.4725917636018295,1.4725917636018295,3.169365371428201,False
10,56,1.675,blind2,-0.2542067191906699,0.2542067191906699,1.4283694397993152,False
10,56,1.875,blind2,-0.653275683765069,0.653275683765069,1.7206898957565997,False
10,112,0.325,blind2,-0.045686706993329385,0.045686706993329385,0.6320342512015076,False
10,112,0.525,blind2,0.11997113922642064,0.11997113922642064,0.8562962380453953,False
10,112,0.725,blind2,0.1458955808254033,0.1458955808254033,1.1366192387026741,False
10,112,0.94,blind2,0.1454211362057763,0.1454211362057763,2.1577038205563115,False
10,112,1.0,blind2,-0.8469246018003325,0.8469246018003325,3.412360429774719,False
10,112,1.06,blind2,0.3054507206061344,0.3054507206061344,2.3930219279729714,False
10,112,1.275,blind2,0.48238833333396297,0.48238833333396297,1.8091575800861293,False
10,112,1.675,blind2,-0.2759571320451487,0.2759571320451487,1.156450879462334,False
10,112,1.875,blind2,0.056357279177404775,0.056357279177404775,0.8570793454686365,False
10,128,0.3,boundary_confirmation,-0.1136519354072415,0.1136519354072415,0.5823632720330152,False
10,128,0.975,boundary_confirmation,-0.15384805293269505,0.15384805293269505,2.162581932834573,False
10,128,1.025,boundary_confirmation,-1.081795855826634,1.081795855826634,3.0486044949887936,False
10,128,1.9,boundary_confirmation,0.23426760637523827,0.23426760637523827,0.8929287393707686,False
11,10,0.3,boundary_confirmation,0.13159193891117069,0.13159193891117069,1.7828405113008428,False
11,10,0.975,boundary_confirmation,-1.0805367406579134,1.0805367406579134,3.2210180409708022,False
11,10,1.025,boundary_confirmation,-0.18938174100352223,0.18938174100352223,2.2990846244071217,False
11,10,1.9,boundary_confirmation,1.0366315496889085,1.0366315496889085,2.752547109595427,False
11,14,0.325,blind2,1.0970838907212592,1.0970838907212592,2.8345281925567845,False
11,14,0.525,blind2,0.12627982333767238,0.12627982333767238,2.074165497290692,False
11,14,0.725,blind2,0.11405238919633034,0.11405238919633034,2.395514156994216,False
11,14,0.94,blind2,-0.98948209479341,0.98948209479341,3.452768426684516,False
11,14,1.0,blind2,-0.374272926504031,0.374272926504031,2.7853990087082114,False
11,14,1.06,blind2,-1.431683135626474,1.431683135626474,3.8289215241681496,False
11,14,1.275,blind2,-0.12404319010321893,0.12404319010321893,2.35120662432603,False
11,14,1.675,blind2,0.5701988457070352,0.5701988457070352,2.5161009821272895,False
11,14,1.875,blind2,0.11781818365627582,0.11781818365627582,1.8866185726199136,False
11,28,0.325,blind2,-0.9669643449745127,0.9669643449745127,2.1573820438214986,False
11,28,0.525,blind2,0.414931559046412,0.414931559046412,1.8830140318674138,False
11,28,0.725,blind2,-0.22260713662116846,0.22260713662116846,2.0422725787547003,False
11,28,0.94,blind2,0.6758025885039645,0.6758025885039645,3.1486904683916572,False
11,28,1.0,blind2,-0.3064838243930204,0.3064838243930204,2.7950382365127813,False
11,28,1.06,blind2,-2.235390359661814,2.235390359661814,4.5610629847265605,False
11,28,1.275,blind2,0.9081602350795954,0.9081602350795954,2.9703847318607535,False
11,28,1.675,blind2,0.3360704400079042,0.3360704400079042,1.9451794264751632,False
11,28,1.875,blind2,-1.5841825205337416,1.5841825205337416,2.9635752363690093,False
11,56,0.325,blind2,-1.800126187928904,1.800126187928904,2.6262741634944686,False
11,56,0.525,blind2,-0.671312527961868,0.671312527961868,1.694266198080474,False
11,56,0.725,blind2,0.02959208765926332,0.02959208765926332,1.4326319001454424,False
11,56,0.94,blind2,-2.4530673238599134,2.4530673238599134,4.648595189055182,True
11,56,1.0,blind2,-0.5950425728002959,0.5950425728002959,3.0456980247393295,False
11,56,1.06,blind2,-2.270411757793713,2.270411757793713,4.459063779951178,False
11,56,1.275,blind2,0.9638851833471823,0.9638851833471823,2.6788267934523047,False
11,56,1.675,blind2,-1.111248763232348,1.111248763232348,2.29818799270165,False
11,56,1.875,blind2,-1.1262347843690852,1.1262347843690852,2.2067587900923447,False
11,112,0.325,blind2,0.0779127287136329,0.0779127287136329,0.6870663087127138,False
11,112,0.525,blind2,0.09184089890055427,0.09184089890055427,0.8333558434709065,False
11,112,0.725,blind2,0.10142717524348319,0.10142717524348319,1.0884085839271584,False
11,112,0.94,blind2,-0.40458810713659854,0.40458810713659854,2.330081162873354,False
11,112,1.0,blind2,-0.6026099468305863,0.6026099468305863,3.092529183238635,False
11,112,1.06,blind2,0.17776969482331462,0.17776969482331462,2.2761689604335666,False
11,112,1.275,blind2,-0.09600912672609715,0.09600912672609715,1.4041002776205458,False
11,112,1.675,blind2,-0.13994470050348143,0.13994470050348143,1.0556908147655641,False
11,112,1.875,blind2,0.2886541706204571,0.2886541706204571,1.1360444359687527,False
11,128,0.3,boundary_confirmation,0.0282004219868738,0.0282004219868738,0.5052634153311697,False
11,128,0.975,boundary_confirmation,-0.8016653231840855,0.8016653231840855,2.739033362859933,False
11,128,1.025,boundary_confirmation,-1.7164846707850634,1.7164846707850634,3.639676792667035,False
11,128,1.9,boundary_confirmation,0.26878545758213257,0.26878545758213257,0.9381739649346521,False
12,10,0.3,boundary_confirmation,1.4078194716269588,1.4078194716269588,3.085148805359572,False
12,10,0.975,boundary_confirmation,-0.8575243669325298,0.8575243669325298,2.9399753096619796,False
12,10,1.025,boundary_confirmation,-0.8923749464839648,0.8923749464839648,2.9895487767651385,False
12,10,1.9,boundary_confirmation,0.342665789355266,0.342665789355266,2.07258837454094,False
12,14,0.325,blind2,0.6989721102952754,0.6989721102952754,2.412499851826033,False
12,14,0.525,blind2,0.6224572649717294,0.6224572649717294,2.621286112818888,False
12,14,0.725,blind2,-1.4057195220887957,1.4057195220887957,3.5475172465639693,False
12,14,0.94,blind2,-0.5708002227035779,0.5708002227035779,2.996848759907722,False
12,14,1.0,blind2,0.5627810194693776,0.5627810194693776,3.148021489339903,False
12,14,1.06,blind2,-2.1983867746639425,2.1983867746639425,4.55274904133014,False
12,14,1.275,blind2,-0.5704537010788681,0.5704537010788681,2.7435135473821926,False
12,14,1.675,blind2,0.8715337951831912,0.8715337951831912,2.841936404979961,False
12,14,1.875,blind2,0.37150668143994475,0.37150668143994475,2.1751325244034447,False
12,28,0.325,blind2,-1.0216159180599618,1.0216159180599618,2.2004963543066247,False
12,28,0.525,blind2,-0.12644705185756286,0.12644705185756286,1.5719195853246881,False
12,28,0.725,blind2,0.5075434359521932,0.5075434359521932,2.4106108496276146,False
12,28,0.94,blind2,1.2993432418058657,1.2993432418058657,3.77804313163852,False
12,28,1.0,blind2,-0.014659753038942375,0.014659753038942375,2.460280420259564,False
12,28,1.06,blind2,-2.2028348502594794,2.2028348502594794,4.450236050371692,False
12,28,1.275,blind2,1.6979849006196417,1.6979849006196417,3.7281758620602456,False
12,28,1.675,blind2,-0.3100378365810235,0.3100378365810235,1.8436037865890986,False
12,28,1.875,blind2,-1.1579606993540386,1.1579606993540386,2.5821888698680295,False
12,56,0.325,blind2,-1.5400268066813672,1.5400268066813672,2.359900087503608,False
12,56,0.525,blind2,-0.6457336891101467,0.6457336891101467,1.6546937981610665,False
12,56,0.725,blind2,-0.4311206532933553,0.4311206532933553,1.8032206017598806,False
12,56,0.94,blind2,-1.1405321559701456,1.1405321559701456,3.285344865220785,False
12,56,1.0,blind2,-0.872310682466713,0.872310682466713,3.3198964110128126,False
12,56,1.06,blind2,-0.9152930575086387,0.9152930575086387,3.0862360743387995,False
12,56,1.275,blind2,1.0957894035918208,1.0957894035918208,2.8200204618682667,False
12,56,1.675,blind2,-0.5438660588528464,0.5438660588528464,1.763235371502847,False
12,56,1.875,blind2,-0.5306614438508568,0.5306614438508568,1.6492446217487133,False
12,112,0.325,blind2,-0.2500895803728795,0.2500895803728795,0.8607614102173589,False
12,112,0.525,blind2,-0.26939260362247625,0.26939260362247625,0.995541807029865,False
12,112,0.725,blind2,-0.24392179591075833,0.24392179591075833,1.2166802487129202,False
12,112,0.94,blind2,-0.34763851757863246,0.34763851757863246,2.2137076640959874,False
12,112,1.0,blind2,-0.2382633288475915,0.2382633288475915,2.6407999485924427,False
12,112,1.06,blind2,0.16820426616123088,0.16820426616123088,2.2673683695336955,False
12,112,1.275,blind2,0.6649294640527641,0.6649294640527641,2.0454631857752092,False
12,112,1.675,blind2,-0.21387202318132156,0.21387202318132156,1.160182626890427,False
12,112,1.875,blind2,0.35189835166977596,0.35189835166977596,1.2235624567342507,False
12,128,0.3,boundary_confirmation,-0.305758215436727,0.305758215436727,0.7838623100642761,False
12,128,0.975,boundary_confirmation,-0.8028076056217807,0.8028076056217807,2.704814147182999,False
12,128,1.025,boundary_confirmation,-2.1769283696149104,2.1769283696149104,4.0563233798414755,False
12,128,1.9,boundary_confirmation,0.21406813412287257,0.21406813412287257,0.9139687742104163,False
13,10,0.3,boundary_confirmation,1.2755033744497843,1.2755033744497843,2.942268005940263,False
13,10,0.975,boundary_confirmation,-1.0211391560605274,1.0211391560605274,3.0455654475681326,False
13,10,1.025,boundary_confirmation,-0.9486918654481686,0.9486918654481686,2.976368482429126,False
13,10,1.9,boundary_confirmation,1.192194376073347,1.192194376073347,2.9055330742410623,False
13,14,0.325,blind2,0.2707316881623243,0.2707316881623243,1.983845258852468,False
13,14,0.525,blind2,-0.2099895239588783,0.2099895239588783,2.1448253831216846,False
13,14,0.725,blind2,-0.889768279651266,0.889768279651266,3.0083257553391807,False
13,14,0.94,blind2,0.13550777827767385,0.13550777827767385,2.5889840338656267,False
13,14,1.0,blind2,0.1303018900991988,0.1303018900991988,2.589784934965511,False
13,14,1.06,blind2,-1.981531393934142,1.981531393934142,4.282621314257129,False
13,14,1.275,blind2,-0.6966540786890433,0.6966540786890433,2.8118621935710797,False
13,14,1.675,blind2,1.2428217147420861,1.2428217147420861,3.217585276399104,False
13,14,1.875,blind2,-0.4850061100041921,0.4850061100041921,2.2287911546822192,False
13,28,0.325,blind2,-1.100367816957539,1.100367816957539,2.275474917681708,False
13,28,0.525,blind2,0.015590800315014438,0.015590800315014438,1.4932255290121432,False
13,28,0.725,blind2,0.09652402195955836,0.09652402195955836,2.0110936122127443,False
13,28,0.94,blind2,0.7646034360555077,0.7646034360555077,3.2266248331936254,False
13,28,1.0,blind2,-0.10777662252441748,0.10777662252441748,2.475849790892659,False
13,28,1.06,blind2,-2.0986256048892065,2.0986256048892065,4.326557674748388,False
13,28,1.275,blind2,0.9456494540521342,0.9456494540521342,3.0048015195313305,False
13,28,1.675,blind2,0.4785645609828347,0.4785645609828347,2.09037066348583,False
13,28,1.875,blind2,-1.0535642343721154,1.0535642343721154,2.4943668326676494,False
13,56,0.325,blind2,-1.7098612226370409,1.7098612226370409,2.548442745575441,False
13,56,0.525,blind2,-0.2868544249402692,0.2868544249402692,1.3193867350646982,False
13,56,0.725,blind2,-0.03685225659598778,0.03685225659598778,1.3798461509204607,False
13,56,0.94,blind2,-1.6669206932698706,1.6669206932698706,3.7916469000202735,False
13,56,1.0,blind2,0.7090282900625899,0.7090282900625899,3.1706211048614374,False
13,56,1.06,blind2,-2.1553084597053793,2.1553084597053793,4.276021466817371,False
13,56,1.275,blind2,0.8042893110248056,0.8042893110248056,2.51371074671336,False
13,56,1.675,blind2,-0.751944406006491,0.751944406006491,2.0082595506109024,False
13,56,1.875,blind2,-0.9109288315974051,0.9109288315974051,2.052769521359288,False
13,112,0.325,blind2,-0.022937325646455127,0.022937325646455127,0.6250930305429558,False
13,112,0.525,blind2,0.25521700675518466,0.25521700675518466,1.0001333864047224,False
13,112,0.725,blind2,-0.3519921015266002,0.3519921015266002,1.318392175726868,False
13,112,0.94,blind2,-0.29153208386214324,0.29153208386214324,2.1959316948527263,False
13,112,1.0,blind2,0.0045282272477535175,0.0045282272477535175,2.4636479787920162,False
13,112,1.06,blind2,-0.386400227826206,0.386400227826206,2.36594994965309,False
13,112,1.275,blind2,0.1818827409083479,0.1818827409083479,1.5725677481474687,False
13,112,1.675,blind2,-0.5694380482321945,0.5694380482321945,1.5327046685263301,False
13,112,1.875,blind2,0.6425226743435666,0.6425226743435666,1.550289531516369,False
13,128,0.3,boundary_confirmation,0.0014874019310134265,0.0014874019310134265,0.4799758059419901,False
13,128,0.975,boundary_confirmation,-0.20387408993372413,0.20387408993372413,2.0828124304465234,False
13,128,1.025,boundary_confirmation,-0.9578201755451352,0.9578201755451352,2.829260850069437,False
13,128,1.9,boundary_confirmation,0.4370976399750885,0.4370976399750885,1.1603878343799279,False
14,10,0.3,boundary_confirmation,0.6293191351763312,0.6293191351763312,2.3158249795731,False
14,10,0.975,boundary_confirmation,-0.8153936295618253,0.8153936295618253,2.8156921722973904,False
14,10,1.025,boundary_confirmation,-0.6290264031474296,0.6290264031474296,2.6371780018697666,False
14,10,1.9,boundary_confirmation,0.3643118888331872,0.3643118888331872,2.074988289883972,False
14,14,0.325,blind2,0.27562854953964727,0.27562854953964727,2.0044577780875095,False
14,14,0.525,blind2,-0.518506294790207,0.518506294790207,2.401374249436472,False
14,14,0.725,blind2,-0.5751324067844932,0.5751324067844932,2.658731659706315,False
14,14,0.94,blind2,-0.582102218951051,0.582102218951051,2.8964429436404093,False
14,14,1.0,blind2,-0.8242755589357059,0.8242755589357059,3.1463202336084684,False
14,14,1.06,blind2,-1.6240881842001513,1.6240881842001513,3.8632626050056906,False
14,14,1.275,blind2,-1.3113991499690647,1.3113991499690647,3.4353043694485774,False
14,14,1.675,blind2,0.814247482368485,0.814247482368485,2.793053013051705,False
14,14,1.875,blind2,0.6875055248325909,0.6875055248325909,2.542705759657693,False
14,28,0.325,blind2,-0.6091066425227418,0.6091066425227418,1.7895103679151814,False
14,28,0.525,blind2,-0.01799208539533873,0.01799208539533873,1.4743722311638896,False
14,28,0.725,blind2,-0.17612836128442771,0.17612836128442771,1.9800600941733193,False
14,28,0.94,blind2,0.7795777295851805,0.7795777295851805,3.1571107512257557,False
14,28,1.0,blind2,-0.02740478804908903,0.02740478804908903,2.412839624691676,False
14,28,1.06,blind2,-1.9976593709266632,1.9976593709266632,4.233692593906724,False
14,28,1.275,blind2,0.2881907004151796,0.2881907004151796,2.2747891171752688,False
14,28,1.675,blind2,0.29827319397736807,0.29827319397736807,1.9408246353667336,False
14,28,1.875,blind2,-1.2816202480164163,1.2816202480164163,2.7196205754750347,False
14,56,0.325,blind2,-1.2465898687160175,1.2465898687160175,2.079324458986731,False
14,56,0.525,blind2,-0.25432539973535034,0.25432539973535034,1.273195376372116,False
14,56,0.725,blind2,0.5914570245934397,0.5914570245934397,2.0059351008867354,False
14,56,0.94,blind2,-1.576270261344458,1.576270261344458,3.690967295705261,False
14,56,1.0,blind2,-0.974350669802836,0.974350669802836,3.23671170282539,False
14,56,1.06,blind2,-1.498078179777654,1.498078179777654,3.6002715067370628,False
14,56,1.275,blind2,0.4951639186961651,0.4951639186961651,2.2351141564604493,False
14,56,1.675,blind2,-0.7636490388783518,0.7636490388783518,2.0241634572738976,False
14,56,1.875,blind2,-1.01398006351985,1.01398006351985,2.1812790507208746,False
14,112,0.325,blind2,-0.1384129166280014,0.1384129166280014,0.7397448420713881,False
14,112,0.525,blind2,0.3056208207857226,0.3056208207857226,1.0381435352972979,False
14,112,0.725,blind2,0.05901333410787015,0.05901333410787015,1.0403578043123085,False
14,112,0.94,blind2,-1.8573687013930589,1.8573687013930589,3.6978971800065374,False
14,112,1.0,blind2,-0.39252526690289546,0.39252526690289546,2.6732871901466893,False
14,112,1.06,blind2,-1.087465273281159,1.087465273281159,3.0289471801957624,False
14,112,1.275,blind2,-0.1350686865688563,0.1350686865688563,1.496333174431641,False
14,112,1.675,blind2,-0.6354977382759004,0.6354977382759004,1.6257614887928984,False
14,112,1.875,blind2,0.3061990892697353,0.3061990892697353,1.2185013338599449,False
14,128,0.3,boundary_confirmation,-0.15969530818030797,0.15969530818030797,0.6366923490783716,False
14,128,0.975,boundary_confirmation,0.5700130391371259,0.5700130391371259,2.553548003194517,False
14,128,1.025,boundary_confirmation,-1.0664884996339614,1.0664884996339614,2.898419229321425,False
14,128,1.9,boundary_confirmation,0.5597425923109111,0.5597425923109111,1.3080622660502472,False
15,10,0.3,boundary_confirmation,1.381221298909573,1.381221298909573,3.0328582070181076,False
15,10,0.975,boundary_confirmation,-0.9456476493838064,0.9456476493838064,2.9319600199382068,False
15,10,1.025,boundary_confirmation,-0.6381434620893964,0.6381434620893964,2.5794807680328713,False
15,10,1.9,boundary_confirmation,1.060452953659326,1.060452953659326,2.7734421230638295,False
15,14,0.325,blind2,0.634153346303071,0.634153346303071,2.344164663621151,False
15,14,0.525,blind2,-0.716770768921847,0.716770768921847,2.5624684022979127,False
15,14,0.725,blind2,-0.6975326399760117,0.6975326399760117,2.7464129362003264,False
15,14,0.94,blind2,-0.4122419149282026,0.4122419149282026,2.661860770654345,False
15,14,1.0,blind2,0.2638742151935367,0.2638742151935367,2.666886773851651,False
15,14,1.06,blind2,-1.3629882000896285,1.3629882000896285,3.5964437809971384,False
15,14,1.275,blind2,-1.1889133686694806,1.1889133686694806,3.257325860692284,False
15,14,1.675,blind2,-0.03992842329433892,0.03992842329433892,1.9001030887432768,False
15,14,1.875,blind2,-0.4343284453203262,0.4343284453203262,2.199428330962827,False
15,28,0.325,blind2,-0.4176663371487764,0.4176663371487764,1.5953825022836043,False
15,28,0.525,blind2,0.5580011367842642,0.5580011367842642,2.0344497834110298,False
15,28,0.725,blind2,-0.5650673754561111,0.5650673754561111,2.3385807423951355,False
15,28,0.94,blind2,1.2157719757377794,1.2157719757377794,3.554418243948243,False
15,28,1.0,blind2,-0.60130163192775,0.60130163192775,2.8651360131515924,False
15,28,1.06,blind2,-2.409851068862394,2.409851068862394,4.5772311323395325,False
15,28,1.275,blind2,-0.48598372849652255,0.48598372849652255,2.4068368094969594,False
15,28,1.675,blind2,0.014904375031827077,0.014904375031827077,1.6488052573827128,False
15,28,1.875,blind2,-0.7081986146780713,0.7081986146780713,2.171697750860224,False
15,56,0.325,blind2,-1.8910372216705333,1.8910372216705333,2.7374041653233983,False
15,56,0.525,blind2,-0.11692303014567156,0.11692303014567156,1.1355749044061558,False
15,56,0.725,blind2,0.019705271100982285,0.019705271100982285,1.4088147618475988,False
15,56,0.94,blind2,-2.153422909053625,2.153422909053625,4.214740418086304,False
15,56,1.0,blind2,0.3301340096748357,0.3301340096748357,2.6778323115649982,False
15,56,1.06,blind2,-1.3389255313794288,1.3389255313794288,3.4518844646984848,False
15,56,1.275,blind2,-0.43886757835240486,0.43886757835240486,2.096813522004337,False
15,56,1.675,blind2,-0.735490619096752,0.735490619096752,2.019373063826768,False
15,56,1.875,blind2,-0.9223889890206773,0.9223889890206773,2.12431184638765,False
15,112,0.325,blind2,-0.38323824786167265,0.38323824786167265,0.9877459450705173,False
15,112,0.525,blind2,0.24747252178738263,0.24747252178738263,1.0000812188240893,False
15,112,0.725,blind2,0.287455385948983,0.287455385948983,1.28154847261579,False
15,112,0.94,blind2,-0.9781151330322804,0.9781151330322804,2.8658843287831193,False
15,112,1.0,blind2,0.05142889176375671,0.05142889176375671,2.4441996076150607,False
15,112,1.06,blind2,-0.8632158089327654,0.8632158089327654,2.8213070094129766,False
15,112,1.275,blind2,-0.23420082913885587,0.23420082913885587,1.6178970742965926,False
15,112,1.675,blind2,-0.022240794932883903,0.022240794932883903,1.028226726941217,False
15,112,1.875,blind2,0.11295356156083014,0.11295356156083014,1.0406967212521323,False
15,128,0.3,boundary_confirmation,-0.291447942309955,0.291447942309955,0.7713093305731111,False
15,128,0.975,boundary_confirmation,0.08296571276936367,0.08296571276936367,1.9713848829241876,False
15,128,1.025,boundary_confirmation,-0.4131521672536021,0.4131521672536021,2.239697553733966,False
15,128,1.9,boundary_confirmation,0.381276364196625,0.381276364196625,1.1277368490944184,False
16,10,0.3,boundary_confirmation,0.37423231524339345,0.37423231524339345,2.0220917130628235,False
16,10,0.975,boundary_confirmation,-0.3291338697632228,0.3291338697632228,2.3063799034517163,False
16,10,1.025,boundary_confirmation,-0.5397300416821682,0.5397300416821682,2.4748471033390174,False
16,10,1.9,boundary_confirmation,0.5582270821489048,0.5582270821489048,2.2624190759062746,False
16,14,0.325,blind2,0.2863244788941351,0.2863244788941351,2.022836101129677,False
16,14,0.525,blind2,-0.6731591511838316,0.6731591511838316,2.5274966892875783,False
16,14,0.725,blind2,-0.527822724126101,0.527822724126101,2.562920146889258,False
16,14,0.94,blind2,-0.1907840613906485,0.1907840613906485,2.420493566617765,False
16,14,1.0,blind2,-0.25793748005046957,0.25793748005046957,2.508130029561839,False
16,14,1.06,blind2,-1.2376564243263153,1.2376564243263153,3.416088397012451,False
16,14,1.275,blind2,-1.7764194340276274,1.7764194340276274,3.8218304454755603,False
16,14,1.675,blind2,0.39188901834947326,0.39188901834947326,2.375702250380418,False
16,14,1.875,blind2,0.2540655622881047,0.2540655622881047,2.094027956182831,False
16,28,0.325,blind2,-0.61101806981797,0.61101806981797,1.8039411858483567,False
16,28,0.525,blind2,0.35982619305964364,0.35982619305964364,1.8733498524053926,False
16,28,0.725,blind2,-0.5533290259157629,0.5533290259157629,2.3525316889179693,False
16,28,0.94,blind2,1.3343580009330271,1.3343580009330271,3.607570975774954,False
16,28,1.0,blind2,-0.45239540494840313,0.45239540494840313,2.646766480138296,False
16,28,1.06,blind2,-2.0426558511991555,2.0426558511991555,4.142380526443301,False
16,28,1.275,blind2,-0.3885339072657042,0.3885339072657042,2.269622130470217,False
16,28,1.675,blind2,0.9608444466723893,0.9608444466723893,2.629312918160953,False
16,28,1.875,blind2,-0.5819416400784146,0.5819416400784146,2.0547889303288325,False
16,56,0.325,blind2,-1.794076248012138,1.794076248012138,2.6369398000737343,False
16,56,0.525,blind2,-0.3718819253492677,0.3718819253492677,1.404220072351492,False
16,56,0.725,blind2,-0.3415618712896149,0.3415618712896149,1.702100426610198,False
16,56,0.94,blind2,-0.9031073671512001,0.9031073671512001,2.943538480804875,False
16,56,1.0,blind2,-0.8482359940758852,0.8482359940758852,3.042667321890924,False
16,56,1.06,blind2,-1.9387652270338118,1.9387652270338118,4.010436407231143,False
16,56,1.275,blind2,0.7898780913886825,0.7898780913886825,2.5465476420160504,False
16,56,1.675,blind2,-0.27030872790592547,0.27030872790592547,1.6088873716936125,False
16,56,1.875,blind2,-1.1166185712000438,1.1166185712000438,2.3036675723910216,False
16,112,0.325,blind2,-0.530516888737675,0.530516888737675,1.1294368278996547,False
16,112,0.525,blind2,0.2108869705962348,0.2108869705962348,0.9706098033237964,False
16,112,0.725,blind2,0.40929300707359473,0.40929300707359473,1.4065195768705019,False
16,112,0.94,blind2,-1.5470093222876902,1.5470093222876902,3.391658216547422,False
16,112,1.0,blind2,-0.6661829146929027,0.6661829146929027,2.9162901839351885,False
16,112,1.06,blind2,0.07741401089985563,0.07741401089985563,2.112085230070604,False
16,112,1.275,blind2,-0.5033642575606867,0.5033642575606867,1.8949075957932826,False
16,112,1.675,blind2,-0.20379936552322792,0.20379936552322792,1.2354419808736639,False
16,112,1.875,blind2,0.1286287545017959,0.1286287545017959,1.0950182465057745,False
16,128,0.3,boundary_confirmation,-0.32043687359693246,0.32043687359693246,0.7936436225147392,False
16,128,0.975,boundary_confirmation,0.11985420544591728,0.11985420544591728,2.0250084931527024,False
16,128,1.025,boundary_confirmation,-1.485095885153551,1.485095885153551,3.2843929107353675,False
16,128,1.9,boundary_confirmation,0.44646108296719206,0.44646108296719206,1.224518265116581,False
17,10,0.3,boundary_confirmation,0.5540296074083242,0.5540296074083242,2.204340115781922,False
17,10,0.975,boundary_confirmation,-0.7652430618329967,0.7652430618329967,2.689410529008718,False
17,10,1.025,boundary_confirmation,0.21295667203447996,0.21295667203447996,2.208760873083948,False
17,10,1.9,boundary_confirmation,0.17892228369315494,0.17892228369315494,1.874747516849773,False
17,14,0.325,blind2,0.8398583386153455,0.8398583386153455,2.5705500134399095,False
17,14,0.525,blind2,-0.29129842183777593,0.29129842183777593,2.1370213250842762,False
17,14,0.725,blind2,-0.971574541117721,0.971574541117721,2.9965118161893622,False
17,14,0.94,blind2,-0.31356171937423877,0.31356171937423877,2.470025234450046,False
17,14,1.0,blind2,-1.1637001009051287,1.1637001009051287,3.3223568679603632,False
17,14,1.06,blind2,-0.7130808970736401,0.7130808970736401,2.9007901185636675,False
17,14,1.275,blind2,-1.0333726883437555,1.0333726883437555,3.0701145599441815,False
17,14,1.675,blind2,-0.2997997471224424,0.2997997471224424,2.158929915801755,False
17,14,1.875,blind2,0.1370551968274929,0.1370551968274929,1.9450463975767995,False
17,28,0.325,blind2,-0.7610113032180457,0.7610113032180457,1.958325175283826,False
17,28,0.525,blind2,0.7972334124052824,0.7972334124052824,2.3196998894315257,False
17,28,0.725,blind2,-0.691479132189171,0.691479132189171,2.476514940995478,False
17,28,0.94,blind2,1.5145598282275254,1.5145598282275254,3.769795637474349,False
17,28,1.0,blind2,-0.9218320470884646,0.9218320470884646,3.079213953381521,False
17,28,1.06,blind2,-2.3167569269239916,2.3167569269239916,4.421033344283575,False
17,28,1.275,blind2,-0.48068659309900486,0.48068659309900486,2.355571971819881,False
17,28,1.675,blind2,0.35985794153774486,0.35985794153774486,2.0370976931451956,False
17,28,1.875,blind2,-0.23819813791585437,0.23819813791585437,1.73780735285467,False
17,56,0.325,blind2,-1.843747069356431,1.843747069356431,2.6821407249736806,False
17,56,0.525,blind2,-0.20579210544296872,0.20579210544296872,1.2373342643347995,False
17,56,0.725,blind2,-0.1812177487755853,0.1812177487755853,1.5200548278585524,False
17,56,0.94,blind2,-1.9476255759908265,1.9476255759908265,3.951691006245439,False
17,56,1.0,blind2,-0.5086131004326528,0.5086131004326528,2.7230269443114574,False
17,56,1.06,blind2,-1.5283541858910108,1.5283541858910108,3.592283484597769,False
17,56,1.275,blind2,-0.1812800307567491,0.1812800307567491,1.8540403179696185,False
17,56,1.675,blind2,-0.20808237771724108,0.20808237771724108,1.5273656832092586,False
17,56,1.875,blind2,-0.9380675037740227,0.9380675037740227,2.1450143816932887,False
17,112,0.325,blind2,-0.4732888292529382,0.4732888292529382,1.0740247175615614,False
17,112,0.525,blind2,0.21773364113383648,0.21773364113383648,0.9660124532194558,False
17,112,0.725,blind2,-0.20189329954909715,0.20189329954909715,1.1731054134238805,False
17,112,0.94,blind2,-0.4395067989876732,0.4395067989876732,2.23288505580973,False
17,112,1.0,blind2,-0.15712658847188607,0.15712658847188607,2.3139945697656983,False
17,112,1.06,blind2,-1.1121930846169192,1.1121930846169192,3.0155837856357226,False
17,112,1.275,blind2,0.0634702407051663,0.0634702407051663,1.514001141733723,False
17,112,1.675,blind2,-0.22762670504630236,0.22762670504630236,1.268689722428884,False
17,112,1.875,blind2,0.35548390078134673,0.35548390078134673,1.3070622815401833,False
17,128,0.3,boundary_confirmation,-0.34022293020413824,0.34022293020413824,0.8233198350215964,False
17,128,0.975,boundary_confirmation,-0.06934884507389906,0.06934884507389906,1.8479494451470124,False
17,128,1.025,boundary_confirmation,-1.7975856831892356,1.7975856831892356,3.561160253662643,False
17,128,1.9,boundary_confirmation,0.9986198363135665,0.9986198363135665,1.7861188022296304,False
18,10,0.3,boundary_confirmation,0.9845832105808752,0.9845832105808752,2.639001153376963,False
18,10,0.975,boundary_confirmation,-0.5660128731856036,0.5660128731856036,2.432687539017664,False
18,10,1.025,boundary_confirmation,-0.5438146935766536,0.5438146935766536,2.4402186152707506,False
18,10,1.9,boundary_confirmation,-0.3123673703451888,0.3123673703451888,1.9289618805294118,False
18,14,0.325,blind2,-0.44706393520830495,0.44706393520830495,2.0813638790057043,False
18,14,0.525,blind2,0.03447916533807537,0.03447916533807537,1.969890232629612,False
18,14,0.725,blind2,-0.8154735876359391,0.8154735876359391,2.805575926989279,False
18,14,0.94,blind2,-0.9642018347933968,0.9642018347933968,3.0959507006776854,False
18,14,1.0,blind2,-0.15823277855254328,0.15823277855254328,2.3156051643865916,False
18,14,1.06,blind2,-2.7888414608275136,2.7888414608275136,4.866511332966105,True
18,14,1.275,blind2,-1.0703506701121837,1.0703506701121837,3.086563004420584,False
18,14,1.675,blind2,-0.5250991654098589,0.5250991654098589,2.400025576505782,False
18,14,1.875,blind2,-0.11367380795002094,0.11367380795002094,1.8725910590522865,False
18,28,0.325,blind2,-0.4663860612689837,0.4663860612689837,1.6761552262617885,False
18,28,0.525,blind2,0.4978832633337749,0.4978832633337749,2.022234473562645,False
18,28,0.725,blind2,-1.0794545114982372,1.0794545114982372,2.8479225091242233,False
18,28,0.94,blind2,1.0800208479237285,1.0800208479237285,3.3263275899180655,False
18,28,1.0,blind2,0.2108825566074277,0.2108825566074277,2.4929957279642645,False
18,28,1.06,blind2,-1.5681237698448516,1.5681237698448516,3.6704811912329105,False
18,28,1.275,blind2,-0.20878555228771206,0.20878555228771206,2.0873029328936865,False
18,28,1.675,blind2,-0.49234829070140806,0.49234829070140806,2.0718013820705594,False
18,28,1.875,blind2,-0.3629992015148845,0.3629992015148845,1.8609532782678295,False
18,56,0.325,blind2,-1.8892694904615204,1.8892694904615204,2.7218464730840775,False
18,56,0.525,blind2,-0.05276884842908573,0.05276884842908573,1.0954152991465405,False
18,56,0.725,blind2,-0.6076360714412281,0.6076360714412281,1.9755742559401601,False
18,56,0.94,blind2,-0.5398292687761439,0.5398292687761439,2.5937868905069994,False
18,56,1.0,blind2,-0.5643075242176145,0.5643075242176145,2.7309894696921466,False
18,56,1.06,blind2,-1.8689145340098325,1.8689145340098325,3.845985256165807,False
18,56,1.275,blind2,-0.06763353952186126,0.06763353952186126,1.7476518853362544,False
18,56,1.675,blind2,-0.6583821577224654,0.6583821577224654,1.9938727502945452,False
18,56,1.875,blind2,-1.3855871896392078,1.3855871896392078,2.6052046321928035,False
18,112,0.325,blind2,-0.4733788676225771,0.4733788676225771,1.0682224097934512,False
18,112,0.525,blind2,-0.1036548041584402,0.1036548041584402,0.8438253753019209,False
18,112,0.725,blind2,-0.45054563795808866,0.45054563795808866,1.4437134734599288,False
18,112,0.94,blind2,-2.303749467556187,2.303749467556187,4.10362693781866,False
18,112,1.0,blind2,-0.7267236555211514,0.7267236555211514,2.8309633021811442,False
18,112,1.06,blind2,-1.1001787272082524,1.1001787272082524,3.013458101687283,False
18,112,1.275,blind2,-0.2740268059608991,0.2740268059608991,1.673628970366825,False
18,112,1.675,blind2,-0.5216141758289609,0.5216141758289609,1.5818900348155585,False
18,112,1.875,blind2,-0.17823955527359178,0.17823955527359178,1.144503939323327,False
18,128,0.3,boundary_confirmation,-0.6327517456983942,0.6327517456983942,1.1072434611985038,False
18,128,0.975,boundary_confirmation,0.2735288986539976,0.2735288986539976,2.106631858787944,False
18,128,1.025,boundary_confirmation,-1.5647173178281115,1.5647173178281115,3.326261964441546,False
18,128,1.9,boundary_confirmation,0.6399251998679216,0.6399251998679216,1.450596494356926,False
19,10,0.3,boundary_confirmation,0.29009468044079495,0.29009468044079495,1.930496161155304,False
19,10,0.975,boundary_confirmation,-0.9401291198259786,0.9401291198259786,2.821405588479331,False
19,10,1.025,boundary_confirmation,-0.7958665619346548,0.7958665619346548,2.6783928763887466,False
19,10,1.9,boundary_confirmation,0.6001678027051408,0.6001678027051408,2.2952843193377426,False
19,14,0.325,blind2,0.7276533596034837,0.7276533596034837,2.4391024564464736,False
19,14,0.525,blind2,-0.5950683131215733,0.5950683131215733,2.4488334767485798,False
19,14,0.725,blind2,-0.3518709813694604,0.3518709813694604,2.333597985159508,False
19,14,0.94,blind2,-0.9715817247029638,0.9715817247029638,3.1104769345669525,False
19,14,1.0,blind2,-0.37932545242401444,0.37932545242401444,2.504998565750227,False
19,14,1.06,blind2,-0.8556585690934657,0.8556585690934657,2.9462353383312045,False
19,14,1.275,blind2,-0.6341236112096699,0.6341236112096699,2.627758462654628,False
19,14,1.675,blind2,-0.14086136121751203,0.14086136121751203,1.9719780709496981,False
19,14,1.875,blind2,-0.24785959814213657,0.24785959814213657,1.9964479410671365,False
19,28,0.325,blind2,0.04473689263761741,0.04473689263761741,1.2912423785077287,False
19,28,0.525,blind2,0.25580148396489977,0.25580148396489977,1.7642303034784534,False
19,28,0.725,blind2,-1.3620482149747826,1.3620482149747826,3.120855609521467,False
19,28,0.94,blind2,1.5762697008282152,1.5762697008282152,3.8073568265810875,False
19,28,1.0,blind2,-0.10127454522086754,0.10127454522086754,2.2075152709862267,False
19,28,1.06,blind2,-2.371887677305541,2.371887677305541,4.411651804723215,False
19,28,1.275,blind2,-0.7730885474559331,0.7730885474559331,2.64722086731235,False
19,28,1.675,blind2,-0.9252880279627451,0.9252880279627451,2.5167836197823146,False
19,28,1.875,blind2,-0.17866310162896504,0.17866310162896504,1.7067350177110474,False
19,56,0.325,blind2,-1.8666120054543287,1.8666120054543287,2.708287601540993,False
19,56,0.525,blind2,-0.16644504762600643,0.16644504762600643,1.192265563009598,False
19,56,0.725,blind2,0.03601390519396003,0.03601390519396003,1.436992899627909,False
19,56,0.94,blind2,-1.7414124230313262,1.7414124230313262,3.7351302552176557,False
19,56,1.0,blind2,-0.3892729481155029,0.3892729481155029,2.530600676191863,False
19,56,1.06,blind2,-0.9509799238830712,0.9509799238830712,2.9487670451209924,False
19,56,1.275,blind2,-0.5086536144872646,0.5086536144872646,2.191050830072472,False
19,56,1.675,blind2,-1.3223155558190818,1.3223155558190818,2.6624263813020743,False
19,56,1.875,blind2,-1.0293399549357536,1.0293399549357536,2.255663672274544,False
19,112,0.325,blind2,-0.762025036622822,0.762025036622822,1.3714746380381726,False
19,112,0.525,blind2,-0.02681384807692336,0.02681384807692336,0.7677882722682217,False
19,112,0.725,blind2,-0.2203256807632161,0.2203256807632161,1.1927824956760147,False
19,112,0.94,blind2,-0.5560086604451229,0.5560086604451229,2.3482895087352684,False
19,112,1.0,blind2,-0.6370699898292058,0.6370699898292058,2.7446385901732206,False
19,112,1.06,blind2,-1.3365489582251482,1.3365489582251482,3.253207573995087,False
19,112,1.275,blind2,0.01846433064175121,0.01846433064175121,1.4962056017403746,False
19,112,1.675,blind2,-0.36332068728433997,0.36332068728433997,1.4320693680921148,False
19,112,1.875,blind2,0.10056842497671072,0.10056842497671072,1.0954360885530257,False
19,128,0.3,boundary_confirmation,-0.415905053608056,0.415905053608056,0.8984856119283013,False
19,128,0.975,boundary_confirmation,0.8499107362999297,0.8499107362999297,2.6746663808610016,False
19,128,1.025,boundary_confirmation,-1.5892341323406896,1.5892341323406896,3.3112782061432977,False
19,128,1.9,boundary_confirmation,0.5129742882788799,0.5129742882788799,1.3258931182021039,False
20,10,0.3,boundary_confirmation,0.8174822349592251,0.8174822349592251,2.4368288270247174,False
20,10,0.975,boundary_confirmation,-1.090580949164993,1.090580949164993,2.9297911935504906,False
20,10,1.025,boundary_confirmation,-0.30947080095534707,0.30947080095534707,2.147189947958794,False
20,10,1.9,boundary_confirmation,0.2810113234524041,0.2810113234524041,1.9366515116990168,False
20,14,0.325,blind2,1.284736284808592,1.284736284808592,3.039714171226593,False
20,14,0.525,blind2,-0.3228420816905711,0.3228420816905711,2.124048503843712,False
20,14,0.725,blind2,-1.78564723764831,1.78564723764831,3.689356833852042,False
20,14,0.94,blind2,-0.5716292102038878,0.5716292102038878,2.7073523504685393,False
20,14,1.0,blind2,-0.3764899661834422,0.3764899661834422,2.455971398946477,False
20,14,1.06,blind2,-1.2327041359925426,1.2327041359925426,3.2883528613526836,False
20,14,1.275,blind2,-1.1565524163869523,1.1565524163869523,3.1274945542418275,False
20,14,1.675,blind2,-0.3025311090821019,0.3025311090821019,2.120907165870367,False
20,14,1.875,blind2,-0.21719159202227717,0.21719159202227717,2.0196269655412658,False
20,28,0.325,blind2,-0.7287635246690114,0.7287635246690114,1.9355682301394839,False
20,28,0.525,blind2,0.06538647597541017,0.06538647597541017,1.5616396376273878,False
20,28,0.725,blind2,-1.6565266771721647,1.6565266771721647,3.408057026450273,False
20,28,0.94,blind2,0.6089527901835945,0.6089527901835945,2.80024210208083,False
20,28,1.0,blind2,-0.18352287099510048,0.18352287099510048,2.263665191869768,False
20,28,1.06,blind2,-1.9886684765377374,1.9886684765377374,4.007767406677065,False
20,28,1.275,blind2,-0.47787954156244816,0.47787954156244816,2.3767477208466836,False
20,28,1.675,blind2,0.2607730006956599,0.2607730006956599,1.9523624724807398,False
20,28,1.875,blind2,-0.7842792979093601,0.7842792979093601,2.2876936679938287,False
20,56,0.325,blind2,-1.6406681028619938,1.6406681028619938,2.4754819422981855,False
20,56,0.525,blind2,-0.09915056961715454,0.09915056961715454,1.1198302646141411,False
20,56,0.725,blind2,-0.2753135924013046,0.2753135924013046,1.621895373895088,False
20,56,0.94,blind2,-0.7370896495994128,0.7370896495994128,2.7079388323464126,False
20,56,1.0,blind2,-0.0344947392556889,0.0344947392556889,2.113681646914012,False
20,56,1.06,blind2,-1.255313094389876,1.255313094389876,3.2333271864584234,False
20,56,1.275,blind2,0.4592954502428587,0.4592954502428587,2.200251868277303,False
20,56,1.675,blind2,-1.3243681019539935,1.3243681019539935,2.6741532384653377,False
20,56,1.875,blind2,-1.3543340655749534,1.3543340655749534,2.580419023282332,False
20,112,0.325,blind2,-0.7651045803431299,0.7651045803431299,1.3614268662574869,False
20,112,0.525,blind2,0.10266775774759672,0.10266775774759672,0.8518545419685442,False
20,112,0.725,blind2,0.021045350755010826,0.021045350755010826,0.9993340136431828,False
20,112,0.94,blind2,-1.296112768489193,1.296112768489193,3.098656694445645,False
20,112,1.0,blind2,0.42022221194581216,0.42022221194581216,2.601233734073083,False
20,112,1.06,blind2,-1.4985466399537284,1.4985466399537284,3.3484088502299447,False
20,112,1.275,blind2,0.3021601313479087,0.3021601313479087,1.7770981404872543,False
20,112,1.675,blind2,-0.7937944446254256,0.7937944446254256,1.8626961953603915,False
20,112,1.875,blind2,0.018497924311940736,0.018497924311940736,1.0209204072510136,False
20,128,0.3,boundary_confirmation,-0.5460824277225347,0.5460824277225347,1.0224877910195662,False
20,128,0.975,boundary_confirmation,0.04304906657666185,0.04304906657666185,1.8103052315447288,False
20,128,1.025,boundary_confirmation,-1.55316382679349,1.55316382679349,3.2797165494238056,False
20,128,1.9,boundary_confirmation,0.6834296722393062,0.6834296722393062,1.5099740123852623,False
21,10,0.3,boundary_confirmation,1.6027684189212819,1.6027684189212819,3.217002353749243,False
21,10,0.975,boundary_confirmation,-0.7562058913131225,0.7562058913131225,2.5869007399533017,False
21,10,1.025,boundary_confirmation,-0.4535561981536486,0.4535561981536486,2.2832229402382387,False
21,10,1.9,boundary_confirmation,-0.27923667681219216,0.27923667681219216,1.9049135558150798,False
21,14,0.325,blind2,0.4153213981570001,0.4153213981570001,2.126278817552807,False
21,14,0.525,blind2,-0.5391123817395359,0.5391123817395359,2.3445185177518257,False
21,14,0.725,blind2,-0.5032036844230675,0.5032036844230675,2.4894081257272216,False
21,14,0.94,blind2,-0.19550702305835355,0.19550702305835355,2.265326868192652,False
21,14,1.0,blind2,-0.635986595420674,0.635986595420674,2.7340566792698917,False
21,14,1.06,blind2,-0.7340178652096525,0.7340178652096525,2.7878061483721295,False
21,14,1.275,blind2,-1.3452029216268573,1.3452029216268573,3.2826308966608764,False
21,14,1.675,blind2,-0.5337682420601231,0.5337682420601231,2.34408791486429,False
21,14,1.875,blind2,-0.41664805235837504,0.41664805235837504,2.2009058270362813,False
21,28,0.325,blind2,-0.1787739552627981,0.1787739552627981,1.3996771233167893,False
21,28,0.525,blind2,0.7645409580368787,0.7645409580368787,2.2666366509349167,False
21,28,0.725,blind2,-1.5674020421502621,1.5674020421502621,3.3182444387119148,False
21,28,0.94,blind2,1.4094089367074454,1.4094089367074454,3.5528002694535266,False
21,28,1.0,blind2,-0.5903049989197783,0.5903049989197783,2.6644584374791225,False
21,28,1.06,blind2,-1.4282546317734104,1.4282546317734104,3.4366190725550694,False
21,28,1.275,blind2,-0.29345236772263567,0.29345236772263567,2.162504401994414,False
21,28,1.675,blind2,-0.2139497310274649,0.2139497310274649,1.8064959596757801,False
21,28,1.875,blind2,-0.2346698607897829,0.2346698607897829,1.7711335317642907,False
21,56,0.325,blind2,-1.711294815273184,1.711294815273184,2.5566949235604763,False
21,56,0.525,blind2,-0.5810593540588792,0.5810593540588792,1.613835022733956,False
21,56,0.725,blind2,0.4027500649056894,0.4027500649056894,1.826353016353388,False
21,56,0.94,blind2,-1.0936349510601888,1.0936349510601888,3.0156758693513974,False
21,56,1.0,blind2,-0.5034949403926627,0.5034949403926627,2.5612216398087306,False
21,56,1.06,blind2,-1.3938617029880105,1.3938617029880105,3.3955780159171223,False
21,56,1.275,blind2,-0.6081371179238954,0.6081371179238954,2.2874499188222264,False
21,56,1.675,blind2,-0.543057725876768,0.543057725876768,1.9175453807847576,False
21,56,1.875,blind2,-1.0103512278995426,1.0103512278995426,2.272571538657575,False
21,112,0.325,blind2,-0.9692232673531621,0.9692232673531621,1.5758894193453332,False
21,112,0.525,blind2,-0.32464149630300665,0.32464149630300665,1.0617320100465233,False
21,112,0.725,blind2,0.12328530892140796,0.12328530892140796,1.1095974356883032,False
21,112,0.94,blind2,-2.1431608389167582,2.1431608389167582,3.9656725449827235,False
21,112,1.0,blind2,0.4419041634084665,0.4419041634084665,2.5826311395055646,False
21,112,1.06,blind2,-1.1072740819770563,1.1072740819770563,2.9766497056105568,False
21,112,1.275,blind2,0.09578542432843741,0.09578542432843741,1.5740131056578122,False
21,112,1.675,blind2,-0.6692889018637277,0.6692889018637277,1.7448416341939277,False
21,112,1.875,blind2,0.28469054162619645,0.28469054162619645,1.2908681716077064,False
21,128,0.3,boundary_confirmation,-0.5361783867451466,0.5361783867451466,1.023342250316428,False
21,128,0.975,boundary_confirmation,0.6073760284558969,0.6073760284558969,2.3940322084939902,False
21,128,1.025,boundary_confirmation,-1.5304397187900542,1.5304397187900542,3.230899095134221,False
21,128,1.9,boundary_confirmation,0.7350189274971506,0.7350189274971506,1.5752476427614015,False
22,10,0.3,boundary_confirmation,0.352533340938688,0.352533340938688,1.9227148332857436,False
22,10,0.975,boundary_confirmation,-0.11948543414775933,0.11948543414775933,1.9435802540238356,False
22,10,1.025,boundary_confirmation,-0.04738726855744062,0.04738726855744062,1.8338444885079408,False
22,10,1.9,boundary_confirmation,-0.4004294659127759,0.4004294659127759,2.0275687914309115,False
22,14,0.325,blind2,1.300636926067432,1.300636926067432,3.0124879799445337,False
22,14,0.525,blind2,-0.10792097216686454,0.10792097216686454,1.9394516425350283,False
22,14,0.725,blind2,-0.7111355296808617,0.7111355296808617,2.627069137503224,False
22,14,0.94,blind2,-0.40465945189229124,0.40465945189229124,2.4668392370974845,False
22,14,1.0,blind2,-1.4709537102550347,1.4709537102550347,3.476083025213006,False
22,14,1.06,blind2,-0.5591220346129074,0.5591220346129074,2.599827428474777,False
22,14,1.275,blind2,-1.5418584843677527,1.5418584843677527,3.491047900721933,False
22,14,1.675,blind2,0.5248881757588523,0.5248881757588523,2.4446961983838333,False
22,14,1.875,blind2,0.5464221637987499,0.5464221637987499,2.3693267800820594,False
22,28,0.325,blind2,-0.14996846328677058,0.14996846328677058,1.3796364947598727,False
22,28,0.525,blind2,-0.6300247321275351,0.6300247321275351,2.0981557674889184,False
22,28,0.725,blind2,-1.1556688802697332,1.1556688802697332,2.9250103137529404,False
22,28,0.94,blind2,1.7259862254240008,1.7259862254240008,3.8420986097445375,False
22,28,1.0,blind2,-0.1581250258778883,0.1581250258778883,2.2060441206876003,False
22,28,1.06,blind2,-1.7511836503497042,1.7511836503497042,3.737969105709449,False
22,28,1.275,blind2,-0.5500917136526223,0.5500917136526223,2.3879720501960633,False
22,28,1.675,blind2,-0.6498773762117673,0.6498773762117673,2.263869977597066,False
22,28,1.875,blind2,0.0077906453134062685,0.0077906453134062685,1.6009407261071917,False
22,56,0.325,blind2,-1.9586760397282361,1.9586760397282361,2.799015418878814,False
22,56,0.525,blind2,0.2110974698637853,0.2110974698637853,1.275716815871486,False
22,56,0.725,blind2,-0.04426611072240281,0.04426611072240281,1.4105216745125437,False
22,56,0.94,blind2,-1.2031491281042217,1.2031491281042217,3.135657524866109,False
22,56,1.0,blind2,-0.001659044730338411,0.001659044730338411,2.1408208158549824,False
22,56,1.06,blind2,-1.0276826233349996,1.0276826233349996,2.9519544663113018,False
22,56,1.275,blind2,0.08684934800275308,0.08684934800275308,1.830635325420471,False
22,56,1.675,blind2,-0.6777939347857652,0.6777939347857652,2.0536089071346297,False
22,56,1.875,blind2,-0.9576191846835268,0.9576191846835268,2.2368632368445662,False
22,112,0.325,blind2,-1.0268973670574781,1.0268973670574781,1.623868427129882,False
22,112,0.525,blind2,-0.25367646155829054,0.25367646155829054,0.9919161742308558,False
22,112,0.725,blind2,0.025944229284476508,0.025944229284476508,1.0083818927142607,False
22,112,0.94,blind2,-1.9820158346622345,1.9820158346622345,3.7491505854913787,False
22,112,1.0,blind2,-0.2554559446259745,0.2554559446259745,2.284980272494197,False
22,112,1.06,blind2,-0.977613018821461,0.977613018821461,2.832778778198186,False
22,112,1.275,blind2,0.17573712821619863,0.17573712821619863,1.6766638085513819,False
22,112,1.675,blind2,0.03345479800683678,0.03345479800683678,1.1585387431285454,False
22,112,1.875,blind2,0.16220136652498424,0.16220136652498424,1.1894181762165612,False
22,128,0.3,boundary_confirmation,-0.6866620042349894,0.6866620042349894,1.1669462419402699,False
22,128,0.975,boundary_confirmation,0.8326866476896254,0.8326866476896254,2.6203242849811126,False
22,128,1.025,boundary_confirmation,-0.8308901530604688,0.8308901530604688,2.508698712986701,False
22,128,1.9,boundary_confirmation,0.47875574692513345,0.47875574692513345,1.3303624708039363,False
23,10,0.3,boundary_confirmation,0.6311647619087785,0.6311647619087785,2.2263253614775547,False
23,10,0.975,boundary_confirmation,-0.23427718385117097,0.23427718385117097,2.0447983933083336,False
23,10,1.025,boundary_confirmation,-0.5646674322650672,0.5646674322650672,2.3380530852127213,False
23,10,1.9,boundary_confirmation,0.06900910708931551,0.06900910708931551,1.714240418508295,False
23,14,0.325,blind2,0.5467209261147281,0.5467209261147281,2.247157384558096,False
23,14,0.525,blind2,-0.4409382109234249,0.4409382109234249,2.251535952622996,False
23,14,0.725,blind2,-1.1240252388338372,1.1240252388338372,3.02973967169865,False
23,14,0.94,blind2,-0.2166549363066599,0.2166549363066599,2.2307609983124976,False
23,14,1.0,blind2,-0.5034265307147393,0.5034265307147393,2.545273227499112,False
23,14,1.06,blind2,-0.27805234707588683,0.27805234707588683,2.299536180413253,False
23,14,1.275,blind2,-1.4181989607243282,1.4181989607243282,3.338374484552098,False
23,14,1.675,blind2,0.23616383175819738,0.23616383175819738,2.135244692767335,False
23,14,1.875,blind2,0.5315327196365746,0.5315327196365746,2.346540198159519,False
23,28,0.325,blind2,-0.35061805246811734,0.35061805246811734,1.5618985748545589,False
23,28,0.525,blind2,0.0843619997497901,0.0843619997497901,1.567360008624008,False
23,28,0.725,blind2,-1.306576538364798,1.306576538364798,3.015484577194749,False
23,28,0.94,blind2,1.2317630250158806,1.2317630250158806,3.3603016680112674,False
23,28,1.0,blind2,0.37296574647630987,0.37296574647630987,2.440687755627713,False
23,28,1.06,blind2,-1.2285491185242197,1.2285491185242197,3.1847493093372536,False
23,28,1.275,blind2,-0.023042273358253373,0.023042273358253373,1.8299554544436214,False
23,28,1.675,blind2,0.4877325974808928,0.4877325974808928,2.176776990080076,False
23,28,1.875,blind2,-0.29552079768711625,0.29552079768711625,1.849520530831661,False
23,56,0.325,blind2,-1.537075129226938,1.537075129226938,2.384279164138192,False
23,56,0.525,blind2,-0.24697252411428233,0.24697252411428233,1.2912642748671654,False
23,56,0.725,blind2,-0.41251294352217943,0.41251294352217943,1.7666022875140075,False
23,56,0.94,blind2,-1.2744543886716289,1.2744543886716289,3.157632389895515,False
23,56,1.0,blind2,-0.40508465101094315,0.40508465101094315,2.4340500784196695,False
23,56,1.06,blind2,-0.6316300797334745,0.6316300797334745,2.568454744116788,False
23,56,1.275,blind2,0.2145478229047721,0.2145478229047721,1.9311694864291074,False
23,56,1.675,blind2,-0.3900797151796747,0.3900797151796747,1.7685236238559887,False
23,56,1.875,blind2,-1.3702277634941373,1.3702277634941373,2.6372259388780073,False
23,112,0.325,blind2,-1.1901511087307277,1.1901511087307277,1.7944630280024576,False
23,112,0.525,blind2,-0.13099648438307296,0.13099648438307296,0.8577165648051888,False
23,112,0.725,blind2,0.050392876453441184,0.050392876453441184,1.043439007071778,False
23,112,0.94,blind2,-1.5781766736167662,1.5781766736167662,3.3546531368795485,False
23,112,1.0,blind2,-0.542239951777767,0.542239951777767,2.555843595401075,False
23,112,1.06,blind2,-1.4356548334931247,1.4356548334931247,3.2534184213052098,False
23,112,1.275,blind2,-0.3229638229129952,0.3229638229129952,1.7657293462045254,False
23,112,1.675,blind2,-0.5956893667470097,0.5956893667470097,1.7084032931973803,False
23,112,1.875,blind2,0.29645247830228494,0.29645247830228494,1.3473902808369909,False
23,128,0.3,boundary_confirmation,-0.7527893401903265,0.7527893401903265,1.234692166640794,False
23,128,0.975,boundary_confirmation,0.6520434460466014,0.6520434460466014,2.405242610523173,False
23,128,1.025,boundary_confirmation,-0.762549290655188,0.762549290655188,2.430649112657346,False
23,128,1.9,boundary_confirmation,0.6405396621368489,0.6405396621368489,1.4949634353524477,False
24,10,0.3,boundary_confirmation,0.8639856917318325,0.8639856917318325,2.465507412738055,False
24,10,0.975,boundary_confirmation,-0.9565795744164141,0.9565795744164141,2.7025598529260453,False
24,10,1.025,boundary_confirmation,0.023670804573527316,0.023670804573527316,1.837646994793296,False
24,10,1.9,boundary_confirmation,-0.07586252928118067,0.07586252928118067,1.6726857625460556,False
24,14,0.325,blind2,0.5941697240603455,0.5941697240603455,2.3241685930892375,False
24,14,0.525,blind2,-0.7181360524137115,0.7181360524137115,2.508616425286414,False
24,14,0.725,blind2,-0.6946410071978253,0.6946410071978253,2.5871908107272024,False
24,14,0.94,blind2,-0.6890918555528968,0.6890918555528968,2.6795594335534467,False
24,14,1.0,blind2,0.22439165428983407,0.22439165428983407,2.3302412560504804,False
24,14,1.06,blind2,-1.5101345275295892,1.5101345275295892,3.4764734630298832,False
24,14,1.275,blind2,-1.028504426138499,1.028504426138499,2.944329712936533,False
24,14,1.675,blind2,-0.21427919381163668,0.21427919381163668,1.9927847690727751,False
24,14,1.875,blind2,-0.5214459099773454,0.5214459099773454,2.275851379079119,False
24,28,0.325,blind2,0.589989477344072,0.589989477344072,1.8357943336867022,False
24,28,0.525,blind2,0.17351359381536346,0.17351359381536346,1.6422092718216819,False
24,28,0.725,blind2,-1.758173643673951,1.758173643673951,3.465319155857516,False
24,28,0.94,blind2,1.1859544782284386,1.1859544782284386,3.230587383141259,False
24,28,1.0,blind2,-0.1511636323182718,0.1511636323182718,2.1473071550983436,False
24,28,1.06,blind2,-1.7681013204474638,1.7681013204474638,3.7314108548285874,False
24,28,1.275,blind2,-0.07562082773530292,0.07562082773530292,1.8962394073731237,False
24,28,1.675,blind2,-0.26592932835751937,0.26592932835751937,1.914195886247816,False
24,28,1.875,blind2,-0.6358495428107337,0.6358495428107337,2.1788495466510183,False
24,56,0.325,blind2,-1.8381498527065825,1.8381498527065825,2.6832681127581193,False
24,56,0.525,blind2,-0.7802911829798874,0.7802911829798874,1.8014354659255383,False
24,56,0.725,blind2,0.2246036599467436,0.2246036599467436,1.6257395473709968,False
24,56,0.94,blind2,-0.6983373507297794,0.6983373507297794,2.6262806398664185,False
24,56,1.0,blind2,0.6391535361557401,0.6391535361557401,2.7488943650596065,False
24,56,1.06,blind2,-1.6928445978967686,1.6928445978967686,3.5853376023582406,False
24,56,1.275,blind2,0.3846485734461723,0.3846485734461723,2.113757437135555,False
24,56,1.675,blind2,-0.7466939972370263,0.7466939972370263,2.1259845018468115,False
24,56,1.875,blind2,-0.882480535941367,0.882480535941367,2.1545163295073833,False
24,112,0.325,blind2,-1.1103970492494928,1.1103970492494928,1.71426669908461,False
24,112,0.525,blind2,-0.3551979586442799,0.3551979586442799,1.0861293699062302,False
24,112,0.725,blind2,0.08459158616987177,0.08459158616987177,1.081144015179003,False
24,112,0.94,blind2,-2.220555492553792,2.220555492553792,3.974352616844601,False
24,112,1.0,blind2,0.2992990975191174,0.2992990975191174,2.395677832892029,False
24,112,1.06,blind2,-0.43289356179382116,0.43289356179382116,2.276653258776995,False
24,112,1.275,blind2,0.18559862066117339,0.18559862066117339,1.6664057772944663,False
24,112,1.675,blind2,-0.09486076163241909,0.09486076163241909,1.232879192156311,False
24,112,1.875,blind2,0.034611695193803936,0.034611695193803936,1.0822709768791183,False
24,128,0.3,boundary_confirmation,-0.7552224826890229,0.7552224826890229,1.2317049090937893,False
24,128,0.975,boundary_confirmation,0.2321183392604279,0.2321183392604279,1.9604946972201276,False
24,128,1.025,boundary_confirmation,-0.5171386610081218,0.5171386610081218,2.2096083727474847,False
24,128,1.9,boundary_confirmation,1.187313254293104,1.187313254293104,2.0595780052486967,False
25,10,0.3,boundary_confirmation,0.45118076458460155,0.45118076458460155,2.048270632302285,False
25,10,0.975,boundary_confirmation,-0.5060763333912967,0.5060763333912967,2.265111143906995,False
25,10,1.025,boundary_confirmation,-0.3409741672099197,0.3409741672099197,2.1106128384806078,False
25,10,1.9,boundary_confirmation,0.5524175399747704,0.5524175399747704,2.1997341071426257,False
25,14,0.325,blind2,1.3311812970671588,1.3311812970671588,3.0382177515958286,False
25,14,0.525,blind2,-0.2178011527863833,0.2178011527863833,1.9709947839291142,False
25,14,0.725,blind2,-1.468984186778226,1.468984186778226,3.336778936355711,False
25,14,0.94,blind2,0.22358042575919726,0.22358042575919726,2.2734245178870793,False
25,14,1.0,blind2,-0.6597393526703947,0.6597393526703947,2.649962741327383,False
25,14,1.06,blind2,-1.1138550534811367,1.1138550534811367,3.087928312142285,False
25,14,1.275,blind2,-1.154016518053612,1.154016518053612,3.0666887990130065,False
25,14,1.675,blind2,0.12967000869213113,0.12967000869213113,2.0049785129703235,False
25,14,1.875,blind2,-0.19007380266531274,0.19007380266531274,1.9762312260022674,False
25,28,0.325,blind2,0.3755191565244299,0.3755191565244299,1.635811477097282,False
25,28,0.525,blind2,0.24067069027946061,0.24067069027946061,1.7211360793817576,False
25,28,0.725,blind2,-2.176281158841199,2.176281158841199,3.8831060419349694,False
25,28,0.94,blind2,1.248955759862593,1.248955759862593,3.3158684489398293,False
25,28,1.0,blind2,0.06271585625796795,0.06271585625796795,2.1368654374158913,False
25,28,1.06,blind2,-1.788815972495832,1.788815972495832,3.707443046433301,False
25,28,1.275,blind2,-0.6308085502796815,0.6308085502796815,2.4423762887007983,False
25,28,1.675,blind2,-0.7061379743398105,0.7061379743398105,2.3184333923356726,False
25,28,1.875,blind2,-0.6115995185253115,0.6115995185253115,2.167219790827557,False
25,56,0.325,blind2,-1.7826897700613056,1.7826897700613056,2.6219370952622167,False
25,56,0.525,blind2,-0.09230126460028217,0.09230126460028217,1.1312305892495211,False
25,56,0.725,blind2,0.4243784793497822,0.4243784793497822,1.8293909315855394,False
25,56,0.94,blind2,-1.1506645735120271,1.1506645735120271,3.026420912054939,False
25,56,1.0,blind2,-0.18032976676808943,0.18032976676808943,2.1482872648240448,False
25,56,1.06,blind2,-1.0536298283186627,1.0536298283186627,2.929142250391936,False
25,56,1.275,blind2,0.16748921043754791,0.16748921043754791,1.9039306897255415,False
25,56,1.675,blind2,0.36707832534371626,0.36707832534371626,1.7984041967561648,False
25,56,1.875,blind2,-0.5375843166330708,0.5375843166330708,1.8343801212306388,False
25,112,0.325,blind2,-1.2878489865442833,1.2878489865442833,1.8900782211947464,False
25,112,0.525,blind2,-0.5145462279272192,0.5145462279272192,1.2368200478146019,False
25,112,0.725,blind2,-0.20653119681497434,0.20653119681497434,1.1802526253628987,False
25,112,0.94,blind2,-2.533043463015951,2.533043463015951,4.258061872659546,False
25,112,1.0,blind2,-0.15449152739584684,0.15449152739584684,2.10695088833861,False
25,112,1.06,blind2,-1.2099235182252026,1.2099235182252026,3.002445734398085,False
25,112,1.275,blind2,-0.22676755213509406,0.22676755213509406,1.682004833645867,False
25,112,1.675,blind2,-0.16464866101045286,0.16464866101045286,1.3055466773203572,False
25,112,1.875,blind2,0.02178556535248422,0.02178556535248422,1.0773669797699892,False
25,128,0.3,boundary_confirmation,-0.9114637916164259,0.9114637916164259,1.3935647036510623,False
25,128,0.975,boundary_confirmation,0.8703334536871691,0.8703334536871691,2.6106119704614628,False
25,128,1.025,boundary_confirmation,-1.3968759142521714,1.3968759142521714,3.0386757103643136,False
25,128,1.9,boundary_confirmation,0.5961390781838215,0.5961390781838215,1.4724751941717518,False
26,10,0.3,boundary_confirmation,0.3291877143605276,0.3291877143605276,1.9200536106462884,False
26,10,0.975,boundary_confirmation,-1.1125197705606722,1.1125197705606722,2.8243265068051193,False
26,10,1.025,boundary_confirmation,-0.5923520713311327,0.5923520713311327,2.345205964464736,False
26,10,1.9,boundary_confirmation,0.7888560628624092,0.7888560628624092,2.454849234730272,False
26,14,0.325,blind2,0.38073896748220803,0.38073896748220803,2.0659766135169066,False
26,14,0.525,blind2,-1.275683490678847,1.275683490678847,3.0288126913353364,False
26,14,0.725,blind2,-0.7414801046561073,0.7414801046561073,2.6254142589312024,False
26,14,0.94,blind2,-0.8719964670236887,0.8719964670236887,2.8374197421769387,False
26,14,1.0,blind2,-0.536095824528998,0.536095824528998,2.4906949585794647,False
26,14,1.06,blind2,-0.4862502001246524,0.4862502001246524,2.4429262521786455,False
26,14,1.275,blind2,-0.6928887910488594,0.6928887910488594,2.612035008471647,False
26,14,1.675,blind2,-0.261995878554585,0.261995878554585,2.0492312221655595,False
26,14,1.875,blind2,-0.5728259028579953,0.5728259028579953,2.293612998501693,False
26,28,0.325,blind2,0.4819371813291469,0.4819371813291469,1.7174460222717514,False
26,28,0.525,blind2,0.35642268181518394,0.35642268181518394,1.8737150839665428,False
26,28,0.725,blind2,-1.5334590717693317,1.5334590717693317,3.2323956994880665,False
26,28,0.94,blind2,0.5635606731359569,0.5635606731359569,2.6019110054144923,False
26,28,1.0,blind2,-0.5114211002271553,0.5114211002271553,2.4776957863255067,False
26,28,1.06,blind2,-1.562776830376877,1.562776830376877,3.4311582949808517,False
26,28,1.275,blind2,0.05687726073857788,0.05687726073857788,1.9234397236323586,False
26,28,1.675,blind2,-0.20279533388322968,0.20279533388322968,1.787226216076776,False
26,28,1.875,blind2,-0.39335438874628786,0.39335438874628786,1.9088382757160627,False
26,56,0.325,blind2,-1.9813347803740575,1.9813347803740575,2.8248748905239096,False
26,56,0.525,blind2,-0.102855500507305,0.102855500507305,1.1376910816343289,False
26,56,0.725,blind2,0.012954402306995634,0.012954402306995634,1.4101718036704458,False
26,56,0.94,blind2,-0.6004044588858352,0.6004044588858352,2.4571159142839916,False
26,56,1.0,blind2,0.35895165656940065,0.35895165656940065,2.4583318140886545,False
26,56,1.06,blind2,-0.9732487066458393,0.9732487066458393,2.8597448927413005,False
26,56,1.275,blind2,-0.17583652727657928,0.17583652727657928,1.8254947699535395,False
26,56,1.675,blind2,-0.3167703673835942,0.3167703673835942,1.7082081161904794,False
26,56,1.875,blind2,-0.7192097040250692,0.7192097040250692,2.0179935974043772,False
26,112,0.325,blind2,-0.9857659820028862,0.9857659820028862,1.5964536180372968,False
26,112,0.525,blind2,-0.7613593153676541,0.7613593153676541,1.4925401253849557,False
26,112,0.725,blind2,-0.22078720693434364,0.22078720693434364,1.1821618191290795,False
26,112,0.94,blind2,-2.3145238071939556,2.3145238071939556,4.052988816745151,False
26,112,1.0,blind2,0.21219687243699045,0.21219687243699045,2.2493312059491677,False
26,112,1.06,blind2,-0.7765727114251003,0.7765727114251003,2.576767937625224,False
26,112,1.275,blind2,0.14579865158471159,0.14579865158471159,1.6821768707476537,False
26,112,1.675,blind2,0.3785260185757986,0.3785260185757986,1.578103630025729,False
26,112,1.875,blind2,0.03946782887076795,0.03946782887076795,1.1142755290983297,False
26,128,0.3,boundary_confirmation,-0.8335344557475144,0.8335344557475144,1.3190195455185294,False
26,128,0.975,boundary_confirmation,0.8849839548216026,0.8849839548216026,2.6231280784392297,False
26,128,1.025,boundary_confirmation,-1.0612550777755052,1.0612550777755052,2.6877786910528445,False
26,128,1.9,boundary_confirmation,0.674726712869026,0.674726712869026,1.5514906174001197,False
27,10,0.3,boundary_confirmation,0.2628029921546868,0.2628029921546868,1.8723914516438622,False
27,10,0.975,boundary_confirmation,0.221376767200754,0.221376767200754,2.014349823599959,False
27,10,1.025,boundary_confirmation,0.32437275018354944,0.32437275018354944,2.116915638576833,False
27,10,1.9,boundary_confirmation,0.6469722220452642,0.6469722220452642,2.314661592392042,False
27,14,0.325,blind2,0.97528287795824,0.97528287795824,2.70255278393412,False
27,14,0.525,blind2,-0.6625391409441617,0.6625391409441617,2.4190953017790395,False
27,14,0.725,blind2,-0.18626915101605188,0.18626915101605188,2.018613642741929,False
27,14,0.94,blind2,0.6682136146885267,0.6682136146885267,2.696704827846097,False
27,14,1.0,blind2,-0.4814208758762907,0.4814208758762907,2.4009571280553144,False
27,14,1.06,blind2,-1.7172454379237405,1.7172454379237405,3.652349275048028,False
27,14,1.275,blind2,-0.3603251008118657,0.3603251008118657,2.252065830313299,False
27,14,1.675,blind2,0.01979329576723216,0.01979329576723216,1.8701617434134787,False
27,14,1.875,blind2,-0.3478693467019667,0.3478693467019667,2.0770646581000807,False
27,28,0.325,blind2,-0.1670419316251222,0.1670419316251222,1.3867033653354066,False
27,28,0.525,blind2,-0.07344029367129164,0.07344029367129164,1.5303222938968353,False
27,28,0.725,blind2,-1.4373910659939881,1.4373910659939881,3.11259691419834,False
27,28,0.94,blind2,0.4932661092713823,0.4932661092713823,2.524916579916292,False
27,28,1.0,blind2,-0.29208594397193366,0.29208594397193366,2.229642691039657,False
27,28,1.06,blind2,-1.3820257336020154,1.3820257336020154,3.291744110821626,False
27,28,1.275,blind2,-0.19710545856133857,0.19710545856133857,1.99879073796424,False
27,28,1.675,blind2,0.22318528837632332,0.22318528837632332,1.8923282302896638,False
27,28,1.875,blind2,0.003798755166141643,0.003798755166141643,1.596096939715408,False
27,56,0.325,blind2,-1.650200728881605,1.650200728881605,2.5096720188588995,False
27,56,0.525,blind2,0.12200566607160658,0.12200566607160658,1.1844282039300325,False
27,56,0.725,blind2,-0.09103532619431917,0.09103532619431917,1.4469405165141724,False
27,56,0.94,blind2,-0.6072736769644289,0.6072736769644289,2.456940027846044,False
27,56,1.0,blind2,-0.2723344581298741,0.2723344581298741,2.190068340615481,False
27,56,1.06,blind2,-0.03535639280759961,0.03535639280759961,1.9031468280881203,False
27,56,1.275,blind2,0.4385609920569437,0.4385609920569437,2.1512152396141015,False
27,56,1.675,blind2,0.14146202925730844,0.14146202925730844,1.6037788157869937,False
27,56,1.875,blind2,-0.7695800654053112,0.7695800654053112,2.0627475740895296,False
27,112,0.325,blind2,-1.255762024010045,1.255762024010045,1.8592528852347634,False
27,112,0.525,blind2,-0.07731671273717843,0.07731671273717843,0.8133346775667571,False
27,112,0.725,blind2,0.09854139780710638,0.09854139780710638,1.0804763005674234,False
27,112,0.94,fresh_precision_confirmation,-2.8846657770964894,2.8846657770964894,3.8312451672450454,False
27,112,1.0,blind2,-0.3246584025186826,0.3246584025186826,2.255836864957672,False
27,112,1.06,blind2,-0.812685443839271,0.812685443839271,2.5825594747556413,False
27,112,1.275,blind2,-0.23852766061921699,0.23852766061921699,1.6886690431906048,False
27,112,1.675,blind2,0.06609698407896103,0.06609698407896103,1.267036746477257,False
27,112,1.875,blind2,0.053401237749603765,0.053401237749603765,1.1338013188575635,False
27,128,0.3,boundary_confirmation,-0.9835028200372371,0.9835028200372371,1.471137683605217,False
27,128,0.975,boundary_confirmation,1.4003456439620918,1.4003456439620918,3.091575947379255,False
27,128,1.025,boundary_confirmation,-0.3719728564207898,0.3719728564207898,2.01048070972063,False
27,128,1.9,boundary_confirmation,0.6259324905060462,0.6259324905060462,1.5117623272743907,False
28,10,0.3,boundary_confirmation,0.6523698345512056,0.6523698345512056,2.2362452879012285,False
28,10,0.975,boundary_confirmation,-0.05049065080426914,0.05049065080426914,1.7427767697520191,False
28,10,1.025,boundary_confirmation,-0.08974578699615188,0.08974578699615188,1.8132921960822612,False
28,10,1.9,boundary_confirmation,0.10814350522977732,0.10814350522977732,1.726731884464372,False
28,14,0.325,blind2,1.3354571848435817,1.3354571848435817,3.05085719810938,False
28,14,0.525,blind2,-1.0326009994535963,1.0326009994535963,2.7828636445411226,False
28,14,0.725,blind2,-0.3909704568515343,0.3909704568515343,2.236300100012556,False
28,14,0.94,blind2,1.0765396508224014,1.0765396508224014,3.108506494398866,False
28,14,1.0,blind2,-0.29302291810648756,0.29302291810648756,2.247102009016788,False
28,14,1.06,blind2,-1.429334080731722,1.429334080731722,3.3525397837564475,False
28,14,1.275,blind2,-0.9362149147577301,0.9362149147577301,2.7818229877277223,False
28,14,1.675,blind2,0.3024752826045556,0.3024752826045556,2.160503495136834,False
28,14,1.875,blind2,0.6666791659025574,0.6666791659025574,2.468956814420986,False
28,28,0.325,blind2,0.025877230292370972,0.025877230292370972,1.2716400945012918,False
28,28,0.525,blind2,0.5352443835149023,0.5352443835149023,2.0256242966513183,False
28,28,0.725,blind2,-1.950303220743618,1.950303220743618,3.632813502953347,False
28,28,0.94,blind2,1.7214539923692647,1.7214539923692647,3.7369547396061797,False
28,28,1.0,blind2,-0.16641992110969736,0.16641992110969736,2.0692423389579884,False
28,28,1.06,blind2,-1.0213285576702573,1.0213285576702573,2.8965388461831054,False
28,28,1.275,blind2,-0.2521410489094802,0.2521410489094802,2.0405937491550286,False
28,28,1.675,blind2,0.26070856738225184,0.26070856738225184,1.9486975218942382,False
28,28,1.875,blind2,-0.08737739050798232,0.08737739050798232,1.622016741703991,False
28,56,0.325,blind2,-1.7686103518340541,1.7686103518340541,2.6195011733077367,False
28,56,0.525,blind2,-0.025571591946520752,0.025571591946520752,1.077792063635108,False
28,56,0.725,blind2,-0.18942472793636514,0.18942472793636514,1.5402471704360154,False
28,56,0.94,blind2,-0.5447781430627314,0.5447781430627314,2.3912606836389405,False
28,56,1.0,blind2,0.118402704097726,0.118402704097726,2.1044248043468494,False
28,56,1.06,blind2,-0.5937837344850869,0.5937837344850869,2.449859599440496,False
28,56,1.275,blind2,0.003646129802294776,0.003646129802294776,1.6774259505580646,False
28,56,1.675,blind2,0.7538457545203228,0.7538457545203228,2.1916466230023524,False
28,56,1.875,blind2,-0.06481549955238286,0.06481549955238286,1.3897615629279936,False
28,112,0.325,blind2,-1.035334527957643,1.035334527957643,1.6304405013441214,False
28,112,0.525,blind2,-0.2946043065473081,0.2946043065473081,1.0263269800219854,False
28,112,0.725,blind2,0.24434265503517177,0.24434265503517177,1.2465436599914392,False
28,112,0.94,blind2,-2.3285232431781244,2.3285232431781244,4.034289152073612,False
28,112,1.0,blind2,0.29946474882763224,0.29946474882763224,2.2947442241813665,False
28,112,1.06,blind2,-0.6545624406742313,0.6545624406742313,2.4420031437697776,False
28,112,1.275,blind2,0.8394584839547999,0.8394584839547999,2.3827541136407504,False
28,112,1.675,blind2,-0.09887261358698193,0.09887261358698193,1.2397366879022265,False
28,112,1.875,blind2,0.28158873972122356,0.28158873972122356,1.3690662049048674,False
28,128,0.3,boundary_confirmation,-0.9651923325615661,0.9651923325615661,1.4544822997683782,False
28,128,0.975,boundary_confirmation,1.0571501783759678,1.0571501783759678,2.7261056841111575,False
28,128,1.025,boundary_confirmation,-0.9649877833112206,0.9649877833112206,2.5734738835486715,False
28,128,1.9,boundary_confirmation,0.5142940148649353,0.5142940148649353,1.417237176029107,False
29,10,0.3,boundary_confirmation,0.3840516705857535,0.3840516705857535,1.9509345675376988,False
29,10,0.975,boundary_confirmation,-0.3624397746767988,0.3624397746767988,2.0249014184330116,False
29,10,1.025,boundary_confirmation,-0.8417413539308551,0.8417413539308551,2.556156539028631,False
29,10,1.9,boundary_confirmation,0.06585699693914132,0.06585699693914132,1.6988706975687995,False
29,14,0.325,blind2,0.819731731552783,0.819731731552783,2.533227993125009,False
29,14,0.525,blind2,0.09983845469172255,0.09983845469172255,1.9143225567493483,False
29,14,0.725,blind2,-2.101452815222925,2.101452815222925,3.907459357250509,False
29,14,0.94,blind2,-0.003832988402947909,0.003832988402947909,2.014832057244065,False
29,14,1.0,blind2,-0.3672025000446043,0.3672025000446043,2.26933587301813,False
29,14,1.06,blind2,-1.041561654945355,1.041561654945355,2.9596144694000293,False
29,14,1.275,blind2,-0.5287342614613938,0.5287342614613938,2.422771821276193,False
29,14,1.675,blind2,-0.5468036452637774,0.5468036452637774,2.3231639565689965,False
29,14,1.875,blind2,0.0055091833216482046,0.0055091833216482046,1.7832725131124105,False
29,28,0.325,blind2,-0.19121924261668638,0.19121924261668638,1.4103520723298457,False
29,28,0.525,blind2,0.7017529391006597,0.7017529391006597,2.21006107162649,False
29,28,0.725,blind2,-0.7890811830761889,0.7890811830761889,2.476671978572076,False
29,28,0.94,blind2,0.9472366570794191,0.9472366570794191,2.9532438242194647,False
29,28,1.0,blind2,-0.41201614022314015,0.41201614022314015,2.3257929292679225,False
29,28,1.06,blind2,-0.9497954900613934,0.9497954900613934,2.820303694578763,False
29,28,1.275,blind2,-0.9244854767847954,0.9244854767847954,2.6838531422581635,False
29,28,1.675,blind2,0.5102548231801424,0.5102548231801424,2.174386520091831,False
29,28,1.875,blind2,-0.17102544668875358,0.17102544668875358,1.7019857559891882,False
29,56,0.325,blind2,-1.64653840395633,1.64653840395633,2.4976549688816574,False
29,56,0.525,blind2,-0.21582958148050305,0.21582958148050305,1.2572379361368347,False
29,56,0.725,blind2,0.531579815241745,0.531579815241745,1.9519479979117405,False
29,56,0.94,blind2,0.590168948712173,0.590168948712173,2.4957074505669974,False
29,56,1.0,blind2,0.6121212597708557,0.6121212597708557,2.58968929182124,False
29,56,1.06,blind2,-0.5090981852662454,0.5090981852662454,2.3801298292284723,False
29,56,1.275,blind2,-0.7210799777793175,0.7210799777793175,2.372948234031813,False
29,56,1.675,blind2,0.08708294324683746,0.08708294324683746,1.5417344776703201,False
29,56,1.875,blind2,-0.15514787766651475,0.15514787766651475,1.4652557615686068,False
29,112,0.325,blind2,-1.224335920091975,1.224335920091975,1.8284775384564522,False
29,112,0.525,blind2,-0.6358197384801555,0.6358197384801555,1.3770997024470932,False
29,112,0.725,blind2,-0.44265114067905187,0.44265114067905187,1.398784722493418,False
29,112,0.94,blind2,-3.264453461531113,3.264453461531113,4.9822427588704805,True
29,112,1.0,blind2,0.07045042223152019,0.07045042223152019,2.011311696846829,False
29,112,1.06,blind2,-0.0442366969249785,0.0442366969249785,1.8142707321419982,False
29,112,1.275,blind2,-0.6817369495641675,0.6817369495641675,2.131232353644641,False
29,112,1.675,blind2,0.21090620707000488,0.21090620707000488,1.408264951084015,False
29,112,1.875,blind2,-0.005239410621800664,0.005239410621800664,1.0970412246115613,False
29,128,0.3,boundary_confirmation,-1.142501166775526,1.142501166775526,1.6285913654153883,False
29,128,0.975,boundary_confirmation,0.9169599582638027,0.9169599582638027,2.5938490863177233,False
29,128,1.025,boundary_confirmation,-0.838145101890221,0.838145101890221,2.4525271051519693,False
29,128,1.9,boundary_confirmation,0.3286285886566864,0.3286285886566864,1.2229909776075631,False
30,10,0.3,boundary_confirmation,-0.1818569044018381,0.1818569044018381,1.6839358344938327,False
30,10,0.975,boundary_confirmation,0.11664103720692336,0.11664103720692336,1.8503907272130027,False
30,10,1.025,boundary_confirmation,-0.18950454079464735,0.18950454079464735,1.8792050782085012,False
30,10,1.9,boundary_confirmation,0.1741223214776096,0.1741223214776096,1.8101718496589925,False
30,14,0.325,blind2,0.6556460335523007,0.6556460335523007,2.370257722095137,False
30,14,0.525,blind2,-1.360926391331316,1.360926391331316,3.117667717404593,False
30,14,0.725,blind2,-1.4329411553025098,1.4329411553025098,3.2242104980786612,False
30,14,0.94,blind2,0.24097377524361402,0.24097377524361402,2.224022026127903,False
30,14,1.0,blind2,0.4768397162186892,0.4768397162186892,2.4465332906390413,False
30,14,1.06,blind2,-0.15541878128442504,0.15541878128442504,2.091740683082899,False
30,14,1.275,blind2,-1.0063707375028899,1.0063707375028899,2.8834606895604353,False
30,14,1.675,blind2,0.16652726805177934,0.16652726805177934,2.010479029062062,False
30,14,1.875,blind2,0.4132068011648242,0.4132068011648242,2.1940594314815653,False
30,28,0.325,blind2,-0.12286670915012499,0.12286670915012499,1.3173983342074091,False
30,28,0.525,blind2,0.3874927342311333,0.3874927342311333,1.9150196679923903,False
30,28,0.725,blind2,-0.7549935270423707,0.7549935270423707,2.465312381167195,False
30,28,0.94,blind2,0.9690620195876118,0.9690620195876118,2.9313902894839483,False
30,28,1.0,blind2,-0.25493821565285624,0.25493821565285624,2.123737409276616,False
30,28,1.06,blind2,-1.0357892856165034,1.0357892856165034,2.9026738501843674,False
30,28,1.275,blind2,-0.6280723309252776,0.6280723309252776,2.3573629700892385,False
30,28,1.675,blind2,-0.6544699089168804,0.6544699089168804,2.265900098852147,False
30,28,1.875,blind2,0.010199039591325927,0.010199039591325927,1.5995286992288804,False
30,56,0.325,blind2,-1.6840000156145833,1.6840000156145833,2.5338520100783524,False
30,56,0.525,blind2,0.01116295232516025,0.01116295232516025,1.0681994894252256,False
30,56,0.725,blind2,-0.06769075572158774,0.06769075572158774,1.422528070827811,False
30,56,0.94,blind2,-0.8826647599695481,0.8826647599695481,2.692957779107563,False
30,56,1.0,blind2,0.5799205264376983,0.5799205264376983,2.5627506597374783,False
30,56,1.06,blind2,-0.21454896425063957,0.21454896425063957,2.0508838329900803,False
30,56,1.275,blind2,-0.39332910771602203,0.39332910771602203,2.0542779379868037,False
30,56,1.675,blind2,0.538514125309669,0.538514125309669,1.9822646036872893,False
30,56,1.875,blind2,-0.1906515817339403,0.1906515817339403,1.5019121363311072,False
30,112,0.325,blind2,-1.6462419298690165,1.6462419298690165,2.2490583047211965,False
30,112,0.525,blind2,-0.4596443460855327,0.4596443460855327,1.1838981372401802,False
30,112,0.725,blind2,0.1296537463677499,0.1296537463677499,1.1115028607265431,False
30,112,0.94,blind2,-2.765871979765036,2.765871979765036,4.463817730551234,False
30,112,1.0,blind2,0.36513472404471625,0.36513472404471625,2.3530082906465077,False
30,112,1.06,blind2,0.00535077830833052,0.00535077830833052,1.8481135938616555,False
30,112,1.275,blind2,0.4751411103812989,0.4751411103812989,2.042218829363196,False
30,112,1.675,blind2,0.04841603784495928,0.04841603784495928,1.2667479733685871,False
30,112,1.875,blind2,0.6130557533260306,0.6130557533260306,1.7236752586658577,False
30,128,0.3,boundary_confirmation,-1.1828348882657782,1.1828348882657782,1.6621576540637784,False
30,128,0.975,boundary_confirmation,1.2733553166244174,1.2733553166244174,2.9234466747909194,False
30,128,1.025,boundary_confirmation,-0.869741266818053,0.869741266818053,2.443165535898262,False
30,128,1.9,boundary_confirmation,0.5280474078248125,0.5280474078248125,1.4375816329409208,False
31,10,0.3,boundary_confirmation,0.7112818987270433,0.7112818987270433,2.2993176488917966,False
31,10,0.975,boundary_confirmation,-0.31806960833026837,0.31806960833026837,2.002535176657938,False
31,10,1.025,boundary_confirmation,-0.2811845610392405,0.2811845610392405,1.9742408896110009,False
31,10,1.9,boundary_confirmation,0.49849434025782663,0.49849434025782663,2.1054918522438903,False
31,14,0.325,blind2,0.010774378639318937,0.010774378639318937,1.6809691556592954,False
31,14,0.525,blind2,-0.563904101326101,0.563904101326101,2.2990907526648674,False
31,14,0.725,blind2,-0.6603931982471534,0.6603931982471534,2.4769726224205035,False
31,14,0.94,blind2,-0.27513583220819376,0.27513583220819376,2.1433959264301916,False
31,14,1.0,blind2,0.2591291802490052,0.2591291802490052,2.244898730056666,False
31,14,1.06,blind2,-0.40333318638116483,0.40333318638116483,2.353942166590328,False
31,14,1.275,blind2,-0.38295149815771123,0.38295149815771123,2.219789623917867,False
31,14,1.675,blind2,-0.054820523463680174,0.054820523463680174,1.7998778116447012,False
31,14,1.875,blind2,-0.6000102352328668,0.6000102352328668,2.324810387359444,False
31,28,0.325,blind2,0.26699842567526916,0.26699842567526916,1.5145048419172635,False
31,28,0.525,blind2,0.5540871949322427,0.5540871949322427,2.050916809978598,False
31,28,0.725,blind2,-2.0364856840328334,2.0364856840328334,3.676145255047758,False
31,28,0.94,blind2,1.8199932742302933,1.8199932742302933,3.773449722097255,False
31,28,1.0,blind2,-0.3645782385984006,0.3645782385984006,2.2329798513693655,False
31,28,1.06,blind2,-0.9141346170137634,0.9141346170137634,2.754005620989952,False
31,28,1.275,blind2,-0.38837957409562396,0.38837957409562396,2.1364899684648497,False
31,28,1.675,blind2,0.04773786293364355,0.04773786293364355,1.7245142652065448,False
31,28,1.875,blind2,-0.019359106019275707,0.019359106019275707,1.576034179044794,False
31,56,0.325,blind2,-1.3837776666075998,1.3837776666075998,2.231807371008443,False
31,56,0.525,blind2,-0.2679766720707698,0.2679766720707698,1.2950409076098346,False
31,56,0.725,blind2,0.12955077741255522,0.12955077741255522,1.524891193725253,False
31,56,0.94,blind2,0.39931051284143887,0.39931051284143887,2.2999935089704326,False
31,56,1.0,blind2,0.8605402396907803,0.8605402396907803,2.864971450869036,False
31,56,1.06,blind2,-0.014791121123363131,0.014791121123363131,1.888789826674686,False
31,56,1.275,blind2,-0.36661308105690305,0.36661308105690305,1.9856739264768164,False
31,56,1.675,blind2,-0.11202317377663347,0.11202317377663347,1.5166307955554958,False
31,56,1.875,blind2,-0.012484165876599701,0.012484165876599701,1.3646228166338537,False
31,112,0.325,blind2,-1.4426571073268506,1.4426571073268506,2.041332732311474,False
31,112,0.525,blind2,-0.40186422676237965,0.40186422676237965,1.1406716885339563,False
31,112,0.725,blind2,0.11455239533088553,0.11455239533088553,1.1158930775875486,False
31,112,0.94,blind2,-2.6124196884120177,2.6124196884120177,4.30572954030235,False
31,112,1.0,blind2,0.593020717251777,0.593020717251777,2.5667330960370993,False
31,112,1.06,blind2,-0.9791170770976999,0.9791170770976999,2.7301787176887693,False
31,112,1.275,blind2,0.652354083909133,0.652354083909133,2.190145627391127,False
31,112,1.675,blind2,-0.004186040576201016,0.004186040576201016,1.1951320421816236,False
31,112,1.875,blind2,0.6450008956161928,0.6450008956161928,1.7637812019012156,False
31,128,0.3,boundary_confirmation,-1.2579635038402581,1.2579635038402581,1.74371737765745,False
31,128,0.975,boundary_confirmation,1.458205757064468,1.458205757064468,3.1187634635659878,False
31,128,1.025,boundary_confirmation,-0.8617106434635806,0.8617106434635806,2.4331635683657593,False
31,128,1.9,boundary_confirmation,0.8985380393468448,0.8985380393468448,1.813950104038442,False
32,10,0.3,boundary_confirmation,0.7022968977129175,0.7022968977129175,2.2475026365257333,False
32,10,0.975,boundary_confirmation,-0.4621792273918084,0.4621792273918084,2.108663895691043,False
32,10,1.025,boundary_confirmation,0.692253825299814,0.692253825299814,2.4083905763997215,False
32,10,1.9,boundary_confirmation,0.802247650156735,0.802247650156735,2.3865884992368747,False
32,14,0.325,blind2,0.5565815241704148,0.5565815241704148,2.249714319375351,False
32,14,0.525,blind2,-0.7109181359763717,0.7109181359763717,2.441436722961088,False
32,14,0.725,blind2,-0.6992531215327853,0.6992531215327853,2.4790157324741213,False
32,14,0.94,blind2,-0.8412297180318842,0.8412297180318842,2.711357589601915,False
32,14,1.0,blind2,0.6367613284322938,0.6367613284322938,2.6058939378794665,False
32,14,1.06,blind2,0.2067363987051498,0.2067363987051498,2.1789846225173104,False
32,14,1.275,blind2,-1.2409232772286112,1.2409232772286112,3.0460710120046697,False
32,14,1.675,blind2,0.1439929138410351,0.1439929138410351,1.9618563625236174,False
32,14,1.875,blind2,0.33899662159451865,0.33899662159451865,2.103075743809524,False
32,28,0.325,blind2,0.2243526608614889,0.2243526608614889,1.467853845424627,False
32,28,0.525,blind2,0.20291089456149153,0.20291089456149153,1.6904609134207105,False
32,28,0.725,blind2,-1.7035949680924967,1.7035949680924967,3.3969319609292836,False
32,28,0.94,blind2,1.3901166753353704,1.3901166753353704,3.316856316989236,False
32,28,1.0,blind2,-0.039512841959573095,0.039512841959573095,1.8849743504417704,False
32,28,1.06,blind2,-0.6895639754085551,0.6895639754085551,2.5520885177993446,False
32,28,1.275,blind2,-0.006913336087716938,0.006913336087716938,1.8187361536811553,False
32,28,1.675,blind2,0.21929899785388002,0.21929899785388002,1.8863195337009087,False
32,28,1.875,blind2,0.7082441439510889,0.7082441439510889,2.2979911785958373,False
32,56,0.325,blind2,-1.7294472974441513,1.7294472974441513,2.567841823189998,False
32,56,0.525,blind2,0.45223217481821004,0.45223217481821004,1.5346200724214665,False
32,56,0.725,blind2,0.3308089291844486,0.3308089291844486,1.7330074917231375,False
32,56,0.94,blind2,0.8738029368088931,0.8738029368088931,2.7394696491473303,False
32,56,1.0,blind2,-0.2489185606275954,0.2489185606275954,2.107111849409238,False
32,56,1.06,blind2,-0.7480763689479778,0.7480763689479778,2.5592344057676963,False
32,56,1.275,blind2,0.1584049126772081,0.1584049126772081,1.8347356549843319,False
32,56,1.675,blind2,-0.12646992479527133,0.12646992479527133,1.5368366000596878,False
32,56,1.875,blind2,0.03397312138839022,0.03397312138839022,1.4001229518407987,False
32,112,0.325,blind2,-1.246552624433355,1.246552624433355,1.8492458886987473,False
32,112,0.525,blind2,-0.3941901423050045,0.3941901423050045,1.1217701246191925,False
32,112,0.725,blind2,-0.1289218860689338,0.1289218860689338,1.1175912064287141,False
32,112,0.94,blind2,-2.5196892093991545,2.5196892093991545,4.211275028020822,False
32,112,1.0,blind2,0.5669535322013791,0.5669535322013791,2.521655163734815,False
32,112,1.06,blind2,0.4703646188228232,0.4703646188228232,2.322715102599293,False
32,112,1.275,blind2,0.7762682163729155,0.7762682163729155,2.3153649051231184,False
32,112,1.675,blind2,-0.5246093781010365,0.5246093781010365,1.694453922307937,False
32,112,1.875,blind2,0.7407785598277747,0.7407785598277747,1.87733925972271,False
32,128,0.3,boundary_confirmation,-1.3087595499222127,1.3087595499222127,1.7945025026030348,False
32,128,0.975,boundary_confirmation,1.997423096633944,1.997423096633944,3.6103235343776463,False
32,128,1.025,boundary_confirmation,-1.2651207243506335,1.2651207243506335,2.815217788145441,False
32,128,1.9,boundary_confirmation,1.1040321640572826,1.1040321640572826,2.0350135008041947,False
33,10,0.3,boundary_confirmation,0.3964932772260178,0.3964932772260178,1.9537525274011314,False
33,10,0.975,boundary_confirmation,-0.28442914068392283,0.28442914068392283,1.9215503566255565,False
33,10,1.025,boundary_confirmation,0.3956582472052118,0.3956582472052118,2.095312468337873,False
33,10,1.9,boundary_confirmation,0.3060145839731503,0.3060145839731503,1.9257662300378398,False
33,14,0.325,blind2,1.1804712297657485,1.1804712297657485,2.8455166504090412,False
33,14,0.525,blind2,-0.459710299279408,0.459710299279408,2.1740686076709204,False
33,14,0.725,blind2,-0.15116170240288873,0.15116170240288873,1.9387199386030507,False
33,14,0.94,blind2,-0.6766907605178848,0.6766907605178848,2.526781858022309,False
33,14,1.0,blind2,0.4989520758546401,0.4989520758546401,2.444372325632771,False
33,14,1.06,blind2,-1.1450427400150271,1.1450427400150271,3.001280635974646,False
33,14,1.275,blind2,-1.0673426453391675,1.0673426453391675,2.8668321376436823,False
33,14,1.675,blind2,0.3632210720905083,0.3632210720905083,2.195595814704343,False
33,14,1.875,blind2,-0.04171395524843589,0.04171395524843589,1.7606690261687707,False
33,28,0.325,blind2,0.2452428261997981,0.2452428261997981,1.4912924257050708,False
33,28,0.525,blind2,0.4055849556212383,0.4055849556212383,1.9114294510769625,False
33,28,0.725,blind2,-2.3838503914309683,2.3838503914309683,4.063302591626961,False
33,28,0.94,blind2,1.99305505142692,1.99305505142692,3.933961508013506,False
33,28,1.0,blind2,-0.4511292258269264,0.4511292258269264,2.2874039130448054,False
33,28,1.06,blind2,-0.3232456047018809,0.3232456047018809,2.1622431971364153,False
33,28,1.275,blind2,-0.43026413149250314,0.43026413149250314,2.164206949109404,False
33,28,1.675,blind2,0.3605960270417151,0.3605960270417151,2.0160288610787447,False
33,28,1.875,blind2,0.5594250523184292,0.5594250523184292,2.1462014131303775,False
33,56,0.325,blind2,-1.9190982267937746,1.9190982267937746,2.7749951924448957,False
33,56,0.525,blind2,0.032216364054473326,0.032216364054473326,1.100755026702993,False
33,56,0.725,blind2,-0.3296980864933715,0.3296980864933715,1.701794158527803,False
33,56,0.94,blind2,0.016683406663545074,0.016683406663545074,1.8743194572883537,False
33,56,1.0,blind2,-0.33548934370709954,0.33548934370709954,2.1850849643777592,False
33,56,1.06,blind2,0.15368986482429778,0.15368986482429778,2.003486461241022,False
33,56,1.275,blind2,0.39194771890140523,0.39194771890140523,2.1016466015381985,False
33,56,1.675,blind2,0.21085656368450847,0.21085656368450847,1.6755313137818861,False
33,56,1.875,blind2,0.16125424687677076,0.16125424687677076,1.5383561040868798,False
33,112,0.325,blind2,-1.2755775014101267,1.2755775014101267,1.8720004531604384,False
33,112,0.525,blind2,-0.894294077713796,0.894294077713796,1.6242800029438342,False
33,112,0.725,blind2,0.44366855253472737,0.44366855253472737,1.4338132114471325,False
33,112,0.94,blind2,-3.1932510323213523,3.1932510323213523,4.840581041080894,True
33,112,1.0,blind2,0.10838223085717023,0.10838223085717023,2.04503223949708,False
33,112,1.06,blind2,-0.7110079636503215,0.7110079636503215,2.442865216159895,False
33,112,1.275,blind2,0.29111305084791267,0.29111305084791267,1.8084057088777472,False
33,112,1.675,blind2,0.5426703060441497,0.5426703060441497,1.7668940367553176,False
33,112,1.875,blind2,0.6711124765033517,0.6711124765033517,1.798131139176662,False
33,128,0.3,boundary_confirmation,-1.274576394369478,1.274576394369478,1.7496696993799632,False
33,128,0.975,boundary_confirmation,2.078110222703175,2.078110222703175,3.70079864064663,False
33,128,1.025,boundary_confirmation,-0.8595427715108737,0.8595427715108737,2.4071816466806673,False
33,128,1.9,boundary_confirmation,1.156574084055768,1.156574084055768,2.0910171061105265,False
34,10,0.3,boundary_confirmation,-0.028018956573727296,0.028018956573727296,1.535256175393862,False
34,10,0.975,boundary_confirmation,-0.8038074420102249,0.8038074420102249,2.440570096258854,False
34,10,1.025,boundary_confirmation,0.39320813152160994,0.39320813152160994,2.122238340430571,False
34,10,1.9,boundary_confirmation,0.2890237617607802,0.2890237617607802,1.8806203906335694,False
34,14,0.325,blind2,0.5087038840641115,0.5087038840641115,2.210523836327538,False
34,14,0.525,blind2,-1.5188494525855323,1.5188494525855323,3.213812637816438,False
34,14,0.725,blind2,-0.41901274163367186,0.41901274163367186,2.182149694981883,False
34,14,0.94,blind2,-0.6904161436046121,0.6904161436046121,2.5458923578631776,False
34,14,1.0,blind2,-0.9014421120368462,0.9014421120368462,2.772143944237171,False
34,14,1.06,blind2,-0.4307614016443127,0.4307614016443127,2.3042835542020246,False
34,14,1.275,blind2,-0.2706927125908543,0.2706927125908543,2.069865666863102,False
34,14,1.675,blind2,-0.16852167397957574,0.16852167397957574,1.9027146360243385,False
34,14,1.875,blind2,0.909178601069946,0.909178601069946,2.669248728810958,False
34,28,0.325,blind2,0.6363664521061165,0.6363664521061165,1.9095050125572888,False
34,28,0.525,blind2,0.2021260375566619,0.2021260375566619,1.6730002294384816,False
34,28,0.725,blind2,-1.7622916377470081,1.7622916377470081,3.430676833184476,False
34,28,0.94,blind2,0.864114097610492,0.864114097610492,2.765391710378773,False
34,28,1.0,blind2,0.005166468805215718,0.005166468805215718,1.9174574293443047,False
34,28,1.06,blind2,-1.0671603831691083,1.0671603831691083,2.910019224565774,False
34,28,1.275,blind2,-0.2505623436126771,0.2505623436126771,1.975073818219486,False
34,28,1.675,blind2,0.2152067991675181,0.2152067991675181,1.88857379778542,False
34,28,1.875,blind2,0.1370679638123035,0.1370679638123035,1.7325689081641782,False
34,56,0.325,blind2,-1.568881249673808,1.568881249673808,2.403575018159665,False
34,56,0.525,blind2,-0.03729788320839573,0.03729788320839573,1.0942628656173015,False
34,56,0.725,blind2,0.3677934036509576,0.3677934036509576,1.7720851949453165,False
34,56,0.94,blind2,0.2403284829174497,0.2403284829174497,2.114988728718692,False
34,56,1.0,blind2,1.0261541165976462,1.0261541165976462,2.934543878155904,False
34,56,1.06,blind2,-0.33612064624697235,0.33612064624697235,2.075240877575635,False
34,56,1.275,blind2,0.1536456765118918,0.1536456765118918,1.8571531932916052,False
34,56,1.675,blind2,-0.2868495824925303,0.2868495824925303,1.6963210033068887,False
34,56,1.875,blind2,0.02658857467422189,0.02658857467422189,1.3819802820559834,False
34,112,0.325,blind2,-1.7942880337696758,1.7942880337696758,2.3874105765265163,False
34,112,0.525,blind2,-0.7044540268198004,0.7044540268198004,1.4284480364408436,False
34,112,0.725,blind2,-0.1370058826484804,0.1370058826484804,1.1076856481352704,False
34,112,0.94,blind2,-2.5298570350228413,2.5298570350228413,4.171760092414411,False
34,112,1.0,blind2,0.08660852977483927,0.08660852977483927,1.9805527640123222,False
34,112,1.06,blind2,-0.8871100586556235,0.8871100586556235,2.5972470411692594,False
34,112,1.275,blind2,0.061566263794231184,0.061566263794231184,1.574863834474427,False
34,112,1.675,blind2,0.5470028032037764,0.5470028032037764,1.789804490153113,False
34,112,1.875,blind2,0.35036187910817584,0.35036187910817584,1.4930039827406372,False
34,128,0.3,boundary_confirmation,-1.319817915570843,1.319817915570843,1.8021583322420542,False
34,128,0.975,boundary_confirmation,2.230296126694212,2.230296126694212,3.8765259015788756,False
34,128,1.025,boundary_confirmation,-0.5280642035536173,0.5280642035536173,2.078816048618559,False
34,128,1.9,boundary_confirmation,1.1866475888457038,1.1866475888457038,2.138131073593108,False
35,10,0.3,boundary_confirmation,0.6560789987985564,0.6560789987985564,2.200659338750599,False
35,10,0.975,boundary_confirmation,-0.12097259129872494,0.12097259129872494,1.7548200157053384,False
35,10,1.025,boundary_confirmation,0.7099847442677604,0.7099847442677604,2.422663302165051,False
35,10,1.9,boundary_confirmation,0.4626584320871103,0.4626584320871103,2.048417459873164,False
35,14,0.325,blind2,0.38089962442327474,0.38089962442327474,2.0538307639517805,False
35,14,0.525,blind2,-1.5121731562189984,1.5121731562189984,3.2173524148404353,False
35,14,0.725,blind2,-1.1405613488646404,1.1405613488646404,2.865328054592553,False
35,14,0.94,blind2,0.05295745520682134,0.05295745520682134,1.9744081052880613,False
35,14,1.0,blind2,-0.306378856190994,0.306378856190994,2.16281825060497,False
35,14,1.06,blind2,-0.930436898411058,0.930436898411058,2.7740146633758123,False
35,14,1.275,blind2,-0.2849522453947331,0.2849522453947331,2.1002569649399283,False
35,14,1.675,blind2,0.06198375855750762,0.06198375855750762,1.8603964712849974,False
35,14,1.875,blind2,0.4732202388078346,0.4732202388078346,2.2493927072388953,False
35,28,0.325,blind2,0.007383198137116189,0.007383198137116189,1.264838693516368,False
35,28,0.525,blind2,0.1042156387810764,0.1042156387810764,1.5651123996811567,False
35,28,0.725,blind2,-2.2242127381971146,2.2242127381971146,3.8703639197227413,False
35,28,0.94,blind2,1.6244099506046863,1.6244099506046863,3.5262032222507234,False
35,28,1.0,blind2,0.16053562960913573,0.16053562960913573,2.029127078566595,False
35,28,1.06,blind2,-0.10408361143055626,0.10408361143055626,1.9169068936407574,False
35,28,1.275,blind2,-0.9549530213200131,0.9549530213200131,2.684127249490953,False
35,28,1.675,blind2,0.39044496244997134,0.39044496244997134,2.0360436966852857,False
35,28,1.875,blind2,-0.5510182851919122,0.5510182851919122,2.0901365586044274,False
35,56,0.325,blind2,-1.8034407461224211,1.8034407461224211,2.6465304209831286,False
35,56,0.525,blind2,0.2614175790466363,0.2614175790466363,1.32193094132389,False
35,56,0.725,blind2,-0.3773356659663973,0.3773356659663973,1.7350191790614033,False
35,56,0.94,blind2,-0.20533432861649803,0.20533432861649803,1.9719290425093128,False
35,56,1.0,blind2,0.09241747895917124,0.09241747895917124,1.992720802833281,False
35,56,1.06,blind2,-0.8796307326347921,0.8796307326347921,2.649348493375292,False
35,56,1.275,blind2,0.3456830487607746,0.3456830487607746,2.0446354716786574,False
35,56,1.675,blind2,0.27098625162670537,0.27098625162670537,1.7429037963002436,False
35,56,1.875,blind2,0.643759121423948,0.643759121423948,2.023182288804337,False
35,112,0.325,blind2,-1.5237387292646825,1.5237387292646825,2.1388987470085663,False
35,112,0.525,blind2,-0.4990224512404111,0.4990224512404111,1.2290917736188622,False
35,112,0.725,blind2,0.6420311177629093,0.6420311177629093,1.649801069226875,False
35,112,0.94,blind2,-2.972144443657567,2.972144443657567,4.608459749359595,True
35,112,1.0,blind2,-0.9311081011761927,0.9311081011761927,2.7442221735484384,False
35,112,1.06,blind2,-0.4209746462274234,0.4209746462274234,2.1450837143785373,False
35,112,1.275,blind2,0.5025459490835933,0.5025459490835933,2.0278017525463987,False
35,112,1.675,blind2,0.4691261145803866,0.4691261145803866,1.6988646162990229,False
35,112,1.875,blind2,0.8869408713126062,0.8869408713126062,2.0449200933085665,False
35,128,0.3,boundary_confirmation,-1.301297989408468,1.301297989408468,1.7913378621049025,False
35,128,0.975,boundary_confirmation,2.2530001032896902,2.2530001032896902,3.8636504272567596,False
35,128,1.025,boundary_confirmation,-1.0521837797998772,1.0521837797998772,2.581849445640494,False
35,128,1.9,boundary_confirmation,1.4788927698231191,1.4788927698231191,2.4269597128865117,False
36,10,0.3,boundary_confirmation,-0.031643000538381,0.031643000538381,1.530587148814544,False
36,10,0.975,boundary_confirmation,0.07436068273749563,0.07436068273749563,1.744217878709442,False
36,10,1.025,boundary_confirmation,0.3495131055499713,0.3495131055499713,2.0100629303031026,False
36,10,1.9,boundary_confirmation,0.18063748315889203,0.18063748315889203,1.7432650731042942,False
36,14,0.325,blind2,0.3817428125816444,0.3817428125816444,2.0643855259043553,False
36,14,0.525,blind2,-1.1035218536789833,1.1035218536789833,2.7948990499570225,False
36,14,0.725,blind2,0.36205775747093305,0.36205775747093305,2.272332616494066,False
36,14,0.94,blind2,0.4438923143629596,0.4438923143629596,2.3999186521411753,False
36,14,1.0,blind2,0.5480234276476456,0.5480234276476456,2.4627670397859847,False
36,14,1.06,blind2,-0.4449220791994552,0.4449220791994552,2.255921270663519,False
36,14,1.275,blind2,-0.2986424294593016,0.2986424294593016,2.0648526099133258,False
36,14,1.675,blind2,-0.297014645215673,0.297014645215673,2.016495498077786,False
36,14,1.875,blind2,0.009629202509841913,0.009629202509841913,1.7393278480495988,False
36,28,0.325,blind2,-0.5357305406371611,0.5357305406371611,1.735025217853614,False
36,28,0.525,blind2,0.7861083147373013,0.7861083147373013,2.3246182922628034,False
36,28,0.725,blind2,-1.9606930431607925,1.9606930431607925,3.586966679456849,False
36,28,0.94,blind2,1.1175519400522567,1.1175519400522567,2.968508267072023,False
36,28,1.0,blind2,-0.45938779208654235,0.45938779208654235,2.287537945120943,False
36,28,1.06,blind2,-0.8746670040867646,0.8746670040867646,2.6863727109876723,False
36,28,1.275,blind2,0.21144336498891608,0.21144336498891608,1.9996258509621834,False
36,28,1.675,blind2,0.25349085219461476,0.25349085219461476,1.8809440715966907,False
36,28,1.875,blind2,-0.09534573134462172,0.09534573134462172,1.6361616469987128,False
36,56,0.325,blind2,-1.6819416307894015,1.6819416307894015,2.537099760571704,False
36,56,0.525,blind2,-0.2335402012376543,0.2335402012376543,1.2736414211795832,False
36,56,0.725,blind2,0.2564783009809056,0.2564783009809056,1.6754090672200572,False
36,56,0.94,blind2,0.18137952823441167,0.18137952823441167,2.0043995359791955,False
36,56,1.0,blind2,0.06233730337631059,0.06233730337631059,1.9519977813123646,False
36,56,1.06,blind2,-0.3001391304605324,0.3001391304605324,2.046888112261347,False
36,56,1.275,blind2,0.20395330170111234,0.20395330170111234,1.891312677178636,False
36,56,1.675,blind2,0.3473453094748184,0.3473453094748184,1.8023622442159937,False
36,56,1.875,blind2,0.11793596804859853,0.11793596804859853,1.5139290202433653,False
36,112,0.325,blind2,-1.7773395549266948,1.7773395549266948,2.385216911189081,False
36,112,0.525,blind2,-0.8067764235659194,0.8067764235659194,1.5336703288196474,False
36,112,0.725,blind2,-0.3069554281966552,0.3069554281966552,1.2615962533464087,False
36,112,0.94,blind2,-3.010183917184759,3.010183917184759,4.6578617643386,True
36,112,1.0,blind2,0.04436020095143845,0.04436020095143845,1.9119863083639776,False
36,112,1.06,blind2,-0.03719809618729873,0.03719809618729873,1.7659604651699246,False
36,112,1.275,blind2,0.798809667138971,0.798809667138971,2.320327442868697,False
36,112,1.675,blind2,0.6519061933642389,0.6519061933642389,1.899574122143477,False
36,112,1.875,blind2,0.6334794768533296,0.6334794768533296,1.7981170589883577,False
36,128,0.3,boundary_confirmation,-1.3074663771510706,1.3074663771510706,1.7864897932216794,False
36,128,0.975,boundary_confirmation,1.6049468749316242,1.6049468749316242,3.2186168845207863,False
36,128,1.025,boundary_confirmation,-0.21073475910435477,0.21073475910435477,1.7338439859702293,False
36,128,1.9,boundary_confirmation,1.3245197315084296,1.3245197315084296,2.2794752385859596,False
37,10,0.3,boundary_confirmation,0.3033080437791149,0.3033080437791149,1.843039034249827,False
37,10,0.975,boundary_confirmation,-0.3503151104802188,0.3503151104802188,1.9640627002988076,False
37,10,1.025,boundary_confirmation,0.18524495048094042,0.18524495048094042,1.855899373057901,False
37,10,1.9,boundary_confirmation,0.3345327453841068,0.3345327453841068,1.9321430727501143,False
37,14,0.325,blind2,0.7111367967667115,0.7111367967667115,2.4094033105455104,False
37,14,0.525,blind2,-0.10135941426646158,0.10135941426646158,1.792900246811946,False
37,14,0.725,blind2,0.09181839556514507,0.09181839556514507,1.9287114267476202,False
37,14,0.94,blind2,0.2440052575456349,0.2440052575456349,2.154746023242504,False
37,14,1.0,blind2,0.6440336509095996,0.6440336509095996,2.5629381915782457,False
37,14,1.06,blind2,0.08184049265872735,0.08184049265872735,2.0094892918653517,False
37,14,1.275,blind2,-1.0931385411564873,1.0931385411564873,2.8813926408553403,False
37,14,1.675,blind2,0.14023491082287115,0.14023491082287115,1.9180212490069293,False
37,14,1.875,blind2,-0.652430212563179,0.652430212563179,2.312286857775092,False
37,28,0.325,blind2,-0.44763012028059085,0.44763012028059085,1.6739163692415127,False
37,28,0.525,blind2,0.07007481043031479,0.07007481043031479,1.558295677284871,False
37,28,0.725,blind2,-1.8744564320118438,1.8744564320118438,3.535338291560719,False
37,28,0.94,blind2,1.0577691864088152,1.0577691864088152,2.905289655471943,False
37,28,1.0,blind2,0.39321532943765103,0.39321532943765103,2.2532042032364696,False
37,28,1.06,blind2,-0.35902358963240294,0.35902358963240294,2.1419835047758795,False
37,28,1.275,blind2,-0.4132533084450394,0.4132533084450394,2.142055596448378,False
37,28,1.675,blind2,0.4022745187711836,0.4022745187711836,2.0097671225595803,False
37,28,1.875,blind2,0.15934047906999357,0.15934047906999357,1.7274465806530692,False
37,56,0.325,blind2,-1.411544819482312,1.411544819482312,2.2776269218447887,False
37,56,0.525,blind2,0.009918132888208121,0.009918132888208121,1.0404038245497738,False
37,56,0.725,blind2,0.27785524042234566,0.27785524042234566,1.7016935790681753,False
37,56,0.94,blind2,0.10207221121049616,0.10207221121049616,1.9270384138763585,False
37,56,1.0,blind2,0.0180966778230416,0.0180966778230416,1.8781552967626514,False
37,56,1.06,blind2,-0.6288811617732943,0.6288811617732943,2.355117515514471,False
37,56,1.275,blind2,0.05083079503589905,0.05083079503589905,1.7331688379406573,False
37,56,1.675,blind2,0.33972576821987477,0.33972576821987477,1.8246998891391586,False
37,56,1.875,blind2,0.21345127249145301,0.21345127249145301,1.6182719001904822,False
37,112,0.325,blind2,-1.2192838677493922,1.2192838677493922,1.8320754777081505,False
37,112,0.525,blind2,-0.554370494927094,0.554370494927094,1.292322448777361,False
37,112,0.725,blind2,-0.29577676465017166,0.29577676465017166,1.2541491077574074,False
37,112,0.94,blind2,-2.6664233330778377,2.6664233330778377,4.319948895623238,False
37,112,1.0,blind2,0.1811117591508537,0.1811117591508537,2.0330516847154145,False
37,112,1.06,blind2,-0.49888794217452287,0.49888794217452287,2.2292036285294192,False
37,112,1.275,blind2,-0.1603281280412466,0.1603281280412466,1.639995850125875,False
37,112,1.675,blind2,0.6778817692118928,0.6778817692118928,1.9049173772014205,False
37,112,1.875,blind2,0.790846254397669,0.790846254397669,1.9300140132683108,False
37,128,0.3,boundary_confirmation,-1.5810984123356204,1.5810984123356204,2.068696158902905,False
37,128,0.975,boundary_confirmation,1.8294426682940055,1.8294426682940055,3.424590219020862,False
37,128,1.025,boundary_confirmation,-0.6298739681668,0.6298739681668,2.1367090819498946,False
37,128,1.9,boundary_confirmation,1.3751883902592945,1.3751883902592945,2.331545606806684,False
38,10,0.3,boundary_confirmation,0.29501256395266234,0.29501256395266234,1.8389646599292764,False
38,10,0.975,boundary_confirmation,-0.24721030866324176,0.24721030866324176,1.8540573395519955,False
38,10,1.025,boundary_confirmation,0.5763078250759293,0.5763078250759293,2.255600808302116,False
38,10,1.9,boundary_confirmation,0.27857312330436695,0.27857312330436695,1.864183469912728,False
38,14,0.325,blind2,0.8291860179686373,0.8291860179686373,2.5079146426489896,False
38,14,0.525,blind2,-1.031055045468709,1.031055045468709,2.6708508363482264,False
38,14,0.725,blind2,-0.182589380555023,0.182589380555023,1.9278582718726511,False
38,14,0.94,blind2,-0.3840527429991639,0.3840527429991639,2.171051438030447,False
38,14,1.0,blind2,0.5926932408153471,0.5926932408153471,2.4942304541004656,False
38,14,1.06,blind2,0.24326065170393135,0.24326065170393135,2.1178896513442957,False
38,14,1.275,blind2,-1.2403628596641072,1.2403628596641072,2.9771327885073307,False
38,14,1.675,blind2,-0.27499637183999354,0.27499637183999354,1.9729990745434134,False
38,14,1.875,blind2,0.14737577819330921,0.14737577819330921,1.878846580126492,False
38,28,0.325,blind2,0.4379505268048386,0.4379505268048386,1.7226358410125764,False
38,28,0.525,blind2,-0.11422948607135279,0.11422948607135279,1.5544053925752754,False
38,28,0.725,blind2,-1.7028230817919643,1.7028230817919643,3.3356104905168826,False
38,28,0.94,blind2,1.4255669541007205,1.4255669541007205,3.3112353502886327,False
38,28,1.0,blind2,0.585312068720698,0.585312068720698,2.500639146547501,False
38,28,1.06,blind2,0.01519099265440336,0.01519099265440336,1.8600270751066184,False
38,28,1.275,blind2,0.4356821893318564,0.4356821893318564,2.1871213041062765,False
38,28,1.675,blind2,-0.13908294915210628,0.13908294915210628,1.721564439280443,False
38,28,1.875,blind2,0.28448269901253853,0.28448269901253853,1.866091478700671,False
38,56,0.325,blind2,-1.5345082148299807,1.5345082148299807,2.3893102340226235,False
38,56,0.525,blind2,-0.016031655638547134,0.016031655638547134,1.0779210996426758,False
38,56,0.725,blind2,0.1706946137464985,0.1706946137464985,1.5545724929820315,False
38,56,0.94,blind2,-0.04852391164958031,0.04852391164958031,1.7789243196493554,False
38,56,1.0,blind2,0.9344892338355868,0.9344892338355868,2.79991149880523,False
38,56,1.06,blind2,-0.7892900151837425,0.7892900151837425,2.529306619284477,False
38,56,1.275,blind2,-0.08434566577807762,0.08434566577807762,1.6802721142505916,False
38,56,1.675,blind2,0.028825246353128987,0.028825246353128987,1.4820061412920804,False
38,56,1.875,blind2,0.12741363384293322,0.12741363384293322,1.5287628501874595,False
38,112,0.325,blind2,-1.661184041146952,1.661184041146952,2.269479915949657,False
38,112,0.525,blind2,-0.5932606946270279,0.5932606946270279,1.3239259226329847,False
38,112,0.725,blind2,0.12392688487878067,0.12392688487878067,1.1345230812551677,False
38,112,0.94,fresh_precision_confirmation,-2.9862400879782838,2.9862400879782838,3.887941267853179,False
38,112,1.0,blind2,0.23003464162568368,0.23003464162568368,2.081833973881242,False
38,112,1.06,blind2,-1.0347701923691308,1.0347701923691308,2.7243863434794235,False
38,112,1.275,blind2,0.16313615254099917,0.16313615254099917,1.685997272773987,False
38,112,1.675,blind2,0.5434095963692088,0.5434095963692088,1.7870043522353551,False
38,112,1.875,blind2,1.2476452765045862,1.2476452765045862,2.416567745931575,False
38,128,0.3,boundary_confirmation,-1.3636522172553869,1.3636522172553869,1.8553871287304347,False
38,128,0.975,boundary_confirmation,2.185522106388337,2.185522106388337,3.7660671683406477,False
38,128,1.025,boundary_confirmation,-0.03775303683181846,0.03775303683181846,1.5627918519727002,False
38,128,1.9,boundary_confirmation,1.2546271749475468,1.2546271749475468,2.214321574573641,False
39,10,0.3,boundary_confirmation,0.5237771069031083,0.5237771069031083,2.0880713075486668,False
39,10,0.975,boundary_confirmation,-0.43009766622590406,0.43009766622590406,2.029542208162005,False
39,10,1.025,boundary_confirmation,0.2796361551755821,0.2796361551755821,1.9333745521072698,False
39,10,1.9,boundary_confirmation,0.1489594700809747,0.1489594700809747,1.7171990636068335,False
39,14,0.325,blind2,1.0552950556892553,1.0552950556892553,2.7396671785538063,False
39,14,0.525,blind2,-1.0820014809180338,1.0820014809180338,2.7883142714147047,False
39,14,0.725,blind2,-0.7743255365362657,0.7743255365362657,2.5108673209625842,False
39,14,0.94,blind2,-0.2529688813413142,0.2529688813413142,2.0532690453798796,False
39,14,1.0,blind2,-0.4625441671963169,0.4625441671963169,2.255972607123846,False
39,14,1.06,blind2,-0.28798398733806696,0.28798398733806696,2.1048128228953966,False
39,14,1.275,blind2,-0.7460121272968798,0.7460121272968798,2.5338227117809087,False
39,14,1.675,blind2,0.07931931948598647,0.07931931948598647,1.8333135116697319,False
39,14,1.875,blind2,-0.48058308226266844,0.48058308226266844,2.1299743576996266,False
39,28,0.325,blind2,-0.4217099548402931,0.4217099548402931,1.6420669069062144,False
39,28,0.525,blind2,0.5551304667903059,0.5551304667903059,2.0603731598513475,False
39,28,0.725,blind2,-2.4846213964069688,2.4846213964069688,4.102935521885009,False
39,28,0.94,blind2,1.9828007899210311,1.9828007899210311,3.8568859374874753,False
39,28,1.0,blind2,0.7788839479191872,0.7788839479191872,2.6107445916633276,False
39,28,1.06,blind2,-0.8934697714099361,0.8934697714099361,2.61533214905203,False
39,28,1.275,blind2,-0.19887767707845325,0.19887767707845325,1.8945287688642787,False
39,28,1.675,blind2,0.6192430871117129,0.6192430871117129,2.2688319761065223,False
39,28,1.875,blind2,-0.3561941659733742,0.3561941659733742,1.8654926825019902,False
39,56,0.325,blind2,-1.5150632252429403,1.5150632252429403,2.3793646228521648,False
39,56,0.525,blind2,-0.13552882954830162,0.13552882954830162,1.165470057532103,False
39,56,0.725,blind2,0.2582449332871145,0.2582449332871145,1.6747091583224405,False
39,56,0.94,blind2,0.43317818946887127,0.43317818946887127,2.2128339372526895,False
39,56,1.0,blind2,0.315110516237503,0.315110516237503,2.1730624592379844,False
39,56,1.06,blind2,-0.49787085869516756,0.49787085869516756,2.2180058491727106,False
39,56,1.275,blind2,0.6301046893287258,0.6301046893287258,2.2930368374018073,False
39,56,1.675,blind2,0.18914505592332623,0.18914505592332623,1.670955493933457,False
39,56,1.875,blind2,-0.08179675240615214,0.08179675240615214,1.4381750303252505,False
39,112,0.325,blind2,-1.8348848679450056,1.8348848679450056,2.432045223444901,False
39,112,0.525,blind2,-0.6990131455523863,0.6990131455523863,1.4361024545543,False
39,112,0.725,blind2,0.1004306230156814,0.1004306230156814,1.0714479307710079,False
39,112,0.94,blind2,-3.1657970124768333,3.1657970124768333,4.785605576577057,True
39,112,1.0,blind2,0.23591438160499761,0.23591438160499761,2.1013771400308467,False
39,112,1.06,blind2,-0.019604083482233973,0.019604083482233973,1.724071468629118,False
39,112,1.275,blind2,0.38299573823011634,0.38299573823011634,1.895902360282009,False
39,112,1.675,blind2,0.7847816547658575,0.7847816547658575,2.042643554624579,False
39,112,1.875,blind2,0.42051180372212105,0.42051180372212105,1.575759432017132,False
39,128,0.3,boundary_confirmation,-1.4827817102936203,1.4827817102936203,1.9674996275510281,False
39,128,0.975,boundary_confirmation,2.1378365277698563,2.1378365277698563,3.7322549495340196,False
39,128,1.025,boundary_confirmation,-0.2451702216303486,0.2451702216303486,1.7493759553953048,False
39,128,1.9,boundary_confirmation,1.302318845679273,1.302318845679273,2.2787469414242034,False
40,10,0.3,boundary_confirmation,-0.06742773123071216,0.06742773123071216,1.5463160257171649,False
40,10,0.975,boundary_confirmation,-0.576442724789771,0.576442724789771,2.156200250204243,False
40,10,1.025,boundary_confirmation,0.7155463111064511,0.7155463111064511,2.3596738478537826,False
40,10,1.9,boundary_confirmation,0.59676462144445,0.59676462144445,2.1658509643335933,False
40,14,0.325,blind2,0.7711026595983794,0.7711026595983794,2.4389145206806795,False
40,14,0.525,blind2,-0.9149750420505339,0.9149750420505339,2.6048973451701762,False
40,14,0.725,blind2,-0.5417041587571703,0.5417041587571703,2.274476881995935,False
40,14,0.94,blind2,-0.011797944891771956,0.011797944891771956,1.8391924858595088,False
40,14,1.0,blind2,0.6914506410459823,0.6914506410459823,2.631760934124183,False
40,14,1.06,blind2,0.2769478696015303,0.2769478696015303,2.1749815079743273,False
40,14,1.275,blind2,-0.3769855855399346,0.3769855855399346,2.1207546736870975,False
40,14,1.675,blind2,-0.3547921881849259,0.3547921881849259,2.079320494859749,False
40,14,1.875,blind2,-0.1252518687344078,0.1252518687344078,1.796759240339274,False
40,28,0.325,blind2,0.12474470425026896,0.12474470425026896,1.376857985225044,False
40,28,0.525,blind2,0.5284189576911352,0.5284189576911352,2.0166606271385223,False
40,28,0.725,blind2,-1.6501866685844044,1.6501866685844044,3.2670095468237403,False
40,28,0.94,blind2,1.3115109857141343,1.3115109857141343,3.1235051347389797,False
40,28,1.0,blind2,0.8584051026684136,0.8584051026684136,2.6994826947006834,False
40,28,1.06,blind2,-0.8244402689533246,0.8244402689533246,2.549445304951048,False
40,28,1.275,blind2,0.2752673911845188,0.2752673911845188,2.009616035434214,False
40,28,1.675,blind2,0.6833665506279042,0.6833665506279042,2.310293670486141,False
40,28,1.875,blind2,0.4792023171471419,0.4792023171471419,2.070829598208368,False
40,56,0.325,blind2,-1.6211118610961028,1.6211118610961028,2.4773224550587836,False
40,56,0.525,blind2,0.31243329880927345,0.31243329880927345,1.3748167726226335,False
40,56,0.725,blind2,-0.4234644059987623,0.4234644059987623,1.7595915603017764,False
40,56,0.94,blind2,0.23081201710528484,0.23081201710528484,1.9984013957100144,False
40,56,1.0,blind2,0.5070365528918367,0.5070365528918367,2.3372272599397004,False
40,56,1.06,blind2,-0.7596416080777914,0.7596416080777914,2.4839517180791915,False
40,56,1.275,blind2,-0.45284773621829166,0.45284773621829166,2.0309279315392503,False
40,56,1.675,blind2,0.1244088125532897,0.1244088125532897,1.5660181070142665,False
40,56,1.875,blind2,0.1820171741472928,0.1820171741472928,1.571732413079019,False
40,112,0.325,blind2,-1.5602386581399919,1.5602386581399919,2.1653385846888695,False
40,112,0.525,blind2,-0.8424617358318428,0.8424617358318428,1.5638378211101367,False
40,112,0.725,blind2,-0.05841098811221738,0.05841098811221738,1.0212155205090778,False
40,112,0.94,blind2,-2.205786276286138,2.205786276286138,3.840165213830282,False
40,112,1.0,blind2,-0.1500937986304405,0.1500937986304405,1.8851924863088731,False
40,112,1.06,blind2,-0.6194385444621507,0.6194385444621507,2.297020955298379,False
40,112,1.275,blind2,0.6320856900610123,0.6320856900610123,2.1540724903975628,False
40,112,1.675,blind2,0.6744245587416552,0.6744245587416552,1.924868986198236,False
40,112,1.875,blind2,1.0096753891203312,1.0096753891203312,2.180514094303332,False
40,128,0.3,boundary_confirmation,-1.3331990506501243,1.3331990506501243,1.8140846710793301,False
40,128,0.975,boundary_confirmation,1.8223591051054637,1.8223591051054637,3.374800286511226,False
40,128,1.025,boundary_confirmation,-0.6358805289338142,0.6358805289338142,2.127202532972905,False
40,128,1.9,boundary_confirmation,1.5356980454627953,1.5356980454627953,2.5089075997674293,False
41,10,0.3,boundary_confirmation,0.8221353365412034,0.8221353365412034,2.3468441801781204,False
41,10,0.975,boundary_confirmation,-0.09677993978077945,0.09677993978077945,1.678014930862326,False
41,10,1.025,boundary_confirmation,0.5677639333507805,0.5677639333507805,2.2199301694941997,False
41,10,1.9,boundary_confirmation,0.6011423711515348,0.6011423711515348,2.146935434110686,False
41,14,0.325,blind2,0.19274939631171098,0.19274939631171098,1.877990474565272,False
41,14,0.525,blind2,-0.5704951780231949,0.5704951780231949,2.23731647365224,False
41,14,0.725,blind2,-0.08699830237179107,0.08699830237179107,1.8264073540373293,False
41,14,0.94,blind2,-0.3300129469508775,0.3300129469508775,2.133204434739844,False
41,14,1.0,blind2,-0.11991131435953573,0.11991131435953573,1.928214390626093,False
41,14,1.06,blind2,-0.06286910323752809,0.06286910323752809,1.8633120246636214,False
41,14,1.275,blind2,0.18593963229086743,0.18593963229086743,2.0129578920147884,False
41,14,1.675,blind2,0.6611489498970249,0.6611489498970249,2.4527279799622104,False
41,14,1.875,blind2,0.09324849101086247,0.09324849101086247,1.827246103510749,False
41,28,0.325,blind2,0.19374572834699597,0.19374572834699597,1.4537237546838222,False
41,28,0.525,blind2,0.8061307338289039,0.8061307338289039,2.3086636112243486,False
41,28,0.725,blind2,-2.5284798903763304,2.5284798903763304,4.140929917164082,False
41,28,0.94,blind2,1.5429404691952067,1.5429404691952067,3.4110160617277785,False
41,28,1.0,blind2,-0.19825253455811104,0.19825253455811104,1.9564478588291023,False
41,28,1.06,blind2,-0.7902266805812521,0.7902266805812521,2.551219118317727,False
41,28,1.275,blind2,-0.04831459694757746,0.04831459694757746,1.7252419948791564,False
41,28,1.675,blind2,-0.08265221210858864,0.08265221210858864,1.6748072713011264,False
41,28,1.875,blind2,0.43866743867002606,0.43866743867002606,2.0190962841861726,False
41,56,0.325,blind2,-1.6617143010305993,1.6617143010305993,2.521691613153243,False
41,56,0.525,blind2,0.13145014878417405,0.13145014878417405,1.1910841709402264,False
41,56,0.725,blind2,0.04648065370788141,0.04648065370788141,1.4221120092452022,False
41,56,0.94,blind2,-0.4128727337266485,0.4128727337266485,2.1214034399955617,False
41,56,1.0,blind2,0.03769139193055499,0.03769139193055499,1.8513834686950004,False
41,56,1.06,blind2,-0.4353225718123048,0.4353225718123048,2.140006617187429,False
41,56,1.275,blind2,-0.6595097725868064,0.6595097725868064,2.2388340157682762,False
41,56,1.675,blind2,-0.3160056367889207,0.3160056367889207,1.7249358327379394,False
41,56,1.875,blind2,0.032942332935840056,0.032942332935840056,1.44409094095872,False
41,112,0.325,blind2,-1.8890682005555965,1.8890682005555965,2.493327813320989,False
41,112,0.525,blind2,-0.819199341893999,0.819199341893999,1.5473368777538354,False
41,112,0.725,blind2,0.07604500864913528,0.07604500864913528,1.0703447949362177,False
41,112,0.94,fresh_precision_confirmation,-3.170752432872427,3.170752432872427,4.060086496687698,False
41,112,1.0,blind2,-0.04603782977478732,0.04603782977478732,1.830199567774693,False
41,112,1.06,blind2,-0.5969722510472556,0.5969722510472556,2.2982665329596252,False
41,112,1.275,blind2,0.3114388961947688,0.3114388961947688,1.8117825755120442,False
41,112,1.675,blind2,0.6110418956820363,0.6110418956820363,1.8881015629743647,False
41,112,1.875,blind2,0.9399441058598239,0.9399441058598239,2.1122502693496914,False
41,128,0.3,boundary_confirmation,-1.6470112013526501,1.6470112013526501,2.1278440833741197,False
41,128,0.975,boundary_confirmation,1.9177753433146139,1.9177753433146139,3.4924130148909827,False
41,128,1.025,boundary_confirmation,-0.37406648909789025,0.37406648909789025,1.856080739931798,False
41,128,1.9,boundary_confirmation,1.3323899903450707,1.3323899903450707,2.3050543636144782,False
42,10,0.3,boundary_confirmation,0.5324023324341557,0.5324023324341557,2.0630387349548363,False
42,10,0.975,boundary_confirmation,0.6649247635818768,0.6649247635818768,2.3027695502215284,False
42,10,1.025,boundary_confirmation,0.22363827590692326,0.22363827590692326,1.8604189598597332,False
42,10,1.9,boundary_confirmation,0.4903134278911871,0.4903134278911871,2.048115715545462,False
42,14,0.325,blind2,0.3657230859368563,0.3657230859368563,2.0283605803508076,False
42,14,0.525,blind2,-1.775557884466007,1.775557884466007,3.4498556658304147,False
42,14,0.725,blind2,-0.24702877445090576,0.24702877445090576,1.9548256291401556,False
42,14,0.94,blind2,-0.6206903304596536,0.6206903304596536,2.404761516428955,False
42,14,1.0,blind2,-0.6609926128288006,0.6609926128288006,2.4225322478129696,False
42,14,1.06,blind2,-0.08517898132237053,0.08517898132237053,1.8837776720125432,False
42,14,1.275,blind2,0.1901175617529375,0.1901175617529375,1.992583848579299,False
42,14,1.675,blind2,0.27453878898078543,0.27453878898078543,2.003048477057745,False
42,14,1.875,blind2,0.03352922451715,0.03352922451715,1.7394389367998642,False
42,28,0.325,blind2,0.04752257322228263,0.04752257322228263,1.3086588697102108,False
42,28,0.525,blind2,0.21721541723123106,0.21721541723123106,1.6948184509490538,False
42,28,0.725,blind2,-2.1183585319943767,2.1183585319943767,3.753227415638305,False
42,28,0.94,blind2,1.1497870897237563,1.1497870897237563,2.9774936961382004,False
42,28,1.0,blind2,-0.048242845088790155,0.048242845088790155,1.8150038986348482,False
42,28,1.06,blind2,0.19834331889308862,0.19834331889308862,1.9950416392156,False
42,28,1.275,blind2,-0.48088251985231745,0.48088251985231745,2.1549039945263138,False
42,28,1.675,blind2,-0.4300959857934763,0.4300959857934763,2.0166640458102902,False
42,28,1.875,blind2,0.33218494623064654,0.33218494623064654,1.901282748315003,False
42,56,0.325,blind2,-1.8470966899295602,1.8470966899295602,2.7170925479734875,False
42,56,0.525,blind2,0.3057562823730051,0.3057562823730051,1.3805553871909293,False
42,56,0.725,blind2,0.2715332087281247,0.2715332087281247,1.6645677730538377,False
42,56,0.94,blind2,0.22386590507001008,0.22386590507001008,1.9727935154671972,False
42,56,1.0,blind2,0.8888727443270004,0.8888727443270004,2.6992087915104435,False
42,56,1.06,blind2,-0.6252887423697151,0.6252887423697151,2.320113244708044,False
42,56,1.275,blind2,-0.32771108090964723,0.32771108090964723,1.9002776830190027,False
42,56,1.675,blind2,0.3220018138626236,0.3220018138626236,1.7699573632922627,False
42,56,1.875,blind2,0.7868604713089178,0.7868604713089178,2.1934045981848227,False
42,112,0.325,blind2,-1.7601731449838094,1.7601731449838094,2.37419256015744,False
42,112,0.525,blind2,-0.6192439259861525,0.6192439259861525,1.3518484729431735,False
42,112,0.725,blind2,0.10944859890221072,0.10944859890221072,1.1046072438821941,False
42,112,0.94,blind2,-3.401075171464803,3.401075171464803,4.990980083328989,True
42,112,1.0,blind2,-0.11686817823407364,0.11686817823407364,1.8137768737394033,False
42,112,1.06,blind2,-0.09412789308437763,0.09412789308437763,1.7629239227382687,False
42,112,1.275,blind2,0.3587972055128344,0.3587972055128344,1.8737462757828283,False
42,112,1.675,blind2,1.063626511645684,1.063626511645684,2.3335547831614845,False
42,112,1.875,blind2,0.8940504601388695,0.8940504601388695,2.0910830632224986,False
42,128,0.3,boundary_confirmation,-1.703038903618177,1.703038903618177,2.1866093225092698,False
42,128,0.975,boundary_confirmation,1.953688836147773,1.953688836147773,3.502832701611003,False
42,128,1.025,boundary_confirmation,-0.4504128298459388,0.4504128298459388,1.9374258475636674,False
42,128,1.9,boundary_confirmation,1.7195898473774986,1.7195898473774986,2.701337169485196,False
43,10,0.3,boundary_confirmation,0.6849815423171984,0.6849815423171984,2.1982207761771067,False
43,10,0.975,boundary_confirmation,-0.46948816277067223,0.46948816277067223,2.0406019745623283,False
43,10,1.025,boundary_confirmation,0.6290531352722247,0.6290531352722247,2.286521587589574,False
43,10,1.9,boundary_confirmation,0.6570439765637996,0.6570439765637996,2.2057741422793598,False
43,14,0.325,blind2,0.9484504638171123,0.9484504638171123,2.5942466420195265,False
43,14,0.525,blind2,-1.3780724680231773,1.3780724680231773,3.0210502794538296,False
43,14,0.725,blind2,0.1319401294735848,0.1319401294735848,1.942232674069433,False
43,14,0.94,blind2,-0.2652240620190842,0.2652240620190842,1.991133389399402,False
43,14,1.0,blind2,-0.42155236367028914,0.42155236367028914,2.2102618631941295,False
43,14,1.06,blind2,0.14715719127954177,0.14715719127954177,1.9534333107959378,False
43,14,1.275,blind2,0.10250146319956506,0.10250146319956506,1.90551763763398,False
43,14,1.675,blind2,-0.9743911991824586,0.9743911991824586,2.655812461514029,False
43,14,1.875,blind2,0.053254694298075354,0.053254694298075354,1.7696959528273215,False
43,28,0.325,blind2,-0.07088617764769896,0.07088617764769896,1.297542850497857,False
43,28,0.525,blind2,0.8857042827315293,0.8857042827315293,2.3974475232664716,False
43,28,0.725,blind2,-2.15540474520649,2.15540474520649,3.7867675226502806,False
43,28,0.94,blind2,1.4806928606754015,1.4806928606754015,3.2986844285233685,False
43,28,1.0,blind2,-0.3488474504267166,0.3488474504267166,2.076171661635595,False
43,28,1.06,blind2,-0.5634717937179969,0.5634717937179969,2.2934999954533852,False
43,28,1.275,blind2,-0.3534406135163894,0.3534406135163894,2.0473806866317834,False
43,28,1.675,blind2,0.057910589163703535,0.057910589163703535,1.6862682360025527,False
43,28,1.875,blind2,0.33257921279503616,0.33257921279503616,1.882655495032326,False
43,56,0.325,blind2,-1.5184839481289931,1.5184839481289931,2.3765341685426766,False
43,56,0.525,blind2,0.02084840711658744,0.02084840711658744,1.0967400322142273,False
43,56,0.725,blind2,0.4925295510322992,0.4925295510322992,1.8972212713588066,False
43,56,0.94,blind2,0.3613470771806102,0.3613470771806102,2.1041230042789127,False
43,56,1.0,blind2,0.06298794102591956,0.06298794102591956,1.8558807362800023,False
43,56,1.06,blind2,-0.1787126071659555,0.1787126071659555,1.8812292067119984,False
43,56,1.275,blind2,0.5809971553675056,0.5809971553675056,2.23372259863428,False
43,56,1.675,blind2,0.2429779450535685,0.2429779450535685,1.689425592187166,False
43,56,1.875,blind2,0.379208593697888,0.379208593697888,1.7731539010070296,False
43,112,0.325,blind2,-1.9857526130911825,1.9857526130911825,2.5974687749917402,False
43,112,0.525,blind2,-0.7724779788859404,0.7724779788859404,1.5055447016524282,False
43,112,0.725,blind2,-0.2493249068591572,0.2493249068591572,1.2317220821007724,False
43,112,0.94,fresh_precision_confirmation,-3.0398610578532157,3.0398610578532157,3.924966534903329,False
43,112,1.0,blind2,-0.003252272759004466,0.003252272759004466,1.7870161603014578,False
43,112,1.06,blind2,0.1883947549196413,0.1883947549196413,1.9051569503493404,False
43,112,1.275,blind2,0.5728967842036627,0.5728967842036627,2.082840448530132,False
43,112,1.675,blind2,0.5113846597901899,0.5113846597901899,1.7822865596637039,False
43,112,1.875,blind2,0.8036060155396926,0.8036060155396926,1.971161874759808,False
43,128,0.3,boundary_confirmation,-1.548448095790232,1.548448095790232,2.032479097014339,False
43,128,0.975,boundary_confirmation,1.977411865611269,1.977411865611269,3.5278581943632537,False
43,128,1.025,boundary_confirmation,-0.9496137257151878,0.9496137257151878,2.4233820608877576,False
43,128,1.9,boundary_confirmation,1.1288628502533322,1.1288628502533322,2.117250767319656,False
44,10,0.3,boundary_confirmation,-0.1322862436960402,0.1322862436960402,1.5687270958951283,False
44,10,0.975,boundary_confirmation,-0.4502817091517685,0.4502817091517685,2.008799448111198,False
44,10,1.025,boundary_confirmation,0.8100083739400774,0.8100083739400774,2.4332421170056184,False
44,10,1.9,boundary_confirmation,0.24636545247329023,0.24636545247329023,1.7784794603594056,False
44,14,0.325,blind2,-0.2762671381734622,0.2762671381734622,1.8519035399126915,False
44,14,0.525,blind2,-1.1969072880535474,1.1969072880535474,2.871522935534232,False
44,14,0.725,blind2,-1.4172411192494159,1.4172411192494159,3.120721568204554,False
44,14,0.94,blind2,0.03372976746294413,0.03372976746294413,1.8431333197291844,False
44,14,1.0,blind2,-0.3965954787697319,0.3965954787697319,2.1193131427580947,False
44,14,1.06,blind2,-0.27202894148220497,0.27202894148220497,2.040331091858716,False
44,14,1.275,blind2,-0.4595742390998431,0.4595742390998431,2.1816718942504365,False
44,14,1.675,blind2,-0.23865499393801898,0.23865499393801898,1.8997668399666323,False
44,14,1.875,blind2,-0.47823559792391074,0.47823559792391074,2.1043070367220307,False
44,28,0.325,blind2,-0.21853921723226474,0.21853921723226474,1.446192265625601,False
44,28,0.525,blind2,0.5600440799076318,0.5600440799076318,2.0779622121780417,False
44,28,0.725,blind2,-1.8949900988821144,1.8949900988821144,3.4814138764940106,False
44,28,0.94,blind2,1.666083625552112,1.666083625552112,3.500950474720166,False
44,28,1.0,blind2,0.026522001232441535,0.026522001232441535,1.8129399757261577,False
44,28,1.06,blind2,-0.6403745933972607,0.6403745933972607,2.3499774662513184,False
44,28,1.275,blind2,-0.45005114510562233,0.45005114510562233,2.113782954290222,False
44,28,1.675,blind2,-0.1756827044986811,0.1756827044986811,1.7238094601257137,False
44,28,1.875,blind2,-0.029264898493383484,0.029264898493383484,1.5709127710697768,False
44,56,0.325,blind2,-1.7288648912100049,1.7288648912100049,2.589613927730283,False
44,56,0.525,blind2,0.012090206142886271,0.012090206142886271,1.0751147038942088,False
44,56,0.725,blind2,0.1754710520466688,0.1754710520466688,1.5645698916724182,False
44,56,0.94,blind2,-0.030125557852566223,0.030125557852566223,1.7172040733681504,False
44,56,1.0,blind2,-0.3170309594798428,0.3170309594798428,2.04228579103628,False
44,56,1.06,blind2,-0.39665058949868326,0.39665058949868326,2.0881733568437033,False
44,56,1.275,blind2,0.32561703453787827,0.32561703453787827,1.96236023724361,False
44,56,1.675,blind2,0.22252381386954376,0.22252381386954376,1.713976920720306,False
44,56,1.875,blind2,0.9313468794280216,0.9313468794280216,2.333332279432909,False
44,112,0.325,blind2,-1.898548546390938,1.898548546390938,2.5073021260149986,False
44,112,0.525,blind2,-0.6323166594708562,0.6323166594708562,1.3651263607987074,False
44,112,0.725,blind2,-0.0007031200561882418,0.0007031200561882418,0.9854173332975558,False
44,112,0.94,fresh_precision_confirmation,-3.0921446972092617,3.0921446972092617,3.968521922998758,False
44,112,1.0,blind2,0.47608111059407193,0.47608111059407193,2.2592834709136644,False
44,112,1.06,blind2,-0.05278009050358587,0.05278009050358587,1.7213461705417488,False
44,112,1.275,blind2,1.4235653088773332,1.4235653088773332,2.952784616040516,False
44,112,1.675,blind2,0.6059997879671991,0.6059997879671991,1.8752364697536716,False
44,112,1.875,blind2,1.1264420452729107,1.1264420452729107,2.321904422261256,False
44,128,0.3,boundary_confirmation,-1.608108722870671,1.608108722870671,2.0960998908441053,False
44,128,0.975,boundary_confirmation,2.2340771887862565,2.2340771887862565,3.785883941883572,False
44,128,1.025,boundary_confirmation,-0.7812245124668329,0.7812245124668329,2.2522281917650155,False
44,128,1.9,boundary_confirmation,1.4047372195463845,1.4047372195463845,2.3847979030496624,False
45,10,0.3,boundary_confirmation,-0.2130248880717623,0.2130248880717623,1.6573922040653,False
45,10,0.975,boundary_confirmation,-0.15090744102949186,0.15090744102949186,1.7013415846678925,False
45,10,1.025,boundary_confirmation,0.19715530956941787,0.19715530956941787,1.8061136692864022,False
45,10,1.9,boundary_confirmation,0.6487660784137108,0.6487660784137108,2.1702377505270487,False
45,14,0.325,blind2,0.49181315855464214,0.49181315855464214,2.1511505858276214,False
45,14,0.525,blind2,-1.2290147916207756,1.2290147916207756,2.889172084272029,False
45,14,0.725,blind2,-0.4839993125912613,0.4839993125912613,2.1595428981721954,False
45,14,0.94,blind2,-0.5150160743953158,0.5150160743953158,2.2521804702888115,False
45,14,1.0,blind2,0.020199389517764416,0.020199389517764416,1.8522077015302285,False
45,14,1.06,blind2,-0.09155402042043016,0.09155402042043016,1.8551634822347896,False
45,14,1.275,blind2,-0.49841432949953407,0.49841432949953407,2.2185579379374265,False
45,14,1.675,blind2,0.17425279073332203,0.17425279073332203,1.868109568195031,False
45,14,1.875,blind2,-0.5842362676848865,0.5842362676848865,2.2105949026967275,False
45,28,0.325,blind2,-0.13848652030060282,0.13848652030060282,1.3654328032324026,False
45,28,0.525,blind2,0.18339591007778347,0.18339591007778347,1.6803887508949789,False
45,28,0.725,blind2,-2.246230565649247,2.246230565649247,3.829413529238068,False
45,28,0.94,blind2,1.0821277127585522,1.0821277127585522,2.909141137264193,False
45,28,1.0,blind2,-0.3874908563959554,0.3874908563959554,2.099755685015714,False
45,28,1.06,blind2,-0.4424239366448521,0.4424239366448521,2.141143936594825,False
45,28,1.275,blind2,0.6834365312073662,0.6834365312073662,2.3902818507661294,False
45,28,1.675,blind2,-0.3569900719738632,0.3569900719738632,1.9195882655595908,False
45,28,1.875,blind2,0.32374881961375235,0.32374881961375235,1.900545639322626,False
45,56,0.325,blind2,-1.6276102680675613,1.6276102680675613,2.482887901132591,False
45,56,0.525,blind2,-0.14013898319776724,0.14013898319776724,1.1821241227352175,False
45,56,0.725,blind2,0.17120033271146656,0.17120033271146656,1.5803459037425416,False
45,56,0.94,blind2,0.3930231922834306,0.3930231922834306,2.1334641801503684,False
45,56,1.0,blind2,0.24512663231699997,0.24512663231699997,2.0310271317067308,False
45,56,1.06,blind2,-0.6982995387900327,0.6982995387900327,2.3884446103971113,False
45,56,1.275,blind2,0.29256027182341504,0.29256027182341504,1.9109142819077718,False
45,56,1.675,blind2,0.3038005441634952,0.3038005441634952,1.7782999785710407,False
45,56,1.875,blind2,0.4120381554378469,0.4120381554378469,1.7922991841407887,False
45,112,0.325,blind2,-1.8966141831147394,1.8966141831147394,2.5093908867098613,False
45,112,0.525,blind2,-0.8827248657935374,0.8827248657935374,1.6104206807865729,False
45,112,0.725,blind2,-0.24489597641500424,0.24489597641500424,1.2311967419785352,False
45,112,0.94,fresh_precision_confirmation,-3.388018572435905,3.388018572435905,4.266644711281387,False
45,112,1.0,blind2,0.09088242079728313,0.09088242079728313,1.88702900471176,False
45,112,1.06,blind2,0.601058762094134,0.601058762094134,2.3250649450405225,False
45,112,1.275,blind2,-0.022422343378835217,0.022422343378835217,1.4424037344156426,False
45,112,1.675,blind2,0.9429999183344887,0.9429999183344887,2.1979976060470863,False
45,112,1.875,blind2,0.6128935252805429,0.6128935252805429,1.7866161852293283,False
45,128,0.3,boundary_confirmation,-1.6743737930128444,1.6743737930128444,2.1553892187250567,False
45,128,0.975,boundary_confirmation,2.589951092751622,2.589951092751622,4.139202271368525,False
45,128,1.025,boundary_confirmation,-0.26938692189006275,0.26938692189006275,1.7552091941797743,False
45,128,1.9,boundary_confirmation,1.1804933796652533,1.1804933796652533,2.166348993376843,False
46,10,0.3,boundary_confirmation,0.4142748553023933,0.4142748553023933,1.9258395832332464,False
46,10,0.975,boundary_confirmation,-0.780793835874177,0.780793835874177,2.308271859989852,False
46,10,1.025,boundary_confirmation,-0.209118173645126,0.209118173645126,1.7580166534964081,False
46,10,1.9,boundary_confirmation,-0.4423218654692874,0.4423218654692874,1.91138559795333,False
46,14,0.325,blind2,0.27476365685722964,0.27476365685722964,1.9332093033100461,False
46,14,0.525,blind2,-1.7902992933315371,1.7902992933315371,3.424237346526715,False
46,14,0.725,blind2,-0.11396298571718559,0.11396298571718559,1.8557555027449824,False
46,14,0.94,blind2,-0.5625977727793756,0.5625977727793756,2.322694755326893,False
46,14,1.0,blind2,-0.3463664610972571,0.3463664610972571,2.0966728718164074,False
46,14,1.06,blind2,-0.9829122323164154,0.9829122323164154,2.7349996621461314,False
46,14,1.275,blind2,-0.7770922711739376,0.7770922711739376,2.4780379272346775,False
46,14,1.675,blind2,-0.8199160543334397,0.8199160543334397,2.42051418325413,False
46,14,1.875,blind2,-0.5619414636211304,0.5619414636211304,2.1881008109690625,False
46,28,0.325,blind2,0.1299181801356168,0.1299181801356168,1.4033102544167564,False
46,28,0.525,blind2,0.7578803585048388,0.7578803585048388,2.2276164362947437,False
46,28,0.725,blind2,-2.4276076127811703,2.4276076127811703,4.029195767370397,False
46,28,0.94,blind2,1.0891703752507924,1.0891703752507924,2.886557656384503,False
46,28,1.0,blind2,0.015336473147057947,0.015336473147057947,1.7751958414519153,False
46,28,1.06,blind2,0.10616604549978101,0.10616604549978101,1.8696887913915106,False
46,28,1.275,blind2,-0.1644862840306186,0.1644862840306186,1.812240599169923,False
46,28,1.675,blind2,0.08211661366284664,0.08211661366284664,1.68324643297737,False
46,28,1.875,blind2,-0.03980290202611852,0.03980290202611852,1.529603709166627,False
46,56,0.325,blind2,-1.4974136486047265,1.4974136486047265,2.3623251883371554,False
46,56,0.525,blind2,0.16836886086733768,0.16836886086733768,1.2341588788546742,False
46,56,0.725,blind2,-0.021246132057427303,0.021246132057427303,1.3775146972596852,False
46,56,0.94,blind2,0.4702407834062239,0.4702407834062239,2.2066339574566607,False
46,56,1.0,blind2,-0.6472380547944697,0.6472380547944697,2.3486572984926735,False
46,56,1.06,blind2,-1.1838202582172317,1.1838202582172317,2.832358701176718,False
46,56,1.275,blind2,0.394301597353351,0.394301597353351,2.0423583436800063,False
46,56,1.675,blind2,0.12248261093301292,0.12248261093301292,1.5818386236487347,False
46,56,1.875,blind2,-0.03871561293321598,0.03871561293321598,1.395964201419586,False
46,112,0.325,blind2,-1.8600687240248845,1.8600687240248845,2.4643943423826475,False
46,112,0.525,blind2,-0.4839744360917963,0.4839744360917963,1.212613388216488,False
46,112,0.725,blind2,-0.11310061907858235,0.11310061907858235,1.094141555301964,False
46,112,0.94,blind2,-3.072064126591032,3.072064126591032,4.673628414730258,True
46,112,1.0,blind2,-0.2705591891494479,0.2705591891494479,1.9626650587342809,False
46,112,1.06,blind2,0.40665168957431247,0.40665168957431247,2.088471890573773,False
46,112,1.275,blind2,0.3699218468752158,0.3699218468752158,1.8796885551365383,False
46,112,1.675,blind2,0.5969776043957814,0.5969776043957814,1.87920738342775,False
46,112,1.875,blind2,1.5421629941900015,1.5421629941900015,2.7547427123579826,False
46,128,0.3,boundary_confirmation,-1.6392390377478998,1.6392390377478998,2.1195033757397397,False
46,128,0.975,boundary_confirmation,2.1315739192295498,2.1315739192295498,3.670837772584412,False
46,128,1.025,boundary_confirmation,-0.5557760766443004,0.5557760766443004,2.0036873779882725,False
46,128,1.9,boundary_confirmation,1.462560282886828,1.462560282886828,2.4591220490359555,False
47,10,0.3,boundary_confirmation,0.6123399917217248,0.6123399917217248,2.1067944664622695,False
47,10,0.975,boundary_confirmation,-9.847002350151096e-05,9.847002350151096e-05,1.5825825617211464,False
47,10,1.025,boundary_confirmation,-0.05982210009286224,0.05982210009286224,1.5915325188341267,False
47,10,1.9,boundary_confirmation,0.5447416107076964,0.5447416107076964,2.0658473374155717,False
47,14,0.325,blind2,0.11741005602370135,0.11741005602370135,1.7377293165129037,False
47,14,0.525,blind2,-2.402219640858736,2.402219640858736,4.035696150836554,False
47,14,0.725,blind2,-0.32282022696125245,0.32282022696125245,2.0009280789634487,False
47,14,0.94,blind2,-0.8423597697036921,0.8423597697036921,2.5692241167832974,False
47,14,1.0,blind2,0.31865187906259035,0.31865187906259035,2.107147432412715,False
47,14,1.06,blind2,-0.14692371382607125,0.14692371382607125,1.8876825060205826,False
47,14,1.275,blind2,-0.38640354494385903,0.38640354494385903,2.0898627030848327,False
47,14,1.675,blind2,-0.5267122172766597,0.5267122172766597,2.2009126053346484,False
47,14,1.875,blind2,-0.075987980504547,0.075987980504547,1.7026207297206275,False
47,28,0.325,blind2,0.5046444353218887,0.5046444353218887,1.7649748885903094,False
47,28,0.525,blind2,0.14050679504892513,0.14050679504892513,1.6202256409689753,False
47,28,0.725,blind2,-2.585312613642249,2.585312613642249,4.167068716505595,False
47,28,0.94,blind2,1.0195250988526303,1.0195250988526303,2.8050799971992113,False
47,28,1.0,blind2,-1.136557969894712,1.136557969894712,2.829280000751644,False
47,28,1.06,blind2,-0.8111214828228643,0.8111214828228643,2.4863814670459505,False
47,28,1.275,blind2,-0.2775796909183062,0.2775796909183062,1.9233057765246975,False
47,28,1.675,blind2,-0.16728224151368074,0.16728224151368074,1.7174415365473372,False
47,28,1.875,blind2,0.33331401489675994,0.33331401489675994,1.893646934105342,False
47,56,0.325,blind2,-1.0691480391332029,1.0691480391332029,1.923982010981462,False
47,56,0.525,blind2,0.3346381283747391,0.3346381283747391,1.4043225917859337,False
47,56,0.725,blind2,-0.36874196089326,0.36874196089326,1.7223309773135576,False
47,56,0.94,blind2,0.13485724833500393,0.13485724833500393,1.867527227965593,False
47,56,1.0,blind2,0.44361202883086875,0.44361202883086875,2.2369283310445853,False
47,56,1.06,blind2,-0.5572995089848758,0.5572995089848758,2.2240745761066605,False
47,56,1.275,blind2,-0.4654628753582299,0.4654628753582299,2.015176275403996,False
47,56,1.675,blind2,-0.06123041492589687,0.06123041492589687,1.473149033409371,False
47,56,1.875,blind2,0.6155739559404823,0.6155739559404823,2.0212700676829787,False
47,112,0.325,blind2,-1.8162374304741442,1.8162374304741442,2.4222791938174226,False
47,112,0.525,blind2,-0.6881637907107311,0.6881637907107311,1.4269431999380466,False
47,112,0.725,blind2,-0.21506364507492573,0.21506364507492573,1.1844108124927089,False
47,112,0.94,blind2,-3.2923098696084097,3.2923098696084097,4.880111009163279,True
47,112,1.0,blind2,0.030086374723713633,0.030086374723713633,1.811475039686039,False
47,112,1.06,blind2,-0.9090000579856197,0.9090000579856197,2.5299271106329457,False
47,112,1.275,blind2,0.016830301830784537,0.016830301830784537,1.518581184830059,False
47,112,1.675,blind2,0.7267751432641036,0.7267751432641036,1.9955878032029917,False
47,112,1.875,blind2,1.7379912013312449,1.7379912013312449,2.9351351076779553,False
47,128,0.3,boundary_confirmation,-1.8191183413381466,1.8191183413381466,2.304610248394301,False
47,128,0.975,boundary_confirmation,2.8606308773469404,2.8606308773469404,4.3855486918207065,False
47,128,1.025,boundary_confirmation,-0.692300947584026,0.692300947584026,2.1361409644924834,False
47,128,1.9,boundary_confirmation,1.333575112358336,1.333575112358336,2.3358862484637477,False
48,10,0.3,boundary_confirmation,0.12958169324261246,0.12958169324261246,1.6262116664239157,False
48,10,0.975,boundary_confirmation,-0.6428218490720572,0.6428218490720572,2.1615527554692315,False
48,10,1.025,boundary_confirmation,0.0330654421341202,0.0330654421341202,1.6081900058543708,False
48,10,1.9,boundary_confirmation,0.733258122170909,0.733258122170909,2.249499591897841,False
48,14,0.325,blind2,0.6371601151083478,0.6371601151083478,2.280090354156794,False
48,14,0.525,blind2,-1.438992920344253,1.438992920344253,3.0497673488867005,False
48,14,0.725,blind2,-0.6715070585083703,0.6715070585083703,2.3787631335357107,False
48,14,0.94,blind2,-0.3704196936213399,0.3704196936213399,2.0836330987385687,False
48,14,1.0,blind2,-0.1892073807136296,0.1892073807136296,1.9043563842986222,False
48,14,1.06,blind2,-0.2153903856662612,0.2153903856662612,1.9367160991329402,False
48,14,1.275,blind2,-0.25843513957267394,0.25843513957267394,1.965624553199008,False
48,14,1.675,blind2,-0.13920985082012965,0.13920985082012965,1.7799107502063372,False
48,14,1.875,blind2,-0.9820116765912575,0.9820116765912575,2.596614791509111,False
48,28,0.325,blind2,-0.505235745404003,0.505235745404003,1.7469190008224,False
48,28,0.525,blind2,1.0408314532740648,1.0408314532740648,2.535151734715768,False
48,28,0.725,blind2,-2.190495303832278,2.190495303832278,3.7759645435765044,False
48,28,0.94,blind2,1.0205948006357404,1.0205948006357404,2.7722009456489394,False
48,28,1.0,blind2,-0.14405477903261119,0.14405477903261119,1.860927206928309,False
48,28,1.06,blind2,-0.414636730176577,0.414636730176577,2.12326637419179,False
48,28,1.275,blind2,-0.15286252914218235,0.15286252914218235,1.7781253492562543,False
48,28,1.675,blind2,0.23340358625959876,0.23340358625959876,1.8522057385631285,False
48,28,1.875,blind2,-0.05984018518789992,0.05984018518789992,1.5690897217687905,False
48,56,0.325,blind2,-1.282642530225447,1.282642530225447,2.1370389695196335,False
48,56,0.525,blind2,0.11846078605934005,0.11846078605934005,1.2143650884283153,False
48,56,0.725,blind2,0.24918118724536714,0.24918118724536714,1.6461960673136211,False
48,56,0.94,blind2,0.26940032894871385,0.26940032894871385,1.9962028356737216,False
48,56,1.0,blind2,-1.0393993699512136,1.0393993699512136,2.7067032165767335,False
48,56,1.06,blind2,-0.13406630111120124,0.13406630111120124,1.7756874411517631,False
48,56,1.275,blind2,-0.7892727579911314,0.7892727579911314,2.3227917722621894,False
48,56,1.675,blind2,0.3106114829134988,0.3106114829134988,1.764574372503902,False
48,56,1.875,blind2,-0.1811189884775847,0.1811189884775847,1.5354098954911577,False
48,112,0.325,blind2,-2.2847574420354233,2.2847574420354233,2.890490636933618,False
48,112,0.525,blind2,-0.5825267020561363,0.5825267020561363,1.3064475065458048,False
48,112,0.725,blind2,0.24526743804824228,0.24526743804824228,1.237818010107783,False
48,112,0.94,blind2,-2.945054886715732,2.945054886715732,4.52371481809255,False
48,112,1.0,blind2,-0.4402722278216998,0.4402722278216998,2.1111686703435995,False
48,112,1.06,blind2,-0.2602878561537487,0.2602878561537487,1.8773501656208724,False
48,112,1.275,blind2,0.11143252750147502,0.11143252750147502,1.6293852210578663,False
48,112,1.675,blind2,0.9586602962126101,0.9586602962126101,2.251078840845322,False
48,112,1.875,blind2,1.0117289930818192,1.0117289930818192,2.2314796592442177,False
48,128,0.3,boundary_confirmation,-1.7717547484319023,1.7717547484319023,2.259697530133864,False
48,128,0.975,boundary_confirmation,2.704855911280538,2.704855911280538,4.249689845130344,False
48,128,1.025,boundary_confirmation,-0.42031064437784055,0.42031064437784055,1.875811113865844,False
48,128,1.9,boundary_confirmation,1.3602851689904945,1.3602851689904945,2.3545390628784357,False
49,10,0.3,boundary_confirmation,0.6478073610133561,0.6478073610133561,2.1580063840012986,False
49,10,0.975,boundary_confirmation,0.031017729528155673,0.031017729528155673,1.604962725029524,False
49,10,1.025,boundary_confirmation,0.16500351701186328,0.16500351701186328,1.7429848092737066,False
49,10,1.9,boundary_confirmation,1.0851376324250148,1.0851376324250148,2.6049939958713297,False
49,14,0.325,blind2,0.8554642537869716,0.8554642537869716,2.496327551783417,False
49,14,0.525,blind2,-1.2161789824637723,1.2161789824637723,2.8508778854665073,False
49,14,0.725,blind2,-0.007687096159660586,0.007687096159660586,1.7199240306015717,False
49,14,0.94,blind2,-0.013693103210039087,0.013693103210039087,1.767150056279232,False
49,14,1.0,blind2,0.5450361273696571,0.5450361273696571,2.3718257783283514,False
49,14,1.06,blind2,-0.5187589499186094,0.5187589499186094,2.2362143428349635,False
49,14,1.275,blind2,-0.2187039444429912,0.2187039444429912,1.8950222032692698,False
49,14,1.675,blind2,0.11575790884402731,0.11575790884402731,1.8219203024083752,False
49,14,1.875,blind2,0.4376891849564097,0.4376891849564097,2.139677646716809,False
49,28,0.325,blind2,0.6458998303709317,0.6458998303709317,1.9066598189154682,False
49,28,0.525,blind2,1.4002778493254886,1.4002778493254886,2.9037896838816746,False
49,28,0.725,blind2,-2.8449018837989564,2.8449018837989564,4.433010553710826,False
49,28,0.94,blind2,0.9300924999361561,0.9300924999361561,2.685821707758418,False
49,28,1.0,blind2,0.37629207311551094,0.37629207311551094,2.111448417916617,False
49,28,1.06,blind2,-1.7207950409305137,1.7207950409305137,3.358868186303776,False
49,28,1.275,blind2,-0.8129683291603882,0.8129683291603882,2.438642016350978,False
49,28,1.675,blind2,0.07742100392521542,0.07742100392521542,1.6642793281598456,False
49,28,1.875,blind2,0.029914679726178173,0.029914679726178173,1.5683749673624625,False
49,56,0.325,blind2,-1.4511411085994308,1.4511411085994308,2.311731876487777,False
49,56,0.525,blind2,0.09186638684230569,0.09186638684230569,1.1717219040662696,False
49,56,0.725,blind2,0.20132774062560058,0.20132774062560058,1.6060900738848138,False
49,56,0.94,blind2,0.07393380638522516,0.07393380638522516,1.7640758689480007,False
49,56,1.0,blind2,-0.008176751026616056,0.008176751026616056,1.7266676117297042,False
49,56,1.06,blind2,-0.707691027201265,0.707691027201265,2.3306666161368894,False
49,56,1.275,blind2,0.15785651442222043,0.15785651442222043,1.7988662997685534,False
49,56,1.675,blind2,-0.17071433914018905,0.17071433914018905,1.580812887062566,False
49,56,1.875,blind2,0.6609342032075388,0.6609342032075388,2.0662321881523393,False
49,112,0.325,blind2,-2.0334987098634785,2.0334987098634785,2.639514188151182,False
49,112,0.525,blind2,-0.8524424415210214,0.8524424415210214,1.5974835283759536,False
49,112,0.725,blind2,0.11748206393393189,0.11748206393393189,1.1070764916166764,False
49,112,0.94,fresh_precision_confirmation,-3.0800323251439794,3.0800323251439794,3.9483344133652065,False
49,112,1.0,blind2,-0.026092190011614672,0.026092190011614672,1.73093920095293,False
49,112,1.06,blind2,-0.9899993205401507,0.9899993205401507,2.5860347170719167,False
49,112,1.275,blind2,-0.27404681032380696,0.27404681032380696,1.7220868938254141,False
49,112,1.675,blind2,0.8166427744807244,0.8166427744807244,2.1011795678482326,False
49,112,1.875,blind2,1.3918279621188696,1.3918279621188696,2.5908383666195522,False
49,128,0.3,boundary_confirmation,-1.8517839358428951,1.8517839358428951,2.3379182175393587,False
49,128,0.975,boundary_confirmation,1.9448313702239914,1.9448313702239914,3.4695738899835016,False
49,128,1.025,boundary_confirmation,-0.3844278937860957,0.3844278937860957,1.8197093048863744,False
49,128,1.9,boundary_confirmation,1.6739181232491709,1.6739181232491709,2.677913578389246,False
50,10,0.3,boundary_confirmation,0.1606885654080391,0.1606885654080391,1.636527903518603,False
50,10,0.975,boundary_confirmation,-0.7755463074908665,0.7755463074908665,2.2749451017681666,False
50,10,1.025,boundary_confirmation,-0.28182226139724265,0.28182226139724265,1.8317923437422667,False
50,10,1.9,boundary_confirmation,0.2063691491572664,0.2063691491572664,1.6912375737758945,False
50,14,0.325,blind2,0.7637733817561856,0.7637733817561856,2.3968717074590806,False
50,14,0.525,blind2,-1.3921300249505286,1.3921300249505286,3.0088978685534395,False
50,14,0.725,blind2,-0.8184545009527558,0.8184545009527558,2.4907265653859922,False
50,14,0.94,blind2,-0.40627135231314937,0.40627135231314937,2.080996075859687,False
50,14,1.0,blind2,-0.22120140208429026,0.22120140208429026,1.9140778478445974,False
50,14,1.06,blind2,-0.39509215781897256,0.39509215781897256,2.1009581554652157,False
50,14,1.275,blind2,-0.46870808628642935,0.46870808628642935,2.15423625015847,False
50,14,1.675,blind2,-0.6263550348610589,0.6263550348610589,2.2749191592403406,False
50,14,1.875,blind2,0.17743429216507942,0.17743429216507942,1.866860903608969,False
50,28,0.325,blind2,0.024132608136930002,0.024132608136930002,1.306476247422439,False
50,28,0.525,blind2,0.16513414806381554,0.16513414806381554,1.6335704242061322,False
50,28,0.725,blind2,-2.834152267271563,2.834152267271563,4.407196359264686,False
50,28,0.94,blind2,1.218954796520684,1.218954796520684,2.960765356317152,False
50,28,1.0,blind2,-0.620883207075002,0.620883207075002,2.3118323639553573,False
50,28,1.06,blind2,-1.0344840839295764,1.0344840839295764,2.7066101285157074,False
50,28,1.275,blind2,-0.03694851372403827,0.03694851372403827,1.6682426445003395,False
50,28,1.675,blind2,-0.7826030530956626,0.7826030530956626,2.315926602425833,False
50,28,1.875,blind2,-0.6841043395676387,0.6841043395676387,2.1733325340439813,False
50,56,0.325,blind2,-1.30273115000924,1.30273115000924,2.1624431782213294,False
50,56,0.525,blind2,0.05624292440813975,0.05624292440813975,1.1059593544679558,False
50,56,0.725,blind2,-0.47144602506388256,0.47144602506388256,1.8248399334539256,False
50,56,0.94,blind2,0.2198887632076218,0.2198887632076218,1.9230754668234207,False
50,56,1.0,blind2,-0.15286280356581644,0.15286280356581644,1.8490022963013608,False
50,56,1.06,blind2,-0.6372386206812244,0.6372386206812244,2.280307194035247,False
50,56,1.275,blind2,0.10382839796895774,0.10382839796895774,1.7143301282718237,False
50,56,1.675,blind2,0.8506109175594183,0.8506109175594183,2.325967282009067,False
50,56,1.875,blind2,0.11950034625909023,0.11950034625909023,1.4884059004599104,False
50,112,0.325,blind2,-1.923095724552994,1.923095724552994,2.525997781560929,False
50,112,0.525,blind2,-0.8433632379838133,0.8433632379838133,1.580540090027449,False
50,112,0.725,blind2,-0.4425115542428636,0.4425115542428636,1.4047608512964271,False
50,112,0.94,fresh_precision_confirmation,-3.717446974591962,3.717446974591962,4.584092613037482,False
50,112,1.0,blind2,-0.7390576028378368,0.7390576028378368,2.3909185840410685,False
50,112,1.06,blind2,-0.9600450191669361,0.9600450191669361,2.5612332596766763,False
50,112,1.275,blind2,-0.14912218073710565,0.14912218073710565,1.5774465061832332,False
50,112,1.675,blind2,0.6817926084884784,0.6817926084884784,1.9598455235330103,False
50,112,1.875,blind2,1.2423172773110633,1.2423172773110633,2.439517998947105,False
50,128,0.3,boundary_confirmation,-1.899000881360264,1.899000881360264,2.384254396976715,False
50,128,0.975,boundary_confirmation,2.666893073901223,2.666893073901223,4.169078059564191,False
50,128,1.025,boundary_confirmation,-0.9317095581593552,0.9317095581593552,2.3540881828975624,False
50,128,1.9,boundary_confirmation,1.4467032427832285,1.4467032427832285,2.4477632187243747,False
