k,N,p_bias,repetitions,mc_mean,mc_sd,mc_se,batch_means_json,formula_mean,signed_relative_error,absolute_relative_error,simultaneous_ci_low,simultaneous_ci_high,uncertainty_aware_error_upper,formula_sha256
3,14,0.325,6000,31.065666666666665,8.500552793114123,0.1097416646709598,"[30.58,31.415,30.44,31.19,32.02,31.1,31.07,31.89,31.04,31.0,29.84,30.58,30.155,31.72,30.55,30.89,30.325,30.945,31.345,30.785,31.46,32.545,30.6,30.255,31.81,31.56,31.095,31.835,31.985,29.945]",31.11034674473987,0.0014382462334583575,0.0014382462334583575,30.60676117806606,31.524572155267272,0.016453409223668558,fc6ed5692c5e33a9fffe770a3a11e12d0b94dbf5a1eec4c0ae7c81aee87c07d7
3,14,0.525,6000,44.42316666666667,16.234480477211143,0.209586241741894,"[43.725,42.12,44.525,45.42,43.245,47.01,44.55,44.87,43.045,44.675,43.74,45.01,44.515,45.795,44.695,42.825,44.405,44.275,45.04,43.18,43.51,45.91,45.555,44.06,45.77,44.13,44.175,44.055,44.435,44.43]",44.179067076507046,-0.0054948714482973456,0.0054948714482973456,43.54674222970457,45.299591103628764,0.024735853013736264,fc6ed5692c5e33a9fffe770a3a11e12d0b94dbf5a1eec4c0ae7c81aee87c07d7
3,14,0.725,6000,75.60966666666667,36.54895271020668,0.471844950559843,"[74.97,75.085,79.755,74.71,74.89,75.33,74.89,73.855,76.505,73.58,75.715,76.165,73.91,75.905,78.045,72.955,74.445,74.78,76.705,76.74,74.53,72.99,75.9,78.48,79.27,74.37,72.61,76.79,77.36,77.055]",75.0346579051575,-0.007604963582820106,0.007604963582820106,73.63655792779683,77.58277540553651,0.032843855959774904,fc6ed5692c5e33a9fffe770a3a11e12d0b94dbf5a1eec4c0ae7c81aee87c07d7
3,14,0.94,6000,175.299,118.36586647083229,1.5280967653364812,"[171.435,167.065,183.665,177.93,176.47,178.76,174.55,180.155,179.145,169.59,173.98,175.45,176.955,163.325,164.155,165.075,170.935,169.92,188.17,178.3,159.88,178.42,165.51,178.6,171.8,194.225,182.49,178.51,179.925,184.58]",176.69865229366297,0.007984371238073048,0.007984371238073048,168.90897489122915,181.68902510877086,0.04611760510328167,fc6ed5692c5e33a9fffe770a3a11e12d0b94dbf5a1eec4c0ae7c81aee87c07d7
3,14,1.0,6000,199.19116666666667,137.77777182008293,1.7787033857891559,"[200.02,206.995,213.32,196.035,191.85,196.03,204.62,203.47,184.145,207.3,199.125,207.57,208.585,200.04,202.645,186.71,199.815,186.74,173.995,206.035,201.375,201.765,194.67,200.355,215.4,197.625,206.75,206.7,190.1,185.95]",196.0,-0.016020623404485013,0.016020623404485013,191.75318266324808,206.62915067008527,0.051440712191941906,fc6ed5692c5e33a9fffe770a3a11e12d0b94dbf5a1eec4c0ae7c81aee87c07d7
3,14,1.06,6000,178.753,121.81114611104417,1.5725751342350414,"[181.72,183.935,180.475,183.215,174.035,169.17,176.685,174.42,186.81,194.64,193.96,169.865,173.105,170.075,188.645,169.8,168.125,175.44,176.975,194.825,182.605,181.985,167.75,177.545,181.04,166.635,170.43,180.17,184.4,184.11]",177.49091703750327,-0.007060485488337091,0.007060485488337091,172.17698019475034,185.32901980524963,0.0422929057520669,fc6ed5692c5e33a9fffe770a3a11e12d0b94dbf5a1eec4c0ae7c81aee87c07d7
3,14,1.275,6000,87.78183333333334,39.525796868314174,0.5102758433885269,"[88.205,87.675,84.54,90.33,88.665,82.885,87.125,86.39,94.27,85.475,87.475,86.64,95.55,87.38,86.88,88.1,91.185,90.24,83.1,88.165,87.215,88.9,85.325,90.34,86.6,83.51,89.255,85.365,90.36,86.31]",87.04397271236591,-0.008405618713447822,0.008405618713447822,85.64801856085462,89.91564810581205,0.03193743751996059,fc6ed5692c5e33a9fffe770a3a11e12d0b94dbf5a1eec4c0ae7c81aee87c07d7
3,14,1.675,6000,43.61033333333334,12.055097709503913,0.15563064221937278,"[42.235,42.905,44.45,44.515,43.845,44.775,44.92,43.68,43.1,44.075,42.56,43.595,44.81,43.61,42.515,44.13,43.57,44.305,44.4,42.11,44.04,43.815,44.555,43.48,43.405,43.28,43.86,42.07,42.535,43.165]",43.72836366048411,0.002706476152076574,0.002706476152076574,42.95953442188028,44.261132244786396,0.017896591500587977,fc6ed5692c5e33a9fffe770a3a11e12d0b94dbf5a1eec4c0ae7c81aee87c07d7
3,14,1.875,6000,35.237833333333334,7.887583341390661,0.1018282630767636,"[34.74,34.86,35.15,35.255,35.36,34.89,35.655,36.1,35.23,35.925,34.97,35.28,34.655,34.395,34.925,35.245,34.93,35.545,35.255,35.56,36.68,35.23,35.37,35.145,34.2,35.46,33.935,35.23,35.465,36.495]",35.2816211192346,0.0012426355924626238,0.0012426355924626238,34.812019227444715,35.663647439221954,0.013489648179318081,fc6ed5692c5e33a9fffe770a3a11e12d0b94dbf5a1eec4c0ae7c81aee87c07d7
3,28,0.325,6000,62.120333333333335,11.90802894749832,0.15373199266605608,"[63.145,62.96,62.16,62.98,63.645,62.845,62.93,62.755,61.92,62.645,62.31,61.65,63.03,61.805,63.55,60.14,61.28,61.005,60.725,62.17,61.705,61.795,61.145,61.44,62.86,61.675,61.255,61.93,61.61,62.545]",62.222222167966684,0.0016401849308602617,0.0016401849308602617,61.477473983427465,62.763192683239204,0.012114163713687676,fc6ed5692c5e33a9fffe770a3a11e12d0b94dbf5a1eec4c0ae7c81aee87c07d7
3,28,0.525,6000,88.468,22.475189988685404,0.2901534550967541,"[87.07,89.11,87.805,87.705,88.27,87.13,87.435,88.805,88.685,88.57,87.24,89.41,89.215,87.715,89.325,90.945,88.015,88.155,88.61,90.535,87.83,89.085,88.065,86.42,88.43,87.835,88.54,90.63,88.0,89.455]",88.4210016524393,-0.0005312468639587457,0.0005312468639587457,87.25466855036723,89.68133144963278,0.01405342423914957,fc6ed5692c5e33a9fffe770a3a11e12d0b94dbf5a1eec4c0ae7c81aee87c07d7
3,28,0.725,6000,151.98983333333334,53.65966787664326,0.6927433334975348,"[151.375,154.945,156.865,147.19,157.05,149.005,154.66,151.215,153.1,152.15,153.66,148.405,153.71,154.33,152.015,149.12,153.055,151.905,148.845,152.34,153.435,146.265,152.525,155.345,150.415,146.285,150.265,154.67,153.26,152.29]",152.68593852901336,0.004579945779355981,0.004579945779355981,149.0929963035081,154.88667036315857,0.024098665360451355,fc6ed5692c5e33a9fffe770a3a11e12d0b94dbf5a1eec4c0ae7c81aee87c07d7
3,28,0.94,6000,557.2275,346.30118321387897,4.470729051197589,"[579.945,566.415,561.525,567.19,581.84,565.585,528.525,614.83,528.85,561.295,607.85,597.89,554.72,560.955,520.28,535.89,592.16,545.82,520.355,540.315,509.04,528.22,537.105,527.895,584.805,538.055,589.425,550.965,567.475,551.605]",557.2873599911105,0.00010742468939626386,0.00010742468939626386,538.5323024577335,575.9226975422664,0.03482624430843484,fc6ed5692c5e33a9fffe770a3a11e12d0b94dbf5a1eec4c0ae7c81aee87c07d7
3,28,1.0,6000,772.9115,547.9282874937096,7.073723774596957,"[800.955,841.745,754.255,825.31,729.855,767.65,687.6,709.355,757.895,759.855,735.845,798.0,829.97,797.74,862.745,787.11,827.705,691.745,821.14,750.835,743.725,723.405,815.6,781.195,771.955,773.965,749.745,754.565,773.445,762.435]",784.0,0.014346403178112827,0.014346403178112827,743.3313886107643,802.4916113892358,0.05471127953474775,fc6ed5692c5e33a9fffe770a3a11e12d0b94dbf5a1eec4c0ae7c81aee87c07d7
3,28,1.06,6000,574.9588333333334,348.29073948619543,4.4964141122276695,"[588.87,616.78,607.07,557.85,612.36,590.555,553.83,582.255,572.42,563.57,563.445,550.6,575.675,623.295,595.715,551.34,558.775,564.185,538.82,552.335,566.525,538.455,605.76,576.555,539.64,596.44,600.27,569.88,553.09,582.405]",573.7452577311194,-0.002110717379848268,0.002110717379848268,556.1562288593689,593.7614378072979,0.03371081178679469,fc6ed5692c5e33a9fffe770a3a11e12d0b94dbf5a1eec4c0ae7c81aee87c07d7
3,28,1.275,6000,207.3035,70.50562077955382,0.9102236503107585,"[211.185,205.055,204.82,206.05,207.295,210.49,206.97,201.925,207.365,210.885,206.895,208.165,207.225,214.405,212.885,199.855,210.005,201.975,203.405,205.955,210.685,208.01,209.755,211.44,201.04,203.45,210.93,208.36,203.45,209.175]",206.3495891118246,-0.004601518489438985,0.004601518489438985,203.49722796800467,211.10977203199536,0.022548377909523354,fc6ed5692c5e33a9fffe770a3a11e12d0b94dbf5a1eec4c0ae7c81aee87c07d7
3,28,1.675,6000,97.7985,19.556890765475362,0.2524783741276123,"[98.075,97.425,97.53,97.22,96.78,98.615,100.18,98.6,97.59,96.765,96.115,96.505,97.5,98.12,97.785,97.005,97.985,98.71,99.56,96.615,96.99,96.735,98.21,98.78,98.445,96.785,95.215,98.615,100.55,98.95]",97.44608002543488,-0.003603531491435176,0.003603531491435176,96.74271401399811,98.8542859860019,0.014245269656456006,fc6ed5692c5e33a9fffe770a3a11e12d0b94dbf5a1eec4c0ae7c81aee87c07d7
3,28,1.875,6000,77.55,13.045875432908614,0.16842152762783846,"[77.25,78.93,77.685,77.67,79.395,76.5,77.795,77.9,76.3,76.765,78.79,77.405,77.825,78.3,76.515,78.66,78.225,76.105,78.99,77.07,77.91,77.385,76.55,75.545,75.75,77.545,78.15,77.525,76.765,79.3]",77.55742102544234,9.569342930161933e-05,9.569342930161933e-05,76.84571358646096,78.25428641353903,0.009261511225094221,fc6ed5692c5e33a9fffe770a3a11e12d0b94dbf5a1eec4c0ae7c81aee87c07d7
3,56,0.325,6000,124.36066666666666,16.922006735044135,0.21846216756411893,"[123.25,122.265,125.595,122.685,123.975,124.555,124.685,125.19,125.09,124.9,125.34,123.005,126.39,125.04,123.9,124.14,125.15,123.11,122.695,126.645,123.93,125.635,123.62,123.445,124.975,124.085,124.595,124.445,125.21,123.275]",124.44444444444439,0.0006736678085063838,0.0006736678085063838,123.4471258702212,125.27420746311212,0.008078912872152788,fc6ed5692c5e33a9fffe770a3a11e12d0b94dbf5a1eec4c0ae7c81aee87c07d7
3,56,0.525,6000,176.6865,31.219486336867497,0.4030418355327927,"[175.75,174.62,174.8,178.065,175.015,178.705,178.08,179.105,178.55,178.525,175.045,175.875,176.59,172.6,177.925,178.535,175.345,173.235,177.96,176.1,181.275,175.445,179.545,176.155,175.08,176.975,175.125,175.03,179.25,176.29]",176.8421052630671,0.0008806856385016178,0.0008806856385016178,175.0011044757365,178.3718955242635,0.010519938104652793,fc6ed5692c5e33a9fffe770a3a11e12d0b94dbf5a1eec4c0ae7c81aee87c07d7
3,56,0.725,6000,303.617,75.45519791338891,0.9741224163444664,"[300.995,301.29,309.185,294.025,309.925,297.425,312.385,302.76,299.53,303.795,300.85,298.965,303.88,293.535,316.695,293.82,297.195,298.395,300.99,301.75,315.915,311.345,306.85,298.74,309.57,301.855,309.545,308.935,302.69,305.675]",305.4545195733905,0.006052097126941067,0.006052097126941067,299.5435232145904,307.69047678540966,0.019733347245720623,fc6ed5692c5e33a9fffe770a3a11e12d0b94dbf5a1eec4c0ae7c81aee87c07d7
3,56,0.94,6000,1353.4276666666667,685.2936706286749,8.84710324535403,"[1349.625,1354.995,1250.36,1377.145,1375.825,1413.205,1315.36,1451.64,1292.84,1419.245,1336.6,1416.04,1363.87,1449.32,1295.45,1372.45,1301.225,1384.645,1430.755,1315.42,1288.51,1425.235,1354.025,1322.915,1362.695,1268.835,1328.855,1355.16,1394.715,1235.87]",1356.1976540893577,0.0020466460756732776,0.0020466460756732776,1316.431834229804,1390.4234991035294,0.030207276081878565,fc6ed5692c5e33a9fffe770a3a11e12d0b94dbf5a1eec4c0ae7c81aee87c07d7
3,56,1.0,6000,3102.4096666666665,2203.116373337013,28.442110078970448,"[3027.0,3276.28,3260.105,3110.23,2755.84,3179.99,3036.035,3060.745,2828.105,3157.575,3231.47,3155.495,3058.57,2984.49,3344.22,3172.395,3035.97,2956.98,3116.975,3222.35,3102.945,3319.59,3012.475,2980.45,3338.79,2952.67,2905.71,3162.48,3353.59,2972.77]",3136.0,0.010827175306420488,0.010827175306420488,2983.4736138761705,3221.3457194571624,0.05112375903524913,fc6ed5692c5e33a9fffe770a3a11e12d0b94dbf5a1eec4c0ae7c81aee87c07d7
3,56,1.06,6000,1519.8533333333332,732.14925179914,9.452006197187632,"[1474.08,1562.41,1507.005,1594.375,1563.33,1549.13,1612.13,1475.05,1551.27,1436.455,1483.555,1463.95,1490.825,1546.12,1493.245,1568.84,1425.415,1456.695,1550.02,1559.355,1524.335,1509.68,1588.04,1571.17,1509.82,1490.845,1529.06,1550.48,1507.51,1451.405]",1531.4801486948281,0.0076499587864804226,0.0076499587864804226,1480.3279850056786,1559.378681660988,0.034554615063197236,fc6ed5692c5e33a9fffe770a3a11e12d0b94dbf5a1eec4c0ae7c81aee87c07d7
3,56,1.275,6000,466.56766666666664,111.89619094267748,1.4445736134167837,"[469.87,456.735,456.08,461.225,461.245,469.815,467.45,479.09,472.13,469.225,458.545,463.965,453.965,467.66,467.315,476.095,474.71,475.675,459.33,468.17,463.105,475.62,462.715,476.775,465.99,477.41,464.415,445.235,459.415,478.055]",465.287607361744,-0.0027435662528178728,0.0027435662528178728,460.52690938571754,472.60842394761573,0.015490237191970069,fc6ed5692c5e33a9fffe770a3a11e12d0b94dbf5a1eec4c0ae7c81aee87c07d7
3,56,1.675,6000,209.91066666666666,30.72105114390001,0.39660706486103686,"[211.805,209.845,210.615,208.68,210.51,210.705,208.65,206.51,210.415,209.68,210.895,206.755,209.95,211.24,209.24,206.945,212.425,210.305,208.415,210.495,208.14,212.665,210.11,209.16,211.61,211.04,209.915,206.985,214.005,209.61]",210.04542440504434,0.0006419766108964761,0.0006419766108964761,208.25217935076694,211.56915398256638,0.008610930554810547,fc6ed5692c5e33a9fffe770a3a11e12d0b94dbf5a1eec4c0ae7c81aee87c07d7
3,56,1.875,6000,165.2705,19.946419219748396,0.2575071648485236,"[165.91,162.48,165.495,165.32,164.685,166.345,168.47,165.56,163.625,165.435,166.62,165.325,163.495,164.21,167.2,163.845,166.355,165.465,167.76,162.87,163.69,164.42,165.42,163.43,169.25,165.835,163.975,165.015,166.56,164.05]",165.56826415508849,0.00180167758364915,0.00180167758364915,164.19368517622925,166.34731482377074,0.008371692110959561,fc6ed5692c5e33a9fffe770a3a11e12d0b94dbf5a1eec4c0ae7c81aee87c07d7
3,112,0.325,6000,248.6365,24.041818482025313,0.31037854197808573,"[250.5,249.185,248.93,248.485,247.455,248.4,245.13,249.99,247.315,248.375,246.875,250.035,246.38,250.0,250.535,248.3,250.27,248.28,248.635,249.375,252.69,249.325,250.725,250.395,246.565,248.36,248.14,247.035,245.2,248.21]",248.88888888888866,0.0010150918665949933,0.0010150918665949933,247.33859353134326,249.93440646865676,0.006267907225521396,fc6ed5692c5e33a9fffe770a3a11e12d0b94dbf5a1eec4c0ae7c81aee87c07d7
3,112,0.525,6000,353.1445,44.67372729097433,0.5767353393698512,"[348.54,349.34,347.745,351.805,353.38,351.86,351.75,357.055,345.185,360.71,355.64,350.255,355.675,353.72,357.695,353.5,359.725,350.265,351.44,357.215,350.12,355.0,356.595,354.23,354.78,350.29,354.76,350.61,350.13,355.32]",353.6842105263165,0.0015282993967526773,0.0015282993967526773,350.732772298399,355.55622770160096,0.008415062580483523,fc6ed5692c5e33a9fffe770a3a11e12d0b94dbf5a1eec4c0ae7c81aee87c07d7
3,112,0.725,6000,611.8348333333333,107.00921322604937,1.3814830023841589,"[620.07,610.505,614.52,614.02,616.37,612.025,603.05,617.005,607.15,599.27,607.295,610.805,600.73,602.75,617.605,620.325,607.66,611.31,613.46,607.335,599.72,613.525,606.29,618.62,618.14,609.095,617.155,618.79,621.585,618.865]",610.9090909090601,-0.0015130593647794382,0.0015130593647794382,606.0579013530925,617.6117653135742,0.010852569172012272,fc6ed5692c5e33a9fffe770a3a11e12d0b94dbf5a1eec4c0ae7c81aee87c07d7
3,112,0.94,6000,2795.81,1091.2106964425668,14.08746951508486,"[2812.64,2721.17,2802.79,2937.43,2773.275,2783.37,2881.835,2797.405,2721.79,2734.345,2726.51,2744.075,2777.145,2960.625,2999.19,2853.295,2761.915,2774.8,2625.215,2790.185,2897.275,2717.815,2831.94,2836.965,2841.025,2761.33,2753.81,2810.355,2812.315,2632.465]",2797.686238464736,0.000671089403334333,0.000671089403334333,2736.9005866942175,2854.7194133057824,0.022209667412121492,fc6ed5692c5e33a9fffe770a3a11e12d0b94dbf5a1eec4c0ae7c81aee87c07d7
3,112,1.0,6000,12698.407166666666,8939.011087675539,115.40213691376937,"[13058.265,12162.135,12941.75,12308.44,12562.455,12464.58,12287.33,13082.845,12102.51,12580.335,12718.595,13291.105,12454.735,13567.975,12533.2,13235.26,13349.295,12690.82,11762.75,13126.875,12727.655,12284.77,13410.85,12430.4,11980.595,12713.275,12905.95,13302.66,13029.82,11884.985]",12544.0,-0.012159569672012482,0.012159569672012482,12215.831344760243,13180.982988573089,0.04832590931384284,fc6ed5692c5e33a9fffe770a3a11e12d0b94dbf5a1eec4c0ae7c81aee87c07d7
3,112,1.06,6000,3661.142,1325.3550489725283,17.110260108275057,"[3625.075,3701.68,3639.885,3760.445,3587.075,3501.845,3826.805,3598.555,3666.615,3710.695,3708.0,3652.26,3887.33,3597.955,3614.105,3751.605,3634.62,3823.06,3741.625,3646.615,3681.105,3663.57,3658.645,3658.49,3571.685,3678.81,3624.07,3585.795,3506.84,3529.4]",3675.646227445387,0.003961667546734649,0.003961667546734649,3589.592217165794,3732.6917828342057,0.023973199481566176,fc6ed5692c5e33a9fffe770a3a11e12d0b94dbf5a1eec4c0ae7c81aee87c07d7
3,112,1.275,6000,1013.2563333333334,177.119616416822,2.2866044155633247,"[1019.66,1022.91,1001.54,1001.945,1032.415,1015.035,1018.42,1007.905,1018.585,1017.09,1008.5,1018.595,1014.635,997.74,1021.525,1018.26,1008.67,1009.23,1011.695,1023.04,1008.625,1014.375,1003.145,1005.19,1017.87,1004.46,1007.58,1006.375,1020.56,1022.115]",1011.4996687913815,-0.0017336822718619707,0.0017336822718619707,1003.694465288898,1022.8182013777688,0.011066025781650057,fc6ed5692c5e33a9fffe770a3a11e12d0b94dbf5a1eec4c0ae7c81aee87c07d7
3,112,1.675,6000,442.9021666666667,46.55669142266154,0.6010443017816194,"[440.04,441.765,439.51,446.085,442.235,442.88,448.715,443.61,443.635,440.78,441.85,447.515,441.26,440.415,438.945,445.82,445.44,438.36,445.13,451.71,445.47,439.565,447.255,442.97,438.18,440.065,439.705,437.525,450.365,440.265]",442.34917183823023,-0.0012485710616372847,0.0012485710616372847,440.3887864495294,445.415546883804,0.006884301787458025,fc6ed5692c5e33a9fffe770a3a11e12d0b94dbf5a1eec4c0ae7c81aee87c07d7
3,112,1.875,6000,346.58933333333334,29.72072071404364,0.38369285454257607,"[349.705,346.34,347.18,349.985,346.49,343.755,348.985,347.125,349.32,346.195,341.85,346.645,341.685,346.35,346.95,345.775,348.905,347.545,346.695,345.83,348.585,349.51,341.62,346.155,343.775,344.495,349.41,348.185,346.97,345.665]",346.3612009696395,-0.0006582209599463058,0.0006582209599463058,344.98484922591285,348.19381744075383,0.005263207958671301,fc6ed5692c5e33a9fffe770a3a11e12d0b94dbf5a1eec4c0ae7c81aee87c07d7
4,14,0.325,6000,41.34316666666667,11.75097517407864,0.1517044371696779,"[41.26,40.44,40.135,42.195,40.955,40.47,41.72,41.865,41.28,42.485,41.325,40.83,40.985,40.985,41.815,41.985,42.42,41.45,41.485,41.23,41.575,41.59,41.68,40.985,40.345,42.3,41.21,40.91,40.57,41.815]",40.87816557396919,-0.011247350655226633,0.011247350655226633,40.70878592284464,41.9775474104887,0.026189758676677943,fc6ed5692c5e33a9fffe770a3a11e12d0b94dbf5a1eec4c0ae7c81aee87c07d7
4,14,0.525,6000,58.6455,21.0790468819847,0.2721293250928404,"[58.885,60.695,59.48,56.295,57.83,59.755,56.365,58.27,60.3,59.5,59.235,61.555,57.905,58.19,59.05,59.985,60.32,56.5,58.685,55.5,56.67,58.845,59.785,55.54,60.215,57.28,57.55,60.905,59.985,58.29]",58.57514710027242,-0.001199629975489698,0.001199629975489698,57.50753985269662,59.78346014730338,0.020211494016133202,fc6ed5692c5e33a9fffe770a3a11e12d0b94dbf5a1eec4c0ae7c81aee87c07d7
4,14,0.725,6000,97.42466666666667,46.31574083970241,0.5979336431314205,"[95.54,103.99,95.855,99.04,94.07,100.54,91.935,97.37,97.805,99.535,92.66,91.96,100.405,100.4,95.28,95.45,101.63,95.665,98.705,98.91,95.18,96.305,100.185,96.69,93.93,101.16,97.715,98.495,102.055,94.28]",97.41769522660192,-7.155723805140649e-05,7.155723805140649e-05,94.92429425592651,99.92503907740682,0.026267258452856268,fc6ed5692c5e33a9fffe770a3a11e12d0b94dbf5a1eec4c0ae7c81aee87c07d7
4,14,0.94,6000,194.69933333333333,118.92169269896873,1.53527245108634,"[201.14,192.86,188.86,212.645,195.875,195.185,202.2,198.515,194.8,194.925,176.845,194.51,195.45,199.655,199.86,200.22,199.83,179.705,195.7,191.71,188.78,194.295,196.28,198.215,196.7,188.92,182.205,197.68,202.51,184.905]",196.50962129169505,0.00929786418560786,0.00929786418560786,188.2793017399246,201.11936492674207,0.04371335285245115,fc6ed5692c5e33a9fffe770a3a11e12d0b94dbf5a1eec4c0ae7c81aee87c07d7
4,14,1.0,6000,208.23416666666665,131.71684739351596,1.7004571879001038,"[212.085,216.645,221.615,211.025,201.835,213.995,210.84,220.425,198.685,194.525,204.1,210.395,224.23,202.045,199.475,212.915,203.91,219.575,196.045,202.075,194.21,212.185,207.575,202.79,207.305,218.82,207.255,202.135,193.505,224.805]",209.20586260090778,0.0046663616725135205,0.0046663616725135205,201.12338391157135,215.34494942176195,0.04018666816430505,fc6ed5692c5e33a9fffe770a3a11e12d0b94dbf5a1eec4c0ae7c81aee87c07d7
4,14,1.06,6000,196.53783333333334,122.15058751247916,1.5769573038842781,"[206.925,194.63,205.19,195.79,205.705,190.75,205.45,197.185,182.515,200.815,198.45,202.45,194.16,180.215,204.065,197.135,197.97,192.075,194.735,178.855,197.21,201.645,189.2,209.34,192.48,200.365,188.025,201.2,184.075,207.53]",189.405560117167,-0.03628956875732835,0.03628956875732835,189.94348865839956,203.13217800826712,0.06757480782065695,fc6ed5692c5e33a9fffe770a3a11e12d0b94dbf5a1eec4c0ae7c81aee87c07d7
4,14,1.275,6000,118.63566666666667,51.76111278448655,0.6682330926516007,"[116.145,115.365,118.235,117.555,116.83,112.81,120.83,120.365,117.88,124.49,125.32,116.16,121.64,121.52,122.245,112.17,115.34,115.245,117.855,117.325,118.87,117.075,117.5,118.84,118.965,116.72,125.93,125.295,117.555,116.995]",117.31843275334285,-0.011103186337923825,0.011103186337923825,115.84132383614893,121.4300094971844,0.033859642775840304,fc6ed5692c5e33a9fffe770a3a11e12d0b94dbf5a1eec4c0ae7c81aee87c07d7
4,14,1.675,6000,68.00483333333334,20.16178463245462,0.2602875203710579,"[68.445,69.77,67.93,70.215,68.545,68.21,67.7,68.865,68.75,65.745,69.49,66.08,66.12,66.095,67.795,66.11,69.53,70.215,68.045,67.08,68.49,66.4,68.485,67.73,67.71,67.025,68.275,68.105,68.765,68.425]",67.45263442747489,-0.008119994988470623,0.008119994988470623,66.91639192805066,69.09327473861602,0.023745296736155108,fc6ed5692c5e33a9fffe770a3a11e12d0b94dbf5a1eec4c0ae7c81aee87c07d7
4,14,1.875,6000,56.815333333333335,14.606304195195854,0.18856657632544357,"[56.66,57.95,58.45,57.86,57.855,56.98,56.545,55.28,54.81,57.8,57.385,55.87,57.37,55.085,55.715,57.735,54.055,56.37,58.265,57.385,56.18,55.715,55.12,57.045,55.195,56.68,57.725,56.81,58.465,60.1]",56.47547310079028,-0.005981839982335515,0.005981839982335515,56.02680659554575,57.60386007112092,0.01958873882648604,fc6ed5692c5e33a9fffe770a3a11e12d0b94dbf5a1eec4c0ae7c81aee87c07d7
4,28,0.325,6000,83.01833333333333,16.656077010282193,0.21502902957990386,"[84.375,82.685,84.28,83.185,80.33,83.135,82.385,81.195,83.035,82.635,84.1,81.315,82.34,81.865,81.575,83.335,81.83,83.52,83.155,81.3,84.315,82.78,83.545,86.79,83.47,84.685,81.915,83.38,84.195,83.9]",81.31779568156493,-0.020483880890988737,0.020483880890988737,82.11914885150004,83.91751781516662,0.030979492736280978,fc6ed5692c5e33a9fffe770a3a11e12d0b94dbf5a1eec4c0ae7c81aee87c07d7
4,28,0.525,6000,117.50666666666666,30.4996119091701,0.39374829663335065,"[115.345,116.305,118.565,118.935,113.955,113.245,117.315,118.215,115.38,120.305,117.115,116.895,119.62,119.97,115.31,118.15,117.11,116.74,114.905,119.86,120.58,121.61,118.095,119.015,117.235,114.845,116.205,116.41,119.225,118.74]",116.68068176901289,-0.0070292598801807125,0.0070292598801807125,115.86013382980876,119.15319950352456,0.020750745635147894,fc6ed5692c5e33a9fffe770a3a11e12d0b94dbf5a1eec4c0ae7c81aee87c07d7
4,28,0.725,6000,202.86266666666666,70.65083908253366,0.9120984105407766,"[198.825,205.82,207.71,188.93,199.345,199.675,206.09,202.445,206.395,193.71,204.54,198.475,208.64,197.555,202.095,196.39,204.14,205.095,210.385,200.32,203.355,199.57,196.08,199.05,213.355,202.94,206.7,201.97,216.975,209.305]",203.63636363636363,0.003813895293845611,0.003813895293845611,199.04855497083946,206.67677836249385,0.02304869114069308,fc6ed5692c5e33a9fffe770a3a11e12d0b94dbf5a1eec4c0ae7c81aee87c07d7
4,28,0.94,6000,657.7463333333334,387.12647649662205,4.997781321157914,"[637.07,673.465,646.39,626.52,611.8,619.715,643.525,675.585,632.44,636.655,649.14,659.115,654.555,649.95,674.595,617.605,684.05,671.725,675.51,690.03,660.255,653.595,640.525,657.315,705.655,664.835,656.78,671.315,711.265,681.41]",654.5885919752243,-0.0048008498080198475,0.0048008498080198475,636.8471672237101,678.6454994429566,0.03544841524400977,fc6ed5692c5e33a9fffe770a3a11e12d0b94dbf5a1eec4c0ae7c81aee87c07d7
4,28,1.0,6000,828.7708333333334,520.4630943894189,6.719149656285994,"[894.58,883.01,821.795,853.265,861.815,843.88,805.78,867.875,813.8,791.075,789.485,807.475,814.69,783.965,760.38,805.94,863.54,842.495,842.065,828.095,816.64,843.52,850.125,759.395,805.015,874.03,853.955,807.425,869.735,808.28]",836.3677157624948,0.009166445202477221,0.009166445202477221,800.6734405587323,856.8682261079344,0.04458031626333692,fc6ed5692c5e33a9fffe770a3a11e12d0b94dbf5a1eec4c0ae7c81aee87c07d7
4,28,1.06,6000,678.0728333333333,386.8511412626588,4.994226758572035,"[691.89,659.305,709.91,647.115,680.655,655.715,699.07,684.615,671.085,664.975,685.47,699.02,604.455,646.825,697.61,695.52,690.63,693.705,695.41,692.29,708.16,710.825,645.71,676.06,681.685,661.685,671.69,672.74,686.935,661.425]",658.7768455476752,-0.028457102005991147,0.028457102005991147,657.1885312982174,698.9571353684491,0.057486057137957736,fc6ed5692c5e33a9fffe770a3a11e12d0b94dbf5a1eec4c0ae7c81aee87c07d7
4,28,1.275,6000,314.49316666666664,106.09460226959717,1.3696754257088315,"[307.815,308.715,326.815,316.1,306.14,302.66,315.205,318.585,323.745,312.695,320.455,320.14,312.44,306.725,315.755,322.175,311.11,309.88,314.895,312.94,319.775,314.24,320.52,321.41,320.0,321.195,309.765,320.865,296.105,305.93]",312.09034837147465,-0.0076402877705090315,0.0076402877705090315,308.76561029740844,320.22072303592483,0.025389907896554376,fc6ed5692c5e33a9fffe770a3a11e12d0b94dbf5a1eec4c0ae7c81aee87c07d7
4,28,1.675,6000,162.8835,36.350577553844765,0.4692839383035397,"[166.515,162.325,158.5,159.27,163.915,163.32,161.71,166.01,161.665,164.17,161.03,163.88,160.575,161.645,157.435,164.015,168.24,165.635,167.66,164.08,163.695,163.765,159.71,164.205,163.54,161.855,164.505,164.09,156.825,162.72]",164.84287011600242,0.012029273167646926,0.012029273167646926,160.92110061736523,164.84589938263477,0.02437075985431081,fc6ed5692c5e33a9fffe770a3a11e12d0b94dbf5a1eec4c0ae7c81aee87c07d7
4,28,1.875,6000,132.58666666666667,25.922888629832674,0.3346630531631052,"[133.465,130.095,133.455,129.595,131.055,130.355,130.305,134.48,130.865,133.485,136.005,132.93,133.395,131.995,131.245,130.895,132.87,134.465,133.195,131.06,136.85,133.24,133.98,132.495,133.23,134.31,131.22,133.51,133.48,130.075]",135.1245165991897,0.019141064454869895,0.019141064454869895,131.18720992989432,133.98612340343902,0.03001288518445855,fc6ed5692c5e33a9fffe770a3a11e12d0b94dbf5a1eec4c0ae7c81aee87c07d7
4,56,0.325,6000,165.59166666666667,23.767535558263248,0.3068375646584872,"[164.5,164.9,165.56,164.28,164.87,164.25,165.95,164.68,165.745,167.075,166.61,165.01,165.84,161.435,165.065,161.54,167.27,167.63,166.555,170.435,166.84,165.975,164.825,164.43,164.605,164.075,165.405,166.725,166.595,169.075]",165.0161331061646,-0.0034756191062476948,0.0034756191062476948,164.30856746316164,166.8747658701717,0.011137889867981032,fc6ed5692c5e33a9fffe770a3a11e12d0b94dbf5a1eec4c0ae7c81aee87c07d7
4,56,0.525,6000,235.639,42.518313468002944,0.5489090665680064,"[240.025,238.64,234.985,240.64,228.82,239.225,235.935,229.495,238.86,236.14,232.92,238.49,240.595,235.18,237.115,231.445,237.205,241.54,233.75,229.1,229.295,238.025,230.78,234.39,233.195,239.325,239.065,237.91,228.275,238.805]",235.55236963813857,-0.00036764016933291235,0.00036764016933291235,233.34363311135328,237.93436688864674,0.01001115257815166,fc6ed5692c5e33a9fffe770a3a11e12d0b94dbf5a1eec4c0ae7c81aee87c07d7
4,56,0.725,6000,406.3736666666667,101.01662948805877,1.3041190789908557,"[412.735,395.785,409.1,413.19,411.225,400.875,404.115,393.135,406.495,417.585,398.185,410.98,405.105,403.93,399.625,424.365,400.625,412.22,414.19,405.745,395.18,411.7,402.49,422.28,395.38,406.445,403.6,411.635,403.445,399.845]",407.27272727272725,0.002212398784191002,0.002212398784191002,400.9202465373834,411.82708679595,0.015844749149508397,fc6ed5692c5e33a9fffe770a3a11e12d0b94dbf5a1eec4c0ae7c81aee87c07d7
4,56,0.94,6000,1742.0968333333333,867.1808432457756,11.19525654680331,"[1699.31,1741.25,1673.925,1704.52,1648.54,1845.875,1671.84,1770.84,1775.375,1667.535,1766.375,1750.04,1714.425,1804.29,1724.57,1682.065,1739.565,1716.85,1804.84,1718.925,1724.305,1800.425,1913.54,1668.73,1817.93,1679.225,1682.185,1775.805,1770.31,1809.495]",1726.9779226816165,-0.00867857076738277,0.00867857076738277,1695.281754566085,1788.9119121005815,0.034621039191494174,fc6ed5692c5e33a9fffe770a3a11e12d0b94dbf5a1eec4c0ae7c81aee87c07d7
4,56,1.0,6000,3291.6723333333334,2035.7193923054795,26.28102434650202,"[3355.235,3289.475,3108.315,3534.82,3287.175,3054.175,3623.885,3607.045,3273.23,3547.65,3201.725,3305.95,3124.265,3230.425,3330.675,3002.805,3490.355,3273.78,3157.6,3278.42,3309.87,3386.705,3138.12,3152.505,3226.445,3363.57,3345.05,3228.22,3233.775,3288.905]",3344.5593937677054,0.01606692740914936,0.01606692740914936,3181.7732685176393,3401.5713981490276,0.05116207583386578,fc6ed5692c5e33a9fffe770a3a11e12d0b94dbf5a1eec4c0ae7c81aee87c07d7
4,56,1.06,6000,2053.0003333333334,970.6255884765195,12.530722465241112,"[2040.17,2154.665,2090.01,1970.945,2051.93,2107.585,2064.605,1890.075,2039.32,1985.68,2104.155,2123.7,2007.165,2090.93,1972.5,2038.27,2069.85,1996.285,1984.93,2099.76,2180.225,2114.215,2082.465,2040.54,2062.675,2087.645,2076.4,2050.475,2016.165,1996.675]",2028.0210358536472,-0.012167215501192274,0.012167215501192274,2000.6007517097846,2105.399914956882,0.03675258014096561,fc6ed5692c5e33a9fffe770a3a11e12d0b94dbf5a1eec4c0ae7c81aee87c07d7
4,56,1.275,6000,767.7903333333334,191.75284499971087,2.475518584239241,"[762.695,773.15,759.67,812.235,783.23,776.605,752.375,783.435,776.775,743.895,782.71,754.89,768.245,770.18,764.045,743.665,765.26,755.24,764.31,748.435,771.635,752.375,764.92,756.57,770.21,775.075,784.33,758.825,772.185,786.54]",762.7293964938676,-0.006591561028769234,0.006591561028769234,757.438485028076,778.1421816385907,0.019807158008408265,fc6ed5692c5e33a9fffe770a3a11e12d0b94dbf5a1eec4c0ae7c81aee87c07d7
4,56,1.675,6000,371.4291666666667,60.89307002416928,0.7861261536768324,"[374.765,374.53,371.605,374.365,370.555,373.865,369.135,369.43,368.25,380.59,371.215,369.735,363.575,373.605,380.865,377.595,365.525,372.62,370.955,368.54,370.205,370.53,373.775,372.25,370.82,369.88,374.3,367.74,370.565,361.49]",373.730936932712,0.006197063862006824,0.006197063862006824,368.14183174481684,374.7165015885165,0.015181934531605545,fc6ed5692c5e33a9fffe770a3a11e12d0b94dbf5a1eec4c0ae7c81aee87c07d7
4,56,1.875,6000,296.948,42.04326226619033,0.5427761819239528,"[296.08,297.315,295.225,299.66,305.78,292.665,296.83,292.77,295.28,294.24,297.77,300.365,302.335,291.995,300.97,296.75,299.235,295.795,295.07,295.54,294.275,296.915,292.495,297.37,295.745,298.74,296.37,295.315,298.91,300.635]",300.1153321453085,0.010666285495469023,0.010666285495469023,294.6782789263001,299.21772107369986,0.018450810961768482,fc6ed5692c5e33a9fffe770a3a11e12d0b94dbf5a1eec4c0ae7c81aee87c07d7
4,112,0.325,6000,331.75,33.63076971235183,0.43417137005358475,"[332.18,330.85,329.27,332.16,331.455,333.34,334.775,332.67,331.12,327.92,332.965,329.29,332.7,331.205,332.77,332.85,332.02,333.03,337.22,331.035,332.03,331.485,328.43,329.555,333.0,333.855,334.65,330.21,329.685,328.775]",331.85185185185185,0.0003070138714449062,0.0003070138714449062,329.9344304502922,333.5655695497078,0.005811522607515496,fc6ed5692c5e33a9fffe770a3a11e12d0b94dbf5a1eec4c0ae7c81aee87c07d7
4,112,0.525,6000,471.21233333333333,61.85198886031517,0.7985057426193577,"[473.925,479.155,473.545,469.715,481.465,471.5,471.165,478.55,469.565,473.455,467.835,465.82,461.84,467.89,463.095,472.1,467.1,469.58,466.42,470.71,468.83,470.525,470.355,469.16,473.72,472.25,478.27,471.625,479.325,467.88]",471.5789473684211,0.0007780230039701084,0.0007780230039701084,467.87323082321717,474.5514358434495,0.007920343163646537,fc6ed5692c5e33a9fffe770a3a11e12d0b94dbf5a1eec4c0ae7c81aee87c07d7
4,112,0.725,6000,814.9445,143.9044063470991,1.8577978974272658,"[806.2,812.755,797.85,837.525,811.85,827.505,828.5,818.665,819.845,815.82,813.67,815.875,806.795,828.95,820.805,802.835,796.99,818.71,831.02,807.465,814.705,790.455,811.195,825.74,828.385,805.12,828.69,826.51,795.945,801.96]",814.5454545454545,-0.000489659669517917,0.000489659669517917,807.175767364166,822.713232635834,0.00992785549858155,fc6ed5692c5e33a9fffe770a3a11e12d0b94dbf5a1eec4c0ae7c81aee87c07d7
4,112,0.94,6000,3737.837666666667,1438.2827581981148,18.56815056546189,"[3916.37,3956.625,3981.325,3743.035,3577.085,3805.01,3781.49,3563.13,3527.38,3800.045,3760.11,3747.2,3852.55,3638.36,3716.54,3902.285,3583.45,3694.38,3674.575,3587.51,3728.15,3714.57,3761.29,3682.105,3696.755,3770.92,3747.54,3792.82,3815.85,3616.675]",3733.33333333333,-0.001205063925998109,0.001205063925998109,3660.1914396552424,3815.483893678091,0.021530836620979432,fc6ed5692c5e33a9fffe770a3a11e12d0b94dbf5a1eec4c0ae7c81aee87c07d7
4,112,1.0,6000,13374.1885,8493.261615958496,109.64753597863316,"[12752.41,13467.24,12666.89,12704.925,13863.055,13548.01,13554.7,13743.155,13714.11,13216.625,13621.255,14065.575,13011.72,13453.45,13069.64,13310.835,12697.79,13242.705,13212.505,12761.04,14057.07,13348.19,14075.49,12729.84,12955.65,13336.65,13268.375,13840.265,14401.78,13534.71]",13376.414636506277,0.00016645021163540623,0.00016645021163540623,12915.676628296613,13832.700371703388,0.035672773596719276,fc6ed5692c5e33a9fffe770a3a11e12d0b94dbf5a1eec4c0ae7c81aee87c07d7
4,112,1.06,6000,5466.932,1949.6615221753686,25.170022020422017,"[5603.95,5484.46,5480.42,5414.595,5604.185,5486.145,5444.88,5486.52,5493.58,5486.725,5338.765,5235.145,5759.63,5429.055,5337.38,5383.21,5530.99,5390.555,5397.5,5450.405,5465.935,5648.995,5040.915,5339.67,5361.97,5327.54,5800.055,5781.165,5488.655,5514.965]",5467.656538586514,0.0001325311137059007,0.0001325311137059007,5361.678801153396,5572.185198846603,0.019765775116987738,fc6ed5692c5e33a9fffe770a3a11e12d0b94dbf5a1eec4c0ae7c81aee87c07d7
4,112,1.275,6000,1762.0431666666666,328.72046152763807,4.243762910180527,"[1737.875,1769.43,1749.23,1755.72,1747.63,1781.605,1739.87,1777.27,1750.46,1797.82,1767.76,1786.6,1765.12,1776.275,1770.815,1796.59,1754.52,1722.595,1738.535,1778.895,1776.785,1776.18,1726.325,1707.685,1757.265,1779.755,1751.94,1731.345,1814.065,1775.335]",1731.4161496977085,-0.017381536132793224,0.017381536132793224,1744.2970708912771,1779.789262442056,0.02717912382389287,fc6ed5692c5e33a9fffe770a3a11e12d0b94dbf5a1eec4c0ae7c81aee87c07d7
4,112,1.675,6000,811.7488333333333,96.20333983671345,1.2419797767904126,"[820.13,809.505,801.74,817.34,803.535,814.475,811.995,804.39,811.6,808.67,805.155,816.425,817.62,814.39,818.35,807.03,813.825,799.625,814.74,804.95,812.435,816.815,803.82,811.12,813.965,808.525,814.365,823.115,819.755,813.06]",801.7953200376733,-0.012261814106695227,0.012261814106695227,806.555260427282,816.9424062393847,0.0185411922383093,fc6ed5692c5e33a9fffe770a3a11e12d0b94dbf5a1eec4c0ae7c81aee87c07d7
4,112,1.875,6000,643.9243333333334,65.02696639816988,0.8394945263816708,"[642.06,639.095,642.205,640.6,652.185,644.49,645.485,646.81,643.955,641.625,652.19,650.015,638.995,642.53,642.84,644.005,641.275,646.835,647.005,650.35,639.005,640.63,645.29,634.995,639.25,648.25,645.57,644.91,641.95,643.33]",636.0494695755015,-0.01222948621473421,0.01222948621473421,640.4138284857734,647.4348381808934,0.017585350577336234,fc6ed5692c5e33a9fffe770a3a11e12d0b94dbf5a1eec4c0ae7c81aee87c07d7
5,14,0.325,6000,51.94433333333333,15.250748575427615,0.19688631749942548,"[52.37,50.61,52.64,53.935,50.95,52.295,53.525,51.105,51.645,51.92,49.82,51.915,51.62,52.05,52.475,52.495,50.87,52.355,52.215,50.745,52.285,53.925,52.44,50.405,51.73,51.37,52.51,53.395,51.8,50.915]",51.354428685670236,-0.011356477402021982,0.011356477402021982,51.121016027169325,52.76765063949734,0.026781976015609943,fc6ed5692c5e33a9fffe770a3a11e12d0b94dbf5a1eec4c0ae7c81aee87c07d7
5,14,0.525,6000,73.08633333333333,26.482568498818328,0.3418884892024018,"[74.775,74.875,71.44,72.065,72.81,73.415,75.17,74.26,73.63,73.45,71.815,75.405,73.535,74.865,74.08,72.405,72.93,70.735,68.935,71.955,72.285,75.14,69.41,72.925,75.94,71.465,71.525,74.76,72.395,74.195]",73.22292378125873,0.0018688917844932233,0.0018688917844932233,71.65666207169564,74.51600459497102,0.021857865888254446,fc6ed5692c5e33a9fffe770a3a11e12d0b94dbf5a1eec4c0ae7c81aee87c07d7
5,14,0.725,6000,120.89716666666666,55.29190830938077,0.7138154668741974,"[131.685,121.59,116.56,111.225,121.02,123.745,120.085,123.865,120.94,123.07,117.41,116.34,123.715,114.95,123.935,118.145,123.715,121.52,120.08,121.72,123.495,125.47,119.075,121.935,121.64,121.22,117.535,118.57,117.65,125.01]",118.88949571625749,-0.01660643508664398,0.01660643508664398,117.91221253298605,123.88212080034728,0.040301417604369894,fc6ed5692c5e33a9fffe770a3a11e12d0b94dbf5a1eec4c0ae7c81aee87c07d7
5,14,0.94,6000,213.0445,122.99192936475471,1.5878189804920466,"[208.37,213.58,206.75,198.94,220.745,223.085,204.9,220.63,216.995,210.28,201.33,192.935,209.495,212.69,229.14,213.88,195.14,207.5,218.455,206.565,217.475,225.565,235.975,224.12,208.18,206.83,219.77,219.965,208.975,213.075]",216.032356692305,0.01402456619300194,0.01402456619300194,206.40473517378956,219.68426482621044,0.046644382990579825,fc6ed5692c5e33a9fffe770a3a11e12d0b94dbf5a1eec4c0ae7c81aee87c07d7
5,14,1.0,6000,220.51583333333335,129.65850262846706,1.6738840712474785,"[225.4,235.74,218.645,223.88,201.78,225.75,220.69,215.165,224.0,228.135,214.64,222.88,204.66,222.17,206.615,217.025,213.43,220.395,226.365,235.89,212.955,224.94,219.075,238.785,219.17,219.57,222.085,210.02,226.99,218.63]",225.5370005415008,0.02277009832929959,0.02277009832929959,213.51617108217496,227.51549558449173,0.05629938659165745,fc6ed5692c5e33a9fffe770a3a11e12d0b94dbf5a1eec4c0ae7c81aee87c07d7
5,14,1.06,6000,216.194,124.48738576874334,1.6071252396508038,"[208.625,219.685,217.905,221.51,216.11,225.625,200.72,208.96,206.9,224.72,204.155,210.715,222.23,219.21,209.265,205.095,226.47,218.87,229.375,212.665,233.52,205.42,232.72,226.445,218.13,211.615,226.86,212.37,199.3,210.63]",209.5342389641688,-0.030804559959255094,0.030804559959255094,209.4735024063501,222.91449759364988,0.060024174174045486,fc6ed5692c5e33a9fffe770a3a11e12d0b94dbf5a1eec4c0ae7c81aee87c07d7
5,14,1.275,6000,146.94216666666668,65.40342057728651,0.8443545289361004,"[146.43,142.47,145.86,141.405,152.175,143.725,147.92,142.365,147.835,150.875,143.605,149.165,147.315,156.285,148.015,147.915,146.445,145.78,146.425,146.735,150.55,148.32,142.39,142.465,150.365,142.605,143.925,149.895,150.64,148.365]",148.61686430959477,0.011396984820069312,0.011396984820069312,143.41133880092087,150.47299453241249,0.03629786565133486,fc6ed5692c5e33a9fffe770a3a11e12d0b94dbf5a1eec4c0ae7c81aee87c07d7
5,14,1.675,6000,92.36416666666666,29.56843358521047,0.38172683616320074,"[91.325,91.37,91.04,89.5,90.005,91.04,95.18,94.38,94.37,91.82,94.3,90.35,93.205,92.5,89.055,93.785,92.2,95.96,90.845,89.655,92.665,95.535,89.42,96.135,90.42,90.825,92.985,94.085,94.31,92.66]",92.21360116655764,-0.0016301289292459165,0.0016301289292459165,90.76790383625789,93.96042949707544,0.018591106275990033,fc6ed5692c5e33a9fffe770a3a11e12d0b94dbf5a1eec4c0ae7c81aee87c07d7
5,14,1.875,6000,78.3255,21.656285820424582,0.27958144774404076,"[76.75,77.545,76.505,80.25,77.225,76.34,80.165,75.28,79.505,78.42,79.665,79.73,79.74,78.08,76.5,79.625,79.91,76.565,80.605,77.045,80.06,78.065,77.565,80.74,77.01,78.865,79.905,77.66,79.48,74.965]",78.2422911272871,-0.001062347162966108,0.001062347162966108,77.15637739496816,79.49462260503185,0.015753662785053302,fc6ed5692c5e33a9fffe770a3a11e12d0b94dbf5a1eec4c0ae7c81aee87c07d7
5,28,0.325,6000,103.76516666666667,21.53822189672663,0.27805724904314055,"[101.955,104.505,103.485,104.36,101.58,101.805,104.985,101.04,104.77,103.895,104.43,105.38,104.38,104.38,106.7,102.655,103.81,104.335,100.995,103.825,104.75,102.09,104.725,105.445,103.045,103.51,105.085,102.41,105.9,102.725]",101.69465311337315,-0.019953840193258715,0.019953840193258715,102.60241778625125,104.9279155470821,0.03081413003251887,fc6ed5692c5e33a9fffe770a3a11e12d0b94dbf5a1eec4c0ae7c81aee87c07d7
5,28,0.525,6000,147.296,38.68025005465599,0.4993598809627373,"[147.215,143.085,146.53,144.32,146.52,145.99,150.325,150.165,149.45,145.985,143.8,145.745,146.295,150.28,149.275,141.49,145.075,149.895,150.34,150.885,148.055,144.63,145.605,149.785,145.0,145.25,150.185,149.415,148.055,150.235]",146.14500774813692,-0.00781414466016099,0.00781414466016099,145.20783238519448,149.3841676148055,0.02168342146552582,fc6ed5692c5e33a9fffe770a3a11e12d0b94dbf5a1eec4c0ae7c81aee87c07d7
5,28,0.725,6000,252.75066666666666,86.62955199835366,1.118382707263444,"[244.375,245.655,249.985,252.13,257.17,254.5,250.36,246.4,258.635,244.62,259.62,247.685,254.22,251.565,260.19,249.93,249.915,247.875,259.83,263.365,261.875,244.645,247.6,251.865,251.165,259.4,244.995,255.35,262.245,255.355]",254.42458294476472,0.0066227966880327204,0.0066227966880327204,248.07393824033895,257.42739509299435,0.025599806047635454,fc6ed5692c5e33a9fffe770a3a11e12d0b94dbf5a1eec4c0ae7c81aee87c07d7
5,28,0.94,6000,750.5265,412.8160298205842,5.32943202847529,"[784.86,782.625,746.675,761.345,729.875,757.205,744.61,760.315,748.15,762.96,713.345,815.225,701.46,701.725,778.53,710.64,772.945,737.535,731.23,767.61,776.745,769.58,744.755,763.805,708.295,693.59,767.335,737.135,783.53,762.16]",751.2190556854704,0.0009227598032452212,0.0009227598032452212,728.2404738464496,772.8125261535505,0.03155356323118319,fc6ed5692c5e33a9fffe770a3a11e12d0b94dbf5a1eec4c0ae7c81aee87c07d7
5,28,1.0,6000,900.327,543.6304738389375,7.0182392388968395,"[936.87,887.545,859.455,882.665,876.465,862.255,929.255,870.63,980.205,832.265,854.625,921.54,849.76,864.625,948.675,905.355,887.92,937.73,878.505,906.915,904.54,929.04,970.92,964.1,904.605,868.54,919.525,848.795,929.585,896.9]",902.2917249737384,0.0021822348699287977,0.0021822348699287977,870.9789076715429,929.6750923284571,0.03595129230615535,fc6ed5692c5e33a9fffe770a3a11e12d0b94dbf5a1eec4c0ae7c81aee87c07d7
5,28,1.06,6000,781.6483333333333,417.262184506327,5.3868316386504365,"[806.545,765.83,758.85,757.31,767.415,760.53,790.315,805.75,745.19,774.17,787.41,782.735,789.845,765.04,785.145,793.08,787.545,758.27,800.17,833.19,777.085,840.155,761.375,750.45,820.965,759.445,775.745,824.895,769.065,755.935]",761.7017764950504,-0.025518581678823545,0.025518581678823545,759.1222798735461,804.1743867931206,0.0528151741656957,fc6ed5692c5e33a9fffe770a3a11e12d0b94dbf5a1eec4c0ae7c81aee87c07d7
5,28,1.275,6000,418.9338333333333,143.13265623720935,1.8478346463504765,"[424.44,420.235,430.49,430.77,400.685,408.345,422.425,423.11,428.525,421.89,417.01,429.395,414.615,417.72,428.395,431.52,429.835,423.44,400.765,421.055,399.26,405.33,418.685,414.67,417.215,411.12,428.32,408.3,415.84,424.61]",422.47428715791705,0.008451105026331656,0.008451105026331656,411.2067639128073,426.6609027538594,0.027401113585522108,fc6ed5692c5e33a9fffe770a3a11e12d0b94dbf5a1eec4c0ae7c81aee87c07d7
5,28,1.675,6000,234.83983333333333,55.99081479905907,0.7228383108577986,"[234.74,241.525,236.055,239.07,230.355,232.955,233.835,234.08,238.385,237.31,243.2,236.89,222.355,232.23,231.495,230.06,241.205,230.765,231.45,233.1,230.345,230.78,236.975,232.68,236.01,239.235,237.265,231.67,241.385,237.79]",236.0065785719957,0.004968259524380967,0.004968259524380967,231.81714847414133,237.86251819252533,0.018072131960167326,fc6ed5692c5e33a9fffe770a3a11e12d0b94dbf5a1eec4c0ae7c81aee87c07d7
5,28,1.875,6000,193.9315,41.179231366462574,0.5316215909731055,"[195.25,192.715,194.065,193.845,193.6,193.725,189.505,196.63,193.325,190.365,189.07,193.79,195.855,194.54,192.435,190.52,190.36,199.15,197.72,192.84,196.595,193.875,200.5,192.595,196.865,193.115,190.015,189.23,192.86,202.99]",196.4087936805532,0.012774065484736634,0.012774065484736634,191.70842395420075,196.15457604579925,0.02451832647414265,fc6ed5692c5e33a9fffe770a3a11e12d0b94dbf5a1eec4c0ae7c81aee87c07d7
5,56,0.325,6000,207.7025,30.152106372022807,0.38926201943972955,"[204.585,207.575,208.68,204.625,212.295,209.12,209.86,209.065,206.925,209.0,204.355,205.615,204.27,209.295,205.445,211.615,212.39,210.275,206.53,207.755,204.935,207.115,205.815,207.97,207.04,206.125,207.995,204.14,210.26,210.405]",205.73180152695429,-0.009488082584685793,0.009488082584685793,206.0747273781772,209.3302726218228,0.01719039988721327,fc6ed5692c5e33a9fffe770a3a11e12d0b94dbf5a1eec4c0ae7c81aee87c07d7
5,56,0.525,6000,295.47066666666666,54.414271642483214,0.70248522622448,"[302.045,297.35,292.21,295.74,295.02,294.28,294.615,291.065,302.865,304.22,301.81,298.18,294.18,296.37,291.475,296.045,297.45,298.095,289.295,294.575,294.62,295.795,293.625,294.185,292.125,287.97,300.55,298.51,287.19,292.665]",293.94705371965887,-0.0051565624574389495,0.0051565624574389495,292.5330920732628,298.4082412600705,0.014949947500020877,fc6ed5692c5e33a9fffe770a3a11e12d0b94dbf5a1eec4c0ae7c81aee87c07d7
5,56,0.725,6000,508.5751666666667,128.86380664645958,1.6636245902354354,"[503.765,512.87,509.47,491.155,506.76,504.775,492.725,510.865,510.845,511.25,500.545,524.48,513.73,524.11,488.215,513.775,508.32,518.9,509.16,518.58,504.455,488.41,501.305,500.85,520.64,530.365,509.77,520.455,513.285,493.425]",509.09090909090907,0.001014092818614572,0.001014092818614572,501.6184063722149,515.5319269611185,0.014896787326319494,fc6ed5692c5e33a9fffe770a3a11e12d0b94dbf5a1eec4c0ae7c81aee87c07d7
5,56,0.94,6000,2136.5696666666668,1027.435465168366,13.264134819666506,"[2223.49,2148.54,2156.52,2031.995,2124.89,2097.875,2063.265,2214.175,2131.61,2124.3,2140.635,2162.3,2172.655,2098.255,2021.37,2059.2,2031.47,2213.03,2161.715,2147.45,2165.255,2162.305,2175.88,2089.275,2147.975,2203.655,2107.295,2266.85,2213.4,2040.46]",2083.0423319052047,-0.02505293208855287,0.02505293208855287,2081.103182824508,2192.0361505088254,0.049722637365410494,fc6ed5692c5e33a9fffe770a3a11e12d0b94dbf5a1eec4c0ae7c81aee87c07d7
5,56,1.0,6000,3589.624,2089.8263999722567,26.97954281185717,"[3751.455,3064.375,3538.35,3658.87,3511.26,3439.565,3472.845,3442.14,3556.97,3768.0,3718.56,3632.61,3645.985,3721.615,3355.825,3514.125,3617.905,3892.16,3584.905,3523.905,3591.755,3853.475,3647.23,3584.915,3453.61,3708.87,3497.64,3627.425,3816.795,3495.58]",3609.4543455104226,0.005524351717735014,0.005524351717735014,3476.8039483503494,3702.44405164965,0.03815297012160035,fc6ed5692c5e33a9fffe770a3a11e12d0b94dbf5a1eec4c0ae7c81aee87c07d7
5,56,1.06,6000,2495.5778333333333,1140.879199053568,14.728687126563086,"[2567.1,2392.66,2594.5,2499.44,2444.795,2457.34,2528.055,2603.695,2497.205,2496.96,2458.465,2669.245,2524.78,2442.945,2369.83,2431.95,2413.26,2429.125,2583.72,2355.72,2594.69,2447.77,2468.415,2499.1,2554.265,2430.795,2636.99,2445.445,2471.455,2557.62]",2515.6813555779636,0.008055658283267455,0.008055658283267455,2433.987047531726,2557.1686191349404,0.033563986352796116,fc6ed5692c5e33a9fffe770a3a11e12d0b94dbf5a1eec4c0ae7c81aee87c07d7
5,56,1.275,6000,1080.5296666666666,287.6848783271236,3.7139958090555227,"[1064.175,1050.17,1052.9,1081.74,1100.635,1069.38,1060.935,1083.095,1088.8,1080.46,1055.65,1125.425,1088.045,1091.06,1064.545,1097.395,1076.93,1093.14,1041.38,1091.255,1105.955,1063.42,1078.97,1108.595,1096.42,1105.93,1072.93,1090.94,1077.91,1057.705]",1089.391013101133,0.008200928403754864,0.008200928403754864,1064.9988920376734,1096.0604412956598,0.022903423886939445,fc6ed5692c5e33a9fffe770a3a11e12d0b94dbf5a1eec4c0ae7c81aee87c07d7
5,56,1.675,6000,556.0943333333333,98.89771430222535,1.2767640015683261,"[552.3,559.345,563.18,563.67,549.9,555.83,563.33,549.57,560.49,564.26,554.75,552.79,556.22,551.245,559.945,549.785,566.6,541.24,564.79,556.03,560.545,556.945,555.84,546.46,558.17,546.415,557.12,559.435,549.645,556.985]",561.7400609673637,0.010152463881782028,0.010152463881782028,550.7553036245702,561.4333630420965,0.01994489616441597,fc6ed5692c5e33a9fffe770a3a11e12d0b94dbf5a1eec4c0ae7c81aee87c07d7
5,56,1.875,6000,451.31216666666666,70.29777389653262,0.9075403585890843,"[450.34,447.405,453.385,449.175,452.77,448.46,457.585,453.505,455.87,442.325,454.88,446.76,461.11,450.23,448.115,453.375,447.17,454.0,444.815,451.66,450.485,451.09,460.395,456.43,446.285,454.19,455.18,442.8,450.5,449.075]",457.19270586949807,0.013029870757228454,0.013029870757228454,447.51711532557556,455.10721800775775,0.021620604469805293,fc6ed5692c5e33a9fffe770a3a11e12d0b94dbf5a1eec4c0ae7c81aee87c07d7
5,112,0.325,6000,414.519,42.89827132430593,0.5538143014004135,"[413.385,414.035,414.295,415.73,410.445,415.79,414.88,413.315,413.165,411.035,411.195,414.08,418.475,415.475,416.32,417.7,417.405,414.83,416.765,411.175,412.435,417.195,412.5,419.31,417.315,414.1,411.3,416.07,412.935,412.915]",414.8148148148148,0.0007136339101821042,0.0007136339101821042,412.2031209458579,416.8348790541421,0.006335939094696652,fc6ed5692c5e33a9fffe770a3a11e12d0b94dbf5a1eec4c0ae7c81aee87c07d7
5,112,0.525,6000,588.6661666666666,76.33509609907466,0.9854818530761964,"[593.335,593.67,586.09,584.245,605.55,590.3,591.1,581.905,589.03,583.17,597.455,590.495,587.06,583.625,579.925,589.375,587.15,588.49,595.17,585.05,588.675,590.305,586.73,591.915,588.115,584.23,580.17,587.805,584.245,595.605]",589.4736842105264,0.0013717750222206595,0.0013717750222206595,584.5451882520515,592.7871450812818,0.008431334407545732,fc6ed5692c5e33a9fffe770a3a11e12d0b94dbf5a1eec4c0ae7c81aee87c07d7
5,112,0.725,6000,1022.2288333333333,181.062490334709,2.3375066989638977,"[1013.555,1015.38,1020.725,1039.075,1010.315,1038.595,1018.075,1038.545,1044.03,1046.665,1011.665,1021.66,1014.235,1028.88,1020.115,1007.97,1011.065,1036.92,1043.36,1025.81,1007.61,1009.775,1052.555,1012.005,1015.605,1020.375,1018.87,1004.69,1005.21,1013.53]",1018.1818181818181,-0.003959010956791844,0.003959010956791844,1012.4541077811787,1032.003558885488,0.013393113409993163,fc6ed5692c5e33a9fffe770a3a11e12d0b94dbf5a1eec4c0ae7c81aee87c07d7
5,112,0.94,6000,4583.495,1702.8285238014753,21.983421713766912,"[4693.505,4779.69,4649.625,4405.73,4718.18,4681.3,4457.905,4512.795,4499.735,4614.675,4472.67,4500.295,4629.07,4547.05,4738.235,4527.665,4658.63,4355.085,4644.615,4550.6,4579.405,4403.67,4684.605,4569.465,4410.65,4521.13,4642.71,4558.66,4914.83,4582.67]",4666.666666666662,0.018145905398972297,0.018145905398972297,4491.567171923787,4675.422828076213,0.038984053458534396,fc6ed5692c5e33a9fffe770a3a11e12d0b94dbf5a1eec4c0ae7c81aee87c07d7
5,112,1.0,6000,14415.124,8605.55996657667,111.09730145113565,"[13807.665,16002.605,14935.6,15455.505,14107.065,13722.95,14525.985,14885.965,14760.835,14746.1,14024.455,14463.85,14651.3,14654.375,15066.125,14010.885,14323.12,14008.96,14492.085,14317.795,15493.445,14310.37,14084.825,13203.305,13364.915,13323.725,14684.07,14577.555,14525.785,13922.5]",14438.392273272628,0.0016141569973749789,0.0016141569973749789,13950.549660276742,14879.698339723258,0.03496941875953352,fc6ed5692c5e33a9fffe770a3a11e12d0b94dbf5a1eec4c0ae7c81aee87c07d7
5,112,1.06,6000,7234.015833333333,2621.074473661909,33.83792595220648,"[7391.12,7240.855,7238.615,7059.79,6907.755,7439.23,6832.265,7409.0,7416.725,7341.875,7186.1,7095.195,7707.185,7098.975,7219.94,7180.43,7395.425,7150.49,7381.81,7101.21,7356.11,7119.19,7250.84,7080.29,7361.155,7221.62,7340.125,7188.2,7298.915,7010.04]",7331.730931620335,0.013507725243943223,0.013507725243943223,7092.516157810025,7375.515508856641,0.03372777283656858,fc6ed5692c5e33a9fffe770a3a11e12d0b94dbf5a1eec4c0ae7c81aee87c07d7
5,112,1.275,6000,2614.8451666666665,520.0287243723507,6.71354196347867,"[2678.255,2596.9,2603.955,2613.765,2645.32,2562.585,2658.445,2628.47,2607.905,2639.31,2596.58,2581.395,2645.11,2588.25,2629.36,2595.755,2631.335,2661.155,2549.495,2611.85,2625.265,2575.935,2600.71,2655.6,2645.08,2579.115,2559.745,2651.67,2627.91,2599.13]",2592.9000661046007,-0.008392504780709764,0.008392504780709764,2586.7712235181975,2642.9191098151355,0.018925680897601715,fc6ed5692c5e33a9fffe770a3a11e12d0b94dbf5a1eec4c0ae7c81aee87c07d7
5,112,1.675,6000,1256.621,162.0964864028542,2.092656641056638,"[1253.93,1252.445,1249.845,1257.655,1244.85,1280.95,1271.96,1245.83,1255.245,1262.595,1252.92,1245.735,1266.24,1263.69,1279.775,1261.095,1253.245,1254.505,1264.56,1250.25,1265.835,1244.9,1256.875,1258.56,1250.68,1240.125,1266.345,1238.765,1250.19,1259.035]",1246.7059972228687,-0.00789020936076299,0.00789020936076299,1247.8701611894464,1265.3718388105538,0.014751269954949242,fc6ed5692c5e33a9fffe770a3a11e12d0b94dbf5a1eec4c0ae7c81aee87c07d7
5,112,1.875,6000,1006.7001666666666,113.66082759945921,1.467354974696193,"[1013.215,1003.515,1000.16,1005.915,1005.175,1010.71,1007.735,1000.295,1000.49,998.635,1011.52,1011.84,1007.94,1005.23,1012.36,1006.465,996.425,1004.33,1012.365,1018.12,1013.08,1014.26,1011.82,1008.34,997.16,1000.91,1003.06,1016.44,994.815,1008.68]",997.5836788259282,-0.009055812388433816,0.009055812388433816,1000.5641448227071,1012.8361885106261,0.0150592068665385,fc6ed5692c5e33a9fffe770a3a11e12d0b94dbf5a1eec4c0ae7c81aee87c07d7
6,14,0.325,6000,62.0265,18.407369981294757,0.2376381246167764,"[64.08,61.335,61.02,62.755,61.075,63.315,61.08,60.28,63.8,59.695,63.59,62.53,61.165,62.035,60.46,61.31,62.365,60.595,61.565,62.355,63.995,63.625,64.66,62.055,60.75,64.04,59.79,61.935,63.505,60.035]",61.854946659286234,-0.002765807206819088,0.002765807206819088,61.03277131897105,63.02022868102895,0.01849060287674742,fc6ed5692c5e33a9fffe770a3a11e12d0b94dbf5a1eec4c0ae7c81aee87c07d7
6,14,0.525,6000,87.49416666666667,31.42922098876907,0.4057494982459174,"[86.61,84.94,89.97,89.705,87.345,91.54,86.76,89.23,82.605,85.28,85.955,89.975,89.67,86.125,85.665,90.56,87.33,88.425,91.4,82.31,82.9,90.54,85.92,88.815,88.785,84.665,91.445,89.7,87.58,83.075]",87.68453809309979,0.002175818499516544,0.002175818499516544,85.79744853959723,89.19088479373612,0.021994704803274256,fc6ed5692c5e33a9fffe770a3a11e12d0b94dbf5a1eec4c0ae7c81aee87c07d7
6,14,0.725,6000,138.40133333333333,63.44663251440898,0.8190925036708266,"[138.895,132.08,134.84,146.745,143.7,137.83,135.125,141.295,147.09,137.43,143.29,145.865,137.27,142.73,137.64,136.015,138.85,130.32,140.805,140.0,141.98,140.915,140.365,135.585,137.97,131.895,133.85,134.91,135.36,131.395]",139.2046818060634,0.005804485068039413,0.005804485068039413,134.97614339537148,141.82652327129517,0.031328042899445574,fc6ed5692c5e33a9fffe770a3a11e12d0b94dbf5a1eec4c0ae7c81aee87c07d7
6,14,0.94,6000,229.9415,124.99321966374943,1.6136555271551565,"[239.2,217.95,256.255,229.62,239.745,238.68,219.7,248.69,233.95,231.135,221.415,228.81,219.695,234.975,238.68,227.865,236.575,216.905,211.16,224.365,233.625,246.835,220.305,219.92,234.995,232.925,229.915,224.35,216.455,223.55]",233.93972830642855,0.017388023938386756,0.017388023938386756,223.19369477631847,236.68930522368152,0.04814667162026964,fc6ed5692c5e33a9fffe770a3a11e12d0b94dbf5a1eec4c0ae7c81aee87c07d7
6,14,1.0,6000,240.0105,134.27102879851793,1.7334315280493213,"[245.605,241.225,239.26,231.19,249.62,246.8,252.845,228.22,237.59,229.04,244.27,245.58,231.855,228.76,259.61,229.63,246.8,219.15,241.65,254.48,239.725,230.535,245.68,253.655,252.575,240.7,241.31,239.09,233.775,220.09]",241.50034454331396,0.0062074140227779614,0.0062074140227779614,232.76182881645022,247.2591711835498,0.037542735298555785,fc6ed5692c5e33a9fffe770a3a11e12d0b94dbf5a1eec4c0ae7c81aee87c07d7
6,14,1.06,6000,231.9185,127.97080114388426,1.6520959387702827,"[230.73,243.745,234.67,230.92,230.09,230.05,232.52,236.525,238.845,237.385,235.93,238.955,209.725,225.875,261.295,222.59,237.285,218.51,227.1,229.235,226.48,246.23,218.445,230.82,232.68,226.995,227.295,241.705,230.51,224.415]",227.60994918379947,-0.018577866001205263,0.018577866001205263,225.00994893810707,238.82705106189292,0.04696746799920282,fc6ed5692c5e33a9fffe770a3a11e12d0b94dbf5a1eec4c0ae7c81aee87c07d7
6,14,1.275,6000,174.30366666666666,76.32271382751372,0.9853219986377173,"[174.25,165.23,178.68,182.62,166.34,183.71,176.215,173.255,179.045,170.425,172.83,176.16,179.095,190.83,176.705,177.625,168.22,169.445,172.17,177.215,172.74,172.215,173.305,171.805,179.855,169.73,166.47,168.035,175.085,169.805]",175.33292006433646,0.005904944040208402,0.005904944040208402,170.18335671356436,178.42397661976895,0.030258912799794757,fc6ed5692c5e33a9fffe770a3a11e12d0b94dbf5a1eec4c0ae7c81aee87c07d7
6,14,1.675,6000,116.60566666666666,37.766394470668075,0.4875620561039911,"[117.6,113.695,119.94,116.91,115.985,121.48,118.89,112.55,114.745,116.535,116.69,115.785,117.03,118.215,109.86,116.965,120.005,118.34,119.335,119.745,117.1,115.565,115.325,122.36,115.985,119.795,112.615,112.09,112.04,114.995]",116.67997688337786,0.0006372779199798502,0.0006372779199798502,114.56683388378173,118.6444994495516,0.01844463120749018,fc6ed5692c5e33a9fffe770a3a11e12d0b94dbf5a1eec4c0ae7c81aee87c07d7
6,14,1.875,6000,101.06016666666666,29.61556561888883,0.38233530810156463,"[96.755,98.2,100.135,103.965,97.995,99.39,102.38,103.065,102.23,100.47,101.87,101.42,100.12,103.285,97.735,103.575,102.765,102.5,103.34,100.835,100.825,101.445,98.45,99.905,96.185,101.87,102.735,102.825,103.955,101.58]",100.29562921562795,-0.007565171088233304,0.007565171088233304,99.46135939597613,102.65897393735719,0.023021316413812554,fc6ed5692c5e33a9fffe770a3a11e12d0b94dbf5a1eec4c0ae7c81aee87c07d7
6,28,0.325,6000,124.59233333333333,26.508311708855228,0.34222083261490455,"[123.165,123.905,122.6,124.115,125.23,124.425,124.795,125.405,123.85,123.71,125.625,128.455,123.955,124.97,124.86,124.095,121.485,123.77,127.03,122.665,124.715,124.505,123.865,126.415,126.285,124.55,123.385,127.18,124.42,124.34]",122.16290677455272,-0.01949900522595509,0.01949900522595509,123.1612723149742,126.02339435169246,0.0306331026631953,fc6ed5692c5e33a9fffe770a3a11e12d0b94dbf5a1eec4c0ae7c81aee87c07d7
6,28,0.525,6000,175.947,47.40616079878521,0.6120109042710867,"[173.605,178.17,178.03,172.755,170.66,181.805,174.12,178.815,178.315,176.89,180.285,172.745,172.82,177.585,171.43,170.045,174.145,177.55,178.96,176.135,181.985,169.535,180.305,177.77,179.825,176.445,173.14,171.7,176.2,176.64]",175.73341302725737,-0.0012139279029630087,0.0012139279029630087,173.38776086420307,178.50623913579693,0.015533496879233222,fc6ed5692c5e33a9fffe770a3a11e12d0b94dbf5a1eec4c0ae7c81aee87c07d7
6,28,0.725,6000,305.5043333333333,106.58714330416144,1.3760341031228023,"[301.265,309.105,310.465,293.61,290.96,305.65,294.04,322.48,301.66,298.51,294.145,291.03,319.06,307.92,304.43,317.1,310.035,302.555,292.365,308.85,307.82,303.925,306.66,308.755,309.27,306.335,320.175,309.635,316.425,300.895]",304.71325666262896,-0.0025894122746900772,0.0025894122746900772,299.7501869540341,311.2584797126325,0.021028256181313876,fc6ed5692c5e33a9fffe770a3a11e12d0b94dbf5a1eec4c0ae7c81aee87c07d7
6,28,0.94,6000,836.6145,442.78855808871015,5.716375704562566,"[816.965,841.93,806.915,851.75,843.825,782.76,870.465,802.975,807.875,808.885,833.625,835.56,848.555,874.495,840.905,848.045,816.385,817.65,836.385,839.47,814.89,840.88,856.33,838.47,826.38,844.775,835.305,901.265,862.035,852.685]",838.0157213527152,0.001674870986237027,0.001674870986237027,812.7103958150277,860.5186041849723,0.031136953172981263,fc6ed5692c5e33a9fffe770a3a11e12d0b94dbf5a1eec4c0ae7c81aee87c07d7
6,28,1.0,6000,950.7335,517.6241412482779,6.682498928831652,"[911.53,931.0,1000.96,932.8,928.75,942.275,915.835,966.425,909.26,1009.03,931.115,922.205,952.155,957.32,949.53,907.715,973.145,992.315,953.46,941.8,950.45,918.35,1061.175,902.265,987.88,975.26,945.53,924.03,958.14,970.3]",966.7445584298621,0.016840742889423832,0.016840742889423832,922.7893691614232,978.6776308385769,0.04763296017203,fc6ed5692c5e33a9fffe770a3a11e12d0b94dbf5a1eec4c0ae7c81aee87c07d7
6,28,1.06,6000,856.9063333333334,442.65033165307165,5.714591208951788,"[882.69,876.17,869.825,824.685,863.755,893.98,839.535,890.225,827.725,846.195,881.365,881.48,856.925,873.395,858.47,871.675,819.77,858.43,844.215,841.885,886.435,813.61,814.955,859.68,843.765,868.02,831.55,830.01,872.775,883.995]",847.5450536848912,-0.01092450748033003,0.01092450748033003,833.0096913536466,880.80297531302,0.037758639060352484,fc6ed5692c5e33a9fffe770a3a11e12d0b94dbf5a1eec4c0ae7c81aee87c07d7
6,28,1.275,6000,518.8433333333334,181.59044845673282,2.344322609010875,"[517.9,525.49,527.78,511.455,517.935,512.43,541.42,492.015,537.42,522.3,502.74,522.77,525.55,526.77,524.905,526.095,523.8,510.12,507.105,526.14,504.39,524.155,529.05,517.01,514.68,516.555,495.775,534.095,507.985,519.465]",527.157499130866,0.016024424452209612,0.016024424452209612,509.04010576656333,528.6465609001034,0.0355912887001697,fc6ed5692c5e33a9fffe770a3a11e12d0b94dbf5a1eec4c0ae7c81aee87c07d7
6,28,1.675,6000,307.3913333333333,77.42049586781886,0.9994943038372752,"[306.225,307.495,302.735,313.29,302.715,315.395,307.59,315.495,297.4,302.21,305.39,305.49,311.44,311.725,308.18,313.09,310.57,313.37,305.65,305.985,306.345,313.615,306.745,304.4,308.96,301.54,302.55,306.19,307.44,302.515]",309.7079976606371,0.007536531047189957,0.007536531047189957,303.2117592104948,311.5709074561718,0.021424757625025048,fc6ed5692c5e33a9fffe770a3a11e12d0b94dbf5a1eec4c0ae7c81aee87c07d7
6,28,1.875,6000,259.48383333333334,58.905206695742955,0.7604629484583937,"[254.68,263.09,270.15,258.22,257.335,257.47,260.09,261.185,257.5,252.94,265.6,256.445,260.51,265.075,256.165,256.065,263.46,259.935,262.745,262.705,260.03,255.1,261.16,256.615,259.615,251.855,270.6,252.455,257.465,258.255]",260.635130388873,0.004436873930641759,0.004436873930641759,256.3038139489791,262.6638527176876,0.016899149385096957,fc6ed5692c5e33a9fffe770a3a11e12d0b94dbf5a1eec4c0ae7c81aee87c07d7
6,56,0.325,6000,249.3485,37.027123604150866,0.47801811025613283,"[248.65,249.05,249.58,255.345,248.735,248.68,249.5,250.775,246.465,250.745,249.955,248.455,248.615,251.975,251.065,249.67,249.595,246.335,253.015,251.835,250.18,247.945,249.895,247.395,244.965,248.855,243.085,244.645,255.15,250.3]",246.38976020607674,-0.011865881663307608,0.011865881663307608,247.349577028449,251.347422971551,0.01972434293084191,fc6ed5692c5e33a9fffe770a3a11e12d0b94dbf5a1eec4c0ae7c81aee87c07d7
6,56,0.525,6000,353.3711666666667,65.34916337769431,0.8436540715013257,"[348.235,345.13,345.275,342.69,358.8,352.98,355.45,347.865,356.28,357.93,354.11,351.55,356.19,347.84,356.89,349.395,357.935,354.905,355.86,356.25,360.0,353.96,351.075,359.085,355.38,350.59,351.72,357.97,352.835,356.96]",352.3648582962174,-0.0028477376350248052,0.0028477376350248052,349.84326789592154,356.8990654374118,0.012704452267582544,fc6ed5692c5e33a9fffe770a3a11e12d0b94dbf5a1eec4c0ae7c81aee87c07d7
6,56,0.725,6000,609.8571666666667,153.77622471149425,1.985242524500889,"[622.655,621.945,615.65,613.915,629.245,586.77,600.095,608.945,612.715,635.775,601.98,602.885,590.835,624.46,614.98,615.94,603.215,618.39,596.08,606.41,586.355,619.21,595.27,625.45,611.345,618.71,610.295,600.03,607.915,598.25]",610.9090909090909,0.0017248698546477247,0.0017248698546477247,601.5555002628595,618.1588330704739,0.015549006936424359,fc6ed5692c5e33a9fffe770a3a11e12d0b94dbf5a1eec4c0ae7c81aee87c07d7
6,56,0.94,6000,2440.497,1159.7608030010742,14.97244758535767,"[2274.495,2490.1,2353.34,2668.215,2398.1,2369.25,2537.665,2411.885,2382.715,2515.07,2433.095,2420.19,2472.125,2554.685,2427.61,2328.66,2293.12,2418.62,2381.285,2480.66,2569.58,2432.26,2373.335,2501.36,2407.76,2451.97,2524.27,2396.95,2488.62,2457.92]",2417.906602671905,-0.009256474123137499,0.009256474123137499,2377.886883821183,2503.107116178817,0.034037901516966174,fc6ed5692c5e33a9fffe770a3a11e12d0b94dbf5a1eec4c0ae7c81aee87c07d7
6,56,1.0,6000,3888.524,2142.9187810649846,27.664962504465944,"[3943.62,3786.26,3720.99,3798.13,4139.57,3817.635,3857.555,3887.375,3601.785,3808.765,3696.405,4119.905,4116.585,3928.22,3707.805,3809.745,4070.71,3691.71,3842.68,4134.58,3874.7,3626.38,3860.945,3713.785,4019.52,4112.22,3955.98,4032.83,4070.94,3908.39]",3868.4645942326606,-0.005158616937259301,0.005158616937259301,3772.837736507507,4004.2102634924927,0.033900734558687695,fc6ed5692c5e33a9fffe770a3a11e12d0b94dbf5a1eec4c0ae7c81aee87c07d7
6,56,1.06,6000,2910.2553333333335,1345.7033313652619,17.372955304378333,"[2826.075,2897.5,2927.485,2744.545,2966.635,2945.64,2949.725,3025.33,3103.05,3021.06,2897.04,2778.11,2914.72,3028.21,2858.035,2816.025,3103.655,2928.37,3002.77,2713.435,2944.6,2724.485,2996.94,3030.255,2893.69,2986.845,2876.465,2713.98,2883.54,2809.445]",2924.6653996525583,0.004951478364862198,0.004951478364862198,2837.607040943233,2982.903625723434,0.030680202527403777,fc6ed5692c5e33a9fffe770a3a11e12d0b94dbf5a1eec4c0ae7c81aee87c07d7
6,56,1.275,6000,1409.5996666666667,384.34102140765344,4.961821250587301,"[1393.24,1409.145,1366.46,1464.22,1381.915,1415.22,1410.54,1405.12,1402.765,1413.37,1413.305,1422.685,1408.89,1405.555,1394.74,1374.055,1456.26,1391.1,1445.115,1413.32,1410.825,1464.125,1401.46,1404.325,1360.52,1390.745,1448.56,1351.875,1451.155,1417.38]",1423.4066807877389,0.009794989632568592,0.009794989632568592,1388.8508743809216,1430.3484589524119,0.024880861613181038,fc6ed5692c5e33a9fffe770a3a11e12d0b94dbf5a1eec4c0ae7c81aee87c07d7
6,56,1.675,6000,761.155,146.16659132785233,1.8870025799489252,"[746.33,766.23,779.9,761.68,745.995,781.195,765.905,759.71,763.48,768.875,730.29,753.99,758.05,767.0,762.935,753.53,752.385,764.23,747.89,775.555,761.91,753.935,746.8,775.14,762.52,775.72,765.975,761.135,764.25,762.11]",766.19386692819,0.006620027363927232,0.006620027363927232,753.2641424707427,769.0458575292572,0.01716492758441568,fc6ed5692c5e33a9fffe770a3a11e12d0b94dbf5a1eec4c0ae7c81aee87c07d7
6,56,1.875,6000,624.3638333333333,105.69536749746395,1.3645213269631686,"[613.815,620.66,615.045,625.435,623.745,628.22,634.67,631.57,626.9,628.985,626.41,605.645,622.505,619.92,632.13,618.665,637.045,628.815,614.555,629.155,627.89,632.62,621.06,626.51,618.355,618.37,629.945,620.185,620.505,631.585]",630.8209261837496,0.010341875210713895,0.010341875210713895,618.657829801006,630.0698368656607,0.019660458167410466,fc6ed5692c5e33a9fffe770a3a11e12d0b94dbf5a1eec4c0ae7c81aee87c07d7
6,112,0.325,6000,498.3545,52.07117306399684,0.6722359536478133,"[500.695,491.655,496.485,498.195,503.6,496.9,491.79,499.415,506.795,490.775,507.05,502.25,498.18,494.62,496.285,497.21,495.085,499.4,495.88,507.105,500.495,500.405,493.11,499.19,497.205,498.29,496.38,497.475,501.27,497.445]",497.77777777777777,-0.0011572529639487588,0.0011572529639487588,495.5434184505392,501.16558154946074,0.006759849232281345,fc6ed5692c5e33a9fffe770a3a11e12d0b94dbf5a1eec4c0ae7c81aee87c07d7
6,112,0.525,6000,708.1858333333333,93.32675900635356,1.204843277957068,"[712.56,720.89,713.59,707.49,713.185,712.565,715.11,704.955,704.79,703.37,709.13,713.665,708.965,708.52,718.04,707.925,720.23,714.025,705.315,703.855,695.28,709.19,699.01,707.575,697.85,712.585,707.905,705.355,692.375,700.275]",707.3684210526316,-0.001154234160339422,0.001154234160339422,703.1475537080347,713.224112958632,0.008210170968154129,fc6ed5692c5e33a9fffe770a3a11e12d0b94dbf5a1eec4c0ae7c81aee87c07d7
6,112,0.725,6000,1223.8215,220.6760498050848,2.8489155526731063,"[1202.36,1241.16,1228.01,1222.495,1205.29,1236.055,1198.805,1226.215,1241.885,1264.795,1225.62,1217.385,1197.775,1223.485,1229.135,1207.2,1188.665,1221.325,1239.05,1185.59,1231.655,1234.055,1236.0,1228.335,1264.19,1241.295,1211.4,1227.885,1202.33,1235.2]",1221.8181818181818,-0.0016369365808806744,0.0016369365808806744,1211.9082217788134,1235.7347782211866,0.01126179876804756,fc6ed5692c5e33a9fffe770a3a11e12d0b94dbf5a1eec4c0ae7c81aee87c07d7
6,112,0.94,6000,5541.259166666667,2077.0241278177846,26.81426618903088,"[5606.7,5499.13,5413.395,5564.33,5667.115,5482.635,5522.105,5609.3,5328.68,5515.675,5789.35,5482.53,5398.015,5875.34,5667.435,5537.995,5598.89,5692.06,5410.78,5288.025,5650.035,5515.705,5380.295,5788.095,5601.97,5404.85,5336.67,5789.525,5369.475,5451.67]",5599.999999999995,0.010600629128968203,0.010600629128968203,5429.130250417411,5653.3880829159225,0.031472766668187324,fc6ed5692c5e33a9fffe770a3a11e12d0b94dbf5a1eec4c0ae7c81aee87c07d7
6,112,1.0,6000,15361.954,8603.728201834705,111.073653470003,"[14739.665,15323.86,14703.75,14349.86,14819.655,14953.15,15909.09,16529.185,14907.045,15467.9,15074.81,15933.69,15769.485,14379.99,15452.715,14848.96,15232.635,15140.79,15557.75,16176.24,15021.205,16209.65,15739.94,14096.915,15956.245,17006.865,15823.25,14753.08,15576.23,15405.015]",15476.831097957067,0.007478026425353652,0.007478026425353652,14897.478548774276,15826.429451225724,0.03888930246054678,fc6ed5692c5e33a9fffe770a3a11e12d0b94dbf5a1eec4c0ae7c81aee87c07d7
6,112,1.06,6000,8828.429333333333,3270.5997124002624,42.22326072745661,"[8774.36,8787.795,8638.345,8990.975,8675.32,9003.2,8779.67,8925.685,8936.85,9218.775,8619.02,8974.04,8965.715,8652.18,9002.31,8692.04,8732.1,8501.6,8748.725,8732.415,9104.275,8987.835,8824.705,8661.02,9001.94,8950.225,8673.205,8876.23,8793.085,8629.24]",9028.610672553821,0.0226746266705298,0.0226746266705298,8651.864797406699,9004.993869259968,0.04354504883849408,fc6ed5692c5e33a9fffe770a3a11e12d0b94dbf5a1eec4c0ae7c81aee87c07d7
6,112,1.275,6000,3545.254,728.1659431458324,9.40058190359742,"[3629.58,3577.77,3550.975,3481.495,3574.815,3568.18,3577.235,3484.9,3499.41,3488.41,3587.22,3526.155,3603.57,3492.165,3629.985,3407.0,3609.54,3585.47,3609.785,3482.68,3507.66,3469.61,3621.505,3591.105,3543.595,3557.55,3522.985,3517.09,3564.755,3495.425]",3529.3749514393076,-0.004478959352614045,0.004478959352614045,3505.943692064221,3584.5643079357787,0.015396391794196274,fc6ed5692c5e33a9fffe770a3a11e12d0b94dbf5a1eec4c0ae7c81aee87c07d7
6,112,1.675,6000,1767.4306666666666,242.95998872017734,3.136599967026629,"[1778.51,1775.24,1768.115,1742.67,1770.755,1758.015,1779.19,1731.46,1746.74,1752.04,1768.115,1778.585,1757.9,1763.95,1791.85,1771.505,1755.045,1752.435,1791.65,1778.26,1774.1,1766.815,1783.465,1791.795,1763.16,1768.58,1764.465,1732.51,1770.88,1795.12]",1756.6126287924353,-0.006120770720038422,0.006120770720038422,1754.3143817558373,1780.546951577496,0.013442118313058637,fc6ed5692c5e33a9fffe770a3a11e12d0b94dbf5a1eec4c0ae7c81aee87c07d7
6,112,1.875,6000,1424.6711666666667,174.61181971228663,2.2542288993221935,"[1419.3,1417.055,1409.335,1416.46,1402.805,1439.725,1441.785,1423.81,1425.435,1434.135,1423.945,1433.68,1412.15,1434.125,1415.825,1428.57,1419.855,1423.255,1437.95,1433.935,1425.21,1432.1,1426.49,1433.145,1436.73,1427.235,1408.325,1425.275,1406.825,1425.665]",1416.9102474389026,-0.00544751617731025,0.00544751617731025,1415.2446829554642,1434.0976503778693,0.011984820513748162,fc6ed5692c5e33a9fffe770a3a11e12d0b94dbf5a1eec4c0ae7c81aee87c07d7
7,14,0.325,6000,71.92,21.3558800396685,0.2757032257907983,"[71.49,71.595,71.745,71.21,71.18,73.21,72.26,72.975,72.16,70.935,70.615,72.095,72.435,72.79,75.015,72.405,72.625,68.655,72.055,71.615,70.865,72.585,73.615,73.84,73.485,72.495,69.465,73.145,68.37,70.67]",72.35290562186688,0.006019266154989984,0.006019266154989984,70.76709491222279,73.07290508777722,0.02240887112309875,fc6ed5692c5e33a9fffe770a3a11e12d0b94dbf5a1eec4c0ae7c81aee87c07d7
7,14,0.525,6000,101.42433333333334,36.30298324271632,0.4686694983889575,"[97.69,102.605,100.49,101.3,101.485,104.87,105.505,100.325,101.915,98.37,102.37,102.075,101.255,101.05,101.08,104.75,101.76,95.16,106.18,106.265,99.275,102.55,103.295,101.605,102.155,100.625,100.02,100.125,100.525,96.055]",101.94362303171584,0.005119971522769105,0.005119971522769105,99.46450334719955,103.38416331946712,0.024924667605914275,fc6ed5692c5e33a9fffe770a3a11e12d0b94dbf5a1eec4c0ae7c81aee87c07d7
7,14,0.725,6000,158.26816666666667,68.99073517675346,0.8906665612739079,"[155.34,157.445,154.17,149.55,161.32,156.98,165.355,173.705,154.27,163.555,160.775,160.28,150.665,158.08,147.66,158.07,171.97,158.53,164.49,163.2,155.73,157.52,160.1,161.5,147.98,161.59,153.235,151.45,151.535,161.995]",158.55859165820164,0.0018350183593560867,0.0018350183593560867,154.5436762945994,161.99265703873394,0.025979163042224807,fc6ed5692c5e33a9fffe770a3a11e12d0b94dbf5a1eec4c0ae7c81aee87c07d7
7,14,0.94,6000,250.6085,133.33135953826738,1.72130045006301,"[248.545,260.595,260.25,243.305,235.59,260.65,263.085,263.045,253.705,244.665,240.47,248.91,247.46,233.345,263.555,259.47,246.29,243.435,262.085,253.49,256.02,246.76,230.695,251.615,246.43,245.425,242.83,252.34,257.99,256.205]",250.8842097921896,0.0011001613759693551,0.0011001613759693551,243.41055720923748,257.8064427907625,0.030703896612535697,fc6ed5692c5e33a9fffe770a3a11e12d0b94dbf5a1eec4c0ae7c81aee87c07d7
7,14,1.0,6000,254.78966666666668,135.0028260953495,1.7428789905274156,"[248.0,244.82,261.215,266.13,252.61,246.135,242.775,260.5,264.955,261.315,258.645,265.9,236.9,244.945,249.315,244.89,255.825,267.38,252.71,258.28,252.165,255.155,254.53,266.9,245.96,267.45,250.865,246.365,271.935,249.12]",257.18088756127736,0.00938507799744894,0.00938507799744894,247.5014891352084,262.0778441981249,0.0391084452052779,fc6ed5692c5e33a9fffe770a3a11e12d0b94dbf5a1eec4c0ae7c81aee87c07d7
7,14,1.06,6000,248.9555,132.51123999320745,1.710712752263289,"[273.775,237.17,245.265,242.955,230.54,240.865,258.88,252.515,247.25,247.53,250.215,244.635,239.1,247.78,258.795,240.15,264.715,272.71,257.13,236.315,250.855,256.6,249.68,248.46,259.04,242.25,244.17,239.85,248.02,241.45]",244.6974721504646,-0.017103570114078256,0.017103570114078256,241.80183166640475,256.1091683335953,0.04455793698203869,fc6ed5692c5e33a9fffe770a3a11e12d0b94dbf5a1eec4c0ae7c81aee87c07d7
7,14,1.275,6000,195.92966666666666,83.97425200057097,1.0841029316947874,"[197.61,181.175,198.31,199.26,198.54,192.525,190.595,193.15,203.34,193.82,203.36,198.835,201.33,188.46,194.26,190.71,208.985,199.245,201.175,187.83,206.56,196.005,192.69,185.085,186.12,189.45,202.545,195.335,204.21,197.375]",198.71794484786278,0.014231015795784471,0.014231015795784471,191.39628559344882,200.4630477398845,0.0382539255227039,fc6ed5692c5e33a9fffe770a3a11e12d0b94dbf5a1eec4c0ae7c81aee87c07d7
7,14,1.675,6000,139.27366666666666,46.852701478444054,0.6048657751694715,"[137.815,140.04,145.285,138.33,138.36,140.305,137.61,142.635,133.7,141.75,138.87,136.285,138.41,136.12,141.84,136.65,140.305,132.665,139.355,139.415,142.17,141.72,138.41,138.88,137.43,141.485,137.34,142.795,141.39,140.845]",140.3136701234594,0.00746733737743722,0.00746733737743722,136.74430623711427,141.80302709621904,0.026102468062954243,fc6ed5692c5e33a9fffe770a3a11e12d0b94dbf5a1eec4c0ae7c81aee87c07d7
7,14,1.875,6000,121.515,37.61852780132404,0.4856531056112291,"[121.12,125.02,121.575,119.565,121.605,121.69,123.66,120.075,122.5,117.04,120.575,120.68,123.015,120.585,124.135,120.965,122.295,115.705,120.44,117.97,124.63,119.715,124.36,127.01,122.43,117.89,120.825,124.795,120.51,123.07]",122.23002733660987,0.005884272201866967,0.005884272201866967,119.48414985398523,123.54585014601477,0.022981102397098052,fc6ed5692c5e33a9fffe770a3a11e12d0b94dbf5a1eec4c0ae7c81aee87c07d7
7,28,0.325,6000,145.1125,30.961577483983536,0.3997122465592626,"[144.395,145.36,148.82,143.955,142.5,143.015,145.675,140.53,143.855,145.005,147.31,146.12,144.01,141.145,148.645,145.305,148.695,146.865,144.31,144.575,146.24,141.44,145.54,145.16,142.14,144.21,145.865,147.12,147.995,147.575]",142.71253261432008,-0.016538667486811466,0.016538667486811466,143.44102778061182,146.7839722193882,0.027737630638465127,fc6ed5692c5e33a9fffe770a3a11e12d0b94dbf5a1eec4c0ae7c81aee87c07d7
7,28,0.525,6000,206.69766666666666,54.93391075022733,0.7091937382589167,"[210.845,205.62,202.93,212.275,204.945,210.885,203.455,202.685,206.625,205.895,207.105,205.86,206.91,207.35,205.41,206.215,203.57,208.945,209.59,206.395,207.59,213.26,201.875,209.865,206.86,207.525,201.895,211.58,200.005,206.965]",205.40946811155422,-0.006232283972464345,0.006232283972464345,203.73203916371224,209.66329416962108,0.020288844906850678,fc6ed5692c5e33a9fffe770a3a11e12d0b94dbf5a1eec4c0ae7c81aee87c07d7
7,28,0.725,6000,354.21816666666666,124.41177845529187,1.606149153431307,"[355.555,354.54,355.92,362.38,342.89,364.7,349.56,357.075,345.68,360.99,344.83,366.93,350.82,345.33,355.97,368.415,347.395,346.725,342.77,354.7,341.59,343.575,360.82,359.15,352.995,347.07,357.58,367.875,342.985,379.73]",354.5492482381004,0.0009346826407842124,0.0009346826407842124,347.5017507618158,360.9345825715175,0.020280466100774053,fc6ed5692c5e33a9fffe770a3a11e12d0b94dbf5a1eec4c0ae7c81aee87c07d7
7,28,0.94,6000,908.5031666666666,455.91224592674615,5.885801786021027,"[868.06,947.42,949.53,895.62,866.325,946.045,934.44,868.5,969.5,918.22,890.425,845.35,907.995,887.86,951.975,882.15,901.16,916.38,928.335,936.91,905.73,849.285,909.925,916.965,940.055,910.55,881.39,954.54,902.04,872.415]",918.230652995943,0.010707157317862679,0.010707157317862679,883.890575336666,933.1157579966673,0.038851050817231725,fc6ed5692c5e33a9fffe770a3a11e12d0b94dbf5a1eec4c0ae7c81aee87c07d7
7,28,1.0,6000,1034.4363333333333,549.9796467887418,7.100206709219448,"[1056.03,1049.425,989.495,1092.23,998.585,991.655,1014.83,1055.975,1099.725,1085.455,1048.775,971.18,1045.69,1044.36,1038.135,1029.57,1005.75,1045.81,1043.695,1038.875,1047.825,1009.1,1017.33,1040.57,994.005,978.685,1074.385,1041.65,1100.34,983.955]",1030.066187950587,-0.004224663463496274,0.004224663463496274,1004.7454785533448,1064.1271881133218,0.032008391988484375,fc6ed5692c5e33a9fffe770a3a11e12d0b94dbf5a1eec4c0ae7c81aee87c07d7
7,28,1.06,6000,933.5243333333333,460.12605671985983,5.940201849440355,"[928.025,927.44,885.825,942.24,938.48,983.36,921.1,941.85,942.455,930.735,893.81,999.815,975.47,921.59,909.77,922.41,928.47,955.9,898.98,953.575,946.32,998.94,870.525,920.385,963.995,940.595,878.2,929.18,904.715,951.575]",924.7635455983468,-0.009384637788395246,0.009384637788395246,908.6842578681302,958.3644087985364,0.03506063339968313,fc6ed5692c5e33a9fffe770a3a11e12d0b94dbf5a1eec4c0ae7c81aee87c07d7
7,28,1.275,6000,614.0173333333333,223.79746330924493,2.8892128277339033,"[625.555,604.81,597.515,619.815,606.11,636.785,610.15,583.91,600.83,597.645,600.96,621.97,604.985,606.67,615.25,627.71,619.22,603.73,633.56,605.6,618.895,589.275,638.67,600.34,623.365,613.225,632.975,613.405,657.26,610.33]",624.8672135172136,0.017670315795450278,0.017670315795450278,601.9355444488858,626.0991222177809,0.03809655249603727,fc6ed5692c5e33a9fffe770a3a11e12d0b94dbf5a1eec4c0ae7c81aee87c07d7
7,28,1.675,6000,383.98133333333334,101.19044043664162,1.3063629686883553,"[381.76,391.29,385.495,383.855,385.02,389.515,376.205,369.47,394.955,382.545,380.125,379.64,379.83,384.755,385.705,380.76,391.615,398.555,386.29,385.995,391.705,381.255,390.17,375.61,383.275,383.625,390.015,381.865,375.49,373.05]",384.8060108262544,0.002147702039997783,0.002147702039997783,378.51852995566315,389.4441367110035,0.016610761093592163,fc6ed5692c5e33a9fffe770a3a11e12d0b94dbf5a1eec4c0ae7c81aee87c07d7
7,28,1.875,6000,327.6711666666667,77.38992765290956,0.9990996698797187,"[330.245,329.775,327.075,324.745,322.675,332.66,326.65,316.52,326.275,334.3,329.355,326.795,328.075,332.075,322.09,327.0,320.16,340.225,328.68,327.62,327.5,321.45,334.825,326.855,329.655,318.04,330.495,332.44,329.735,326.145]",326.84226352888993,-0.0025296798195856805,0.0025296798195856805,323.49324278022334,331.84909055311005,0.015087662334330898,fc6ed5692c5e33a9fffe770a3a11e12d0b94dbf5a1eec4c0ae7c81aee87c07d7
7,56,0.325,6000,290.39383333333336,43.85448587424215,0.5661589781580942,"[291.595,289.96,287.93,285.815,293.735,291.7,291.195,287.47,289.795,290.28,288.73,294.035,290.555,286.06,292.32,291.165,290.635,285.685,291.25,287.67,288.455,288.2,294.27,292.81,293.325,294.03,290.21,294.605,290.435,287.895]",287.0165557620237,-0.011629990666616526,0.011629990666616526,288.02633268281687,292.76133398384985,0.01962273550148208,fc6ed5692c5e33a9fffe770a3a11e12d0b94dbf5a1eec4c0ae7c81aee87c07d7
7,56,0.525,6000,412.4816666666667,77.20013368293046,0.9966494402632531,"[414.72,410.015,410.58,419.205,418.16,403.14,406.605,408.875,415.81,419.94,409.535,413.005,419.07,419.55,406.635,410.735,410.015,417.425,408.865,420.795,415.48,410.555,406.405,410.955,414.985,410.42,403.72,411.595,408.76,418.895]",410.8277649262202,-0.004009636970806345,0.004009636970806345,408.3139888779356,416.64934445539774,0.01397237174772692,fc6ed5692c5e33a9fffe770a3a11e12d0b94dbf5a1eec4c0ae7c81aee87c07d7
7,56,0.725,6000,712.9163333333333,180.45987909010623,2.329727021248618,"[693.92,687.59,728.46,703.29,703.605,726.97,706.205,734.08,735.12,699.22,722.675,702.595,717.635,697.495,723.01,717.54,714.95,706.58,717.53,717.44,694.72,731.545,705.01,719.28,716.73,704.18,724.96,713.62,713.83,707.705]",712.7272727272726,-0.00026519325932221165,0.00026519325932221165,703.1741399722457,722.658526694421,0.013742664896760903,fc6ed5692c5e33a9fffe770a3a11e12d0b94dbf5a1eec4c0ae7c81aee87c07d7
7,56,0.94,6000,2761.6886666666664,1258.562065672732,16.247966401729652,"[2679.235,2710.565,2790.085,2838.74,2932.08,2997.74,2888.355,2621.94,2793.9,2731.285,2661.805,2796.275,2754.89,2759.85,2774.38,2860.765,2801.805,2594.925,2791.07,2719.605,2892.25,2715.33,2836.645,2651.025,2743.075,2723.315,2567.34,2796.24,2873.39,2552.755]",2735.9192267835065,-0.009331044514247676,0.009331044514247676,2693.7447277560595,2829.6326055772734,0.03311856762219079,fc6ed5692c5e33a9fffe770a3a11e12d0b94dbf5a1eec4c0ae7c81aee87c07d7
7,56,1.0,6000,4134.386,2181.3690715179373,28.161353619736357,"[4195.575,4409.33,4085.325,4244.255,4299.66,4255.865,3972.065,4393.97,4289.745,4060.11,4093.025,4006.35,4076.885,4465.105,3972.56,3930.18,4212.88,4366.715,4145.535,3856.535,4195.245,4045.445,4062.03,4112.88,4150.445,3729.605,4201.88,4312.17,3805.665,4084.545]",4122.950027213303,-0.0027660631558586147,0.0027660631558586147,4016.6239833469085,4252.148016653092,0.03038417029082685,fc6ed5692c5e33a9fffe770a3a11e12d0b94dbf5a1eec4c0ae7c81aee87c07d7
7,56,1.06,6000,3270.1058333333335,1465.2540860053584,18.916348910203745,"[3388.505,3307.78,3077.875,3236.91,3226.27,3541.075,3167.505,3237.655,3310.95,3273.395,3349.465,3288.555,3308.935,3226.75,3129.985,3328.83,3304.52,3331.875,3119.735,3174.95,3238.7,3260.0,3190.44,3413.36,3283.36,3427.25,3481.975,3082.505,3185.09,3208.975]",3283.921337385032,0.004224788051466801,0.004224788051466801,3191.003549208116,3349.208117458551,0.029118672776147436,fc6ed5692c5e33a9fffe770a3a11e12d0b94dbf5a1eec4c0ae7c81aee87c07d7
7,56,1.275,6000,1737.7916666666667,489.9911657240739,6.325758748793655,"[1768.035,1718.615,1754.845,1748.705,1707.32,1778.375,1751.045,1675.625,1777.11,1733.935,1765.18,1698.94,1762.965,1724.025,1697.68,1687.635,1695.46,1767.715,1686.955,1728.67,1749.725,1719.665,1773.2,1787.975,1719.41,1774.64,1729.175,1747.525,1755.425,1748.175]",1757.012902557668,0.01106072509132831,0.01106072509132831,1711.33931223876,1764.2440210945736,0.026688798645756684,fc6ed5692c5e33a9fffe770a3a11e12d0b94dbf5a1eec4c0ae7c81aee87c07d7
7,56,1.675,6000,980.0703333333333,191.32031334110442,2.4699346245376073,"[964.845,989.42,974.14,985.725,982.16,957.045,980.87,991.715,972.995,1002.35,967.375,979.25,947.875,959.94,982.54,989.54,990.83,988.09,997.185,984.175,978.72,973.175,973.83,970.51,992.8,983.02,974.925,1010.125,993.68,963.26]",982.0738293258942,0.0020442369536344458,0.0020442369536344458,969.7418354097464,990.3988312569203,0.01271678034900603,fc6ed5692c5e33a9fffe770a3a11e12d0b94dbf5a1eec4c0ae7c81aee87c07d7
7,56,1.875,6000,808.9455,144.77737257948323,1.869067843026683,"[818.685,818.28,809.05,824.77,808.14,821.915,810.08,805.98,792.405,822.25,803.07,812.77,805.31,807.795,807.08,807.79,813.26,795.71,810.52,826.72,805.435,817.79,801.545,811.49,797.94,793.865,830.475,792.59,797.685,797.97]",816.5168460122687,0.00935952547145474,0.00935952547145474,801.129639959025,816.7613600409751,0.019206886483479346,fc6ed5692c5e33a9fffe770a3a11e12d0b94dbf5a1eec4c0ae7c81aee87c07d7
7,112,0.325,6000,581.7501666666667,62.280424092779086,0.8040368176868953,"[577.67,581.17,582.725,579.25,583.255,584.04,583.835,586.435,580.895,584.56,582.67,576.825,581.875,575.685,573.655,582.995,580.715,583.785,587.055,584.825,575.84,585.735,581.46,583.59,582.855,582.98,575.62,578.9,590.785,580.82]",580.7407407407406,-0.0017351536514547095,0.0017351536514547095,578.3879349219616,585.1123984113718,0.00747148356879912,fc6ed5692c5e33a9fffe770a3a11e12d0b94dbf5a1eec4c0ae7c81aee87c07d7
7,112,0.525,6000,826.239,111.28551848033615,1.4366898658279987,"[825.185,839.835,830.65,832.51,828.47,817.67,822.405,821.09,836.685,823.595,815.215,817.545,815.855,822.985,823.84,838.125,834.125,827.32,822.695,814.63,811.355,822.13,838.8,834.03,831.36,834.0,829.02,819.465,822.92,833.66]",825.2631578947369,-0.0011810651703237861,0.0011810651703237861,820.231210097941,832.246789902059,0.008391299422307208,fc6ed5692c5e33a9fffe770a3a11e12d0b94dbf5a1eec4c0ae7c81aee87c07d7
7,112,0.725,6000,1428.6885,256.6386935705324,3.313191287303668,"[1434.675,1389.555,1423.635,1438.115,1438.875,1434.535,1432.95,1434.955,1443.32,1407.02,1409.225,1417.04,1432.875,1427.42,1417.74,1431.975,1446.37,1395.47,1420.865,1425.35,1465.74,1422.22,1422.65,1438.37,1427.34,1420.915,1430.09,1438.15,1436.635,1456.58]",1425.4545454545453,-0.00226358268121757,0.00226358268121757,1414.8337651453198,1442.5432348546801,0.011846223383284782,fc6ed5692c5e33a9fffe770a3a11e12d0b94dbf5a1eec4c0ae7c81aee87c07d7
7,112,0.94,6000,6435.2155,2373.9021223028826,30.64694461735169,"[6156.52,6359.415,6755.525,6308.79,6579.825,6519.165,6416.465,6357.385,6284.775,6445.885,6266.485,6671.45,6427.775,6293.575,6580.555,6118.12,6163.69,6408.205,6445.86,6523.765,6511.39,6447.335,6535.23,6281.63,6561.335,6321.4,6820.955,6419.06,6239.035,6835.865]",6514.991581758386,0.012396800349325639,0.012396800349325639,6307.05951534358,6563.371484656421,0.032968147186332564,fc6ed5692c5e33a9fffe770a3a11e12d0b94dbf5a1eec4c0ae7c81aee87c07d7
7,112,1.0,6000,16520.251333333334,8894.81304542243,114.83154264183183,"[16893.8,16943.33,15506.665,15938.695,18144.93,16924.02,18215.425,16825.615,16630.48,16787.59,15397.405,16810.325,16516.41,15797.16,16629.405,17405.105,16497.75,15131.81,15655.085,16743.63,16554.23,15219.765,16073.705,16029.95,16635.585,15923.41,17513.35,16986.885,16758.595,16517.43]",16497.17065967512,-0.0013971139538078426,0.0013971139538078426,16040.061559095691,17000.441107570976,0.029603375860155046,fc6ed5692c5e33a9fffe770a3a11e12d0b94dbf5a1eec4c0ae7c81aee87c07d7
7,112,1.06,6000,10363.337,3870.4369517489768,49.967126188898625,"[10221.09,10308.77,10384.31,9867.47,10817.49,10525.63,10374.605,10115.475,10410.46,9981.25,10604.805,10391.06,10270.855,10505.34,10885.165,10207.38,10505.095,10448.42,10215.945,10534.995,10519.615,9900.965,10746.29,10095.295,10041.62,10479.55,10583.39,9851.73,10712.385,10393.66]",10574.463534746043,0.020372447093638182,0.020372447093638182,10154.390028706675,10572.283971293324,0.04136865974734194,fc6ed5692c5e33a9fffe770a3a11e12d0b94dbf5a1eec4c0ae7c81aee87c07d7
7,112,1.275,6000,4505.647833333333,980.6125418863744,12.65965347936017,"[4378.885,4313.04,4552.3,4585.7,4504.27,4613.445,4392.395,4501.335,4527.96,4469.87,4541.025,4442.51,4539.86,4708.09,4565.775,4543.325,4571.72,4607.785,4456.3,4439.47,4392.93,4501.41,4438.88,4507.01,4535.92,4513.83,4622.85,4455.86,4486.19,4459.495]",4514.012891742895,0.0018565717337417093,0.0018565717337417093,4452.709102333771,4558.586564332896,0.013767750823199476,fc6ed5692c5e33a9fffe770a3a11e12d0b94dbf5a1eec4c0ae7c81aee87c07d7
7,112,1.675,6000,2322.882666666667,337.46160367546224,4.356610570065043,"[2349.71,2300.56,2295.78,2320.155,2364.86,2341.18,2323.235,2321.975,2328.485,2337.72,2295.105,2310.245,2381.245,2297.92,2348.22,2284.4,2344.415,2322.65,2310.83,2313.02,2308.34,2290.185,2296.28,2343.095,2388.525,2322.525,2305.28,2314.185,2325.075,2301.28]",2320.0189774906253,-0.0012328169722627355,0.0012328169722627355,2304.6646770973202,2341.1006562360135,0.009005028762532175,fc6ed5692c5e33a9fffe770a3a11e12d0b94dbf5a1eec4c0ae7c81aee87c07d7
7,112,1.875,6000,1881.5758333333333,244.0149608790979,3.150219599034002,"[1869.76,1857.325,1868.47,1882.75,1887.62,1896.325,1844.775,1878.185,1849.905,1902.46,1899.24,1877.68,1887.57,1874.915,1878.67,1887.51,1883.31,1890.67,1850.9,1888.915,1888.45,1883.33,1881.62,1892.59,1890.35,1918.36,1866.01,1886.8,1904.16,1878.65]",1885.6068645222626,0.0021423697719310554,0.0021423697719310554,1868.4025953600583,1894.7490713066084,0.009208009668220773,fc6ed5692c5e33a9fffe770a3a11e12d0b94dbf5a1eec4c0ae7c81aee87c07d7
8,14,0.325,6000,82.84016666666666,25.015426878279317,0.32294777232615063,"[82.655,81.2,82.66,83.015,81.035,83.52,84.295,80.885,86.015,81.895,82.625,84.3,85.35,85.49,83.865,85.595,80.65,82.52,79.09,83.02,82.345,77.855,82.01,82.31,82.49,85.65,83.36,84.235,81.785,83.485]",82.83240349251699,-9.371268144486783e-05,9.371268144486783e-05,81.48969958840456,84.19063374492876,0.0164769769786155,fc6ed5692c5e33a9fffe770a3a11e12d0b94dbf5a1eec4c0ae7c81aee87c07d7
8,14,0.525,6000,115.0615,41.63239836772528,0.5374719518029095,"[117.645,117.965,118.655,121.715,112.84,117.76,117.835,117.82,113.49,110.665,113.54,110.445,113.965,120.365,113.975,112.555,115.61,110.01,112.75,115.79,117.985,113.32,110.525,115.92,113.57,116.235,117.42,113.565,113.415,114.495]",116.00236383016274,0.008177051665089892,0.008177051665089892,112.81395956591994,117.30904043408005,0.028262497624504723,fc6ed5692c5e33a9fffe770a3a11e12d0b94dbf5a1eec4c0ae7c81aee87c07d7
8,14,0.725,6000,177.8525,75.32266808740005,0.9724114636480309,"[181.205,168.355,177.565,175.375,177.4,178.575,183.0,176.91,183.325,182.06,181.07,168.735,172.06,178.905,179.85,177.815,168.985,180.71,175.37,175.745,176.37,178.305,178.7,172.32,190.615,190.15,181.025,175.45,176.77,172.855]",177.11956204259715,-0.004121043884133422,0.004121043884133422,173.78617788629583,181.91882211370415,0.026381327755669703,fc6ed5692c5e33a9fffe770a3a11e12d0b94dbf5a1eec4c0ae7c81aee87c07d7
8,14,0.94,6000,264.14416666666665,133.2751630805777,1.72057495691385,"[267.14,262.605,265.67,267.165,254.155,279.86,258.835,263.42,277.335,268.975,286.69,254.21,250.3,259.05,254.75,258.32,266.875,249.23,251.215,250.095,286.2,254.85,269.505,267.235,264.275,276.905,253.895,264.025,279.905,261.635]",267.19447602302006,0.011547895964716526,0.011547895964716526,256.9492576624709,271.33907567086237,0.03987253535484925,fc6ed5692c5e33a9fffe770a3a11e12d0b94dbf5a1eec4c0ae7c81aee87c07d7
8,14,1.0,6000,274.08433333333335,141.9210255181953,1.8321925610288277,"[267.115,298.32,279.94,265.38,295.935,267.93,277.935,267.635,269.305,282.32,282.71,268.255,276.155,263.285,265.42,278.505,287.245,280.245,271.51,289.96,256.245,277.87,253.86,275.975,271.195,273.28,266.525,281.485,265.975,265.015]",272.6293628152623,-0.005308477505357971,0.005308477505357971,266.4226742455992,281.7459924210675,0.03235761945525906,fc6ed5692c5e33a9fffe770a3a11e12d0b94dbf5a1eec4c0ae7c81aee87c07d7
8,14,1.06,6000,267.83566666666667,134.9136573654159,1.7417278271739647,"[267.0,265.72,264.755,274.93,277.355,278.355,258.96,261.84,272.255,272.625,247.46,273.875,260.395,278.155,281.345,256.26,283.835,262.995,243.775,279.615,264.905,275.315,280.705,254.315,268.1,262.61,273.495,255.535,273.72,264.865]",261.1840564019571,-0.024834669510195587,0.024834669510195587,260.5523029420953,275.119030391238,0.050650709147471384,fc6ed5692c5e33a9fffe770a3a11e12d0b94dbf5a1eec4c0ae7c81aee87c07d7
8,14,1.275,6000,218.8015,92.64013959219088,1.1959790594362854,"[226.79,216.545,207.725,221.12,217.59,210.63,215.51,221.545,218.055,222.695,220.7,212.58,224.915,221.465,223.43,218.315,214.945,214.145,214.435,226.335,215.06,226.475,225.375,222.075,228.885,216.805,219.03,209.95,210.79,220.13]",219.83331619487038,0.0047157638081565855,0.0047157638081565855,213.80028777789363,223.80271222210638,0.02821805564286306,fc6ed5692c5e33a9fffe770a3a11e12d0b94dbf5a1eec4c0ae7c81aee87c07d7
8,14,1.675,6000,161.586,55.99607602997844,0.7229062330569027,"[160.325,164.605,156.635,160.675,160.775,156.325,162.87,158.02,162.87,162.06,158.745,161.015,161.95,155.45,166.71,166.595,159.985,156.03,159.565,164.49,161.115,163.69,161.295,166.66,165.17,161.33,160.695,161.755,166.675,163.5]",162.87898457102835,0.008001835375764866,0.008001835375764866,158.56303111130964,164.60896888869038,0.027219165964915026,fc6ed5692c5e33a9fffe770a3a11e12d0b94dbf5a1eec4c0ae7c81aee87c07d7
8,14,1.875,6000,143.10083333333333,44.687908515616826,0.5769184181927486,"[143.495,141.375,147.69,144.715,138.815,143.73,145.915,140.97,144.29,144.6,144.44,146.8,142.965,145.085,146.52,141.41,139.65,144.95,142.79,139.13,141.91,140.965,146.595,142.015,140.425,141.15,141.965,140.44,145.035,143.19]",143.7354336284209,0.004434637313462512,0.004434637313462512,140.68834005307153,145.51332661359513,0.021658465614136313,fc6ed5692c5e33a9fffe770a3a11e12d0b94dbf5a1eec4c0ae7c81aee87c07d7
8,28,0.325,6000,165.44766666666666,35.40003938350372,0.4570125432913219,"[162.415,169.925,164.35,164.125,160.205,168.475,166.2,163.115,167.335,165.05,162.51,166.38,166.295,168.925,160.89,170.385,161.195,162.575,164.03,167.015,166.075,165.865,166.0,165.635,163.075,166.685,165.2,168.315,169.165,166.02]",163.33290295768452,-0.012782070316185412,0.012782070316185412,163.53658243895302,167.3587508943803,0.024055198280229062,fc6ed5692c5e33a9fffe770a3a11e12d0b94dbf5a1eec4c0ae7c81aee87c07d7
8,28,0.525,6000,235.283,62.31268508728485,0.8044533053350716,"[228.13,231.1,233.535,243.505,230.37,236.085,229.15,235.06,240.085,236.695,226.255,231.565,239.435,237.12,240.35,235.14,242.255,227.06,237.55,233.345,240.285,227.22,241.335,237.25,242.06,231.345,236.2,233.11,235.165,240.73]",235.1457249927053,-0.0005834463488423549,0.0005834463488423549,231.9190266335667,238.6469733664333,0.014671245666090793,fc6ed5692c5e33a9fffe770a3a11e12d0b94dbf5a1eec4c0ae7c81aee87c07d7
8,28,0.725,6000,403.8466666666667,139.9126921183047,1.806265088324133,"[406.925,406.29,400.63,405.46,405.095,402.58,389.905,383.51,398.205,403.865,408.195,419.225,399.29,402.48,433.59,398.47,392.715,403.15,406.795,396.295,395.67,408.06,417.32,399.305,394.87,420.255,385.86,408.76,414.895,407.735]",403.9270388067502,0.0001990164751065047,0.0001990164751065047,396.2934282008121,411.39990513252127,0.019262521310522418,fc6ed5692c5e33a9fffe770a3a11e12d0b94dbf5a1eec4c0ae7c81aee87c07d7
8,28,0.94,6000,993.5591666666667,484.71031126534405,6.257583210885636,"[977.995,972.59,1025.85,996.36,979.135,1031.735,947.295,998.2,969.985,1011.08,1009.28,938.07,1004.415,1063.535,1010.675,992.82,1002.02,974.485,1015.445,1041.535,999.085,919.98,971.46,1021.615,983.265,1012.83,987.385,980.695,999.905,968.05]",993.8203864370931,0.0002629131502080965,0.0002629131502080965,967.3919011211648,1019.7264322121686,0.02731931628257267,fc6ed5692c5e33a9fffe770a3a11e12d0b94dbf5a1eec4c0ae7c81aee87c07d7
8,28,1.0,6000,1094.0041666666666,562.4612424492154,7.261343416309812,"[1070.03,1087.885,1097.275,1164.23,1120.05,990.56,1102.145,1118.565,1112.625,1179.355,1170.865,1069.755,1144.055,1090.235,1073.1,1055.93,1094.615,1079.31,995.565,1075.92,1139.585,1056.12,1041.435,1026.535,1054.66,1099.055,1132.395,1110.805,1109.71,1157.755]",1092.4595464153979,-0.0014118961319635971,0.0014118961319635971,1063.6394883254945,1124.3688450078387,0.028379742763344096,fc6ed5692c5e33a9fffe770a3a11e12d0b94dbf5a1eec4c0ae7c81aee87c07d7
8,28,1.06,6000,1012.7241666666666,492.2772127826046,6.355271489414775,"[977.85,976.865,962.52,1049.96,1036.465,1055.6,1067.735,1020.4,982.33,967.775,1016.07,957.64,926.925,985.44,1062.385,1015.49,1021.62,1022.95,1060.435,1035.955,1029.585,1045.29,1049.975,1018.185,971.425,1002.47,1071.95,962.155,1072.13,956.15]",997.0279922173687,-0.015498963060159944,0.015498963060159944,986.1483991422365,1039.2999341910968,0.040673477004142145,fc6ed5692c5e33a9fffe770a3a11e12d0b94dbf5a1eec4c0ae7c81aee87c07d7
8,28,1.275,6000,700.0641666666667,256.99302510340146,3.3177656877231283,"[721.485,691.805,691.925,680.37,681.59,713.83,691.32,686.825,707.56,720.01,696.245,719.2,686.745,717.65,682.86,705.915,675.485,732.955,718.305,707.69,714.695,685.425,694.25,698.72,673.76,687.56,697.845,682.88,720.215,716.805]",715.994577348279,0.02275564361116278,0.02275564361116278,686.190303093046,713.9380302402873,0.04343441479847243,fc6ed5692c5e33a9fffe770a3a11e12d0b94dbf5a1eec4c0ae7c81aee87c07d7
8,28,1.675,6000,460.71116666666666,122.01364253011273,1.5751893517641053,"[454.83,442.59,471.85,452.175,464.285,474.805,467.23,473.875,465.415,451.27,463.24,448.31,466.375,450.635,471.895,458.285,479.9,455.79,466.185,454.555,470.82,468.755,456.96,458.185,460.755,446.035,464.4,456.73,454.405,450.795]",460.4524192996998,-0.0005616259940885722,0.0005616259940885722,454.12421501728943,467.2981183160439,0.01464953259605084,fc6ed5692c5e33a9fffe770a3a11e12d0b94dbf5a1eec4c0ae7c81aee87c07d7
8,28,1.875,6000,395.9075,97.61294991827992,1.2601777646922558,"[387.98,380.66,394.69,390.59,405.855,399.345,398.245,399.68,396.845,399.845,399.97,393.615,394.035,402.83,392.065,392.68,396.765,397.365,396.16,395.575,402.07,397.795,392.195,407.105,401.665,395.85,389.565,394.605,385.77,395.81]",394.42373214432274,-0.0037477639490974173,0.0037477639490974173,390.6378287719969,401.17717122800315,0.016834056292405974,fc6ed5692c5e33a9fffe770a3a11e12d0b94dbf5a1eec4c0ae7c81aee87c07d7
8,56,0.325,6000,331.7945,50.61830010119056,0.6534794443508009,"[327.88,330.36,336.97,338.345,330.18,328.895,319.58,332.735,330.605,332.665,333.86,332.67,329.28,335.195,328.815,335.665,330.75,335.695,330.745,332.055,328.69,327.455,329.28,334.58,333.215,337.48,334.615,324.165,337.11,334.3]",327.6280968528116,-0.012557179661472443,0.012557179661472443,329.06185233514634,334.5271476648537,0.02062329129399665,fc6ed5692c5e33a9fffe770a3a11e12d0b94dbf5a1eec4c0ae7c81aee87c07d7
8,56,0.525,6000,472.9911666666667,89.17979177584134,1.1513061612202622,"[480.58,482.825,463.595,481.035,469.015,468.91,475.63,471.435,471.795,473.56,469.725,483.965,469.315,467.935,469.595,471.085,475.565,470.1,466.675,471.435,471.14,467.32,474.115,476.965,478.56,471.12,479.27,472.23,464.835,480.405]",469.34488369489145,-0.00770898745841674,0.00770898745841674,468.17676260210465,477.8055707312287,0.01770738466566879,fc6ed5692c5e33a9fffe770a3a11e12d0b94dbf5a1eec4c0ae7c81aee87c07d7
8,56,0.725,6000,812.0483333333333,203.13533910069452,2.6224659512106205,"[818.97,811.31,802.86,798.205,796.845,809.275,797.87,811.335,851.42,825.375,820.455,802.34,806.205,802.02,829.11,833.145,825.16,808.39,803.695,799.38,839.365,811.505,820.035,811.9,790.58,804.325,793.54,843.42,814.575,778.84]",814.5454545454545,0.003075089387685727,0.003075089387685727,801.0819968713603,823.0146697953063,0.016806591243687885,fc6ed5692c5e33a9fffe770a3a11e12d0b94dbf5a1eec4c0ae7c81aee87c07d7
8,56,0.94,6000,3059.2206666666666,1371.3121345878797,17.703563532370005,"[3125.015,3003.09,3072.43,3175.13,2929.125,2892.435,3115.6,3063.665,2874.24,3151.835,3011.11,2949.67,3119.025,3070.99,3019.395,2995.06,2952.705,2974.315,3067.73,2965.32,3164.225,3176.6,3117.565,3107.035,3237.685,3027.19,3126.82,3252.87,3116.635,2922.11]",3040.4229953018416,-0.006144594788354038,0.006144594788354038,2985.1898735567456,3133.2514597765876,0.02962687982960832,fc6ed5692c5e33a9fffe770a3a11e12d0b94dbf5a1eec4c0ae7c81aee87c07d7
8,56,1.0,6000,4295.897333333333,2157.309096741286,27.850740681002552,"[4246.795,4425.95,4445.515,4009.815,4220.06,4030.97,4703.255,4449.285,4268.2,4151.86,4452.955,4080.845,4143.23,4284.01,4268.615,4148.245,4551.89,4504.235,4142.325,4320.625,4275.745,4275.63,4318.515,4268.805,4501.56,4244.045,4409.16,4264.625,4238.5,4231.655]",4373.722375970289,0.018116131880779564,0.018116131880779564,4179.434203323183,4412.360463343483,0.04648671642985125,fc6ed5692c5e33a9fffe770a3a11e12d0b94dbf5a1eec4c0ae7c81aee87c07d7
8,56,1.06,6000,3633.0803333333333,1593.039963382603,20.566057493412316,"[3741.59,3776.495,3663.99,3699.755,3806.755,3665.13,3614.655,3521.54,3773.72,3751.305,3647.395,3589.62,3550.95,3694.55,3437.02,3555.705,3539.505,3622.855,3815.335,3696.875,3597.705,3460.545,3873.63,3509.985,3422.165,3431.275,3550.825,3806.88,3515.245,3659.41]",3611.508206266962,-0.0059376961385764005,0.0059376961385764005,3547.0794813242055,3719.081185342461,0.028924611675448908,fc6ed5692c5e33a9fffe770a3a11e12d0b94dbf5a1eec4c0ae7c81aee87c07d7
8,56,1.275,6000,2068.1948333333335,595.2985018103791,7.685270611779414,"[2152.28,2033.18,2008.6,2118.835,2025.435,2109.975,2129.71,2055.36,1991.355,2052.13,2073.14,2064.495,2017.27,2156.36,2093.595,2009.065,2008.92,2115.54,2056.29,2077.56,2036.235,2069.035,2100.155,2104.1,2040.75,2088.43,2060.5,2038.635,2074.695,2084.215]",2085.8670812241553,0.008544769383423741,0.008544769383423741,2036.0574233924417,2100.332243274225,0.024463778506168765,fc6ed5692c5e33a9fffe770a3a11e12d0b94dbf5a1eec4c0ae7c81aee87c07d7
8,56,1.675,6000,1199.94,248.14263679323454,3.2035076659473107,"[1158.85,1184.265,1218.43,1185.01,1222.95,1181.965,1186.27,1219.91,1217.76,1213.045,1220.855,1213.04,1182.4,1211.17,1213.23,1193.55,1166.875,1189.955,1223.4,1199.585,1190.73,1194.175,1194.455,1199.955,1177.99,1190.075,1180.35,1235.425,1223.195,1209.335]",1206.2217292514918,0.0052350361280494835,0.0052350361280494835,1186.5439279148427,1213.3360720851574,0.016584132178932176,fc6ed5692c5e33a9fffe770a3a11e12d0b94dbf5a1eec4c0ae7c81aee87c07d7
8,56,1.875,6000,1005.0203333333334,185.20448438611942,2.3909796122345734,"[1005.7,996.215,1009.62,1004.665,999.07,1010.3,991.03,990.325,1026.055,997.355,984.385,992.83,1023.43,1007.02,1010.435,1007.5,1021.665,1002.305,1010.885,999.15,997.88,1012.72,1009.07,994.78,1000.495,1007.97,1017.955,1003.365,1008.55,1007.885]",1011.3154072185213,0.0062636283828299555,0.0062636283828299555,995.0220006993566,1015.0186659673102,0.01637492086377268,fc6ed5692c5e33a9fffe770a3a11e12d0b94dbf5a1eec4c0ae7c81aee87c07d7
8,112,0.325,6000,664.542,73.2424943583298,0.9455565362816732,"[673.445,662.475,657.02,672.3,669.475,648.585,661.585,669.01,669.85,661.71,656.865,674.62,661.69,663.265,661.71,664.235,665.27,668.615,658.6,671.095,669.085,665.69,661.6,653.225,672.195,659.78,655.935,672.095,663.295,671.94]",663.7037037037037,-0.0012614647325471298,0.0012614647325471298,660.5879768349344,668.4960231650657,0.007168807734520666,fc6ed5692c5e33a9fffe770a3a11e12d0b94dbf5a1eec4c0ae7c81aee87c07d7
8,112,0.525,6000,942.77,125.08824329822222,1.6148822770011872,"[946.16,943.315,931.055,937.035,948.255,934.2,942.455,949.11,931.08,939.51,936.115,939.08,957.435,946.705,955.62,937.435,939.255,949.915,929.015,948.545,931.09,951.875,941.845,941.17,944.99,950.635,935.255,945.24,952.31,947.395]",943.1578947368422,0.00041144153594430583,0.00041144153594430583,936.0170648902431,949.5229351097569,0.007628952627521279,fc6ed5692c5e33a9fffe770a3a11e12d0b94dbf5a1eec4c0ae7c81aee87c07d7
8,112,0.725,6000,1627.4901666666667,288.0143733968603,3.7182495721146815,"[1628.225,1640.7,1626.585,1648.05,1638.525,1680.72,1663.315,1623.915,1606.14,1670.085,1613.62,1619.79,1613.655,1628.86,1602.655,1620.685,1595.075,1617.6,1625.835,1638.645,1632.05,1609.46,1647.465,1641.06,1626.835,1597.925,1623.74,1626.93,1621.3,1595.26]",1629.090909090909,0.0009835650359232883,0.0009835650359232883,1611.9416041243871,1643.0387292089463,0.010638912056518013,fc6ed5692c5e33a9fffe770a3a11e12d0b94dbf5a1eec4c0ae7c81aee87c07d7
8,112,0.94,6000,7316.344666666667,2725.8394546133754,35.190436040509034,"[7720.19,7398.16,7544.55,7583.365,7505.18,7324.235,7097.025,7369.53,7195.3,7421.97,6968.845,7300.87,7242.27,7289.98,7082.525,7544.36,7199.755,7162.895,7376.85,7362.205,7475.005,7174.65,7208.045,7395.99,7357.125,7254.965,7222.35,7197.3,7293.77,7221.08]",7381.299459935713,0.008878038997394467,0.008878038997394467,7169.189214873054,7463.50011846028,0.029586364469585957,fc6ed5692c5e33a9fffe770a3a11e12d0b94dbf5a1eec4c0ae7c81aee87c07d7
8,112,1.0,6000,17341.756166666666,8826.69131636034,113.9520949012574,"[15887.825,17257.27,17440.91,16770.47,15940.475,18748.785,17351.045,18275.58,16883.7,18185.31,17377.235,15910.97,18149.44,16672.095,17310.975,17486.815,17422.13,18264.35,17433.655,18460.475,17383.855,16906.615,17505.56,16114.215,18091.555,17108.01,17530.015,18227.525,16956.59,17199.235]",17502.65788449855,0.009278282792440525,0.009278282792440525,16865.243969184372,17818.26836414896,0.037794526807844564,fc6ed5692c5e33a9fffe770a3a11e12d0b94dbf5a1eec4c0ae7c81aee87c07d7
8,112,1.06,6000,11850.958833333334,4511.656548498261,58.245235587138005,"[12253.445,11957.91,12078.0,12119.37,11899.685,11371.145,12244.745,11816.76,11761.005,11800.41,11733.69,11649.84,11693.935,11346.595,11295.55,11740.325,11601.92,11635.87,11912.62,11868.57,11982.35,11987.985,11875.52,12171.845,12282.04,11891.235,11977.285,11627.9,11901.215,12050.0]",12000.90791838179,0.01265290742776801,0.01265290742776801,11607.39538479339,12094.522281873278,0.03390188070132716,fc6ed5692c5e33a9fffe770a3a11e12d0b94dbf5a1eec4c0ae7c81aee87c07d7
8,112,1.275,6000,5542.036666666667,1236.5207232009388,15.963413893991957,"[5588.935,5559.93,5619.435,5574.195,5445.47,5671.76,5452.71,5593.65,5457.785,5433.635,5587.41,5561.805,5278.7,5741.845,5468.355,5684.17,5632.48,5365.085,5508.82,5567.215,5567.625,5446.025,5566.655,5410.945,5572.285,5649.055,5554.55,5525.52,5558.83,5616.22]",5528.436896209616,-0.002453930075715409,0.002453930075715409,5475.282637786926,5608.790695546408,0.014326403622191841,fc6ed5692c5e33a9fffe770a3a11e12d0b94dbf5a1eec4c0ae7c81aee87c07d7
8,112,1.675,6000,2930.008,452.82046920630927,5.845887120192881,"[2967.275,2956.395,2921.61,2960.375,2859.16,2971.695,2929.44,2928.42,2962.34,2959.205,2898.52,2943.95,2920.05,2930.905,2899.02,2912.06,2944.1,2939.445,2916.31,2945.17,2925.595,2937.925,2908.24,2939.235,2964.035,2859.715,2882.71,2910.45,2967.74,2939.15]",2927.3941036748515,-0.0008921123509383897,0.0008921123509383897,2905.5623193805222,2954.4536806194774,0.009158910536364195,fc6ed5692c5e33a9fffe770a3a11e12d0b94dbf5a1eec4c0ae7c81aee87c07d7
8,112,1.875,6000,2392.532,324.43173956155886,4.188395747676731,"[2350.285,2378.45,2384.82,2406.095,2373.755,2424.06,2423.325,2395.325,2366.865,2338.645,2402.945,2424.64,2407.8,2368.59,2357.66,2411.12,2416.05,2386.19,2386.12,2368.355,2419.95,2403.11,2424.185,2403.65,2438.22,2379.58,2387.02,2362.785,2388.525,2397.84]",2396.4073312802007,0.0016197615246945488,0.0016197615246945488,2375.0174324672103,2410.04656753279,0.009006207078981365,fc6ed5692c5e33a9fffe770a3a11e12d0b94dbf5a1eec4c0ae7c81aee87c07d7
9,14,0.325,6000,93.19216666666667,28.636763946841366,0.3696990328512986,"[93.78,95.54,93.075,91.84,92.92,96.11,96.295,95.01,93.08,93.46,95.09,94.395,91.785,92.9,91.275,92.125,94.935,95.48,93.22,95.92,91.985,87.305,92.455,91.165,91.85,90.68,92.13,91.98,93.65,94.33]",93.28441420639714,0.0009898636659069634,0.0009898636659069634,91.64620036649724,94.73813296683609,0.017875414729128014,fc6ed5692c5e33a9fffe770a3a11e12d0b94dbf5a1eec4c0ae7c81aee87c07d7
9,14,0.525,6000,129.51433333333333,46.63694131556479,0.6020803234441169,"[129.955,127.935,132.415,128.285,130.88,130.945,122.37,121.36,132.96,129.43,131.325,136.245,128.025,129.4,126.5,133.37,127.37,127.05,129.775,129.67,127.26,133.61,131.9,130.755,131.645,130.995,128.49,127.495,130.195,127.82]",129.87128534663967,0.0027560811542584013,0.0027560811542584013,126.99662079602707,132.03204587063956,0.022635756231889514,fc6ed5692c5e33a9fffe770a3a11e12d0b94dbf5a1eec4c0ae7c81aee87c07d7
9,14,0.725,6000,196.95833333333334,84.45498823670452,1.090309209816333,"[201.77,189.81,199.16,198.79,210.84,203.99,193.52,200.27,206.07,197.89,182.535,201.815,197.01,198.34,194.38,193.515,189.315,189.25,190.505,196.825,190.4,205.445,193.185,190.475,210.08,192.885,190.695,194.57,195.425,209.99]",195.0238633666857,-0.009821721853087235,0.009821721853087235,192.3989995364868,201.5176671301799,0.03222448858193261,fc6ed5692c5e33a9fffe770a3a11e12d0b94dbf5a1eec4c0ae7c81aee87c07d7
9,14,0.94,6000,281.6188333333333,139.6313994054425,1.8026336150163833,"[267.24,290.48,282.985,280.71,283.83,295.12,284.74,263.04,291.19,275.125,299.495,302.585,272.93,287.46,282.065,282.16,275.38,282.35,276.225,274.905,295.475,282.205,277.82,289.34,280.15,276.27,267.155,273.445,273.22,283.47]",283.0520964184485,0.005089372284341256,0.005089372284341256,274.0807805586894,289.15688610797724,0.03273237853990296,fc6ed5692c5e33a9fffe770a3a11e12d0b94dbf5a1eec4c0ae7c81aee87c07d7
9,14,1.0,6000,289.8953333333333,143.90995352653533,1.857869511205849,"[290.08,279.295,282.92,280.605,288.425,299.285,291.77,279.36,292.705,282.31,292.895,280.425,290.9,291.79,290.335,300.275,275.985,292.26,286.335,308.29,282.685,291.01,282.69,297.8,296.385,290.55,296.98,289.095,298.43,294.99]",287.878494272313,-0.006957128415383258,0.006957128415383258,282.12630123096443,297.6643654357022,0.032875521223594495,fc6ed5692c5e33a9fffe770a3a11e12d0b94dbf5a1eec4c0ae7c81aee87c07d7
9,14,1.06,6000,282.2796666666667,136.23524309125096,1.7587894255297802,"[293.96,277.315,290.275,278.215,291.975,263.905,295.69,298.755,266.105,262.97,285.81,274.755,284.78,283.865,284.595,274.7,299.21,285.475,277.265,276.83,277.815,280.275,277.83,277.42,275.515,299.37,284.115,285.47,280.21,283.92]",277.2462801430545,-0.017831204716406045,0.017831204716406045,274.92495664756575,289.6343766857676,0.0427714993105025,fc6ed5692c5e33a9fffe770a3a11e12d0b94dbf5a1eec4c0ae7c81aee87c07d7
9,14,1.275,6000,239.40633333333332,101.62383149181463,1.3119580231519563,"[252.98,243.625,230.26,235.31,231.935,233.735,242.665,239.05,246.985,222.405,249.64,248.3,243.275,239.115,234.4,238.89,225.78,238.28,239.525,234.325,247.95,236.67,243.775,236.375,241.605,242.71,245.31,235.02,243.71,238.585]",239.39271672660723,-5.68765518292698e-05,5.68765518292698e-05,233.9201331791511,244.89253348751555,0.023395094184838205,fc6ed5692c5e33a9fffe770a3a11e12d0b94dbf5a1eec4c0ae7c81aee87c07d7
9,14,1.675,6000,181.3145,61.83057840977835,0.7982293348914781,"[175.71,186.025,183.855,187.06,184.745,177.065,183.195,174.12,179.065,182.5,175.515,183.25,184.36,180.05,178.065,183.27,181.41,189.545,174.345,183.695,176.33,183.985,180.845,178.675,182.155,186.885,180.035,184.0,178.1,181.58]",184.35747246522953,0.016782841224665015,0.016782841224665015,177.97655334098013,184.6524466590199,0.03585258285131743,fc6ed5692c5e33a9fffe770a3a11e12d0b94dbf5a1eec4c0ae7c81aee87c07d7
9,14,1.875,6000,163.96866666666668,52.48873081623653,0.6776266010494938,"[166.68,167.315,165.3,159.645,162.94,166.715,160.08,164.11,168.625,167.675,167.13,163.55,161.205,161.32,165.785,161.48,159.775,161.21,158.88,161.715,164.03,164.625,166.77,166.36,164.05,161.195,161.185,173.65,162.815,163.245]",164.64061036835653,0.004098000644573487,0.004098000644573487,161.13504310741266,166.8022902259207,0.021755461712987367,fc6ed5692c5e33a9fffe770a3a11e12d0b94dbf5a1eec4c0ae7c81aee87c07d7
9,28,0.325,6000,187.11366666666666,40.287333717914024,0.5201072418419385,"[190.87,190.38,187.03,185.03,192.405,184.445,191.21,186.635,186.64,186.455,187.79,180.41,186.52,188.445,188.815,183.735,188.83,188.745,185.58,182.83,190.54,183.925,186.845,192.26,184.15,186.065,188.55,184.48,186.44,187.355]",184.01447147495108,-0.016563168511024032,0.016563168511024032,184.93874004551665,189.28859328781667,0.027862861259929095,fc6ed5692c5e33a9fffe770a3a11e12d0b94dbf5a1eec4c0ae7c81aee87c07d7
9,28,0.525,6000,265.0145,71.07974168516421,0.9176355193312203,"[266.72,277.81,256.62,258.01,268.81,261.965,270.5,266.12,261.705,269.56,261.855,262.915,270.72,268.72,271.93,262.545,275.34,260.37,270.295,255.465,266.63,261.62,258.075,268.45,271.39,257.245,267.84,268.175,253.725,259.31]",264.92224078776684,-0.0003481289221275038,0.0003481289221275038,261.17723383843247,268.8517661615675,0.014615955215407483,fc6ed5692c5e33a9fffe770a3a11e12d0b94dbf5a1eec4c0ae7c81aee87c07d7
9,28,0.725,6000,454.60633333333334,158.8901424657438,2.0512629188211653,"[466.37,454.22,455.945,458.22,437.045,454.445,455.185,453.865,448.225,453.015,463.285,462.2,448.675,452.21,461.665,447.93,477.925,445.72,448.195,450.285,463.165,478.035,440.9,440.01,435.155,483.28,457.47,442.625,451.81,451.115]",452.86168860711206,-0.003837704401144026,0.003837704401144026,446.02859018689617,463.1840764797705,0.02228571403211721,fc6ed5692c5e33a9fffe770a3a11e12d0b94dbf5a1eec4c0ae7c81aee87c07d7
9,28,0.94,6000,1054.7116666666666,490.94311726304255,6.338048390316396,"[1055.05,1029.675,1089.55,1034.305,1087.29,1063.085,1043.37,1098.665,1096.045,1046.675,1113.905,1063.655,1011.59,1000.4,1057.685,1044.01,1050.805,1053.775,1026.315,1059.435,1012.575,1070.01,1056.41,1067.94,1076.485,1023.67,1050.86,1049.58,1054.675,1053.86]",1066.014749299235,0.01071675130729423,0.01071675130729423,1028.2079207826102,1081.215412550723,0.03676963360469787,fc6ed5692c5e33a9fffe770a3a11e12d0b94dbf5a1eec4c0ae7c81aee87c07d7
9,28,1.0,6000,1157.2355,560.0927866833308,7.230766783851479,"[1174.6,1142.545,1182.305,1135.545,1148.865,1159.0,1115.555,1174.06,1152.105,1160.96,1200.115,1111.81,1232.805,1188.735,1144.755,1107.905,1126.67,1134.585,1150.2,1170.105,1147.68,1237.42,1123.085,1148.2,1204.79,1193.4,1073.27,1222.575,1124.33,1129.09]",1154.0555296924722,-0.002747902486164493,0.002747902486164493,1126.9986836199175,1187.4723163800825,0.02814110798766134,fc6ed5692c5e33a9fffe770a3a11e12d0b94dbf5a1eec4c0ae7c81aee87c07d7
9,28,1.06,6000,1080.2531666666666,503.37572639824424,6.498552684084871,"[1057.02,1049.135,1103.89,1062.96,1130.035,1037.995,1078.905,1104.07,1035.865,1109.095,1121.41,1079.055,1090.305,1067.03,1060.39,1105.47,1092.93,1067.885,1044.33,1132.36,1067.35,1112.46,1115.905,1093.675,1070.32,1065.025,1134.085,1074.42,958.745,1085.475]",1066.0940819231703,-0.013107191147781578,0.013107191147781578,1053.0782417771236,1107.4280915562097,0.03732432827756327,fc6ed5692c5e33a9fffe770a3a11e12d0b94dbf5a1eec4c0ae7c81aee87c07d7
9,28,1.275,6000,787.5001666666667,283.80523292393923,3.6639098022697785,"[730.795,786.09,804.565,786.345,782.345,819.855,823.875,795.615,772.425,772.42,765.485,807.28,804.7,776.935,788.445,804.875,812.44,761.995,829.88,775.92,776.6,781.935,755.395,747.855,789.14,821.595,769.415,790.91,797.17,792.705]",801.5115140669684,0.017792183409444825,0.017792183409444825,772.1788361306255,802.8214972027079,0.03798689702935709,fc6ed5692c5e33a9fffe770a3a11e12d0b94dbf5a1eec4c0ae7c81aee87c07d7
9,28,1.675,6000,537.1956666666666,149.67035194140465,1.9322359349668772,"[529.8,539.79,543.295,530.6,540.53,523.24,533.765,545.565,540.74,520.01,535.73,547.94,561.725,525.59,548.17,529.255,527.32,545.07,529.245,531.31,541.985,543.215,532.075,534.33,531.51,544.845,552.435,523.48,542.92,540.385]",535.9914371825913,-0.002241696198980222,0.002241696198980222,529.1156573239409,545.2756760093923,0.01702668803191043,fc6ed5692c5e33a9fffe770a3a11e12d0b94dbf5a1eec4c0ae7c81aee87c07d7
9,28,1.875,6000,464.0858333333333,116.11780809533495,1.4990744565044702,"[449.62,478.145,469.7,480.13,462.145,476.665,459.07,457.695,461.63,469.055,459.95,468.045,454.765,468.88,464.735,469.36,455.615,470.385,462.16,465.215,466.44,463.385,452.815,461.785,463.995,459.805,466.305,466.98,464.91,453.19]",462.8870647497159,-0.0025830751501445025,0.0025830751501445025,457.81717048797265,470.354496178694,0.015876177414366865,fc6ed5692c5e33a9fffe770a3a11e12d0b94dbf5a1eec4c0ae7c81aee87c07d7
9,56,0.325,6000,372.04333333333335,57.59948268537799,0.7436061239687715,"[376.005,373.335,367.645,375.28,370.395,373.705,367.56,381.325,370.55,369.775,374.525,371.255,371.275,370.645,369.885,364.93,379.475,377.78,365.14,376.43,367.225,372.94,376.19,368.73,369.605,374.875,376.32,369.52,367.83,371.15]",368.2342143201539,-0.010238374597527458,0.010238374597527458,368.9338039429286,375.1528627237381,0.018442211405112152,fc6ed5692c5e33a9fffe770a3a11e12d0b94dbf5a1eec4c0ae7c81aee87c07d7
9,56,0.525,6000,531.8291666666667,99.61260007810898,1.2859931372497857,"[530.935,524.335,532.795,531.92,515.315,527.965,532.27,542.845,528.835,525.085,536.08,530.43,541.27,530.005,525.765,528.705,538.96,542.025,528.44,529.49,536.095,530.215,537.12,526.195,530.26,539.54,532.475,520.71,537.15,541.645]",527.9190998279814,-0.007352110571882058,0.007352110571882058,526.4515435847123,537.206789748621,0.01728885430689664,fc6ed5692c5e33a9fffe770a3a11e12d0b94dbf5a1eec4c0ae7c81aee87c07d7
9,56,0.725,6000,916.0313333333334,231.98170029070653,2.9948708728359557,"[922.965,923.945,904.555,919.585,932.5,905.255,930.435,932.885,931.155,889.85,895.105,894.705,931.675,904.265,919.45,914.07,924.975,886.895,907.48,923.215,900.34,907.365,916.205,907.33,936.93,912.21,927.99,914.295,946.41,916.9]",916.3636363636363,0.0003627638250033405,0.0003627638250033405,903.5077153864461,928.5549512802206,0.014228900050611504,fc6ed5692c5e33a9fffe770a3a11e12d0b94dbf5a1eec4c0ae7c81aee87c07d7
9,56,0.94,6000,3368.8553333333334,1496.7391730348027,19.322819635933506,"[3404.44,3522.26,3484.315,3483.935,3351.255,3653.29,3409.51,3497.815,3430.645,3442.66,3515.005,3349.715,3238.5,3404.435,3405.955,3306.5,3362.525,3419.335,3248.895,3259.46,3228.56,3377.145,3508.345,3328.1,3325.215,3145.545,3224.26,3253.22,3193.9,3290.92]",3333.951984893343,-0.01036059580672326,0.01036059580672326,3288.0533151321647,3449.657351534502,0.03354111868232079,fc6ed5692c5e33a9fffe770a3a11e12d0b94dbf5a1eec4c0ae7c81aee87c07d7
9,56,1.0,6000,4585.619333333333,2261.600277103609,29.19713403000119,"[4591.9,4819.7,4753.475,4747.33,4699.9,4639.475,4538.815,4403.255,4373.255,4529.36,4632.965,4676.875,4631.69,4682.835,4690.04,4453.67,4728.565,4298.32,4720.33,4626.255,4516.165,4308.23,4483.34,4802.82,4635.035,4451.07,4534.605,4533.005,4715.055,4351.245]",4621.305223976329,0.007782131059940314,0.007782131059940314,4463.526005353037,4707.712661313629,0.03534856040584722,fc6ed5692c5e33a9fffe770a3a11e12d0b94dbf5a1eec4c0ae7c81aee87c07d7
9,56,1.06,6000,3922.401,1721.0644964766734,22.218847108676698,"[3712.825,4012.51,3877.76,3985.815,3939.815,3841.39,3957.615,3971.825,3950.46,3910.225,3814.49,3823.61,4035.715,3996.595,3961.64,3947.335,3936.16,3840.275,3848.585,4078.965,4073.51,3803.66,4091.285,3958.91,4069.945,3902.24,3786.105,3894.51,3812.62,3835.635]",3917.953302949183,-0.001133922067329861,0.001133922067329861,3829.488696189762,4015.313303810238,0.024247174129268356,fc6ed5692c5e33a9fffe770a3a11e12d0b94dbf5a1eec4c0ae7c81aee87c07d7
9,56,1.275,6000,2390.384666666667,710.862493228427,9.177195325723934,"[2386.255,2423.45,2417.07,2368.455,2396.185,2400.65,2395.465,2334.065,2478.44,2388.9,2292.78,2395.95,2435.845,2307.8,2364.745,2323.79,2403.005,2348.705,2382.95,2423.395,2378.56,2472.06,2393.295,2418.065,2402.215,2424.495,2431.675,2465.72,2284.62,2372.935]",2407.808913612709,0.007289306691520917,0.007289306691520917,2352.008491878706,2428.7608414546276,0.02372458344715911,fc6ed5692c5e33a9fffe770a3a11e12d0b94dbf5a1eec4c0ae7c81aee87c07d7
9,56,1.675,6000,1442.9956666666667,305.7507016560214,3.9472245853500114,"[1444.405,1454.77,1471.78,1424.055,1452.12,1441.235,1446.765,1426.165,1433.06,1445.765,1447.995,1421.365,1432.795,1442.625,1398.555,1485.69,1480.8,1461.105,1448.925,1432.155,1454.555,1440.85,1431.16,1445.555,1430.87,1440.08,1399.835,1477.47,1457.075,1420.29]",1436.550328803383,-0.004466637019203531,0.004466637019203531,1426.489601879081,1459.5017314542524,0.015725505599777923,fc6ed5692c5e33a9fffe770a3a11e12d0b94dbf5a1eec4c0ae7c81aee87c07d7
9,56,1.875,6000,1216.2513333333334,234.40549798970912,3.026161966578665,"[1222.785,1226.77,1195.12,1255.675,1239.73,1215.65,1171.395,1241.16,1191.47,1166.325,1216.405,1235.99,1219.79,1210.28,1209.725,1196.945,1200.545,1239.12,1200.29,1213.705,1220.83,1213.41,1191.13,1252.08,1195.815,1238.68,1234.62,1223.975,1223.515,1224.61]",1213.2503606564967,-0.0024673951794256465,0.0024673951794256465,1203.5968657706153,1228.9058008960515,0.01273933301327057,fc6ed5692c5e33a9fffe770a3a11e12d0b94dbf5a1eec4c0ae7c81aee87c07d7
9,112,0.325,6000,746.1801666666667,80.94513816491788,1.0449972402306178,"[745.88,754.765,736.865,748.77,752.87,745.815,744.86,735.47,747.68,746.56,747.75,736.595,746.28,735.68,750.24,748.275,741.425,740.535,757.125,742.71,754.885,742.885,752.14,745.41,748.95,752.67,740.115,751.015,749.06,742.125]",746.6666666666666,0.0006519873104819567,0.0006519873104819567,741.8103134249451,750.5500199083882,0.006546624054469818,fc6ed5692c5e33a9fffe770a3a11e12d0b94dbf5a1eec4c0ae7c81aee87c07d7
9,112,0.525,6000,1061.1506666666667,141.4718900777439,1.8263942474252948,"[1056.36,1057.935,1082.535,1030.025,1059.855,1050.49,1074.865,1059.555,1051.31,1046.42,1066.3,1059.545,1066.775,1069.705,1076.67,1061.63,1066.595,1062.125,1061.6,1059.69,1046.83,1056.57,1075.51,1054.455,1066.26,1063.665,1062.935,1074.97,1059.21,1054.13]",1061.0526315789475,-9.238564399823277e-05,9.238564399823277e-05,1053.5132543219108,1068.7880790114225,0.007237587679336688,fc6ed5692c5e33a9fffe770a3a11e12d0b94dbf5a1eec4c0ae7c81aee87c07d7
9,112,0.725,6000,1831.5525,329.8960868947091,4.258940168407344,"[1814.85,1843.24,1859.78,1843.74,1819.68,1849.535,1829.095,1803.065,1847.09,1844.61,1804.425,1805.42,1828.34,1834.38,1797.235,1811.51,1867.065,1850.105,1833.995,1842.22,1888.61,1821.18,1850.37,1772.64,1858.51,1822.205,1823.055,1814.36,1848.13,1818.135]",1832.7272727272725,0.0006414081645339195,0.0006414081645339195,1813.742937654069,1849.362062345931,0.010466938108527168,fc6ed5692c5e33a9fffe770a3a11e12d0b94dbf5a1eec4c0ae7c81aee87c07d7
9,112,0.94,6000,8228.027833333334,3013.381403170222,38.90258663416469,"[8255.995,8249.79,8022.095,8761.7,8121.005,8725.265,8451.485,8116.49,7981.27,7957.67,7831.9,8509.1,8131.785,8070.19,8389.59,8425.695,8290.6,8118.06,8100.42,8405.7,8028.435,8302.325,8479.16,8282.67,8193.695,8035.785,7859.835,8437.59,8283.27,8022.265]",8235.999853174404,0.0009688858621472219,0.0009688858621472219,8065.349323027274,8390.706343639393,0.02115847972758078,fc6ed5692c5e33a9fffe770a3a11e12d0b94dbf5a1eec4c0ae7c81aee87c07d7
9,112,1.0,6000,18642.615833333333,9078.232348536341,117.19947566294232,"[19877.73,18309.615,18853.44,18443.39,18614.65,19410.145,18961.95,17804.4,19798.47,18452.67,18057.86,17728.01,17977.275,18526.45,19651.01,17934.86,19328.345,18217.3,18913.08,18590.94,18416.455,18829.81,19530.74,18519.795,18903.84,18844.88,18611.915,18033.08,17309.955,18826.415]",18495.387106318194,-0.007897428576084883,0.007897428576084883,18152.524100133392,19132.707566533274,0.03331052115853561,fc6ed5692c5e33a9fffe770a3a11e12d0b94dbf5a1eec4c0ae7c81aee87c07d7
9,112,1.06,6000,13117.693666666666,4964.603230238932,64.0927521041431,"[13301.95,12317.05,13062.445,12913.5,13039.15,12752.745,13181.08,12965.44,13118.615,13238.225,12661.92,13273.73,12885.48,12872.795,13323.49,13712.16,13211.335,13089.38,13174.03,13133.965,13391.06,13087.825,13493.525,13430.095,13184.845,13397.53,12976.005,13233.895,13054.125,13053.42]",13336.129647722977,0.01665201113907531,0.01665201113907531,12849.677723876866,13385.709609456466,0.03785713029535365,fc6ed5692c5e33a9fffe770a3a11e12d0b94dbf5a1eec4c0ae7c81aee87c07d7
9,112,1.275,6000,6613.307,1520.1084069935612,19.624515149053163,"[6695.63,6596.865,6612.945,6788.61,6708.885,6765.415,6624.61,6537.97,6648.78,6485.38,6560.065,6513.915,6535.88,6550.15,6567.255,6576.405,6571.22,6555.475,6570.72,6656.58,6763.975,6346.11,6614.66,6634.71,6650.235,6727.155,6621.725,6734.065,6669.665,6514.155]",6560.35833249916,-0.008006382812840869,0.008006382812840869,6531.243385054587,6695.370614945413,0.020165020013213075,fc6ed5692c5e33a9fffe770a3a11e12d0b94dbf5a1eec4c0ae7c81aee87c07d7
9,112,1.675,6000,3565.041333333333,570.5946868612909,7.3663457321607195,"[3585.845,3570.065,3575.195,3500.45,3584.365,3534.895,3650.195,3534.945,3555.82,3550.05,3581.945,3579.415,3573.6,3612.225,3484.76,3536.96,3618.96,3502.98,3559.44,3586.05,3569.5,3634.05,3517.255,3541.565,3493.195,3555.53,3557.43,3587.955,3623.445,3593.155]",3571.0219677195028,0.0016775778530953847,0.0016775778530953847,3534.237567985378,3595.845098681288,0.010408015597857201,fc6ed5692c5e33a9fffe770a3a11e12d0b94dbf5a1eec4c0ae7c81aee87c07d7
9,112,1.875,6000,2925.756,416.4895733686348,5.376857271752516,"[2925.43,2919.1,2932.735,2901.23,2961.66,2899.735,2950.7,2967.13,2916.635,2953.145,2936.575,2893.145,2885.705,2916.335,2915.17,2895.69,2915.28,2924.17,2909.94,3007.1,2882.18,2921.28,2953.63,2925.43,2923.73,2950.76,2915.815,2957.155,2899.54,2916.55]",2943.1586402712032,0.0059480832547906875,0.0059480832547906875,2903.2716562384253,2948.2403437615744,0.013738633085564222,fc6ed5692c5e33a9fffe770a3a11e12d0b94dbf5a1eec4c0ae7c81aee87c07d7
10,14,0.325,6000,103.64716666666666,31.735036275281843,0.40969755661818275,"[103.285,105.875,103.81,104.86,102.27,100.79,100.56,106.06,106.02,104.06,101.99,104.84,101.94,103.06,107.86,102.785,104.56,100.92,102.885,105.07,105.67,105.47,103.26,104.75,104.085,107.06,100.675,102.605,103.075,99.265]",103.7037037037037,0.0005454759532294505,0.0005454759532294505,101.93393898817224,105.36039434516108,0.017361879008097603,fc6ed5692c5e33a9fffe770a3a11e12d0b94dbf5a1eec4c0ae7c81aee87c07d7
10,14,0.525,6000,144.21666666666667,51.88212937142783,0.6697954100710622,"[141.095,140.82,143.25,145.905,144.21,148.12,140.065,152.22,136.64,142.085,145.425,142.735,146.955,148.21,144.115,140.375,150.995,139.16,141.75,147.325,144.865,143.17,147.135,143.975,145.14,147.71,148.16,141.415,142.95,140.525]",143.56403383411248,-0.0045253634523577235,0.0045253634523577235,141.41579071091454,147.0175426224188,0.023490453769696606,fc6ed5692c5e33a9fffe770a3a11e12d0b94dbf5a1eec4c0ae7c81aee87c07d7
10,14,0.725,6000,214.26066666666668,89.88781168399369,1.1604466589304534,"[215.22,212.165,223.88,219.69,207.365,205.885,208.745,205.605,209.745,203.84,204.295,213.81,223.955,221.4,226.56,210.445,215.285,223.42,215.91,213.39,210.59,228.775,212.625,216.625,205.745,214.3,208.36,225.005,203.025,222.16]",212.3794087107059,-0.00878023010582495,0.00878023010582495,209.40803988532406,219.1132934480093,0.030732433579623075,fc6ed5692c5e33a9fffe770a3a11e12d0b94dbf5a1eec4c0ae7c81aee87c07d7
10,14,0.94,6000,297.60266666666666,141.45312046907023,1.8261519328192684,"[305.395,297.715,296.52,283.04,318.69,309.31,298.32,280.105,305.1,294.565,301.095,305.485,306.45,294.625,292.865,288.05,294.165,292.19,308.655,288.335,293.15,290.755,301.9,289.38,289.925,306.225,295.2,289.31,298.4,313.16]",298.5649425047859,0.003233424783780745,0.003233424783780745,289.96626760618176,305.23906572715157,0.029654052416477894,fc6ed5692c5e33a9fffe770a3a11e12d0b94dbf5a1eec4c0ae7c81aee87c07d7
10,14,1.0,6000,305.3946666666667,146.35956440186683,1.8894938516220072,"[304.7,320.535,315.385,309.815,309.485,308.625,300.57,307.755,305.42,304.01,301.11,292.81,289.165,312.095,317.905,299.395,300.21,317.765,313.435,303.415,280.685,302.095,319.5,307.62,305.195,295.35,301.96,319.385,305.325,291.12]",302.9506256274009,-0.008002893652145678,0.008002893652145678,297.4933914145892,313.2959419187442,0.03302090741419961,fc6ed5692c5e33a9fffe770a3a11e12d0b94dbf5a1eec4c0ae7c81aee87c07d7
10,14,1.06,6000,296.977,135.74281745178376,1.7524322378601067,"[288.19,302.215,283.79,309.49,301.805,285.345,301.365,290.835,286.025,319.015,299.2,303.845,279.445,285.175,291.21,303.18,292.705,296.39,297.43,294.145,314.61,308.99,297.38,292.665,310.555,296.5,290.315,284.525,297.035,305.935]",292.9798402219231,-0.013459492748855561,0.013459492748855561,289.648873761293,304.305126238707,0.03721687556423203,fc6ed5692c5e33a9fffe770a3a11e12d0b94dbf5a1eec4c0ae7c81aee87c07d7
10,14,1.275,6000,256.6186666666667,105.71998094313736,1.3648390851804548,"[257.84,260.675,267.735,262.435,245.695,267.15,253.64,253.585,254.72,274.56,245.815,253.015,247.145,252.035,245.675,252.12,238.215,243.625,261.665,252.38,275.725,248.685,258.965,260.39,247.555,258.61,269.695,267.01,259.105,263.095]",257.85116792094044,0.0048028511342657195,0.0048028511342657195,250.91133436836517,262.32599896496816,0.02765850960876426,fc6ed5692c5e33a9fffe770a3a11e12d0b94dbf5a1eec4c0ae7c81aee87c07d7
10,14,1.675,6000,203.57733333333334,70.10241610919184,0.9050183003993417,"[207.315,204.395,199.485,207.82,204.705,201.925,204.32,204.345,202.165,198.135,203.525,214.465,200.175,202.13,204.06,208.285,204.915,202.095,200.28,202.89,207.155,200.515,201.585,204.67,202.855,203.975,201.7,201.205,202.995,203.235]",204.83754649239734,0.0061903412252706305,0.0061903412252706305,199.792828454694,207.3618382119727,0.025249745332312168,fc6ed5692c5e33a9fffe770a3a11e12d0b94dbf5a1eec4c0ae7c81aee87c07d7
10,14,1.875,6000,182.75666666666666,58.72662591750155,0.7581574805247879,"[189.81,181.68,179.515,182.125,185.11,193.4,171.87,181.345,183.365,179.045,184.585,185.23,188.35,186.72,183.87,183.235,179.525,176.215,180.9,192.145,175.245,183.175,181.785,178.625,185.725,177.34,185.06,181.42,183.9,182.385]",184.8853215819528,0.011647481616463503,0.011647481616463503,179.5862880317187,185.9270453016146,0.029506893918861854,fc6ed5692c5e33a9fffe770a3a11e12d0b94dbf5a1eec4c0ae7c81aee87c07d7
10,28,0.325,6000,207.41433333333333,46.05029966864657,0.5945068123484304,"[201.65,207.525,211.465,207.315,207.065,214.33,210.14,205.915,213.765,206.63,207.11,204.83,206.35,207.24,206.535,205.26,210.89,212.295,208.78,205.465,210.13,206.52,204.29,208.0,206.125,206.58,208.02,203.63,201.76,206.82]",204.7491501904758,-0.012849561069505945,0.012849561069505945,204.9282908624527,209.90037580421395,0.024541288189702914,fc6ed5692c5e33a9fffe770a3a11e12d0b94dbf5a1eec4c0ae7c81aee87c07d7
10,28,0.525,6000,292.9368333333333,78.3225121700289,1.011139284225499,"[294.055,288.93,286.255,291.05,293.425,290.145,282.33,297.07,297.95,290.45,295.07,297.69,293.57,287.605,291.055,286.655,283.52,298.84,301.845,297.205,286.31,300.105,297.27,297.4,294.545,293.075,292.42,291.58,291.395,299.29]",294.7247078101508,0.0061032764520365145,0.0061032764520365145,288.7085635265827,297.16510314008394,0.02083812204972646,fc6ed5692c5e33a9fffe770a3a11e12d0b94dbf5a1eec4c0ae7c81aee87c07d7
10,28,0.725,6000,500.11216666666667,170.7967588708258,2.204976675643041,"[524.335,504.8,486.35,497.865,497.225,504.24,507.41,482.26,512.675,518.255,494.215,500.575,488.105,482.805,478.045,497.115,508.065,482.015,502.055,495.575,499.25,497.585,507.52,520.69,504.365,492.715,492.245,505.025,511.53,508.455]",501.3775241762286,0.0025301474227186547,0.0025301474227186547,490.89164042694875,509.3326929063846,0.021360892884954907,fc6ed5692c5e33a9fffe770a3a11e12d0b94dbf5a1eec4c0ae7c81aee87c07d7
10,28,0.94,6000,1130.2458333333334,519.3134757995374,6.704308144108989,"[1126.055,1107.775,1151.03,1151.09,1108.4,1229.065,1056.08,1153.805,1104.715,1136.68,1122.215,1087.98,1136.67,1143.735,1172.92,1088.885,1218.04,1081.87,1111.04,1078.55,1114.04,1154.36,1171.015,1109.21,1144.48,1148.84,1169.6,1099.805,1122.8,1106.625]",1135.6184160969658,0.004753463897130705,0.004753463897130705,1102.2105031437823,1158.2811635228845,0.030309920707429105,fc6ed5692c5e33a9fffe770a3a11e12d0b94dbf5a1eec4c0ae7c81aee87c07d7
10,28,1.0,6000,1203.0516666666667,563.6055176514362,7.276115945648743,"[1229.675,1222.605,1208.175,1189.305,1196.485,1125.945,1178.365,1183.925,1276.69,1231.57,1151.995,1114.54,1244.94,1263.44,1225.95,1113.25,1215.11,1190.17,1237.805,1199.92,1226.425,1253.24,1259.03,1280.49,1162.44,1196.3,1161.655,1199.19,1213.505,1139.415]",1214.943512561695,0.009884734151092004,0.009884734151092004,1172.6252142052053,1233.4781191281281,0.03608851135370861,fc6ed5692c5e33a9fffe770a3a11e12d0b94dbf5a1eec4c0ae7c81aee87c07d7
10,28,1.06,6000,1155.1908333333333,520.2333984672512,6.716184294681836,"[1233.585,1176.595,1146.92,1153.205,1164.145,1136.7,1178.66,1151.445,1167.325,1226.71,1164.72,1132.115,1190.785,1133.67,1136.9,1171.77,1248.145,1135.88,1163.3,1140.57,1167.16,1135.59,1146.37,1112.28,1119.23,1128.175,1126.13,1130.84,1122.99,1113.815]",1132.895081552959,-0.019300492297051327,0.019300492297051327,1127.105840778101,1183.2758258885656,0.04257734607040908,fc6ed5692c5e33a9fffe770a3a11e12d0b94dbf5a1eec4c0ae7c81aee87c07d7
10,28,1.275,6000,868.1213333333334,313.1490167039743,4.042736421919069,"[863.615,855.64,864.02,867.485,864.405,906.855,868.325,878.94,855.12,849.32,894.255,870.335,842.96,856.505,872.16,884.715,845.495,844.175,869.47,888.325,890.335,873.065,861.465,854.29,878.935,868.825,840.47,893.31,897.565,843.26]",882.4330283062296,0.016485823379024107,0.016485823379024107,851.215867769759,885.0267988969077,0.03667361208651054,fc6ed5692c5e33a9fffe770a3a11e12d0b94dbf5a1eec4c0ae7c81aee87c07d7
10,28,1.675,6000,610.0901666666666,171.250933380433,2.2108400433496427,"[627.885,605.835,609.7,577.85,603.545,616.22,604.59,633.14,625.195,577.935,608.36,605.415,615.48,593.665,609.505,608.73,600.46,620.0,610.54,606.57,628.31,627.29,612.465,608.57,595.3,604.83,607.845,593.485,629.47,634.52]",610.9540661264149,0.0014160193147651147,0.0014160193147651147,600.8451216479571,619.3352116853762,0.016824542821836763,fc6ed5692c5e33a9fffe770a3a11e12d0b94dbf5a1eec4c0ae7c81aee87c07d7
10,28,1.875,6000,533.2378333333334,136.6169705224965,1.7637175054764618,"[538.865,534.54,522.34,533.595,526.065,537.66,533.48,511.33,519.165,539.75,545.66,515.505,533.56,522.875,535.355,517.73,537.27,539.805,547.35,523.31,544.205,535.64,531.675,538.615,530.625,531.855,548.71,533.77,545.415,541.415]",531.8122906905345,-0.0026733711557704416,0.0026733711557704416,525.8625156175789,540.6131510490878,0.016279404859972035,fc6ed5692c5e33a9fffe770a3a11e12d0b94dbf5a1eec4c0ae7c81aee87c07d7
10,56,0.325,6000,415.06166666666667,65.08302003701436,0.8402181757474675,"[416.005,410.5,415.07,411.545,423.58,412.585,411.31,420.99,417.48,419.225,412.29,418.7,420.18,406.05,409.645,412.54,423.565,415.775,413.79,412.75,416.98,408.14,415.31,416.05,423.5,418.285,411.38,412.77,414.355,411.505]",408.8411499181834,-0.014986970004818356,0.014986970004818356,411.5481357426681,418.57519759066525,0.023255194594690276,fc6ed5692c5e33a9fffe770a3a11e12d0b94dbf5a1eec4c0ae7c81aee87c07d7
10,56,0.525,6000,589.2015,110.5639014045677,1.4273738294386984,"[585.14,582.825,591.04,598.28,611.185,581.975,587.69,596.84,593.115,579.07,572.005,576.945,602.89,582.225,582.065,589.175,589.965,596.025,582.025,601.165,595.405,593.68,595.565,589.605,581.305,590.29,582.47,585.11,585.59,595.38]",586.5503032915234,-0.004499643514954762,0.004499643514954762,583.2326668628476,595.1703331371524,0.014483298924179766,fc6ed5692c5e33a9fffe770a3a11e12d0b94dbf5a1eec4c0ae7c81aee87c07d7
10,56,0.725,6000,1008.7615,251.8076146523032,3.250822326655283,"[993.25,993.54,1029.585,1022.66,1010.965,994.87,991.49,1009.39,988.22,1014.3,998.96,1023.85,1024.195,1003.1,993.91,1015.115,981.435,1022.395,1035.245,1024.5,1017.035,1004.985,1004.26,1006.355,1025.045,1014.6,1006.695,1000.26,1016.325,996.31]",1018.1818181818181,0.00933849892349993,0.00933849892349993,995.1675727287083,1022.3554272712917,0.023126000166992844,fc6ed5692c5e33a9fffe770a3a11e12d0b94dbf5a1eec4c0ae7c81aee87c07d7
10,56,0.94,6000,3629.5088333333333,1539.1205149636278,19.86996040753438,"[3717.26,3612.36,3667.865,3674.275,3618.625,3464.8,3579.135,3610.945,3749.85,3768.85,3705.01,3556.575,3625.61,3623.85,3574.605,3532.185,3546.015,3554.77,3534.085,3516.45,3806.3,3562.285,3729.675,3530.49,3767.685,3546.855,3735.125,3468.705,3636.705,3868.32]",3618.4294775194508,-0.0030525771730130495,0.0030525771730130495,3546.4188427027534,3712.598823963913,0.025364805331678286,fc6ed5692c5e33a9fffe770a3a11e12d0b94dbf5a1eec4c0ae7c81aee87c07d7
10,56,1.0,6000,4875.120333333333,2315.774202121706,29.89651639464712,"[4784.75,4922.74,4788.875,4759.785,5088.965,4636.96,4936.11,5113.725,5368.825,5084.875,4832.19,4833.975,4613.515,5014.475,5121.93,4659.92,4699.295,4929.75,4487.505,4647.035,4938.615,4643.74,4995.41,4763.895,4895.22,4944.36,4608.93,5085.2,5062.61,4990.43]",4866.056070350962,-0.00185929010211197,0.00185929010211197,4750.102405961104,5000.138260705563,0.026815696559494895,fc6ed5692c5e33a9fffe770a3a11e12d0b94dbf5a1eec4c0ae7c81aee87c07d7
10,56,1.06,6000,4270.037333333334,1806.7849739052726,23.325493713709744,"[4328.435,4163.6,4126.125,4543.13,4168.09,4002.74,4348.295,4189.085,4360.425,4180.32,4000.49,4346.765,4214.595,4351.84,4343.83,4493.845,4147.0,4321.7,4341.845,4317.01,4308.055,4509.63,4293.06,4369.99,4111.32,4209.645,4215.36,4380.17,4128.545,4286.18]",4209.4903449777985,-0.014179498591940922,0.014179498591940922,4172.4973778238655,4367.577288842802,0.03619556871239449,fc6ed5692c5e33a9fffe770a3a11e12d0b94dbf5a1eec4c0ae7c81aee87c07d7
10,56,1.275,6000,2682.521,808.0814565989515,10.432286745955903,"[2752.31,2729.3,2680.97,2703.945,2671.29,2720.18,2664.8,2624.72,2759.22,2783.005,2647.725,2655.635,2666.075,2656.09,2666.31,2775.38,2664.86,2608.195,2598.305,2712.2,2699.855,2760.145,2624.33,2601.685,2607.335,2643.7,2645.445,2732.31,2659.215,2761.095]",2722.0235833028896,0.014725917636018295,0.014725917636018295,2638.8964234936316,2726.145576506369,0.031500728512567466,fc6ed5692c5e33a9fffe770a3a11e12d0b94dbf5a1eec4c0ae7c81aee87c07d7
10,56,1.675,6000,1675.8305,365.63293297608755,4.720300867471199,"[1694.81,1671.72,1700.225,1634.25,1675.635,1675.575,1687.345,1682.955,1647.63,1697.875,1638.98,1680.55,1649.87,1737.69,1691.455,1716.385,1684.71,1680.3,1637.365,1628.1,1697.035,1660.63,1689.995,1701.815,1609.78,1664.61,1659.385,1664.66,1717.82,1695.76]",1671.5704262667534,-0.002542067191906699,0.002542067191906699,1656.091670792118,1695.569329207882,0.014153890688940574,fc6ed5692c5e33a9fffe770a3a11e12d0b94dbf5a1eec4c0ae7c81aee87c07d7
10,56,1.875,6000,1430.3051666666668,284.53680999010555,3.67335442158221,"[1435.765,1465.775,1427.05,1442.27,1462.64,1401.005,1481.435,1374.2,1415.745,1455.23,1423.025,1391.755,1447.005,1420.29,1452.305,1395.61,1456.5,1438.805,1404.955,1424.445,1433.625,1433.155,1403.635,1422.85,1456.7,1435.52,1466.68,1398.58,1425.03,1417.57]",1420.961330809198,-0.006532756837650689,0.006532756837650689,1414.9443416719512,1445.6659916613823,0.01708877499690875,fc6ed5692c5e33a9fffe770a3a11e12d0b94dbf5a1eec4c0ae7c81aee87c07d7
10,112,0.325,6000,830.0088333333333,89.7078183368132,1.1581229548102596,"[823.665,836.28,820.945,832.56,825.87,826.135,830.025,831.86,830.925,819.04,835.53,831.115,823.925,826.675,817.775,832.955,833.745,829.16,832.365,832.4,833.875,833.09,835.36,834.605,835.205,824.76,828.04,828.375,827.64,846.365]",829.6296296296296,-0.00045686706993329387,0.00045686706993329387,825.165923559454,834.8517431072127,0.006255138736546262,fc6ed5692c5e33a9fffe770a3a11e12d0b94dbf5a1eec4c0ae7c81aee87c07d7
10,112,0.525,6000,1177.5346666666667,157.46323140052752,2.032841576180826,"[1165.53,1164.86,1176.585,1179.535,1168.315,1176.92,1181.18,1182.505,1195.34,1178.495,1179.035,1176.99,1191.48,1184.59,1181.14,1183.1,1173.955,1171.305,1166.125,1177.82,1174.755,1168.895,1185.025,1173.2,1168.81,1161.17,1210.085,1170.62,1188.81,1169.865]",1178.9473684210527,0.0011997113922642064,0.0011997113922642064,1169.0339558421865,1186.0353774911468,0.00848000396337878,fc6ed5692c5e33a9fffe770a3a11e12d0b94dbf5a1eec4c0ae7c81aee87c07d7
10,112,0.725,6000,2033.397,364.84227008120416,4.710093453390041,"[2042.855,2115.925,1980.56,1981.57,2046.45,2033.585,2011.26,1998.285,2032.285,2034.58,2074.245,2028.765,2050.47,1999.155,2034.94,2044.41,2033.66,2008.99,2036.88,2018.775,2017.795,2013.055,2066.25,2053.51,2024.34,2007.265,2003.995,2077.32,2051.08,2079.655]",2036.3636363636363,0.001458955808254033,0.001458955808254033,2013.7008550211233,2053.0931449788764,0.011254293946394212,fc6ed5692c5e33a9fffe770a3a11e12d0b94dbf5a1eec4c0ae7c81aee87c07d7
10,112,0.94,6000,9067.143333333333,3271.3515513649186,42.232966926753754,"[9284.205,9208.125,8915.42,9136.32,9058.325,9252.78,9055.215,9122.075,9079.785,9089.305,9340.42,9166.19,9006.745,8961.705,8931.625,9112.745,9111.205,9014.67,9001.275,8998.89,8963.835,9308.905,9077.6,8891.855,9149.055,8572.205,9076.355,9012.22,9058.61,9056.635]",9080.328876190073,0.0014542113620577629,0.0014542113620577629,8890.538209101936,9243.74845756473,0.021347489052331303,fc6ed5692c5e33a9fffe770a3a11e12d0b94dbf5a1eec4c0ae7c81aee87c07d7
10,112,1.0,6000,19643.151,9556.296743689014,123.37126046574573,"[19178.085,19978.0,19742.54,18159.05,19594.785,19207.625,19363.655,19686.05,19032.23,18994.33,20985.575,20630.355,19519.33,20575.655,19319.155,21036.465,19895.79,19160.395,19782.3,18453.99,19017.155,20311.115,19655.52,19937.145,19368.28,19353.745,19741.855,19081.085,19583.62,20949.65]",19476.788321612214,-0.008469246018003324,0.008469246018003324,19127.25078349556,20159.051216504442,0.03384399828964435,fc6ed5692c5e33a9fffe770a3a11e12d0b94dbf5a1eec4c0ae7c81aee87c07d7
10,112,1.06,6000,14556.989833333333,5436.0242507435905,70.17877130903193,"[14660.56,13833.455,15133.95,14724.79,14975.485,14493.84,14711.015,14760.335,14125.52,14938.065,14314.31,14816.065,14473.445,15064.785,14770.15,14669.92,14551.065,14463.62,14270.055,14705.07,14556.985,14044.24,14842.75,13973.055,14870.645,14511.73,14380.135,14298.06,14335.03,14441.565]",14601.454263677811,0.003054507206061344,0.003054507206061344,14263.524052278128,14850.455614388538,0.023691915837987576,fc6ed5692c5e33a9fffe770a3a11e12d0b94dbf5a1eec4c0ae7c81aee87c07d7
10,112,1.275,6000,7565.1196666666665,1805.7732854762373,23.312432872252398,"[7568.765,7820.645,7557.25,7591.31,7422.17,7522.875,7559.16,7331.99,7510.475,7539.565,7779.095,7468.69,7488.87,7816.125,7750.65,7596.37,7442.285,7322.795,7506.01,7612.765,7677.215,7729.155,7602.725,7522.81,7690.41,7299.635,7505.085,7537.78,7587.66,7593.255]",7601.61292134142,0.0048238833333396295,0.0048238833333396295,7467.6343275314675,7662.605005801865,0.017941236532700078,fc6ed5692c5e33a9fffe770a3a11e12d0b94dbf5a1eec4c0ae7c81aee87c07d7
10,112,1.675,6000,4256.496833333334,694.495009012229,8.965892013095111,"[4176.85,4258.98,4306.3,4279.795,4298.35,4160.08,4241.855,4246.5,4275.785,4385.825,4247.7,4254.53,4200.115,4270.45,4216.25,4210.41,4215.91,4259.51,4207.675,4219.175,4338.535,4216.79,4269.18,4268.89,4324.105,4280.02,4304.975,4242.935,4292.265,4225.165]",4244.750726746474,-0.002759571320451487,0.002759571320451487,4219.004263238408,4293.989403428259,0.011466883603036604,fc6ed5692c5e33a9fffe770a3a11e12d0b94dbf5a1eec4c0ae7c81aee87c07d7
10,112,1.875,6000,3518.7466666666664,511.68452096683075,6.605818760722184,"[3525.695,3527.265,3476.865,3474.565,3464.175,3530.975,3543.895,3440.6,3464.725,3574.93,3515.395,3590.92,3513.935,3508.115,3490.955,3583.72,3551.415,3537.835,3502.34,3512.39,3571.675,3539.26,3505.865,3534.86,3501.405,3489.22,3494.43,3497.535,3547.04,3550.4]",3520.7297365491454,0.0005635727917740477,0.0005635727917740477,3491.123188427244,3546.370144906089,0.008480522320164718,fc6ed5692c5e33a9fffe770a3a11e12d0b94dbf5a1eec4c0ae7c81aee87c07d7
11,14,0.325,6000,112.83616666666667,34.91878499551709,0.4507995758581171,"[115.53,118.72,108.695,110.845,112.01,114.41,111.385,112.865,112.015,114.11,113.79,113.59,112.595,111.92,113.715,114.735,111.555,117.33,112.59,111.5,111.66,111.505,109.75,115.24,114.345,111.155,112.995,112.49,114.165,107.875]",114.07407407407406,0.010970838907212592,0.010970838907212592,110.9510631352013,114.72127019813205,0.028147643209756046,fc6ed5692c5e33a9fffe770a3a11e12d0b94dbf5a1eec4c0ae7c81aee87c07d7
11,14,0.525,6000,156.89666666666668,54.84034919234934,0.7079858637405613,"[156.575,158.8,160.215,160.79,151.835,157.655,153.585,157.13,157.43,162.12,156.455,156.43,152.89,162.245,158.06,152.3,162.935,157.235,157.98,154.12,156.595,155.83,157.02,158.31,152.635,158.23,149.46,158.665,157.505,155.865]",157.09479550015604,0.0012627982333767239,0.0012627982333767239,153.93609011904155,159.8572432142918,0.020519589517128844,fc6ed5692c5e33a9fffe770a3a11e12d0b94dbf5a1eec4c0ae7c81aee87c07d7
11,14,0.725,6000,229.01,93.45995770354806,1.2065628657436374,"[229.325,236.125,233.57,227.6,211.93,218.565,236.425,229.255,229.46,231.88,230.555,228.29,228.545,222.37,227.82,247.13,223.055,235.605,229.415,233.45,227.59,222.205,225.38,234.72,226.635,233.32,224.45,227.79,230.06,227.78]",229.2711913764985,0.0011405238919633034,0.0011405238919633034,223.9645295937364,234.0554704062636,0.023694206365571402,fc6ed5692c5e33a9fffe770a3a11e12d0b94dbf5a1eec4c0ae7c81aee87c07d7
11,14,0.94,6000,316.937,148.1108531983365,1.9121028927657628,"[333.91,331.46,300.925,324.195,323.78,318.805,308.885,329.12,307.22,309.56,319.445,298.0,312.265,317.965,323.285,310.725,323.725,331.335,330.45,328.6,308.385,307.84,315.175,309.27,301.3,316.265,315.515,318.055,313.15,319.5]",313.8009651332246,-0.0098948209479341,0.0098948209479341,308.9411807740911,324.93281922590893,0.03425894041483357,fc6ed5692c5e33a9fffe770a3a11e12d0b94dbf5a1eec4c0ae7c81aee87c07d7
11,14,1.0,6000,319.05583333333334,144.94191046372234,1.8711920179782773,"[313.615,311.365,324.13,311.15,316.36,323.135,316.685,304.535,320.605,313.755,322.07,315.925,352.935,303.16,312.545,310.47,321.18,313.36,336.08,329.91,316.21,332.06,321.425,330.625,325.71,314.465,317.56,310.935,318.32,311.395]",317.86169372873485,-0.0037427292650403098,0.0037427292650403098,311.23109065378196,326.8805760128847,0.02759075621487639,fc6ed5692c5e33a9fffe770a3a11e12d0b94dbf5a1eec4c0ae7c81aee87c07d7
11,14,1.06,6000,312.92333333333335,142.87082557689095,1.8444544270606777,"[318.555,312.895,333.57,308.925,334.14,291.505,319.535,311.31,306.935,325.405,309.165,293.88,305.01,312.89,320.235,326.61,328.25,299.66,314.735,306.525,307.575,322.525,322.855,320.975,305.0,293.555,317.165,307.58,311.1,299.635]",308.4432627425598,-0.01431683135626474,0.01431683135626474,305.21039893790845,320.63626772875824,0.03802752905205686,fc6ed5692c5e33a9fffe770a3a11e12d0b94dbf5a1eec4c0ae7c81aee87c07d7
11,14,1.275,6000,275.84183333333334,115.23494695102417,1.4876767681413725,"[277.775,261.45,277.505,281.58,284.355,277.85,261.77,262.545,266.32,276.785,272.37,287.45,274.38,281.545,287.72,270.935,267.45,283.24,273.49,290.975,280.61,279.97,275.42,268.965,276.22,268.13,267.81,294.17,272.715,273.755]",275.49967032362747,-0.0012404319010321894,0.0012404319010321894,269.6208320735962,282.0628345930705,0.023268447539044335,fc6ed5692c5e33a9fffe770a3a11e12d0b94dbf5a1eec4c0ae7c81aee87c07d7
11,14,1.675,6000,223.17033333333333,77.58973094175215,1.001679119247068,"[220.345,236.195,223.415,222.8,218.01,217.44,217.875,222.09,224.865,215.755,218.765,236.625,225.92,219.725,222.19,216.975,216.64,220.035,231.425,219.625,221.965,226.645,229.83,230.095,226.385,226.65,223.845,216.92,216.485,229.575]",224.44284799796054,0.005701988457070352,0.005701988457070352,218.9816229923944,227.35904367427227,0.024939193211458877,fc6ed5692c5e33a9fffe770a3a11e12d0b94dbf5a1eec4c0ae7c81aee87c07d7
11,14,1.875,6000,204.2365,64.94323294232305,0.8384135321149536,"[208.58,210.64,205.39,211.06,209.41,200.06,201.165,199.185,210.005,202.89,205.285,204.06,199.815,207.24,205.175,199.86,207.48,203.21,200.97,199.565,194.91,207.795,207.5,207.495,206.165,208.39,199.305,192.235,206.255,206.0]",204.47712773466316,0.0011781818365627582,0.0011781818365627582,200.7305155340437,207.74248446595632,0.018664886057068175,fc6ed5692c5e33a9fffe770a3a11e12d0b94dbf5a1eec4c0ae7c81aee87c07d7
11,28,0.325,6000,227.73233333333334,50.749863178708814,0.6551779163781475,"[225.7,234.025,227.1,230.795,227.79,226.745,224.375,224.31,232.89,221.935,233.475,228.825,232.345,229.445,227.665,230.94,227.22,223.775,226.145,227.135,224.765,217.965,231.42,220.635,226.755,230.785,228.89,232.18,230.67,225.27]",225.5302428680215,-0.009669643449745127,0.009669643449745127,224.99258318704815,230.47208347961853,0.02144225251486498,fc6ed5692c5e33a9fffe770a3a11e12d0b94dbf5a1eec4c0ae7c81aee87c07d7
11,28,0.525,6000,322.87083333333334,85.21505980190197,1.1001216915294514,"[324.85,319.17,323.26,322.105,321.785,315.175,320.52,326.86,320.27,325.65,333.455,319.285,327.555,315.435,333.25,328.295,313.92,309.195,324.145,329.33,331.82,315.7,308.43,325.575,315.535,331.72,323.71,320.545,334.305,325.275]",324.2105263157895,0.00414931559046412,0.00414931559046412,318.2704667917363,327.4711998749304,0.018663558651642376,fc6ed5692c5e33a9fffe770a3a11e12d0b94dbf5a1eec4c0ae7c81aee87c07d7
11,28,0.725,6000,550.728,187.38243259532334,2.419096802711737,"[558.775,546.89,553.44,524.995,544.995,544.405,541.0,549.67,549.45,561.685,549.66,542.61,552.255,577.3,534.09,565.3,549.11,559.305,560.125,560.0,553.33,560.755,553.72,558.615,530.405,547.47,555.055,553.275,555.92,528.235]",549.5020401686289,-0.0022260713662116847,0.0022260713662116847,540.6120900258882,560.8439099741117,0.02022286344520774,fc6ed5692c5e33a9fffe770a3a11e12d0b94dbf5a1eec4c0ae7c81aee87c07d7
11,28,0.94,6000,1195.1003333333333,524.7880581887878,6.77498469884568,"[1222.89,1246.515,1213.44,1167.255,1178.29,1252.265,1206.645,1234.805,1208.8,1191.22,1137.805,1181.345,1167.23,1153.495,1211.98,1174.85,1165.305,1274.995,1194.93,1148.385,1170.105,1235.765,1216.525,1213.57,1159.9,1196.025,1197.64,1170.665,1182.355,1178.015]",1203.1768523212195,0.006758025885039645,0.006758025885039645,1166.7694557873492,1223.4312108793174,0.0312035906950463,fc6ed5692c5e33a9fffe770a3a11e12d0b94dbf5a1eec4c0ae7c81aee87c07d7
11,28,1.0,6000,1279.1075,599.797459238618,7.743351902428965,"[1237.425,1243.135,1234.145,1262.395,1215.295,1341.385,1236.435,1268.465,1295.655,1282.865,1375.645,1246.48,1192.46,1330.685,1218.78,1330.56,1238.525,1294.22,1288.57,1255.175,1343.185,1250.86,1373.485,1207.035,1395.885,1332.73,1222.71,1285.34,1263.07,1310.625]",1275.1872424159021,-0.003064838243930204,0.003064838243930204,1246.7272121772755,1311.4877878227246,0.027678904633254064,fc6ed5692c5e33a9fffe770a3a11e12d0b94dbf5a1eec4c0ae7c81aee87c07d7
11,28,1.06,6000,1225.3668333333333,546.9252546180286,7.06077467585292,"[1206.225,1225.085,1221.13,1266.03,1157.12,1209.345,1237.705,1204.825,1306.405,1236.225,1209.06,1217.905,1167.8,1223.44,1223.72,1262.945,1289.14,1200.755,1210.58,1263.53,1241.31,1203.425,1222.48,1243.395,1204.135,1166.165,1194.785,1291.785,1230.985,1223.57]",1197.9751012705067,-0.022353903596618138,0.022353903596618138,1195.8408710451147,1254.8927956215518,0.04535661894756016,fc6ed5692c5e33a9fffe770a3a11e12d0b94dbf5a1eec4c0ae7c81aee87c07d7
11,28,1.275,6000,950.9926666666667,348.8507356337104,4.503643631405223,"[944.025,969.38,957.185,959.105,963.685,965.33,933.005,948.275,966.28,951.56,948.45,966.905,980.05,988.43,919.9,932.765,919.575,936.195,955.705,954.905,948.75,969.865,938.845,962.26,935.315,946.53,964.325,952.965,930.845,919.37]",959.6292039038564,0.009081602350795954,0.009081602350795954,932.1598305934233,969.82550273991,0.029468522895849114,fc6ed5692c5e33a9fffe770a3a11e12d0b94dbf5a1eec4c0ae7c81aee87c07d7
11,28,1.675,6000,682.7428333333334,197.38529037759744,2.5482331413958335,"[689.625,677.985,700.36,674.8,689.76,683.55,689.055,668.31,702.93,687.535,668.905,698.31,650.82,699.175,655.545,662.505,703.87,658.705,685.36,681.745,704.22,691.89,678.17,701.23,679.89,689.87,679.915,677.8,699.195,651.255]",685.0373301774391,0.003360704400079042,0.003360704400079042,672.0869153797763,693.3987512868904,0.01926895837623155,fc6ed5692c5e33a9fffe770a3a11e12d0b94dbf5a1eec4c0ae7c81aee87c07d7
11,28,1.875,6000,610.5273333333333,158.9633924721242,2.052208572337235,"[612.79,616.51,612.55,606.4,603.545,606.315,614.945,586.825,630.29,613.86,607.81,626.395,600.1,593.11,624.7,629.99,601.72,599.195,602.015,607.35,602.55,624.845,618.1,596.34,628.12,622.995,607.63,609.885,599.215,609.725]",600.8554660355859,-0.015841825205337418,0.015841825205337418,601.9456357581918,619.1090309084749,0.029483602986866253,fc6ed5692c5e33a9fffe770a3a11e12d0b94dbf5a1eec4c0ae7c81aee87c07d7
11,56,0.325,6000,457.692,71.12597711176522,0.9182324161219887,"[452.99,460.295,462.505,461.055,468.595,455.87,461.185,456.35,459.985,463.315,458.455,461.825,453.5,456.38,463.69,452.04,456.535,452.86,459.94,456.405,450.93,452.7,456.04,457.42,467.405,459.68,455.57,450.9,451.775,454.565]",449.45296644794445,-0.018001261879289042,0.018001261879289042,453.85223780181565,461.53176219818437,0.02617110400530398,fc6ed5692c5e33a9fffe770a3a11e12d0b94dbf5a1eec4c0ae7c81aee87c07d7
11,56,0.525,6000,649.5978333333334,123.81137658336357,1.5983979985946069,"[664.61,643.38,656.765,657.94,655.25,662.65,653.71,642.65,638.64,648.825,638.42,659.545,646.495,646.5,656.895,648.19,661.68,636.73,638.94,646.005,645.6,643.49,640.5,643.35,658.84,651.575,654.065,631.82,654.765,660.11]",645.2370016967978,-0.00671312527961868,0.00671312527961868,642.913830345748,656.2818363209187,0.016829407752677827,fc6ed5692c5e33a9fffe770a3a11e12d0b94dbf5a1eec4c0ae7c81aee87c07d7
11,56,0.725,6000,1119.6686666666667,283.6747587990259,3.6622253885601106,"[1132.76,1105.695,1128.88,1109.02,1098.94,1101.765,1123.41,1134.735,1072.77,1148.955,1131.22,1112.405,1123.46,1122.145,1147.095,1129.585,1109.925,1105.77,1109.305,1142.01,1120.095,1120.62,1086.365,1120.56,1092.85,1134.39,1120.12,1135.41,1150.495,1119.305]",1120.0,0.0002959208765926332,0.0002959208765926332,1104.3543798245476,1134.9829535087858,0.014167209784542223,fc6ed5692c5e33a9fffe770a3a11e12d0b94dbf5a1eec4c0ae7c81aee87c07d7
11,56,0.94,6000,3993.284166666667,1684.1506717027444,21.74229168002921,"[4052.465,3981.955,3853.66,3935.035,3942.345,4113.045,4017.545,3919.55,4003.26,4072.81,3880.705,3865.165,3985.36,4010.36,4012.71,4034.265,4170.845,4006.96,3682.275,3983.91,4080.33,4099.005,3961.825,3954.115,3972.4,4068.475,4067.375,4260.27,4014.265,3796.24]",3895.326217625295,-0.024530673238599133,0.024530673238599133,3902.3646693486985,4084.203663984635,0.046245844208235964,fc6ed5692c5e33a9fffe770a3a11e12d0b94dbf5a1eec4c0ae7c81aee87c07d7
11,56,1.0,6000,5138.808,2379.120465599484,30.71431313962679,"[5031.57,5157.455,5235.185,4854.685,5004.1,5201.59,5239.18,5246.045,5479.985,5145.48,4954.355,5082.0,5372.06,5302.145,5223.605,5072.245,4969.255,5150.495,5322.525,5032.765,5386.175,5151.38,4942.42,5283.85,4822.19,5318.02,5319.155,5061.69,4912.76,4889.875]",5108.229904665533,-0.00595042572800296,0.00595042572800296,5010.370301149398,5267.245698850602,0.030189553189016616,fc6ed5692c5e33a9fffe770a3a11e12d0b94dbf5a1eec4c0ae7c81aee87c07d7
11,56,1.06,6000,4594.270333333333,1927.7141724267592,24.886682953522836,"[4618.825,4300.88,4539.03,4450.205,4524.785,4645.265,4477.505,4607.96,4534.43,4771.305,4923.22,4307.17,4587.25,4580.595,4740.45,4789.25,4725.56,4848.59,4593.36,4432.005,4828.585,4643.61,4583.355,4599.25,4544.19,4455.27,4457.825,4708.99,4410.285,4599.11]",4489.9614795005045,-0.022704117577937128,0.022704117577937128,4490.201970285648,4698.338696381018,0.04435125484695679,fc6ed5692c5e33a9fffe770a3a11e12d0b94dbf5a1eec4c0ae7c81aee87c07d7
11,56,1.275,6000,2999.5505,917.6213027491024,11.846440078908092,"[3019.485,3069.86,3074.43,3034.435,2911.855,2948.315,2847.295,3044.045,2981.82,2940.84,3038.465,2951.93,3082.05,2955.225,2887.495,3025.665,3081.135,2973.02,3016.665,3065.28,3012.825,3122.855,2940.03,3009.51,2963.325,2912.84,3123.675,3064.63,2931.12,2956.395]",3028.462722836516,0.009638851833471823,0.009638851833471823,2950.0123743583927,3049.088625641607,0.026593226916611146,fc6ed5692c5e33a9fffe770a3a11e12d0b94dbf5a1eec4c0ae7c81aee87c07d7
11,56,1.675,6000,1931.6075,429.8170287732373,5.5489139811836745,"[1957.43,1978.65,1967.375,1878.775,1917.335,1982.135,1916.885,1926.525,1966.335,1903.01,1958.355,1930.69,1875.625,1940.345,1940.645,1915.455,1955.43,1902.955,1977.875,1901.67,1885.605,1916.74,1984.165,1976.225,1951.345,1908.41,1909.895,1914.285,1874.81,1933.245]",1910.1425355457468,-0.011112487632323479,0.011112487632323479,1908.4036686259014,1954.8113313740987,0.02285069413678542,fc6ed5692c5e33a9fffe770a3a11e12d0b94dbf5a1eec4c0ae7c81aee87c07d7
11,56,1.875,6000,1652.0496666666666,334.33939194286245,4.316302989919402,"[1685.16,1653.895,1625.185,1671.735,1667.41,1650.415,1693.935,1655.0,1639.435,1625.82,1642.4,1629.7,1656.94,1622.975,1637.975,1644.925,1665.52,1623.195,1640.495,1671.455,1655.33,1629.535,1650.095,1659.33,1651.6,1681.34,1630.19,1664.66,1681.675,1654.165]",1633.443708665613,-0.011262347843690852,0.011262347843690852,1634.0002308532387,1670.0991024800944,0.02194803515554744,fc6ed5692c5e33a9fffe770a3a11e12d0b94dbf5a1eec4c0ae7c81aee87c07d7
11,112,0.325,6000,911.4806666666667,101.00420255800226,1.3039586480136778,"[909.81,921.685,908.135,901.42,901.665,914.36,915.835,933.365,913.89,905.76,917.305,923.145,914.4,899.88,920.605,908.935,918.84,910.4,907.85,903.495,909.26,911.04,907.105,907.66,907.895,900.06,914.7,913.81,921.09,901.02]",912.1908261257639,0.000779127287136329,0.000779127287136329,906.0279174098017,916.9334159235317,0.0068021179011581445,fc6ed5692c5e33a9fffe770a3a11e12d0b94dbf5a1eec4c0ae7c81aee87c07d7
11,112,0.525,6000,1295.6521666666667,174.51910687682042,2.2530319817630593,"[1278.975,1298.4,1286.69,1300.555,1337.385,1288.67,1284.185,1284.595,1298.595,1303.215,1305.27,1288.88,1313.525,1302.695,1322.205,1296.54,1295.265,1310.59,1281.99,1286.1,1298.825,1300.79,1291.78,1298.35,1287.71,1279.805,1289.265,1279.65,1288.3,1290.765]",1296.842105263158,0.0009184089890055427,0.0009184089890055427,1286.2306880922,1305.0736452411336,0.008250010880005876,fc6ed5692c5e33a9fffe770a3a11e12d0b94dbf5a1eec4c0ae7c81aee87c07d7
11,112,0.725,6000,2237.7303333333334,400.1789409885166,5.166287913171485,"[2242.7,2265.155,2213.06,2240.25,2251.625,2315.08,2201.265,2188.445,2255.22,2246.75,2241.51,2201.3,2264.12,2281.555,2221.54,2200.18,2208.135,2247.725,2259.02,2248.06,2227.44,2218.8,2239.58,2226.795,2224.68,2246.415,2266.54,2228.015,2214.775,2246.175]",2240.0,0.0010142717524348319,0.0010142717524348319,2216.1265250973834,2259.3341415692835,0.010772613671761189,fc6ed5692c5e33a9fffe770a3a11e12d0b94dbf5a1eec4c0ae7c81aee87c07d7
11,112,0.94,6000,9955.634333333333,3594.9175622909397,46.41018616580458,"[10138.13,10087.425,9594.44,10322.51,9976.125,10057.875,10224.265,10093.71,10200.585,9728.395,10126.885,9862.245,9638.025,9843.585,9998.725,9655.565,9837.05,9987.075,10328.825,9600.48,9766.785,10228.1,9810.3,9953.515,9359.995,10011.1,10469.51,9969.02,10025.035,9773.75]",9915.355020830659,-0.0040458810713659855,0.0040458810713659855,9761.561378249942,10149.707288416725,0.023089559228325562,fc6ed5692c5e33a9fffe770a3a11e12d0b94dbf5a1eec4c0ae7c81aee87c07d7
11,112,1.0,6000,20571.8495,9681.445586289778,124.9869250763787,"[21153.725,20575.805,20701.745,19797.06,19633.245,20246.315,21053.625,21959.625,21912.435,21393.84,20591.38,20508.825,20334.12,19213.13,20856.35,20678.19,21634.63,20047.475,21215.85,19145.26,19667.51,20980.43,19997.865,21506.63,20167.675,20628.555,21327.11,20188.33,19566.555,20472.195]",20447.881488665982,-0.006026099468305863,0.006026099468305863,20049.19307691003,21094.50592308997,0.030653689485857893,fc6ed5692c5e33a9fffe770a3a11e12d0b94dbf5a1eec4c0ae7c81aee87c07d7
11,112,1.06,6000,15784.200666666668,5931.64479497285,76.57720502182585,"[15577.03,15270.045,15362.26,16280.19,15447.865,16465.465,16144.66,15671.96,16004.945,15892.655,15672.175,15298.1,16681.295,15843.125,15452.125,16406.95,16097.63,15513.795,15975.395,15584.355,15973.25,15082.34,15690.045,15663.065,15305.235,15622.44,15417.175,16665.58,16400.715,15064.155]",15812.2601920221,0.0017776969482331461,0.0017776969482331461,15463.978627101515,16104.42270623182,0.022522118875035302,fc6ed5692c5e33a9fffe770a3a11e12d0b94dbf5a1eec4c0ae7c81aee87c07d7
11,112,1.275,6000,8655.070833333333,2103.239109629403,27.15270014895598,"[8848.845,8356.51,8675.98,8403.16,8642.985,8684.955,8682.825,8640.86,8831.1,8673.51,8498.06,8709.42,8604.73,8409.22,8666.92,8767.085,8641.015,8609.595,8369.485,8606.985,8772.125,8537.78,8645.375,8685.385,8771.175,8918.835,8717.665,8615.71,8919.425,8745.405]",8646.761175408725,-0.0009600912672609715,0.0009600912672609715,8541.526691588782,8768.614975077884,0.013896584582113736,fc6ed5692c5e33a9fffe770a3a11e12d0b94dbf5a1eec4c0ae7c81aee87c07d7
11,112,1.675,6000,4950.6335,839.2356214133936,10.834485284260353,"[5029.58,4860.0,4885.44,4966.595,5115.165,4999.985,4927.335,5043.305,4942.55,4941.515,4976.255,4953.815,4985.72,5040.53,4965.925,4936.5,5064.67,4894.175,4866.55,4896.535,4890.175,4847.51,5012.535,4961.075,4918.33,4928.19,5028.91,4919.96,4943.92,4776.255]",4943.7053507754,-0.0013994470050348142,0.0013994470050348142,4905.327054375932,4995.939945624068,0.01045540887544505,fc6ed5692c5e33a9fffe770a3a11e12d0b94dbf5a1eec4c0ae7c81aee87c07d7
11,112,1.875,6000,4113.010666666667,631.213402592835,8.148929987149891,"[4069.35,4096.54,4077.92,4142.72,4074.78,4126.435,4015.125,4144.875,4211.73,4089.96,4079.2,4190.46,4143.36,4062.18,4114.875,4155.85,4096.98,4154.8,4017.36,4110.48,4075.82,4112.93,4161.135,4092.39,4122.72,4163.24,4118.275,4153.25,4103.085,4112.495]",4124.883043494065,0.0028865417062045712,0.0028865417062045712,4078.934377514888,4147.086955818446,0.01126487011717292,fc6ed5692c5e33a9fffe770a3a11e12d0b94dbf5a1eec4c0ae7c81aee87c07d7
12,14,0.325,6000,123.57566666666666,37.8712817345667,0.4889161448583532,"[124.865,122.795,122.765,127.155,123.745,121.415,122.465,121.115,126.28,121.305,128.4,124.73,123.86,123.125,122.14,127.58,122.905,119.42,123.97,118.475,123.385,123.13,124.0,124.9,124.13,122.48,122.0,125.525,121.59,127.62]",124.43942611177812,0.006989721102952754,0.006989721102952754,121.53117150602127,125.62016182731206,0.02393011249474175,fc6ed5692c5e33a9fffe770a3a11e12d0b94dbf5a1eec4c0ae7c81aee87c07d7
12,14,0.525,6000,169.4225,60.44329209275281,0.780319545550607,"[168.625,166.42,167.3,164.945,167.34,168.655,168.775,176.41,169.715,165.56,173.275,174.225,172.945,168.54,169.335,166.575,164.99,164.96,170.48,170.845,170.19,175.07,171.39,170.43,171.12,165.315,165.045,171.54,170.655,172.005]",170.47708265974674,0.006224572649717293,0.006224572649717293,166.159446506241,172.68555349375902,0.025984897303708676,fc6ed5692c5e33a9fffe770a3a11e12d0b94dbf5a1eec4c0ae7c81aee87c07d7
12,14,0.725,6000,249.27033333333333,101.38518668540995,1.3088771319490755,"[246.55,255.73,247.685,244.645,254.3,253.03,248.96,255.495,248.98,246.52,239.845,264.095,258.095,241.595,252.565,254.485,244.705,250.375,246.57,245.405,249.265,240.66,251.835,251.425,255.465,244.31,246.425,244.1,253.165,241.83]",245.76629159489084,-0.014057195220887957,0.014057195220887957,243.79701650734756,254.7436501593191,0.03524075500533075,fc6ed5692c5e33a9fffe770a3a11e12d0b94dbf5a1eec4c0ae7c81aee87c07d7
12,14,0.94,6000,330.69266666666664,151.48759672510866,1.955696464244437,"[329.925,314.135,329.03,325.495,337.805,348.285,319.73,314.06,322.52,338.49,328.985,332.715,335.115,334.325,324.155,345.33,337.64,326.695,336.12,312.53,312.245,322.62,335.555,334.995,358.235,311.865,348.725,312.88,344.29,346.285]",328.8050721888689,-0.005708002227035779,0.005708002227035779,322.5145526917283,338.870780641605,0.029703677707703435,fc6ed5692c5e33a9fffe770a3a11e12d0b94dbf5a1eec4c0ae7c81aee87c07d7
12,14,1.0,6000,330.762,151.8429113731986,1.9602835566268233,"[340.025,322.56,328.83,321.615,326.38,342.425,338.155,309.18,317.84,330.0,330.285,343.8,331.29,344.855,325.695,318.68,315.75,357.025,325.615,352.68,316.335,330.22,328.54,342.25,335.305,336.535,320.125,330.515,333.26,327.09]",332.6234657556173,0.005627810194693776,0.005627810194693776,322.56470423228217,338.95929576771783,0.031183701723582535,fc6ed5692c5e33a9fffe770a3a11e12d0b94dbf5a1eec4c0ae7c81aee87c07d7
12,14,1.06,6000,330.951,149.52452484321182,1.9303533152244552,"[346.95,320.03,322.51,348.61,338.79,344.06,324.015,321.275,333.425,322.485,338.78,331.005,319.54,310.285,331.735,341.3,331.615,322.04,326.12,339.17,335.875,338.59,355.27,322.37,322.215,352.84,317.33,331.0,324.45,314.85]",323.67541698538196,-0.021983867746639425,0.021983867746639425,322.87886318714106,339.023136812859,0.04527042010100024,fc6ed5692c5e33a9fffe770a3a11e12d0b94dbf5a1eec4c0ae7c81aee87c07d7
12,14,1.275,6000,294.207,120.40512745222327,1.554423511401474,"[288.265,306.865,297.05,293.195,290.75,308.115,286.195,289.49,290.83,306.215,294.095,313.39,276.67,291.905,277.49,286.13,292.29,291.035,310.235,295.17,301.87,293.825,283.33,289.255,298.375,292.71,308.995,303.365,290.91,278.195]",292.5286852796669,-0.005704537010788681,0.005704537010788681,287.7068846324159,300.7071153675841,0.027197328130795673,fc6ed5692c5e33a9fffe770a3a11e12d0b94dbf5a1eec4c0ae7c81aee87c07d7
12,14,1.675,6000,241.19483333333332,84.64310731482043,1.0927378166718222,"[241.69,248.735,242.165,235.69,242.275,240.215,239.78,263.33,241.19,231.68,245.305,247.535,242.785,250.015,240.07,240.22,243.545,238.39,237.025,238.945,235.285,235.15,238.425,243.97,231.18,245.06,238.515,239.36,246.325,231.99]",243.2969278180691,0.008715337951831912,0.008715337951831912,236.62534385843162,245.76432280823502,0.028194714272149035,fc6ed5692c5e33a9fffe770a3a11e12d0b94dbf5a1eec4c0ae7c81aee87c07d7
12,14,1.875,6000,222.6305,71.98214274778452,0.9292854669549815,"[220.72,224.51,223.49,223.7,215.995,221.235,227.97,220.9,223.82,219.735,221.295,214.58,228.96,220.605,229.515,223.795,216.52,230.235,220.77,233.46,220.345,213.42,216.925,224.89,221.39,224.55,221.71,216.585,231.65,225.64]",223.45758718242317,0.0037150668143994476,0.0037150668143994476,218.74451738308724,226.51648261691278,0.021546001955705885,fc6ed5692c5e33a9fffe770a3a11e12d0b94dbf5a1eec4c0ae7c81aee87c07d7
12,28,0.325,6000,248.895,54.9525881054743,0.7094348618783258,"[253.115,247.045,245.93,249.985,250.19,252.405,250.76,243.215,241.405,254.215,252.505,249.635,245.9,247.5,252.565,251.805,239.58,247.27,250.995,249.88,250.77,243.67,252.885,252.48,246.165,250.415,247.13,247.98,250.575,248.88]",246.35224906074467,-0.010216159180599618,0.010216159180599618,245.92836419311007,251.86163580688995,0.02187465641003583,fc6ed5692c5e33a9fffe770a3a11e12d0b94dbf5a1eec4c0ae7c81aee87c07d7
12,28,0.525,6000,354.132,95.25655468891296,1.229756833090853,"[351.015,356.525,362.635,359.195,351.225,346.5,360.105,355.495,356.75,342.92,355.46,351.78,360.8,348.725,350.405,353.505,347.28,353.62,366.92,360.79,353.22,348.07,349.135,358.46,350.97,351.885,350.275,355.565,351.585,363.145]",353.6842105263158,-0.0012644705185756286,0.0012644705185756286,348.98953964055886,359.27446035944115,0.015559830853360768,fc6ed5692c5e33a9fffe770a3a11e12d0b94dbf5a1eec4c0ae7c81aee87c07d7
12,28,0.725,6000,594.2466666666667,202.26225259637494,2.6111944529071933,"[575.68,587.435,604.515,604.655,603.895,584.315,585.265,596.755,607.075,614.32,586.27,617.49,590.79,599.685,608.265,594.76,591.85,576.88,609.485,578.575,593.695,592.66,591.365,605.565,576.98,576.455,589.68,598.955,604.985,579.1]",597.262726616698,0.005075434359521932,0.005075434359521932,583.3274641027597,605.1658692305737,0.02388926181518425,fc6ed5692c5e33a9fffe770a3a11e12d0b94dbf5a1eec4c0ae7c81aee87c07d7
12,28,0.94,6000,1252.7933333333333,548.0709369362764,7.075565370981647,"[1276.55,1218.49,1205.235,1277.91,1210.07,1241.335,1231.57,1212.76,1294.88,1273.885,1208.125,1217.665,1254.57,1337.955,1206.075,1210.625,1256.22,1269.35,1315.155,1287.76,1222.025,1296.03,1272.835,1310.5,1242.02,1210.48,1237.635,1309.08,1242.355,1234.655]",1269.0714188437944,0.012993432418058656,0.012993432418058656,1223.2055209611458,1282.3811457055208,0.037496477163223574,fc6ed5692c5e33a9fffe770a3a11e12d0b94dbf5a1eec4c0ae7c81aee87c07d7
12,28,1.0,6000,1335.0295,590.6618162648422,7.625411258781196,"[1332.895,1358.825,1296.955,1275.05,1331.305,1331.475,1305.13,1337.34,1321.5,1290.31,1308.095,1332.975,1390.255,1283.77,1366.145,1371.065,1400.45,1320.925,1288.73,1368.87,1343.905,1310.71,1337.125,1361.015,1319.79,1226.845,1401.155,1322.535,1422.955,1392.785]",1334.833787972303,-0.00014659753038942375,0.00014659753038942375,1303.1424032443267,1366.9165967556735,0.02431920306566404,fc6ed5692c5e33a9fffe770a3a11e12d0b94dbf5a1eec4c0ae7c81aee87c07d7
12,28,1.06,6000,1290.0948333333333,555.7909808933384,7.175230709907281,"[1323.865,1253.91,1277.445,1280.48,1362.34,1271.945,1276.805,1285.43,1326.705,1238.69,1262.025,1247.665,1270.765,1262.53,1320.685,1285.34,1304.9,1297.075,1218.235,1268.365,1297.49,1301.115,1313.975,1296.075,1278.475,1297.495,1323.24,1337.345,1338.96,1283.475]",1261.6761747432697,-0.022028348502594795,0.022028348502594795,1260.0902515309267,1320.09941513574,0.04425669742946048,fc6ed5692c5e33a9fffe770a3a11e12d0b94dbf5a1eec4c0ae7c81aee87c07d7
12,28,1.275,6000,1016.5318333333333,364.41815233546953,4.704618116836503,"[999.195,1027.73,998.73,1025.555,1026.535,1007.76,1019.08,1008.92,975.305,1005.54,1023.475,1019.055,1044.015,1004.21,1003.51,1013.135,1012.045,1038.385,1083.205,998.75,1007.38,989.785,995.04,1013.36,1031.495,1011.445,1045.82,1000.89,1020.88,1045.725]",1033.7923903733254,0.016979849006196417,0.016979849006196417,996.8585845079267,1036.20508215874,0.03705019592486147,fc6ed5692c5e33a9fffe770a3a11e12d0b94dbf5a1eec4c0ae7c81aee87c07d7
12,28,1.675,6000,760.4255,217.61027278498042,2.8093365415329408,"[743.52,766.36,779.495,736.92,760.545,760.16,743.655,736.98,771.61,766.725,742.335,745.74,762.61,759.565,773.275,753.86,769.87,752.86,780.02,785.335,740.26,769.61,754.065,775.37,758.555,758.935,776.915,750.885,767.585,769.145]",758.0678932309896,-0.003100378365810235,0.003100378365810235,748.6777288858913,772.1732711141088,0.018267114921975525,fc6ed5692c5e33a9fffe770a3a11e12d0b94dbf5a1eec4c0ae7c81aee87c07d7
12,28,1.875,6000,677.5963333333333,181.44755511101505,2.342477863850046,"[668.07,695.205,699.215,667.465,670.69,662.515,667.155,672.23,670.615,672.195,677.7,701.66,684.73,673.275,688.625,675.225,681.535,675.99,665.96,686.18,683.01,696.93,678.865,688.615,661.3,678.37,664.345,673.12,667.515,679.585]",669.7500340930693,-0.011579606993540385,0.011579606993540385,667.8008199167168,687.3918467499498,0.025664855846476153,fc6ed5692c5e33a9fffe770a3a11e12d0b94dbf5a1eec4c0ae7c81aee87c07d7
12,56,0.325,6000,497.73766666666666,76.552238517842,0.9882851496483334,"[495.375,500.83,492.07,498.845,503.855,501.685,502.225,489.875,497.07,495.53,500.605,502.025,494.835,494.605,500.09,502.795,494.205,500.36,499.55,495.025,497.73,494.66,502.205,499.9,502.345,494.95,495.84,498.99,491.97,492.085]",490.07237317304964,-0.01540026806681367,0.01540026806681367,493.60496573820967,501.87036759512364,0.023508051448839162,fc6ed5692c5e33a9fffe770a3a11e12d0b94dbf5a1eec4c0ae7c81aee87c07d7
12,56,0.525,6000,708.5525,133.14696239875698,1.7189198932283032,"[709.275,709.92,698.1,713.395,718.235,700.24,723.715,709.19,719.11,709.49,715.195,705.87,697.305,701.465,707.265,697.11,709.75,716.585,707.785,693.615,716.385,706.085,715.17,714.365,720.525,702.49,688.85,703.71,708.46,717.92]",703.9771378024678,-0.006457336891101467,0.006457336891101467,701.3645119570596,715.7404880429405,0.016435217005310587,fc6ed5692c5e33a9fffe770a3a11e12d0b94dbf5a1eec4c0ae7c81aee87c07d7
12,56,0.725,6000,1227.1085,314.0583446352856,4.054475795033102,"[1235.905,1220.74,1230.57,1209.505,1235.575,1221.11,1220.465,1210.67,1242.86,1201.085,1221.105,1211.11,1215.05,1265.65,1240.1,1268.575,1254.075,1253.125,1198.655,1245.5,1206.89,1217.365,1199.51,1233.055,1204.415,1231.19,1201.99,1238.405,1256.22,1222.785]",1221.8181818181818,-0.004311206532933553,0.004311206532933553,1210.1539440315105,1244.0630559684896,0.017880825287421187,fc6ed5692c5e33a9fffe770a3a11e12d0b94dbf5a1eec4c0ae7c81aee87c07d7
12,56,0.94,6000,4213.8385,1711.6455792158683,22.097249409708688,"[4188.44,4122.21,4140.405,3953.39,4360.485,4169.785,4290.93,4409.62,4305.965,4415.45,4280.095,4352.975,4145.355,4281.005,4214.26,4041.965,4233.365,4124.735,4112.245,4122.97,4075.14,4285.41,4235.32,4147.275,4157.325,4411.255,4420.445,4293.105,4151.98,3972.25]",4165.77831690685,-0.011405321559701457,0.011405321559701457,4121.434679924038,4306.242320075961,0.03261869461322686,fc6ed5692c5e33a9fffe770a3a11e12d0b94dbf5a1eec4c0ae7c81aee87c07d7
12,56,1.0,6000,5395.0768333333335,2501.711979971934,32.29696278479628,"[5391.38,5271.85,5451.13,5347.525,5715.16,5300.07,5238.49,5324.055,5192.71,5465.0,5549.225,5366.485,5688.565,5213.005,5138.1,5418.72,5553.53,5489.325,5305.49,5422.91,5449.825,5325.85,5390.865,5154.115,5238.78,5546.0,5056.2,5445.705,5715.78,5686.46]",5348.01500178888,-0.00872310682466713,0.00872310682466713,5260.020986208075,5530.132680458592,0.032931882324134465,fc6ed5692c5e33a9fffe770a3a11e12d0b94dbf5a1eec4c0ae7c81aee87c07d7
12,56,1.06,6000,4805.830666666667,1971.8337542463578,25.456264305619307,"[4849.34,4674.055,4708.175,4960.525,4825.19,4824.645,4471.405,4854.745,4788.23,4775.025,4984.455,4691.0,5084.04,5020.325,5028.385,4914.46,4849.13,4539.335,4897.945,4559.88,4795.83,4694.705,4793.255,4926.045,4823.695,4753.705,4793.075,4733.52,4889.71,4671.09]",4761.843232219046,-0.009152930575086387,0.009152930575086387,4699.380491665743,4912.280841667591,0.03062479819404529,fc6ed5692c5e33a9fffe770a3a11e12d0b94dbf5a1eec4c0ae7c81aee87c07d7
12,56,1.275,6000,3291.404,1010.9690015875999,13.051553688935714,"[3331.275,3272.32,3264.425,3318.265,3326.71,3297.935,3263.225,3251.71,3280.985,3303.28,3280.935,3237.835,3250.915,3179.205,3414.625,3172.485,3267.085,3377.815,3340.235,3286.405,3287.41,3433.515,3304.81,3342.77,3235.305,3274.535,3349.84,3249.065,3301.51,3245.69]",3327.4708562613973,0.010957894035918209,0.010957894035918209,3236.826464288506,3345.981535711494,0.0280040938162609,fc6ed5692c5e33a9fffe770a3a11e12d0b94dbf5a1eec4c0ae7c81aee87c07d7
12,56,1.675,6000,2163.118,491.7906760884295,6.348990327701912,"[2148.745,2177.67,2118.935,2194.565,2120.575,2190.755,2194.46,2178.485,2195.585,2177.695,2070.61,2178.325,2164.96,2159.735,2189.615,2174.335,2129.35,2160.05,2215.975,2122.255,2175.595,2149.915,2132.49,2172.795,2127.31,2180.055,2155.24,2170.275,2156.34,2210.845]",2151.3535353850634,-0.005438660588528464,0.005438660588528464,2136.5684983390724,2189.6675016609274,0.017497618358404465,fc6ed5692c5e33a9fffe770a3a11e12d0b94dbf5a1eec4c0ae7c81aee87c07d7
12,56,1.875,6000,1859.7736666666667,387.4266997525714,5.0016571867260335,"[1891.865,1869.32,1825.96,1859.12,1840.33,1869.965,1813.1,1895.02,1851.995,1884.92,1876.485,1849.58,1876.325,1879.47,1876.32,1873.365,1894.025,1818.835,1837.105,1845.12,1852.515,1837.09,1825.245,1896.75,1851.28,1854.16,1884.01,1815.365,1851.415,1897.155]",1849.9045648747754,-0.005306614438508567,0.005306614438508567,1838.8582928934582,1880.6890404398753,0.016368721730786295,fc6ed5692c5e33a9fffe770a3a11e12d0b94dbf5a1eec4c0ae7c81aee87c07d7
12,112,0.325,6000,996.4723333333334,112.42591263669713,1.4514122910803267,"[997.78,1006.415,1004.44,1009.885,999.875,991.755,992.775,999.61,990.92,995.24,1006.49,977.745,990.28,1003.45,979.675,994.105,990.08,984.835,996.71,995.935,997.17,993.215,1002.715,992.81,998.84,995.965,993.755,1001.805,1001.77,1008.125]",993.9802598563682,-0.002500895803728795,0.002500895803728795,990.4029788306821,1002.5416878359847,0.008539722670382499,fc6ed5692c5e33a9fffe770a3a11e12d0b94dbf5a1eec4c0ae7c81aee87c07d7
12,112,0.525,6000,1418.5583333333334,190.57116210275123,2.460263123637832,"[1449.125,1427.44,1416.715,1399.97,1433.565,1403.11,1421.785,1414.67,1402.57,1407.845,1409.185,1434.185,1420.915,1413.72,1410.0,1436.9,1412.385,1414.31,1425.805,1431.2,1410.66,1396.225,1396.93,1426.515,1413.95,1424.61,1419.95,1405.48,1423.655,1453.375]",1414.7368421052631,-0.0026939260362247625,0.0026939260362247625,1408.2702786166105,1428.8463880500562,0.009874781546005407,fc6ed5692c5e33a9fffe770a3a11e12d0b94dbf5a1eec4c0ae7c81aee87c07d7
12,112,0.725,6000,2449.6115,441.8323160811942,5.704030673329056,"[2457.89,2394.905,2404.51,2455.145,2456.25,2454.025,2465.255,2435.94,2421.0,2442.54,2490.685,2434.455,2452.55,2409.19,2453.67,2469.01,2493.905,2445.46,2468.18,2457.385,2462.65,2473.04,2437.0,2428.065,2423.9,2470.045,2464.695,2465.095,2457.215,2444.69]",2443.6363636363635,-0.0024392179591075833,0.0024392179591075833,2425.7590188937097,2473.4639811062902,0.012059046623588143,fc6ed5692c5e33a9fffe770a3a11e12d0b94dbf5a1eec4c0ae7c81aee87c07d7
12,112,0.94,6000,10779.466666666667,3767.783115328727,48.64187085929886,"[11019.295,10780.47,10686.18,10624.88,11146.785,10550.365,10671.47,10647.35,10558.785,10800.08,10988.135,10836.85,10882.62,10469.23,10737.575,10784.635,10777.86,10950.165,10628.495,10707.51,10790.64,11183.16,10789.06,10852.315,10849.055,10658.75,10687.215,10494.305,10833.005,10997.76]",10741.993088543784,-0.0034763851757863245,0.0034763851757863245,10576.061500724792,10982.871832608542,0.021932218433941775,fc6ed5692c5e33a9fffe770a3a11e12d0b94dbf5a1eec4c0ae7c81aee87c07d7
12,112,1.0,6000,21460.552333333333,9700.023433581482,125.22676405360922,"[22583.585,22591.55,22081.51,20584.5,21015.945,20613.34,21246.215,21149.41,21133.6,21015.125,21515.5,21852.895,21418.935,20922.285,22174.52,20992.235,21281.585,21475.045,21400.435,21264.675,20890.865,21058.075,22383.93,21727.67,21860.47,21924.925,21137.75,22203.0,21346.285,20970.71]",21409.419706954854,-0.002382633288475915,0.002382633288475915,20936.892978281634,21984.211688385032,0.02614567170192683,fc6ed5692c5e33a9fffe770a3a11e12d0b94dbf5a1eec4c0ae7c81aee87c07d7
12,112,1.06,6000,16951.044333333335,6373.0105802525195,82.27521280840558,"[17373.055,16880.035,16510.71,17347.66,17409.755,16913.9,16814.005,17209.36,16752.41,16926.585,16677.99,16925.335,16783.53,16945.155,17470.195,17648.155,17479.09,16858.725,16233.24,17509.755,17139.915,17556.865,17042.58,17222.69,16479.41,16479.29,16729.27,16472.195,17019.885,15720.585]",16979.556713060883,0.001682042661612309,0.001682042661612309,16606.994998499875,17295.093668166795,0.02243402340969336,fc6ed5692c5e33a9fffe770a3a11e12d0b94dbf5a1eec4c0ae7c81aee87c07d7
12,112,1.275,6000,9628.134666666667,2385.8016975756627,30.80056747354642,"[9603.745,9686.55,9850.46,9332.745,9639.785,9942.68,9436.54,9586.36,9697.34,9534.4,9657.915,9370.015,9776.985,9750.59,9859.94,9425.425,9533.76,9785.54,9670.46,9446.895,9548.03,9814.405,9672.4,9607.3,9493.22,9806.45,9650.75,9551.595,9648.355,9463.405]",9692.154970904012,0.0066492946405276405,0.0066492946405276405,9499.336279035098,9756.933054298235,0.020298122542988795,fc6ed5692c5e33a9fffe770a3a11e12d0b94dbf5a1eec4c0ae7c81aee87c07d7
12,112,1.675,6000,5676.154,995.3935245228946,12.85047514466625,"[5697.61,5726.75,5700.745,5734.33,5713.68,5720.335,5614.88,5712.39,5633.775,5645.905,5833.15,5562.99,5591.92,5651.03,5610.575,5630.085,5678.97,5700.805,5760.29,5809.7,5635.63,5675.365,5673.345,5695.6,5688.69,5698.555,5649.855,5709.935,5566.935,5560.795]",5664.014294601313,-0.0021387202318132155,0.0021387202318132155,5622.417312182347,5729.890687817654,0.011496972072504108,fc6ed5692c5e33a9fffe770a3a11e12d0b94dbf5a1eec4c0ae7c81aee87c07d7
12,112,1.875,6000,4735.468166666667,746.9118246925914,9.642590193732667,"[4743.845,4743.64,4789.38,4814.665,4672.895,4727.905,4602.86,4693.545,4670.22,4737.315,4741.72,4712.805,4769.97,4820.295,4809.105,4743.485,4760.335,4832.265,4756.815,4882.075,4707.64,4793.525,4627.015,4769.985,4617.685,4723.755,4734.95,4752.67,4639.025,4672.655]",4752.1322010890135,0.0035189835166977595,0.0035189835166977595,4695.145855377714,4775.790477955619,0.012137289759811987,fc6ed5692c5e33a9fffe770a3a11e12d0b94dbf5a1eec4c0ae7c81aee87c07d7
13,14,0.325,6000,134.39066666666668,41.348784745006355,0.5338105156777497,"[133.105,133.005,131.83,135.765,132.385,133.075,134.995,132.67,132.365,135.295,138.23,135.14,138.43,135.46,134.955,135.53,132.13,132.445,127.23,135.895,134.115,137.3,130.07,134.705,138.84,137.575,132.42,138.66,132.4,135.7]",134.75450478726594,0.0027073168816232427,0.0027073168816232427,132.15843721897483,136.62289611435853,0.019643600688086682,fc6ed5692c5e33a9fffe770a3a11e12d0b94dbf5a1eec4c0ae7c81aee87c07d7
13,14,0.525,6000,184.10983333333334,66.67702058544043,0.8607966343404664,"[191.485,184.77,183.51,190.4,182.28,181.47,186.825,187.525,181.945,178.95,185.05,193.13,177.785,182.14,183.07,183.765,184.185,180.075,180.965,188.995,179.435,186.055,176.07,179.395,180.395,191.665,180.79,189.795,185.785,185.59]",183.7232219707552,-0.002099895239588783,0.002099895239588783,180.51024969978653,187.70941696688016,0.02123598837254015,fc6ed5692c5e33a9fffe770a3a11e12d0b94dbf5a1eec4c0ae7c81aee87c07d7
13,14,0.725,6000,264.26933333333335,105.72834470172974,1.3649470608395882,"[264.155,261.265,277.63,263.17,258.985,264.235,277.175,271.53,264.69,261.425,274.23,265.83,253.62,263.965,263.2,257.37,261.39,254.53,261.72,258.095,280.35,282.935,250.63,264.25,261.085,259.615,256.39,258.205,262.155,274.255]",261.9179486324875,-0.00889768279651266,0.00889768279651266,258.5615495144288,269.9771171522379,0.02985130223168475,fc6ed5692c5e33a9fffe770a3a11e12d0b94dbf5a1eec4c0ae7c81aee87c07d7
13,14,0.94,6000,343.1431666666667,150.31258868002874,1.940527175610256,"[352.06,359.615,351.3,340.26,336.355,340.405,352.355,353.515,333.84,347.8,356.195,351.415,352.285,332.67,332.085,334.11,359.855,344.725,341.875,332.665,342.54,339.44,352.755,346.045,318.7,343.67,336.76,350.09,332.13,326.78]",343.6081523481283,0.0013550777827767385,0.0013550777827767385,335.0284859359138,351.25784739741954,0.02560876693289793,fc6ed5692c5e33a9fffe770a3a11e12d0b94dbf5a1eec4c0ae7c81aee87c07d7
13,14,1.0,6000,346.793,152.28211689116404,1.9659536754822984,"[354.05,328.54,356.25,327.845,341.32,348.955,345.09,366.26,349.82,340.62,348.32,348.69,331.33,350.465,348.255,354.145,328.115,336.23,346.95,346.28,360.35,352.795,367.385,339.68,338.07,345.095,340.035,352.34,363.295,347.215]",347.2448778337317,0.0013030189009919878,0.0013030189009919878,338.5719935598444,355.01400644015564,0.025616071142500862,fc6ed5692c5e33a9fffe770a3a11e12d0b94dbf5a1eec4c0ae7c81aee87c07d7
13,14,1.06,6000,345.55083333333334,152.15758521270587,1.9643459784264858,"[350.415,343.875,347.255,350.72,352.895,345.16,351.635,344.15,349.515,354.53,344.81,338.84,335.29,335.455,339.465,327.99,339.91,344.05,343.185,335.46,331.595,351.155,351.025,354.265,342.51,359.61,353.79,337.015,358.68,352.275]",338.7036350888323,-0.019815313939341418,0.019815313939341418,337.33654978192857,353.7651168847381,0.042574807625289646,fc6ed5692c5e33a9fffe770a3a11e12d0b94dbf5a1eec4c0ae7c81aee87c07d7
13,14,1.275,6000,311.2348333333333,124.07003633281013,1.601737281601076,"[301.59,316.555,316.775,310.54,309.995,312.205,301.39,298.69,295.02,315.56,313.71,304.735,328.53,307.125,325.04,303.585,311.1,327.335,304.715,318.385,306.905,320.28,314.675,311.445,302.38,309.565,321.46,301.65,315.265,310.84]",309.0666031726156,-0.006966540786890432,0.006966540786890432,304.5368665034438,317.93280016322285,0.027887015702863782,fc6ed5692c5e33a9fffe770a3a11e12d0b94dbf5a1eec4c0ae7c81aee87c07d7
13,14,1.675,6000,258.2991666666667,90.5155687013848,1.168550967176522,"[256.995,270.975,262.03,264.57,260.905,251.2,259.08,255.745,267.83,252.805,260.885,251.055,250.255,263.3,254.495,258.975,253.89,258.525,253.81,260.145,250.875,263.95,258.05,263.64,261.255,254.65,259.815,255.435,260.97,252.865]",261.50936479899786,0.012428217147420862,0.012428217147420862,253.4126501904066,263.18568314292673,0.03195071202052313,fc6ed5692c5e33a9fffe770a3a11e12d0b94dbf5a1eec4c0ae7c81aee87c07d7
13,14,1.875,6000,243.06016666666667,79.40258187431274,1.0250829241502806,"[244.99,232.615,235.255,241.95,252.045,240.72,243.89,239.97,253.035,241.475,233.1,249.21,236.89,249.75,238.26,240.79,240.87,245.19,244.025,248.3,240.355,244.665,235.535,242.14,249.53,243.525,250.365,240.51,233.4,259.45]",241.88131000734697,-0.004850061100041921,0.004850061100041921,238.77358889719525,247.3467444361381,0.022096245662138636,fc6ed5692c5e33a9fffe770a3a11e12d0b94dbf5a1eec4c0ae7c81aee87c07d7
13,28,0.325,6000,270.1836666666667,59.507518774414855,0.7682387639581131,"[274.69,273.105,266.665,269.23,267.505,275.815,274.745,267.26,270.095,270.735,263.865,267.56,267.94,271.74,272.79,276.965,264.75,267.32,266.595,271.745,264.32,269.03,269.445,269.08,270.205,273.2,268.65,276.62,267.805,276.04]",267.21065255199085,-0.01100367816957539,0.01100367816957539,266.9711312418289,273.39620209150445,0.022624855401039312,fc6ed5692c5e33a9fffe770a3a11e12d0b94dbf5a1eec4c0ae7c81aee87c07d7
13,28,0.525,6000,383.09816666666666,102.15955148181389,1.318874138483615,"[393.58,376.705,393.41,379.515,378.09,391.515,366.045,374.15,388.93,381.77,383.905,382.45,391.555,388.6,374.2,385.99,383.125,391.105,382.0,374.365,381.385,395.825,372.585,389.86,385.92,391.025,372.385,382.23,373.22,387.505]",383.15789473684214,0.00015590800315014438,0.00015590800315014438,377.5830454705537,388.6132878627796,0.014764564598870988,fc6ed5692c5e33a9fffe770a3a11e12d0b94dbf5a1eec4c0ae7c81aee87c07d7
13,28,0.725,6000,644.0638333333334,221.4070955102748,2.8583533121448306,"[657.315,629.55,655.28,665.31,650.29,630.29,635.145,657.63,617.83,646.065,624.765,651.915,649.165,642.595,626.74,630.315,629.02,663.4,646.595,652.795,631.435,661.18,636.47,631.59,656.91,670.98,650.015,618.17,644.045,659.11]",644.6855096492536,0.0009652402195955836,0.0009652402195955836,632.1110893391912,656.0165773274756,0.01989273803629632,fc6ed5692c5e33a9fffe770a3a11e12d0b94dbf5a1eec4c0ae7c81aee87c07d7
13,28,0.94,6000,1323.4568333333334,578.1609364886093,7.464025594826893,"[1341.545,1341.845,1328.115,1377.445,1343.55,1393.05,1437.89,1315.405,1292.665,1287.83,1328.96,1316.76,1300.035,1328.56,1353.11,1356.695,1351.33,1333.875,1253.9,1284.83,1282.575,1271.44,1336.055,1290.59,1362.94,1282.37,1318.605,1322.765,1295.66,1273.31]",1333.5760297557115,0.0076460343605550775,0.0076460343605550775,1292.24460119897,1354.6690654676968,0.031984214535230704,fc6ed5692c5e33a9fffe770a3a11e12d0b94dbf5a1eec4c0ae7c81aee87c07d7
13,28,1.0,6000,1395.4228333333333,620.622671566266,8.012204237516345,"[1408.28,1381.235,1396.59,1393.17,1377.16,1429.775,1442.145,1474.185,1403.825,1405.58,1367.98,1397.505,1455.48,1428.29,1358.11,1340.845,1398.6,1424.64,1337.965,1463.095,1454.01,1316.765,1313.29,1303.18,1427.86,1394.975,1432.835,1371.425,1331.95,1431.94]",1393.918893733632,-0.0010777662252441748,0.0010777662252441748,1361.9182887156658,1428.9273779510008,0.0244998344615448,fc6ed5692c5e33a9fffe770a3a11e12d0b94dbf5a1eec4c0ae7c81aee87c07d7
13,28,1.06,6000,1352.6128333333334,576.9297275986652,7.448130756405373,"[1318.84,1313.73,1327.95,1445.315,1306.09,1374.815,1325.265,1376.66,1294.95,1369.4,1348.225,1373.41,1313.445,1414.455,1377.39,1393.91,1426.695,1384.24,1360.58,1379.11,1340.535,1360.85,1349.045,1317.995,1305.585,1364.44,1301.75,1302.6,1345.135,1365.975]",1324.2265540779827,-0.020986256048892066,0.020986256048892066,1321.4670684665653,1383.7585982001015,0.04302198678263247,fc6ed5692c5e33a9fffe770a3a11e12d0b94dbf5a1eec4c0ae7c81aee87c07d7
13,28,1.275,6000,1095.102,400.9815510677718,5.176649564739664,"[1100.95,1088.48,1042.775,1149.495,1099.45,1093.59,1062.48,1085.165,1102.065,1099.92,1110.02,1126.16,1127.27,1062.875,1096.665,1076.41,1070.295,1060.985,1131.41,1086.315,1108.88,1113.475,1088.78,1154.98,1082.075,1063.77,1090.685,1108.235,1094.105,1075.3]",1105.457826084314,0.009456494540521342,0.009456494540521342,1073.4548625618743,1116.749137438126,0.02981305002994028,fc6ed5692c5e33a9fffe770a3a11e12d0b94dbf5a1eec4c0ae7c81aee87c07d7
13,28,1.675,6000,826.0111666666667,238.86515610787458,3.083735905316777,"[854.065,796.325,832.48,800.62,823.3,859.85,844.045,820.05,821.29,835.255,813.57,805.305,834.555,821.365,805.27,832.025,788.07,837.92,824.43,838.155,830.78,837.655,799.97,823.845,863.515,836.56,835.365,827.975,825.73,810.995]",829.9641633800942,0.0047856456098283465,0.0047856456098283465,813.1159428099147,838.9063905234186,0.020720563554511573,fc6ed5692c5e33a9fffe770a3a11e12d0b94dbf5a1eec4c0ae7c81aee87c07d7
13,28,1.875,6000,746.161,201.951085131518,2.6071772982096184,"[743.47,731.07,777.445,745.175,723.54,732.115,763.96,722.765,745.81,757.255,772.095,732.09,728.94,752.895,750.34,724.23,734.12,761.53,751.375,766.02,740.935,745.985,761.395,743.92,743.625,739.375,749.76,723.54,774.24,745.815]",738.2997145731666,-0.010535642343721154,0.010535642343721154,735.2585959268466,757.0634040731533,0.024784832286218306,fc6ed5692c5e33a9fffe770a3a11e12d0b94dbf5a1eec4c0ae7c81aee87c07d7
13,56,0.325,6000,539.9333333333333,85.10116679764508,1.0986513391669965,"[540.665,542.84,545.01,545.89,546.29,533.065,537.05,540.85,538.285,537.225,540.96,542.82,544.14,543.455,544.825,540.235,538.365,554.36,527.08,534.615,538.13,529.97,535.095,539.83,539.69,540.815,538.515,533.115,535.165,549.65]",530.701222638575,-0.017098612226370408,0.017098612226370408,535.3391153477229,544.5275513189437,0.025391421695520777,fc6ed5692c5e33a9fffe770a3a11e12d0b94dbf5a1eec4c0ae7c81aee87c07d7
13,56,0.525,6000,764.9628333333334,146.60575361539446,1.8926721407020353,"[743.37,768.45,771.58,767.365,757.585,774.21,773.675,764.585,772.705,772.2,753.28,776.135,768.655,754.735,753.205,759.605,765.205,762.97,776.685,763.715,788.045,758.12,773.86,761.635,782.415,749.745,768.86,761.72,745.545,759.025]",762.7685035967683,-0.002868544249402692,0.002868544249402692,757.0482674654487,772.877399201218,0.013079559080000913,fc6ed5692c5e33a9fffe770a3a11e12d0b94dbf5a1eec4c0ae7c81aee87c07d7
13,56,0.725,6000,1324.1243333333334,330.27522587789366,4.26383483163325,"[1339.31,1347.145,1313.23,1318.23,1339.895,1288.64,1349.935,1365.51,1310.14,1292.22,1295.365,1306.385,1391.165,1352.885,1322.68,1344.02,1341.305,1341.12,1318.055,1307.965,1306.81,1310.945,1318.56,1341.795,1299.295,1304.07,1334.455,1319.285,1313.335,1289.98]",1323.6363636363635,-0.0003685225659598778,0.0003685225659598778,1306.2943030290753,1341.9543636375915,0.013650240647210987,fc6ed5692c5e33a9fffe770a3a11e12d0b94dbf5a1eec4c0ae7c81aee87c07d7
13,56,0.94,6000,4505.780833333333,1822.6325691280492,23.53008528829391,"[4641.155,4559.715,4406.425,4256.52,4316.025,4403.15,4341.4,4540.2,4413.14,4592.675,4675.375,4403.155,4345.58,4772.155,4425.365,4717.43,4562.49,4488.925,4665.495,4465.975,4651.2,4496.18,4330.74,4551.28,4387.235,4486.245,4563.385,4369.7,4681.475,4663.635]",4430.673040229112,-0.016669206932698705,0.016669206932698705,4407.3853395305505,4604.176327136116,0.03768389274850514,fc6ed5692c5e33a9fffe770a3a11e12d0b94dbf5a1eec4c0ae7c81aee87c07d7
13,56,1.0,6000,5546.23,2423.8007482968924,31.2911331089298,"[5778.28,5406.03,5677.685,5472.585,5511.96,5518.88,5378.0,5158.185,5573.69,5556.8,5495.365,5678.6,5558.275,5649.925,5370.05,5941.13,5362.41,5576.175,5811.65,5502.265,5439.01,5654.38,5675.195,5564.185,5439.295,5291.335,5648.815,5768.555,5498.355,5429.835]",5585.554339731938,0.007090282900625899,0.007090282900625899,5415.380219551754,5677.079780448245,0.03142422383672816,fc6ed5692c5e33a9fffe770a3a11e12d0b94dbf5a1eec4c0ae7c81aee87c07d7
13,56,1.06,6000,5137.530666666667,2084.7522715497503,26.914036095600885,"[5094.72,5201.26,5104.39,5226.155,5091.655,5069.77,5211.96,5278.155,5497.53,5219.04,4889.385,4956.725,5255.73,5268.465,5241.17,4955.48,5292.88,5045.83,5359.685,5134.09,5036.46,5071.145,5313.335,5047.94,5187.145,5167.175,4993.39,5116.555,4865.595,4933.105]",5026.801033588042,-0.021553084597053792,0.021553084597053792,5024.984543717846,5250.0767896154875,0.04252809339266794,fc6ed5692c5e33a9fffe770a3a11e12d0b94dbf5a1eec4c0ae7c81aee87c07d7
13,56,1.275,6000,3590.6831666666667,1096.6881382578206,14.158182984852521,"[3557.815,3615.615,3703.46,3539.075,3644.62,3646.82,3558.54,3570.02,3635.63,3598.615,3620.695,3647.4,3588.61,3426.2,3732.28,3529.56,3387.88,3601.47,3597.925,3562.57,3500.125,3578.14,3615.83,3530.315,3530.09,3560.805,3672.93,3531.615,3841.835,3594.01]",3619.5626475689337,0.008042893110248056,0.008042893110248056,3531.4780516372803,3649.888281696053,0.024942699527982448,fc6ed5692c5e33a9fffe770a3a11e12d0b94dbf5a1eec4c0ae7c81aee87c07d7
13,56,1.675,6000,2412.5956666666666,566.542554381878,7.314032926796077,"[2438.36,2412.58,2492.44,2370.94,2412.555,2406.425,2402.88,2431.775,2431.715,2405.82,2391.125,2392.38,2484.9,2459.66,2397.965,2431.935,2405.6,2419.7,2426.005,2370.585,2425.86,2386.23,2342.265,2371.02,2397.725,2452.4,2363.815,2393.14,2431.425,2428.645]",2394.4542885116116,-0.007519444060064911,0.007519444060064911,2382.0106571903116,2443.1806761430216,0.01994383309724479,fc6ed5692c5e33a9fffe770a3a11e12d0b94dbf5a1eec4c0ae7c81aee87c07d7
13,56,1.875,6000,2088.7111666666665,445.9956390971267,5.7577789423476835,"[2081.575,2146.125,2043.965,2117.98,2048.385,2131.905,2096.69,2040.585,2092.27,2103.815,2043.39,2087.13,2142.185,2135.875,2138.855,2094.15,2087.16,2103.66,2065.22,2073.825,2066.89,2108.87,2123.985,2065.025,2059.355,2077.395,2102.38,2031.66,2060.635,2090.395]",2069.6844944407053,-0.00910928831597405,0.00910928831597405,2064.6339270265103,2112.7884063068227,0.02040143335577249,fc6ed5692c5e33a9fffe770a3a11e12d0b94dbf5a1eec4c0ae7c81aee87c07d7
13,112,0.325,6000,1075.9151666666667,119.41227401389587,1.5416058286285848,"[1072.82,1073.635,1074.285,1084.42,1075.585,1069.335,1075.9,1080.41,1072.74,1071.275,1083.49,1083.11,1068.085,1065.955,1075.62,1074.685,1064.05,1092.36,1069.305,1076.675,1070.28,1086.13,1067.58,1097.135,1087.705,1075.09,1072.46,1075.1,1067.02,1075.215]",1075.6683805012087,-0.00022937325646455126,0.00022937325646455126,1069.4686508594068,1082.3616824739265,0.006183979053488886,fc6ed5692c5e33a9fffe770a3a11e12d0b94dbf5a1eec4c0ae7c81aee87c07d7
13,112,0.525,6000,1528.73,206.5167272315677,2.666119484270405,"[1516.72,1526.51,1524.855,1545.1,1513.54,1562.225,1531.95,1550.715,1526.67,1538.09,1548.315,1509.925,1535.7,1532.065,1519.48,1556.52,1545.945,1501.045,1517.3,1528.57,1538.44,1539.755,1526.78,1515.685,1518.075,1517.15,1519.69,1514.44,1519.25,1521.395]",1532.6315789473686,0.002552170067551847,0.002552170067551847,1517.581118048326,1539.878881951674,0.009917401264452952,fc6ed5692c5e33a9fffe770a3a11e12d0b94dbf5a1eec4c0ae7c81aee87c07d7
13,112,0.725,6000,2656.6238333333336,476.5293684952467,6.151967693869426,"[2656.32,2621.315,2687.03,2748.195,2721.66,2642.775,2624.485,2763.15,2694.375,2574.045,2649.655,2612.32,2631.775,2694.81,2615.435,2630.45,2578.2,2641.76,2642.465,2610.24,2699.955,2659.0,2686.115,2705.865,2638.725,2667.745,2651.08,2681.36,2640.595,2627.815]",2647.272727272727,-0.003519921015266002,0.003519921015266002,2630.898219011052,2682.349447655615,0.013076864542591715,fc6ed5692c5e33a9fffe770a3a11e12d0b94dbf5a1eec4c0ae7c81aee87c07d7
13,112,0.94,6000,11594.825333333334,4135.273550248011,53.38615197374189,"[12209.875,12030.955,11715.455,11275.13,11780.755,12326.9,11730.155,11673.2,11697.395,11825.64,10948.17,11401.475,11554.855,11632.635,11419.76,11637.475,11381.715,11511.01,11155.14,11913.36,11427.005,11455.595,11290.915,11092.635,11511.895,11919.825,11455.045,11698.91,11626.67,11545.21]",11561.022697418892,-0.002915320838621432,0.002915320838621432,11371.58106025371,11818.069606412959,0.021750329584671158,fc6ed5692c5e33a9fffe770a3a11e12d0b94dbf5a1eec4c0ae7c81aee87c07d7
13,112,1.0,6000,22360.962333333333,9829.676457788019,126.9005773987337,"[23141.01,21723.485,23659.26,22724.555,22238.48,22142.66,22068.29,22881.9,23324.355,23343.815,22428.595,21917.885,22654.755,21450.49,22190.49,22124.08,22831.365,22488.315,22562.49,20838.925,21464.63,22750.175,21803.865,22300.545,22105.48,21165.9,21851.83,22492.63,23096.64,23061.975]",22361.97488852257,4.5282272477535175e-05,4.5282272477535175e-05,21830.30361178511,22891.621054881554,0.024354735792608828,fc6ed5692c5e33a9fffe770a3a11e12d0b94dbf5a1eec4c0ae7c81aee87c07d7
13,112,1.06,6000,18181.55316666667,6752.039262391285,87.16845205393352,"[18284.755,17993.09,19040.53,18259.015,18288.965,17609.325,18086.415,18248.07,18489.07,17567.865,17928.64,17504.36,18446.87,18549.505,18894.235,18768.97,17891.1,18537.825,17791.845,17544.615,18460.34,17853.11,17839.185,17881.72,18728.79,17881.49,18403.93,18559.06,18051.395,18062.51]",18111.299603808326,-0.0038640022782620597,0.0038640022782620597,17817.041828149,18546.06450518434,0.02344243444502625,fc6ed5692c5e33a9fffe770a3a11e12d0b94dbf5a1eec4c0ae7c81aee87c07d7
13,112,1.275,6000,10715.8395,2687.3077856711734,34.69299433345995,"[10461.365,10828.49,10470.54,10653.66,10683.61,10693.155,10770.03,10753.31,10779.365,10894.805,10819.82,10771.72,10373.705,10711.815,10669.455,10345.125,10849.485,10818.075,10824.905,10591.54,10824.62,10951.025,10897.315,10448.375,10437.375,10683.31,11016.94,10752.36,10933.18,10766.71]",10735.32976259394,0.0018188274090834792,0.0018188274090834792,10570.764194614847,10860.914805385153,0.015567991580299312,fc6ed5692c5e33a9fffe770a3a11e12d0b94dbf5a1eec4c0ae7c81aee87c07d7
13,112,1.675,6000,6439.243333333333,1153.7938193131113,14.895414157189098,"[6482.89,6323.78,6274.145,6440.92,6482.425,6416.475,6476.035,6451.295,6427.91,6536.88,6435.75,6493.37,6393.55,6381.075,6422.67,6474.245,6502.155,6393.085,6449.135,6421.855,6486.11,6446.62,6383.57,6441.02,6507.8,6423.51,6298.105,6464.8,6537.885,6508.235]",6402.575831775078,-0.005694380482321944,0.005694380482321944,6376.955346977298,6501.531319689368,0.015220335494595116,fc6ed5692c5e33a9fffe770a3a11e12d0b94dbf5a1eec4c0ae7c81aee87c07d7
13,112,1.875,6000,5365.132333333333,878.4407298392584,11.340621057659122,"[5433.585,5285.795,5416.56,5241.41,5388.57,5374.15,5357.145,5564.545,5408.7,5372.545,5372.39,5246.06,5396.025,5443.44,5392.085,5432.83,5391.93,5332.7,5329.51,5357.31,5380.04,5381.625,5271.46,5384.29,5299.515,5251.73,5471.385,5291.735,5372.07,5312.835]",5399.604525083538,0.006425226743435666,0.006425226743435666,5317.709385421039,5412.555281245627,0.015400454166792477,fc6ed5692c5e33a9fffe770a3a11e12d0b94dbf5a1eec4c0ae7c81aee87c07d7
14,14,0.325,6000,144.63666666666666,44.90040085071604,0.5796616824428685,"[141.2,145.37,144.52,149.245,148.14,142.65,146.465,143.795,140.01,145.775,143.325,147.155,146.6,140.61,140.785,140.97,150.855,141.32,145.52,146.415,152.23,145.045,141.39,144.5,143.205,144.135,145.87,144.37,145.99,141.64]",145.03532661310248,0.002756285495396473,0.002756285495396473,142.21270190905088,147.06063142428243,0.019847908563447092,fc6ed5692c5e33a9fffe770a3a11e12d0b94dbf5a1eec4c0ae7c81aee87c07d7
14,14,0.525,6000,197.87016666666668,69.91902284022123,0.9026507034775761,"[197.905,196.005,197.87,201.935,198.935,203.01,203.77,191.685,197.505,199.425,194.29,201.035,208.435,199.685,196.04,191.425,187.39,202.395,196.185,195.96,199.83,195.645,200.945,194.6,197.065,197.205,195.635,202.285,195.475,196.535]",196.84419739698814,-0.005185062947902071,0.005185062947902071,194.09556234152677,201.64477099180658,0.023807081984851042,fc6ed5692c5e33a9fffe770a3a11e12d0b94dbf5a1eec4c0ae7c81aee87c07d7
14,14,0.725,6000,279.3755,109.53284776969915,1.4140629842490566,"[278.23,287.085,283.145,274.415,283.09,271.03,277.17,270.135,281.015,280.18,275.985,270.33,285.94,265.085,269.94,291.885,283.08,279.44,280.32,281.06,290.17,282.72,289.165,286.22,280.22,277.84,273.75,284.805,272.94,274.875]",277.7687209628838,-0.005751324067844932,0.005751324067844932,273.4623286749202,285.2886713250798,0.026359092098778847,fc6ed5692c5e33a9fffe770a3a11e12d0b94dbf5a1eec4c0ae7c81aee87c07d7
14,14,0.94,6000,360.32966666666664,157.3008420586943,2.0307451387924207,"[390.76,361.885,368.235,337.2,366.365,365.95,354.655,354.795,365.145,344.135,361.98,357.41,369.95,354.13,362.355,358.18,375.285,369.99,352.11,333.035,366.59,353.545,372.935,357.55,347.185,344.235,363.29,366.76,387.65,346.6]",358.23217968146105,-0.005821022189510509,0.005821022189510509,351.8377224909059,368.8216108424274,0.028711525706910046,fc6ed5692c5e33a9fffe770a3a11e12d0b94dbf5a1eec4c0ae7c81aee87c07d7
14,14,1.0,6000,364.7393333333333,160.16805971889207,2.067760759618747,"[362.585,366.695,373.56,376.07,354.825,387.46,374.72,366.095,332.845,373.97,386.1,356.965,373.565,339.595,373.01,361.385,368.84,356.74,380.025,359.135,359.97,356.38,357.12,371.15,385.78,350.6,343.2,372.41,358.665,362.72]",361.7328761548416,-0.008242755589357059,0.008242755589357059,356.09260135102625,373.3860653156404,0.03120949131014783,fc6ed5692c5e33a9fffe770a3a11e12d0b94dbf5a1eec4c0ae7c81aee87c07d7
14,14,1.06,6000,359.38466666666665,153.31934592605967,1.9793442447434768,"[359.405,357.57,355.425,349.055,354.865,356.59,344.24,351.5,361.455,366.765,362.55,372.255,370.965,358.93,351.54,361.285,370.115,358.16,363.175,356.24,359.835,361.965,349.655,360.345,358.88,366.265,375.315,341.425,371.485,354.285]",353.5479427595062,-0.016240881842001512,0.016240881842001512,351.1076650331825,367.6616683001508,0.0383878080244211,fc6ed5692c5e33a9fffe770a3a11e12d0b94dbf5a1eec4c0ae7c81aee87c07d7
14,14,1.275,6000,329.524,132.75249010070578,1.7138272777586616,"[341.29,333.21,322.815,323.57,329.525,329.86,320.475,342.37,344.405,339.885,327.405,329.15,315.2,338.835,326.7,329.585,335.45,333.2,335.315,336.295,325.19,333.62,342.1,327.395,303.155,315.4,317.525,319.665,340.715,326.415]",325.20262506505594,-0.013113991499690647,0.013113991499690647,322.3573076900645,336.6906923099355,0.03412053706047924,fc6ed5692c5e33a9fffe770a3a11e12d0b94dbf5a1eec4c0ae7c81aee87c07d7
14,14,1.675,6000,276.9175,97.64019132292259,1.2605294497139503,"[282.465,283.59,280.615,279.235,275.855,282.065,284.33,268.685,267.485,272.23,283.175,281.51,259.57,279.675,272.335,281.505,283.445,276.505,287.165,281.35,271.51,278.795,265.1,278.16,275.31,273.355,270.575,284.97,276.255,270.705]",279.17229377198777,0.00814247482368485,0.00814247482368485,271.6463581346852,282.1886418653148,0.027704901655891456,fc6ed5692c5e33a9fffe770a3a11e12d0b94dbf5a1eec4c0ae7c81aee87c07d7
14,14,1.875,6000,258.03066666666666,85.50592535082333,1.1038767496193111,"[251.815,257.63,257.85,263.585,244.555,263.935,255.16,260.94,249.92,253.335,266.425,244.755,264.75,258.33,247.85,258.625,265.19,259.735,250.405,254.065,263.39,254.335,250.56,264.595,269.27,265.565,267.845,264.515,254.485,257.505]",259.80464175576236,0.006875055248325909,0.006875055248325909,253.4145976407614,262.64673569257195,0.02521576963004879,fc6ed5692c5e33a9fffe770a3a11e12d0b94dbf5a1eec4c0ae7c81aee87c07d7
14,28,0.325,6000,289.8673333333333,63.8132464406289,0.8238254691066182,"[284.375,295.91,291.725,283.83,292.84,293.91,296.7,288.42,291.665,294.91,296.91,290.27,288.835,284.615,282.055,279.14,296.71,292.465,285.72,291.72,288.905,291.385,286.02,292.745,291.045,286.565,281.68,294.315,288.885,291.75]",288.10173215149644,-0.006091066425227418,0.006091066425227418,286.4223516068802,293.3123150597864,0.01776462371594545,fc6ed5692c5e33a9fffe770a3a11e12d0b94dbf5a1eec4c0ae7c81aee87c07d7
14,28,0.525,6000,412.7058333333333,111.17265037920798,1.4352327449080406,"[418.41,410.815,405.405,404.21,413.265,412.12,408.105,416.165,413.295,411.835,392.85,401.415,408.81,412.125,422.045,408.725,426.745,413.085,421.5,422.905,412.455,415.69,418.56,398.32,409.135,409.83,406.07,424.68,428.11,414.495]",412.63157894736844,-0.00017992085395338728,0.00017992085395338728,406.70413665748634,418.7075300091803,0.014574334892674123,fc6ed5692c5e33a9fffe770a3a11e12d0b94dbf5a1eec4c0ae7c81aee87c07d7
14,28,0.725,6000,693.0146666666667,233.60759662966743,3.0158611043141397,"[699.48,693.265,707.135,674.05,715.93,675.37,693.16,690.705,650.235,688.785,693.96,696.425,675.905,704.285,722.725,686.43,670.91,690.355,737.7,697.715,701.325,679.56,677.21,714.19,663.81,692.26,720.0,686.38,660.925,730.255]",691.794071290806,-0.0017612836128442773,0.0017612836128442773,680.4032741041746,705.6260592291588,0.019602433551650922,fc6ed5692c5e33a9fffe770a3a11e12d0b94dbf5a1eec4c0ae7c81aee87c07d7
14,28,0.94,6000,1386.0865,585.1356927934866,7.554069311535709,"[1405.84,1344.645,1349.835,1410.59,1363.41,1483.735,1362.44,1420.06,1334.07,1359.545,1366.47,1377.3,1432.635,1304.78,1353.965,1367.555,1322.115,1351.03,1407.125,1377.78,1368.56,1460.175,1349.5,1433.805,1435.555,1382.28,1382.73,1457.39,1436.51,1381.165]",1396.8921216667866,0.007795777295851805,0.007795777295851805,1354.4977330651523,1417.6752669348475,0.03129897346206567,fc6ed5692c5e33a9fffe770a3a11e12d0b94dbf5a1eec4c0ae7c81aee87c07d7
14,28,1.0,6000,1452.8685,634.0800597149422,8.185938371460585,"[1431.465,1439.85,1442.91,1350.34,1462.88,1491.32,1431.275,1468.305,1436.59,1526.675,1530.855,1445.415,1356.3,1474.855,1470.69,1401.97,1498.58,1510.625,1486.345,1420.865,1448.94,1471.69,1437.095,1411.0,1475.12,1507.64,1429.835,1495.48,1412.98,1418.165]",1452.470344466943,-0.0002740478804908903,0.0002740478804908903,1418.6374533025314,1487.0995466974687,0.023848863630133277,fc6ed5692c5e33a9fffe770a3a11e12d0b94dbf5a1eec4c0ae7c81aee87c07d7
14,28,1.06,6000,1414.0335,604.7335695655098,7.807076812732613,"[1369.645,1448.445,1458.995,1496.515,1372.515,1421.63,1404.995,1434.09,1463.2,1400.165,1383.74,1428.33,1447.83,1376.215,1429.89,1408.685,1461.1,1412.395,1437.665,1337.975,1356.92,1432.8,1461.525,1401.805,1378.005,1406.335,1350.66,1325.695,1447.67,1465.57]",1385.7859272792077,-0.019976593709266632,0.019976593709266632,1381.386734434418,1446.680265565582,0.04209246489069063,fc6ed5692c5e33a9fffe770a3a11e12d0b94dbf5a1eec4c0ae7c81aee87c07d7
14,28,1.275,6000,1171.6593333333333,416.851835214435,5.381534052071684,"[1184.135,1186.3,1177.82,1168.975,1166.53,1149.055,1124.6,1118.365,1177.405,1119.21,1187.225,1154.225,1231.085,1164.43,1194.375,1185.82,1149.19,1228.365,1141.78,1136.41,1185.37,1183.735,1179.985,1146.255,1180.325,1252.99,1215.65,1146.97,1118.945,1194.255]",1175.0359465725464,0.0028819070041517956,0.0028819070041517956,1149.1554327319395,1194.163233934727,0.022521334454365327,fc6ed5692c5e33a9fffe770a3a11e12d0b94dbf5a1eec4c0ae7c81aee87c07d7
14,28,1.675,6000,898.0261666666667,265.0322341958289,3.4215514308286306,"[905.23,871.835,871.185,914.5,927.905,905.11,876.91,919.855,917.13,886.92,881.335,931.375,902.145,865.325,890.835,873.23,905.895,889.005,930.935,915.69,887.755,910.895,893.815,889.24,885.935,861.325,907.41,898.47,907.735,915.855]",900.7047379967358,0.002982731939773681,0.002982731939773681,883.7183034148709,912.3340299184624,0.019221548898813,fc6ed5692c5e33a9fffe770a3a11e12d0b94dbf5a1eec4c0ae7c81aee87c07d7
14,28,1.875,6000,816.8353333333333,221.1602711364402,2.8551668231804994,"[840.84,819.375,804.005,813.79,814.01,839.27,805.475,801.615,798.24,823.33,811.09,834.74,826.835,826.67,835.755,800.68,817.975,809.44,797.53,821.265,814.15,840.055,817.06,795.655,842.625,810.655,779.025,812.52,826.52,824.865]",806.3666063083809,-0.012816202480164162,0.012816202480164162,804.8959142443625,828.7747524223041,0.027037679476154097,fc6ed5692c5e33a9fffe770a3a11e12d0b94dbf5a1eec4c0ae7c81aee87c07d7
14,56,0.325,6000,578.553,90.11855571050407,1.163425551503492,"[574.72,585.045,572.04,578.655,585.685,587.845,581.625,583.28,575.21,580.77,577.105,578.62,568.25,576.585,578.29,570.165,585.385,576.25,577.24,583.5,572.935,576.07,586.34,576.715,578.77,585.555,573.025,576.605,576.655,577.655]",571.3408169168474,-0.012465898687160176,0.012465898687160176,573.6879164169876,583.4180835830124,0.020700878162695058,fc6ed5692c5e33a9fffe770a3a11e12d0b94dbf5a1eec4c0ae7c81aee87c07d7
14,56,0.525,6000,823.7038333333334,155.70180247464876,2.0101016265293046,"[820.57,840.81,818.965,819.955,836.625,823.505,811.26,824.91,810.0,846.62,819.535,833.54,809.715,837.49,822.195,809.17,812.14,828.675,837.935,847.7,812.105,816.92,827.98,807.01,825.21,812.415,816.16,842.99,826.77,812.24]",821.608945266573,-0.0025432539973535037,0.0025432539973535037,815.2982139013237,832.109452765343,0.012619142186011456,fc6ed5692c5e33a9fffe770a3a11e12d0b94dbf5a1eec4c0ae7c81aee87c07d7
14,56,0.725,6000,1417.0731666666666,359.9166373077809,4.646503807720035,"[1410.965,1435.01,1397.555,1380.165,1458.925,1422.83,1427.57,1405.095,1384.795,1454.475,1392.53,1411.215,1404.09,1445.585,1372.46,1440.67,1412.075,1400.18,1421.965,1455.655,1393.76,1436.73,1375.87,1417.765,1429.855,1462.46,1399.075,1434.935,1404.52,1423.415]",1425.4545454545453,0.005914570245934398,0.005914570245934398,1397.6429337960456,1436.5033995372876,0.019898939125290394,fc6ed5692c5e33a9fffe770a3a11e12d0b94dbf5a1eec4c0ae7c81aee87c07d7
14,56,0.94,6000,4765.833333333333,1916.7207958708477,24.7447590724574,"[4873.82,4810.38,4681.52,4822.775,4766.0,5038.695,4619.8,4808.425,4907.335,4620.715,4591.755,4703.995,4785.465,4965.61,4961.96,4699.45,4804.92,4601.32,4726.995,4590.505,4817.775,4905.705,4649.49,4832.295,4759.655,4899.225,4632.635,4707.105,4844.085,4545.59]",4690.710919794758,-0.01576270261344458,0.01576270261344458,4662.35845178768,4869.308214878986,0.0366781660151424,fc6ed5692c5e33a9fffe770a3a11e12d0b94dbf5a1eec4c0ae7c81aee87c07d7
14,56,1.0,6000,5878.233666666667,2517.3117805508264,32.49835534428363,"[6145.135,5686.455,5536.82,5915.175,5953.37,5497.825,5709.96,6192.155,5792.35,5759.54,5787.275,5683.125,5862.32,5628.09,6192.59,5437.92,6158.555,5954.42,5856.565,5864.165,5765.47,5928.51,5971.065,6079.695,5824.245,6195.07,5772.86,6049.345,6085.785,6061.155]",5820.9590575629245,-0.00974350669802836,0.00974350669802836,5742.335658533652,6014.131674799682,0.032119785146405455,fc6ed5692c5e33a9fffe770a3a11e12d0b94dbf5a1eec4c0ae7c81aee87c07d7
14,56,1.06,6000,5366.390666666666,2143.4729001611327,27.6721161512366,"[5225.955,5413.755,5325.415,5252.66,5694.295,5062.255,5451.745,5191.83,5128.64,5723.725,5495.345,5425.17,5377.18,5517.935,5313.32,5498.525,5483.415,5245.27,5495.64,5132.335,5225.325,5441.9,5360.285,5491.875,5216.805,5387.45,5198.26,5391.92,5518.96,5304.53]",5285.997939047708,-0.01498078179777654,0.01498078179777654,5250.674488849688,5482.106844483645,0.035772543476286,fc6ed5692c5e33a9fffe770a3a11e12d0b94dbf5a1eec4c0ae7c81aee87c07d7
14,56,1.275,6000,3886.0571666666665,1211.3922632386855,15.639006870826467,"[3726.465,3996.895,3783.78,3838.745,3852.135,3912.055,3768.705,4023.59,3873.815,3769.405,4023.585,3933.035,3865.425,4019.49,3897.075,3960.675,3735.27,3781.1,3925.135,3828.25,3965.235,3830.13,3869.69,3813.015,4072.51,3960.435,3876.62,3782.94,4031.655,3864.855]",3905.2995196159063,0.004951639186961651,0.004951639186961651,3820.65970699806,3951.454626335273,0.022153193194048848,fc6ed5692c5e33a9fffe770a3a11e12d0b94dbf5a1eec4c0ae7c81aee87c07d7
14,56,1.675,6000,2659.1311666666666,626.6246380687655,8.089689291878598,"[2690.47,2637.205,2676.435,2722.495,2649.38,2630.055,2734.845,2640.195,2684.45,2600.675,2674.195,2704.445,2635.61,2605.51,2687.79,2669.845,2703.085,2587.905,2561.38,2602.05,2675.07,2622.74,2689.29,2629.83,2707.055,2611.185,2731.265,2657.855,2669.45,2682.175]",2638.824737069902,-0.007636490388783518,0.007636490388783518,2625.3026036660267,2692.9597296673064,0.020102414455374196,fc6ed5692c5e33a9fffe770a3a11e12d0b94dbf5a1eec4c0ae7c81aee87c07d7
14,56,1.875,6000,2315.697166666667,506.15177275347213,6.534391288425195,"[2289.535,2276.375,2313.405,2313.83,2331.885,2317.18,2394.325,2410.135,2271.135,2335.535,2322.27,2269.79,2358.51,2374.595,2274.155,2289.47,2293.665,2362.065,2256.665,2322.475,2330.29,2257.09,2317.14,2360.085,2322.825,2357.32,2313.71,2275.175,2302.085,2258.195]",2292.216459065173,-0.010139800635198499,0.010139800635198499,2288.372375887219,2343.021957446115,0.02168374829757025,fc6ed5692c5e33a9fffe770a3a11e12d0b94dbf5a1eec4c0ae7c81aee87c07d7
14,112,0.325,6000,1158.8688333333334,128.59143020159794,1.6601082254526076,"[1160.7,1146.58,1153.285,1161.345,1165.11,1150.095,1155.54,1165.08,1156.43,1158.51,1154.125,1155.595,1164.37,1167.415,1155.22,1154.245,1161.825,1159.17,1158.625,1156.29,1160.225,1168.765,1160.98,1164.185,1169.67,1148.25,1161.35,1156.705,1163.89,1152.49]",1157.2648091812239,-0.001384129166280014,0.001384129166280014,1151.9267773820643,1165.8108892846026,0.007330588676026983,fc6ed5692c5e33a9fffe770a3a11e12d0b94dbf5a1eec4c0ae7c81aee87c07d7
14,112,0.525,6000,1645.4973333333332,218.51023800631054,2.8209550425808656,"[1667.16,1635.305,1628.375,1658.52,1619.285,1662.825,1622.915,1664.1,1658.725,1645.565,1670.485,1630.825,1632.06,1611.525,1642.325,1636.325,1640.74,1640.48,1660.155,1675.185,1635.825,1656.06,1653.93,1676.725,1626.925,1643.565,1629.16,1627.245,1670.275,1642.33]",1650.5263157894738,0.003056208207857226,0.003056208207857226,1633.7009772636727,1657.2936894029938,0.01029890950667256,fc6ed5692c5e33a9fffe770a3a11e12d0b94dbf5a1eec4c0ae7c81aee87c07d7
14,112,0.725,6000,2849.2276666666667,506.86537652471605,6.543603873497924,"[2862.12,2799.14,2876.775,2855.83,2828.385,2837.545,2872.585,2858.945,2788.105,2917.82,2754.27,2825.08,2864.26,2842.675,2866.19,2868.86,2896.45,2840.325,2882.435,2896.845,2853.295,2862.325,2776.54,2889.635,2872.97,2837.625,2895.855,2821.655,2802.235,2830.055]",2850.9090909090905,0.0005901333410787015,0.0005901333410787015,2821.8643517235223,2876.590981609811,0.01029274818537207,fc6ed5692c5e33a9fffe770a3a11e12d0b94dbf5a1eec4c0ae7c81aee87c07d7
14,112,0.94,6000,12607.270666666667,4413.33320032177,56.97588662036833,"[12729.905,13289.84,12577.71,12504.34,12591.5,12664.06,12676.03,12495.84,12429.99,12604.715,12672.16,12656.275,12285.71,12447.675,12704.68,12572.03,12382.995,12668.625,12433.82,12773.49,12574.15,12869.155,12370.0,12239.055,12456.14,13114.46,12712.445,12763.395,12542.52,12415.41]",12373.107167204093,-0.018573687013930588,0.018573687013930588,12369.015240467616,12845.526092865719,0.036776923128434835,fc6ed5692c5e33a9fffe770a3a11e12d0b94dbf5a1eec4c0ae7c81aee87c07d7
14,112,1.0,6000,23397.834,10042.975958804684,129.65426211604003,"[21761.675,24475.49,23857.95,23223.835,23245.94,22571.665,22538.52,23992.025,22263.205,24580.565,22540.08,23736.37,23151.835,24290.7,23278.04,22948.555,23102.975,23748.4,23683.57,23552.445,24696.44,24009.845,23889.155,22870.645,23925.67,22665.18,23544.89,23455.77,22960.35,23373.235]",23305.991589642003,-0.003925252669028954,0.003925252669028954,22855.660225947002,23940.007774052996,0.02648354129183539,fc6ed5692c5e33a9fffe770a3a11e12d0b94dbf5a1eec4c0ae7c81aee87c07d7
14,112,1.06,6000,19424.567,7123.303564156325,91.96145357985795,"[19261.515,19101.51,18837.855,19959.185,19800.325,19603.965,18974.21,19441.015,19093.31,19535.98,19107.92,19907.755,20313.215,19290.64,19541.095,19343.785,19534.95,20002.3,19836.595,19217.72,19376.45,19581.445,19146.055,20073.305,19107.225,19319.615,19207.365,19298.29,18403.175,19519.24]",19213.331579389767,-0.01087465273281159,0.01087465273281159,19040.012820746197,19809.1211792538,0.03007652860885157,fc6ed5692c5e33a9fffe770a3a11e12d0b94dbf5a1eec4c0ae7c81aee87c07d7
14,112,1.275,6000,11790.535333333333,2984.4376530767745,38.52892442720232,"[11959.205,11963.775,11751.64,11434.59,11645.88,11898.62,11727.21,12167.74,12113.06,11811.235,12046.73,11726.125,11538.165,11640.4,11601.89,11709.0,11742.69,11922.91,11566.445,11856.765,11655.655,11689.37,11923.705,11767.36,11804.905,11953.82,11661.15,11559.35,12024.585,11852.085]",11774.610012119163,-0.0013506868656885627,0.0013506868656885627,11629.419362088183,11951.651304578483,0.014813123973211884,fc6ed5692c5e33a9fffe770a3a11e12d0b94dbf5a1eec4c0ae7c81aee87c07d7
14,112,1.675,6000,7202.643666666667,1328.0067935445607,17.144493983494648,"[7100.145,7055.36,7268.59,7204.29,7299.795,7277.7,7282.55,7214.88,7201.805,7097.275,7251.465,7166.89,7233.205,7057.875,7183.205,7136.18,7145.705,7129.285,7180.095,7324.595,7296.53,7260.725,7245.795,7272.92,7201.015,7225.8,7134.85,7087.255,7232.785,7310.745]",7156.871029068928,-0.006354977382759004,0.006354977382759004,7130.9507284203255,7274.336604913008,0.01614794341036474,fc6ed5692c5e33a9fffe770a3a11e12d0b94dbf5a1eec4c0ae7c81aee87c07d7
14,112,1.875,6000,6046.404666666666,998.1939182483333,12.886628072204408,"[6023.295,6134.97,6046.475,6011.415,6061.505,6003.375,6019.055,6044.265,6163.125,5982.08,5975.35,6027.975,6060.69,6047.47,6019.455,6056.795,6109.57,5947.65,6070.165,6026.995,6136.815,6003.485,6032.805,5965.035,6128.16,6032.15,6082.11,6087.65,6022.17,6070.085]",6064.918702689562,0.003061990892697353,0.003061990892697353,5992.516798557316,6100.2925347760165,0.01208205276114982,fc6ed5692c5e33a9fffe770a3a11e12d0b94dbf5a1eec4c0ae7c81aee87c07d7
15,14,0.325,6000,154.30433333333335,47.222925738897686,0.609645349819801,"[154.155,152.815,152.99,155.145,151.835,154.665,155.305,155.835,157.38,152.775,150.75,155.39,154.385,154.79,150.56,157.44,157.745,152.495,153.165,153.435,153.85,151.06,155.765,152.455,151.55,157.05,159.85,152.825,155.03,156.64]",155.28285942665732,0.006341533463030709,0.006341533463030709,151.75498621005997,156.85368045660672,0.02324716508302438,fc6ed5692c5e33a9fffe770a3a11e12d0b94dbf5a1eec4c0ae7c81aee87c07d7
15,14,0.525,6000,211.36466666666666,73.33402801451062,0.9467382307016927,"[207.545,215.41,202.525,204.25,212.13,216.595,214.07,213.49,215.285,212.67,213.94,210.635,210.37,209.175,206.16,213.795,206.93,221.055,219.33,214.855,212.71,216.11,208.275,198.815,210.435,211.095,204.825,208.66,212.035,217.765]",209.8496665201709,-0.007167707689218469,0.007167707689218469,207.40570202329542,215.3236313100379,0.02542203452804126,fc6ed5692c5e33a9fffe770a3a11e12d0b94dbf5a1eec4c0ae7c81aee87c07d7
15,14,0.725,6000,295.4135,113.99352001254637,1.4716500152805132,"[287.825,283.77,300.245,293.845,288.85,280.525,297.755,298.795,295.44,299.84,295.035,296.425,295.035,292.495,320.84,304.47,296.45,301.11,270.2,302.995,296.95,288.675,289.325,292.98,302.865,287.985,296.465,302.595,296.92,305.7]",293.35289441460446,-0.006975326399760117,0.006975326399760117,289.25951763299014,301.56748236700986,0.027239634352911324,fc6ed5692c5e33a9fffe770a3a11e12d0b94dbf5a1eec4c0ae7c81aee87c07d7
15,14,0.94,6000,374.236,158.4201190706357,2.0451949428825604,"[368.695,375.77,369.375,374.815,374.045,373.76,399.045,389.62,378.725,384.99,385.035,369.67,362.21,373.675,384.15,370.71,372.465,365.995,364.75,372.865,364.875,366.15,370.41,386.09,376.57,381.645,370.14,362.58,366.925,371.33]",372.6932423472493,-0.004122419149282026,0.004122419149282026,365.6836312405039,382.78836875949605,0.026372604906889086,fc6ed5692c5e33a9fffe770a3a11e12d0b94dbf5a1eec4c0ae7c81aee87c07d7
15,14,1.0,6000,375.10316666666665,160.81081289172081,2.076058667399039,"[378.75,382.205,356.525,368.215,365.255,391.12,384.49,377.58,380.095,369.43,366.74,383.825,368.32,363.775,364.56,368.705,376.17,355.425,380.375,398.35,354.295,375.37,370.985,374.89,373.515,381.23,386.895,379.18,397.93,378.895]",376.0929672038744,0.002638742151935367,0.002638742151935367,366.42173541644075,383.78459791689255,0.026393717546373763,fc6ed5692c5e33a9fffe770a3a11e12d0b94dbf5a1eec4c0ae7c81aee87c07d7
15,14,1.06,6000,373.31166666666667,158.41441449041798,2.0451212970686257,"[356.185,378.215,357.545,372.73,363.29,393.545,352.795,370.36,370.87,364.98,383.275,379.43,371.68,363.49,385.855,384.955,369.705,387.945,379.31,376.78,368.85,391.01,382.2,359.365,381.26,346.79,403.77,369.875,368.185,365.105]",368.2234727004421,-0.013629882000896286,0.013629882000896286,364.7596058710449,381.8637274622884,0.035720215828023094,fc6ed5692c5e33a9fffe770a3a11e12d0b94dbf5a1eec4c0ae7c81aee87c07d7
15,14,1.275,6000,345.1035,135.14727615503523,1.744743832779154,"[345.785,345.93,341.04,360.405,347.315,346.6,339.72,352.68,340.28,339.315,341.825,366.08,341.505,339.34,336.275,332.21,351.62,347.11,340.71,347.555,348.53,337.435,344.165,340.385,342.88,346.865,334.895,348.465,342.485,363.7]",341.0005183527537,-0.011889133686694807,0.011889133686694807,337.80752427860847,352.3994757213915,0.03234669218875308,fc6ed5692c5e33a9fffe770a3a11e12d0b94dbf5a1eec4c0ae7c81aee87c07d7
15,14,1.675,6000,296.4796666666667,102.97195471161915,1.3293622190817511,"[298.34,291.46,303.995,296.68,302.72,299.85,291.51,296.485,292.425,277.415,300.485,282.855,295.71,294.46,298.99,295.335,297.445,300.425,294.235,315.525,302.075,297.02,299.37,284.79,284.31,299.905,300.385,300.75,314.695,284.745]",296.36128701037836,-0.00039928423294338915,0.00039928423294338915,290.92068758152135,302.038645751812,0.018796795778573183,fc6ed5692c5e33a9fffe770a3a11e12d0b94dbf5a1eec4c0ae7c81aee87c07d7
15,14,1.875,6000,278.4898333333333,92.06108897894677,1.1885035481639334,"[269.6,275.28,280.82,285.67,284.7,286.475,291.62,282.565,274.74,274.765,283.395,272.085,264.115,283.8,279.575,271.165,274.29,283.075,286.645,300.15,268.665,285.76,272.33,269.15,285.83,267.155,277.355,274.95,281.0,267.97]",277.2802727698415,-0.0043432844532032625,0.0043432844532032625,273.5198813728902,283.4597852937764,0.02180031469906929,fc6ed5692c5e33a9fffe770a3a11e12d0b94dbf5a1eec4c0ae7c81aee87c07d7
15,28,0.325,6000,310.3185,68.02549254279076,0.8782053324526181,"[310.665,314.45,302.045,307.545,308.48,315.36,316.23,305.56,310.455,313.48,302.7,312.51,303.825,312.57,315.525,309.12,310.935,310.305,316.95,311.01,315.44,314.69,307.935,308.455,310.085,312.865,309.88,302.755,316.575,301.155]",309.02240408755495,-0.004176663371487764,0.004176663371487764,306.6461186087646,313.99088139123535,0.015823635647207346,fc6ed5692c5e33a9fffe770a3a11e12d0b94dbf5a1eec4c0ae7c81aee87c07d7
15,28,0.525,6000,439.652,116.5250884804394,1.5043324236669584,"[446.47,443.905,455.3,417.62,443.43,444.05,429.345,441.38,439.57,441.75,444.145,435.785,441.27,412.7,444.38,440.19,430.005,437.06,435.23,431.82,437.275,456.82,435.58,452.875,447.42,438.815,439.87,434.38,433.86,457.26]",442.10526315789474,0.005580011367842642,0.005580011367842642,433.36134997231454,445.94265002768543,0.02017695668092867,fc6ed5692c5e33a9fffe770a3a11e12d0b94dbf5a1eec4c0ae7c81aee87c07d7
15,28,0.725,6000,742.807,247.0735706408482,3.1897060812666895,"[759.68,726.78,736.075,728.32,774.14,750.835,719.29,747.305,744.945,721.635,738.805,719.945,705.11,736.955,764.58,727.095,749.325,772.58,744.01,734.445,740.83,719.615,771.48,762.025,737.115,746.37,735.145,764.9,758.22,746.655]",738.6096399803957,-0.005650673754561111,0.005650673754561111,729.4686418467419,756.1453581532581,0.02319093542502204,fc6ed5692c5e33a9fffe770a3a11e12d0b94dbf5a1eec4c0ae7c81aee87c07d7
15,28,0.94,6000,1441.6438333333333,596.3383675006982,7.698695220115741,"[1450.265,1478.63,1399.5,1535.78,1459.7,1427.255,1397.47,1475.47,1464.98,1401.835,1420.785,1400.09,1417.76,1446.98,1459.53,1495.265,1458.6,1500.91,1477.775,1407.505,1408.585,1339.42,1439.575,1455.24,1419.345,1429.695,1458.755,1455.89,1468.79,1397.935]",1459.1709350489518,0.012157719757377795,0.012157719757377795,1409.4502858582941,1473.8373808083725,0.03527662500020701,fc6ed5692c5e33a9fffe770a3a11e12d0b94dbf5a1eec4c0ae7c81aee87c07d7
15,28,1.0,6000,1519.6478333333334,648.7111150816239,8.374824484035909,"[1470.145,1498.58,1503.905,1440.07,1550.535,1461.78,1620.27,1588.955,1517.94,1508.17,1534.93,1493.715,1485.725,1563.45,1562.63,1566.865,1572.665,1485.45,1542.815,1494.04,1436.49,1499.91,1485.89,1502.995,1485.715,1475.995,1587.745,1582.24,1509.2,1560.62]",1510.5101661119454,-0.0060130163192775,0.0060130163192775,1484.626923696924,1554.6687429697429,0.02840384941003271,fc6ed5692c5e33a9fffe770a3a11e12d0b94dbf5a1eec4c0ae7c81aee87c07d7
15,28,1.06,6000,1482.1888333333334,616.6311586674907,7.9606740275725825,"[1432.37,1482.48,1549.735,1490.25,1476.07,1458.2,1545.005,1420.615,1492.095,1504.415,1548.645,1411.905,1444.36,1428.515,1461.07,1426.41,1425.675,1486.745,1469.41,1526.895,1521.73,1513.98,1487.975,1525.63,1509.205,1502.405,1474.045,1499.615,1480.32,1469.895]",1446.470289890691,-0.024098510688623943,0.024098510688623943,1448.8997720167697,1515.477894649897,0.04553521038005515,fc6ed5692c5e33a9fffe770a3a11e12d0b94dbf5a1eec4c0ae7c81aee87c07d7
15,28,1.275,6000,1248.9116666666666,450.2413164860233,5.812590401749571,"[1212.95,1230.09,1223.3,1213.945,1269.835,1253.915,1278.905,1267.3,1229.135,1208.565,1249.82,1247.08,1241.53,1263.285,1237.87,1244.465,1271.2,1250.9,1254.465,1275.18,1227.975,1226.165,1222.55,1281.355,1288.97,1218.895,1287.815,1260.12,1308.8,1220.97]",1242.842159183372,-0.0048598372849652256,0.0048598372849652256,1224.605222561341,1273.2181107719923,0.023857618212956844,fc6ed5692c5e33a9fffe770a3a11e12d0b94dbf5a1eec4c0ae7c81aee87c07d7
15,28,1.675,6000,970.1605,285.63135907196454,3.687484989467698,"[952.155,1007.26,1014.11,960.01,976.5,1003.23,963.67,955.495,999.06,949.92,973.2,948.06,995.25,963.33,963.695,946.755,998.46,975.145,938.3,968.375,952.175,966.08,963.35,934.86,974.15,978.54,954.28,960.205,986.655,982.54]",970.3050963593306,0.00014904375031827077,0.00014904375031827077,954.7405853680062,985.5804146319937,0.016302345610797575,fc6ed5692c5e33a9fffe770a3a11e12d0b94dbf5a1eec4c0ae7c81aee87c07d7
15,28,1.875,6000,880.0911666666667,241.15400832509664,3.11328486038088,"[881.92,883.915,874.485,902.925,874.11,881.705,863.42,846.04,865.85,870.355,909.905,898.63,890.72,891.075,843.805,889.49,875.625,914.355,876.925,880.23,893.7,855.26,895.965,865.825,855.135,885.045,893.88,875.12,898.81,868.51]",873.8583732164293,-0.007081986146780713,0.007081986146780713,867.0723782758612,893.1099550574722,0.021555668181757137,fc6ed5692c5e33a9fffe770a3a11e12d0b94dbf5a1eec4c0ae7c81aee87c07d7
15,56,0.325,6000,623.7881666666667,99.42345194723966,1.2835512453803752,"[634.19,622.87,623.64,630.15,627.775,617.77,633.85,634.83,630.905,610.69,619.515,611.825,620.525,623.34,614.415,635.74,615.11,623.755,628.265,620.595,618.31,625.045,623.36,628.36,622.605,629.325,631.805,620.135,622.715,612.23]",611.9921002506238,-0.018910372216705332,0.018910372216705332,618.4207548165614,629.155578516772,0.027280181329093378,fc6ed5692c5e33a9fffe770a3a11e12d0b94dbf5a1eec4c0ae7c81aee87c07d7
15,56,0.525,6000,881.5271666666666,166.3643675163106,2.1477547493100038,"[888.915,891.965,873.945,895.945,886.995,863.925,881.145,859.3,856.8,867.91,864.435,860.175,865.095,883.02,888.285,893.185,885.305,896.29,904.255,886.785,897.99,885.135,877.765,884.21,872.525,887.27,889.54,903.02,880.375,874.31]",880.4964583918427,-0.0011692303014567155,0.0011692303014567155,872.5459247146554,890.5084086186779,0.011242959785596418,fc6ed5692c5e33a9fffe770a3a11e12d0b94dbf5a1eec4c0ae7c81aee87c07d7
15,56,0.725,6000,1526.9718333333333,383.1163327163668,4.9460105875684945,"[1486.795,1550.505,1502.27,1495.915,1575.66,1543.81,1519.05,1510.595,1534.25,1528.545,1512.065,1520.5,1506.99,1599.17,1546.915,1570.455,1530.375,1533.39,1491.935,1466.82,1493.5,1546.54,1545.66,1473.095,1521.715,1519.485,1570.2,1477.075,1573.11,1562.765]",1527.2727272727273,0.00019705271100982285,0.00019705271100982285,1506.289156319846,1547.6545103468206,0.01393063932302896,fc6ed5692c5e33a9fffe770a3a11e12d0b94dbf5a1eec4c0ae7c81aee87c07d7
15,56,0.94,6000,5055.313166666667,1992.6597348509995,25.725126559120028,"[4914.825,5269.195,4886.89,5182.77,5309.15,4990.755,4850.755,5040.41,5052.31,4986.515,5278.25,5019.64,4659.565,5102.7,4915.455,4974.31,5037.155,5419.155,4846.325,5265.48,5143.535,5177.775,5030.4,5042.935,5079.66,5149.96,4940.36,5133.91,4956.585,5002.665]",4946.4508948112625,-0.021534229090536254,0.021534229090536254,4947.738693395082,5162.887639938252,0.04192164544754218,fc6ed5692c5e33a9fffe770a3a11e12d0b94dbf5a1eec4c0ae7c81aee87c07d7
15,56,1.0,6000,6034.395666666666,2527.1920475873585,32.625909043245535,"[6147.705,5746.595,6044.065,5934.88,6175.12,5769.495,5842.485,5800.855,6065.79,6173.0,6051.7,6135.23,5945.08,6152.305,6214.2,6174.055,6044.875,6275.45,6182.0,5835.495,6262.81,5953.53,6203.08,6079.44,5868.855,6098.92,6364.435,5775.36,6017.54,5697.52]",6054.3172590406775,0.003301340096748357,0.003301340096748357,5897.964268660987,6170.827064672346,0.02650965371399039,fc6ed5692c5e33a9fffe770a3a11e12d0b94dbf5a1eec4c0ae7c81aee87c07d7
15,56,1.06,6000,5615.46,2250.979096574541,29.060015178980713,"[5619.905,5593.135,5560.55,5446.525,5854.515,5958.415,5673.215,5560.02,5356.305,5254.51,5515.195,5356.465,5753.69,5854.925,5478.185,5951.505,5655.265,5347.535,5542.91,5496.965,5899.245,5510.685,5656.58,5627.44,5642.195,5454.125,5630.25,5739.525,5678.845,5795.175]",5540.273172355601,-0.013389255313794288,0.013389255313794288,5493.940060381477,5736.979939618523,0.034287511780283775,fc6ed5692c5e33a9fffe770a3a11e12d0b94dbf5a1eec4c0ae7c81aee87c07d7
15,56,1.275,6000,4203.675166666667,1303.8918105523849,16.833170891752076,"[4025.47,4176.55,4240.07,4142.835,4045.73,4259.64,4225.585,4013.33,4451.855,4202.54,4149.78,4191.565,4108.69,4308.77,4261.055,4206.88,4130.875,4095.5,4326.185,4244.995,4329.71,4256.85,4204.555,4255.05,4200.645,4180.41,4243.215,4341.77,4113.87,4176.28]",4185.2265992609155,-0.0043886757835240485,0.0043886757835240485,4133.284084702142,4274.066248631192,0.020785744581925503,fc6ed5692c5e33a9fffe770a3a11e12d0b94dbf5a1eec4c0ae7c81aee87c07d7
15,56,1.675,6000,2905.3193333333334,697.296988765413,9.002065416163415,"[2876.13,2926.5,2929.485,2918.46,2906.365,2912.595,2838.765,2918.725,2911.225,2906.56,2811.685,2905.67,2987.865,2876.88,2900.855,2930.405,2958.58,2846.395,2858.895,2851.48,2880.58,2913.61,2860.6,2959.105,2937.575,2894.51,2943.89,2969.505,2879.7,2946.985]",2883.9509821818624,-0.00735490619096752,0.00735490619096752,2867.675497324417,2942.96316934225,0.020051962516940525,fc6ed5692c5e33a9fffe770a3a11e12d0b94dbf5a1eec4c0ae7c81aee87c07d7
15,56,1.875,6000,2540.4366666666665,571.4115404099231,7.376891266127862,"[2536.065,2519.46,2577.095,2549.72,2653.68,2468.925,2598.405,2497.58,2493.975,2520.91,2610.85,2519.67,2500.245,2503.975,2553.74,2627.375,2542.69,2492.91,2485.44,2508.75,2537.08,2559.675,2570.305,2569.985,2554.78,2532.44,2496.685,2528.71,2565.26,2536.72]",2517.0039585802892,-0.009223889890206774,0.009223889890206774,2509.5888031775703,2571.2845301557627,0.021110293683517467,fc6ed5692c5e33a9fffe770a3a11e12d0b94dbf5a1eec4c0ae7c81aee87c07d7
15,112,0.325,6000,1243.5435,139.0633664116097,1.7953003405990142,"[1252.66,1242.12,1225.64,1244.895,1243.275,1237.825,1254.005,1249.96,1246.775,1244.45,1237.99,1240.735,1236.29,1243.22,1250.87,1242.33,1253.94,1228.69,1239.41,1235.635,1252.14,1253.21,1251.48,1244.305,1238.845,1240.37,1238.145,1261.28,1241.0,1234.815]",1238.7777656792023,-0.0038323824786167266,0.0038323824786167266,1236.0361126967578,1251.0508873032422,0.009810249725729192,fc6ed5692c5e33a9fffe770a3a11e12d0b94dbf5a1eec4c0ae7c81aee87c07d7
15,112,0.525,6000,1764.0555,240.76792135112592,3.1083004989796263,"[1741.405,1768.56,1762.95,1757.67,1767.505,1756.77,1797.02,1758.09,1781.355,1747.595,1768.735,1772.215,1755.055,1728.62,1743.75,1765.185,1746.905,1807.9,1787.935,1740.715,1800.21,1763.315,1759.715,1770.515,1776.785,1762.79,1727.565,1787.23,1755.765,1761.84]",1768.421052631579,0.0024747252178738263,0.0024747252178738263,1751.0575546573755,1777.0534453426244,0.009916006431668123,fc6ed5692c5e33a9fffe770a3a11e12d0b94dbf5a1eec4c0ae7c81aee87c07d7
15,112,0.725,6000,3045.7901666666667,547.5648610129595,7.069031958905236,"[3067.04,2994.445,3039.915,3078.76,2945.905,3027.545,3094.0,3068.265,3050.69,3053.755,3005.805,3073.61,3063.25,3101.145,3109.625,3080.625,3044.155,3054.305,3033.04,3082.645,3163.33,3000.1,3034.615,3005.41,3023.515,2945.635,3070.115,3030.07,2986.115,3046.275]",3054.5454545454545,0.00287455385948983,0.00287455385948983,3016.229674990499,3075.3506583428343,0.012703203563261933,fc6ed5692c5e33a9fffe770a3a11e12d0b94dbf5a1eec4c0ae7c81aee87c07d7
15,112,0.94,6000,13308.988166666666,4737.628607312957,61.16252232212973,"[12977.695,13309.395,13406.255,12870.885,13499.38,13110.875,13667.965,13082.305,12923.47,13514.61,13573.02,12968.27,13678.46,13097.085,13126.725,13170.335,13613.36,13329.68,13018.31,13184.555,12907.955,12993.63,13635.89,13440.485,13648.88,13615.355,13894.7,13512.495,13395.77,13101.85]",13178.810939355024,-0.009781151330322804,0.009781151330322804,13053.225532899094,13564.750800434238,0.028451673514478415,fc6ed5692c5e33a9fffe770a3a11e12d0b94dbf5a1eec4c0ae7c81aee87c07d7
15,112,1.0,6000,24229.361333333334,10365.602415152229,133.81935175763988,"[22921.89,23872.125,24592.3,23968.23,25208.65,23457.08,23587.58,25136.505,24673.12,24454.55,23486.675,24487.45,23252.185,23675.895,24334.92,23766.635,25063.68,25268.75,24066.005,23530.78,24873.51,24564.725,23455.22,24180.995,25155.25,24849.45,23935.215,24125.085,24863.745,24072.64]",24241.822225348504,0.0005142889176375671,0.0005142889176375671,23669.770450629996,24788.952216036672,0.024168032212719792,fc6ed5692c5e33a9fffe770a3a11e12d0b94dbf5a1eec4c0ae7c81aee87c07d7
15,112,1.06,6000,20466.694666666666,7553.503620104252,97.51531242060402,"[20557.76,21017.02,19813.795,19693.305,21035.29,20544.795,20643.24,20773.765,20148.615,20942.795,20380.18,20202.985,20391.64,20755.375,19713.34,21349.105,19967.775,21303.545,20583.265,20377.81,20421.2,20272.885,20846.875,19705.47,20678.695,20330.555,20291.1,20047.6,20445.0,20766.06]",20290.022922738,-0.008632158089327654,0.008632158089327654,20058.915978174984,20874.47335515835,0.02799833186095313,fc6ed5692c5e33a9fffe770a3a11e12d0b94dbf5a1eec4c0ae7c81aee87c07d7
15,112,1.275,6000,12838.920166666667,3307.4404117796107,42.698872111319446,"[12860.115,12806.545,12750.335,12742.735,13211.315,12571.18,12971.165,12425.02,12839.905,12777.255,12693.07,12705.99,13221.985,12757.295,13011.355,12672.86,12628.07,12904.93,13197.735,13081.675,12954.27,13008.605,12985.715,12545.78,13082.135,12769.955,12593.235,12616.18,12893.23,12887.965]",12808.851309183858,-0.0023420082913885587,0.0023420082913885587,12660.366771949253,13017.47356138408,0.016026324249207136,fc6ed5692c5e33a9fffe770a3a11e12d0b94dbf5a1eec4c0ae7c81aee87c07d7
15,112,1.675,6000,7926.583166666666,1475.7250373339455,19.05152831058563,"[7900.56,7937.735,7959.06,7995.05,7816.955,7813.975,8033.855,7860.92,7868.765,8197.205,7865.16,7764.185,7912.985,7968.895,7774.09,8101.14,7972.615,7950.69,8046.48,7861.325,7768.135,7817.31,8093.53,7903.16,7972.795,7973.34,7887.66,7852.685,7914.79,8012.445]",7924.8202315593835,-0.00022240794932883905,0.00022240794932883905,7846.915604358664,8006.250728974669,0.01017086526163713,fc6ed5692c5e33a9fffe770a3a11e12d0b94dbf5a1eec4c0ae7c81aee87c07d7
15,112,1.875,6000,6738.4705,1133.2653995750786,14.630393397957912,"[6716.28,6739.225,6737.92,6755.405,6682.95,6702.485,6739.64,6897.805,6713.15,6779.955,6695.255,6842.51,6684.62,6665.46,6728.055,6759.135,6738.175,6827.94,6702.675,6725.98,6595.245,6725.275,6629.945,6683.565,6770.53,6740.84,6772.285,6850.715,6814.41,6736.685]",6746.081842424476,0.0011295356156083014,0.0011295356156083014,6677.290747981116,6799.650252018885,0.01030224638101318,fc6ed5692c5e33a9fffe770a3a11e12d0b94dbf5a1eec4c0ae7c81aee87c07d7
16,14,0.325,6000,165.02566666666667,51.44825713033611,0.6641941435239624,"[156.81,161.525,165.885,160.695,164.125,162.525,168.005,172.735,165.315,168.465,162.33,167.605,165.01,166.31,161.345,164.415,168.46,161.73,164.605,168.55,166.69,166.215,158.125,172.735,168.775,167.385,162.11,163.575,162.76,165.955]",165.49817554679157,0.002863244788941351,0.002863244788941351,162.24821346442647,167.80311986890686,0.02003080350143671,fc6ed5692c5e33a9fffe770a3a11e12d0b94dbf5a1eec4c0ae7c81aee87c07d7
16,14,0.525,6000,224.25766666666667,78.14349626738218,1.0088281988599754,"[221.54,215.13,230.36,226.56,219.025,223.485,221.29,224.09,232.2,232.395,213.75,226.1,219.63,233.025,213.795,222.395,231.23,215.895,224.83,228.95,223.905,234.67,220.59,231.435,232.185,218.82,222.085,223.895,219.015,225.455]",222.74805566126867,-0.006731591511838316,0.006731591511838316,220.03906109967443,228.4762722336589,0.025071384946845132,fc6ed5692c5e33a9fffe770a3a11e12d0b94dbf5a1eec4c0ae7c81aee87c07d7
16,14,0.725,6000,310.33633333333336,118.72233732025896,1.5326987842139408,"[309.145,312.145,323.17,321.405,304.855,313.015,300.57,309.605,302.98,315.29,305.485,302.94,297.37,304.175,316.93,301.725,320.125,313.105,324.13,303.255,303.235,331.67,313.885,309.65,293.9,315.28,313.17,305.235,311.59,311.055]",308.6983076447803,-0.005278227241261009,0.005278227241261009,303.92706401382594,316.7456026528408,0.025406177514895045,fc6ed5692c5e33a9fffe770a3a11e12d0b94dbf5a1eec4c0ae7c81aee87c07d7
16,14,0.94,6000,387.74316666666664,162.28287389154357,2.095062893188756,"[383.375,396.79,409.235,384.96,376.815,391.915,376.82,403.275,387.655,396.345,408.61,391.37,385.285,389.685,384.14,365.505,372.81,366.56,395.015,394.8,407.125,392.185,370.085,372.125,378.87,388.365,381.425,395.205,405.55,380.395]",387.00341450553526,-0.001907840613906485,0.001907840613906485,378.98226565855384,396.50406767477944,0.0239610484325139,fc6ed5692c5e33a9fffe770a3a11e12d0b94dbf5a1eec4c0ae7c81aee87c07d7
16,14,1.0,6000,391.339,165.4410515438132,2.135834791360771,"[410.2,385.87,420.6,378.76,386.67,383.7,382.925,400.16,384.54,391.93,407.22,381.37,372.31,382.175,382.385,398.865,366.505,393.19,400.325,394.565,377.03,399.37,396.235,402.185,398.975,370.48,393.435,397.82,399.095,401.28]",390.3295900449453,-0.0025793748005046957,0.0025793748005046957,382.40760360248424,400.27039639751575,0.024835227491313283,fc6ed5692c5e33a9fffe770a3a11e12d0b94dbf5a1eec4c0ae7c81aee87c07d7
16,14,1.06,6000,387.53833333333336,160.10052225636247,2.0668888547266726,"[379.895,403.555,367.98,364.21,384.63,404.145,357.655,376.07,390.36,379.18,380.94,384.795,405.585,415.835,384.165,391.62,401.185,366.51,383.0,403.225,394.85,380.39,398.1,408.7,387.07,393.78,388.67,379.04,391.345,379.665]",382.7419402541062,-0.012376564243263152,0.012376564243263152,378.89524738593667,396.18141928073004,0.03392253743505502,fc6ed5692c5e33a9fffe770a3a11e12d0b94dbf5a1eec4c0ae7c81aee87c07d7
16,14,1.275,6000,362.95466666666664,141.38239556318445,1.8252388782104092,"[363.22,377.275,365.3,375.775,357.17,356.795,348.105,360.99,338.37,353.435,358.765,362.89,386.94,346.695,370.62,381.3,366.8,360.29,361.37,362.395,372.68,361.44,371.185,366.83,353.79,356.495,358.99,371.555,350.915,370.26]",356.5070694312898,-0.017764194340276273,0.017764194340276273,355.3220857164013,370.58724761693196,0.03799423287278514,fc6ed5692c5e33a9fffe770a3a11e12d0b94dbf5a1eec4c0ae7c81aee87c07d7
16,14,1.675,6000,311.9153333333333,110.70812171166294,1.4292357055972478,"[311.425,308.935,302.085,309.195,318.105,314.36,295.505,328.315,310.725,314.445,302.695,317.7,316.245,311.815,317.235,317.195,312.93,313.935,311.1,306.57,322.645,310.22,307.845,313.86,307.01,298.72,307.565,322.13,313.845,313.105]",313.1376952712148,0.003918890183494733,0.003918890183494733,305.9387144095263,317.8919522571403,0.02353079398788349,fc6ed5692c5e33a9fffe770a3a11e12d0b94dbf5a1eec4c0ae7c81aee87c07d7
16,14,1.875,6000,293.6091666666667,96.92082175804089,1.2512424285654327,"[293.865,291.665,293.635,302.805,290.4,295.83,297.085,284.465,289.685,297.8,299.82,292.29,286.655,287.735,287.445,296.145,302.45,297.515,288.265,296.035,295.015,283.17,304.39,279.075,285.755,303.635,292.62,286.95,301.91,304.165]",294.35512644688777,0.002540655622881047,0.002540655622881047,288.3768602335515,298.84147309978187,0.02073074174014722,fc6ed5692c5e33a9fffe770a3a11e12d0b94dbf5a1eec4c0ae7c81aee87c07d7
16,28,0.325,6000,331.9986666666667,73.8743385838801,0.9537136101581855,"[336.68,324.16,327.79,340.005,328.02,331.83,333.07,333.755,338.13,331.695,333.725,332.035,332.605,333.705,333.765,331.995,336.47,332.66,329.25,330.02,335.585,318.71,332.845,342.745,330.98,325.4,327.445,331.435,328.28,335.17]",329.9700948217786,-0.0061101806981797005,0.0061101806981797005,328.01053315723846,335.9868001760949,0.017907564675644583,fc6ed5692c5e33a9fffe770a3a11e12d0b94dbf5a1eec4c0ae7c81aee87c07d7
16,28,0.525,6000,469.8881666666667,127.8680388755006,1.6507692835900547,"[471.67,486.48,469.865,475.38,478.35,469.06,472.48,470.945,479.3,463.33,464.635,467.05,479.5,447.96,482.84,456.61,459.37,463.11,455.875,474.59,463.57,474.41,461.44,484.495,471.035,470.85,456.015,488.045,456.16,482.225]",471.5789473684211,0.0035982619305964364,0.0035982619305964364,462.9851632638649,476.7911700694685,0.01856168358392618,fc6ed5692c5e33a9fffe770a3a11e12d0b94dbf5a1eec4c0ae7c81aee87c07d7
16,28,0.725,6000,789.5196666666667,266.4531869391455,3.4398958518640073,"[794.21,788.43,772.94,751.56,799.87,760.47,790.765,803.325,814.79,772.37,805.185,780.015,789.05,779.8,814.645,787.36,778.035,801.02,787.24,799.715,757.565,795.71,805.5,754.675,794.87,826.26,811.81,805.045,812.19,751.17]",785.1510251856866,-0.005533290259157629,0.005533290259157629,775.1350927551267,803.9042405782067,0.02332767318036766,fc6ed5692c5e33a9fffe770a3a11e12d0b94dbf5a1eec4c0ae7c81aee87c07d7
16,28,0.94,6000,1500.506,603.0110070939387,7.784838626848623,"[1544.985,1543.165,1510.75,1545.94,1449.61,1495.505,1508.59,1420.935,1489.51,1468.5,1520.4,1423.05,1496.39,1483.2,1479.61,1528.76,1387.545,1560.635,1520.945,1472.795,1489.38,1537.39,1455.16,1500.215,1550.315,1434.09,1533.57,1558.505,1536.505,1569.23]",1520.5281218654802,0.013343580009330272,0.013343580009330272,1467.9522276069683,1533.0597723930318,0.03581580740145762,fc6ed5692c5e33a9fffe770a3a11e12d0b94dbf5a1eec4c0ae7c81aee87c07d7
16,28,1.0,6000,1575.1821666666667,650.3233452605486,8.39563828614667,"[1572.2,1532.045,1581.16,1579.87,1651.735,1552.075,1646.01,1529.045,1610.69,1688.03,1606.13,1519.65,1524.645,1567.86,1586.56,1613.79,1527.86,1563.925,1526.175,1584.18,1569.47,1532.965,1533.505,1527.225,1622.955,1574.58,1527.75,1585.05,1612.26,1606.07]",1568.0561149251,-0.004523954049484032,0.004523954049484032,1540.0742201873597,1610.2901131459737,0.02622757096754602,fc6ed5692c5e33a9fffe770a3a11e12d0b94dbf5a1eec4c0ae7c81aee87c07d7
16,28,1.06,6000,1537.778,616.9759351871838,7.9651250733023655,"[1472.965,1538.695,1538.25,1504.615,1486.895,1503.205,1522.925,1511.79,1469.68,1502.995,1551.84,1577.53,1545.775,1565.22,1565.44,1541.68,1566.505,1496.745,1556.415,1532.73,1527.64,1595.285,1553.14,1535.055,1623.615,1495.355,1548.99,1614.15,1503.095,1585.12]",1506.3664877045467,-0.020426558511991554,0.020426558511991554,1504.4703257954184,1571.0856742045817,0.04119392567996105,fc6ed5692c5e33a9fffe770a3a11e12d0b94dbf5a1eec4c0ae7c81aee87c07d7
16,28,1.275,6000,1314.2268333333334,463.32825537122505,5.9815420562669726,"[1310.66,1314.915,1365.025,1301.83,1356.48,1332.065,1329.815,1320.38,1297.67,1327.27,1279.655,1335.44,1278.67,1286.63,1343.72,1306.2,1347.89,1337.695,1278.96,1291.34,1286.97,1339.74,1326.295,1283.88,1296.185,1269.36,1316.975,1326.675,1312.945,1325.47]",1309.120616467449,-0.003885339072657042,0.003885339072657042,1289.213885988799,1339.2397806778679,0.02248974727675257,fc6ed5692c5e33a9fffe770a3a11e12d0b94dbf5a1eec4c0ae7c81aee87c07d7
16,28,1.675,6000,1028.9153333333334,306.3833012520481,3.955391411017441,"[1052.45,1045.805,1038.55,1050.88,1027.635,1025.075,1012.175,1049.185,1054.725,1029.795,1047.47,998.545,1022.77,1014.33,1010.71,1053.725,1018.68,1021.41,1010.99,982.99,999.85,1020.02,1017.365,1045.435,1026.38,1027.155,1029.645,1069.605,1004.64,1059.47]",1038.8016091746274,0.009608444466723893,0.009608444466723893,1012.3751174224302,1045.4555492442364,0.026103458389495682,fc6ed5692c5e33a9fffe770a3a11e12d0b94dbf5a1eec4c0ae7c81aee87c07d7
16,28,1.875,6000,946.2231666666667,260.61953134788695,3.3645836820224932,"[915.07,951.355,935.335,955.73,959.965,915.74,930.53,935.58,974.15,960.46,918.13,986.85,967.065,944.75,933.71,959.97,914.38,939.255,943.87,957.37,952.4,995.515,946.425,943.075,966.535,927.175,944.185,941.845,933.765,936.51]",940.7167000517647,-0.005819416400784146,0.005819416400784146,932.1535248112634,960.2928085220699,0.02038556187922891,fc6ed5692c5e33a9fffe770a3a11e12d0b94dbf5a1eec4c0ae7c81aee87c07d7
16,56,0.325,6000,664.5788333333334,105.37763136851054,1.360419371176752,"[691.615,658.78,654.715,657.93,664.185,676.99,649.41,674.035,662.13,670.08,668.55,659.13,675.05,667.335,659.92,662.215,661.26,664.965,661.47,659.97,661.735,674.84,654.355,662.17,659.435,673.42,669.04,656.725,658.515,667.395]",652.6557823351839,-0.01794076248012138,0.01794076248012138,658.8899829035221,670.2676837631446,0.02627592207501439,fc6ed5692c5e33a9fffe770a3a11e12d0b94dbf5a1eec4c0ae7c81aee87c07d7
16,56,0.525,6000,942.9358333333333,180.83590255601283,2.3345814633194166,"[953.35,928.775,948.505,915.775,922.635,944.085,935.78,929.065,964.605,951.16,961.83,955.745,935.465,950.935,926.275,951.415,951.635,973.73,933.045,950.895,929.725,955.475,937.6,939.28,931.335,954.685,931.12,942.34,947.2,934.61]",939.4292254015252,-0.003718819253492677,0.003718819253492677,933.173340206272,952.6983264603947,0.013927914734739644,fc6ed5692c5e33a9fffe770a3a11e12d0b94dbf5a1eec4c0ae7c81aee87c07d7
16,56,0.725,6000,1634.6743333333334,414.416203921735,5.350090187291255,"[1661.3,1638.675,1683.065,1658.9,1664.545,1661.55,1637.585,1615.995,1605.22,1628.445,1659.8,1660.235,1631.17,1617.975,1688.925,1646.335,1575.585,1637.425,1614.725,1640.815,1615.385,1640.075,1649.135,1595.9,1633.55,1585.79,1613.775,1626.87,1631.9,1619.58]",1629.090909090909,-0.0034156187128961493,0.0034156187128961493,1612.301921188706,1657.0467454779607,0.01687087975239232,fc6ed5692c5e33a9fffe770a3a11e12d0b94dbf5a1eec4c0ae7c81aee87c07d7
16,56,0.94,6000,5245.717833333333,2019.9530667684576,26.07748195904945,"[5231.69,5603.72,5187.695,5252.485,5095.125,5288.62,5130.745,5217.635,5250.11,5086.675,5181.135,5238.075,5300.615,4949.295,5152.285,5140.615,5371.685,5171.415,5323.57,5187.56,5192.045,5179.45,5298.69,5199.735,5202.845,5433.005,5544.165,5343.86,5208.825,5408.165]",5198.3433691205355,-0.009031073671512001,0.009031073671512001,5136.66991943689,5354.765747229776,0.02921180598612816,fc6ed5692c5e33a9fffe770a3a11e12d0b94dbf5a1eec4c0ae7c81aee87c07d7
16,56,1.0,6000,6339.473666666667,2628.048685930779,33.927962645440644,"[6232.945,6367.2,6624.685,6584.6,6403.94,6540.87,6381.76,6264.73,6134.915,6539.96,6336.015,6235.77,6449.02,6605.305,6481.12,6241.975,6253.04,6424.84,6514.72,6261.75,5949.355,6272.38,6844.22,6392.175,6032.245,6250.88,6066.28,6374.42,6098.7,6024.395]",6285.699969191038,-0.008482359940758853,0.008482359940758853,6197.59748571286,6481.349847620473,0.030186594309712378,fc6ed5692c5e33a9fffe770a3a11e12d0b94dbf5a1eec4c0ae7c81aee87c07d7
16,56,1.06,6000,5904.7283333333335,2334.186739920357,30.134221235499087,"[5786.435,5882.785,5728.625,5996.06,5691.24,5694.19,5977.525,5866.95,5996.795,6028.035,5829.005,5801.27,5780.68,6279.47,5945.765,5761.195,5695.46,5956.285,5896.175,5968.29,5750.78,5817.15,5815.295,5845.58,6363.305,6004.11,5927.4,5944.98,5856.335,6254.68]",5790.249513655854,-0.019387652270338118,0.019387652270338118,5778.716398293543,6030.740268373124,0.0398774850209469,fc6ed5692c5e33a9fffe770a3a11e12d0b94dbf5a1eec4c0ae7c81aee87c07d7
16,56,1.275,6000,4424.892833333333,1388.387374353972,17.92400392985859,"[4617.05,4547.755,4317.965,4382.845,4316.225,4437.36,4345.775,4499.09,4484.78,4461.575,4429.74,4443.97,4352.115,4360.295,4376.28,4466.015,4363.255,4396.355,4481.18,4456.07,4242.75,4297.9,4520.06,4632.675,4402.675,4438.87,4413.395,4351.59,4435.755,4475.42]",4459.844092391261,0.007898780913886825,0.007898780913886825,4349.940227085074,4499.8454395815925,0.025265603564358585,fc6ed5692c5e33a9fffe770a3a11e12d0b94dbf5a1eec4c0ae7c81aee87c07d7
16,56,1.675,6000,3137.889833333333,781.9240682901383,10.094596314954854,"[3165.16,3070.265,3065.09,3219.635,3141.86,3197.455,3116.535,3095.425,3085.24,3089.76,3130.85,3167.385,3109.22,3249.175,3053.075,3015.635,3129.205,3113.16,3091.83,3183.82,3206.995,3241.08,3061.455,3182.35,3187.845,3155.64,3194.13,3132.44,3180.4,3104.58]",3129.4078432417605,-0.0027030872790592547,0.0027030872790592547,3095.6773731156954,3180.102293550971,0.015941138249551012,fc6ed5692c5e33a9fffe770a3a11e12d0b94dbf5a1eec4c0ae7c81aee87c07d7
16,56,1.875,6000,2774.5903333333335,617.487434659105,7.971728503090181,"[2739.54,2822.675,2732.045,2755.82,2801.855,2757.03,2722.055,2747.61,2828.735,2850.43,2759.595,2739.53,2833.935,2691.765,2711.015,2781.135,2787.155,2737.29,2787.515,2865.615,2894.0,2808.28,2774.71,2744.765,2789.465,2812.545,2756.06,2667.8,2877.545,2660.195]",2743.6087423966123,-0.011166185712000438,0.011166185712000438,2741.255045640454,2807.9256210262133,0.022905478032603677,fc6ed5692c5e33a9fffe770a3a11e12d0b94dbf5a1eec4c0ae7c81aee87c07d7
16,112,0.325,6000,1327.2556666666667,147.26353495013586,1.901164061218367,"[1331.46,1320.455,1344.905,1325.1,1333.525,1341.71,1342.28,1312.02,1349.0,1329.57,1314.68,1339.425,1317.08,1297.165,1322.92,1342.335,1321.04,1326.495,1320.61,1314.59,1325.35,1338.615,1337.025,1317.39,1314.535,1323.03,1337.94,1319.165,1324.13,1334.125]",1320.2143511982722,-0.00530516888737675,0.00530516888737675,1319.3055902299805,1335.205743103353,0.011227776679747503,fc6ed5692c5e33a9fffe770a3a11e12d0b94dbf5a1eec4c0ae7c81aee87c07d7
16,112,0.525,6000,1882.3461666666667,259.417077705651,3.349060072252606,"[1881.955,1869.565,1902.445,1904.82,1856.97,1884.07,1858.405,1848.63,1897.63,1880.54,1850.41,1898.98,1897.695,1898.08,1876.975,1894.745,1869.655,1910.715,1904.305,1874.645,1882.15,1882.27,1866.63,1867.22,1883.09,1897.785,1876.675,1887.055,1897.475,1868.8]",1886.3157894736844,0.002108869705962348,0.002108869705962348,1868.3414397161691,1896.3508936171643,0.00962048444434549,fc6ed5692c5e33a9fffe770a3a11e12d0b94dbf5a1eec4c0ae7c81aee87c07d7
16,112,0.725,6000,3244.900666666667,584.4780953182706,7.545579764635644,"[3303.75,3161.06,3264.455,3195.42,3241.915,3243.23,3203.95,3174.925,3223.67,3230.675,3262.495,3223.815,3246.01,3317.955,3271.245,3214.96,3295.975,3313.86,3213.245,3285.095,3296.875,3280.54,3191.755,3280.7,3223.25,3268.775,3191.865,3226.55,3264.325,3234.68]",3258.181818181818,0.004092930070735947,0.004092930070735947,3213.3474003748966,3276.4539329584372,0.013952558569201301,fc6ed5692c5e33a9fffe770a3a11e12d0b94dbf5a1eec4c0ae7c81aee87c07d7
16,112,0.94,6000,14198.263333333334,4965.616595887341,64.10583459840946,"[14377.91,14445.55,14313.655,14037.805,13891.05,14530.115,13732.78,14696.235,14297.515,14235.08,14857.73,13439.865,13819.615,13902.925,14558.115,14880.98,13757.0,13958.535,14226.235,14246.945,13953.82,14028.7,14747.58,14282.065,13669.065,14622.405,14564.805,14508.59,13995.425,13369.805]",13978.614875963713,-0.015470093222876902,0.015470093222876902,13930.192683623956,14466.333983042712,0.033714077640589424,fc6ed5692c5e33a9fffe770a3a11e12d0b94dbf5a1eec4c0ae7c81aee87c07d7
16,112,1.0,6000,25338.552,10756.661976550886,138.86790898654712,"[23851.58,25366.21,24795.78,25490.515,25242.04,26389.4,24915.2,26826.35,24111.465,25895.89,24869.84,24763.175,25950.065,25161.76,25579.06,25684.75,24789.95,25139.89,25277.79,26448.535,25742.66,25787.34,25930.66,25879.065,25520.35,24583.155,25351.605,25438.455,24871.53,24502.495]",25169.750895745423,-0.006661829146929026,0.006661829146929026,24757.849622142963,25919.254377857036,0.028916861233165614,fc6ed5692c5e33a9fffe770a3a11e12d0b94dbf5a1eec4c0ae7c81aee87c07d7
16,112,1.06,6000,21328.192166666668,7784.128759340741,100.49267016553631,"[21275.735,20597.43,22197.725,21463.8,20812.375,22186.515,21682.255,22634.85,21941.88,21260.245,20858.475,21840.46,21545.54,20952.855,21496.08,21766.425,21457.515,21260.11,20825.44,21800.865,21478.175,21115.41,20877.075,21303.765,19857.74,21344.145,20694.295,20883.825,20349.605,22085.155]",21344.703175675313,0.0007741401089985563,0.0007741401089985563,20907.963094678675,21748.42123865466,0.020888695805465263,fc6ed5692c5e33a9fffe770a3a11e12d0b94dbf5a1eec4c0ae7c81aee87c07d7
16,112,1.275,6000,13907.274333333333,3613.1507018676866,46.64557498557063,"[13911.335,13902.92,13806.625,13721.835,14544.655,13608.14,13709.15,14081.53,14096.61,14082.18,13870.23,14215.46,13568.54,13871.29,13803.06,13362.13,14831.515,13744.625,13989.215,14055.34,14132.035,13752.255,14159.06,13800.315,13501.185,13816.605,13894.415,13596.36,13954.37,13835.245]",13837.270085138422,-0.0050336425756068665,0.0050336425756068665,13712.217055461786,14102.33161120488,0.018795581707627407,fc6ed5692c5e33a9fffe770a3a11e12d0b94dbf5a1eec4c0ae7c81aee87c07d7
16,112,1.675,6000,8722.452166666666,1668.80508641604,21.54418102585184,"[8588.13,8565.785,8625.56,8667.82,8844.07,8418.035,8632.895,8827.26,8873.64,8695.955,8913.465,8789.95,8767.51,8764.045,8761.715,8927.63,8609.985,8806.36,8550.66,8741.585,9058.505,8471.275,8675.51,8630.7,8786.775,8653.12,8630.53,8810.775,8788.115,8796.205]",8704.675864492932,-0.002037993655232279,0.002037993655232279,8632.361106449818,8812.543226883514,0.012240208032287647,fc6ed5692c5e33a9fffe770a3a11e12d0b94dbf5a1eec4c0ae7c81aee87c07d7
16,112,1.875,6000,7431.8465,1301.241915001963,16.798960887298833,"[7423.1,7486.725,7337.19,7584.28,7419.795,7474.155,7541.33,7586.13,7461.555,7576.355,7432.035,7407.93,7279.25,7498.205,7347.995,7417.175,7233.09,7388.345,7556.25,7315.97,7429.815,7318.655,7466.59,7478.21,7376.03,7421.005,7356.215,7412.51,7516.235,7413.27]",7441.405991589435,0.001286287545017959,0.001286287545017959,7361.598473627493,7502.094526372506,0.010841058263072467,fc6ed5692c5e33a9fffe770a3a11e12d0b94dbf5a1eec4c0ae7c81aee87c07d7
17,14,0.325,6000,174.21916666666667,53.84331883470853,0.6951142571712077,"[174.265,171.79,181.78,174.645,169.195,177.79,167.21,171.035,181.805,163.86,174.53,173.225,171.255,178.915,169.875,171.39,180.635,172.2,174.18,172.46,180.615,171.76,177.775,177.96,176.68,167.32,173.435,174.955,175.09,178.945]",175.68236086538283,0.008398583386153456,0.008398583386153456,171.31241517190085,177.12591816143248,0.025508633972015637,fc6ed5692c5e33a9fffe770a3a11e12d0b94dbf5a1eec4c0ae7c81aee87c07d7
17,14,0.525,6000,236.23483333333334,81.60765071209939,1.0535502404369093,"[246.995,235.89,240.405,229.675,238.73,234.39,231.02,239.61,234.855,237.36,241.095,233.06,228.555,233.585,232.56,236.4,239.355,236.335,230.64,229.28,237.61,232.81,245.69,229.85,231.425,234.405,245.21,241.505,236.98,241.765]",235.54668499200224,-0.0029129842183777594,0.0029129842183777594,231.8292141065555,240.64045256011119,0.021167544832623397,fc6ed5692c5e33a9fffe770a3a11e12d0b94dbf5a1eec4c0ae7c81aee87c07d7
17,14,0.725,6000,327.00483333333335,125.03087324010319,1.6141416327356342,"[332.97,345.16,324.545,327.475,334.865,327.285,326.235,323.54,336.085,323.195,340.09,321.67,331.025,331.125,319.885,335.955,326.17,341.175,325.24,317.61,326.515,316.06,339.265,309.985,320.0,332.715,313.7,330.275,326.65,303.68]",323.82773762444225,-0.00971574541117721,0.00971574541117721,320.25499536739676,333.75467129926994,0.02974320519974516,fc6ed5692c5e33a9fffe770a3a11e12d0b94dbf5a1eec4c0ae7c81aee87c07d7
17,14,0.94,6000,402.4338333333333,162.98114235732788,2.1040775003193035,"[394.135,410.14,393.64,404.435,390.445,389.99,404.785,380.37,391.49,402.68,423.755,396.22,385.815,396.805,416.04,415.105,421.92,397.795,404.605,404.795,397.475,403.425,383.885,416.03,409.68,419.37,404.71,411.85,415.825,385.8]",401.17195488618967,-0.003135617193742388,0.003135617193742388,393.6352360436652,411.23243062300145,0.024464208043053715,fc6ed5692c5e33a9fffe770a3a11e12d0b94dbf5a1eec4c0ae7c81aee87c07d7
17,14,1.0,6000,409.2083333333333,167.35584222511235,2.160554632761254,"[416.475,401.85,425.74,392.325,401.405,405.94,410.395,382.72,436.515,409.245,395.895,413.275,401.63,405.66,395.23,405.25,400.15,396.595,412.29,429.925,406.89,406.26,408.82,422.61,420.645,402.43,421.605,426.915,401.965,419.6]",404.4463755454211,-0.011637001009051287,0.011637001009051287,400.1735662522214,418.2431004144452,0.03298733405369425,fc6ed5692c5e33a9fffe770a3a11e12d0b94dbf5a1eec4c0ae7c81aee87c07d7
17,14,1.06,6000,399.9646666666667,165.0571710948781,2.130878916075237,"[403.93,397.84,404.125,398.34,387.52,407.915,386.25,401.145,403.24,385.855,402.62,396.19,406.2,399.105,389.865,406.03,395.75,392.635,412.855,400.78,397.45,395.42,410.245,394.195,393.075,404.655,406.14,398.095,402.425,419.05]",397.1125950336224,-0.007130808970736401,0.007130808970736401,391.0539941972613,408.87533913607206,0.02876853401651358,fc6ed5692c5e33a9fffe770a3a11e12d0b94dbf5a1eec4c0ae7c81aee87c07d7
17,14,1.275,6000,375.63916666666665,144.57327855261082,1.8664330004695586,"[376.21,389.155,388.025,364.895,376.63,383.245,379.22,371.79,378.965,371.605,376.06,367.665,365.285,369.83,371.695,393.78,386.52,381.675,368.63,356.97,362.705,375.5,370.73,366.91,394.46,379.36,380.765,368.31,369.46,383.125]",371.75741411161124,-0.010333726883437555,0.010333726883437555,367.8343247172677,383.4440086160656,0.030477968730386218,fc6ed5692c5e33a9fffe770a3a11e12d0b94dbf5a1eec4c0ae7c81aee87c07d7
17,14,1.675,6000,330.5421666666667,115.04144895559102,1.4851787197619155,"[355.225,327.7,334.335,324.485,344.04,331.995,323.32,338.795,332.86,332.11,319.125,325.125,326.62,336.67,324.945,320.14,321.485,341.185,335.355,330.225,323.7,317.74,323.955,339.52,314.67,348.185,333.365,338.015,323.865,327.51]",329.55120208686697,-0.0029979974712244237,0.0029979974712244237,324.33161146782686,336.7527218655065,0.02138518655096633,fc6ed5692c5e33a9fffe770a3a11e12d0b94dbf5a1eec4c0ae7c81aee87c07d7
17,14,1.875,6000,310.64416666666665,100.90954698186013,1.302736649780264,"[303.165,319.95,305.065,317.175,315.585,306.87,309.86,301.585,297.475,304.21,313.275,302.57,309.945,319.035,327.52,313.65,314.085,308.62,317.15,310.19,317.045,304.35,310.935,300.54,319.17,316.99,295.645,314.465,311.23,311.975]",311.0699206407248,0.001370551968274929,0.001370551968274929,305.1965274261118,316.0918059072215,0.01924462661533699,fc6ed5692c5e33a9fffe770a3a11e12d0b94dbf5a1eec4c0ae7c81aee87c07d7
17,28,0.325,6000,353.6338333333333,79.10245648361695,1.021208322017151,"[351.595,356.82,350.985,358.195,350.005,366.645,352.82,352.81,363.715,345.48,353.41,363.515,354.13,350.22,351.945,350.915,355.635,354.545,356.915,358.485,345.425,350.31,350.555,358.975,342.42,345.305,349.28,361.215,353.805,352.94]",350.9426398896634,-0.007610113032180456,0.007610113032180456,349.36345794415536,357.90420872251127,0.01945092754761457,fc6ed5692c5e33a9fffe770a3a11e12d0b94dbf5a1eec4c0ae7c81aee87c07d7
17,28,0.525,6000,497.0896666666667,135.47591266977255,1.7489865119409316,"[482.45,487.915,481.68,511.605,516.105,488.61,494.91,500.14,496.645,489.125,524.81,484.59,495.8,510.09,503.13,499.43,499.0,508.965,490.205,506.43,489.905,494.2,479.65,491.88,519.88,493.31,502.54,508.405,482.53,478.755]",501.0526315789474,0.007972334124052825,0.007972334124052825,489.77594938139833,504.40338395193504,0.023024164848828965,fc6ed5692c5e33a9fffe770a3a11e12d0b94dbf5a1eec4c0ae7c81aee87c07d7
17,28,0.725,6000,837.224,280.68438879226125,3.6236198777761186,"[837.52,850.505,839.555,840.905,803.775,826.49,834.01,824.12,838.68,839.02,873.71,851.45,812.115,846.57,841.885,816.76,837.47,827.995,832.77,815.77,845.995,842.355,835.99,857.46,847.37,808.29,840.35,873.195,843.765,830.875]",831.4347707503206,-0.00691479132189171,0.00691479132189171,822.0711493894355,852.3768506105646,0.024569038735910098,fc6ed5692c5e33a9fffe770a3a11e12d0b94dbf5a1eec4c0ae7c81aee87c07d7
17,28,0.94,6000,1557.4648333333334,619.9806223520116,8.003915417802169,"[1552.32,1560.595,1582.425,1590.35,1548.58,1529.385,1536.05,1571.98,1597.815,1605.58,1539.855,1470.57,1492.955,1606.295,1539.55,1597.725,1549.88,1660.76,1556.265,1532.945,1501.355,1575.265,1556.725,1629.385,1561.22,1524.575,1573.48,1573.0,1574.355,1432.705]",1581.053570037771,0.015145598282275255,0.015145598282275255,1523.9949499801205,1590.9347166865464,0.037440163471929244,fc6ed5692c5e33a9fffe770a3a11e12d0b94dbf5a1eec4c0ae7c81aee87c07d7
17,28,1.0,6000,1640.243,668.7397930207694,8.63339360438545,"[1630.58,1596.495,1684.295,1660.14,1673.485,1611.375,1670.14,1652.225,1622.75,1612.295,1693.61,1586.69,1661.205,1579.52,1625.825,1667.325,1630.725,1520.315,1732.875,1634.625,1698.66,1539.41,1603.05,1656.71,1652.105,1710.0,1665.395,1632.975,1638.18,1664.31]",1625.1227143758747,-0.009218320470884646,0.009218320470884646,1604.140834772409,1676.3451652275908,0.03055602862359308,fc6ed5692c5e33a9fffe770a3a11e12d0b94dbf5a1eec4c0ae7c81aee87c07d7
17,28,1.06,6000,1602.6711666666667,646.2845144729836,8.343497204885372,"[1560.27,1577.99,1622.905,1678.315,1652.91,1535.915,1547.195,1560.39,1718.23,1561.14,1571.29,1648.735,1640.1,1604.275,1581.42,1666.16,1510.94,1654.58,1593.73,1570.69,1647.365,1681.455,1642.005,1609.51,1559.31,1576.08,1603.74,1553.52,1539.715,1610.255]",1565.5411713971032,-0.023167569269239914,0.023167569269239914,1567.7812579622025,1637.561075371131,0.04397998038497919,fc6ed5692c5e33a9fffe770a3a11e12d0b94dbf5a1eec4c0ae7c81aee87c07d7
17,28,1.275,6000,1380.699,485.58485819482127,6.2688735631967765,"[1413.305,1420.28,1415.89,1414.895,1351.495,1365.325,1376.37,1409.415,1338.215,1336.735,1386.895,1385.325,1435.385,1368.375,1364.525,1381.635,1320.88,1353.045,1424.185,1411.735,1376.58,1361.37,1364.385,1385.19,1363.595,1374.08,1405.395,1323.905,1382.14,1410.42]",1374.062165015948,-0.0048068659309900485,0.0048068659309900485,1354.4845217148395,1406.9134782851606,0.02334991723105384,fc6ed5692c5e33a9fffe770a3a11e12d0b94dbf5a1eec4c0ae7c81aee87c07d7
17,28,1.675,6000,1102.2745,331.86823023120104,4.284400429402568,"[1107.165,1073.35,1093.59,1117.2,1094.195,1111.375,1106.12,1104.88,1160.06,1092.06,1119.07,1075.285,1095.195,1113.175,1099.56,1100.17,1037.4,1085.76,1140.075,1109.33,1079.125,1098.175,1104.995,1120.885,1124.355,1086.385,1110.225,1082.06,1122.51,1104.505]",1106.2411223257955,0.0035985794153774488,0.0035985794153774488,1084.3584707661557,1120.1905292338442,0.02018027446604309,fc6ed5692c5e33a9fffe770a3a11e12d0b94dbf5a1eec4c0ae7c81aee87c07d7
17,28,1.875,6000,1009.312,282.1343438044938,3.6423387164932075,"[1004.535,1034.67,976.255,1005.32,1023.54,1055.68,970.175,992.865,1000.135,1034.25,1034.93,1033.46,1028.13,1033.28,988.295,1016.37,1012.865,968.33,1017.315,1020.665,1030.38,966.9,983.82,1018.215,1038.215,980.835,1012.645,1031.455,984.37,981.46]",1006.9078376102387,-0.0023819813791585436,0.0023819813791585436,994.0808730314701,1024.54312696853,0.017212832621767205,fc6ed5692c5e33a9fffe770a3a11e12d0b94dbf5a1eec4c0ae7c81aee87c07d7
17,56,0.325,6000,706.3558333333333,111.45969268374292,1.43893844512511,"[704.915,699.105,698.045,703.835,707.97,727.375,706.38,712.08,697.19,707.275,701.665,715.76,707.13,709.735,701.455,709.11,720.345,707.89,704.955,691.7,706.425,722.975,704.31,696.475,701.79,706.04,707.16,708.44,701.095,702.05]",693.3324183570218,-0.01843747069356431,0.01843747069356431,700.3386405724412,712.3730260942253,0.026728423227362685,fc6ed5692c5e33a9fffe770a3a11e12d0b94dbf5a1eec4c0ae7c81aee87c07d7
17,56,0.525,6000,1000.4645,191.39682563693157,2.4709223940293357,"[1001.72,981.035,1006.645,1016.86,1003.255,1008.245,990.255,989.365,1007.395,991.0,999.91,1011.465,994.325,1018.57,1005.76,1000.29,999.615,977.715,1000.07,1000.57,1000.32,983.72,996.72,1014.94,992.37,979.865,1006.4,1026.665,994.675,1014.195]",998.4056230412406,-0.002057921054429687,0.002057921054429687,990.1318715318056,1010.7971284681945,0.012259141896982406,fc6ed5692c5e33a9fffe770a3a11e12d0b94dbf5a1eec4c0ae7c81aee87c07d7
17,56,0.725,6000,1734.0515,431.7981667290268,5.574490362214714,"[1718.49,1717.12,1733.48,1743.275,1709.605,1750.65,1736.39,1740.73,1741.05,1744.04,1723.235,1724.975,1734.92,1692.0,1751.335,1758.3,1730.64,1665.955,1717.465,1776.425,1762.39,1775.24,1709.2,1747.27,1729.01,1750.16,1716.365,1729.93,1746.075,1745.825]",1730.9090909090908,-0.001812177487755853,0.001812177487755853,1710.7407161601366,1757.3622838398635,0.015052782897429728,fc6ed5692c5e33a9fffe770a3a11e12d0b94dbf5a1eec4c0ae7c81aee87c07d7
17,56,0.94,6000,5554.944166666667,2122.954765856372,27.407228176377984,"[5699.595,5531.565,5453.61,5500.0,5485.665,5581.42,5464.23,5660.99,5425.26,5499.845,5804.39,5510.84,5579.83,5515.185,5571.06,5504.435,5820.53,5563.86,5634.435,5559.04,5477.25,5499.47,5502.325,5668.54,5892.38,5550.085,5358.085,5407.49,5486.42,5440.495]",5446.754653344657,-0.019476255759908266,0.019476255759908266,5440.335667923917,5669.552665409417,0.039297282380685306,fc6ed5692c5e33a9fffe770a3a11e12d0b94dbf5a1eec4c0ae7c81aee87c07d7
17,56,1.0,6000,6548.471666666666,2730.4080861506227,35.24941682003809,"[6445.22,6285.2,6664.315,6724.245,6622.185,6727.725,6505.215,6382.9,6875.77,6808.63,6908.945,6829.77,6514.22,6491.535,6513.33,6507.055,6353.435,6225.765,6458.19,6416.87,6438.045,6634.65,6669.8,6584.895,6388.295,6463.42,6809.375,6584.595,6502.55,6118.005]",6515.165281891879,-0.0050861310043265285,0.0050861310043265285,6401.06957560866,6695.873757724673,0.026988035075231176,fc6ed5692c5e33a9fffe770a3a11e12d0b94dbf5a1eec4c0ae7c81aee87c07d7
17,56,1.06,6000,6130.089833333333,2403.746847995475,31.032238369283487,"[6373.8,6378.76,5967.31,5952.34,6042.555,5910.545,6114.165,6184.795,5964.18,6062.445,5918.665,6091.655,6404.27,6497.6,6194.86,6318.085,6037.4,6411.91,5838.32,6307.65,6028.435,6233.395,6109.29,6438.205,6059.935,6146.04,5959.37,6036.69,6238.935,5681.09]",6036.400348766704,-0.015283541858910107,0.015283541858910107,6000.322670114831,6259.856996551835,0.035696765582379886,fc6ed5692c5e33a9fffe770a3a11e12d0b94dbf5a1eec4c0ae7c81aee87c07d7
17,56,1.275,6000,4738.1866666666665,1479.1503438727425,19.095748827853686,"[4714.815,4796.04,4833.05,4684.895,4889.09,4755.355,4614.925,4964.23,4777.9,4788.355,4872.39,4822.53,4616.735,4839.68,4594.21,4622.375,4519.795,4801.17,4790.69,4670.67,4480.465,4761.19,4820.86,4706.86,4954.03,4703.94,4777.34,4536.85,4755.995,4679.17]",4729.597280420021,-0.0018128003075674908,0.0018128003075674908,4658.334187917457,4818.039145415876,0.018356402330189314,fc6ed5692c5e33a9fffe770a3a11e12d0b94dbf5a1eec4c0ae7c81aee87c07d7
17,56,1.675,6000,3381.8815,829.8885366651946,10.713814939042473,"[3346.17,3279.69,3423.895,3420.045,3441.255,3309.665,3377.235,3445.185,3313.925,3386.02,3412.715,3399.98,3273.38,3450.4,3286.035,3379.275,3435.12,3299.825,3328.48,3436.02,3517.805,3341.285,3383.175,3476.03,3382.825,3376.255,3270.5,3338.325,3468.695,3457.235]",3374.8444005632205,-0.002080823777172411,0.002080823777172411,3337.0796602054297,3426.68333979457,0.015128021498028943,fc6ed5692c5e33a9fffe770a3a11e12d0b94dbf5a1eec4c0ae7c81aee87c07d7
17,56,1.875,6000,2999.783,677.6944155476548,8.748997284112786,"[2973.61,2942.96,3027.04,2987.315,2996.145,3033.665,2963.805,3018.56,2993.785,3000.985,2999.295,2900.135,3053.775,2999.255,2973.165,3058.425,2997.405,2994.005,3056.115,2959.93,3011.345,2995.025,3017.945,2994.99,2903.185,3059.1,3112.01,3000.74,3022.445,2947.33]",2971.6430104932624,-0.009380675037740227,0.009380675037740227,2963.1974161611793,3036.3685838388205,0.02131677085913164,fc6ed5692c5e33a9fffe770a3a11e12d0b94dbf5a1eec4c0ae7c81aee87c07d7
17,112,0.325,6000,1408.2458333333334,156.6356383027289,2.0221573952301255,"[1415.905,1420.275,1415.835,1397.29,1413.945,1422.04,1403.045,1387.02,1398.14,1427.695,1424.705,1399.1,1418.895,1398.565,1403.035,1415.59,1409.565,1411.83,1402.895,1391.935,1404.035,1395.865,1414.965,1407.74,1407.925,1402.115,1388.85,1418.62,1399.055,1430.9]",1401.5807631157468,-0.004732888292529382,0.004732888292529382,1399.7898004285312,1416.7018662381356,0.010673454650371061,fc6ed5692c5e33a9fffe770a3a11e12d0b94dbf5a1eec4c0ae7c81aee87c07d7
17,112,0.525,6000,1999.8561666666667,271.47251984957484,3.5046951611012194,"[2010.42,2012.65,2003.855,2010.39,1981.575,2022.685,2038.73,1981.59,2032.245,2052.87,1987.135,2028.47,1965.705,1980.975,1969.605,1980.29,1990.57,1991.125,2005.025,2034.075,1998.5,2007.94,1981.385,2007.48,1975.53,1995.35,1971.46,2006.35,1962.52,2009.185]",2004.2105263157896,0.0021773364113383646,0.0021773364113383646,1985.2006222102964,2014.511711123037,0.009575810068167323,fc6ed5692c5e33a9fffe770a3a11e12d0b94dbf5a1eec4c0ae7c81aee87c07d7
17,112,0.725,6000,3468.8215,624.3954982707622,8.060911220831814,"[3406.74,3425.22,3451.255,3477.27,3445.035,3424.98,3477.28,3479.285,3464.795,3477.435,3418.6,3529.54,3495.1,3476.635,3436.93,3571.315,3436.44,3463.305,3450.655,3405.515,3566.125,3457.79,3494.3,3512.085,3463.705,3478.245,3468.21,3440.71,3488.435,3481.71]",3461.8181818181815,-0.0020189329954909715,0.0020189329954909715,3435.1132779363625,3502.5297220636376,0.011623467458106052,fc6ed5692c5e33a9fffe770a3a11e12d0b94dbf5a1eec4c0ae7c81aee87c07d7
17,112,0.94,6000,14838.144,4985.371779773409,64.36087292571614,"[14808.48,15154.06,14993.455,14888.525,14651.525,15145.925,14972.19,14647.72,14976.895,14969.39,14204.665,14578.335,14725.19,15253.96,14248.21,14538.89,15263.525,14755.42,14647.32,15047.765,14571.39,15265.815,15093.16,15083.455,14934.935,14248.535,14550.22,15376.72,14778.025,14770.62]",14772.929348276419,-0.004395067989876732,0.004395067989876732,14569.006859377118,15107.281140622883,0.022131830951858444,fc6ed5692c5e33a9fffe770a3a11e12d0b94dbf5a1eec4c0ae7c81aee87c07d7
17,112,1.0,6000,26131.068833333335,10567.8649727894,136.4305501486068,"[26016.105,24738.87,25867.65,26015.195,26577.39,27372.53,25261.49,26761.905,26265.39,27000.64,27019.05,27702.345,26214.415,27377.7,26438.71,25828.315,23960.775,25874.035,25060.45,25544.915,24871.985,26592.435,27135.835,24990.445,26904.405,25992.585,26116.105,26632.065,25699.75,26098.58]",26090.009976344278,-0.0015712658847188607,0.0015712658847188607,25560.558731598347,26701.578935068323,0.02290385000120143,fc6ed5692c5e33a9fffe770a3a11e12d0b94dbf5a1eec4c0ae7c81aee87c07d7
17,112,1.06,6000,22631.661333333333,8135.444599166615,105.02813815521792,"[23919.995,22295.295,23092.46,22568.29,21931.08,22828.88,23099.25,22960.14,22466.665,22411.57,22794.345,22631.49,22945.145,22524.275,22886.38,22379.46,22553.785,22872.635,22690.565,23178.595,21399.035,23892.125,22794.415,22170.96,23523.46,22361.69,21482.23,22059.325,22327.64,21908.66]",22379.95356105008,-0.011121930846169192,0.011121930846169192,22192.466345709945,23070.856320956722,0.029946992443408038,fc6ed5692c5e33a9fffe770a3a11e12d0b94dbf5a1eec4c0ae7c81aee87c07d7
17,112,1.275,6000,14849.904666666667,3886.5438687586584,50.175065593356095,"[14632.905,15209.405,14575.305,14705.305,15210.23,15126.755,14890.415,14991.135,15097.665,14430.87,14612.98,15134.33,14885.565,14959.43,14416.445,15214.425,14834.41,14746.21,14964.27,14676.71,14808.32,14530.81,14481.19,15100.725,14645.86,15275.26,14524.54,14786.075,14978.575,15051.02]",14859.329936903088,0.000634702407051663,0.000634702407051663,14640.088157497386,15059.721175835948,0.014975441202751627,fc6ed5692c5e33a9fffe770a3a11e12d0b94dbf5a1eec4c0ae7c81aee87c07d7
17,112,1.675,6000,9516.606,1837.9897143697572,23.728345180848656,"[9559.445,9665.59,9552.115,9499.89,9365.87,9663.75,9426.505,9542.235,9734.81,9612.61,9548.885,9362.75,9765.615,9248.95,9300.055,9517.21,9321.6,9582.415,9562.265,9817.445,9507.52,9662.645,9271.55,9667.48,9527.57,9463.41,9447.775,9424.83,9393.56,9481.83]",9494.943663329961,-0.0022762670504630237,0.0022762670504630237,9417.381445027646,9615.830554972354,0.012571653686210382,fc6ed5692c5e33a9fffe770a3a11e12d0b94dbf5a1eec4c0ae7c81aee87c07d7
17,112,1.875,6000,8120.574833333333,1397.109631806748,18.03660778937837,"[8083.165,8075.88,8135.88,8035.71,8085.58,8084.49,7976.545,8149.435,8151.51,8213.805,8051.47,7932.745,7959.0,8063.59,8075.08,8192.995,8313.435,8173.205,8086.03,7926.3,8088.46,8329.765,8107.965,8123.485,8076.745,8288.75,8261.17,8130.475,8164.72,8279.86]",8149.442169516735,0.003554839007813467,0.003554839007813467,8045.151352788368,8195.998313878297,0.012963188901625955,fc6ed5692c5e33a9fffe770a3a11e12d0b94dbf5a1eec4c0ae7c81aee87c07d7
18,14,0.325,6000,186.671,57.06661772708981,0.7367268669380127,"[188.575,179.11,184.515,190.61,187.56,189.61,190.435,183.99,182.865,186.005,174.25,183.18,191.93,190.035,183.55,185.63,182.975,181.435,188.44,195.885,188.085,190.125,178.78,192.605,186.35,185.725,195.655,185.07,190.86,186.29]",185.8364612815073,-0.0044706393520830496,0.0044706393520830496,183.59023752158237,189.75176247841762,0.020633806747147543,fc6ed5692c5e33a9fffe770a3a11e12d0b94dbf5a1eec4c0ae7c81aee87c07d7
18,14,0.525,6000,248.16633333333334,86.27460934669719,1.1138004173343632,"[253.135,249.935,246.215,250.895,236.255,239.105,259.16,255.335,251.315,243.82,248.31,252.26,243.33,254.41,243.365,243.87,249.33,242.63,243.035,247.135,245.755,250.85,247.775,244.72,255.965,242.355,257.32,251.995,249.41,246.0]",248.25189901371678,0.00034479165338075374,0.00034479165338075374,243.50876661742,252.82390004924667,0.019478281879472537,fc6ed5692c5e33a9fffe770a3a11e12d0b94dbf5a1eec4c0ae7c81aee87c07d7
18,14,0.725,6000,341.54516666666666,128.09172445927715,1.6536570520592322,"[349.8,345.345,338.26,350.22,338.93,342.66,342.01,331.79,330.165,335.15,348.705,337.16,344.825,347.065,329.84,333.255,344.4,352.64,349.795,333.94,338.66,334.375,356.985,334.79,357.415,340.905,336.3,343.985,337.885,339.1]",338.75995604265285,-0.008154735876359391,0.008154735876359391,334.6300875148384,348.4602458184949,0.0278375794434087,fc6ed5692c5e33a9fffe770a3a11e12d0b94dbf5a1eec4c0ae7c81aee87c07d7
18,14,0.94,6000,419.2485,168.92911310751782,2.180865472516685,"[400.28,402.665,430.45,418.225,410.84,432.055,419.76,431.705,405.81,428.73,414.48,425.345,439.63,405.9,404.79,407.395,427.17,417.425,404.2,427.32,429.785,423.545,403.04,443.965,406.59,427.63,427.275,413.305,411.855,436.29]",415.2060982706562,-0.009642018347933969,0.009642018347933969,410.12879930803206,428.3682006919679,0.03072614260360651,fc6ed5692c5e33a9fffe770a3a11e12d0b94dbf5a1eec4c0ae7c81aee87c07d7
18,14,1.0,6000,419.1095,169.5377047993792,2.188722357474083,"[431.805,439.765,407.16,409.365,439.545,403.895,433.82,407.32,412.515,454.14,386.42,421.855,396.375,409.12,438.005,420.96,428.55,399.125,436.83,427.635,405.44,401.275,416.315,419.82,444.775,407.675,419.195,425.185,399.925,429.475]",418.44633139297235,-0.0015823277855254328,0.0015823277855254328,409.9569442603065,428.26205573969355,0.022919901997312087,fc6ed5692c5e33a9fffe770a3a11e12d0b94dbf5a1eec4c0ae7c81aee87c07d7
18,14,1.06,6000,423.14366666666666,169.26603968877183,2.1852151759769898,"[433.025,437.445,427.995,428.835,413.02,424.11,427.51,418.51,417.8,427.885,408.075,420.86,420.255,434.02,439.635,437.225,417.85,408.43,417.605,431.565,445.445,419.28,414.55,434.485,430.68,395.045,408.305,419.48,429.94,405.445]",411.3428606518009,-0.027888414608275135,0.027888414608275135,414.00577686851284,432.2815564648205,0.04843763399080758,fc6ed5692c5e33a9fffe770a3a11e12d0b94dbf5a1eec4c0ae7c81aee87c07d7
18,14,1.275,6000,390.96316666666667,148.9796618107466,1.9233191637221154,"[387.31,389.705,391.32,379.015,394.565,397.205,392.58,393.24,385.21,391.75,401.98,382.79,379.71,386.83,400.48,418.785,363.07,407.46,402.485,393.48,389.45,384.615,401.92,386.005,389.115,382.79,374.855,375.795,415.565,389.815]",386.7784897923582,-0.010703506701121836,0.010703506701121836,382.92044448626973,399.0058888470636,0.030644658127820468,fc6ed5692c5e33a9fffe770a3a11e12d0b94dbf5a1eec4c0ae7c81aee87c07d7
18,14,1.675,6000,347.46666666666664,122.26060484938957,1.5783776215964385,"[346.05,346.885,347.265,328.075,355.47,329.34,362.215,334.045,357.155,348.355,348.09,337.95,339.03,339.105,367.12,360.65,355.765,347.305,338.1,339.845,347.805,366.07,331.6,350.02,337.565,344.52,354.98,352.625,358.75,352.25]",345.6421220999225,-0.0052509916540985895,0.0052509916540985895,340.8663826650822,354.0669506682511,0.023794450604406547,fc6ed5692c5e33a9fffe770a3a11e12d0b94dbf5a1eec4c0ae7c81aee87c07d7
18,14,1.875,6000,327.8321666666667,107.6330160452454,1.389536262151037,"[325.17,331.185,328.515,320.76,320.155,326.01,321.98,333.125,333.145,341.835,320.65,323.7,316.425,338.895,336.625,342.565,313.675,328.53,329.635,314.77,317.71,332.11,344.035,328.34,333.48,317.135,321.39,333.27,327.64,332.505]",327.45950735913163,-0.0011367380795002094,0.0011367380795002094,322.0215584603614,333.642774872972,0.018532598274290546,fc6ed5692c5e33a9fffe770a3a11e12d0b94dbf5a1eec4c0ae7c81aee87c07d7
18,28,0.325,6000,373.681,84.21385417221498,1.087196182429762,"[369.805,371.36,376.06,369.62,378.15,368.52,368.54,369.295,375.255,373.79,370.26,372.12,382.2,369.07,368.945,363.485,374.995,369.795,372.505,386.14,378.27,374.38,380.135,378.335,375.36,381.82,380.095,371.96,374.435,365.73]",371.93820390238943,-0.004663860612689837,0.004663860612689837,369.1346839148689,378.22731608513106,0.01662786349710943,fc6ed5692c5e33a9fffe770a3a11e12d0b94dbf5a1eec4c0ae7c81aee87c07d7
18,28,0.525,6000,527.898,144.47047293106235,1.8651057856023796,"[516.47,521.895,532.09,523.46,527.54,531.68,510.555,511.245,538.47,543.545,533.21,525.475,523.855,517.855,539.69,529.125,535.85,545.935,520.93,533.985,512.385,540.535,520.84,525.02,528.37,539.06,518.46,522.065,528.965,538.38]",530.5263157894738,0.004978832633337749,0.004978832633337749,520.0987080501288,535.6972919498712,0.020049285987343568,fc6ed5692c5e33a9fffe770a3a11e12d0b94dbf5a1eec4c0ae7c81aee87c07d7
18,28,0.725,6000,887.0506666666666,295.75521346310023,3.818183387655356,"[900.195,902.085,843.875,852.115,895.805,866.55,894.92,875.545,880.29,931.055,899.25,920.015,908.985,882.59,869.78,895.34,879.1,886.59,905.18,883.26,879.055,881.705,894.09,833.545,870.945,866.905,930.765,873.56,909.945,898.48]",877.4753582260581,-0.010794545114982373,0.010794545114982373,871.0842120085174,903.0171213248159,0.028284915640675146,fc6ed5692c5e33a9fffe770a3a11e12d0b94dbf5a1eec4c0ae7c81aee87c07d7
18,28,0.94,6000,1623.2863333333332,646.3861881238298,8.344809806073624,"[1606.09,1706.8,1604.995,1638.695,1638.07,1629.075,1650.375,1655.96,1553.43,1705.545,1597.29,1538.58,1659.15,1569.3,1549.985,1608.67,1629.78,1598.125,1666.32,1600.125,1543.015,1683.505,1667.355,1643.335,1555.65,1653.245,1625.715,1643.695,1657.305,1619.41]",1640.81816415483,0.010800208479237286,0.010800208479237286,1588.3909357391985,1658.181730927468,0.033006501885653794,fc6ed5692c5e33a9fffe770a3a11e12d0b94dbf5a1eec4c0ae7c81aee87c07d7
18,28,1.0,6000,1678.183,684.4176123457189,8.835793381553376,"[1784.975,1685.75,1703.515,1692.68,1700.77,1727.805,1675.01,1709.36,1774.155,1701.925,1654.025,1697.76,1679.68,1627.945,1634.505,1689.93,1624.195,1660.855,1637.14,1671.945,1674.945,1693.52,1696.585,1669.79,1639.975,1688.845,1655.71,1627.52,1646.57,1618.105]",1681.7219952149512,0.002108825566074277,0.002108825566074277,1641.2344618937727,1715.1315381062273,0.02466895148817505,fc6ed5692c5e33a9fffe770a3a11e12d0b94dbf5a1eec4c0ae7c81aee87c07d7
18,28,1.06,6000,1649.9193333333333,659.5515450159887,8.514773832707652,"[1644.975,1641.855,1639.935,1659.64,1698.915,1614.575,1587.865,1620.39,1596.275,1606.125,1650.125,1604.1,1700.0,1644.95,1724.46,1732.045,1577.0,1647.41,1690.02,1663.7,1740.47,1647.76,1575.93,1670.765,1671.365,1613.43,1625.15,1614.71,1687.595,1706.045]",1624.0465560840676,-0.015681237698448515,0.015681237698448515,1614.3131990748616,1685.525467591805,0.03647462627519682,fc6ed5692c5e33a9fffe770a3a11e12d0b94dbf5a1eec4c0ae7c81aee87c07d7
18,28,1.275,6000,1440.8258333333333,506.3217219453041,6.536585323057417,"[1386.275,1508.535,1509.345,1540.695,1470.375,1429.67,1443.935,1407.305,1437.8,1466.04,1487.97,1393.855,1433.615,1473.015,1461.485,1414.57,1451.355,1417.22,1433.91,1451.84,1440.49,1375.075,1463.69,1375.275,1357.45,1458.78,1453.79,1418.01,1415.925,1447.48]",1437.8175971597043,-0.0020878555228771205,0.0020878555228771205,1413.491867783866,1468.1597988828007,0.020666825059632687,fc6ed5692c5e33a9fffe770a3a11e12d0b94dbf5a1eec4c0ae7c81aee87c07d7
18,28,1.675,6000,1178.4766666666667,348.14392687679106,4.494518769590215,"[1186.58,1174.67,1166.425,1185.63,1183.775,1169.385,1216.72,1147.725,1147.165,1213.5,1191.42,1211.5,1214.045,1182.34,1168.715,1174.295,1192.505,1158.96,1158.675,1168.66,1165.94,1197.42,1186.98,1197.685,1184.37,1148.495,1200.24,1193.805,1136.21,1130.465]",1172.6744569420184,-0.004923482907014081,0.004923482907014081,1159.6819879257564,1197.271345407577,0.020544121898436685,fc6ed5692c5e33a9fffe770a3a11e12d0b94dbf5a1eec4c0ae7c81aee87c07d7
18,28,1.875,6000,1076.3223333333333,300.9108760532096,3.884742705489217,"[1086.855,1044.31,1091.485,1042.265,1044.48,1102.055,1075.86,1090.82,1083.47,1112.425,1063.87,1045.105,1065.595,1071.21,1095.145,1089.25,1058.24,1061.95,1087.615,1100.015,1067.975,1091.635,1095.895,1057.425,1067.375,1068.205,1080.245,1078.1,1104.74,1066.055]",1072.415291857607,-0.003629992015148845,0.003629992015148845,1060.0775483221403,1092.5671183445263,0.018444474621800544,fc6ed5692c5e33a9fffe770a3a11e12d0b94dbf5a1eec4c0ae7c81aee87c07d7
18,56,0.325,6000,748.1571666666666,117.28454605259246,1.514136978763958,"[755.1,767.655,748.795,743.985,754.07,745.745,726.785,747.955,739.805,746.1,749.735,734.485,749.985,748.105,748.12,757.725,754.68,756.125,742.72,750.62,764.7,739.515,747.325,752.615,735.275,737.675,746.855,744.075,757.255,751.13]",734.022461576132,-0.018892694904615204,0.018892694904615204,741.8255170408723,754.4888162924609,0.0271261207248904,fc6ed5692c5e33a9fffe770a3a11e12d0b94dbf5a1eec4c0ae7c81aee87c07d7
18,56,0.525,6000,1057.9825,204.28571487657618,2.637317238616854,"[1053.705,1049.23,1057.795,1058.355,1061.975,1077.95,1071.865,1074.905,1046.46,1045.325,1036.38,1079.865,1047.95,1054.04,1058.825,1053.89,1046.69,1059.37,1031.5,1067.575,1052.425,1046.2,1072.95,1048.395,1076.97,1074.225,1045.27,1055.84,1076.405,1057.145]",1057.4242148181688,-0.0005276884842908573,0.0005276884842908573,1046.9540600760106,1069.0109399239896,0.01083873389232537,fc6ed5692c5e33a9fffe770a3a11e12d0b94dbf5a1eec4c0ae7c81aee87c07d7
18,56,0.725,6000,1843.9316666666666,471.3199876435834,6.084714876260946,"[1813.9,1821.205,1813.13,1862.595,1848.635,1834.95,1814.465,1869.635,1829.15,1876.4,1863.935,1815.89,1838.66,1801.52,1839.04,1859.86,1857.04,1857.935,1853.95,1770.66,1877.165,1832.445,1886.4,1903.195,1826.175,1830.79,1858.585,1835.995,1895.02,1829.625]",1832.7272727272725,-0.006076360714412281,0.006076360714412281,1818.4872826976596,1869.3760506356737,0.01960481835419836,fc6ed5692c5e33a9fffe770a3a11e12d0b94dbf5a1eec4c0ae7c81aee87c07d7
18,56,0.94,6000,5722.879,2210.3357702836083,28.535312092783194,"[5573.0,5652.36,6026.23,5470.685,5597.3,5827.73,5836.79,5736.62,5548.34,5526.77,5976.905,5740.83,5569.66,5531.595,5916.265,5774.905,5684.11,5813.595,5743.825,5552.19,5943.885,5872.665,5916.475,5610.89,5697.05,5967.345,5591.2,5715.055,5627.85,5644.25]",5691.985224141356,-0.005398292687761439,0.005398292687761439,5603.553205393435,5842.204794606565,0.0257128217422109,fc6ed5692c5e33a9fffe770a3a11e12d0b94dbf5a1eec4c0ae7c81aee87c07d7
18,56,1.0,6000,6781.027166666667,2766.655085987911,35.71736357577076,"[6507.85,6713.705,6817.675,6544.445,6955.865,6894.725,6616.545,6716.32,6792.965,6759.285,6689.635,6167.13,6925.405,6714.735,6542.925,6534.88,7019.48,7105.035,6588.935,7030.865,6821.99,6873.205,6819.72,7057.485,6993.475,6998.805,7104.615,6608.45,6763.53,6751.135]",6742.761320145926,-0.0056430752421761455,0.0056430752421761455,6631.668267907388,6930.386065425945,0.027072769613230352,fc6ed5692c5e33a9fffe770a3a11e12d0b94dbf5a1eec4c0ae7c81aee87c07d7
18,56,1.06,6000,6398.678833333333,2409.81644672434,31.110596551933675,"[6578.305,6716.595,6460.7,6338.76,6211.08,6443.235,6257.465,6501.25,6333.255,6513.65,6250.2,6288.225,6714.78,6277.3,6090.23,6270.89,6251.935,6609.915,6406.705,6280.1,6683.09,6487.455,6234.77,6352.295,6399.82,6543.13,6175.085,6673.355,6503.63,6113.16]",6279.092994632556,-0.018689145340098325,0.018689145340098325,6268.584000581088,6528.773666085579,0.0382431194927183,fc6ed5692c5e33a9fffe770a3a11e12d0b94dbf5a1eec4c0ae7c81aee87c07d7
18,56,1.275,6000,4998.2565,1565.4114081780203,20.209374379455245,"[5219.31,5061.21,4914.915,5033.2,4962.13,4915.44,5164.87,5138.135,4989.935,5127.89,4795.79,5005.475,4839.66,5003.725,4994.765,5015.245,4940.945,5041.85,4901.4,4971.085,4800.255,4955.27,5066.33,5005.535,5059.505,4824.705,4980.7,5201.085,5049.92,4967.415]",4994.876002214669,-0.0006763353952186125,0.0006763353952186125,4913.747185768952,5082.765814231049,0.017291729587521232,fc6ed5692c5e33a9fffe770a3a11e12d0b94dbf5a1eec4c0ae7c81aee87c07d7
18,56,1.675,6000,3643.9628333333335,909.4952028676744,11.74153258054013,"[3727.53,3698.29,3607.895,3704.025,3541.525,3608.245,3543.23,3689.965,3656.75,3719.24,3558.875,3666.445,3669.075,3639.135,3621.62,3621.575,3549.98,3632.125,3744.93,3656.295,3746.495,3554.79,3678.665,3682.04,3604.32,3710.08,3739.185,3692.59,3454.17,3599.8]",3619.971632204629,-0.0065838215772246545,0.0065838215772246545,3594.863398201304,3693.062268465363,0.01979133600991434,fc6ed5692c5e33a9fffe770a3a11e12d0b94dbf5a1eec4c0ae7c81aee87c07d7
18,56,1.875,6000,3245.7361666666666,744.4575887240815,9.610906143620326,"[3272.595,3287.445,3237.5,3186.525,3215.505,3316.3,3215.515,3256.065,3278.855,3346.605,3261.98,3234.85,3159.83,3399.51,3260.015,3276.135,3260.11,3213.92,3182.035,3115.865,3230.86,3338.635,3148.995,3239.595,3214.28,3208.145,3276.55,3171.5,3292.195,3274.17]",3200.7636621318466,-0.013855871896392077,0.013855871896392077,3205.5463482147893,3285.925985118544,0.025917298007436695,fc6ed5692c5e33a9fffe770a3a11e12d0b94dbf5a1eec4c0ae7c81aee87c07d7
18,112,0.325,6000,1489.9355,164.08666026959577,2.118349675196462,"[1477.97,1485.955,1502.74,1502.16,1489.165,1503.57,1508.71,1489.02,1492.15,1474.495,1487.26,1490.19,1500.555,1472.175,1485.92,1480.835,1469.04,1514.68,1474.755,1491.195,1503.7,1487.115,1492.765,1482.08,1488.515,1488.875,1491.875,1496.945,1495.28,1478.375]",1482.8824602017933,-0.004733788676225771,0.004733788676225771,1481.0772209166846,1498.7937790833155,0.010616082815111394,fc6ed5692c5e33a9fffe770a3a11e12d0b94dbf5a1eec4c0ae7c81aee87c07d7
18,112,0.525,6000,2123.3098333333332,290.3115337605643,3.7479057848886597,"[2137.915,2086.575,2079.385,2157.25,2115.565,2103.015,2115.965,2130.23,2122.38,2104.315,2124.575,2120.395,2107.715,2148.35,2110.99,2146.32,2137.31,2145.235,2137.455,2128.46,2159.9,2131.225,2112.685,2097.98,2133.815,2117.825,2104.79,2129.13,2144.65,2107.895]",2121.1089206839147,-0.001036548041584402,0.001036548041584402,2107.6372577386373,2138.982408928029,0.008356070704233609,fc6ed5692c5e33a9fffe770a3a11e12d0b94dbf5a1eec4c0ae7c81aee87c07d7
18,112,0.725,6000,3682.043833333333,679.6199799384168,8.773856213504358,"[3665.96,3706.155,3663.145,3727.765,3661.84,3710.15,3686.95,3688.59,3736.225,3726.21,3622.98,3655.105,3722.575,3684.86,3722.49,3718.58,3659.555,3583.225,3692.36,3609.035,3734.55,3654.555,3677.18,3687.175,3636.505,3640.3,3724.815,3687.86,3668.24,3706.38]",3665.454545454545,-0.004505456379580886,0.004505456379580886,3645.3542971882234,3718.733369478443,0.014327142801144221,fc6ed5692c5e33a9fffe770a3a11e12d0b94dbf5a1eec4c0ae7c81aee87c07d7
18,112,0.94,6000,15929.071166666667,5476.083738337723,70.69593707006419,"[15909.205,15768.105,15022.505,15973.12,15240.085,15887.95,16428.45,15944.845,15538.935,16500.865,15760.52,16137.285,15671.825,16114.84,16553.94,15943.385,16208.285,15860.505,15972.47,16329.975,15851.84,15609.855,16198.59,16287.275,15999.05,15938.765,16003.8,15828.325,15360.215,16027.325]",15562.105274477937,-0.02303749467556187,0.02303749467556187,15633.44275934763,16224.699573985703,0.04083861747247097,fc6ed5692c5e33a9fffe770a3a11e12d0b94dbf5a1eec4c0ae7c81aee87c07d7
18,112,1.0,6000,27200.46416666667,10789.032119088677,139.28580572975787,"[27237.91,29186.16,28676.48,27414.005,27922.69,26741.555,28217.87,26236.305,27467.33,27229.745,27758.54,26558.465,26818.76,28300.81,26599.69,27246.36,27930.115,26789.99,26153.28,27680.925,25787.05,27560.65,27906.765,25773.95,27516.39,27059.445,26501.55,26137.375,27124.735,26479.03]",27002.791959155948,-0.007267236555211514,0.007267236555211514,26618.0142746845,27782.914058648836,0.02807920356540261,fc6ed5692c5e33a9fffe770a3a11e12d0b94dbf5a1eec4c0ae7c81aee87c07d7
18,112,1.06,6000,23658.088833333335,8548.411943010227,110.35952363933066,"[25365.45,24150.185,23153.05,23500.965,24038.04,24121.2,24190.715,23078.42,22467.115,23974.89,23271.335,23598.175,23092.98,23215.715,22974.08,24776.21,23842.735,23431.52,23939.85,23785.48,23694.38,24065.285,24289.305,23315.855,23866.775,23286.435,24185.905,22959.975,22891.655,23218.985]",23397.80757272497,-0.011001787272082524,0.011001787272082524,23196.59965081286,24119.57801585381,0.029924671263088398,fc6ed5692c5e33a9fffe770a3a11e12d0b94dbf5a1eec4c0ae7c81aee87c07d7
18,112,1.275,6000,15918.285333333333,4150.2069070284615,53.57894078078742,"[16054.4,15038.715,16359.34,16307.355,15933.83,15754.415,15957.885,16546.215,16248.975,15885.44,15770.2,15551.24,15630.43,16632.335,15646.365,15831.825,15918.145,16292.145,16065.105,15273.8,15846.235,15944.355,15981.015,15932.06,15829.505,15818.51,16095.89,15803.405,15834.025,15765.4]",15874.664964470658,-0.0027402680596089915,0.0027402680596089915,15694.234877461064,16142.335789205603,0.016581914056944425,fc6ed5692c5e33a9fffe770a3a11e12d0b94dbf5a1eec4c0ae7c81aee87c07d7
18,112,1.675,6000,10348.3035,2041.981857748083,26.361872427720026,"[10405.12,10466.35,10322.51,10375.305,10339.225,10477.995,10420.05,10355.095,10347.33,10192.325,10436.86,10403.02,10460.535,10437.98,10605.41,10217.575,10225.125,10188.445,10198.605,10437.235,10379.17,10358.605,10301.29,10289.125,10138.23,10421.825,10450.51,10271.0,10332.555,10194.7]",10294.325281986195,-0.005216141758289609,0.005216141758289609,10238.066353669641,10458.540646330359,0.015701556258882254,fc6ed5692c5e33a9fffe770a3a11e12d0b94dbf5a1eec4c0ae7c81aee87c07d7
18,112,1.875,6000,8884.765333333333,1590.6696064543714,20.535456317053622,"[8830.81,8722.805,8955.565,8952.31,8971.935,8929.99,8949.58,8935.78,8831.165,8955.235,8852.06,8960.03,8659.395,8946.41,8951.8,8961.52,8794.17,8781.26,8755.34,8781.885,9146.475,8808.54,8710.215,8839.865,9015.555,8875.275,8906.705,8901.445,9047.865,8811.975]",8868.929167116097,-0.0017823955527359178,0.0017823955527359178,8798.892445920248,8970.638220746418,0.011337995260481848,fc6ed5692c5e33a9fffe770a3a11e12d0b94dbf5a1eec4c0ae7c81aee87c07d7
19,14,0.325,6000,194.54583333333332,59.533172257759524,0.7685699490040001,"[196.595,197.145,191.19,193.67,188.32,191.92,191.465,197.705,187.445,198.105,197.475,202.135,186.81,193.74,197.545,199.195,200.36,195.65,196.89,191.34,190.85,190.97,199.22,194.23,192.84,196.435,189.185,195.325,196.555,196.065]",195.9614526255519,0.007276533596034836,0.007276533596034836,191.33191299570282,197.75975367096382,0.024196379774622745,fc6ed5692c5e33a9fffe770a3a11e12d0b94dbf5a1eec4c0ae7c81aee87c07d7
19,14,0.525,6000,262.43083333333334,91.34314868181087,1.1792349787826717,"[265.875,255.435,256.1,272.055,273.71,269.6,270.26,266.225,258.925,266.265,258.48,271.725,273.34,270.74,255.585,262.76,255.885,267.115,267.755,253.08,262.85,264.445,257.73,260.085,253.73,236.46,255.375,269.05,255.74,266.545]",260.8691906003058,-0.005950683131215733,0.005950683131215733,257.49963964554166,267.362027021125,0.024284811471399492,fc6ed5692c5e33a9fffe770a3a11e12d0b94dbf5a1eec4c0ae7c81aee87c07d7
19,14,0.725,6000,354.7588333333333,131.8471436304916,1.7021393050863707,"[361.285,355.325,354.56,355.32,365.22,338.225,351.655,335.895,368.495,366.025,350.905,358.57,370.72,348.245,337.515,336.525,360.075,365.755,366.25,358.725,358.79,349.88,349.49,353.665,354.455,349.475,345.38,358.56,361.66,356.12]",353.51053994498847,-0.0035187098136946035,0.0035187098136946035,347.6410164876621,361.8766501790045,0.023118679334181103,fc6ed5692c5e33a9fffe770a3a11e12d0b94dbf5a1eec4c0ae7c81aee87c07d7
19,14,0.94,6000,433.32166666666666,175.21124020356447,2.2619673845891755,"[455.645,427.705,434.245,416.09,413.115,438.97,441.645,433.875,423.555,421.13,438.66,407.045,436.975,431.59,437.225,446.465,434.01,430.26,402.715,452.38,438.02,440.72,458.58,444.27,441.335,447.0,425.84,415.86,427.795,436.93]",429.11159254415503,-0.009715817247029638,0.009715817247029638,423.8628230183962,442.7805103149371,0.030870640085444934,fc6ed5692c5e33a9fffe770a3a11e12d0b94dbf5a1eec4c0ae7c81aee87c07d7
19,14,1.0,6000,433.97816666666665,173.30890538598,2.2374083476977917,"[424.48,446.27,427.365,420.69,448.49,436.955,442.255,442.105,420.585,438.32,433.48,431.215,421.495,424.315,430.04,442.395,419.86,450.51,445.295,425.41,433.035,452.22,437.615,428.825,444.675,433.02,438.99,431.57,421.675,426.19]",432.3319770225369,-0.0037932545242401446,0.0037932545242401446,424.6220212675798,443.3343120657535,0.02481724230175264,fc6ed5692c5e33a9fffe770a3a11e12d0b94dbf5a1eec4c0ae7c81aee87c07d7
19,14,1.06,6000,429.1105,169.30186593789117,2.1856776908643107,"[434.56,430.77,425.815,425.255,428.76,435.85,431.705,428.315,440.235,438.58,434.96,431.535,416.085,442.925,424.045,428.29,439.45,435.075,435.425,442.635,440.505,421.5,416.93,419.88,423.21,415.085,430.135,404.2,426.01,425.59]",425.4387792358702,-0.008556585690934657,0.008556585690934657,419.97067610852815,438.25032389147185,0.029233394608452867,fc6ed5692c5e33a9fffe770a3a11e12d0b94dbf5a1eec4c0ae7c81aee87c07d7
19,14,1.275,6000,404.15416666666664,151.564111888801,1.956684270760146,"[413.19,410.09,418.905,395.02,401.93,405.89,402.185,396.89,409.535,407.46,414.69,414.91,391.525,403.775,391.085,403.38,391.805,411.765,396.165,399.775,394.96,406.045,423.21,403.505,392.17,401.345,417.26,412.8,387.305,406.055]",401.5913296701456,-0.006341236112096698,0.006341236112096698,395.971921992298,412.3364113410353,0.026059017286258035,fc6ed5692c5e33a9fffe770a3a11e12d0b94dbf5a1eec4c0ae7c81aee87c07d7
19,14,1.675,6000,361.9531666666667,123.8388858621589,1.598753141856742,"[347.105,358.255,350.85,375.825,368.07,349.87,367.045,357.25,371.355,365.175,369.06,365.675,360.3,373.725,362.215,356.325,357.07,358.415,365.81,357.01,347.9,370.76,357.12,369.025,362.985,356.5,368.89,367.535,363.2,358.275]",361.4433145091301,-0.0014086136121751202,0.0014086136121751202,355.2676785804843,368.63865475284905,0.019518680829993196,fc6ed5692c5e33a9fffe770a3a11e12d0b94dbf5a1eec4c0ae7c81aee87c07d7
19,14,1.875,6000,344.4071666666667,112.55293158794397,1.4530520986897657,"[330.885,347.93,349.355,332.605,351.545,343.705,345.975,360.39,353.31,349.85,346.255,351.805,339.775,342.805,339.365,342.955,353.86,343.54,335.62,346.935,334.425,340.165,350.175,339.52,332.19,362.895,348.685,324.675,351.37,339.65]",343.55352044739396,-0.0024785959814213657,0.0024785959814213657,338.33095499892244,350.48337833441093,0.01977228683411314,fc6ed5692c5e33a9fffe770a3a11e12d0b94dbf5a1eec4c0ae7c81aee87c07d7
19,28,0.325,6000,392.7795,88.53397798186232,1.1429687409908231,"[392.375,389.685,387.08,399.205,403.41,390.93,375.965,388.34,389.065,391.02,392.735,395.575,378.25,393.675,402.845,391.865,389.895,398.85,396.92,398.28,395.81,393.14,395.53,388.56,399.385,396.96,389.425,389.26,387.77,401.58]",392.95521734321756,0.00044736892637617414,0.00044736892637617414,387.99996043212235,397.5590395678776,0.012771282001102335,fc6ed5692c5e33a9fffe770a3a11e12d0b94dbf5a1eec4c0ae7c81aee87c07d7
19,28,0.525,6000,558.5711666666666,151.6516193041752,1.9578139866348592,"[572.51,553.445,570.82,547.885,544.4,568.445,550.81,557.48,547.92,558.48,570.265,565.66,542.805,540.935,565.695,547.235,574.725,551.305,564.215,558.17,559.32,554.825,575.76,567.17,565.63,541.225,554.135,568.425,555.9,561.54]",560.0,0.0025580148396489974,0.0025580148396489974,550.3841978720924,566.7581354612408,0.017471072325630832,fc6ed5692c5e33a9fffe770a3a11e12d0b94dbf5a1eec4c0ae7c81aee87c07d7
19,28,0.725,6000,936.0346666666667,311.25675884475714,4.018307478000809,"[937.8,965.34,934.49,923.81,911.165,930.595,952.07,916.105,925.185,907.46,940.06,965.95,965.105,931.405,945.395,903.605,938.27,936.85,950.76,908.385,948.065,936.88,979.995,928.21,929.695,945.495,929.375,944.53,920.415,928.575]",923.2854231977882,-0.013620482149747825,0.013620482149747825,919.231355343949,952.8379779893844,0.03101529900598221,fc6ed5692c5e33a9fffe770a3a11e12d0b94dbf5a1eec4c0ae7c81aee87c07d7
19,28,0.94,6000,1673.4996666666666,658.7989470812281,8.505057835148593,"[1701.375,1590.115,1671.25,1654.22,1718.88,1731.99,1598.9,1655.7,1585.87,1707.055,1721.07,1559.975,1703.235,1671.42,1740.63,1678.65,1695.93,1596.93,1659.53,1701.91,1735.25,1826.23,1606.685,1670.875,1676.28,1704.8,1670.705,1698.26,1637.86,1633.41]",1699.8785348557944,0.015762697008282152,0.015762697008282152,1637.9341616862403,1709.065171647093,0.03781859773031604,fc6ed5692c5e33a9fffe770a3a11e12d0b94dbf5a1eec4c0ae7c81aee87c07d7
19,28,1.0,6000,1739.6258333333333,686.2735208283967,8.859753057038365,"[1765.555,1761.03,1682.0,1688.925,1739.705,1684.605,1722.62,1783.14,1783.685,1690.065,1684.23,1714.735,1748.425,1788.775,1705.795,1639.685,1723.7,1714.315,1847.25,1806.25,1736.865,1719.935,1729.595,1804.705,1787.31,1790.125,1750.955,1692.62,1770.85,1731.325]",1737.8640351820802,-0.0010127454522086755,0.0010127454522086755,1702.5771033207948,1776.6745633458718,0.02184447786020116,fc6ed5692c5e33a9fffe770a3a11e12d0b94dbf5a1eec4c0ae7c81aee87c07d7
19,28,1.06,6000,1722.7868333333333,673.3570412573164,8.693002022803624,"[1681.35,1655.615,1702.085,1755.875,1675.485,1761.695,1755.97,1800.145,1670.18,1704.83,1680.815,1708.625,1704.29,1626.455,1762.665,1648.91,1797.52,1749.18,1761.315,1745.805,1704.365,1690.075,1734.11,1678.125,1787.46,1749.85,1784.665,1697.425,1780.47,1728.25]",1681.9242647272577,-0.02371887677305541,0.02371887677305541,1686.4354042508437,1759.138262415823,0.043893080685157404,fc6ed5692c5e33a9fffe770a3a11e12d0b94dbf5a1eec4c0ae7c81aee87c07d7
19,28,1.275,6000,1512.198,533.2113985358791,6.883729555124752,"[1480.315,1509.1,1521.075,1495.71,1586.77,1548.51,1464.325,1483.485,1508.7,1483.82,1485.57,1483.975,1495.285,1567.07,1447.695,1553.48,1543.58,1517.18,1483.905,1530.875,1516.51,1560.69,1414.07,1555.385,1557.53,1557.51,1479.575,1503.565,1563.325,1467.355]",1500.5073704471424,-0.007730885474559331,0.007730885474559331,1483.4123853078904,1540.9836146921098,0.026266498786266856,fc6ed5692c5e33a9fffe770a3a11e12d0b94dbf5a1eec4c0ae7c81aee87c07d7
19,28,1.675,6000,1249.716,373.70231590686234,4.824476153154737,"[1239.84,1265.6,1234.88,1275.375,1222.84,1245.365,1212.525,1251.965,1226.86,1311.835,1252.49,1256.835,1276.865,1241.02,1218.28,1255.655,1228.26,1211.73,1246.57,1235.265,1295.6,1217.065,1248.915,1317.825,1232.68,1267.955,1228.68,1263.46,1229.305,1279.94]",1238.152527468465,-0.009252880279627451,0.009252880279627451,1229.541542168112,1269.8904578318877,0.024992652057256648,fc6ed5692c5e33a9fffe770a3a11e12d0b94dbf5a1eec4c0ae7c81aee87c07d7
19,28,1.875,6000,1139.2698333333333,324.4034765934389,4.1880308743272545,"[1119.87,1130.78,1103.465,1132.825,1151.085,1118.805,1157.24,1130.045,1149.755,1141.8,1160.565,1155.715,1130.545,1114.15,1140.87,1175.235,1140.535,1105.27,1131.91,1168.98,1121.495,1169.265,1133.865,1133.925,1134.805,1137.99,1116.355,1154.265,1147.04,1169.645]",1137.2343785131768,-0.0017866310162896505,0.0017866310162896505,1121.7567915873376,1156.782875079329,0.01689901967541796,fc6ed5692c5e33a9fffe770a3a11e12d0b94dbf5a1eec4c0ae7c81aee87c07d7
19,56,0.325,6000,789.4625,125.09480156523868,1.614966943864303,"[786.18,786.3,772.805,777.515,784.74,782.49,782.36,784.255,792.385,793.92,803.455,797.61,784.12,789.575,790.43,789.955,789.555,786.185,792.1,786.935,805.625,790.625,785.805,776.29,797.275,787.825,789.395,788.86,795.63,813.675]",774.7262981964401,-0.018666120054543288,0.018666120054543288,782.709210839771,796.215789160229,0.02698953130087245,fc6ed5692c5e33a9fffe770a3a11e12d0b94dbf5a1eec4c0ae7c81aee87c07d7
19,56,0.525,6000,1118.3451666666667,212.66458504162694,2.74548798731444,"[1137.1,1121.67,1115.605,1109.995,1117.545,1130.86,1146.66,1107.64,1120.155,1134.36,1131.05,1119.21,1111.335,1098.66,1136.55,1100.78,1121.415,1126.56,1120.635,1107.245,1115.465,1115.225,1110.145,1130.925,1112.305,1123.255,1112.795,1097.835,1117.485,1099.89]",1116.4837365213853,-0.0016644504762600642,0.0016644504762600642,1106.8643903357877,1129.8259429975458,0.011809081353506778,fc6ed5692c5e33a9fffe770a3a11e12d0b94dbf5a1eec4c0ae7c81aee87c07d7
19,56,0.725,6000,1933.849,489.2115331698185,6.315693735797681,"[1943.245,1906.05,1900.3,1945.135,1958.88,1974.98,1961.51,1866.255,1953.835,1932.05,1890.3,1840.225,1921.605,1980.03,1964.255,1936.455,1917.32,1906.015,1938.1,1974.79,1923.29,1982.445,1938.365,1977.915,1883.7,1955.13,1955.005,1929.525,1938.31,1920.45]",1934.5454545454543,0.0003601390519396003,0.0003601390519396003,1907.4387343240776,1960.2592656759223,0.014211056813304257,fc6ed5692c5e33a9fffe770a3a11e12d0b94dbf5a1eec4c0ae7c81aee87c07d7
19,56,0.94,6000,6039.455333333333,2291.039138919477,29.57718810181505,"[5898.9,5831.81,6190.785,6033.1,6049.965,5882.495,6262.01,5867.205,6460.26,5854.205,6122.675,5895.855,5986.055,5838.28,6137.97,5885.545,5984.86,5786.955,6260.175,6004.27,6111.745,6049.595,5978.97,6020.5,6097.16,6418.985,5924.49,6124.41,6399.23,5825.2]",5934.283507875239,-0.01741412423031326,0.01741412423031326,5915.7727375025515,6163.137929164115,0.037132776179798266,fc6ed5692c5e33a9fffe770a3a11e12d0b94dbf5a1eec4c0ae7c81aee87c07d7
19,56,1.0,6000,6995.761,2815.066665865638,36.342354384537515,"[6857.095,7326.84,6850.25,6973.37,7119.08,6730.965,7031.05,7060.92,6999.785,6743.045,6847.495,7315.585,7000.93,7278.375,6682.93,7120.375,6947.975,7027.555,6883.555,6963.73,6936.59,6687.33,7074.94,7412.565,7059.54,6992.095,7071.745,6898.25,6987.015,6991.855]",6968.528394912186,-0.003892729481155029,0.003892729481155029,6843.7885841838415,7147.733415816159,0.02507158710024593,fc6ed5692c5e33a9fffe770a3a11e12d0b94dbf5a1eec4c0ae7c81aee87c07d7
19,56,1.06,6000,6581.2035,2481.3746498893047,32.03440898240846,"[6316.12,6487.105,6401.695,6899.815,6474.35,6794.995,6682.855,6564.25,6878.135,6298.72,6636.915,6441.725,6631.535,6744.49,6129.245,6450.005,6477.735,6799.895,6544.34,6735.55,7001.795,6411.805,6600.175,6578.625,6838.115,6725.025,6217.32,6522.915,6470.27,6680.585]",6518.61757596511,-0.009509799238830711,0.009509799238830711,6447.2455711661205,6715.161428833879,0.029268671341963537,fc6ed5692c5e33a9fffe770a3a11e12d0b94dbf5a1eec4c0ae7c81aee87c07d7
19,56,1.275,6000,5282.890166666667,1664.4103150123246,21.487444770995246,"[5379.87,5259.245,5299.5,5251.27,5419.575,5374.745,5170.135,5224.61,5346.665,5231.515,5376.985,5235.295,5148.14,5172.205,5208.045,5310.28,5298.005,5348.9,5233.325,5172.425,5521.16,5313.26,5423.895,5286.17,5330.155,5265.21,5292.325,5331.085,5202.475,5060.235]",5256.018554884525,-0.005086536144872647,0.005086536144872647,5193.03635981056,5372.7439735227745,0.02172547569984351,fc6ed5692c5e33a9fffe770a3a11e12d0b94dbf5a1eec4c0ae7c81aee87c07d7
19,56,1.675,6000,3916.338166666667,987.5958434847308,12.749807515333432,"[3882.68,4016.175,3946.13,3932.74,3836.33,3925.465,3893.95,3853.05,3849.14,3999.97,3861.66,3966.095,3893.38,3812.77,4054.675,3860.275,3909.24,3919.145,3853.815,3935.86,3923.445,3979.015,4009.51,3952.99,3900.665,3880.57,3992.065,3926.64,3785.725,3936.975]",3864.5518178703537,-0.013223155558190819,0.013223155558190819,3863.022439545789,3969.653893787545,0.026476382760137973,fc6ed5692c5e33a9fffe770a3a11e12d0b94dbf5a1eec4c0ae7c81aee87c07d7
19,56,1.875,6000,3466.348,796.5711178672645,10.283688911899137,"[3495.3,3477.12,3450.15,3561.195,3484.395,3482.985,3520.405,3388.54,3407.03,3425.07,3316.865,3482.935,3520.49,3516.785,3479.585,3361.91,3487.19,3486.24,3365.645,3445.485,3497.315,3517.805,3476.565,3470.115,3512.54,3484.165,3437.33,3506.8,3445.27,3487.215]",3430.6674950588836,-0.010293399549357537,0.010293399549357537,3423.344813390051,3509.351186609949,0.022421150625017372,fc6ed5692c5e33a9fffe770a3a11e12d0b94dbf5a1eec4c0ae7c81aee87c07d7
19,112,0.325,6000,1576.1348333333333,178.38876294513736,2.302989026790199,"[1587.525,1583.075,1567.795,1569.46,1565.775,1577.95,1581.665,1562.17,1573.235,1588.055,1597.23,1557.755,1587.08,1581.25,1613.16,1578.245,1582.89,1579.75,1574.06,1583.7,1578.84,1567.01,1554.405,1578.06,1584.49,1576.475,1586.56,1550.575,1555.72,1560.085]",1564.1242912924,-0.00762025036622822,0.00762025036622822,1566.5044499438543,1585.7652167228123,0.013646992128592772,fc6ed5692c5e33a9fffe770a3a11e12d0b94dbf5a1eec4c0ae7c81aee87c07d7
19,112,0.525,6000,2238.346,306.1375736271702,3.9522190810212567,"[2233.12,2248.72,2261.0,2249.41,2228.05,2263.575,2228.735,2237.31,2258.485,2255.675,2255.26,2192.64,2222.66,2229.365,2260.895,2230.3,2229.19,2225.92,2243.735,2209.62,2237.43,2254.0,2236.17,2258.41,2237.715,2224.995,2228.76,2227.635,2233.72,2247.88]",2237.745813304124,-0.00026813848076923363,0.00026813848076923363,2221.81904978587,2254.87295021413,0.007595610612287196,fc6ed5692c5e33a9fffe770a3a11e12d0b94dbf5a1eec4c0ae7c81aee87c07d7
19,112,0.725,6000,3877.6343333333334,699.0164175085923,9.02426314578783,"[3893.19,3975.755,3792.795,3879.65,3878.04,3845.14,3844.92,4087.91,3817.21,3814.125,3944.465,3950.785,3797.665,3901.29,3857.025,3909.635,3867.505,3799.96,3930.41,3779.535,3887.665,3930.685,3853.915,3865.31,3876.27,3848.385,3858.025,3875.005,3777.96,3988.8]",3869.0909090909086,-0.002203256807632161,0.002203256807632161,3839.897673327354,3915.370993339313,0.011820101933414318,fc6ed5692c5e33a9fffe770a3a11e12d0b94dbf5a1eec4c0ae7c81aee87c07d7
19,112,0.94,6000,16437.83916666667,5525.986315861916,71.3401765756776,"[15852.89,16698.425,16593.945,16503.0,16342.165,16060.525,16649.935,16239.275,16536.42,16568.735,17072.59,16449.62,16473.225,16049.185,16531.595,16299.585,16994.05,16369.97,16269.575,16073.205,16707.46,16153.92,16803.47,17027.03,17085.115,16474.13,15461.55,16576.515,16471.08,15746.99]",16346.443357309961,-0.005560086604451229,0.005560086604451229,16139.516750230987,16736.16158310235,0.02328599803827569,fc6ed5692c5e33a9fffe770a3a11e12d0b94dbf5a1eec4c0ae7c81aee87c07d7
19,112,1.0,6000,28087.193166666668,11148.472777024812,143.92616467021284,"[28101.935,29351.9,29221.975,28026.25,26517.865,28417.985,28882.735,29377.455,27387.5,28577.455,28468.57,29358.105,27535.455,27817.645,26761.075,28831.075,28360.005,28543.29,27771.65,28224.77,28350.095,27845.465,27457.24,27087.84,27966.335,27722.205,27184.935,27422.93,27062.85,28981.205]",27908.258088016475,-0.006370699898292058,0.006370699898292058,27485.33873773642,28689.047595596916,0.027215595253858305,fc6ed5692c5e33a9fffe770a3a11e12d0b94dbf5a1eec4c0ae7c81aee87c07d7
19,112,1.06,6000,24730.425,8973.846561818451,115.85186095114516,"[23863.895,24461.955,25114.705,25392.1,24643.115,24541.67,24769.685,25565.79,24625.915,23565.045,24610.71,24716.73,24987.365,24394.915,24611.02,25345.175,24994.76,25334.73,25443.7,25204.36,25319.335,25229.655,25117.845,24243.37,23972.785,24739.31,24794.25,24221.55,23975.695,24111.615]",24399.890762297848,-0.013365489582251481,0.013365489582251481,24245.96857212932,25214.881427870678,0.0323218123354726,fc6ed5692c5e33a9fffe770a3a11e12d0b94dbf5a1eec4c0ae7c81aee87c07d7
19,112,1.275,6000,16879.91083333333,4501.503719518488,58.11416312861949,"[16909.125,17396.2,16693.695,16948.695,16527.04,16958.16,16338.685,16858.64,17143.98,16531.695,16706.805,17365.22,17102.82,16713.455,16873.09,17091.65,16158.025,16822.75,16320.68,16982.71,16862.85,17135.475,16846.42,17004.215,17511.67,17085.365,17087.91,16599.2,16453.915,17367.185]",16883.02759588163,0.0001846433064175121,0.0001846433064175121,16636.895489023434,17122.92617764323,0.01479435313040156,fc6ed5692c5e33a9fffe770a3a11e12d0b94dbf5a1eec4c0ae7c81aee87c07d7
19,112,1.675,6000,11142.158333333333,2212.8304931457783,28.56751882644515,"[11009.625,11332.365,10929.55,11203.51,11183.17,11169.95,11407.98,11343.935,11150.475,11060.455,11021.385,11222.205,11201.795,11130.845,11010.055,10954.555,10847.605,10980.105,11249.225,11060.97,11271.495,11256.29,11336.87,10964.21,11193.89,11252.485,11241.15,10985.185,11121.43,11171.985]",11101.676567098357,-0.0036332068728433995,0.0036332068728433995,11022.697860189754,11261.618806476912,0.014202419929767784,fc6ed5692c5e33a9fffe770a3a11e12d0b94dbf5a1eec4c0ae7c81aee87c07d7
19,112,1.875,6000,9589.110666666667,1728.426694104315,22.31389267135451,"[9647.735,9736.45,9627.49,9563.51,9547.85,9500.545,9485.37,9717.66,9593.12,9520.575,9509.07,9499.625,9683.625,9741.78,9521.175,9749.365,9488.9,9637.58,9645.515,9590.3,9623.905,9753.28,9440.005,9653.485,9600.985,9470.37,9409.08,9480.615,9577.84,9656.515]",9598.754284233408,0.0010056842497671071,0.0010056842497671071,9495.800911892744,9682.42042144059,0.010841989348336467,fc6ed5692c5e33a9fffe770a3a11e12d0b94dbf5a1eec4c0ae7c81aee87c07d7
20,14,0.325,6000,203.4445,63.46756343480811,0.8193627206912487,"[205.18,202.855,208.525,194.05,204.285,199.945,204.35,199.965,199.93,202.365,202.91,210.625,194.945,207.075,209.325,209.695,200.21,205.28,203.61,201.765,203.27,207.295,199.92,199.965,209.085,205.835,197.955,202.95,199.835,210.335]",206.05822531094742,0.012847362848085919,0.012847362848085919,200.01818009855384,206.87081990144617,0.03019748109605591,fc6ed5692c5e33a9fffe770a3a11e12d0b94dbf5a1eec4c0ae7c81aee87c07d7
20,14,0.525,6000,274.28883333333334,92.45586923823886,1.193600139396099,"[268.645,265.535,276.63,283.28,263.315,270.01,275.85,272.54,272.18,286.54,279.77,288.815,278.57,269.14,269.36,269.995,277.315,280.69,272.725,266.495,274.07,281.035,284.515,274.03,276.795,275.755,262.95,271.99,268.03,272.095]",273.40331355395523,-0.003228420816905711,0.003228420816905711,269.29756901448377,279.2800976521829,0.02104261688402398,fc6ed5692c5e33a9fffe770a3a11e12d0b94dbf5a1eec4c0ae7c81aee87c07d7
20,14,0.725,6000,374.7848333333333,135.689828253831,1.751748150256107,"[377.9,375.84,376.83,347.125,370.55,376.51,372.5,373.375,376.45,374.325,381.43,372.265,379.075,367.49,380.315,374.975,380.075,376.71,366.57,373.035,377.045,384.09,391.29,382.185,372.5,366.935,373.275,386.045,363.17,373.665]",368.09249830979184,-0.0178564723764831,0.0178564723764831,367.4595677360891,382.1100989305775,0.0366847164207833,fc6ed5692c5e33a9fffe770a3a11e12d0b94dbf5a1eec4c0ae7c81aee87c07d7
20,14,0.94,6000,445.4393333333333,179.0986712454782,2.312153903538714,"[444.455,461.83,432.0,444.47,436.275,470.665,434.68,467.2,450.875,447.485,446.925,442.44,431.35,451.64,430.99,441.1,464.16,419.535,443.385,448.985,444.06,435.85,425.96,432.58,450.23,432.74,449.84,464.695,458.835,457.945]",442.8930719902625,-0.005716292102038878,0.005716292102038878,435.7706252815225,455.10804138514413,0.02683971339575708,fc6ed5692c5e33a9fffe770a3a11e12d0b94dbf5a1eec4c0ae7c81aee87c07d7
20,14,1.0,6000,447.79133333333334,174.851318617159,2.2573208168888788,"[414.94,442.03,438.345,459.575,432.5,455.8,442.755,429.685,452.24,457.44,428.79,466.34,446.89,447.895,463.245,455.895,462.29,429.07,428.025,480.385,435.165,457.835,448.265,424.29,465.345,461.14,440.805,458.63,444.16,463.97]",446.1054438938943,-0.0037648996618344223,0.0037648996618344223,438.35192018511236,457.2307464815543,0.02433192140570284,fc6ed5692c5e33a9fffe770a3a11e12d0b94dbf5a1eec4c0ae7c81aee87c07d7
20,14,1.06,6000,444.8895,173.2052885116716,2.2360706596025164,"[450.345,448.75,447.16,445.58,448.895,453.025,466.425,470.53,434.075,449.325,443.76,440.16,446.42,454.445,432.82,439.1,437.29,435.51,445.07,443.965,435.715,428.94,448.98,438.48,437.74,456.28,446.83,438.375,432.805,449.89]",439.40532873290346,-0.012327041359925425,0.012327041359925425,435.53894839622143,454.24005160377857,0.0326583330080612,fc6ed5692c5e33a9fffe770a3a11e12d0b94dbf5a1eec4c0ae7c81aee87c07d7
20,14,1.275,6000,421.0826666666667,156.9204612898441,2.025834444182506,"[413.055,409.86,412.905,417.41,419.27,418.47,426.2,421.575,420.4,424.845,421.46,425.1,426.045,434.55,415.18,409.465,410.0,426.36,411.495,421.085,421.985,425.48,411.765,408.44,417.86,437.045,432.895,442.515,438.59,411.175]",416.21262491034673,-0.011565524163869523,0.011565524163869523,412.6112574874917,429.5540758458417,0.03105883912106777,fc6ed5692c5e33a9fffe770a3a11e12d0b94dbf5a1eec4c0ae7c81aee87c07d7
20,14,1.675,6000,378.1256666666667,128.66748007154027,1.661090025051834,"[386.12,377.285,386.85,379.895,375.315,369.2,371.85,392.655,384.685,383.665,397.2,375.615,377.995,365.44,376.535,374.735,370.77,377.255,369.445,381.505,378.805,377.905,394.755,380.95,388.35,369.7,368.31,361.455,386.09,363.435]",376.98171889357593,-0.003025311090821019,0.003025311090821019,371.1795051350226,385.07182819831075,0.021009351275026122,fc6ed5692c5e33a9fffe770a3a11e12d0b94dbf5a1eec4c0ae7c81aee87c07d7
20,14,1.875,6000,360.15933333333334,121.3540168781307,1.56667362121458,"[361.85,359.485,354.305,364.14,373.685,358.095,345.315,350.42,373.285,368.285,362.85,368.925,360.385,359.765,360.81,368.32,361.9,352.195,366.085,364.65,362.985,364.055,363.67,345.11,374.185,354.07,345.28,359.185,346.0,355.49]",359.37709754344985,-0.0021719159202227716,0.0021719159202227716,353.60799181890656,366.7106748477601,0.01999826513737235,fc6ed5692c5e33a9fffe770a3a11e12d0b94dbf5a1eec4c0ae7c81aee87c07d7
20,28,0.325,6000,417.0315,94.00115891517632,1.213549743342249,"[417.78,411.63,416.495,422.66,421.12,420.75,417.61,409.74,412.645,417.11,414.955,411.955,417.5,425.825,413.96,418.57,415.545,416.18,416.955,409.22,409.385,413.175,422.955,413.015,405.47,424.97,423.295,415.15,421.75,433.575]",413.99232654161995,-0.007287635246690114,0.007287635246690114,411.95681264602746,422.10618735397253,0.019222321433417955,fc6ed5692c5e33a9fffe770a3a11e12d0b94dbf5a1eec4c0ae7c81aee87c07d7
20,28,0.525,6000,589.0885,158.96253913807766,2.052197555842065,"[602.795,591.03,594.715,567.475,570.465,598.25,591.245,586.665,603.22,580.99,570.895,603.0,589.35,588.83,596.05,593.6,592.355,580.81,580.7,584.685,603.15,599.275,583.065,577.16,615.545,574.295,571.8,582.43,587.43,611.38]",589.4736842105264,0.0006538647597541016,0.0006538647597541016,580.5068484924127,597.6701515075872,0.015446563191116036,fc6ed5692c5e33a9fffe770a3a11e12d0b94dbf5a1eec4c0ae7c81aee87c07d7
20,28,0.725,6000,985.196,327.2188196655624,4.224376797101238,"[1015.67,958.585,978.815,997.325,1002.5,999.88,1005.495,1008.59,1023.31,942.13,980.72,1003.77,993.335,950.99,989.79,931.08,1009.1,968.07,981.575,1010.99,992.475,997.64,966.875,1002.3,967.11,1000.83,923.235,971.84,1027.1,954.755]",968.875965437567,-0.016565266771721647,0.016565266771721647,967.5309709162941,1002.861029083706,0.03388810878132387,fc6ed5692c5e33a9fffe770a3a11e12d0b94dbf5a1eec4c0ae7c81aee87c07d7
20,28,0.94,6000,1747.6381666666666,682.3323668270292,8.808872977664581,"[1636.165,1739.855,1704.05,1709.725,1783.055,1776.78,1779.25,1780.37,1726.3,1796.005,1809.45,1718.46,1675.515,1709.95,1725.005,1766.165,1754.96,1856.105,1775.81,1827.555,1674.16,1753.725,1768.025,1743.645,1766.38,1742.125,1739.825,1732.705,1729.4,1728.625]",1758.2804580448967,0.006089527901835945,0.006089527901835945,1710.8022013115176,1784.4741320218156,0.02775204327945202,fc6ed5692c5e33a9fffe770a3a11e12d0b94dbf5a1eec4c0ae7c81aee87c07d7
20,28,1.0,6000,1796.855,700.4689725024036,9.043015550122767,"[1845.685,1802.53,1730.315,1817.075,1872.23,1780.165,1860.545,1810.855,1838.145,1755.525,1738.335,1837.82,1707.415,1863.96,1850.59,1797.525,1809.15,1777.65,1795.955,1726.08,1881.155,1721.53,1860.9,1709.15,1829.115,1852.89,1802.185,1725.15,1712.63,1793.395]",1793.557360116381,-0.0018352287099510048,0.0018352287099510048,1759.0399232750874,1834.6700767249126,0.022408779175121407,fc6ed5692c5e33a9fffe770a3a11e12d0b94dbf5a1eec4c0ae7c81aee87c07d7
20,28,1.06,6000,1774.4968333333334,683.652810899617,8.825919837340349,"[1762.53,1717.57,1808.28,1844.665,1773.985,1763.91,1820.54,1673.135,1841.63,1706.435,1734.69,1789.605,1727.88,1817.135,1733.08,1841.585,1812.365,1778.195,1784.705,1770.44,1714.02,1807.4,1760.74,1759.185,1793.6,1742.995,1740.655,1869.76,1760.835,1783.355]",1739.207974191673,-0.019886684765377374,0.019886684765377374,1737.5895833162278,1811.404083350439,0.03985643502869296,fc6ed5692c5e33a9fffe770a3a11e12d0b94dbf5a1eec4c0ae7c81aee87c07d7
20,28,1.275,6000,1569.7301666666667,559.2492604487951,7.219876906989993,"[1599.3,1553.85,1609.235,1568.245,1617.705,1574.065,1536.425,1551.925,1540.665,1520.32,1598.945,1660.685,1601.215,1525.86,1524.655,1538.05,1592.12,1503.395,1564.365,1530.425,1564.23,1624.72,1547.26,1631.19,1597.12,1574.21,1514.705,1539.545,1567.59,1619.885]",1562.2287473424326,-0.004778795415624482,0.004778795415624482,1539.5388883625455,1599.921444970788,0.023559092695981443,fc6ed5692c5e33a9fffe770a3a11e12d0b94dbf5a1eec4c0ae7c81aee87c07d7
20,28,1.675,6000,1299.3358333333333,394.8734774918543,5.0977946739498705,"[1259.92,1276.36,1362.815,1287.85,1275.23,1287.755,1282.82,1300.295,1315.265,1355.5,1338.21,1275.175,1330.47,1318.565,1260.035,1237.905,1280.88,1326.055,1268.605,1278.805,1324.765,1292.55,1353.93,1289.655,1279.1,1329.77,1297.845,1332.94,1261.64,1299.365]",1302.7241503750306,0.002607730006956599,0.002607730006956599,1278.0184425078085,1320.6532241588582,0.01933126083747516,fc6ed5692c5e33a9fffe770a3a11e12d0b94dbf5a1eec4c0ae7c81aee87c07d7
20,28,1.875,6000,1210.8648333333333,341.24317045210194,4.405430387226699,"[1242.22,1208.43,1193.76,1197.135,1201.25,1241.12,1195.45,1217.59,1246.565,1255.585,1191.245,1191.82,1199.545,1205.4,1208.3,1215.475,1204.69,1206.95,1253.62,1227.805,1199.135,1202.235,1172.795,1250.55,1213.815,1199.585,1177.68,1227.22,1207.125,1171.85]",1201.3682711198353,-0.0078427929790936,0.0078427929790936,1192.4426944819877,1229.286972184679,0.02271129662687854,fc6ed5692c5e33a9fffe770a3a11e12d0b94dbf5a1eec4c0ae7c81aee87c07d7
20,56,0.325,6000,829.0461666666666,129.98505191338623,1.6780998043881714,"[825.08,834.275,837.56,829.43,819.915,836.83,826.995,832.79,822.845,832.315,825.66,817.98,825.12,831.145,827.875,832.68,824.005,797.39,832.335,822.435,840.985,818.41,836.28,838.385,832.57,818.095,835.395,849.815,840.26,826.53]",815.4442706521666,-0.01640668102861994,0.01640668102861994,822.0288755315056,836.0634578018277,0.02466222743889912,fc6ed5692c5e33a9fffe770a3a11e12d0b94dbf5a1eec4c0ae7c81aee87c07d7
20,56,0.525,6000,1176.7498333333333,222.48630656606065,2.872285866965169,"[1170.695,1163.795,1182.63,1146.21,1174.415,1193.515,1179.085,1171.85,1166.345,1176.075,1168.73,1201.47,1188.68,1191.33,1169.52,1180.725,1162.83,1164.335,1181.49,1196.075,1157.63,1215.365,1171.625,1204.365,1177.97,1168.61,1158.425,1161.12,1194.08,1163.505]",1175.5830791706144,-0.0009915056961715455,0.0009915056961715455,1164.7388277309271,1188.7608389357395,0.011085290946261872,fc6ed5692c5e33a9fffe770a3a11e12d0b94dbf5a1eec4c0ae7c81aee87c07d7
20,56,0.725,6000,2041.9855,511.9479476209102,6.609219584202841,"[2047.035,2026.7,2037.78,2032.08,2032.865,2088.03,2080.675,2056.17,2042.38,2093.21,1982.85,2016.95,2078.825,2075.36,2061.53,2057.26,2042.73,2020.5,2041.285,2028.445,2015.31,2021.06,2064.53,2025.765,2027.23,2039.47,2016.48,2070.435,2050.25,1986.375]",2036.3636363636363,-0.002753135924013046,0.002753135924013046,2014.3478005751624,2069.623199424838,0.016070347042130506,fc6ed5692c5e33a9fffe770a3a11e12d0b94dbf5a1eec4c0ae7c81aee87c07d7
20,56,0.94,6000,6219.701166666667,2307.7267036245307,29.79262363578649,"[6302.95,5996.525,6136.27,6603.75,6136.235,5755.65,5831.255,6389.975,6305.02,6410.185,6230.18,6274.93,5978.905,6392.215,6310.57,6097.39,6311.01,6115.9,6501.14,6172.335,6219.165,6227.375,6295.425,6043.59,6235.345,6495.15,6332.34,6021.97,6085.485,6382.8]",6173.856393131153,-0.007370896495994128,0.007370896495994128,6095.117686479196,6344.2846468541375,0.026863273514610153,fc6ed5692c5e33a9fffe770a3a11e12d0b94dbf5a1eec4c0ae7c81aee87c07d7
20,56,1.0,6000,7194.9825,2772.3918573971905,35.79142497620122,"[6881.985,6990.635,7410.945,7317.09,7233.295,7070.99,7001.495,7295.09,7001.425,7294.88,7117.1,7287.38,7194.15,7141.07,7039.365,7260.895,7410.89,7144.46,7462.13,7447.295,7362.08,7369.25,7299.545,6799.56,7343.555,7341.86,7262.265,6796.545,7190.08,7082.17]",7192.500609547133,-0.000344947392556889,0.000344947392556889,7045.313899513006,7344.651100486994,0.02089143395644877,fc6ed5692c5e33a9fffe770a3a11e12d0b94dbf5a1eec4c0ae7c81aee87c07d7
20,56,1.06,6000,6841.083833333333,2561.340721546813,33.066766528378984,"[6825.29,6835.945,6749.985,6833.55,6842.285,6851.95,6746.31,7028.615,6863.595,6941.06,7022.445,7201.43,6727.005,6572.36,6897.65,6868.925,6528.835,6682.62,6796.045,7186.485,6857.695,6678.365,6701.695,6803.115,6867.915,6873.89,6897.075,6773.585,6606.89,7169.905]",6755.206812175311,-0.01255313094389876,0.01255313094389876,6702.808906525489,6979.358760141177,0.032116410069932044,fc6ed5692c5e33a9fffe770a3a11e12d0b94dbf5a1eec4c0ae7c81aee87c07d7
20,56,1.275,6000,5488.1106666666665,1712.3702053117959,22.106604292381203,"[5409.785,5515.32,5557.835,5455.86,5546.575,5514.9,5448.06,5379.175,5790.115,5414.03,5721.14,5590.39,5421.71,5522.405,5613.6,5520.995,5662.935,5486.525,5376.29,5344.51,5338.79,5369.155,5658.81,5365.185,5393.2,5658.705,5476.51,5454.115,5353.735,5282.96]",5513.3173092629595,0.004592954502428587,0.004592954502428587,5395.667727382732,5580.553605950601,0.021804452724759615,fc6ed5692c5e33a9fffe770a3a11e12d0b94dbf5a1eec4c0ae7c81aee87c07d7
20,56,1.675,6000,4163.53,1057.6379311618125,13.65404697902322,"[4196.34,4204.94,4186.65,4177.485,4151.32,4149.365,4167.84,4166.535,4062.31,4233.515,4235.025,4162.03,4071.2,4206.56,4254.895,4096.8,4136.59,4112.725,4219.965,4076.86,4191.64,4256.79,4055.82,4205.01,4188.515,4174.565,4137.54,4204.815,4051.775,4170.48]",4108.389536764715,-0.013243681019539934,0.013243681019539934,4106.433024853218,4220.626975146782,0.026592598455864147,fc6ed5692c5e33a9fffe770a3a11e12d0b94dbf5a1eec4c0ae7c81aee87c07d7
20,56,1.875,6000,3711.351,855.5496258698582,11.045098176159824,"[3724.88,3679.005,3711.59,3760.805,3687.985,3654.0,3752.47,3745.12,3614.635,3840.33,3729.285,3687.025,3828.965,3697.185,3557.475,3735.72,3799.265,3687.545,3670.805,3778.485,3728.07,3670.34,3715.175,3672.365,3743.755,3662.31,3803.53,3701.82,3680.23,3620.36]",3661.0869091139434,-0.013543340655749534,0.013543340655749534,3665.163836807518,3757.5381631924824,0.025668735722591318,fc6ed5692c5e33a9fffe770a3a11e12d0b94dbf5a1eec4c0ae7c81aee87c07d7
20,112,0.325,6000,1657.996,183.59320628743086,2.3701781014268084,"[1637.465,1680.01,1665.6,1656.625,1647.45,1660.89,1661.08,1643.64,1663.23,1670.235,1646.52,1682.54,1642.495,1645.975,1667.325,1671.715,1664.17,1654.92,1653.375,1664.78,1664.55,1633.375,1674.215,1670.24,1659.545,1660.08,1669.055,1654.27,1641.935,1632.575]",1645.3105966620942,-0.007651045803431299,0.007651045803431299,1648.084652810517,1667.9073471894833,0.013547965098580472,fc6ed5692c5e33a9fffe770a3a11e12d0b94dbf5a1eec4c0ae7c81aee87c07d7
20,112,0.525,6000,2351.9268333333334,320.0139387070507,4.131362183888829,"[2338.515,2357.155,2354.35,2314.495,2359.115,2373.88,2335.34,2359.125,2371.235,2331.385,2348.4,2353.845,2371.115,2355.97,2364.22,2323.265,2403.445,2359.815,2374.875,2331.185,2314.39,2346.24,2357.605,2333.555,2383.99,2359.475,2355.62,2327.645,2344.89,2353.665]",2354.341503876981,0.0010266775774759671,0.0010266775774759671,2334.6507624147075,2369.2029042519594,0.008434127184790308,fc6ed5692c5e33a9fffe770a3a11e12d0b94dbf5a1eec4c0ae7c81aee87c07d7
20,112,0.725,6000,4071.8703333333333,722.4059582958319,9.326220818935889,"[4078.45,4069.865,4131.555,4071.06,4008.755,4029.28,4045.15,4122.22,4050.935,4108.015,4048.96,4141.19,4056.855,4051.125,4119.575,4039.035,3956.79,4180.7,4042.56,4015.5,4105.51,4130.74,4090.62,3993.175,4069.68,4031.135,4099.09,4045.215,4074.22,4149.15]",4072.7272727272725,0.00021045350755010826,0.00021045350755010826,4032.870980311459,4110.869686355208,0.009882858293853936,fc6ed5692c5e33a9fffe770a3a11e12d0b94dbf5a1eec4c0ae7c81aee87c07d7
20,112,0.94,6000,17351.0915,5911.827159194337,76.32136044405456,"[16825.005,17781.655,18025.66,16899.665,17571.305,16956.045,16637.27,16736.56,18167.035,17190.12,17503.82,17548.07,17547.595,17510.57,17844.47,17008.725,17804.73,17145.58,17390.63,17344.855,17242.1,16833.32,17864.46,17627.94,17151.56,17283.88,17719.865,17522.355,16812.43,17035.47]",17126.201787596256,-0.01296112768489193,0.01296112768489193,17031.93932283688,17670.24367716312,0.030788590101333946,fc6ed5692c5e33a9fffe770a3a11e12d0b94dbf5a1eec4c0ae7c81aee87c07d7
20,112,1.0,6000,28685.999833333335,11168.998627490744,144.19115226028384,"[29192.005,29441.905,28322.19,29250.27,27288.66,28271.91,29286.2,28349.25,28117.465,28441.035,29220.545,28315.685,28796.205,28275.07,28947.51,28327.815,29241.12,29070.145,28867.355,28479.24,29248.31,28950.57,28926.225,28069.77,29365.74,28248.47,29086.615,27765.585,29123.13,28294.0]",28806.54477635174,0.004202222119458122,0.004202222119458122,28083.037308769042,29288.962357897628,0.025763148751605236,fc6ed5692c5e33a9fffe770a3a11e12d0b94dbf5a1eec4c0ae7c81aee87c07d7
20,112,1.06,6000,25773.7515,9035.389488687422,116.64637672061312,"[24986.685,24932.105,24750.58,26860.475,26548.275,25314.475,26681.755,26152.97,26571.08,26116.955,26052.37,26798.645,25895.125,25512.2,25226.155,25493.93,24860.175,26224.965,26662.5,26150.56,25975.625,24282.315,25285.455,25699.72,25193.51,26475.025,25005.185,25352.14,25730.715,26420.875]",25387.519812906725,-0.014985466399537285,0.014985466399537285,25285.97265444519,26261.530345554806,0.03328102060876359,fc6ed5692c5e33a9fffe770a3a11e12d0b94dbf5a1eec4c0ae7c81aee87c07d7
20,112,1.275,6000,17830.3765,4732.853767641542,61.10087940703573,"[17960.57,18107.675,17221.97,17767.555,17626.67,17962.59,17682.98,17873.035,17817.175,18623.41,17630.965,18037.985,18153.465,17744.765,17441.275,17504.13,17517.4,17658.745,17800.27,17714.695,18609.16,17972.405,17679.335,17599.665,18258.465,17558.2,17762.615,18189.675,17750.06,17684.39]",17884.252789052225,0.003021601313479087,0.003021601313479087,17574.87163771926,18085.881362280736,0.017603608021180106,fc6ed5692c5e33a9fffe770a3a11e12d0b94dbf5a1eec4c0ae7c81aee87c07d7
20,112,1.675,6000,12011.322333333334,2396.256793390725,30.93554218012888,"[12252.425,11796.39,11762.82,12045.005,11749.4,11571.655,11726.795,11965.505,12108.375,11988.545,12049.765,11905.86,11885.47,12222.72,12147.21,11722.025,12140.275,12116.25,12170.16,11654.56,12051.27,12314.765,12247.37,12101.015,12360.635,11761.435,12118.735,12201.035,11886.03,12316.17]",11915.97712392528,-0.007937944446254256,0.007937944446254256,11881.959523484747,12140.68514318192,0.018508676949161584,fc6ed5692c5e33a9fffe770a3a11e12d0b94dbf5a1eec4c0ae7c81aee87c07d7
20,112,1.875,6000,10336.0115,1878.5870775494382,24.25245488583145,"[10535.56,10630.105,10308.865,10198.8,10423.905,10462.935,10511.715,10173.98,10284.4,10337.385,10310.44,10137.06,10372.795,10171.9,10336.185,10360.93,10347.345,10216.965,10213.375,10460.865,10419.53,10336.485,10394.835,10375.615,10308.25,10042.305,10333.81,10432.98,10305.55,10335.475]",10337.923447584144,0.00018497924311940736,0.00018497924311940736,10234.595281351261,10437.42771864874,0.010095969932603088,fc6ed5692c5e33a9fffe770a3a11e12d0b94dbf5a1eec4c0ae7c81aee87c07d7
21,14,0.325,6000,215.23366666666666,66.04664583807391,0.8526585313457322,"[214.125,215.575,219.16,215.77,212.29,211.345,218.625,210.53,211.03,220.645,217.375,209.605,213.555,209.59,209.075,218.875,217.69,207.06,220.45,218.57,209.645,222.475,206.825,222.405,211.905,216.14,225.215,216.305,214.165,220.99]",216.12757814037124,0.004153213981570001,0.004153213981570001,211.66811404715884,218.7992192861745,0.02106819023397577,fc6ed5692c5e33a9fffe770a3a11e12d0b94dbf5a1eec4c0ae7c81aee87c07d7
21,14,0.525,6000,287.4078333333333,97.32306065365351,1.256435310378448,"[292.675,293.75,285.945,282.37,280.225,285.575,281.715,300.815,285.675,277.21,287.905,304.395,282.93,288.425,281.72,292.685,290.48,291.795,289.63,286.86,295.73,288.465,290.105,289.48,274.255,286.995,285.165,289.295,281.24,278.725]",285.858382117744,-0.005391123817395359,0.005391123817395359,282.15381188456945,292.6618547820972,0.023246871955413417,fc6ed5692c5e33a9fffe770a3a11e12d0b94dbf5a1eec4c0ae7c81aee87c07d7
21,14,0.725,6000,384.4513333333333,143.43409469674845,1.851726200129481,"[396.925,378.9,391.865,378.39,388.645,389.865,399.295,375.68,390.745,369.655,380.725,396.27,397.535,388.515,377.065,379.655,385.755,376.465,369.33,374.425,382.36,358.265,391.3,400.03,381.515,389.22,381.615,381.775,395.355,386.4]",382.51676005918637,-0.005032036844230675,0.005032036844230675,376.70799064600635,392.19467602066027,0.024676306317233387,fc6ed5692c5e33a9fffe770a3a11e12d0b94dbf5a1eec4c0ae7c81aee87c07d7
21,14,0.94,6000,457.44866666666667,177.44555179603006,2.290812223215367,"[448.48,451.37,477.095,444.78,466.23,462.98,458.165,454.4,456.475,471.155,468.755,430.38,453.225,454.285,452.71,447.27,459.175,452.075,453.3,454.525,475.305,451.32,456.635,456.59,459.305,457.305,466.96,458.705,457.975,466.53]",456.55432239644654,-0.0019550702305835355,0.0019550702305835355,447.8692028801557,467.02813045317765,0.022426503616747695,fc6ed5692c5e33a9fffe770a3a11e12d0b94dbf5a1eec4c0ae7c81aee87c07d7
21,14,1.0,6000,462.71133333333336,182.8134708723921,2.360111760503831,"[454.715,462.725,469.32,473.505,458.635,452.545,467.305,486.995,466.4,486.445,455.495,462.395,454.785,453.92,457.745,470.175,460.89,469.89,437.46,453.64,458.55,452.76,466.845,481.835,455.88,475.08,448.65,463.635,466.405,456.715]",459.7685512778411,-0.006359865954206741,0.006359865954206741,452.84208044881194,472.5805862178548,0.027110794039490016,fc6ed5692c5e33a9fffe770a3a11e12d0b94dbf5a1eec4c0ae7c81aee87c07d7
21,14,1.06,6000,456.59816666666666,176.68836830199402,2.2810370263406177,"[448.215,472.43,464.75,444.71,448.775,461.665,459.875,462.66,444.965,454.02,445.39,467.325,446.435,428.625,475.4,458.23,464.7,457.955,475.64,442.3,464.94,446.445,459.02,477.19,451.15,441.195,470.295,457.195,462.84,443.61]",453.2466545511136,-0.007340178652096525,0.007340178652096525,447.0595797113157,466.13675362201764,0.02765304166801752,fc6ed5692c5e33a9fffe770a3a11e12d0b94dbf5a1eec4c0ae7c81aee87c07d7
21,14,1.275,6000,436.528,160.1666406427874,2.067742439425012,"[449.23,428.985,443.155,446.15,447.23,443.54,428.15,451.555,419.575,412.59,409.52,440.95,429.775,450.715,438.27,424.315,471.04,423.775,428.125,433.455,461.5,429.16,438.05,427.72,429.565,432.155,441.26,443.975,447.2,425.155]",430.65581259028073,-0.013452029216268573,0.013452029216268573,427.8813446270417,445.17465537295834,0.03261381259567442,fc6ed5692c5e33a9fffe770a3a11e12d0b94dbf5a1eec4c0ae7c81aee87c07d7
21,14,1.675,6000,394.38466666666665,133.9108050737809,1.728781059759937,"[404.595,396.9,415.61,380.675,385.285,405.865,409.38,408.91,380.615,394.355,401.765,391.25,401.29,384.41,397.265,392.59,399.34,384.02,396.695,368.34,387.32,390.665,389.295,396.29,400.53,390.075,402.65,393.13,384.59,397.84]",392.2795665644453,-0.005337682420601231,0.005337682420601231,387.155442294216,401.6138910391173,0.02324203590299323,fc6ed5692c5e33a9fffe770a3a11e12d0b94dbf5a1eec4c0ae7c81aee87c07d7
21,14,1.875,6000,376.5203333333333,125.82011247546811,1.6243306674514402,"[360.75,368.265,377.365,380.885,372.47,391.875,384.775,377.71,366.81,384.92,366.135,383.11,386.675,394.71,379.545,375.765,380.855,374.61,374.63,375.8,367.575,377.94,371.13,364.255,384.055,370.35,380.92,375.16,372.005,374.56]",374.95156869776673,-0.00416648052358375,0.00416648052358375,369.7278879951772,383.31277867148947,0.0218130217382827,fc6ed5692c5e33a9fffe770a3a11e12d0b94dbf5a1eec4c0ae7c81aee87c07d7
21,28,0.325,6000,435.8275,98.84538167594432,1.2760883902681606,"[444.615,439.26,446.57,427.155,445.165,434.205,434.885,434.955,425.52,446.59,417.88,436.85,435.4,445.12,436.75,421.815,431.975,429.955,442.335,447.38,431.845,437.845,443.68,431.75,425.32,435.395,429.235,435.715,443.095,436.565]",435.048353940127,-0.001787739552627981,0.001787739552627981,430.49129548743497,441.163704512565,0.013861862410450843,fc6ed5692c5e33a9fffe770a3a11e12d0b94dbf5a1eec4c0ae7c81aee87c07d7
21,28,0.525,6000,614.2511666666667,165.25267064760232,2.13340280444821,"[639.31,594.08,596.16,631.62,610.27,623.21,607.68,582.455,615.91,623.79,602.975,618.99,625.79,603.84,605.205,611.145,616.79,617.635,597.02,617.045,618.61,611.835,606.19,627.83,621.36,618.13,631.835,594.54,633.395,622.89]",618.9473684210527,0.0076454095803687875,0.0076454095803687875,605.3299400815529,623.1723932517805,0.022495877764885153,fc6ed5692c5e33a9fffe770a3a11e12d0b94dbf5a1eec4c0ae7c81aee87c07d7
21,28,0.725,6000,1030.4071666666666,341.78284963022327,4.412397615457229,"[995.98,1032.97,1005.57,1006.0,1066.49,1027.77,1048.63,1054.26,1042.535,1037.75,1047.85,1038.66,978.27,1051.075,1049.205,1002.925,1028.045,1028.495,1010.67,1031.19,1039.9,1018.685,996.23,1054.625,1025.64,1045.525,1050.08,1050.395,1000.665,1046.13]",1014.2565436938706,-0.01567402042150262,0.01567402042150262,1011.9558930351543,1048.858440298179,0.0329900540195599,fc6ed5692c5e33a9fffe770a3a11e12d0b94dbf5a1eec4c0ae7c81aee87c07d7
21,28,0.94,6000,1790.8213333333333,678.9389916901924,8.765064693023238,"[1726.805,1718.66,1838.655,1766.46,1745.55,1704.76,1830.405,1807.48,1735.53,1783.9,1829.295,1718.75,1833.535,1867.05,1821.545,1713.155,1765.26,1830.175,1862.63,1787.15,1897.62,1732.835,1795.905,1801.06,1712.955,1886.96,1754.53,1821.455,1795.77,1838.8]",1816.0613292457967,0.014094089367074453,0.014094089367074453,1754.1685605908385,1827.474106075828,0.03528325045006597,fc6ed5692c5e33a9fffe770a3a11e12d0b94dbf5a1eec4c0ae7c81aee87c07d7
21,28,1.0,6000,1859.7876666666666,725.8914209258281,9.3712179480019,"[1862.945,1734.5,1725.705,1864.73,1890.45,1848.28,1887.29,1843.935,1768.395,1860.255,1895.125,1804.615,1936.46,1854.875,1836.465,1861.715,1881.29,1831.34,1852.105,1850.225,1927.975,1870.55,1839.765,1852.53,1929.33,1941.315,1931.285,1927.09,1866.105,1816.985]",1848.8092471010398,-0.005903049989197783,0.005903049989197783,1820.600149654738,1898.9751836785952,0.026417373438433533,fc6ed5692c5e33a9fffe770a3a11e12d0b94dbf5a1eec4c0ae7c81aee87c07d7
21,28,1.06,6000,1821.9473333333333,694.0723571542931,8.960435601071678,"[1765.94,1876.15,1854.88,1844.24,1834.285,1829.155,1818.98,1754.3,1875.89,1789.18,1727.035,1833.395,1726.67,1793.735,1830.595,1887.905,1745.36,1862.895,1831.14,1797.135,1888.585,1824.74,1798.755,1872.655,1869.755,1827.02,1895.485,1805.49,1747.145,1849.925]",1795.9252861565278,-0.014282546317734105,0.014282546317734105,1784.4775802553831,1859.4170864112834,0.03414607767066191,fc6ed5692c5e33a9fffe770a3a11e12d0b94dbf5a1eec4c0ae7c81aee87c07d7
21,28,1.275,6000,1627.838,569.5949319359164,7.353438951573171,"[1567.565,1678.855,1635.705,1622.53,1653.01,1672.825,1684.77,1593.63,1634.9,1678.225,1632.375,1622.98,1596.82,1565.135,1606.685,1629.525,1631.365,1636.72,1617.425,1607.565,1652.8,1695.73,1576.99,1626.47,1602.29,1599.775,1588.05,1622.88,1662.94,1638.605]",1623.0610708463112,-0.0029345236772263567,0.0029345236772263567,1597.0882067917016,1658.5877932082983,0.021419862432042747,fc6ed5692c5e33a9fffe770a3a11e12d0b94dbf5a1eec4c0ae7c81aee87c07d7
21,28,1.675,6000,1369.3646666666666,406.7871978347843,5.251600142215005,"[1400.505,1404.625,1354.095,1399.52,1372.01,1392.295,1407.12,1393.135,1249.775,1388.58,1372.53,1396.43,1364.41,1375.39,1382.745,1363.185,1334.655,1348.535,1403.9,1425.895,1344.15,1333.685,1401.405,1302.675,1351.93,1394.305,1316.64,1350.475,1360.855,1395.485]",1366.4349146455481,-0.002139497310274649,0.002139497310274649,1347.4041092391471,1391.325224094186,0.0178896414853994,fc6ed5692c5e33a9fffe770a3a11e12d0b94dbf5a1eec4c0ae7c81aee87c07d7
21,28,1.875,6000,1267.8003333333334,363.22262628576686,4.689183941901652,"[1280.3,1231.245,1282.88,1290.74,1288.265,1298.075,1259.76,1269.96,1306.52,1235.79,1268.505,1291.33,1236.865,1264.505,1270.815,1241.57,1236.185,1289.72,1255.82,1266.36,1259.91,1265.225,1264.13,1256.725,1297.805,1244.215,1278.18,1284.895,1257.41,1260.305]",1264.8251880560076,-0.0023466986078978292,0.0023466986078978292,1248.1916254241855,1287.4090412424812,0.017542096150480524,fc6ed5692c5e33a9fffe770a3a11e12d0b94dbf5a1eec4c0ae7c81aee87c07d7
21,56,0.325,6000,871.0835,138.42322068841736,1.7870360948487813,"[863.245,887.68,863.4,867.85,878.06,885.035,879.0,877.955,875.125,867.0,887.035,849.845,872.73,869.885,877.48,884.36,874.44,868.56,876.735,874.1,843.365,855.345,873.435,863.32,864.12,861.54,871.495,858.045,891.735,870.585]",856.1766932277998,-0.01711294815273184,0.01711294815273184,863.6106712005429,878.556328799457,0.025473193736181843,fc6ed5692c5e33a9fffe770a3a11e12d0b94dbf5a1eec4c0ae7c81aee87c07d7
21,56,0.525,6000,1241.9376666666667,238.78697476574217,3.0827265885299004,"[1257.595,1244.92,1219.69,1235.52,1269.955,1239.065,1210.05,1251.465,1231.545,1232.325,1260.425,1280.5,1242.515,1205.47,1242.705,1223.17,1253.06,1213.93,1248.13,1251.625,1247.02,1235.7,1253.86,1247.805,1216.725,1245.655,1246.485,1284.49,1231.5,1235.23]",1234.7212716829195,-0.005810593540588792,0.005810593540588792,1229.0466634586048,1254.8286698747286,0.016024018795981476,fc6ed5692c5e33a9fffe770a3a11e12d0b94dbf5a1eec4c0ae7c81aee87c07d7
21,56,0.725,6000,2129.6048333333333,545.3390322725783,7.040296633428549,"[2132.56,2186.405,2114.825,2108.045,2182.255,2182.395,2109.29,2161.425,2148.305,2060.495,2091.845,2164.52,2109.495,2152.43,2146.75,2030.465,2090.08,2154.545,2153.58,2142.705,2169.595,2148.71,2114.215,2142.845,2150.35,2127.905,2090.345,2078.31,2170.55,2072.905]",2138.181818181818,0.004027500649056894,0.004027500649056894,2100.1645038454967,2159.04516282117,0.018102064989056643,fc6ed5692c5e33a9fffe770a3a11e12d0b94dbf5a1eec4c0ae7c81aee87c07d7
21,56,0.94,6000,6481.764166666667,2352.8442542796556,30.37508871014972,"[6793.465,6403.36,6604.65,6543.715,6734.66,6540.815,6365.07,6561.825,6455.665,6660.93,6206.145,6478.97,6543.41,6563.015,6416.025,6207.9,6555.11,6692.44,6265.705,6503.01,6493.8,6328.205,6178.4,6498.14,6282.47,6581.1,6331.69,6528.78,6707.955,6426.5]",6410.877328294705,-0.010936349510601889,0.010936349510601889,6354.744998809022,6608.783334524312,0.029945906260195443,fc6ed5692c5e33a9fffe770a3a11e12d0b94dbf5a1eec4c0ae7c81aee87c07d7
21,56,1.0,6000,7452.228666666667,2882.576912299267,37.21390791832353,"[7143.8,7569.395,7211.515,7495.025,7284.865,7931.705,7303.575,7600.66,7673.95,7568.98,7474.555,7545.83,7268.185,7704.855,7373.525,7411.335,7567.755,7581.97,7772.07,7529.335,7226.275,7218.145,7380.0,7580.215,7414.59,7278.185,7253.2,7343.95,7726.545,7132.87]",7414.707072383509,-0.005034949403926628,0.005034949403926628,7296.611685211168,7607.845648122166,0.02538676317471411,fc6ed5692c5e33a9fffe770a3a11e12d0b94dbf5a1eec4c0ae7c81aee87c07d7
21,56,1.06,6000,7087.844666666667,2690.039037301985,34.72825464039473,"[7039.295,6889.235,6923.46,6834.795,7273.275,7241.35,6804.25,6842.615,6826.685,7040.25,6780.14,6949.155,7021.4,7158.665,7549.79,7086.64,6830.675,7383.185,7321.045,6924.625,7258.845,6916.065,7032.475,7271.965,7026.855,7369.615,7564.805,7187.655,7080.625,7205.905]",6989.049914290722,-0.013938617029880106,0.013938617029880106,6942.6219136513855,7233.067419681948,0.0337363792195865,fc6ed5692c5e33a9fffe770a3a11e12d0b94dbf5a1eec4c0ae7c81aee87c07d7
21,56,1.275,6000,5802.310666666666,1826.5059784100763,23.580090787101696,"[5705.215,5842.575,5931.7,5939.235,5895.235,5894.445,5572.03,5801.98,5788.015,5814.73,5716.955,5743.65,5515.555,5948.605,5664.61,5824.065,5725.97,5786.605,5801.385,5778.495,5620.65,5803.87,5931.12,5937.12,5966.82,5650.42,5734.0,5744.345,6027.65,5962.27]",5767.024661805409,-0.006081371179238954,0.006081371179238954,5703.70606543024,5900.915267903092,0.022689803194761327,fc6ed5692c5e33a9fffe770a3a11e12d0b94dbf5a1eec4c0ae7c81aee87c07d7
21,56,1.675,6000,4375.083333333333,1122.9869674267777,14.49769940950627,"[4358.16,4394.27,4331.24,4232.095,4469.19,4255.265,4422.525,4438.82,4395.82,4443.7,4298.425,4333.01,4298.3,4533.39,4356.17,4367.195,4393.86,4404.37,4337.055,4433.145,4315.74,4304.075,4470.98,4366.555,4318.945,4457.51,4347.885,4338.35,4508.11,4328.345]",4351.3241052781195,-0.005430577258767681,0.005430577258767681,4314.4584662780335,4435.708200388633,0.0190238156565663,fc6ed5692c5e33a9fffe770a3a11e12d0b94dbf5a1eec4c0ae7c81aee87c07d7
21,56,1.875,6000,3931.508,930.0723337606621,12.007182198077702,"[3934.16,3899.095,4068.16,3968.05,4036.28,3887.11,3957.295,3905.42,3865.545,3964.53,4021.2,3927.275,3884.645,3898.185,3903.75,3866.88,3861.77,3993.09,3978.575,3980.405,3927.62,3837.73,3937.54,3868.75,3977.09,3961.535,3859.62,3911.62,4003.84,3858.475]",3891.785960647031,-0.010103512278995426,0.010103512278995426,3881.2977008410926,3981.718299158907,0.02258631368544406,fc6ed5692c5e33a9fffe770a3a11e12d0b94dbf5a1eec4c0ae7c81aee87c07d7
21,112,0.325,6000,1743.3421666666666,196.82024571545685,2.5409384461747204,"[1726.41,1716.31,1739.31,1763.195,1743.415,1751.745,1753.245,1732.67,1781.73,1716.87,1747.01,1743.345,1752.255,1738.71,1763.045,1744.61,1739.21,1750.215,1746.16,1741.585,1736.69,1747.385,1737.635,1739.55,1716.64,1741.43,1737.505,1742.805,1750.99,1758.59]",1726.4452887577545,-0.009692232673531621,0.009692232673531621,1732.7167528583188,1753.9675804750143,0.015691448361779936,fc6ed5692c5e33a9fffe770a3a11e12d0b94dbf5a1eec4c0ae7c81aee87c07d7
21,112,0.525,6000,2478.9481666666666,338.2694939271436,4.367040388366127,"[2494.425,2449.64,2483.93,2477.01,2484.555,2500.18,2508.395,2490.13,2483.525,2475.265,2496.475,2484.84,2490.03,2493.265,2487.89,2514.265,2511.425,2476.905,2465.88,2429.665,2488.65,2456.32,2489.965,2481.365,2481.86,2452.44,2441.975,2432.935,2451.375,2493.865]",2470.900472245824,-0.0032464149630300667,0.0032464149630300667,2460.686562843082,2497.2097704902512,0.010535477858258702,fc6ed5692c5e33a9fffe770a3a11e12d0b94dbf5a1eec4c0ae7c81aee87c07d7
21,112,0.725,6000,4271.098,763.1332863911343,9.85200836376466,"[4186.37,4193.715,4295.515,4299.61,4308.445,4306.425,4318.05,4226.57,4270.005,4275.21,4233.12,4268.82,4208.655,4230.64,4314.355,4321.33,4240.11,4295.335,4288.875,4227.405,4253.485,4300.735,4326.425,4349.55,4283.145,4238.665,4329.615,4206.81,4266.315,4269.635]",4276.363636363636,0.0012328530892140796,0.0012328530892140796,4229.89996709767,4312.29603290233,0.010984578743559847,fc6ed5692c5e33a9fffe770a3a11e12d0b94dbf5a1eec4c0ae7c81aee87c07d7
21,112,0.94,6000,18293.665333333334,6358.920948919242,82.09331645004562,"[18091.54,18991.65,19390.03,18822.525,18073.875,17909.4,18338.09,18159.15,18722.945,18249.845,17800.9,18307.15,18294.75,18226.075,18034.24,18250.53,18843.205,18810.305,17828.495,18033.71,18102.12,18053.445,17875.79,18245.66,18139.94,17952.48,18161.275,18087.41,18886.92,18126.51]",17901.602661906843,-0.02143160838916758,0.02143160838916758,17950.37663246199,18636.95403420468,0.039456628532121396,fc6ed5692c5e33a9fffe770a3a11e12d0b94dbf5a1eec4c0ae7c81aee87c07d7
21,112,1.0,6000,29567.110166666665,11301.476759750847,145.90143759355064,"[29752.23,28881.365,29783.845,28037.0,29917.175,29405.24,28812.745,29791.215,29792.11,30140.33,29770.945,29941.14,29423.625,29244.935,29582.315,30912.815,29957.795,29084.515,29784.49,29132.325,29855.41,28536.52,28980.755,29139.22,30131.605,29145.155,30501.14,28371.08,32175.655,29028.61]",29697.768457492733,0.004419041634084665,0.004419041634084665,28956.995761102,30177.22457223133,0.025581821488050105,fc6ed5692c5e33a9fffe770a3a11e12d0b94dbf5a1eec4c0ae7c81aee87c07d7
21,112,1.06,6000,26656.939333333332,9407.396758665423,121.44896992492274,"[26991.155,26960.35,27266.27,26257.26,25868.075,27323.425,26436.32,27278.72,26994.27,27327.43,27162.29,26504.38,26391.77,25415.73,25535.235,27450.575,27390.045,25298.445,27378.76,26862.94,27247.56,26335.7,27019.495,27135.565,25435.59,26882.58,26761.535,26463.64,25657.545,26675.525]",26361.773953046984,-0.011072740819770563,0.011072740819770563,26149.077537628447,27164.801129038216,0.029561312530016037,fc6ed5692c5e33a9fffe770a3a11e12d0b94dbf5a1eec4c0ae7c81aee87c07d7
21,112,1.275,6000,18860.168,5027.3965789299245,64.90341074991913,"[18518.135,18907.075,19154.475,18508.78,18908.5,18463.975,18673.79,18538.395,18435.67,18661.62,18763.615,19071.62,18989.21,18916.035,18631.055,19056.565,18761.08,18189.835,18846.575,19215.52,18782.755,19049.21,19488.605,18682.37,19133.04,19133.965,18824.68,19327.095,18825.84,19345.955]",18878.233291947858,0.000957854243284374,0.000957854243284374,18588.762135041226,19131.573864958777,0.015572374039955816,fc6ed5692c5e33a9fffe770a3a11e12d0b94dbf5a1eec4c0ae7c81aee87c07d7
21,112,1.675,6000,12822.125,2570.8410352087217,33.18941505036671,"[13135.635,12722.975,12902.455,12748.26,12794.97,12990.455,13181.66,12885.68,13106.04,12818.955,12630.48,12623.03,13071.57,12535.29,12772.69,12735.15,12978.0,12464.865,12368.59,12668.985,12762.615,12988.295,12660.055,12858.52,12843.27,12874.695,12901.26,12640.025,13136.71,12862.57]",12736.307940391906,-0.006692889018637277,0.006692889018637277,12683.33719524304,12960.91280475696,0.017329401697897318,fc6ed5692c5e33a9fffe770a3a11e12d0b94dbf5a1eec4c0ae7c81aee87c07d7
21,112,1.875,6000,11054.068666666666,2011.2469160476314,25.96508603654501,"[11002.975,11116.155,11042.655,11106.715,11098.96,11102.375,10944.565,10994.98,10722.38,10981.095,10782.885,10990.475,11075.94,11052.085,10955.715,10853.395,11109.89,11279.04,11164.835,11254.65,10876.03,11043.285,11002.305,11209.655,11159.595,11072.87,11105.075,11293.445,10919.39,11308.645]",11085.538554625531,0.0028469054162619644,0.0028469054162619644,10945.490757539044,11162.646575794288,0.012795022186650185,fc6ed5692c5e33a9fffe770a3a11e12d0b94dbf5a1eec4c0ae7c81aee87c07d7
22,14,0.325,6000,223.26633333333334,67.9576272864689,0.8773291957608826,"[225.11,224.72,225.57,217.525,216.695,228.4,220.875,225.675,223.025,218.565,225.18,219.0,218.86,231.845,217.01,223.08,223.435,227.165,224.3,229.48,221.925,226.04,228.5,221.35,218.91,224.35,221.695,222.265,226.065,221.375]",226.17021770814347,0.01300636926067432,0.01300636926067432,219.59761567307748,226.9350509935892,0.02993020673253044,fc6ed5692c5e33a9fffe770a3a11e12d0b94dbf5a1eec4c0ae7c81aee87c07d7
22,14,0.525,6000,298.56016666666665,102.13876721369581,1.318605814736,"[295.025,290.4,302.725,300.535,296.41,307.985,316.715,302.77,293.52,298.035,299.855,291.215,311.07,294.305,297.94,314.585,293.1,288.425,303.465,298.31,292.8,296.405,289.59,294.185,308.1,289.7,303.035,299.31,295.505,291.785]",298.23795763229697,-0.0010792097216686454,0.0010792097216686454,293.04616751696034,304.07416581637295,0.01919337069759619,fc6ed5692c5e33a9fffe770a3a11e12d0b94dbf5a1eec4c0ae7c81aee87c07d7
22,14,0.725,6000,399.6345,144.0270467937117,1.859381178784939,"[386.58,405.66,423.45,396.465,413.145,389.87,403.25,392.175,392.49,397.975,408.17,404.0,387.98,404.165,391.775,397.645,394.105,394.34,394.89,401.59,405.535,400.575,399.85,408.905,392.885,397.63,409.41,381.85,404.99,407.685]",396.79255708163754,-0.0071113552968086165,0.0071113552968086165,391.8591465742662,407.4098534257338,0.02606048001740746,fc6ed5692c5e33a9fffe770a3a11e12d0b94dbf5a1eec4c0ae7c81aee87c07d7
22,14,0.94,6000,472.0085,182.7944120059293,2.359865711595804,"[472.825,490.54,475.4,478.125,492.87,495.11,472.485,470.455,455.39,468.575,482.12,489.375,473.505,473.65,450.115,477.755,477.31,488.72,462.74,465.485,485.535,455.62,491.16,459.875,460.8,453.73,456.38,460.24,465.71,458.655]",470.098472991015,-0.004046594518922912,0.004046594518922912,462.14027601543836,481.8767239845617,0.02444245676810075,fc6ed5692c5e33a9fffe770a3a11e12d0b94dbf5a1eec4c0ae7c81aee87c07d7
22,14,1.0,6000,480.38916666666665,182.7845664954522,2.3597386066020953,"[481.535,451.805,489.38,470.025,473.45,477.62,477.88,489.155,491.14,467.545,490.35,494.425,475.06,473.825,500.465,498.935,517.4,474.265,478.6,471.355,466.655,478.22,478.28,470.535,496.805,486.25,473.075,475.47,483.96,458.21]",473.3228643959201,-0.014709537102550347,0.014709537102550347,470.5214741956319,490.2568591377014,0.03454106643518673,fc6ed5692c5e33a9fffe770a3a11e12d0b94dbf5a1eec4c0ae7c81aee87c07d7
22,14,1.06,6000,469.59183333333334,180.210458080284,2.3265070098578327,"[464.85,466.17,474.055,457.375,453.26,465.71,441.115,490.905,478.675,489.605,490.74,462.175,456.175,479.725,463.425,489.605,498.305,496.275,462.655,477.705,450.3,475.34,466.85,466.38,483.9,463.815,461.715,430.24,471.465,459.245]",466.96624192042395,-0.005591220346129074,0.005591220346129074,459.8631050577719,479.32056160889476,0.02577464994825618,fc6ed5692c5e33a9fffe770a3a11e12d0b94dbf5a1eec4c0ae7c81aee87c07d7
22,14,1.275,6000,451.8995,167.17339967035093,2.158199309507152,"[462.05,453.405,440.135,449.745,450.2,439.46,458.29,437.655,456.64,450.82,439.88,460.445,442.33,471.715,452.075,463.54,459.485,441.355,454.145,437.465,457.185,465.435,446.93,458.29,454.655,457.66,451.82,464.925,435.29,443.96]",444.93184921843454,-0.015418584843677528,0.015418584843677528,442.8745821477291,460.9244178522709,0.0346967268697882,fc6ed5692c5e33a9fffe770a3a11e12d0b94dbf5a1eec4c0ae7c81aee87c07d7
22,14,1.675,6000,405.22833333333335,139.09355137182945,1.7956900267598042,"[415.425,410.325,410.43,414.74,415.715,397.305,397.915,403.495,393.075,414.05,396.265,402.445,411.855,402.475,416.88,394.585,409.895,395.545,396.975,395.015,422.455,415.3,394.78,401.58,406.295,387.925,405.415,408.62,405.205,414.865]",407.3553289398247,0.005248881757588523,0.005248881757588523,397.7193164838422,412.7373501828245,0.024228173127653463,fc6ed5692c5e33a9fffe770a3a11e12d0b94dbf5a1eec4c0ae7c81aee87c07d7
22,14,1.875,6000,388.174,126.60749306505006,1.6344957071533663,"[396.625,384.75,385.785,401.535,373.63,384.865,394.14,386.465,383.69,390.15,404.385,390.995,394.675,390.855,382.79,379.49,387.495,393.41,382.565,392.345,376.02,388.95,395.56,370.21,378.115,390.015,386.895,404.535,377.355,396.925]",390.29506877010414,0.005464221637987499,0.005464221637987499,381.3390476293048,395.00895237069517,0.02348571749071282,fc6ed5692c5e33a9fffe770a3a11e12d0b94dbf5a1eec4c0ae7c81aee87c07d7
22,28,0.325,6000,456.80733333333336,104.3261594111394,1.346844926577077,"[471.185,455.55,468.685,463.76,453.655,463.275,451.755,461.25,453.615,466.085,445.665,447.19,448.93,448.09,453.935,455.045,456.04,463.145,462.915,462.435,453.555,460.195,456.865,471.45,448.97,450.035,446.655,456.35,454.95,452.99]",456.1222663953521,-0.0014996846328677058,0.0014996846328677058,451.1752470062917,462.439419660375,0.01366049907610034,fc6ed5692c5e33a9fffe770a3a11e12d0b94dbf5a1eec4c0ae7c81aee87c07d7
22,28,0.525,6000,652.5321666666666,179.23166562756936,2.3138708536286416,"[625.515,647.43,656.065,663.935,642.1,666.67,660.485,688.125,659.685,632.41,651.02,670.24,645.89,630.9,656.575,671.8,658.415,638.26,644.49,644.415,637.095,639.44,649.255,652.41,667.84,638.495,654.895,642.635,679.055,660.42]",648.421052631579,-0.00630024732127535,0.00630024732127535,642.8562788639172,662.2080544694161,0.020819743500226306,fc6ed5692c5e33a9fffe770a3a11e12d0b94dbf5a1eec4c0ae7c81aee87c07d7
22,28,0.725,6000,1071.8221666666666,357.8210602994713,4.619450024873774,"[1034.335,1080.98,1025.15,1059.87,1039.61,1090.26,1082.22,1126.71,1040.68,1069.37,1110.625,1060.08,1067.525,1049.365,1070.325,1064.095,1111.625,1059.665,1153.19,1066.455,1082.205,1056.08,1055.405,1072.125,1078.93,1041.75,1113.865,1060.795,1071.405,1059.97]",1059.4354514346671,-0.011556688802697333,0.011556688802697333,1052.5050642964147,1091.1392690369184,0.02905570214720099,fc6ed5692c5e33a9fffe770a3a11e12d0b94dbf5a1eec4c0ae7c81aee87c07d7
22,28,0.94,6000,1841.4685,687.3349626634503,8.873456212205465,"[1885.355,1885.435,1859.95,1845.035,1744.91,1831.415,1880.495,1742.325,1784.365,1835.48,1825.815,1782.255,1862.58,1899.995,1845.11,1820.92,1831.61,1925.645,1862.725,1756.335,1903.035,1851.6,1773.88,1908.1,1892.815,1857.165,1932.56,1760.635,1851.72,1804.79]",1873.251992655522,0.01725986225424001,0.01725986225424001,1804.3624676571553,1878.5745323428446,0.03817942693510745,fc6ed5692c5e33a9fffe770a3a11e12d0b94dbf5a1eec4c0ae7c81aee87c07d7
22,28,1.0,6000,1906.6408333333334,731.321834605167,9.441324287145557,"[1933.175,1869.795,1866.42,1906.77,1881.475,1812.055,2003.26,1905.73,1941.955,1927.085,1891.17,1916.88,1947.43,1950.32,1808.665,1913.84,1956.635,1911.615,1889.855,1891.84,1994.83,1939.365,1905.595,1917.67,1908.925,1913.355,1894.965,1871.2,1828.965,1898.385]",1903.6259570222267,-0.0015812502587788828,0.0015812502587788828,1867.1601534291235,1946.1215132375432,0.021836024074684546,fc6ed5692c5e33a9fffe770a3a11e12d0b94dbf5a1eec4c0ae7c81aee87c07d7
22,28,1.06,6000,1885.1108333333334,712.6424859409522,9.200174932830537,"[1895.375,1812.29,1847.79,1848.93,1926.215,1926.595,1846.37,1888.28,1916.995,2005.63,1828.28,1917.775,1919.88,1980.57,1875.98,1927.92,1800.25,1935.465,1941.275,1892.705,1909.39,1886.68,1876.395,1912.26,1766.485,1957.955,1880.18,1850.955,1824.925,1753.53]",1852.099080629029,-0.017511836503497042,0.017511836503497042,1846.6385649800095,1923.5831016866573,0.037161909456861486,fc6ed5692c5e33a9fffe770a3a11e12d0b94dbf5a1eec4c0ae7c81aee87c07d7
22,28,1.275,6000,1692.3793333333333,583.6472962905766,7.534854195307964,"[1629.7,1716.41,1713.68,1654.955,1629.99,1629.95,1690.2,1725.125,1614.17,1726.88,1638.605,1728.955,1701.205,1778.7,1628.69,1762.75,1628.75,1744.77,1685.065,1717.55,1726.835,1661.125,1631.385,1708.995,1711.495,1731.315,1677.465,1734.68,1765.255,1676.73]",1683.0696948570971,-0.005500917136526224,0.005500917136526224,1660.8709180345525,1723.8877486321142,0.02367790699098926,fc6ed5692c5e33a9fffe770a3a11e12d0b94dbf5a1eec4c0ae7c81aee87c07d7
22,28,1.675,6000,1438.6763333333333,435.159400132652,5.61788369886457,"[1426.545,1479.575,1466.26,1454.64,1456.75,1416.62,1468.15,1428.335,1455.82,1382.76,1419.66,1424.365,1432.66,1425.98,1484.745,1417.53,1460.82,1412.02,1417.75,1383.405,1465.225,1439.59,1456.93,1440.405,1427.215,1472.59,1432.165,1436.22,1413.31,1462.25]",1429.326701326087,-0.006498773762117674,0.006498773762117674,1415.184092064179,1462.1685746024878,0.02246107175797385,fc6ed5692c5e33a9fffe770a3a11e12d0b94dbf5a1eec4c0ae7c81aee87c07d7
22,28,1.875,6000,1327.513,381.273492491955,4.922219622572268,"[1291.95,1365.935,1350.205,1337.72,1286.515,1310.425,1309.905,1345.315,1344.635,1328.965,1278.975,1308.885,1374.945,1314.265,1364.61,1350.45,1306.255,1346.41,1296.145,1279.04,1317.185,1342.175,1395.775,1347.59,1295.26,1327.43,1340.89,1337.015,1306.935,1323.585]",1327.6164218293193,7.790645313406268e-05,7.790645313406268e-05,1306.9298093980647,1348.0961906019352,0.015828403547381242,fc6ed5692c5e33a9fffe770a3a11e12d0b94dbf5a1eec4c0ae7c81aee87c07d7
22,56,0.325,6000,914.8426666666667,144.86695500353954,1.8702243471482929,"[916.03,907.1,915.465,894.88,892.425,919.94,912.805,914.74,913.575,924.755,915.395,917.87,908.38,915.13,913.82,908.725,922.565,919.215,919.425,915.19,918.915,918.735,911.42,934.645,914.65,913.325,921.115,919.655,923.56,901.83]",896.9238625534558,-0.01958676039728236,0.01958676039728236,907.0219704853744,922.663362847959,0.027896957147029,fc6ed5692c5e33a9fffe770a3a11e12d0b94dbf5a1eec4c0ae7c81aee87c07d7
22,56,0.525,6000,1291.1718333333333,248.60619155547764,3.2094921321947196,"[1300.31,1307.695,1282.63,1293.09,1281.49,1279.43,1252.745,1276.665,1289.895,1320.25,1302.025,1291.52,1299.705,1300.395,1291.3,1294.3,1306.185,1270.135,1283.345,1297.97,1276.735,1327.14,1307.585,1298.415,1308.06,1295.955,1255.51,1273.14,1296.93,1274.605]",1293.8974644050938,0.002110974698637853,0.002110974698637853,1277.750736072774,1304.5929305938926,0.01263683743352595,fc6ed5692c5e33a9fffe770a3a11e12d0b94dbf5a1eec4c0ae7c81aee87c07d7
22,56,0.725,6000,2240.992,568.8274554276907,7.3435308724566255,"[2240.45,2269.335,2279.69,2168.99,2187.475,2302.88,2219.7,2191.85,2279.035,2291.345,2196.795,2273.295,2233.505,2229.81,2278.6,2251.04,2207.015,2223.955,2232.19,2247.41,2248.125,2243.265,2236.085,2264.86,2248.785,2217.03,2289.22,2213.235,2256.865,2207.925]",2240.0,-0.00044266110722402806,0.00044266110722402806,2210.2836392950426,2271.700360704958,0.013954463913154691,fc6ed5692c5e33a9fffe770a3a11e12d0b94dbf5a1eec4c0ae7c81aee87c07d7
22,56,0.94,6000,6726.4215,2457.9916435966747,31.73253566922306,"[6958.665,6921.505,7022.735,6774.995,6629.95,6662.63,6571.5,6849.675,6651.06,6643.38,6448.055,6777.54,6682.025,6724.585,6528.015,6809.405,6416.16,6825.505,7047.36,6715.195,6897.18,6746.165,6610.815,6753.92,6414.965,7004.61,6658.22,6609.865,6475.12,6961.845]",6645.4926183701355,-0.012031491281042217,0.012031491281042217,6593.7259114149065,6859.117088585094,0.031144601769588,fc6ed5692c5e33a9fffe770a3a11e12d0b94dbf5a1eec4c0ae7c81aee87c07d7
22,56,1.0,6000,7635.2995,2933.4747270876837,37.87099588176982,"[7913.485,7675.27,7402.795,7416.88,8082.1,7568.9,7982.68,8085.88,7349.57,7442.71,7567.37,7297.795,7481.565,7521.07,7645.275,7569.62,7556.315,7856.77,7382.42,7664.075,7497.21,7723.45,7671.33,7365.105,7794.25,7783.395,8001.535,7474.245,7567.405,7718.515]",7635.172826966,-1.659044730338411e-05,1.659044730338411e-05,7476.93478117581,7793.66421882419,0.02116349151373842,fc6ed5692c5e33a9fffe770a3a11e12d0b94dbf5a1eec4c0ae7c81aee87c07d7
22,56,1.06,6000,7295.274833333333,2649.4770275257224,34.20460134588751,"[7116.715,7576.5,7379.01,7434.61,7458.245,7160.91,7091.365,7597.03,7155.1,7263.785,7029.08,7285.965,7166.31,7283.8,7372.55,7268.45,7335.18,7053.71,7375.75,7567.57,6841.83,7336.665,7648.185,7270.56,7536.42,7473.51,7313.725,7159.085,7052.235,7254.395]",7220.302561546635,-0.010276826233349995,0.010276826233349995,7152.241835427869,7438.307831238797,0.02930844953426115,fc6ed5692c5e33a9fffe770a3a11e12d0b94dbf5a1eec4c0ae7c81aee87c07d7
22,56,1.275,6000,6012.137166666666,1885.7428822761021,24.34483592761506,"[6029.53,6190.78,6064.375,6114.67,6119.75,6056.185,6137.865,5964.345,5946.87,5669.925,5968.9,5961.69,5864.385,6054.405,5935.695,6068.23,6063.12,6108.76,6019.3,6178.07,6292.53,5857.61,6130.55,5958.49,5967.645,5943.505,6096.975,5769.16,5898.06,5932.74]",6017.358668596948,0.0008684934800275309,0.0008684934800275309,5910.334639251387,6113.939694081946,0.01810794749840361,fc6ed5692c5e33a9fffe770a3a11e12d0b94dbf5a1eec4c0ae7c81aee87c07d7
22,56,1.675,6000,4624.568333333334,1189.8210902071253,15.36052422446183,"[4802.085,4649.025,4655.765,4621.75,4714.045,4681.455,4672.3,4441.75,4740.38,4531.295,4585.96,4549.475,4580.71,4657.775,4650.33,4562.17,4421.125,4509.85,4630.51,4641.665,4614.155,4533.915,4606.085,4760.785,4699.405,4615.955,4527.305,4670.635,4755.055,4654.335]",4593.223289659977,-0.006777939347857653,0.006777939347857653,4560.335401424351,4688.801265242316,0.020384309373666643,fc6ed5692c5e33a9fffe770a3a11e12d0b94dbf5a1eec4c0ae7c81aee87c07d7
22,56,1.875,6000,4162.416833333334,997.6144179179543,12.87914675510881,"[4161.56,4046.095,4094.865,4247.995,4149.135,4241.265,4212.745,4237.365,4153.355,4232.24,4077.085,4105.58,4149.82,4162.595,4156.72,4062.68,4093.185,4211.84,4179.485,4146.045,4206.04,4128.735,4229.655,4250.765,4240.84,4080.025,4178.48,4167.14,4228.47,4040.7]",4122.556731190837,-0.009576191846835268,0.009576191846835268,4108.560249763792,4216.273416902875,0.022227373902349856,fc6ed5692c5e33a9fffe770a3a11e12d0b94dbf5a1eec4c0ae7c81aee87c07d7
22,112,0.325,6000,1826.286,202.98838862929998,2.620568828782526,"[1815.425,1828.54,1815.03,1845.795,1826.965,1848.485,1812.825,1816.275,1828.35,1810.9,1833.025,1836.58,1839.57,1835.26,1830.295,1843.815,1835.695,1812.565,1797.76,1821.99,1832.115,1823.87,1812.055,1828.88,1820.915,1815.74,1832.905,1839.51,1813.2,1834.245]",1807.5319171510607,-0.01026897367057478,0.01026897367057478,1815.3275967136117,1837.2444032863884,0.01617231005421993,fc6ed5692c5e33a9fffe770a3a11e12d0b94dbf5a1eec4c0ae7c81aee87c07d7
22,112,0.525,6000,2594.0071666666668,354.2719674013925,4.5736314325791,"[2614.99,2535.26,2569.49,2621.415,2549.36,2626.51,2577.475,2598.575,2625.54,2638.655,2614.885,2583.135,2594.435,2552.115,2566.895,2557.88,2585.545,2601.94,2639.7,2588.145,2575.925,2548.77,2597.335,2585.85,2594.71,2591.24,2604.71,2634.05,2607.885,2637.795]",2587.4267810736983,-0.0025367646155829053,0.0025367646155829053,2574.881663390041,2613.1326699432925,0.009837192410958595,fc6ed5692c5e33a9fffe770a3a11e12d0b94dbf5a1eec4c0ae7c81aee87c07d7
22,112,0.725,6000,4478.838,797.9061507848172,10.300924112753536,"[4524.07,4564.66,4470.385,4509.79,4495.14,4499.8,4509.865,4458.9,4522.16,4456.54,4400.62,4457.35,4319.905,4489.51,4511.655,4480.665,4293.915,4523.57,4371.32,4535.82,4547.305,4463.125,4528.67,4570.395,4563.405,4478.84,4514.24,4436.685,4421.83,4445.005]",4480.0,0.00025944229284476507,0.00025944229284476507,4435.7627411439,4521.9132588561,0.009972864068174214,fc6ed5692c5e33a9fffe770a3a11e12d0b94dbf5a1eec4c0ae7c81aee87c07d7
22,112,0.94,6000,19050.419666666665,6406.3183001554835,82.70521362335332,"[19853.065,18876.405,19320.725,19351.845,19142.75,19373.1,19405.075,18889.455,19074.93,18149.04,19441.705,18893.17,18832.73,19499.335,18794.44,18647.87,19119.46,18505.615,18987.84,18990.2,18854.505,18945.215,19262.175,19117.515,19415.67,19305.81,18535.5,19218.985,18974.245,18734.215]",18672.837332303723,-0.019820158346622346,0.019820158346622346,18704.572202247018,19396.26713108631,0.03729737242188991,fc6ed5692c5e33a9fffe770a3a11e12d0b94dbf5a1eec4c0ae7c81aee87c07d7
22,112,1.0,6000,30660.353,11664.038844389119,150.58209397945154,"[30929.53,31507.725,29632.295,30423.25,30684.54,32211.715,31372.86,30017.98,29792.955,29610.35,30648.135,30035.715,31692.75,28957.58,31481.435,31425.89,30810.55,30530.805,31567.55,30751.515,30263.945,29693.69,31255.12,29274.07,30333.655,31047.38,32013.705,30175.475,31233.91,30434.515]",30582.02930561819,-0.002554559446259745,0.002554559446259745,30030.665546111493,31290.040453888505,0.022627364426508034,fc6ed5692c5e33a9fffe770a3a11e12d0b94dbf5a1eec4c0ae7c81aee87c07d7
22,112,1.06,6000,27593.303,9649.515231617866,124.57470597010267,"[26709.5,27790.505,27284.38,27616.05,27390.89,27729.74,26972.855,27729.535,27580.115,28132.815,28565.62,27060.075,28322.645,27305.78,27538.19,27829.205,27141.27,27548.095,27294.405,28363.345,27416.54,27310.835,27948.49,27719.495,26422.93,28276.085,28103.555,27834.11,26800.43,28061.605]",27323.547277549147,-0.00977613018821461,0.00977613018821461,27072.37034892445,28114.23565107555,0.02812412840738754,fc6ed5692c5e33a9fffe770a3a11e12d0b94dbf5a1eec4c0ae7c81aee87c07d7
22,112,1.275,6000,19830.053666666667,5361.680715609231,69.21900039745339,"[19698.395,19843.545,20547.27,20018.635,20178.615,19384.13,19373.68,19803.86,20127.68,19466.38,19569.985,19673.53,20277.45,19614.45,19905.41,19485.175,20264.33,20538.915,20172.915,19364.865,19383.335,19755.04,19653.53,19199.31,20290.35,20574.165,19624.38,19679.835,19318.485,20113.965]",19864.902433504198,0.0017573712821619865,0.0017573712821619865,19540.601348870317,20119.505984463016,0.016596269420983134,fc6ed5692c5e33a9fffe770a3a11e12d0b94dbf5a1eec4c0ae7c81aee87c07d7
22,112,1.675,6000,13557.299166666666,2761.814013368758,35.65486559699823,"[13502.09,13568.165,13522.64,13404.365,13114.955,13421.99,13605.045,13509.05,13776.39,13394.47,13852.245,13829.295,13918.43,13634.895,13819.54,13363.15,13567.96,13758.36,13506.915,13384.47,13366.57,13651.23,13635.785,13663.95,13447.385,13738.275,13242.795,13370.97,13519.16,13628.435]",13561.834733718057,0.0003345479800683678,0.0003345479800683678,13408.201615004418,13706.396718328913,0.011458145031300493,fc6ed5692c5e33a9fffe770a3a11e12d0b94dbf5a1eec4c0ae7c81aee87c07d7
22,112,1.875,6000,11821.6055,2198.07420831068,28.37701600838439,"[11810.575,11734.535,11757.0,11908.775,11966.335,12040.235,11616.78,11546.04,11812.89,11994.54,11679.125,11687.64,12088.025,12013.27,12148.2,11858.335,11561.415,11569.41,11722.335,12024.16,11930.22,11740.44,11827.785,11941.165,11797.3,11584.67,11920.42,11874.545,11760.54,11731.46]",11840.780305666192,0.0016220136652498425,0.0016220136652498425,11702.941650354562,11940.269349645438,0.011778120358948874,fc6ed5692c5e33a9fffe770a3a11e12d0b94dbf5a1eec4c0ae7c81aee87c07d7
23,14,0.325,6000,234.9025,71.55428938788343,0.9237619038299287,"[237.28,240.84,238.03,228.01,236.22,224.35,238.535,228.67,230.19,231.415,238.525,243.14,240.755,236.34,231.325,238.78,226.34,229.855,225.1,236.19,251.47,229.235,229.925,231.505,232.28,236.04,244.34,241.575,236.38,234.435]",236.18676112346665,0.0054672092611472815,0.0054672092611472815,231.03961520507053,238.76538479492947,0.022278196376961157,fc6ed5692c5e33a9fffe770a3a11e12d0b94dbf5a1eec4c0ae7c81aee87c07d7
23,14,0.525,6000,311.9205,105.82659428404388,1.36621545749317,"[315.68,310.64,307.79,306.67,320.45,304.335,310.245,322.035,301.125,306.875,291.085,312.945,300.335,315.12,312.08,309.405,312.87,321.79,309.58,316.975,312.0,329.275,327.815,323.405,317.85,317.145,306.705,300.52,302.205,312.665]",310.5451233277966,-0.004409382109234249,0.004409382109234249,306.20741214103197,317.63358785896804,0.02231648289764232,fc6ed5692c5e33a9fffe770a3a11e12d0b94dbf5a1eec4c0ae7c81aee87c07d7
23,14,0.725,6000,415.5991666666667,149.60041515096512,1.9313330548846788,"[431.975,405.145,398.945,389.99,424.115,384.565,415.915,408.89,427.425,438.52,405.43,402.95,397.82,401.43,425.36,405.745,415.915,417.025,424.39,441.625,411.42,419.815,410.82,424.845,425.21,406.06,407.925,418.145,446.215,434.345]",410.92772714095025,-0.011240252388338371,0.011240252388338371,407.52293288745653,423.67540044587685,0.030088301778934845,fc6ed5692c5e33a9fffe770a3a11e12d0b94dbf5a1eec4c0ae7c81aee87c07d7
23,14,0.94,6000,484.578,182.8448211483446,2.360516490826041,"[497.26,491.995,478.345,467.99,461.655,504.81,492.755,494.235,479.195,490.35,504.26,487.46,468.11,464.205,476.2,489.535,474.4,485.53,483.18,470.635,509.85,478.865,486.11,476.945,493.38,494.685,466.52,483.885,483.685,501.31]",483.5281378427439,-0.002166549363066599,0.002166549363066599,474.7070546592285,494.44894534077144,0.022086825345538963,fc6ed5692c5e33a9fffe770a3a11e12d0b94dbf5a1eec4c0ae7c81aee87c07d7
23,14,1.0,6000,489.23266666666666,187.74766327103208,2.423811910460217,"[498.785,502.545,467.49,484.49,464.12,497.77,476.815,495.15,497.215,468.705,479.41,488.095,492.63,484.19,470.62,520.9,486.145,499.76,505.095,509.97,498.215,495.28,498.865,479.925,481.065,473.39,479.92,487.13,502.64,490.65]",486.76973962574345,-0.005034265307147393,0.005034265307147393,479.09703957935443,499.3682937539789,0.025228982868588545,fc6ed5692c5e33a9fffe770a3a11e12d0b94dbf5a1eec4c0ae7c81aee87c07d7
23,14,1.06,6000,481.907,182.63152720743943,2.3577628778894657,"[464.01,466.915,494.725,469.52,476.92,505.445,464.06,465.815,489.695,487.55,462.715,490.63,467.255,479.7,471.015,489.135,492.585,488.215,480.29,484.735,513.865,497.525,465.56,484.465,476.31,504.565,505.11,486.595,469.255,463.03]",480.567046275777,-0.0027805234707588685,0.0027805234707588685,472.0475694115686,491.7664305884314,0.02277378774971195,fc6ed5692c5e33a9fffe770a3a11e12d0b94dbf5a1eec4c0ae7c81aee87c07d7
23,14,1.275,6000,465.65366666666665,169.42938383263555,2.1873239398066056,"[464.235,467.89,457.89,490.84,456.105,460.565,473.56,454.06,468.495,443.92,480.68,469.585,470.93,471.395,445.395,477.885,469.66,476.54,461.445,460.82,462.165,457.7,463.1,472.44,468.915,458.13,480.65,443.93,459.685,481.0]",459.04977120542526,-0.01418198960724328,0.01418198960724328,456.5069586744525,474.8003746588808,0.03317310662353945,fc6ed5692c5e33a9fffe770a3a11e12d0b94dbf5a1eec4c0ae7c81aee87c07d7
23,14,1.675,6000,421.2296666666667,143.45828766557503,1.8520385300140165,"[413.255,422.435,421.85,423.28,425.12,418.95,429.79,424.505,408.055,401.48,408.2,432.195,411.605,433.495,443.56,426.46,425.405,417.375,428.51,416.88,429.05,407.71,425.95,416.64,402.635,438.08,423.86,427.47,408.455,424.635]",422.22445878796896,0.002361638317581974,0.002361638317581974,413.48501791296377,428.9743154203696,0.021136052085071633,fc6ed5692c5e33a9fffe770a3a11e12d0b94dbf5a1eec4c0ae7c81aee87c07d7
23,14,1.875,6000,403.2795,130.99365736348298,1.6911208447585673,"[408.855,407.33,411.63,403.065,406.505,399.4,400.42,404.745,415.435,401.085,391.21,415.425,413.84,401.58,393.535,404.035,404.56,383.965,387.95,408.74,393.34,402.92,416.445,397.985,405.32,404.92,401.285,401.75,402.455,408.655]",405.42306249408676,0.005315327196365746,0.005315327196365746,396.20775892632946,410.3512410736705,0.02325876603913457,fc6ed5692c5e33a9fffe770a3a11e12d0b94dbf5a1eec4c0ae7c81aee87c07d7
23,28,0.325,6000,478.7155,107.8941414104976,1.392907376120684,"[474.625,489.285,484.64,484.945,489.435,471.09,477.62,489.51,471.095,480.015,487.345,476.835,475.685,476.99,476.15,480.105,462.69,452.425,484.67,472.235,473.4,484.515,464.535,488.365,474.475,471.22,493.81,493.835,481.06,478.86]",477.037037037037,-0.0035061805246811733,0.0035061805246811733,472.8907948442088,484.5402051557912,0.015485130106678735,fc6ed5692c5e33a9fffe770a3a11e12d0b94dbf5a1eec4c0ae7c81aee87c07d7
23,28,0.525,6000,677.3233333333334,181.1428973134104,2.338544748595329,"[685.04,661.4,653.545,691.685,679.855,670.73,656.185,683.955,662.145,686.015,677.17,686.52,674.425,686.685,664.03,692.425,699.455,670.65,669.43,664.65,690.3,695.33,690.245,705.53,694.58,667.21,653.705,671.5,679.835,655.47]",677.8947368421053,0.000843619997497901,0.000843619997497901,667.5442669806748,687.1023996859919,0.015505293616326021,fc6ed5692c5e33a9fffe770a3a11e12d0b94dbf5a1eec4c0ae7c81aee87c07d7
23,28,0.725,6000,1119.041,361.1612606971731,4.662571826584755,"[1144.785,1108.285,1098.1,1087.315,1039.01,1076.49,1128.87,1111.105,1123.405,1109.495,1129.475,1117.295,1135.205,1165.9,1144.765,1125.785,1119.3,1120.265,1112.93,1090.785,1118.765,1134.605,1128.135,1122.15,1102.405,1149.155,1113.62,1145.5,1135.03,1133.3]",1104.4198728393171,-0.01306576538364798,0.01306576538364798,1099.5435756750662,1138.5384243249337,0.029966974110554268,fc6ed5692c5e33a9fffe770a3a11e12d0b94dbf5a1eec4c0ae7c81aee87c07d7
23,28,0.94,6000,1906.3958333333333,719.084156516698,9.283336542369264,"[1946.075,1887.97,1906.985,1963.565,1966.53,1939.395,1814.93,1973.62,1912.62,1921.83,1871.145,1955.065,1890.97,1843.59,1980.615,1855.81,1848.54,1864.37,1938.125,1875.905,1925.21,1897.685,1917.91,1869.475,1908.44,1898.78,1843.485,1969.85,1897.065,1906.32]",1929.8781123187766,0.012317630250158806,0.012317630250158806,1867.575809009908,1945.2158576567585,0.03335998624971381,fc6ed5692c5e33a9fffe770a3a11e12d0b94dbf5a1eec4c0ae7c81aee87c07d7
23,28,1.0,6000,1950.7373333333333,721.2026762449832,9.310686514456798,"[1966.425,1927.795,2015.325,1894.945,1992.225,1877.585,1897.045,1966.925,1964.16,1873.295,2117.145,1839.0,1933.63,2051.6,2044.56,1901.165,2020.3,1978.935,1966.44,1976.53,2000.825,2023.995,1993.405,1854.815,1919.225,1950.18,1915.81,1856.78,1905.205,1896.85]",1958.012915390392,0.0037296574647630986,0.0037296574647630986,1911.80293993831,1989.6717267283566,0.02417088837282222,fc6ed5692c5e33a9fffe770a3a11e12d0b94dbf5a1eec4c0ae7c81aee87c07d7
23,28,1.06,6000,1931.4776666666667,714.8222834971311,9.228315998274486,"[1907.47,1969.73,1919.97,1932.11,1934.435,1922.825,1896.85,1991.32,2036.365,1905.86,1936.615,1903.07,1927.435,1929.525,1866.325,1867.88,2028.335,1957.3,1940.93,1932.495,1865.81,1849.46,1918.46,1896.695,1958.455,1907.48,2006.855,1913.48,1962.935,1957.855]",1907.7485148183412,-0.012285491185242197,0.012285491185242197,1892.8877211355268,1970.0676121978065,0.03163297391095232,fc6ed5692c5e33a9fffe770a3a11e12d0b94dbf5a1eec4c0ae7c81aee87c07d7
23,28,1.275,6000,1742.7105,580.8492727630478,7.498731866893245,"[1763.005,1797.645,1790.285,1746.535,1675.93,1698.75,1773.09,1749.495,1723.135,1739.47,1724.525,1765.205,1757.955,1744.745,1692.675,1855.63,1698.695,1744.02,1691.015,1711.15,1749.04,1739.075,1800.28,1747.605,1742.26,1704.52,1725.085,1794.655,1767.345,1668.495]",1742.308939882747,-0.00023042273358253373,0.00023042273358253373,1711.3531370369046,1774.0678629630952,0.01808849510711763,fc6ed5692c5e33a9fffe770a3a11e12d0b94dbf5a1eec4c0ae7c81aee87c07d7
23,28,1.675,6000,1484.1986666666667,449.3862405515866,5.801551418903516,"[1535.855,1463.275,1456.495,1486.29,1509.075,1437.32,1477.45,1489.0,1482.645,1511.32,1431.015,1412.895,1475.525,1520.46,1525.025,1522.73,1463.805,1432.12,1469.44,1430.59,1487.77,1512.245,1484.59,1534.925,1464.52,1497.35,1520.445,1550.415,1450.86,1490.51]",1491.4375873753768,0.004877325974808928,0.004877325974808928,1459.938384152126,1508.4589491812073,0.021575707279964496,fc6ed5692c5e33a9fffe770a3a11e12d0b94dbf5a1eec4c0ae7c81aee87c07d7
23,28,1.875,6000,1393.8741666666667,404.2229364633243,5.218495670258379,"[1377.01,1390.305,1385.63,1438.495,1390.335,1356.36,1402.46,1400.28,1396.355,1396.03,1408.305,1386.725,1420.745,1365.125,1408.97,1403.55,1398.895,1399.935,1395.32,1413.22,1390.535,1395.565,1404.7,1387.885,1401.905,1364.965,1367.91,1374.265,1375.675,1418.77]",1389.7549786105787,-0.0029552079768711626,0.0029552079768711626,1372.0520418383217,1415.6962914950118,0.018324066426025798,fc6ed5692c5e33a9fffe770a3a11e12d0b94dbf5a1eec4c0ae7c81aee87c07d7
23,56,0.325,6000,952.324,151.38813830263075,1.9544124615314469,"[939.215,943.525,968.615,956.26,971.21,954.21,949.085,943.8,950.6,946.99,950.07,946.105,968.875,935.405,936.595,961.85,954.89,956.765,956.165,941.79,934.355,948.09,943.685,950.765,932.825,959.63,973.635,969.125,970.44,955.15]",937.6860646463408,-0.01537075129226938,0.01537075129226938,944.1512553248087,960.4967446751912,0.02374883637587355,fc6ed5692c5e33a9fffe770a3a11e12d0b94dbf5a1eec4c0ae7c81aee87c07d7
23,56,0.525,6000,1356.461,262.8526977905863,3.393413736828773,"[1362.975,1340.49,1369.755,1338.035,1348.36,1339.355,1356.065,1345.325,1355.25,1349.105,1345.865,1364.905,1355.035,1389.48,1354.57,1370.755,1324.765,1339.21,1368.15,1383.735,1375.91,1377.075,1361.135,1334.945,1370.83,1360.15,1363.145,1350.31,1343.395,1355.75]",1353.1109140296742,-0.0024697252411428235,0.0024697252411428235,1342.27079982769,1370.65120017231,0.012797045769507687,fc6ed5692c5e33a9fffe770a3a11e12d0b94dbf5a1eec4c0ae7c81aee87c07d7
23,56,0.725,6000,2351.5185,593.7114486053958,7.664781843004596,"[2332.2,2363.985,2371.585,2293.555,2394.735,2345.93,2323.98,2353.805,2365.88,2420.505,2342.68,2367.695,2334.965,2339.71,2348.905,2300.905,2355.6,2243.13,2421.0,2347.68,2350.97,2282.28,2351.105,2294.9,2383.725,2327.525,2343.21,2464.615,2357.38,2421.415]",2341.8181818181815,-0.004125129435221794,0.004125129435221794,2319.4667677137495,2383.5702322862508,0.01751660173571723,fc6ed5692c5e33a9fffe770a3a11e12d0b94dbf5a1eec4c0ae7c81aee87c07d7
23,56,0.94,6000,6966.612666666667,2481.341321227619,32.03397871123626,"[6651.045,7205.04,6737.17,7469.545,7063.955,7018.515,6712.2,6974.01,7033.26,6853.0,7004.285,6687.5,6761.44,6831.805,7027.63,6658.705,7208.4,7294.17,6788.38,7085.615,6916.845,7363.18,6992.33,6933.925,7009.245,7044.34,6969.26,6833.885,6966.955,6902.745]",6877.82636579458,-0.01274454388671629,0.01274454388671629,6832.656537092924,7100.56879624041,0.03136966021141396,fc6ed5692c5e33a9fffe770a3a11e12d0b94dbf5a1eec4c0ae7c81aee87c07d7
23,56,1.0,6000,7885.864,3003.7551033038803,38.77831163727156,"[7773.75,7790.72,7886.38,8330.745,7575.6,7596.025,7665.02,8183.69,7873.05,7783.44,7621.4,7551.38,7907.96,7816.0,8147.37,7724.72,7653.57,8118.2,8093.55,7630.18,7421.57,8028.05,8035.39,7577.635,8213.16,8195.555,8158.505,8013.695,8142.55,8067.06]",7853.919575336402,-0.0040508465101094316,0.0040508465101094316,7723.70516905493,8048.0228309450695,0.024118129345052308,fc6ed5692c5e33a9fffe770a3a11e12d0b94dbf5a1eec4c0ae7c81aee87c07d7
23,56,1.06,6000,7496.444,2729.5112374678447,35.237838553329865,"[7458.985,7350.905,7048.76,7589.76,7773.575,7237.135,7469.745,7505.51,7388.04,7855.25,7752.455,7533.75,7700.165,7322.695,7579.385,7411.8,7699.8,7628.055,7535.195,7185.54,7551.345,7393.905,7616.67,7494.865,7314.79,7436.05,7741.415,7333.56,7551.36,7432.855]",7449.094204785625,-0.006316300797334745,0.006316300797334745,7349.090325650059,7643.797674349942,0.025472085716983006,fc6ed5692c5e33a9fffe770a3a11e12d0b94dbf5a1eec4c0ae7c81aee87c07d7
23,56,1.275,6000,6251.0965,1928.2469553736892,24.893561151791516,"[6141.02,6346.75,6262.87,6212.62,5873.585,6290.915,6016.77,6266.435,6385.57,6203.515,6435.1,6342.815,6261.745,6204.96,6389.015,6196.115,6579.34,6249.325,6121.695,6292.055,6151.175,6106.405,6389.3,6281.505,6148.605,6452.885,6031.015,6268.445,6137.145,6494.2]",6264.508091448426,0.002145478229047721,0.002145478229047721,6146.99937446774,6355.193625532259,0.019116435487007033,fc6ed5692c5e33a9fffe770a3a11e12d0b94dbf5a1eec4c0ae7c81aee87c07d7
23,56,1.675,6000,4852.908333333334,1247.3243031586042,16.10288751151015,"[4769.65,4818.31,4863.47,4951.205,4829.795,4921.365,4786.67,4898.775,4900.95,4938.515,4965.845,4824.47,4856.91,4965.25,4804.495,4818.605,4951.715,4744.2,4948.635,4688.33,4888.515,4791.77,4750.885,4907.905,4849.165,4771.175,4963.885,4821.64,4885.515,4709.635]",4833.978122328736,-0.003900797151796747,0.003900797151796747,4785.571069191161,4920.245597475507,0.01753316444021258,fc6ed5692c5e33a9fffe770a3a11e12d0b94dbf5a1eec4c0ae7c81aee87c07d7
23,56,1.875,6000,4413.693666666667,1052.0202676757178,13.581523255269081,"[4601.595,4392.745,4343.125,4433.41,4401.675,4393.175,4376.58,4458.045,4369.305,4380.305,4491.35,4452.085,4329.555,4361.395,4479.67,4340.565,4440.575,4568.465,4475.265,4413.015,4380.365,4222.97,4423.685,4383.825,4397.08,4381.455,4437.565,4339.945,4567.525,4374.495]",4353.216010650418,-0.013702277634941373,0.013702277634941373,4356.8999631622855,4470.4873701710485,0.026232343324156027,fc6ed5692c5e33a9fffe770a3a11e12d0b94dbf5a1eec4c0ae7c81aee87c07d7
23,112,0.325,6000,1911.3213333333333,215.42582356609915,2.781135423381731,"[1910.155,1901.77,1892.195,1909.805,1925.84,1884.79,1890.93,1900.475,1887.5,1926.54,1911.21,1925.75,1911.275,1923.225,1902.79,1911.42,1905.88,1902.465,1897.565,1912.71,1907.58,1910.105,1911.56,1902.385,1940.725,1932.305,1917.215,1923.005,1927.39,1933.08]",1888.5737212932597,-0.011901511087307276,0.011901511087307276,1899.691490518773,1922.9511761478936,0.017877445502022415,fc6ed5692c5e33a9fffe770a3a11e12d0b94dbf5a1eec4c0ae7c81aee87c07d7
23,112,0.525,6000,2707.4708333333333,363.5054270780902,4.692834884431527,"[2715.73,2692.42,2681.09,2676.205,2694.275,2718.155,2712.23,2678.09,2706.015,2790.94,2642.665,2703.77,2682.985,2734.26,2752.97,2718.21,2705.67,2733.2,2698.495,2682.345,2704.265,2695.145,2730.405,2689.87,2721.02,2752.805,2695.57,2714.985,2693.46,2706.88]",2703.9241417259695,-0.0013099648438307295,0.0013099648438307295,2687.846858318747,2727.0948083479198,0.008496465378109441,fc6ed5692c5e33a9fffe770a3a11e12d0b94dbf5a1eec4c0ae7c81aee87c07d7
23,112,0.725,6000,4681.277333333333,842.6836049367681,10.878998560140444,"[4620.85,4655.6,4663.745,4747.185,4678.375,4625.885,4716.475,4731.855,4614.24,4765.72,4782.75,4669.225,4735.36,4574.345,4670.16,4623.67,4666.115,4677.075,4687.095,4654.25,4681.785,4645.0,4719.745,4672.995,4717.03,4662.755,4718.125,4782.155,4635.86,4642.895]",4683.636363636363,0.0005039287645344119,0.0005039287645344119,4635.784747042653,4726.769919624014,0.01032222572979391,fc6ed5692c5e33a9fffe770a3a11e12d0b94dbf5a1eec4c0ae7c81aee87c07d7
23,112,0.94,6000,19751.789,6650.033228974881,85.85155982515217,"[19297.055,20114.96,18997.34,19573.285,19987.16,19364.33,19483.19,20702.95,19599.615,20201.905,19921.89,20354.075,20463.045,19601.6,20072.855,19081.875,19975.515,18455.385,19788.95,19268.23,19529.4,19351.06,20260.135,19538.495,20087.455,19908.75,19901.135,20300.39,19794.69,19576.95]",19440.07087338,-0.01578176673616766,0.01578176673616766,19392.784494948864,20110.793505051137,0.03335137579244085,fc6ed5692c5e33a9fffe770a3a11e12d0b94dbf5a1eec4c0ae7c81aee87c07d7
23,112,1.0,6000,31630.929666666667,11972.06355816295,154.55867593500605,"[32297.56,31656.945,32727.335,31780.57,32320.885,31950.255,31894.605,32165.42,31141.435,31850.285,33157.83,32803.46,29953.315,31878.33,31895.5,30845.48,30692.97,31463.385,30932.695,32263.68,31777.825,32668.83,31177.595,30556.735,30223.745,32074.665,30370.72,31773.785,31015.645,31616.405]",31459.414128895274,-0.005422399517777669,0.005422399517777669,30984.61338460478,32277.245948728552,0.025337719988018148,fc6ed5692c5e33a9fffe770a3a11e12d0b94dbf5a1eec4c0ae7c81aee87c07d7
23,112,1.06,6000,28685.411166666665,9871.922093277712,127.44596620773879,"[27945.695,28888.475,29004.67,29264.26,28035.895,28191.42,27692.33,30197.81,28206.145,29985.04,27977.49,28797.35,29354.485,28018.15,28501.11,28439.27,27636.185,28548.655,29523.36,28330.885,28381.62,26999.59,30072.98,29974.92,28510.86,28973.41,29338.64,28188.865,28514.695,29068.075]",28273.58767474504,-0.014356548334931248,0.014356548334931248,28152.471798851377,29218.350534481953,0.0323345720225362,fc6ed5692c5e33a9fffe770a3a11e12d0b94dbf5a1eec4c0ae7c81aee87c07d7
23,112,1.275,6000,20911.7595,5625.513553455937,72.6250676879965,"[20963.08,20574.945,20255.375,20503.645,20190.505,20826.705,21287.955,21294.825,20578.53,20765.04,20861.07,20858.02,21111.435,20325.265,20932.295,21017.865,21070.195,20807.915,21933.315,21315.215,21041.265,20662.78,20740.8,21132.045,20552.32,20914.19,20958.83,21906.175,21612.085,20359.1]",20844.22208208043,-0.003229638229129952,0.003229638229129952,20608.06406880766,21215.45493119234,0.017498227132810684,fc6ed5692c5e33a9fffe770a3a11e12d0b94dbf5a1eec4c0ae7c81aee87c07d7
23,112,1.675,6000,14478.0395,3002.0350589262366,38.75610595984038,"[14483.82,14857.05,14409.85,14748.475,14600.79,14553.035,14412.06,14492.29,14388.205,14352.17,14386.01,14449.085,14156.435,14136.2,14296.895,14504.57,14455.065,14612.5,14180.8,14107.82,14247.75,14653.9,14617.38,14609.74,14944.135,14498.58,14378.415,14690.51,14658.25,14459.4]",14391.795358185069,-0.005956893667470097,0.005956893667470097,14315.97352628725,14640.105473712752,0.01696095127002606,fc6ed5692c5e33a9fffe770a3a11e12d0b94dbf5a1eec4c0ae7c81aee87c07d7
23,112,1.875,6000,12565.644,2386.6463168438436,30.81147146141159,"[12781.725,12473.655,12796.985,12477.065,12773.47,12619.285,12728.895,12536.26,12862.445,12449.505,12715.49,12385.895,12425.75,12545.265,12360.03,12525.735,12800.885,12391.105,12451.795,12459.85,12639.415,12537.67,12708.905,12375.825,12620.485,12740.96,12415.45,12736.31,12430.1,12203.11]",12602.895163052643,0.0029645247830228493,0.0029645247830228493,12436.800015284645,12694.487984715355,0.013355135369537807,fc6ed5692c5e33a9fffe770a3a11e12d0b94dbf5a1eec4c0ae7c81aee87c07d7
24,14,0.325,6000,244.72366666666667,75.78485686892861,0.9783782951602443,"[241.655,248.05,240.055,242.565,247.755,245.125,248.65,254.56,246.995,241.81,244.09,248.455,248.045,246.75,250.005,248.08,244.935,243.645,238.375,238.38,247.18,245.22,246.735,247.065,241.045,245.55,236.775,236.47,245.085,242.605]",246.17774060161037,0.005941697240603456,0.005941697240603456,240.63239312053508,248.81494021279826,0.023044891874958617,fc6ed5692c5e33a9fffe770a3a11e12d0b94dbf5a1eec4c0ae7c81aee87c07d7
24,14,0.525,6000,325.1173333333333,109.36599892033261,1.4119089748659552,"[325.84,322.32,317.905,328.25,324.94,320.835,332.965,328.9,324.07,315.23,329.505,318.355,331.615,327.96,322.03,327.735,329.46,320.145,331.415,306.5,307.695,333.855,321.485,332.505,329.53,330.015,324.51,329.44,326.09,332.42]",322.7825485500206,-0.007181360524137115,0.007181360524137115,319.2131694051375,331.02149726152913,0.024889467239039287,fc6ed5692c5e33a9fffe770a3a11e12d0b94dbf5a1eec4c0ae7c81aee87c07d7
24,14,0.725,6000,427.90133333333335,152.2697932833254,1.9657945783892177,"[431.495,415.555,409.795,414.865,420.27,433.045,460.18,427.85,423.75,431.75,409.495,426.43,429.465,425.865,454.735,434.235,432.58,452.82,405.305,438.035,426.375,413.51,446.505,434.315,406.495,406.065,424.3,428.645,442.34,430.97]",424.92895520165376,-0.006946410071978253,0.006946410071978253,419.68099218770783,436.1216744789589,0.02566421237989891,fc6ed5692c5e33a9fffe770a3a11e12d0b94dbf5a1eec4c0ae7c81aee87c07d7
24,14,0.94,6000,500.293,187.41931103995603,2.419572901384725,"[514.655,488.725,504.085,497.355,492.79,493.835,477.625,484.51,529.045,492.08,502.665,512.34,505.5,497.755,506.225,489.83,519.425,476.56,507.67,528.38,498.68,493.445,520.54,468.625,512.66,502.305,485.86,505.465,490.05,510.105]",496.84552168309875,-0.006890918555528968,0.006890918555528968,490.17509912940596,510.41090087059405,0.026577369653267957,fc6ed5692c5e33a9fffe770a3a11e12d0b94dbf5a1eec4c0ae7c81aee87c07d7
24,14,1.0,6000,498.99066666666664,188.0852092019527,2.428169609690336,"[489.14,486.575,482.44,494.58,511.125,484.995,495.96,499.705,506.85,523.875,493.78,499.1,511.535,502.985,508.105,524.28,513.225,508.465,476.1,503.09,489.23,514.12,491.995,472.575,509.195,499.2,504.755,490.935,490.98,490.825]",500.11036007835185,0.0022439165428983407,0.0022439165428983407,488.8368170373475,509.1445162959858,0.023061976201647294,fc6ed5692c5e33a9fffe770a3a11e12d0b94dbf5a1eec4c0ae7c81aee87c07d7
24,14,1.06,6000,501.6268333333333,187.1737007319133,2.4164020859423707,"[525.3,475.71,508.63,499.81,493.13,503.66,504.955,512.565,512.055,511.705,516.89,491.27,490.045,520.855,498.365,505.78,494.515,503.155,496.35,498.34,510.52,503.42,487.345,491.375,499.095,513.61,497.325,492.54,508.225,482.265]",494.05159332381334,-0.015101345275295892,0.015101345275295892,491.5221918261196,511.73147484054704,0.03454913833909212,fc6ed5692c5e33a9fffe770a3a11e12d0b94dbf5a1eec4c0ae7c81aee87c07d7
24,14,1.275,6000,477.93266666666665,172.79874044777915,2.230822146666222,"[473.84,498.635,470.895,458.135,479.51,477.03,447.73,488.305,473.12,482.71,476.625,489.15,478.74,476.33,475.865,482.49,469.66,486.585,483.79,487.015,464.85,489.02,474.57,480.19,478.575,458.135,469.655,475.575,509.16,482.09]",473.0171080360382,-0.01028504426138499,0.01028504426138499,468.6040627105812,487.2612706227521,0.029233110541514784,fc6ed5692c5e33a9fffe770a3a11e12d0b94dbf5a1eec4c0ae7c81aee87c07d7
24,14,1.675,6000,437.83816666666667,145.52904095150768,1.8787718399824214,"[442.33,431.805,442.975,442.78,449.985,444.82,412.025,454.05,427.945,430.37,430.565,434.3,447.815,431.555,431.94,433.745,447.09,434.9,448.225,426.56,428.005,435.485,429.365,450.335,454.03,441.61,435.355,440.965,444.635,429.58]",436.8999705729337,-0.002142791938116367,0.002142791938116367,429.9817275304345,445.6946058028988,0.019732424659082426,fc6ed5692c5e33a9fffe770a3a11e12d0b94dbf5a1eec4c0ae7c81aee87c07d7
24,14,1.875,6000,422.55216666666666,138.94639360326983,1.793790228136816,"[411.925,412.27,424.345,431.89,410.06,434.71,423.055,410.78,425.32,411.55,432.735,432.565,418.47,422.745,411.85,418.56,418.67,435.16,430.015,423.785,421.28,434.99,418.16,421.39,433.225,414.91,427.97,404.625,427.315,432.24]",420.3487856760627,-0.005214459099773454,0.005214459099773454,415.05109418377447,430.05323914955886,0.0225657025457755,fc6ed5692c5e33a9fffe770a3a11e12d0b94dbf5a1eec4c0ae7c81aee87c07d7
24,28,0.325,6000,494.85816666666665,110.88407428313211,1.4315072435273226,"[486.27,494.81,492.835,486.9,489.28,496.96,489.985,485.74,504.235,498.0,506.24,491.31,489.915,492.64,503.445,484.885,487.465,503.635,504.335,499.865,498.11,508.57,501.795,480.705,491.05,483.835,489.615,504.775,506.89,491.65]",497.77777777777777,0.0058998947734407205,0.0058998947734407205,488.87204887816864,500.84428445516465,0.018216891147786907,fc6ed5692c5e33a9fffe770a3a11e12d0b94dbf5a1eec4c0ae7c81aee87c07d7
24,28,0.525,6000,706.1431666666666,186.89141429386657,2.4127577836976535,"[707.915,728.71,698.595,708.985,721.6,702.855,684.67,697.725,696.165,701.09,711.04,717.495,707.47,716.93,719.23,705.4,703.135,702.875,697.23,707.1,699.95,715.89,720.3,686.85,699.9,710.645,708.82,712.31,697.645,695.77]",707.3684210526316,0.0017351359381536347,0.0017351359381536347,696.0537644972853,716.2325688360479,0.016255434755845455,fc6ed5692c5e33a9fffe770a3a11e12d0b94dbf5a1eec4c0ae7c81aee87c07d7
24,28,0.725,6000,1169.7828333333334,378.9058307945048,4.8916532414933425,"[1197.265,1205.135,1184.365,1208.665,1191.57,1164.44,1176.27,1159.855,1172.715,1152.465,1159.54,1160.35,1185.415,1197.66,1168.225,1172.325,1187.01,1225.89,1095.56,1137.26,1130.38,1178.69,1162.55,1177.96,1158.625,1136.995,1146.33,1157.125,1204.805,1138.045]",1149.2160198694444,-0.01758173643673951,0.01758173643673951,1149.3274618244095,1190.2382048422573,0.0344655253090701,fc6ed5692c5e33a9fffe770a3a11e12d0b94dbf5a1eec4c0ae7c81aee87c07d7
24,28,0.94,6000,1962.6846666666668,712.02680913552,9.192226579450253,"[1847.32,2010.435,1941.395,1951.58,1960.09,1880.125,2094.745,2017.25,1920.775,1902.71,1939.39,1944.475,1930.105,1900.065,1952.515,1910.025,1994.095,2021.22,2027.265,1889.825,2001.835,2031.21,2028.585,1991.725,1925.655,1942.48,1956.875,2043.49,1972.86,1950.42]",1985.961213364503,0.011859544782284386,0.011859544782284386,1924.2456358535467,2001.1236974797869,0.03207260879850238,fc6ed5692c5e33a9fffe770a3a11e12d0b94dbf5a1eec4c0ae7c81aee87c07d7
24,28,1.0,6000,2015.0208333333333,752.9001643703435,9.71989932654389,"[1945.235,1989.3,1993.89,1942.59,2078.685,2026.11,1948.84,2011.275,2050.96,1998.7,2013.165,2016.545,2026.845,1998.555,2010.245,1970.075,2019.89,1945.69,2071.475,2092.535,2021.57,2065.95,2020.62,2064.015,2077.175,2083.825,1986.525,2019.765,1980.185,1980.39]",2011.9748546496967,-0.001511636323182718,0.001511636323182718,1974.3752393105856,2055.666427356081,0.021254213293048108,fc6ed5692c5e33a9fffe770a3a11e12d0b94dbf5a1eec4c0ae7c81aee87c07d7
24,28,1.06,6000,1998.2203333333334,746.4254034622021,9.636310522650868,"[2029.015,1986.805,1922.785,1945.01,1839.32,2006.77,1967.2,1903.295,2057.74,2099.04,2052.04,1973.855,1963.83,1963.81,2043.14,1978.205,2106.615,2030.39,2084.48,2057.485,2025.195,1960.545,1965.37,2019.67,2081.845,2028.21,2019.03,1934.725,1841.95,2059.24]",1962.889773234217,-0.017681013204474638,0.017681013204474638,1957.9242816745282,2038.5163849921387,0.03709884910158001,fc6ed5692c5e33a9fffe770a3a11e12d0b94dbf5a1eec4c0ae7c81aee87c07d7
24,28,1.275,6000,1802.1871666666666,612.5930662732915,7.908542478928648,"[1930.8,1827.065,1851.265,1787.58,1787.705,1907.08,1783.125,1796.185,1795.255,1750.82,1814.545,1807.95,1836.6,1748.2,1731.995,1797.655,1784.66,1767.0,1801.67,1781.055,1828.775,1807.33,1757.38,1807.945,1695.695,1857.735,1844.9,1773.935,1789.365,1814.345]",1800.8243378138939,-0.0007562082773530292,0.0007562082773530292,1769.1161032625064,1835.2582300708268,0.01876242356129032,fc6ed5692c5e33a9fffe770a3a11e12d0b94dbf5a1eec4c0ae7c81aee87c07d7
24,28,1.675,6000,1556.9423333333334,479.217519413722,6.186671573000583,"[1550.925,1506.295,1552.995,1584.055,1578.995,1552.625,1533.24,1594.365,1577.12,1596.93,1539.62,1584.53,1564.75,1542.47,1525.4,1508.32,1572.95,1592.865,1511.48,1467.51,1608.255,1594.44,1561.375,1558.55,1515.66,1520.45,1620.04,1522.945,1567.86,1601.255]",1552.8019670433862,-0.0026592932835751938,0.0026592932835751938,1531.07159818883,1582.8130684778369,0.018960610088538,fc6ed5692c5e33a9fffe770a3a11e12d0b94dbf5a1eec4c0ae7c81aee87c07d7
24,28,1.875,6000,1460.5415,421.97423221470785,5.447663912987416,"[1447.945,1446.435,1448.71,1462.19,1391.205,1466.755,1450.5,1504.81,1508.195,1469.045,1481.085,1450.95,1412.135,1488.69,1458.475,1433.73,1521.59,1494.175,1425.735,1469.795,1434.745,1480.21,1485.29,1468.19,1442.045,1474.74,1495.19,1405.46,1461.135,1437.09]",1451.254653549689,-0.0063584954281073365,0.0063584954281073365,1437.7610649007415,1483.3219350992586,0.02161855817727376,fc6ed5692c5e33a9fffe770a3a11e12d0b94dbf5a1eec4c0ae7c81aee87c07d7
24,56,0.325,6000,996.786,158.5516508113234,2.0468930103531644,"[1003.08,983.01,972.985,998.935,998.1,992.99,1004.47,1005.41,989.39,1007.46,1002.545,1004.185,1019.04,988.705,984.265,1001.9,1013.03,1013.965,995.055,1002.71,996.6,1010.08,978.015,976.34,986.13,981.675,999.23,999.4,1008.52,986.36]",978.4635796092001,-0.018381498527065825,0.018381498527065825,988.2265304508028,1005.3454695491971,0.02673895765606915,fc6ed5692c5e33a9fffe770a3a11e12d0b94dbf5a1eec4c0ae7c81aee87c07d7
24,56,0.525,6000,1423.4681666666668,271.1243971435006,3.5002009162910115,"[1399.43,1429.5,1397.04,1431.335,1429.425,1390.295,1392.895,1400.21,1463.165,1408.96,1394.335,1412.98,1390.195,1424.92,1440.745,1433.845,1444.8,1424.84,1448.375,1432.925,1441.865,1447.575,1442.76,1432.69,1411.47,1413.055,1414.45,1442.71,1443.765,1423.49]",1412.3609700696413,-0.007802911829798874,0.007802911829798874,1408.8314157434245,1438.104917589909,0.017901299971501028,fc6ed5692c5e33a9fffe770a3a11e12d0b94dbf5a1eec4c0ae7c81aee87c07d7
24,56,0.725,6000,2438.1601666666666,615.7120293317455,7.94880811887141,"[2454.355,2441.245,2345.925,2410.365,2389.64,2507.64,2472.505,2425.315,2456.07,2404.115,2501.93,2362.005,2477.585,2462.67,2453.11,2406.475,2398.385,2456.205,2483.165,2449.465,2482.27,2442.415,2459.855,2326.265,2414.76,2484.44,2449.785,2458.005,2526.27,2342.57]",2443.6363636363635,0.002246036599467436,0.002246036599467436,2404.9207248874636,2471.3996084458695,0.016098509338893674,fc6ed5692c5e33a9fffe770a3a11e12d0b94dbf5a1eec4c0ae7c81aee87c07d7
24,56,0.94,6000,7157.971166666666,2595.8602587740515,33.51241183771192,"[7374.475,7026.51,7131.785,7246.445,7203.125,7206.95,7154.095,6855.425,7149.565,6818.31,7028.87,7404.035,7097.535,7228.845,7393.03,6912.295,7563.125,7213.58,7132.005,7165.11,7361.395,7205.215,7247.9,7296.21,6923.09,7240.9,7134.235,6910.8,7094.5,7019.775]",7107.984380455365,-0.006983373507297794,0.006983373507297794,7017.832689865889,7298.109643467444,0.026051302638657958,fc6ed5692c5e33a9fffe770a3a11e12d0b94dbf5a1eec4c0ae7c81aee87c07d7
24,56,1.0,6000,8019.708,3016.1252693385804,38.93800979407894,"[8182.295,8252.94,8282.535,8074.315,8279.95,8029.43,7989.115,7866.16,7968.075,7957.73,8045.01,8331.46,7800.475,8308.125,8178.89,7931.235,8037.78,7871.37,7667.795,7765.555,7851.9,8040.235,7825.65,7940.34,7956.79,8233.925,8047.71,7921.42,7981.15,7971.88]",8070.966247271364,0.0063915353615574015,0.0063915353615574015,7856.881361063334,8182.534638936665,0.027248074187422366,fc6ed5692c5e33a9fffe770a3a11e12d0b94dbf5a1eec4c0ae7c81aee87c07d7
24,56,1.06,6000,7807.705833333333,2807.071722734459,36.23914011253441,"[8004.48,7884.4,7932.955,7881.485,7845.92,7625.92,7888.74,7885.8,7624.735,7975.13,7752.54,8029.74,7774.61,7882.375,7725.26,7995.155,7609.31,7999.455,7645.14,8073.325,7708.875,7544.475,7517.895,7772.58,7605.025,7675.07,7687.98,7924.26,8023.09,7735.45]",7675.533506914079,-0.016928445978967685,0.016928445978967685,7656.165027481049,7959.246639185618,0.03564572693032764,fc6ed5692c5e33a9fffe770a3a11e12d0b94dbf5a1eec4c0ae7c81aee87c07d7
24,56,1.275,6000,6483.6973333333335,2010.9426371997552,25.96115781351025,"[6473.715,6474.885,6542.32,6236.245,6668.015,6240.435,6458.12,6633.79,6534.525,6431.5,6596.165,6369.49,6626.705,6635.155,6577.665,6695.12,6646.315,6194.04,6395.505,6540.795,6534.47,6474.895,6530.865,6579.32,6306.69,6217.785,6361.03,6673.64,6508.105,6353.615]",6508.636782632568,0.0038464857344617234,0.0038464857344617234,6375.135850811927,6592.25881585474,0.020940876389894836,fc6ed5692c5e33a9fffe770a3a11e12d0b94dbf5a1eec4c0ae7c81aee87c07d7
24,56,1.675,6000,5111.667166666667,1319.4403981294524,17.033902294228845,"[5070.11,5087.745,5114.885,5113.48,5118.325,5093.01,5202.63,5012.42,5132.815,5119.005,5087.99,5029.805,5163.64,5093.655,5170.985,5087.235,5167.895,5052.18,5234.07,5223.82,5061.895,4981.2,5070.58,5186.185,4969.66,5158.645,5276.18,4952.405,5182.99,5134.575]",5073.498654774431,-0.007466939972370263,0.007466939972370263,5040.436688447244,5182.89764488609,0.02110768871146862,fc6ed5692c5e33a9fffe770a3a11e12d0b94dbf5a1eec4c0ae7c81aee87c07d7
24,56,1.875,6000,4624.411833333334,1101.1688576396803,14.216028823335758,"[4710.525,4599.33,4600.945,4659.875,4595.555,4663.485,4643.965,4560.3,4833.27,4504.095,4581.36,4571.33,4591.945,4691.145,4674.615,4574.035,4727.27,4601.855,4497.51,4728.84,4509.4,4678.985,4680.79,4515.615,4653.48,4549.75,4636.795,4550.32,4673.98,4671.99]",4583.602299002398,-0.00882480535941367,0.00882480535941367,4564.964825009798,4683.858841656869,0.021404689176970804,fc6ed5692c5e33a9fffe770a3a11e12d0b94dbf5a1eec4c0ae7c81aee87c07d7
24,112,0.325,6000,1991.6893333333333,224.1368102398763,2.8935937777703096,"[1972.605,1964.515,1996.745,1976.715,2010.665,1985.075,1982.11,1981.57,1993.805,1994.1,1996.565,1973.005,1993.395,1992.075,1982.945,2013.435,2028.115,1961.825,2006.11,1985.83,1981.925,2014.46,2015.505,1953.735,1985.8,1980.715,2024.34,1990.09,2012.51,2000.395]",1969.573673745783,-0.011103970492494928,0.011103970492494928,1979.589224679243,2003.7894419874235,0.017075530754221413,fc6ed5692c5e33a9fffe770a3a11e12d0b94dbf5a1eec4c0ae7c81aee87c07d7
24,112,0.525,6000,2830.449666666667,383.10139595127924,4.945817754760394,"[2798.37,2806.915,2810.06,2816.545,2884.295,2822.135,2812.785,2824.21,2824.765,2882.495,2831.7,2840.425,2815.775,2847.66,2823.345,2889.93,2878.79,2817.275,2832.905,2846.075,2825.455,2836.855,2785.79,2801.63,2801.81,2872.745,2823.165,2837.48,2840.64,2781.465]",2820.395967230213,-0.003551979586442799,0.003551979586442799,2809.767796019971,2851.131537313363,0.010780130513414421,fc6ed5692c5e33a9fffe770a3a11e12d0b94dbf5a1eec4c0ae7c81aee87c07d7
24,112,0.725,6000,4883.142,881.796206573636,11.383940076028559,"[4958.795,4863.2,4815.065,4924.78,4921.03,4983.255,4887.54,4911.965,4899.495,4818.0,4834.73,4922.185,4841.35,4813.525,4863.035,4945.68,4865.065,4881.13,4851.995,4829.355,4835.625,4845.61,4885.305,4796.43,4934.855,4874.05,4930.64,4900.85,4882.51,4977.21]",4887.272727272727,0.0008459158616987176,0.0008459158616987176,4835.537905434335,4930.746094565665,0.010698876288458115,fc6ed5692c5e33a9fffe770a3a11e12d0b94dbf5a1eec4c0ae7c81aee87c07d7
24,112,0.94,6000,20662.262833333334,6912.081665092613,89.23459058843108,"[20695.955,20863.24,20440.36,21573.095,20748.545,20432.785,19942.855,19933.985,20361.71,20016.6,20259.395,21467.52,20900.64,20528.615,21084.13,20183.645,20821.12,20503.795,20781.395,21010.995,21035.47,20462.46,20810.82,21224.66,20909.12,20441.015,20309.995,21541.39,20192.055,20390.52]",20203.44582110185,-0.02220555492553792,0.02220555492553792,20289.111546473956,21035.414120192712,0.039550840042280155,fc6ed5692c5e33a9fffe770a3a11e12d0b94dbf5a1eec4c0ae7c81aee87c07d7
24,112,1.0,6000,32233.524,12087.452429129215,156.04833985363945,"[31234.53,32730.625,31521.83,32098.05,32732.6,31509.76,32399.52,31614.205,31126.905,32749.18,30808.895,33618.2,32267.795,32573.175,33687.185,33372.605,32573.955,32540.82,32243.42,31555.455,31633.85,31728.4,35400.275,32454.67,30997.865,32071.72,31413.415,33265.67,31545.77,31535.375]",32329.99864643061,0.002992990975191174,0.002992990975191174,31580.97840703345,32886.06959296655,0.023717448830855137,fc6ed5692c5e33a9fffe770a3a11e12d0b94dbf5a1eec4c0ae7c81aee87c07d7
24,112,1.06,6000,29339.53516666667,10139.06911615593,130.89481944305956,"[28932.085,30031.41,29268.28,28604.84,29421.31,28453.035,29190.45,28433.825,29566.7,30700.745,28309.13,28201.775,30559.585,29060.91,29671.06,30510.64,28609.06,28784.555,29320.225,30085.71,28903.125,28024.515,29370.415,29768.44,29420.09,29937.82,30022.94,29826.38,30272.515,28924.485]",29212.526207869934,-0.004328935617938212,0.004328935617938212,28792.173767949876,29886.89656538346,0.022564081086111076,fc6ed5692c5e33a9fffe770a3a11e12d0b94dbf5a1eec4c0ae7c81aee87c07d7
24,112,1.275,6000,21775.75866666667,5809.425655647866,74.99936271784763,"[21823.32,22679.985,21956.64,22089.515,22158.235,21994.555,21101.005,21972.645,21193.72,22265.555,21213.25,22145.79,21615.65,22132.245,21519.19,21646.26,21668.615,21456.835,21330.005,21788.585,21373.66,21475.845,21788.555,21348.1,21886.96,22024.18,22249.285,21142.77,21937.19,22294.615]",21816.174174390508,0.0018559862066117338,0.0018559862066117338,21462.134672571417,22089.38266076192,0.016496005976122774,fc6ed5692c5e33a9fffe770a3a11e12d0b94dbf5a1eec4c0ae7c81aee87c07d7
24,112,1.675,6000,15239.946833333333,3216.3197898900607,41.52250994107181,"[15191.925,15145.995,15146.59,15541.605,15259.9,15583.33,15237.185,15233.16,15219.3,15266.615,14875.01,15223.895,15023.175,15018.48,14742.145,15397.085,15140.625,15406.235,15735.53,15280.455,15508.005,14950.7,15202.685,15060.625,15148.765,15241.885,15212.355,15155.105,15276.99,15773.05]",15225.490103694858,-0.000948607616324191,0.000948607616324191,15066.312619112474,15413.581047554193,0.012202936052240876,fc6ed5692c5e33a9fffe770a3a11e12d0b94dbf5a1eec4c0ae7c81aee87c07d7
24,112,1.875,6000,13366.559,2537.4854651012156,32.75879649193463,"[13454.42,13093.285,13336.21,13597.725,13258.67,13169.59,13411.69,13366.385,13194.275,13404.155,13274.39,13403.725,13539.355,13739.24,13303.3,13290.195,13305.42,13420.59,13440.8,13048.32,13444.16,13378.305,13555.065,13495.415,13370.09,13414.835,13233.625,13383.06,13317.93,13352.545]",13371.18539265898,0.00034611695193803935,0.00034611695193803935,13229.571908040229,13503.54609195977,0.010704313457995163,fc6ed5692c5e33a9fffe770a3a11e12d0b94dbf5a1eec4c0ae7c81aee87c07d7
25,14,0.325,6000,252.77866666666668,76.70501257880527,0.9902574542944774,"[245.815,256.72,253.93,251.255,255.475,257.425,263.355,251.16,247.88,254.92,252.825,247.55,248.935,254.525,248.44,260.385,265.82,250.1,246.84,261.335,256.37,243.055,248.875,249.865,252.26,252.635,248.865,248.31,255.655,252.78]",256.1436090003091,0.01331181297067159,0.01331181297067159,248.6377181739867,256.9196151593466,0.030188061897632235,fc6ed5692c5e33a9fffe770a3a11e12d0b94dbf5a1eec4c0ae7c81aee87c07d7
25,14,0.525,6000,335.6836666666667,109.96244005534818,1.419608996808983,"[335.855,337.605,327.2,337.155,339.8,331.725,320.865,343.915,335.51,345.525,332.315,347.89,326.37,322.725,328.275,330.035,345.055,325.435,337.455,357.53,339.88,329.085,340.46,338.945,330.02,342.74,331.245,345.205,328.945,335.745]",334.9525437709511,-0.002178011527863833,0.002178011527863833,329.7473036430535,341.62002969027986,0.019517257010292055,fc6ed5692c5e33a9fffe770a3a11e12d0b94dbf5a1eec4c0ae7c81aee87c07d7
25,14,0.725,6000,445.344,157.6167477475932,2.0348234636993463,"[426.61,439.09,448.595,415.47,441.185,454.94,446.925,460.735,455.13,444.595,448.73,446.87,457.29,455.5,463.585,446.86,432.96,438.435,448.94,452.17,449.765,425.965,446.815,459.54,442.8,438.265,436.88,452.32,431.35,452.005]",438.8019670632344,-0.01468984186778226,0.01468984186778226,436.835001538707,453.852998461293,0.03316278938133366,fc6ed5692c5e33a9fffe770a3a11e12d0b94dbf5a1eec4c0ae7c81aee87c07d7
25,14,0.94,6000,508.9146666666667,186.82795873722046,2.4119385759839376,"[509.23,520.68,511.145,518.75,514.39,522.01,500.43,501.965,518.425,510.37,498.78,497.84,510.925,497.925,515.095,531.77,484.51,511.95,487.915,499.24,519.13,494.495,500.51,504.215,516.115,528.99,512.24,516.43,519.815,492.155]",510.052500245151,0.0022358042575919726,0.0022358042575919726,498.82869016899593,519.0006431643374,0.022500329867459312,fc6ed5692c5e33a9fffe770a3a11e12d0b94dbf5a1eec4c0ae7c81aee87c07d7
25,14,1.0,6000,516.755,193.50369399126393,2.498121947525938,"[539.3,487.26,474.865,509.7,527.905,526.725,523.11,517.17,525.845,531.93,502.44,519.845,510.495,496.91,516.06,496.335,519.41,505.27,516.72,527.165,525.645,535.26,509.98,542.61,534.52,510.735,515.985,527.485,513.545,512.425]",513.3457639081081,-0.006597393526703948,0.006597393526703948,506.30863146394245,527.2013685360575,0.02628142765718522,fc6ed5692c5e33a9fffe770a3a11e12d0b94dbf5a1eec4c0ae7c81aee87c07d7
25,14,1.06,6000,513.1376666666666,191.45122610354744,2.471624701033433,"[507.545,506.545,503.815,518.295,481.98,530.75,500.73,481.14,534.77,513.54,511.845,511.69,503.165,523.19,530.74,519.09,504.57,526.125,509.495,526.32,517.245,523.375,512.195,521.355,521.85,503.44,508.28,517.05,502.08,521.92]",507.4220568351848,-0.011138550534811366,0.011138550534811366,502.8021013691482,523.4732319641851,0.030662838420166816,fc6ed5692c5e33a9fffe770a3a11e12d0b94dbf5a1eec4c0ae7c81aee87c07d7
25,14,1.275,6000,492.524,178.00564811018364,2.2980430355386634,"[504.965,506.67,481.875,485.335,492.335,492.745,493.83,498.435,495.01,505.09,495.96,480.88,487.07,472.85,500.43,461.23,475.035,495.74,528.06,491.135,489.42,479.08,484.215,513.855,480.81,511.525,487.005,498.585,494.25,492.295]",486.84019168462163,-0.011540165180536119,0.011540165180536119,482.91429920667713,502.1337007933229,0.03045704577195074,fc6ed5692c5e33a9fffe770a3a11e12d0b94dbf5a1eec4c0ae7c81aee87c07d7
25,14,1.675,6000,450.80833333333334,151.80363078972246,1.9597764464747152,"[445.995,426.655,447.27,444.835,441.435,456.64,469.43,437.54,444.275,453.84,437.595,451.79,447.61,451.335,441.795,463.575,448.71,451.505,479.17,463.17,463.35,443.475,436.865,448.505,452.195,464.735,458.715,461.415,437.505,453.32]",451.3928965383515,0.0012967000869213113,0.0012967000869213113,442.6131581424523,459.0035085242144,0.019836144123563493,fc6ed5692c5e33a9fffe770a3a11e12d0b94dbf5a1eec4c0ae7c81aee87c07d7
25,14,1.875,6000,435.9121666666667,145.48767265919196,1.8782377776250887,"[434.935,440.485,424.935,431.15,424.425,442.31,441.79,424.635,430.195,454.395,432.75,438.89,458.615,417.25,417.795,446.82,429.065,436.715,432.57,450.64,425.105,438.665,430.955,430.15,428.84,445.585,444.555,437.89,437.675,447.58]",435.0836118352026,-0.0019007380266531273,0.0019007380266531273,428.05796081300565,443.7663725203277,0.019566062736597667,fc6ed5692c5e33a9fffe770a3a11e12d0b94dbf5a1eec4c0ae7c81aee87c07d7
25,28,0.325,6000,516.5786666666667,117.32751354986968,1.5146916867685678,"[517.365,522.92,527.18,529.595,512.535,519.035,503.355,518.39,515.885,508.305,520.385,517.645,520.38,523.47,519.995,511.905,511.12,500.615,521.315,514.3,523.615,516.48,517.38,521.38,512.705,519.6,521.665,506.41,503.34,519.09]",518.5185185185185,0.003755191565244299,0.003755191565244299,510.2446974246296,522.9126359087038,0.016215398485568855,fc6ed5692c5e33a9fffe770a3a11e12d0b94dbf5a1eec4c0ae7c81aee87c07d7
25,28,0.525,6000,735.073,195.95502136816984,2.5297684478821343,"[733.675,718.165,726.195,742.7,738.875,739.665,755.215,710.33,728.8,749.245,720.33,738.61,748.1,750.45,733.565,705.195,754.36,720.7,748.71,745.42,721.34,761.31,730.075,747.11,721.29,737.405,731.965,739.345,745.49,708.555]",736.8421052631579,0.002406706902794606,0.002406706902794606,724.4942956482611,745.6517043517389,0.017043349670335717,fc6ed5692c5e33a9fffe770a3a11e12d0b94dbf5a1eec4c0ae7c81aee87c07d7
25,28,0.725,6000,1220.3883333333333,396.9411777333248,5.124488569283751,"[1188.005,1224.585,1223.71,1192.115,1207.31,1206.18,1235.035,1202.7,1230.21,1255.565,1217.82,1235.815,1197.99,1195.785,1194.095,1201.1,1174.775,1256.5,1209.365,1224.435,1284.11,1194.665,1251.155,1231.465,1196.9,1211.545,1260.85,1270.33,1220.35,1217.185]",1193.8292519703039,-0.021762811588411993,0.021762811588411993,1198.9593169450145,1241.8173497216521,0.0386434428236202,fc6ed5692c5e33a9fffe770a3a11e12d0b94dbf5a1eec4c0ae7c81aee87c07d7
25,28,0.94,6000,2016.3363333333334,738.8511368200536,9.538527160768284,"[2029.645,2046.975,2043.225,2032.14,2109.74,2000.24,1969.48,2132.0,1915.03,1972.36,2090.035,1994.15,2012.43,1973.665,1976.545,2098.65,1982.355,1922.575,2084.63,2051.94,1973.43,2049.87,2051.34,1931.955,1997.94,2002.99,1955.95,2010.205,2007.065,2071.535]",2041.5194821067023,0.012489557598625932,0.012489557598625932,1976.4491812624494,2056.2234854042176,0.03292283022561171,fc6ed5692c5e33a9fffe770a3a11e12d0b94dbf5a1eec4c0ae7c81aee87c07d7
25,28,1.0,6000,2064.2213333333334,767.8080816323344,9.91235971081832,"[2088.01,2031.755,2078.12,2026.53,2036.585,2134.705,2094.36,2047.42,2111.805,2010.14,1999.525,2024.285,2032.33,2048.565,2041.31,2081.325,2116.36,2140.34,2090.06,2016.605,2058.83,2011.41,2050.415,2144.19,2011.085,2144.315,2046.7,2114.375,2060.6,2034.585]",2065.515927417593,0.0006271585625796795,0.0006271585625796795,2022.77092987976,2105.671736786907,0.021131902236885436,fc6ed5692c5e33a9fffe770a3a11e12d0b94dbf5a1eec4c0ae7c81aee87c07d7
25,28,1.06,6000,2054.284,749.7167297540756,9.678801362368738,"[2023.905,2046.305,2029.73,2008.855,2050.51,2126.63,1921.255,2101.175,2075.51,2106.61,2099.26,2068.945,2150.99,2018.64,1987.075,2112.065,1993.17,2086.86,2126.16,1963.86,2029.295,2018.365,2049.58,2076.445,2039.465,2099.895,2067.735,2039.245,2036.965,2074.02]",2017.5366396875738,-0.01788815972495832,0.01788815972495832,2013.8102648732045,2094.7577351267955,0.03686397436052313,fc6ed5692c5e33a9fffe770a3a11e12d0b94dbf5a1eec4c0ae7c81aee87c07d7
25,28,1.275,6000,1870.4533333333334,636.1786803834684,8.21303144779128,"[1848.065,1881.235,1904.25,1880.335,1893.845,1841.96,1945.175,1816.49,1853.885,1907.345,1849.92,1808.455,1868.73,1820.955,1915.34,1928.59,1897.735,1890.985,1897.93,1851.295,1879.38,1865.695,1916.295,1839.43,1895.545,1851.63,1872.305,1824.305,1833.015,1833.48]",1858.6543537776754,-0.006308085502796815,0.006308085502796815,1836.1089918223724,1904.7976748442943,0.024224788635565098,fc6ed5692c5e33a9fffe770a3a11e12d0b94dbf5a1eec4c0ae7c81aee87c07d7
25,28,1.675,6000,1624.925,491.25184352898714,6.34203402927153,"[1630.845,1611.195,1640.025,1615.915,1583.62,1584.155,1640.55,1638.775,1638.655,1693.39,1654.55,1592.795,1633.07,1660.16,1605.305,1629.13,1552.685,1588.33,1657.98,1600.025,1664.81,1596.29,1584.3,1663.465,1579.36,1665.725,1620.855,1655.965,1667.03,1598.795]",1613.4507875204588,-0.007061379743398105,0.007061379743398105,1598.4045874142166,1651.4454125857833,0.02300689128188238,fc6ed5692c5e33a9fffe770a3a11e12d0b94dbf5a1eec4c0ae7c81aee87c07d7
25,28,1.875,6000,1521.4345,443.10977205213834,5.720522558998988,"[1468.24,1525.14,1568.045,1550.785,1507.235,1538.835,1542.68,1563.12,1575.545,1549.78,1498.27,1534.065,1523.485,1466.53,1519.855,1494.25,1510.18,1514.65,1470.7,1537.235,1498.575,1568.93,1476.165,1476.88,1546.585,1516.01,1520.08,1544.27,1488.69,1548.225]",1512.129413923322,-0.006115995185253115,0.006115995185253115,1497.5130549603305,1545.3559450396697,0.02150089189678217,fc6ed5692c5e33a9fffe770a3a11e12d0b94dbf5a1eec4c0ae7c81aee87c07d7
25,56,0.325,6000,1037.7566666666667,163.81860968268722,2.114889156999669,"[1044.585,1040.335,1023.54,1024.87,1037.765,1012.71,1043.675,1021.48,1047.005,1030.065,1048.445,1022.835,1035.71,1040.72,1052.1,1045.865,1021.76,1053.76,1043.28,1044.045,1020.505,1030.85,1056.545,1035.565,1040.725,1045.15,1047.27,1048.19,1032.495,1040.855]",1019.2566847318708,-0.017826897700613055,0.017826897700613055,1028.9128583934914,1046.600474939842,0.026126292565979203,fc6ed5692c5e33a9fffe770a3a11e12d0b94dbf5a1eec4c0ae7c81aee87c07d7
25,56,0.525,6000,1473.0066666666667,283.5113549818117,3.6601158543508525,"[1484.8,1478.225,1493.7,1474.68,1480.24,1463.435,1463.375,1508.65,1492.4,1470.445,1456.305,1504.93,1451.04,1450.16,1474.28,1482.105,1466.475,1467.125,1471.08,1479.97,1477.15,1458.16,1454.275,1473.135,1497.355,1463.96,1459.535,1468.13,1450.47,1474.61]",1471.6470628856869,-0.0009230126460028216,0.0009230126460028216,1457.7012012400958,1488.3121320932376,0.011197294470825847,fc6ed5692c5e33a9fffe770a3a11e12d0b94dbf5a1eec4c0ae7c81aee87c07d7
25,56,0.725,6000,2534.697833333333,640.5781041995599,8.269827765033384,"[2667.26,2556.345,2500.085,2437.655,2545.645,2591.08,2517.525,2578.57,2553.075,2495.77,2596.95,2487.3,2598.24,2556.63,2499.16,2488.39,2526.44,2506.86,2486.28,2614.845,2625.675,2487.91,2559.75,2497.205,2533.05,2530.27,2499.32,2492.0,2464.11,2547.54]",2545.454545454545,0.004243784793497822,0.004243784793497822,2500.1159872994285,2569.279679367238,0.018134581909573733,fc6ed5692c5e33a9fffe770a3a11e12d0b94dbf5a1eec4c0ae7c81aee87c07d7
25,56,0.94,6000,7421.453333333333,2629.3646987961624,33.944952298477396,"[7466.28,7443.44,7340.65,7395.385,7592.9,7154.06,7697.595,7246.085,7803.405,7442.95,7485.18,7270.87,7663.13,7217.92,7523.42,7507.695,7117.5,7195.25,7476.81,7220.515,7636.37,7566.345,7786.955,7276.365,7480.375,7541.09,7703.485,7081.03,7008.135,7302.41]",7336.057298986939,-0.011506645735120271,0.011506645735120271,7279.506106937931,7563.400559728735,0.03005833936024538,fc6ed5692c5e33a9fffe770a3a11e12d0b94dbf5a1eec4c0ae7c81aee87c07d7
25,56,1.0,6000,8301.299166666666,3057.962938715096,39.478131783210195,"[8304.55,8100.82,8382.665,8106.605,8428.22,8142.745,7859.565,8198.575,8269.625,8038.21,8419.81,8155.67,8274.405,8109.54,7987.59,8428.9,8399.08,8192.735,8365.59,8679.25,8182.045,8820.92,8665.955,8306.31,8036.29,9008.66,8533.52,8344.39,8111.55,8185.185]",8286.329453240694,-0.0018032976676808942,0.0018032976676808942,8136.213905664539,8466.384427668792,0.02126704450599537,fc6ed5692c5e33a9fffe770a3a11e12d0b94dbf5a1eec4c0ae7c81aee87c07d7
25,56,1.06,6000,7983.8325,2825.409257203081,36.47587666455934,"[7967.26,8179.28,8160.42,7956.775,8305.675,7864.985,8010.04,7838.17,8067.55,8287.0,8022.77,8338.205,7963.59,8230.245,7525.825,8066.145,7642.89,7756.21,7827.415,7585.325,8009.615,7948.98,8165.635,7941.27,7641.61,8159.24,7888.37,8059.595,8271.18,7833.705]",7899.712459337001,-0.010536298283186626,0.010536298283186626,7831.301735562684,8136.3632644373165,0.0290855751407606,fc6ed5692c5e33a9fffe770a3a11e12d0b94dbf5a1eec4c0ae7c81aee87c07d7
25,56,1.275,6000,6738.601,2103.186698920019,27.152023529607288,"[6879.335,6535.585,6559.96,6934.405,6739.845,6654.21,6920.36,6908.325,6570.56,6767.74,6457.355,6723.3,6769.325,6614.885,6587.21,6755.5,6875.945,6695.035,6697.575,6790.335,6961.96,6829.225,6840.54,6837.38,6669.48,6717.825,6483.4,7015.005,6563.57,6802.855]",6749.887429609436,0.0016748921043754793,0.0016748921043754793,6625.059687666992,6852.142312333007,0.018841753558057617,fc6ed5692c5e33a9fffe770a3a11e12d0b94dbf5a1eec4c0ae7c81aee87c07d7
25,56,1.675,6000,5292.283666666666,1362.9487783583897,17.595593067719292,"[5221.3,5439.135,5266.69,5288.695,5353.63,5142.24,5490.7,5285.14,5231.15,5368.13,5196.135,5380.24,5342.615,5331.915,5143.875,5287.175,5334.43,5102.49,5495.605,5121.62,5343.06,5213.6,5247.27,5270.335,5086.885,5324.035,5455.91,5111.64,5527.365,5365.5]",5311.710492922705,0.0036707832534371627,0.0036707832534371627,5218.704372438082,5365.862960895251,0.017821687884031823,fc6ed5692c5e33a9fffe770a3a11e12d0b94dbf5a1eec4c0ae7c81aee87c07d7
25,56,1.875,6000,4839.59,1171.00735605631,15.117639960974893,"[4674.49,4806.075,4759.685,4852.115,4829.805,4991.19,4851.935,4864.985,4971.78,4806.41,4844.795,4760.965,4833.31,4936.23,4835.295,4741.52,4885.55,4926.7,4830.765,4965.845,4888.445,4899.7,4735.795,4773.07,4775.69,4764.865,4918.32,4864.85,4798.585,4798.935]",4813.573123170658,-0.005375843166330709,0.005375843166330709,4776.372734492134,4902.807265507866,0.018200622113984877,fc6ed5692c5e33a9fffe770a3a11e12d0b94dbf5a1eec4c0ae7c81aee87c07d7
25,112,0.325,6000,2077.286833333333,233.5523503272078,3.0151478776162537,"[2094.615,2082.005,2058.39,2082.685,2095.755,2063.775,2094.615,2050.375,2070.3,2073.855,2081.99,2080.77,2078.02,2092.105,2094.9,2067.3,2056.36,2099.56,2034.865,2087.735,2092.1,2081.37,2052.23,2077.12,2071.365,2060.08,2085.67,2104.17,2067.26,2087.265]",2050.534515902632,-0.012878489865442834,0.012878489865442834,2064.678423262926,2089.89524340374,0.018833827975512585,fc6ed5692c5e33a9fffe770a3a11e12d0b94dbf5a1eec4c0ae7c81aee87c07d7
25,112,0.525,6000,2952.035,395.42778307836653,5.104950728300775,"[2936.23,2968.71,2958.565,2917.605,2953.395,2982.89,3005.595,2979.515,2925.345,2979.99,2962.23,2967.555,2975.245,2977.085,2949.86,2898.28,2980.935,2915.23,2938.395,2960.225,2964.815,2935.615,2930.975,2953.245,2936.505,2945.37,2922.925,2936.04,2961.215,2941.465]",2936.8454152604086,-0.005145462279272191,0.005145462279272191,2930.687684782238,2973.3823152177615,0.012287992623873922,fc6ed5692c5e33a9fffe770a3a11e12d0b94dbf5a1eec4c0ae7c81aee87c07d7
25,112,0.725,6000,5101.445166666666,920.7104667704043,11.886321014935444,"[5112.515,5065.855,5121.55,5091.74,5088.255,5075.54,5161.285,5109.87,4993.655,5063.31,5043.005,5078.43,5050.97,5112.37,5112.015,5139.26,5181.515,5213.005,5175.12,5104.745,5000.94,5139.26,5064.955,5140.55,5201.06,5049.2,5047.94,5114.085,5074.24,5117.115]",5090.90909090909,-0.0020653119681497433,0.0020653119681497433,5051.740271362066,5151.150061971267,0.011694664363771867,fc6ed5692c5e33a9fffe770a3a11e12d0b94dbf5a1eec4c0ae7c81aee87c07d7
25,112,0.94,6000,21507.8895,7097.8723590214395,91.63313813331996,"[20698.715,21798.32,21661.56,21775.58,21614.005,21157.495,20837.675,20962.25,22490.595,21281.845,21360.625,21487.915,21905.08,21459.085,21073.165,21290.065,21492.795,21877.015,22045.875,21989.13,22029.475,21319.025,21916.695,21014.07,21119.68,20759.65,21783.285,22628.74,21584.845,20822.43]",20963.085310987557,-0.02533043463015951,0.02533043463015951,21124.708233767524,21891.07076623248,0.042391049079077536,fc6ed5692c5e33a9fffe770a3a11e12d0b94dbf5a1eec4c0ae7c81aee87c07d7
25,112,1.0,6000,33245.210333333336,12145.016280152424,156.79148597482762,"[34084.14,33515.35,35026.8,32891.24,33589.195,33059.77,32677.09,33043.38,32752.65,32214.375,31256.01,34456.78,32138.73,34189.85,32881.89,33138.11,32687.1,32347.67,32744.455,35321.16,32997.65,33291.14,33421.015,32204.91,33497.725,33718.085,34423.945,33502.105,32879.87,33404.12]",33193.84930010341,-0.0015449152739584685,0.0015449152739584685,32589.55713456485,33900.86353210182,0.020855345803475478,fc6ed5692c5e33a9fffe770a3a11e12d0b94dbf5a1eec4c0ae7c81aee87c07d7
25,112,1.06,6000,30510.047833333334,10327.269740510355,133.32447905596132,"[30014.825,30981.585,29675.23,29676.485,29829.89,30912.27,31292.255,30324.54,30862.59,29342.34,31070.89,29604.905,29275.915,30478.595,29421.495,31234.945,30119.565,31848.39,31039.91,30179.88,30087.075,29914.07,30909.345,32287.53,29646.595,31595.505,30807.625,32271.4,30613.28,29982.51]",30140.899589176075,-0.012099235182252026,0.012099235182252026,29952.526354257505,31067.569312409163,0.02982755792429992,fc6ed5692c5e33a9fffe770a3a11e12d0b94dbf5a1eec4c0ae7c81aee87c07d7
25,112,1.275,6000,22832.5315,6190.043952673553,79.91312380332201,"[22982.235,23344.51,21839.05,22872.335,22850.945,22537.85,22608.94,22533.26,23301.75,22578.945,23348.19,22768.585,23064.595,22780.655,22492.43,23273.585,22052.965,23082.95,22778.415,22555.06,22364.355,22347.065,22592.97,23670.99,23512.15,23283.19,23489.195,22861.27,22874.915,22332.595]",22780.754727226977,-0.0022676755213509405,0.0022676755213509405,22498.35968627255,23166.703313727452,0.0166596248621953,fc6ed5692c5e33a9fffe770a3a11e12d0b94dbf5a1eec4c0ae7c81aee87c07d7
25,112,1.675,6000,16088.764,3406.556760004231,43.978458664688944,"[16218.34,15551.875,16114.33,16100.155,16354.465,16326.09,15618.145,15941.99,16124.435,16207.18,15989.95,16115.525,15972.18,15814.25,16022.59,16056.705,16111.92,15725.36,16347.675,16095.34,16209.955,16125.27,16548.695,15955.6,16365.305,15748.875,16241.01,16444.015,15977.085,16238.61]",16062.274065500867,-0.0016464866101045287,0.0016464866101045287,15904.859772540605,16272.668227459393,0.012929297089920078,fc6ed5692c5e33a9fffe770a3a11e12d0b94dbf5a1eec4c0ae7c81aee87c07d7
25,112,1.875,6000,14141.9205,2705.110906355295,34.922831633193695,"[14115.69,14063.03,14559.605,14048.88,13928.985,13952.11,13938.015,14048.495,14164.585,14358.82,14520.19,14575.905,13923.735,14115.665,14167.925,14044.525,14035.21,14124.615,14199.03,14129.29,14014.865,14347.73,14155.47,14277.82,14258.195,14108.61,14217.39,13923.82,13800.93,14138.48]",14145.001397332624,0.0002178556535248422,0.0002178556535248422,13995.88408655576,14287.95691344424,0.010654368802618608,fc6ed5692c5e33a9fffe770a3a11e12d0b94dbf5a1eec4c0ae7c81aee87c07d7
26,14,0.325,6000,265.0755,80.16570478153686,1.0349347985195751,"[265.345,263.57,268.895,261.715,260.09,270.385,264.315,269.605,273.05,265.715,258.12,266.53,254.035,260.51,263.445,264.805,258.035,266.405,264.29,264.265,273.05,258.17,265.995,273.4,264.51,266.995,257.22,268.74,268.9,272.16]",266.0847457217483,0.00380738967482208,0.00380738967482208,260.7477247579494,269.40327524205054,0.020468140110343036,fc6ed5692c5e33a9fffe770a3a11e12d0b94dbf5a1eec4c0ae7c81aee87c07d7
26,14,0.525,6000,351.5416666666667,116.40908803232807,1.5028348643213325,"[339.38,344.03,366.355,342.255,351.35,349.075,350.25,348.715,350.2,345.39,367.785,345.015,349.865,344.735,365.37,358.745,337.345,346.47,357.485,352.3,353.755,355.89,359.82,348.99,358.795,346.85,338.35,366.375,360.34,344.97]",347.05710766214276,-0.01275683490678847,0.01275683490678847,345.2572789661044,357.82605436722895,0.030095479559557936,fc6ed5692c5e33a9fffe770a3a11e12d0b94dbf5a1eec4c0ae7c81aee87c07d7
26,14,0.725,6000,455.93233333333336,161.56949135891514,2.0858531642942717,"[452.055,460.2,471.73,462.04,464.21,467.91,443.695,460.035,453.96,449.935,422.58,449.105,447.1,437.77,446.305,459.055,473.56,466.725,448.67,457.775,452.16,474.285,470.07,448.01,466.605,463.49,455.265,444.835,456.13,452.705]",452.55168579097233,-0.007414801046561073,0.007414801046561073,447.20994454526823,464.6547221213985,0.026047376157438573,fc6ed5692c5e33a9fffe770a3a11e12d0b94dbf5a1eec4c0ae7c81aee87c07d7
26,14,0.94,6000,527.7526666666666,195.53583525797487,2.5243567784696457,"[500.235,513.095,541.905,514.275,521.35,535.49,528.51,512.22,545.98,534.65,519.315,539.575,544.7,535.175,538.355,527.02,528.595,521.935,530.64,502.7,531.325,524.22,533.015,539.89,524.55,556.4,518.32,517.945,530.305,520.89]",523.15068205871,-0.008719964670236887,0.008719964670236887,517.1965922322279,538.3087411011054,0.028158671567156346,fc6ed5692c5e33a9fffe770a3a11e12d0b94dbf5a1eec4c0ae7c81aee87c07d7
26,14,1.0,6000,529.3145,194.34094093449247,2.508930759085229,"[530.705,542.255,527.405,501.44,540.835,522.56,535.77,543.395,519.44,521.54,536.285,547.475,529.985,547.29,494.355,528.49,504.24,524.95,538.76,517.81,545.55,516.415,527.06,524.265,540.29,533.38,541.15,515.805,545.56,534.975]",526.4768670668734,-0.005360958245289979,0.005360958245289979,518.8229323778462,539.8060676221537,0.024692572675211744,fc6ed5692c5e33a9fffe770a3a11e12d0b94dbf5a1eec4c0ae7c81aee87c07d7
26,14,1.06,6000,523.2245,192.21492448805668,2.4814840047825326,"[516.605,527.295,518.38,522.02,522.78,499.975,538.1,514.675,518.675,534.885,522.685,538.69,529.605,542.865,505.72,530.145,528.46,532.635,513.475,516.28,534.63,513.395,510.075,544.96,498.95,532.905,520.18,514.77,558.325,494.595]",520.6803198216488,-0.004862502001246524,0.004862502001246524,512.8477061625482,533.6012938374519,0.024214660206088423,fc6ed5692c5e33a9fffe770a3a11e12d0b94dbf5a1eec4c0ae7c81aee87c07d7
26,14,1.275,6000,504.01666666666665,181.92255227081205,2.3486100508146777,"[517.495,518.64,507.05,507.325,497.96,480.6,522.7,524.205,498.93,513.065,509.975,501.13,493.3,492.215,504.075,501.99,498.11,496.115,495.36,530.76,513.375,490.595,499.84,500.515,492.54,517.835,506.035,497.645,468.91,522.21]",500.5243916783152,-0.006928887910488593,0.006928887910488593,494.19551035258155,513.8378229807518,0.02590979236445823,fc6ed5692c5e33a9fffe770a3a11e12d0b94dbf5a1eec4c0ae7c81aee87c07d7
26,14,1.675,6000,466.936,156.0522816978459,2.0146262938447523,"[454.265,476.755,466.075,459.13,458.36,470.11,455.715,456.215,469.86,477.48,462.47,481.915,444.425,463.24,441.935,470.845,476.845,452.495,473.545,459.465,477.615,486.715,478.045,469.705,471.59,454.745,480.81,462.2,484.675,470.835]",465.71264692451234,-0.00261995878554585,0.00261995878554585,458.51145981741325,475.3605401825867,0.02029594895354292,fc6ed5692c5e33a9fffe770a3a11e12d0b94dbf5a1eec4c0ae7c81aee87c07d7
26,14,1.875,6000,452.2278333333333,145.88154154198537,1.8833226030372494,"[462.2,449.58,453.55,447.995,455.735,438.225,461.79,439.905,466.23,464.005,448.28,453.435,463.005,461.5,440.19,461.365,479.965,458.98,452.385,439.04,421.38,451.09,438.395,447.605,436.145,441.605,448.685,462.385,475.64,446.545]",449.6373551640665,-0.005728259028579953,0.005728259028579953,444.3523643222633,460.1033023444033,0.022746950797807308,fc6ed5692c5e33a9fffe770a3a11e12d0b94dbf5a1eec4c0ae7c81aee87c07d7
26,28,0.325,6000,536.6728333333333,119.39850555664596,1.5414280786098118,"[541.845,535.855,540.94,543.38,537.915,541.225,536.475,535.48,529.045,521.375,527.54,539.77,529.8,556.8,531.215,544.085,542.555,533.945,541.68,531.625,536.33,532.105,535.485,542.42,533.235,537.005,537.5,539.905,527.51,536.14]",539.2592592592592,0.004819371813291469,0.004819371813291469,530.2270608213339,543.1186058453327,0.01703458594499918,fc6ed5692c5e33a9fffe770a3a11e12d0b94dbf5a1eec4c0ae7c81aee87c07d7
26,28,0.525,6000,763.5941666666666,208.3092762978584,2.6892611932070833,"[742.67,785.405,779.205,754.38,752.58,759.035,754.885,737.33,774.86,773.445,804.075,757.85,763.685,738.8,763.835,755.65,763.96,783.685,752.82,764.855,776.305,804.855,782.905,762.32,752.845,729.125,765.885,756.365,738.995,775.215]",766.3157894736843,0.0035642268181518394,0.0035642268181518394,752.3485132902246,774.8398200431087,0.0185649016868219,fc6ed5692c5e33a9fffe770a3a11e12d0b94dbf5a1eec4c0ae7c81aee87c07d7
26,28,0.725,6000,1257.5481666666667,404.39957243095097,5.2207760307949105,"[1248.925,1195.865,1260.165,1299.345,1243.195,1247.395,1274.175,1255.29,1218.585,1237.13,1288.145,1290.975,1255.39,1279.45,1240.95,1258.41,1278.415,1185.115,1240.56,1249.995,1237.65,1312.605,1233.855,1318.04,1261.5,1257.34,1247.25,1225.155,1293.205,1292.37]",1238.2641802230478,-0.015334590717693317,0.015334590717693317,1235.716506080236,1279.3798272530973,0.03213717002114003,fc6ed5692c5e33a9fffe770a3a11e12d0b94dbf5a1eec4c0ae7c81aee87c07d7
26,28,0.94,6000,2084.8191666666667,758.6310934760301,9.79388530315929,"[2219.14,2082.09,2034.645,2103.62,2029.685,2112.665,2067.26,2056.54,2048.285,1991.095,2132.675,2088.515,2089.155,2073.53,2188.325,1993.925,2045.45,2123.115,2097.1,2108.905,2088.9,2084.715,2054.55,2082.44,2071.945,2099.83,2060.545,2059.76,2112.69,2143.48]",2096.568387596001,0.00563560673135957,0.00563560673135957,2043.8641863151252,2125.774147018208,0.02578654767462596,fc6ed5692c5e33a9fffe770a3a11e12d0b94dbf5a1eec4c0ae7c81aee87c07d7
26,28,1.0,6000,2129.5306666666665,786.4353049092405,10.152836129276801,"[2175.115,2069.475,2154.19,2228.21,2109.94,2172.885,2024.185,2163.095,2116.465,2121.415,2127.21,2163.72,2049.645,2174.205,2187.895,2045.375,2101.505,2123.135,2133.665,2181.25,2139.99,2138.34,2096.19,2103.585,2176.17,2071.83,2187.145,2073.84,2183.965,2092.285]",2118.639797501525,-0.005114211002271552,0.005114211002271552,2087.074665670533,2171.9866676628003,0.024561324871611556,fc6ed5692c5e33a9fffe770a3a11e12d0b94dbf5a1eec4c0ae7c81aee87c07d7
26,28,1.06,6000,2104.591,745.8218556905782,9.628518754423736,"[2065.215,2125.36,2100.63,2209.41,2085.975,2124.12,2103.955,2108.71,2122.515,2120.055,2135.155,2224.615,2006.885,2076.59,2048.99,2057.385,2059.795,2098.285,2136.22,2113.21,2142.29,2038.185,2082.145,2103.095,2113.11,2111.0,2170.325,2133.145,2062.23,2059.13]",2071.700939477803,-0.01562776830376877,0.01562776830376877,2064.3275310910194,2144.8544689089804,0.03410652353881538,fc6ed5692c5e33a9fffe770a3a11e12d0b94dbf5a1eec4c0ae7c81aee87c07d7
26,28,1.275,6000,1914.7426666666668,642.270152353605,8.291672012772041,"[1962.2,1924.49,1864.12,1903.885,1862.96,1934.865,1838.975,1892.52,1992.665,1960.15,1887.745,1929.305,1913.36,1927.575,1922.055,1920.25,1840.8,1890.975,1951.085,1893.205,1953.885,1943.325,1937.78,1854.445,1927.005,1894.83,1889.865,1983.58,1906.825,1937.555]",1915.8317198456596,0.0005687726073857788,0.0005687726073857788,1880.0694747869372,1949.4158585463963,0.01902176783268872,fc6ed5692c5e33a9fffe770a3a11e12d0b94dbf5a1eec4c0ae7c81aee87c07d7
26,28,1.675,6000,1676.8123333333333,495.4828769272559,6.396656435567338,"[1711.505,1707.695,1700.4,1705.035,1659.005,1667.17,1672.37,1668.38,1689.33,1678.57,1688.26,1676.975,1697.615,1605.9,1709.095,1678.695,1652.28,1727.64,1680.32,1705.7,1630.335,1644.04,1648.975,1706.88,1703.265,1617.885,1622.95,1667.97,1714.8,1665.33]",1673.4118361633548,-0.0020279533388322967,0.0020279533388322967,1650.0635068436343,1703.5611598230323,0.017697822872886793,fc6ed5692c5e33a9fffe770a3a11e12d0b94dbf5a1eec4c0ae7c81aee87c07d7
26,28,1.875,6000,1578.6025,446.71763818822,5.767099910533622,"[1590.505,1530.795,1581.235,1503.865,1563.885,1614.585,1545.465,1568.405,1548.245,1623.245,1626.985,1566.08,1594.505,1564.025,1585.495,1517.885,1608.365,1618.495,1584.3,1541.045,1577.995,1579.995,1561.595,1641.435,1603.295,1574.23,1575.77,1557.09,1583.33,1625.93]",1572.3929977853913,-0.003933543887462879,0.003933543887462879,1554.4862829716985,1602.7187170283014,0.018921423279525174,fc6ed5692c5e33a9fffe770a3a11e12d0b94dbf5a1eec4c0ae7c81aee87c07d7
26,56,0.325,6000,1081.4936666666667,171.9544736746474,2.2199227094925704,"[1089.84,1072.97,1092.485,1066.805,1097.47,1098.31,1097.12,1087.64,1056.215,1072.22,1063.56,1079.05,1083.37,1092.8,1073.725,1080.55,1082.505,1100.14,1101.255,1078.08,1068.975,1091.285,1084.97,1098.06,1071.1,1052.825,1066.59,1080.44,1065.455,1099.0]",1060.0656565014574,-0.019813347803740576,0.019813347803740576,1072.210640764793,1090.7766925685405,0.02815520012145234,fc6ed5692c5e33a9fffe770a3a11e12d0b94dbf5a1eec4c0ae7c81aee87c07d7
26,56,0.525,6000,1532.545,293.82768151770694,3.793299057242719,"[1529.385,1544.685,1528.585,1535.62,1556.28,1557.52,1540.605,1521.285,1535.145,1550.675,1504.78,1550.22,1514.435,1520.095,1541.255,1527.835,1551.86,1477.83,1496.76,1549.69,1491.63,1522.145,1543.34,1527.45,1540.82,1569.87,1532.78,1548.36,1515.15,1550.26]",1530.9686931697504,-0.00102855500507305,0.00102855500507305,1516.6826038673046,1548.4073961326956,0.011262348014159596,fc6ed5692c5e33a9fffe770a3a11e12d0b94dbf5a1eec4c0ae7c81aee87c07d7
26,56,0.725,6000,2646.929833333333,667.98047044415,8.623590792073296,"[2701.695,2655.995,2598.44,2706.5,2566.535,2665.355,2662.985,2670.76,2642.585,2660.49,2645.445,2595.13,2639.09,2668.88,2651.55,2771.905,2652.895,2668.495,2620.675,2621.855,2616.09,2579.58,2679.735,2577.94,2690.115,2537.23,2634.64,2653.88,2714.44,2656.985]",2647.272727272727,0.00012954402306995634,0.00012954402306995634,2610.868660416067,2682.991006250599,0.01394327773303572,fc6ed5692c5e33a9fffe770a3a11e12d0b94dbf5a1eec4c0ae7c81aee87c07d7
26,56,0.94,6000,7607.800666666667,2652.447634357442,34.242951715178776,"[7526.735,7850.55,7722.855,7526.945,7765.665,7820.63,7773.205,7386.345,7543.985,7659.895,7675.545,7624.795,7682.35,7464.015,7852.09,7436.285,7236.715,7572.5,7585.195,7653.43,7785.465,7668.8,7386.485,7684.77,7477.825,7412.5,7596.695,7518.89,7602.005,7740.855]",7562.123092240854,-0.006004044588858352,0.006004044588858352,7464.607299451968,7750.994033881366,0.024367318670987737,fc6ed5692c5e33a9fffe770a3a11e12d0b94dbf5a1eec4c0ae7c81aee87c07d7
26,56,1.0,6000,8469.622,3178.679234377361,41.03657245892954,"[8889.58,7995.225,8854.265,8268.39,8217.67,8449.06,9002.455,8122.655,8202.17,8400.13,8250.075,8417.53,8509.84,8877.46,8004.55,8444.455,8373.18,8649.0,8909.165,8392.39,8524.0,8552.95,8668.32,8320.885,8694.115,8158.715,8173.34,8654.98,8658.54,8453.57]",8500.023848474166,0.0035895165656940065,0.0035895165656940065,8298.019825099305,8641.224174900693,0.024343641932964788,fc6ed5692c5e33a9fffe770a3a11e12d0b94dbf5a1eec4c0ae7c81aee87c07d7
26,56,1.06,6000,8201.530833333334,2917.363082352798,37.66299544264241,"[8334.245,8209.64,8732.265,7955.105,8188.57,8266.815,8378.665,7724.645,8296.945,8106.38,8110.225,8221.11,8306.33,8259.155,7796.785,7815.02,8198.32,8090.59,7890.715,8248.025,8398.91,8378.65,7827.79,8149.255,8266.79,8541.03,8008.71,8433.13,8415.415,8496.695]",8121.709540572758,-0.009732487066458392,0.009732487066458392,8044.035907613094,8359.025759053573,0.02839041597925218,fc6ed5692c5e33a9fffe770a3a11e12d0b94dbf5a1eec4c0ae7c81aee87c07d7
26,56,1.275,6000,7000.6945,2154.6426653482413,27.816317199738997,"[6819.66,7271.52,7210.685,6799.555,7181.88,6776.735,7193.845,7357.065,6930.995,6893.26,7084.97,6917.335,6808.145,7047.12,6747.665,6935.245,7167.55,6801.03,6999.38,6841.55,7091.83,7076.41,7098.77,6786.085,7203.13,6988.035,6880.945,7258.46,7016.2,6835.78]",6988.384721905957,-0.0017583652727657928,0.0017583652727657928,6884.375318275453,7117.013681724547,0.018073445629153362,fc6ed5692c5e33a9fffe770a3a11e12d0b94dbf5a1eec4c0ae7c81aee87c07d7
26,56,1.675,6000,5566.184,1443.2546205690685,18.63233703266969,"[5631.21,5561.78,5535.98,5572.375,5673.385,5588.155,5690.035,5681.815,5483.735,5602.005,5707.9,5267.84,5441.935,5429.835,5510.775,5628.215,5605.92,5454.755,5546.475,5575.155,5644.345,5542.585,5557.87,5495.58,5494.6,5561.345,5615.395,5563.495,5627.97,5693.055]",5548.551978493953,-0.003167703673835942,0.003167703673835942,5488.269365158389,5644.098634841612,0.016928594365420713,fc6ed5692c5e33a9fffe770a3a11e12d0b94dbf5a1eec4c0ae7c81aee87c07d7
26,56,1.875,6000,5079.535166666667,1233.256480496962,15.921272701890354,"[5010.335,4978.515,5093.725,4889.855,5088.405,5060.045,5005.61,5153.26,5171.0,5080.575,5055.665,5119.175,5058.94,5144.325,5075.615,5029.64,5030.22,5034.895,5258.74,4943.02,5178.44,5217.905,5039.62,5041.26,5171.84,5157.62,5023.15,5052.47,5026.135,5196.055]",5043.002656828634,-0.007192097040250692,0.007192097040250692,5012.9573591374,5146.112974195933,0.020036543675648666,fc6ed5692c5e33a9fffe770a3a11e12d0b94dbf5a1eec4c0ae7c81aee87c07d7
26,112,0.325,6000,2152.679166666667,244.69582186906854,3.1590094766181305,"[2150.205,2115.925,2161.86,2127.49,2177.89,2165.49,2170.62,2142.995,2153.405,2125.62,2153.05,2137.415,2140.72,2124.905,2133.87,2147.145,2146.05,2156.41,2158.74,2146.9,2163.235,2186.71,2186.265,2173.28,2147.87,2160.435,2135.855,2177.915,2176.14,2135.965]",2131.4587877400036,-0.009857659820028862,0.009857659820028862,2139.4691721608606,2165.889161172473,0.0158966460748301,fc6ed5692c5e33a9fffe770a3a11e12d0b94dbf5a1eec4c0ae7c81aee87c07d7
26,112,0.525,6000,3076.7001666666665,418.29214430383854,5.400128362460521,"[3051.81,3006.13,3038.36,3125.315,3038.925,3085.84,3108.8,3095.345,3090.075,3071.165,3079.13,3119.54,3044.85,3001.405,3100.545,3076.26,3054.99,3075.645,3109.78,3054.51,3093.455,3134.03,3061.515,3111.7,3084.685,3037.83,3119.275,3097.66,3073.075,3059.36]",3053.2754233418177,-0.007613593153676541,0.007613593153676541,3054.1185104460214,3099.2818228873116,0.014844213006300233,fc6ed5692c5e33a9fffe770a3a11e12d0b94dbf5a1eec4c0ae7c81aee87c07d7
26,112,0.725,6000,5306.261,945.5506063685154,12.207005838205284,"[5145.085,5377.755,5383.425,5262.045,5305.78,5265.22,5224.96,5339.01,5309.66,5331.93,5231.385,5229.84,5300.135,5405.25,5258.87,5335.48,5362.695,5346.43,5301.85,5350.34,5301.235,5253.16,5303.59,5322.535,5298.54,5293.055,5189.58,5379.39,5440.08,5339.52]",5294.545454545454,-0.0022078720693434364,0.0022078720693434364,5255.215100565832,5357.306899434169,0.011715110981479149,fc6ed5692c5e33a9fffe770a3a11e12d0b94dbf5a1eec4c0ae7c81aee87c07d7
26,112,0.94,6000,22233.7,7378.789375575657,95.25976122258915,"[22047.79,22301.695,23193.17,22359.305,22124.625,22260.585,21914.97,21740.105,22909.815,22236.15,22309.18,23031.09,22495.26,22493.33,22641.235,23062.78,22202.035,22841.495,21818.315,22224.415,21818.15,21805.015,21202.45,22562.32,22098.405,21782.91,21104.135,21754.515,21837.935,22837.82]",21719.095720279918,-0.023145238071939557,0.023145238071939557,21835.353324661137,22632.046675338865,0.04033885967784556,fc6ed5692c5e33a9fffe770a3a11e12d0b94dbf5a1eec4c0ae7c81aee87c07d7
26,112,1.0,6000,33978.9225,12399.599682336822,160.07814356443097,"[34579.68,33401.51,34054.0,34872.56,34107.115,33540.61,33316.23,33843.34,33298.915,34442.08,33089.265,34355.34,35244.265,32767.71,35167.98,34481.185,33645.875,33849.285,34891.795,34388.98,33590.385,34896.48,34002.295,33692.265,32837.095,32591.7,33534.265,34553.715,35180.07,33151.685]",34051.02471083279,0.0021219687243699045,0.0021219687243699045,33309.52552204298,34648.31947795702,0.02226087514513253,fc6ed5692c5e33a9fffe770a3a11e12d0b94dbf5a1eec4c0ae7c81aee87c07d7
26,112,1.06,6000,31302.252333333334,10594.282013829881,136.77159268195967,"[30484.365,31925.07,31503.6,32132.1,31640.425,32110.87,31585.565,31046.07,29813.79,32157.085,31183.13,31039.46,31485.815,31097.875,30638.245,30317.515,32228.68,30395.57,30983.085,31613.38,31468.69,30470.69,31187.15,30753.07,31677.06,31882.065,31344.285,31559.905,31241.855,32101.105]",31059.16758365124,-0.007765727114251003,0.007765727114251003,30730.3160978608,31874.18856880587,0.02556993673408392,fc6ed5692c5e33a9fffe770a3a11e12d0b94dbf5a1eec4c0ae7c81aee87c07d7
26,112,1.275,6000,23703.410333333333,6559.987475184104,84.68907414239092,"[22985.42,23496.59,23379.315,24326.55,23744.755,24203.345,23598.51,23764.27,23808.105,23226.83,24333.91,24233.735,23679.34,23692.94,23130.08,24113.72,22539.98,23670.62,23488.375,24065.235,23652.555,23891.76,24431.99,24534.45,23620.43,22877.66,23626.57,23248.5,24148.22,23588.55]",23737.969585978924,0.0014579865158471158,0.0014579865158471158,23349.266981626628,24057.55368504004,0.01664731508094719,fc6ed5692c5e33a9fffe770a3a11e12d0b94dbf5a1eec4c0ae7c81aee87c07d7
26,112,1.675,6000,16837.8155,3642.1083908520445,47.01941714284087,"[17405.41,16771.73,16940.92,16774.2,16834.465,16350.225,16914.91,16967.59,17142.45,16664.52,16599.545,16879.48,16681.905,16824.215,17058.66,17077.065,16844.13,16839.255,16846.525,16739.28,16902.43,16532.875,16778.985,16700.095,16809.565,16829.865,17040.79,16851.585,16762.62,16769.175]",16901.55101262729,0.003785260185757986,0.003785260185757986,16641.19493057136,17034.43606942864,0.015645275663325853,fc6ed5692c5e33a9fffe770a3a11e12d0b94dbf5a1eec4c0ae7c81aee87c07d7
26,112,1.875,6000,14917.848,2904.446234577415,37.49623965491056,"[14881.3,14634.615,15041.84,14932.93,14774.535,15165.285,14937.835,14954.415,14962.88,15276.47,14827.945,14833.07,15003.885,14843.245,14464.6,14933.22,14850.73,14965.205,14980.7,15153.28,14715.69,15179.425,14912.6,14581.685,15081.655,14760.105,14930.065,14905.29,15089.14,14961.8]",14923.735750719841,0.0003946782887076795,0.0003946782887076795,14761.050395087455,15074.645604912545,0.01102125873688009,fc6ed5692c5e33a9fffe770a3a11e12d0b94dbf5a1eec4c0ae7c81aee87c07d7
27,14,0.325,6000,273.33566666666667,84.20039753892598,1.0870224580410144,"[281.68,273.91,269.96,271.11,272.55,275.365,278.22,266.085,282.035,260.655,276.92,280.27,274.865,267.08,267.055,274.17,275.855,267.215,277.5,275.46,274.195,267.64,275.975,275.29,268.45,265.385,282.915,270.685,275.59,275.985]",276.0014626230197,0.0097528287795824,0.0097528287795824,268.790077042864,277.8812562904693,0.026829061770035745,fc6ed5692c5e33a9fffe770a3a11e12d0b94dbf5a1eec4c0ae7c81aee87c07d7
27,14,0.525,6000,361.493,119.18894083877795,1.538722609735627,"[359.79,358.195,362.555,365.91,362.91,357.705,360.24,362.78,353.54,364.53,375.49,363.995,366.88,357.42,366.84,368.81,362.345,358.78,361.455,368.77,357.84,353.23,349.88,369.455,361.255,363.945,338.845,356.18,367.455,367.765]",359.0979673832267,-0.0066253914094416165,0.0066253914094416165,355.05854091685484,367.92745908314515,0.023997914485428873,fc6ed5692c5e33a9fffe770a3a11e12d0b94dbf5a1eec4c0ae7c81aee87c07d7
27,14,0.725,6000,467.0523333333333,159.98083605817666,2.065343712552191,"[465.085,476.765,450.93,463.68,447.905,474.99,476.15,472.88,478.79,459.225,476.71,478.975,467.53,467.94,461.25,473.465,472.02,459.34,467.44,456.87,480.38,466.115,468.125,459.65,493.92,451.06,456.2,465.39,455.04,467.75]",466.18235891723265,-0.0018626915101605187,0.0018626915101605187,458.4157086896417,475.6889579770249,0.019984905893593252,fc6ed5692c5e33a9fffe770a3a11e12d0b94dbf5a1eec4c0ae7c81aee87c07d7
27,14,0.94,6000,532.5826666666667,192.68260931095307,2.4875217898837048,"[535.95,544.795,539.82,523.08,542.095,528.175,539.23,525.325,555.295,516.16,547.455,525.015,496.38,520.45,529.165,539.665,524.53,531.28,573.24,518.07,531.925,532.135,551.4,529.51,552.84,540.175,521.285,523.655,515.675,523.705]",536.1414565548046,0.006682136146885267,0.006682136146885267,522.1806246909601,542.9847086423732,0.026735637447495852,fc6ed5692c5e33a9fffe770a3a11e12d0b94dbf5a1eec4c0ae7c81aee87c07d7
27,14,1.0,6000,542.1143333333333,195.29023095623612,2.521186040568342,"[532.91,545.565,550.63,506.165,540.135,551.3,568.47,543.19,539.87,546.835,549.65,545.37,521.085,546.335,544.305,530.44,526.725,567.465,567.215,534.105,548.445,562.9,539.4,527.1,525.13,541.785,560.625,530.655,542.57,527.055]",539.5044817615491,-0.004814208758762907,0.004814208758762907,531.5715179380223,552.6571487286443,0.02379896287843586,fc6ed5692c5e33a9fffe770a3a11e12d0b94dbf5a1eec4c0ae7c81aee87c07d7
27,14,1.06,6000,543.1553333333334,199.8140681113105,2.5795885271102,"[562.89,528.615,535.94,538.545,554.06,558.83,522.685,528.4,549.64,560.46,559.88,529.965,536.255,532.455,543.375,547.75,540.465,531.855,544.47,573.125,556.28,556.845,535.43,536.445,549.64,544.485,549.33,527.885,521.945,536.715]",533.8280231508272,-0.017172454379237406,0.017172454379237406,532.3682969149285,553.9423697517383,0.036311262144337775,fc6ed5692c5e33a9fffe770a3a11e12d0b94dbf5a1eec4c0ae7c81aee87c07d7
27,14,1.275,6000,515.9333333333333,182.8885359765728,2.3610808468317415,"[532.71,522.49,520.535,527.545,521.63,511.945,520.025,501.38,506.86,523.305,514.805,528.165,507.69,518.805,525.77,519.46,500.385,517.21,494.735,521.63,517.075,507.2,510.175,525.785,507.34,511.96,530.415,517.5,505.085,508.385]",514.0742960298779,-0.003603251008118657,0.003603251008118657,506.060028031381,525.8066386352856,0.022313036282422316,fc6ed5692c5e33a9fffe770a3a11e12d0b94dbf5a1eec4c0ae7c81aee87c07d7
27,14,1.675,6000,479.77233333333334,159.61925808774131,2.060675761026019,"[489.145,488.08,484.455,488.13,484.375,471.28,498.095,493.795,499.61,495.08,482.36,486.355,459.875,479.085,462.55,473.525,479.365,470.455,480.775,456.045,477.36,463.18,487.41,479.815,473.58,487.62,474.56,493.265,477.055,456.89]",479.86729609027935,0.0001979329576723216,0.0001979329576723216,471.1552286101961,488.38943805647057,0.018490864477471503,fc6ed5692c5e33a9fffe770a3a11e12d0b94dbf5a1eec4c0ae7c81aee87c07d7
27,14,1.875,6000,465.6383333333333,150.60771553238965,1.944337246890964,"[474.115,489.23,459.025,478.235,474.745,461.315,457.93,463.14,459.865,475.16,450.36,468.57,476.835,445.555,458.425,454.065,465.015,465.525,481.75,484.72,456.625,443.81,471.885,474.075,493.62,450.66,464.88,448.34,472.65,449.025]",464.01852030517273,-0.003478693467019667,0.003478693467019667,457.50772007022897,473.7689465964377,0.020580551683077042,fc6ed5692c5e33a9fffe770a3a11e12d0b94dbf5a1eec4c0ae7c81aee87c07d7
27,28,0.325,6000,560.937,127.07402041898351,1.6405185493944812,"[564.45,545.47,553.77,565.015,568.085,558.095,566.56,563.19,574.475,557.185,561.895,575.765,571.9,548.205,545.4,550.825,565.37,567.075,568.86,552.755,553.84,567.315,556.275,564.605,563.41,574.395,546.87,564.07,554.695,558.29]",560.0,-0.001670419316251222,0.001670419316251222,554.0768619774404,567.7971380225596,0.013732260169035504,fc6ed5692c5e33a9fffe770a3a11e12d0b94dbf5a1eec4c0ae7c81aee87c07d7
27,28,0.525,6000,796.3743333333333,215.81319027515056,2.7861363060918354,"[790.47,814.32,793.51,789.57,794.82,807.87,790.655,767.485,795.24,800.435,801.265,789.815,796.965,787.315,793.66,785.725,796.045,794.44,824.175,774.64,792.32,821.39,805.715,793.37,773.805,822.525,796.605,788.875,789.67,818.535]",795.7894736842105,-0.0007344029367129163,0.0007344029367129163,784.72357838362,808.0250882830467,0.015142617198725006,fc6ed5692c5e33a9fffe770a3a11e12d0b94dbf5a1eec4c0ae7c81aee87c07d7
27,28,0.725,6000,1301.2285,412.0911624168942,5.320074030532957,"[1360.165,1312.425,1306.155,1281.575,1272.595,1298.345,1273.67,1319.375,1314.925,1324.22,1290.815,1336.56,1340.595,1290.735,1324.98,1271.575,1321.835,1302.96,1252.89,1370.165,1291.985,1284.005,1292.175,1270.975,1289.635,1257.25,1295.57,1290.24,1258.75,1339.71]",1282.5247577928324,-0.01437391065993988,0.01437391065993988,1278.981606081512,1323.475393918488,0.03094174346861922,fc6ed5692c5e33a9fffe770a3a11e12d0b94dbf5a1eec4c0ae7c81aee87c07d7
27,28,0.94,6000,2140.5625,776.9379770593764,10.030226153956816,"[1964.88,2167.22,2018.15,2144.085,2198.185,1997.96,2062.5,2144.035,2083.77,2293.495,2188.24,2113.19,2114.28,2077.905,2211.925,2177.33,2140.9,2184.125,2231.525,2148.12,2102.415,2096.86,2131.95,2104.615,2217.49,2156.05,2201.8,2157.005,2240.965,2145.905]",2151.1211693602722,0.004932661092713823,0.004932661092713823,2098.619215762813,2182.505784237187,0.025017379619473035,fc6ed5692c5e33a9fffe770a3a11e12d0b94dbf5a1eec4c0ae7c81aee87c07d7
27,28,1.0,6000,2177.7105,790.4715482342452,10.204943806540083,"[2219.705,2101.195,2098.895,2234.995,2175.695,2120.325,2201.39,2226.98,2161.61,2138.515,2216.25,2175.045,2097.44,2136.99,2184.965,2163.89,2205.205,2204.48,2182.855,2146.36,2181.36,2127.87,2175.355,2173.48,2281.22,2191.88,2152.105,2196.445,2205.84,2252.975]",2171.349713729099,-0.0029208594397193365,0.0029208594397193365,2135.0366009141476,2220.3843990858527,0.022083872223630063,fc6ed5692c5e33a9fffe770a3a11e12d0b94dbf5a1eec4c0ae7c81aee87c07d7
27,28,1.06,6000,2155.178,779.5209482757984,10.063572168973268,"[2126.72,2139.335,2243.94,2206.58,2124.685,2134.445,2197.56,2161.425,2156.255,2129.87,2095.04,2243.925,2051.21,2036.135,2206.41,2267.155,2212.58,2143.395,2077.985,2156.735,2131.57,2191.015,2211.965,2157.29,2112.01,2063.715,2169.59,2173.42,2145.515,2187.865]",2125.3928854350706,-0.013820257336020155,0.013820257336020155,2113.0952731057337,2197.260726894266,0.032707926091582906,fc6ed5692c5e33a9fffe770a3a11e12d0b94dbf5a1eec4c0ae7c81aee87c07d7
27,28,1.275,6000,1976.2798333333333,665.4796869393738,8.591305815851733,"[1987.705,1969.465,1969.47,1954.6,1986.62,1967.98,2058.83,1962.44,1972.355,1957.395,2004.04,1980.265,2005.965,1985.35,2022.51,1942.62,1910.975,1969.11,1987.815,1973.805,1958.1,2018.115,1924.54,1997.12,1984.275,1913.91,1952.565,1984.155,1930.37,2055.93]",1972.3844779053863,-0.0019710545856133858,0.0019710545856133858,1940.3536661391156,2012.206000527551,0.01978998303937285,fc6ed5692c5e33a9fffe770a3a11e12d0b94dbf5a1eec4c0ae7c81aee87c07d7
27,28,1.675,6000,1728.8515,518.7386465375912,6.696887130247555,"[1702.18,1735.9,1743.975,1721.83,1712.68,1695.78,1737.94,1742.95,1805.8,1698.61,1743.27,1661.905,1745.77,1781.415,1709.225,1734.36,1797.675,1684.88,1719.875,1705.85,1700.57,1693.555,1721.885,1730.095,1770.385,1749.975,1723.48,1785.135,1647.64,1760.955]",1732.7100422058734,0.002231852883763233,0.002231852883763233,1700.8472021809,1756.8557978191,0.018733511149101156,fc6ed5692c5e33a9fffe770a3a11e12d0b94dbf5a1eec4c0ae7c81aee87c07d7
27,28,1.875,6000,1631.9966666666667,468.49559586273523,6.048252135159647,"[1671.545,1612.755,1663.775,1603.235,1610.585,1626.285,1645.355,1642.485,1648.695,1646.545,1576.54,1598.51,1661.13,1669.13,1600.69,1604.5,1650.595,1609.63,1698.575,1602.47,1617.075,1617.375,1658.625,1664.745,1617.685,1611.685,1611.885,1659.875,1624.85,1633.07]",1632.058662224353,3.798755166141643e-05,3.798755166141643e-05,1606.7047585332593,1657.288574800074,0.015780063858302773,fc6ed5692c5e33a9fffe770a3a11e12d0b94dbf5a1eec4c0ae7c81aee87c07d7
27,56,0.325,6000,1119.3625,180.75048238726927,2.3334786936828364,"[1104.68,1101.915,1122.225,1125.025,1114.025,1123.35,1139.43,1142.335,1133.96,1104.76,1118.225,1128.605,1108.175,1108.245,1116.04,1100.145,1122.74,1149.51,1135.675,1101.285,1123.65,1114.11,1104.16,1109.735,1117.58,1108.725,1125.845,1122.66,1130.125,1123.935]",1100.8907718661726,-0.01650200728881605,0.01650200728881605,1109.6046183123624,1129.1203816876375,0.025001417279592042,fc6ed5692c5e33a9fffe770a3a11e12d0b94dbf5a1eec4c0ae7c81aee87c07d7
27,56,0.525,6000,1588.3875,305.47728568983445,3.94369480040458,"[1539.05,1573.14,1603.5,1600.055,1592.8,1592.92,1627.415,1584.51,1602.425,1601.37,1578.65,1603.48,1580.54,1561.755,1599.975,1573.115,1579.55,1588.745,1591.795,1567.245,1594.715,1592.58,1561.35,1568.31,1599.6,1591.43,1605.06,1602.39,1587.665,1606.49]",1590.3254227491732,0.0012200566607160658,0.0012200566607160658,1571.8961956745404,1604.8788043254597,0.011724201079782004,fc6ed5692c5e33a9fffe770a3a11e12d0b94dbf5a1eec4c0ae7c81aee87c07d7
27,56,0.725,6000,2751.5958333333333,693.3982230041045,8.95173256661571,"[2696.84,2802.325,2792.015,2753.31,2823.875,2743.215,2836.18,2747.425,2707.74,2771.765,2825.025,2732.405,2745.275,2683.17,2813.785,2735.425,2766.88,2707.945,2767.915,2777.05,2671.66,2778.77,2784.34,2753.53,2700.885,2709.855,2819.07,2717.715,2713.74,2668.745]",2749.090909090909,-0.0009103532619431917,0.0009103532619431917,2714.162473636979,2789.0291930296876,0.014319779813919409,fc6ed5692c5e33a9fffe770a3a11e12d0b94dbf5a1eec4c0ae7c81aee87c07d7
27,56,0.94,6000,7833.821833333333,2720.881198160942,35.12642522495403,"[7545.56,7695.08,8040.105,7889.51,7905.33,7693.695,7896.245,7868.06,7415.28,7629.715,7569.765,7888.3,7756.21,7872.13,7776.395,7895.32,7720.44,8146.415,7850.89,7592.52,7976.685,8144.625,8192.31,7838.305,8060.32,7702.4,7849.71,7985.355,7629.69,7988.29]",7786.249095439208,-0.006072736769644289,0.006072736769644289,7686.934054849362,7980.709611817305,0.024366319016313143,fc6ed5692c5e33a9fffe770a3a11e12d0b94dbf5a1eec4c0ae7c81aee87c07d7
27,56,1.0,6000,8735.853166666666,3137.253271088336,40.501765572532896,"[8833.615,8534.4,8610.655,8838.405,9017.04,8508.885,8762.97,8389.405,8379.265,9138.485,9010.41,9117.91,9154.325,8815.98,9042.785,8442.925,8927.105,8775.735,8740.195,8606.015,8418.555,8324.995,8756.11,8702.65,8382.455,8479.12,8761.755,8942.43,8580.05,9080.965]",8712.062428282203,-0.002723344581298741,0.002723344581298741,8566.487387725927,8905.218945607405,0.021690260341154066,fc6ed5692c5e33a9fffe770a3a11e12d0b94dbf5a1eec4c0ae7c81aee87c07d7
27,56,1.06,6000,8344.5425,2907.504070936818,37.53571615256188,"[8440.325,8446.85,8394.075,8515.7,8708.69,8382.225,8476.395,8401.51,8237.135,8219.615,8344.72,7961.175,8509.0,8298.43,8784.015,8296.235,8488.91,8269.38,8353.52,8304.865,8381.375,8743.715,7966.905,7838.64,8588.335,7812.565,8215.055,8157.43,8452.33,8347.155]",8341.592170775702,-0.00035356392807599614,0.00035356392807599614,8187.579816659883,8501.505183340116,0.018810485829089396,fc6ed5692c5e33a9fffe770a3a11e12d0b94dbf5a1eec4c0ae7c81aee87c07d7
27,56,1.275,6000,7192.693666666667,2208.801007894396,28.51549839553718,"[7353.07,7497.725,7353.94,7361.555,7363.215,7340.88,7203.34,7162.97,7272.465,6854.025,7125.33,6988.51,6978.085,7301.34,7169.6,7343.425,7183.48,7057.17,7312.485,7166.965,7069.64,7559.095,7075.095,7136.97,7180.81,6962.98,7095.325,7120.09,7193.615,6997.615]",7224.238015366817,0.004385609920569437,0.004385609920569437,7073.450726775701,7311.936606557633,0.021317359011257198,fc6ed5692c5e33a9fffe770a3a11e12d0b94dbf5a1eec4c0ae7c81aee87c07d7
27,56,1.675,6000,5775.801333333334,1522.5891154435922,19.656540957432384,"[5802.795,5952.295,5795.375,5908.395,5828.02,5745.865,5745.475,5646.015,5893.015,5794.515,5661.855,5861.03,5825.32,5782.76,5702.35,5838.32,5699.01,5784.13,5664.21,5779.835,5714.285,5729.065,5854.53,5797.35,5624.0,5591.83,5776.59,5955.67,5799.27,5720.865]",5783.971899105338,0.0014146202925730844,0.0014146202925730844,5693.603796424133,5857.998870242534,0.015871863570478872,fc6ed5692c5e33a9fffe770a3a11e12d0b94dbf5a1eec4c0ae7c81aee87c07d7
27,56,1.875,6000,5312.664833333333,1284.86694162194,16.587560889980768,"[5348.365,5363.265,5364.545,5322.465,5251.81,5179.14,5352.93,5017.905,5423.96,5343.875,5319.445,5424.09,5353.705,5323.87,5325.56,5303.685,5408.09,5316.65,5357.575,5450.245,5211.42,5439.56,5308.665,5229.03,5343.8,5261.065,5282.41,5239.015,5247.48,5266.325]",5271.779623834202,-0.007695800654053112,0.007695800654053112,5243.300815959144,5382.028850707523,0.02048469637222916,fc6ed5692c5e33a9fffe770a3a11e12d0b94dbf5a1eec4c0ae7c81aee87c07d7
27,112,0.325,6000,2240.484,252.34927072691545,3.2578150765097678,"[2257.77,2211.075,2257.82,2278.055,2214.375,2252.395,2226.685,2198.41,2246.805,2246.395,2253.665,2257.61,2258.5,2248.825,2247.67,2245.415,2225.42,2271.855,2227.625,2234.34,2246.255,2249.985,2245.265,2232.655,2225.84,2227.79,2223.135,2238.435,2222.35,2242.1]",2212.3488527739787,-0.01255762024010045,0.01255762024010045,2226.8608312250526,2254.1071687749472,0.018525435072221152,fc6ed5692c5e33a9fffe770a3a11e12d0b94dbf5a1eec4c0ae7c81aee87c07d7
27,112,0.525,6000,3172.1413333333335,431.14814640165145,5.5660986358726445,"[3219.755,3178.87,3188.595,3142.14,3198.02,3134.765,3178.98,3179.09,3159.185,3148.55,3161.385,3177.035,3203.92,3137.13,3129.985,3200.8,3183.06,3183.555,3149.48,3167.685,3242.925,3127.23,3200.86,3120.07,3131.765,3151.545,3159.735,3217.57,3154.05,3236.505]",3169.688737931023,-0.0007731671273717843,0.0007731671273717843,3148.8656410814165,3195.4170255852505,0.008051621258892028,fc6ed5692c5e33a9fffe770a3a11e12d0b94dbf5a1eec4c0ae7c81aee87c07d7
27,112,0.725,6000,5492.769166666667,977.3399126029627,12.617404016983624,"[5470.29,5384.735,5466.87,5552.3,5516.72,5399.35,5488.58,5554.455,5513.37,5523.215,5498.13,5605.62,5400.93,5659.575,5522.33,5561.79,5413.15,5486.515,5384.01,5473.505,5445.16,5498.27,5497.645,5453.345,5526.935,5561.265,5538.82,5483.04,5452.615,5450.54]",5498.181818181818,0.000985413978071064,0.000985413978071064,5440.007109770173,5545.531223563161,0.01069386624645463,fc6ed5692c5e33a9fffe770a3a11e12d0b94dbf5a1eec4c0ae7c81aee87c07d7
27,112,0.94,6000,23258.300666666666,7598.874244950014,98.10104466871955,"[23028.545,23018.97,23166.61,23322.935,22825.32,22462.625,23615.445,22776.79,23185.03,23320.775,23186.075,22568.25,23254.71,22763.555,23234.47,24089.245,23914.415,23552.505,24432.79,22254.195,23097.715,23831.575,23283.31,22639.225,23481.85,23173.135,23381.855,24700.005,22546.89,23640.205]",22471.568899753118,-0.03382584902434753,0.03382584902434753,22848.072628200964,23668.52870513237,0.0505717875534738,fc6ed5692c5e33a9fffe770a3a11e12d0b94dbf5a1eec4c0ae7c81aee87c07d7
27,112,1.0,6000,35015.25683333333,12671.492239819296,163.5882613880555,"[34152.79,33853.925,34629.16,34371.725,34500.105,35116.965,34584.575,34532.69,35877.745,34943.42,35482.065,35836.24,33777.295,35502.14,34939.915,34963.855,35747.805,35233.915,35771.04,34769.955,36985.56,35928.035,34715.17,34179.29,34571.665,33378.43,36518.67,35001.445,34183.485,36408.63]",34901.57685986042,-0.003246584025186826,0.003246584025186826,34331.18163503287,35699.33203163379,0.022346501359366333,fc6ed5692c5e33a9fffe770a3a11e12d0b94dbf5a1eec4c0ae7c81aee87c07d7
27,112,1.06,6000,32229.65233333333,10725.069909448375,138.46005715401282,"[32626.83,32093.12,32789.69,30842.8,31646.265,32802.175,33367.355,32050.895,32226.465,31619.825,32604.365,30663.405,31075.795,32922.895,32193.86,30996.495,31397.745,32819.935,32222.955,31903.345,33443.44,32271.8,33040.055,32413.125,31844.735,31849.435,31972.285,33100.475,33607.57,32480.435]",31967.726640220328,-0.00812685443839271,0.00812685443839271,31650.655464911084,32808.64920175558,0.02563112416985014,fc6ed5692c5e33a9fffe770a3a11e12d0b94dbf5a1eec4c0ae7c81aee87c07d7
27,112,1.275,6000,24746.8595,6685.990145754873,86.3157616247184,"[24631.1,25000.275,24991.98,24817.405,24847.135,24410.605,25066.43,24931.57,24578.035,24522.445,24942.425,24832.2,25113.92,25165.83,24674.525,24160.845,24625.38,24547.88,24632.545,24541.125,24528.305,24663.155,25172.515,24831.25,25703.775,24849.8,24784.895,24785.54,23983.23,24069.665]",24687.831394957924,-0.00238527660619217,0.00238527660619217,24385.9138474888,25107.8051525112,0.01672682080342136,fc6ed5692c5e33a9fffe770a3a11e12d0b94dbf5a1eec4c0ae7c81aee87c07d7
27,112,1.675,6000,17731.048666666666,3851.469058850588,49.722251744538276,"[17789.25,18004.935,17953.715,17498.28,16961.255,17649.46,17623.785,17720.38,18091.21,17995.32,17985.3,17592.64,17488.175,17585.935,17640.87,17924.615,17938.775,17788.52,17627.83,17670.8,17430.18,17867.65,17943.66,17453.28,17536.255,17530.05,18134.2,17746.58,17687.805,18070.75]",17742.768355080905,0.0006609698407896103,0.0006609698407896103,17523.125684091498,17938.971649241834,0.012534445905892921,fc6ed5692c5e33a9fffe770a3a11e12d0b94dbf5a1eec4c0ae7c81aee87c07d7
27,112,1.875,6000,15698.435333333333,3071.7333588365905,39.65590714254629,"[15917.415,15752.77,16114.355,15527.935,15331.13,15493.675,15735.89,15747.795,15979.805,15691.81,15415.26,15573.705,15493.42,16169.885,15990.47,15602.46,15684.305,15476.895,15611.61,15045.33,15982.7,15904.33,15897.57,15863.3,15603.56,15731.945,15024.18,15750.995,16293.835,15544.725]",15706.818492108654,0.0005340123774960376,0.0005340123774960376,15532.606671104499,15864.263995562167,0.011215877971612054,fc6ed5692c5e33a9fffe770a3a11e12d0b94dbf5a1eec4c0ae7c81aee87c07d7
28,14,0.325,6000,282.1263333333333,86.01937724779945,1.1105053851062017,"[272.115,299.76,277.145,292.31,287.175,281.255,288.96,279.27,276.76,274.45,277.51,281.125,277.115,279.65,284.805,287.875,290.52,270.98,285.445,282.315,286.89,278.265,284.515,274.18,287.21,282.41,268.24,288.61,282.465,284.465]",285.8940097221691,0.013354571848435817,0.013354571848435817,277.48254541674066,286.770121249926,0.030313489782917813,fc6ed5692c5e33a9fffe770a3a11e12d0b94dbf5a1eec4c0ae7c81aee87c07d7
28,14,0.525,6000,374.9483333333333,123.6433309002211,1.5962285381538974,"[376.495,390.445,371.785,385.815,360.755,370.325,384.395,374.075,379.185,370.0,363.17,364.155,382.05,382.015,370.375,385.415,368.245,382.56,384.155,362.8,372.585,364.44,379.7,367.825,383.435,379.08,387.72,362.54,374.015,368.895]",371.0766130958987,-0.010326009994535963,0.010326009994535963,368.27340235414624,381.6232643125204,0.027636290034940836,fc6ed5692c5e33a9fffe770a3a11e12d0b94dbf5a1eec4c0ae7c81aee87c07d7
28,14,0.725,6000,481.5805,166.49611010129678,2.1494555387687964,"[470.895,509.215,469.365,492.615,489.01,474.515,476.545,477.75,472.45,482.305,480.015,475.82,478.55,493.915,476.475,486.195,475.825,464.845,496.595,466.135,471.245,493.195,488.7,455.445,496.34,472.065,500.61,496.9,486.465,477.415]",479.69766251904207,-0.003909704568515343,0.003909704568515343,472.5921458757801,490.56885412421985,0.022160378739464415,fc6ed5692c5e33a9fffe770a3a11e12d0b94dbf5a1eec4c0ae7c81aee87c07d7
28,14,0.94,6000,543.1785,196.06657454725027,2.531208593231451,"[540.2,560.085,568.005,533.735,545.155,526.925,536.105,548.39,550.42,555.82,541.72,534.8,544.43,533.075,535.225,533.78,519.115,529.04,527.54,554.98,559.97,528.095,562.8,547.57,543.065,555.275,551.13,527.54,551.635,549.73]",549.0260319272423,0.010765396508224015,0.010765396508224015,532.5937734086025,553.7632265913975,0.030853268173740345,fc6ed5692c5e33a9fffe770a3a11e12d0b94dbf5a1eec4c0ae7c81aee87c07d7
28,14,1.0,6000,554.0528333333333,202.86286073441283,2.618948270627918,"[574.0,549.585,540.005,554.0,563.915,536.865,587.575,556.75,544.635,530.915,561.245,547.225,536.09,559.55,530.5,560.18,564.13,551.915,561.58,554.625,558.62,535.26,557.435,559.32,578.72,547.465,541.275,593.295,550.555,534.355]",552.4293315532483,-0.0029302291810648757,0.0029302291810648757,543.1012067168085,565.0044599498581,0.0222566887307859,fc6ed5692c5e33a9fffe770a3a11e12d0b94dbf5a1eec4c0ae7c81aee87c07d7
28,14,1.06,6000,554.7965,202.21244208267413,2.610551401940429,"[581.895,545.525,542.69,549.295,536.275,562.405,550.61,557.65,564.86,564.875,557.105,548.735,561.535,561.245,532.49,570.985,556.165,545.165,548.755,560.34,558.62,534.175,567.755,575.355,545.445,561.765,536.025,551.7,559.8,554.655]",546.8666045467933,-0.01429334080731722,0.01429334080731722,543.8799864751101,565.71301352489,0.03331443422287039,fc6ed5692c5e33a9fffe770a3a11e12d0b94dbf5a1eec4c0ae7c81aee87c07d7
28,14,1.275,6000,532.479,185.15411211530122,2.3903293090146085,"[504.895,525.845,541.44,528.975,530.07,542.27,527.5,528.555,523.02,546.59,529.69,534.685,530.475,542.63,523.265,543.315,545.22,527.78,552.1,543.925,511.785,513.88,550.895,516.065,542.035,549.245,531.465,509.215,551.1,526.44]",527.4938521840472,-0.009362149147577301,0.009362149147577301,522.4833867317062,542.4746132682939,0.027615598440617783,fc6ed5692c5e33a9fffe770a3a11e12d0b94dbf5a1eec4c0ae7c81aee87c07d7
28,14,1.675,6000,492.3745,164.0226035810235,2.11752270690295,"[497.075,483.02,479.65,472.96,499.52,475.99,491.96,490.685,505.44,492.11,509.255,485.26,495.515,497.715,476.295,485.805,481.35,490.25,509.365,476.805,501.395,490.955,486.195,498.465,494.905,507.125,495.145,517.255,478.335,505.435]",493.8638111603478,0.003024752826045556,0.003024752826045556,483.51967904072467,501.22932095927536,0.021393404587265685,fc6ed5692c5e33a9fffe770a3a11e12d0b94dbf5a1eec4c0ae7c81aee87c07d7
28,14,1.875,6000,475.06733333333335,153.0465060204133,1.9758218967076462,"[491.07,479.485,474.425,463.45,485.455,471.74,456.465,485.565,462.385,472.71,473.165,473.35,468.555,476.56,495.55,480.765,515.9,477.535,486.275,463.345,477.5,467.0,472.745,449.61,472.205,470.33,458.59,488.695,464.195,477.4]",478.23450826867554,0.006666791659025574,0.006666791659025574,466.80506106313385,483.32960560353285,0.02448441150040548,fc6ed5692c5e33a9fffe770a3a11e12d0b94dbf5a1eec4c0ae7c81aee87c07d7
28,28,0.325,6000,580.5905,130.8146343285379,1.6888096673154678,"[579.23,582.6,588.795,595.34,604.05,578.035,567.12,558.85,586.58,573.26,583.07,569.72,579.415,576.975,579.67,586.035,591.005,581.015,571.945,572.065,569.905,578.86,602.085,579.435,579.24,574.28,596.615,583.75,571.45,577.32]",580.7407407407406,0.0002587723029237097,0.0002587723029237097,573.5284235511276,587.6525764488724,0.01257534394713411,fc6ed5692c5e33a9fffe770a3a11e12d0b94dbf5a1eec4c0ae7c81aee87c07d7
28,28,0.525,6000,820.8695,219.6345791562511,2.8354702244114507,"[816.115,799.86,824.89,795.975,801.505,840.04,829.82,826.74,828.04,838.815,822.365,815.775,817.93,808.93,844.335,811.505,836.045,836.83,819.03,812.065,805.645,829.48,826.585,784.84,802.015,816.2,828.25,815.62,836.615,854.225]",825.2631578947369,0.005352443835149024,0.005352443835149024,809.0124459572401,832.72655404276,0.020087097570258727,fc6ed5692c5e33a9fffe770a3a11e12d0b94dbf5a1eec4c0ae7c81aee87c07d7
28,28,0.725,6000,1353.002,432.6790375335049,5.585862355401061,"[1325.625,1353.495,1349.09,1369.03,1356.355,1340.445,1348.035,1306.63,1375.81,1390.91,1332.91,1309.39,1378.02,1343.68,1358.585,1360.925,1331.215,1346.17,1325.36,1354.01,1415.0,1379.615,1366.53,1311.495,1320.615,1378.32,1356.62,1358.475,1403.3,1344.4]",1326.6143584172744,-0.01950303220743618,0.01950303220743618,1329.6436620237455,1376.3603379762544,0.03614313649296563,fc6ed5692c5e33a9fffe770a3a11e12d0b94dbf5a1eec4c0ae7c81aee87c07d7
28,28,0.94,6000,2167.8703333333333,771.4746142075037,9.959694442824846,"[2297.23,2132.345,2206.09,2320.765,2211.495,2165.21,2190.44,2148.86,2190.58,2181.64,2200.485,2229.805,2122.195,2163.94,2062.895,2027.015,2125.825,2165.53,2123.155,2179.225,2163.3,2225.565,2106.225,2262.115,2105.0,2137.575,2170.97,2144.69,2179.945,2096.0]",2205.189223735889,0.017214539923692648,0.017214539923692648,2126.2219907617014,2209.518675904965,0.037139693464414814,fc6ed5692c5e33a9fffe770a3a11e12d0b94dbf5a1eec4c0ae7c81aee87c07d7
28,28,1.0,6000,2227.3553333333334,792.6975576943273,10.233681465098076,"[2251.1,2216.63,2152.75,2297.715,2205.565,2204.48,2237.335,2282.23,2203.445,2309.225,2231.47,2208.16,2213.28,2180.095,2248.895,2260.045,2277.92,2199.9,2253.605,2164.24,2218.33,2178.725,2226.16,2255.4,2149.87,2234.47,2229.01,2186.65,2344.1,2199.86]",2223.6485703447674,-0.0016641992110969736,0.0016641992110969736,2184.5612623029297,2270.149404363737,0.020483600739926944,fc6ed5692c5e33a9fffe770a3a11e12d0b94dbf5a1eec4c0ae7c81aee87c07d7
28,28,1.06,6000,2201.101833333333,778.5639158680685,10.051216933716873,"[2178.465,2239.18,2200.86,2231.11,2189.59,2205.77,2108.6,2245.235,2184.785,2282.61,2150.58,2316.655,2150.49,2288.635,2245.9,2225.89,2224.79,2217.51,2222.625,2207.625,2143.4,2211.56,2274.59,2125.825,2123.86,2166.925,2201.77,2182.785,2195.12,2090.315]",2178.6213517260962,-0.010213285576702574,0.010213285576702574,2159.070772187797,2243.1328944788693,0.028759572342574313,fc6ed5692c5e33a9fffe770a3a11e12d0b94dbf5a1eec4c0ae7c81aee87c07d7
28,28,1.275,6000,2033.464,679.9964913453895,8.778716954867232,"[2085.07,2055.115,2090.96,2020.06,1971.005,2040.035,2001.365,2075.885,2050.325,2106.6,2001.225,1962.665,2008.5,2049.515,2081.755,2003.64,2059.35,1964.995,2078.685,2052.935,2035.51,2001.055,2141.325,2020.045,2004.47,1941.925,1979.505,2023.385,2085.165,2011.85]",2028.3368025412033,-0.002521410489094802,0.002521410489094802,1996.7541377472376,2070.1738622527623,0.02020944253736834,fc6ed5692c5e33a9fffe770a3a11e12d0b94dbf5a1eec4c0ae7c81aee87c07d7
28,28,1.675,6000,1786.7096666666666,541.8521175801659,6.995280758317352,"[1824.715,1811.645,1793.465,1790.205,1803.49,1824.655,1792.27,1782.075,1721.95,1807.825,1810.4,1769.07,1754.305,1790.2,1842.375,1776.865,1745.835,1751.98,1802.435,1790.185,1751.135,1760.615,1818.24,1716.21,1740.86,1778.59,1803.255,1825.395,1827.06,1793.985]",1791.3677718419135,0.0026070856738225185,0.0026070856738225185,1757.457579559011,1815.9617537743222,0.019295027474524495,fc6ed5692c5e33a9fffe770a3a11e12d0b94dbf5a1eec4c0ae7c81aee87c07d7
28,28,1.875,6000,1692.618,483.62221187269313,6.243535908129784,"[1660.905,1659.485,1679.48,1704.34,1787.315,1718.055,1629.715,1693.7,1700.37,1659.73,1648.94,1681.665,1665.04,1755.745,1688.16,1654.49,1747.45,1631.91,1714.56,1706.16,1660.62,1743.64,1698.525,1716.23,1689.33,1720.815,1700.845,1682.69,1705.21,1673.42]",1691.1390345603315,-0.0008737739050798232,0.0008737739050798232,1666.509475902917,1718.7265240970828,0.01605112224077887,fc6ed5692c5e33a9fffe770a3a11e12d0b94dbf5a1eec4c0ae7c81aee87c07d7
28,56,0.325,6000,1162.2886666666666,186.01789102355818,2.4014806467695564,"[1170.185,1171.805,1185.23,1182.14,1170.555,1147.355,1175.41,1143.315,1169.295,1160.93,1167.09,1164.875,1179.045,1161.15,1144.605,1149.655,1190.87,1139.875,1149.27,1160.005,1164.185,1143.535,1157.345,1164.58,1172.06,1149.29,1182.21,1151.065,1144.17,1157.56]",1141.732308989806,-0.017686103518340542,0.017686103518340542,1152.246421974325,1172.3309113590083,0.026100653043202082,fc6ed5692c5e33a9fffe770a3a11e12d0b94dbf5a1eec4c0ae7c81aee87c07d7
28,56,0.525,6000,1650.1388333333334,321.4935762633037,4.150464222601464,"[1633.5,1665.215,1611.805,1656.455,1622.5,1648.135,1664.53,1676.8,1640.77,1588.585,1663.105,1693.09,1686.8,1663.165,1651.55,1681.54,1632.23,1619.69,1637.525,1646.455,1661.935,1631.575,1649.635,1628.98,1639.575,1682.675,1638.295,1651.87,1669.83,1666.35]",1649.7168665643223,-0.00025571591946520753,0.00025571591946520753,1632.7828836336175,1667.4947830330493,0.010661452527239823,fc6ed5692c5e33a9fffe770a3a11e12d0b94dbf5a1eec4c0ae7c81aee87c07d7
28,56,0.725,6000,2856.3196666666668,717.7698394357503,9.266368781815443,"[2859.775,2864.765,2896.72,2896.72,2814.835,2734.925,2898.16,2872.52,2993.21,2896.91,2808.33,2819.765,2793.54,2863.645,2888.605,2881.435,2882.3,2838.69,2887.885,2829.505,2758.92,2934.595,2803.86,2894.355,2873.425,2797.235,2797.795,2840.46,2896.845,2869.86]",2850.9090909090905,-0.0018942472793636515,0.0018942472793636515,2817.5705962372867,2895.068737096047,0.015253401627780105,fc6ed5692c5e33a9fffe770a3a11e12d0b94dbf5a1eec4c0ae7c81aee87c07d7
28,56,0.94,6000,8052.361166666667,2790.092596881897,36.01994054033397,"[7737.46,8167.535,7956.005,8028.51,8374.165,8139.76,7947.665,7838.61,7990.27,7866.34,8014.57,7959.92,7939.145,8176.345,8130.52,8071.565,8029.91,7971.69,7831.84,8177.74,8320.7,7815.345,8349.53,7926.62,7878.215,8412.61,8162.45,8238.99,8081.05,8035.76]",8008.493663030195,-0.005447781430627314,0.005447781430627314,7901.736985207526,8202.985348125807,0.023709866206215846,fc6ed5692c5e33a9fffe770a3a11e12d0b94dbf5a1eec4c0ae7c81aee87c07d7
28,56,1.0,6000,8911.904833333334,3175.0379685068674,40.98956391867775,"[9246.555,9153.83,9135.505,8894.175,9122.01,8997.65,9064.94,8591.975,8728.52,8855.545,8733.495,9244.8,8709.3,8623.485,8707.01,8624.665,8953.115,8944.06,8827.255,8754.14,9326.915,8772.005,8933.51,8769.88,8929.15,9226.5,8944.625,8566.16,9014.445,8961.925]",8922.456769642617,0.00118402704097726,0.00118402704097726,8740.499233518296,9083.310433148372,0.02081775093881877,fc6ed5692c5e33a9fffe770a3a11e12d0b94dbf5a1eec4c0ae7c81aee87c07d7
28,56,1.06,6000,8610.546666666667,3000.802539344363,38.74019420045882,"[8236.95,8801.865,8469.525,8715.37,8584.885,8834.71,8889.18,9109.78,8589.455,8732.67,8659.925,8688.72,8171.69,8771.85,8642.88,8433.4,8346.99,8543.1,8637.54,8477.45,8762.115,8620.495,8510.325,8331.435,8660.045,9073.595,8622.34,8398.14,8536.88,8463.095]",8559.418641109753,-0.00593783734485087,0.00593783734485087,8448.547230979699,8772.546102353635,0.024294823732724735,fc6ed5692c5e33a9fffe770a3a11e12d0b94dbf5a1eec4c0ae7c81aee87c07d7
28,56,1.275,6000,7457.2716666666665,2248.4985830201294,29.027991886693123,"[7644.395,7654.435,7636.34,7390.265,7316.67,7560.625,7359.08,7322.775,7360.94,7419.73,7538.535,7668.51,7495.2,7231.585,7444.305,7323.285,7437.33,7470.16,7340.47,7654.635,7224.34,7837.165,7532.18,7559.88,7435.245,7535.535,7334.615,7366.03,7275.26,7348.63]",7457.543568471343,3.646129802294776e-05,3.646129802294776e-05,7335.885638490419,7578.657694842914,0.01658394582142897,fc6ed5692c5e33a9fffe770a3a11e12d0b94dbf5a1eec4c0ae7c81aee87c07d7
28,56,1.675,6000,5972.9011666666665,1539.2442581387165,19.871557925055466,"[5749.625,5874.3,6015.44,6172.27,5950.275,5894.855,6024.215,6055.705,5991.2,5967.395,6028.765,5932.13,6167.815,6026.375,6170.215,5938.235,5744.285,5916.835,5907.5,6002.3,5949.775,5978.615,5838.105,6170.43,5809.215,5995.48,6003.355,5840.135,6043.96,6028.23]",6017.927628533278,0.007538457545203228,0.007538457545203228,5889.804495714982,6055.997837618351,0.021753376179380668,fc6ed5692c5e33a9fffe770a3a11e12d0b94dbf5a1eec4c0ae7c81aee87c07d7
28,56,1.875,6000,5503.3725,1354.3907176709026,17.48510897932439,"[5525.23,5631.35,5483.675,5353.825,5474.33,5434.465,5518.55,5740.25,5571.25,5701.305,5398.655,5485.415,5582.705,5522.4,5433.63,5313.745,5402.425,5617.855,5635.595,5270.525,5344.125,5590.725,5582.2,5582.27,5432.825,5468.23,5418.745,5395.73,5651.94,5537.205]",5499.805461621897,-0.0006481549955238286,0.0006481549955238286,5430.255215844978,5576.489784155023,0.013751360712793925,fc6ed5692c5e33a9fffe770a3a11e12d0b94dbf5a1eec4c0ae7c81aee87c07d7
28,112,0.325,6000,2317.1976666666665,256.76482876509914,3.314819685663427,"[2322.645,2306.105,2326.95,2344.815,2330.61,2313.945,2302.425,2331.495,2303.285,2333.04,2288.2,2341.935,2311.445,2323.67,2332.415,2311.535,2294.56,2309.94,2326.85,2305.975,2302.11,2338.315,2304.525,2339.66,2303.195,2324.585,2304.61,2316.305,2317.07,2303.715]",2293.2069191426376,-0.01035334527957643,0.01035334527957643,2303.336122356825,2331.059210976508,0.01623823695924631,fc6ed5692c5e33a9fffe770a3a11e12d0b94dbf5a1eec4c0ae7c81aee87c07d7
28,112,0.525,6000,3295.7975,446.29930839351385,5.761699296106557,"[3270.905,3261.28,3344.525,3319.395,3256.335,3270.69,3287.505,3277.98,3311.565,3275.85,3241.905,3249.305,3267.085,3305.375,3253.11,3330.99,3322.9,3255.35,3313.35,3319.17,3290.36,3342.67,3311.145,3298.275,3330.975,3309.92,3305.785,3295.485,3342.39,3312.35]",3286.0879386299216,-0.002946043065473081,0.002946043065473081,3271.7038666604903,3319.89113333951,0.010182019033734169,fc6ed5692c5e33a9fffe770a3a11e12d0b94dbf5a1eec4c0ae7c81aee87c07d7
28,112,0.725,6000,5687.920166666667,1031.2571885930347,13.313473056925016,"[5613.095,5807.06,5628.705,5744.0,5775.675,5762.875,5717.065,5634.98,5647.38,5693.975,5748.095,5692.45,5558.025,5852.715,5572.795,5835.675,5552.415,5609.435,5577.715,5743.805,5688.39,5724.84,5747.43,5723.225,5704.355,5689.3,5730.165,5640.41,5604.705,5616.85]",5701.818181818181,0.0024434265503517176,0.0024434265503517176,5632.2473656710035,5743.59296766233,0.012352230225401106,fc6ed5692c5e33a9fffe770a3a11e12d0b94dbf5a1eec4c0ae7c81aee87c07d7
28,112,0.94,6000,23774.171166666667,7740.118328369287,99.92449794483014,"[23517.14,23462.64,24603.36,24518.355,23708.755,24158.48,22914.88,24336.36,22916.985,23509.535,24432.16,24033.68,24120.14,24202.53,23086.445,23364.745,23795.41,23803.72,23408.2,23465.315,23672.025,23325.64,24052.715,23785.525,23875.71,24221.135,23396.795,23958.125,23683.555,23895.075]",23220.58406517788,-0.023285232431781246,0.023285232431781246,23356.31801408298,24192.024319250355,0.04015539341614616,fc6ed5692c5e33a9fffe770a3a11e12d0b94dbf5a1eec4c0ae7c81aee87c07d7
28,112,1.0,6000,35638.82633333333,12732.470445732379,164.3754866413321,"[36431.75,36907.215,36850.42,35828.82,34000.95,35049.395,35134.025,36326.86,37048.265,34729.985,35407.415,35147.07,34795.27,35425.035,33530.81,36508.75,35488.16,37184.945,35084.87,36329.325,37321.725,34370.43,33312.23,35538.71,36340.815,34959.515,36536.9,36015.045,34498.53,37061.555]",35745.55205509756,0.0029946474882763226,0.0029946474882763226,34951.459204018545,36326.193462648116,0.022719876913972037,fc6ed5692c5e33a9fffe770a3a11e12d0b94dbf5a1eec4c0ae7c81aee87c07d7
28,112,1.06,6000,33083.47266666667,11102.447489073185,143.33198075774266,"[32586.66,33865.44,32101.145,33903.235,33951.865,32711.395,33661.49,33267.76,34386.99,33351.755,31012.775,34163.905,32006.17,33477.3,32696.38,34358.3,33992.86,31995.55,32059.01,33038.095,32750.89,34562.155,32068.46,32995.19,32448.555,33571.06,33251.575,33245.53,32526.445,32496.24]",32866.92068051994,-0.006545624406742313,0.006545624406742313,32484.102929940498,33682.84240339284,0.02422366001958043,fc6ed5692c5e33a9fffe770a3a11e12d0b94dbf5a1eec4c0ae7c81aee87c07d7
28,112,1.275,6000,25416.99233333333,7017.547248778547,90.5961454191433,"[24751.905,25704.76,24356.015,25677.21,24759.4,24790.99,26788.125,25667.47,25881.145,25469.495,25066.505,25601.58,26332.89,25301.965,24748.915,25997.25,25468.13,24645.53,26362.22,25219.82,25685.845,25745.46,25093.31,25765.58,24967.05,25833.185,25375.01,25603.41,24880.555,24969.045]",25630.35743184164,0.008394584839547999,0.008394584839547999,25038.147447905732,25795.83721876093,0.02365230834941201,fc6ed5692c5e33a9fffe770a3a11e12d0b94dbf5a1eec4c0ae7c81aee87c07d7
28,112,1.675,6000,18603.807,3936.3377917322387,50.8179023747528,"[18144.285,18419.825,18557.825,18248.81,18334.175,18684.64,18184.91,18922.33,18184.475,18024.58,18666.46,19181.295,19353.585,18914.13,18371.73,18034.38,18916.96,18979.27,18773.44,18859.185,18604.065,18998.065,18435.23,18325.98,18546.19,18568.225,18807.705,18492.71,18606.145,18973.605]",18585.412929792423,-0.0009887261358698194,0.0009887261358698194,18391.302347470202,18816.3116525298,0.01227119995678494,fc6ed5692c5e33a9fffe770a3a11e12d0b94dbf5a1eec4c0ae7c81aee87c07d7
28,112,1.875,6000,16447.399333333335,3231.8479965459933,41.722978226988126,"[16084.17,16367.065,16473.645,16021.875,16455.28,16721.615,16555.425,16115.28,16432.69,16568.675,16621.25,16511.375,16509.505,16465.65,16314.835,16248.91,16840.46,16395.2,16473.935,16490.905,16370.45,16227.435,16623.1,16759.815,16653.92,16509.805,16560.435,16315.045,16482.11,16252.12]",16493.713357832985,0.0028158873972122353,0.0028158873972122353,16272.926823129148,16621.871843537523,0.013567721228244345,fc6ed5692c5e33a9fffe770a3a11e12d0b94dbf5a1eec4c0ae7c81aee87c07d7
29,14,0.325,6000,293.35783333333336,89.7956067808354,1.1592562987492177,"[291.99,287.655,298.43,287.17,286.84,286.76,284.77,295.935,295.38,285.255,297.25,293.18,296.075,292.445,293.035,289.945,301.945,292.055,293.57,297.165,291.195,284.845,298.3,292.125,295.065,298.935,305.925,297.45,288.575,301.47]",295.7625805801624,0.00819731731552783,0.00819731731552783,288.51018426781286,298.20548239885386,0.02513740140839338,fc6ed5692c5e33a9fffe770a3a11e12d0b94dbf5a1eec4c0ae7c81aee87c07d7
29,14,0.525,6000,382.6123333333333,124.77161018038808,1.6107945610270895,"[364.48,395.635,386.405,373.14,387.805,384.6,390.795,371.465,377.88,377.845,385.63,393.05,385.2,367.76,389.04,367.325,387.675,361.07,384.595,387.305,384.12,380.735,378.17,378.26,382.195,397.585,402.205,376.99,389.02,390.39]",382.99432757439325,0.0009983845469172254,0.0009983845469172254,375.87649177962896,389.34817488703766,0.018936634640448258,fc6ed5692c5e33a9fffe770a3a11e12d0b94dbf5a1eec4c0ae7c81aee87c07d7
29,14,0.725,6000,503.6855,173.39156273808365,2.2384754495249215,"[493.365,500.395,524.595,495.52,498.545,511.195,509.34,493.63,501.29,495.82,526.785,484.23,489.7,497.27,502.02,527.15,498.64,487.665,507.49,521.765,504.82,495.79,512.67,497.385,496.365,517.645,506.28,513.36,503.405,496.435]",493.1007868803803,-0.021014528152229248,0.021014528152229248,494.3248923131682,513.0461076868318,0.038876273511515014,fc6ed5692c5e33a9fffe770a3a11e12d0b94dbf5a1eec4c0ae7c81aee87c07d7
29,14,0.94,6000,561.827,203.63030870044102,2.6288559812662777,"[571.1,560.66,545.385,553.44,566.1,568.87,588.385,545.495,590.18,574.49,556.04,567.045,563.565,544.885,561.395,555.485,553.03,569.995,571.42,556.46,544.495,583.905,545.775,551.615,552.32,542.66,554.215,571.135,581.045,564.22]",561.8054652362454,-3.832988402947909e-05,3.832988402947909e-05,550.8339424209959,572.8200575790041,0.01991802242074625,fc6ed5692c5e33a9fffe770a3a11e12d0b94dbf5a1eec4c0ae7c81aee87c07d7
29,14,1.0,6000,567.3353333333333,202.2501332614879,2.611037992966578,"[560.205,581.255,572.645,558.535,587.15,583.66,559.23,572.68,545.805,592.515,578.245,558.695,549.68,571.29,573.34,559.65,583.19,579.465,566.235,565.6,574.875,557.36,532.03,561.165,570.575,576.19,568.235,587.015,549.77,543.775]",565.2520638056969,-0.003672025000446043,0.003672025000446043,556.4167850362055,578.2538816304611,0.022484618327340722,fc6ed5692c5e33a9fffe770a3a11e12d0b94dbf5a1eec4c0ae7c81aee87c07d7
29,14,1.06,6000,565.6893333333334,204.79762082880362,2.6439259160428588,"[557.49,570.335,587.715,566.04,538.015,551.585,566.865,560.835,568.135,578.785,569.415,560.515,578.37,563.535,548.95,558.18,559.33,559.32,575.955,570.445,564.685,558.89,588.595,588.9,551.77,549.6,553.45,568.605,557.555,598.815]",559.7973301512174,-0.010415616549453551,0.010415616549453551,554.633257977056,576.7454086896107,0.029385719041786773,fc6ed5692c5e33a9fffe770a3a11e12d0b94dbf5a1eec4c0ae7c81aee87c07d7
29,14,1.275,6000,543.661,193.28900861786067,2.4953503712730543,"[536.65,586.65,545.535,540.305,539.21,535.915,553.605,527.89,535.625,558.795,543.755,533.335,528.545,561.945,540.325,551.405,540.575,524.505,581.875,513.355,534.395,545.28,547.265,550.735,525.01,544.69,544.965,539.59,549.965,548.135]",540.7864780267963,-0.005287342614613937,0.005287342614613937,533.2262213332809,554.095778666719,0.024019855686227887,fc6ed5692c5e33a9fffe770a3a11e12d0b94dbf5a1eec4c0ae7c81aee87c07d7
29,14,1.675,6000,510.49966666666666,170.0488932755506,2.195321772324033,"[526.21,534.775,518.475,514.3,522.96,513.06,512.8,513.57,501.675,517.69,510.36,509.045,509.725,497.805,512.01,510.265,504.395,515.2,487.615,514.365,512.04,504.71,518.05,503.815,505.88,494.33,505.3,501.075,508.03,515.46]",507.7082358802739,-0.005468036452637774,0.005468036452637774,501.3195142278956,519.6798191054378,0.023036459729707137,fc6ed5692c5e33a9fffe770a3a11e12d0b94dbf5a1eec4c0ae7c81aee87c07d7
29,14,1.875,6000,492.26466666666664,157.48350324352873,2.0331032845486283,"[481.285,504.78,482.97,493.145,510.745,490.465,513.145,489.77,499.05,493.47,475.635,493.98,466.295,500.015,489.71,483.46,490.39,495.79,490.895,479.415,518.015,485.03,477.92,476.92,518.375,472.035,513.775,485.82,495.645,499.995]",492.291786429581,5.509183321648205e-05,5.509183321648205e-05,483.7628614592395,500.7664718740938,0.01763038391292482,fc6ed5692c5e33a9fffe770a3a11e12d0b94dbf5a1eec4c0ae7c81aee87c07d7
29,28,0.325,6000,602.6338333333333,136.4935377088537,1.7621239947044147,"[608.36,602.46,611.27,598.42,601.425,609.375,576.68,618.235,604.31,602.46,609.505,621.17,610.82,603.4,602.595,593.93,594.615,595.895,614.05,618.705,596.68,602.335,590.055,597.59,583.25,610.055,605.19,594.1,604.08,598.0]",601.4814814814814,-0.0019121924261668638,0.0019121924261668638,595.265179183706,610.0024874829606,0.013968805334940937,fc6ed5692c5e33a9fffe770a3a11e12d0b94dbf5a1eec4c0ae7c81aee87c07d7
29,28,0.525,6000,848.7805,229.41968940219053,2.961795454489207,"[859.755,845.085,849.645,841.185,871.7,839.045,846.66,848.385,865.83,857.605,858.38,850.27,867.525,852.705,842.175,837.97,806.61,854.825,854.235,843.345,832.775,854.3,846.54,825.77,845.58,834.41,867.82,869.17,843.215,850.9]",854.7368421052632,0.0070175293910065975,0.0070175293910065975,836.3951931591324,861.1658068408675,0.02192940501828189,fc6ed5692c5e33a9fffe770a3a11e12d0b94dbf5a1eec4c0ae7c81aee87c07d7
29,28,0.725,6000,1381.4365,437.8531015354016,5.652659234439585,"[1395.25,1369.305,1374.265,1379.975,1374.11,1369.73,1399.06,1396.62,1376.42,1376.99,1403.55,1362.705,1397.735,1335.215,1399.955,1357.16,1336.765,1400.22,1451.78,1345.565,1367.615,1351.885,1390.445,1385.86,1412.84,1400.845,1403.545,1372.855,1391.03,1363.8]",1370.5358445223537,-0.00789081183076189,0.00789081183076189,1357.798838263676,1405.074161736324,0.024581134686363804,fc6ed5692c5e33a9fffe770a3a11e12d0b94dbf5a1eec4c0ae7c81aee87c07d7
29,28,0.94,6000,2237.5871666666667,798.566848738386,10.309453686657022,"[2296.53,2230.87,2268.9,2188.285,2161.545,2297.135,2207.53,2202.765,2202.795,2272.055,2290.695,2204.31,2168.57,2107.855,2304.41,2294.26,2325.835,2233.1,2211.78,2254.04,2235.575,2172.235,2165.125,2303.495,2208.05,2217.465,2225.965,2347.49,2303.465,2225.485]",2258.782412543438,0.00947236657079419,0.00947236657079419,2194.476239787018,2280.6980935463152,0.02930365414330538,fc6ed5692c5e33a9fffe770a3a11e12d0b94dbf5a1eec4c0ae7c81aee87c07d7
29,28,1.0,6000,2284.9533333333334,820.0259434393165,10.586489407994993,"[2308.655,2242.32,2315.2,2281.585,2257.35,2334.29,2279.425,2229.275,2331.585,2135.595,2298.87,2306.875,2249.545,2265.64,2294.395,2324.38,2179.065,2256.365,2385.995,2310.115,2340.025,2326.285,2264.67,2309.55,2173.835,2361.485,2339.635,2319.97,2328.22,2198.4]",2275.5389568034334,-0.004120161402231402,0.004120161402231402,2240.6839292842196,2329.222737382447,0.023047937716486055,fc6ed5692c5e33a9fffe770a3a11e12d0b94dbf5a1eec4c0ae7c81aee87c07d7
29,28,1.06,6000,2252.791,794.2255452253145,10.253407699300496,"[2185.725,2263.93,2242.125,2267.04,2303.715,2262.39,2211.865,2206.205,2263.715,2300.595,2284.27,2148.915,2285.46,2209.7,2332.05,2187.87,2292.165,2223.94,2384.315,2117.87,2222.075,2279.205,2284.81,2242.145,2300.14,2240.43,2236.785,2350.375,2271.74,2182.165]",2231.394092681491,-0.009497954900613934,0.009497954900613934,2209.914439997226,2295.6675600027743,0.027997724252898926,fc6ed5692c5e33a9fffe770a3a11e12d0b94dbf5a1eec4c0ae7c81aee87c07d7
29,28,1.275,6000,2103.153,696.4363614324386,8.990954765070414,"[2086.14,2127.08,2118.56,2160.945,2049.93,2040.855,2110.755,2109.585,2057.82,2152.835,2143.24,2124.84,2116.94,2156.365,2070.6,2028.91,2069.445,2106.575,2118.155,2094.19,2143.615,2040.71,2089.6,2055.52,2105.62,2179.135,2198.66,2099.605,2024.89,2113.47]",2083.709655960436,-0.009244854767847954,0.009244854767847954,2065.555625276173,2140.7503747238266,0.0266451985420062,fc6ed5692c5e33a9fffe770a3a11e12d0b94dbf5a1eec4c0ae7c81aee87c07d7
29,28,1.675,6000,1840.0163333333333,548.9163933919062,7.086480166890306,"[1964.105,1836.28,1834.725,1857.875,1808.195,1844.945,1842.43,1818.52,1896.12,1867.0,1843.63,1817.375,1835.54,1778.365,1801.515,1861.73,1821.87,1864.09,1796.99,1853.06,1768.86,1844.875,1890.375,1842.565,1856.78,1843.32,1737.42,1875.53,1836.795,1859.61]",1849.405105421469,0.005102548231801424,0.005102548231801424,1810.3828786814843,1869.6497879851822,0.021554681719264224,fc6ed5692c5e33a9fffe770a3a11e12d0b94dbf5a1eec4c0ae7c81aee87c07d7
29,28,1.875,6000,1752.6435,499.978860771086,6.454699337407242,"[1703.9,1787.61,1737.34,1763.37,1752.645,1754.885,1749.21,1683.415,1737.895,1753.165,1711.655,1780.535,1800.445,1740.285,1783.145,1763.27,1753.62,1697.285,1734.215,1716.765,1802.415,1762.365,1794.715,1771.54,1741.535,1722.68,1765.515,1770.055,1738.16,1805.67]",1749.6460336252635,-0.0017102544668875358,0.0017102544668875358,1725.6519561585228,1779.635043841477,0.01685121357886954,fc6ed5692c5e33a9fffe770a3a11e12d0b94dbf5a1eec4c0ae7c81aee87c07d7
29,56,0.325,6000,1202.3883333333333,192.24612946152575,2.4818868592577474,"[1198.83,1200.76,1200.625,1207.025,1222.62,1201.78,1209.81,1193.65,1204.17,1205.13,1209.525,1202.675,1192.03,1187.31,1182.51,1227.055,1216.155,1213.085,1191.5,1195.56,1198.985,1192.51,1198.67,1202.635,1212.56,1185.76,1204.955,1215.275,1218.625,1179.87]",1182.5905476603095,-0.0164653840395633,0.0164653840395633,1192.0098548838398,1212.7668117828268,0.0248821651692106,fc6ed5692c5e33a9fffe770a3a11e12d0b94dbf5a1eec4c0ae7c81aee87c07d7
29,56,0.525,6000,1712.8395,330.88061553482714,4.271650378497482,"[1687.115,1729.295,1692.765,1746.9,1729.145,1716.455,1727.145,1704.215,1727.605,1712.87,1676.495,1703.765,1718.525,1729.555,1719.725,1679.61,1714.095,1718.275,1668.735,1677.74,1698.435,1715.33,1702.97,1742.865,1735.045,1714.83,1724.885,1704.58,1753.225,1712.99]",1709.1426856757173,-0.0021582958148050305,0.0021582958148050305,1694.976787511057,1730.7022124889431,0.012457097851756305,fc6ed5692c5e33a9fffe770a3a11e12d0b94dbf5a1eec4c0ae7c81aee87c07d7
29,56,0.725,6000,2937.1141666666667,749.4887253038112,9.675857837572954,"[2883.045,3023.965,2971.21,2905.84,2881.36,2940.725,2991.495,2883.89,2957.64,2870.305,2896.95,2925.24,2873.7,3005.335,2874.89,2933.945,2882.02,2879.075,3055.345,2882.96,2943.35,3021.88,2884.385,2938.89,3004.865,3035.145,2885.685,2978.74,2925.905,2975.645]",2952.7272727272725,0.00531579815241745,0.00531579815241745,2896.6527404445033,2977.57559288883,0.01935838959908054,fc6ed5692c5e33a9fffe770a3a11e12d0b94dbf5a1eec4c0ae7c81aee87c07d7
29,56,0.94,6000,8180.628,2785.720654374741,35.963499005264666,"[8096.145,8320.15,7987.215,8153.035,8296.685,8058.07,8054.24,8453.15,8094.805,8126.59,8248.07,8225.67,8415.665,8062.05,8420.905,8090.54,7958.59,8178.98,8245.625,8108.51,8088.425,8499.745,8039.61,8452.355,8171.555,8264.585,8150.995,7824.495,8188.285,8144.1]",8228.907526265653,0.005901689487121729,0.005901689487121729,8030.239839475169,8331.01616052483,0.024739944355568477,fc6ed5692c5e33a9fffe770a3a11e12d0b94dbf5a1eec4c0ae7c81aee87c07d7
29,56,1.0,6000,9075.663166666667,3204.3869671669177,41.36845786213855,"[8859.35,8873.8,9228.6,8960.745,9128.76,9076.6,9291.435,8701.855,9235.62,8928.905,9229.2,9310.365,9143.22,9237.065,8948.215,9302.225,9162.11,9076.32,9357.665,9232.17,8773.57,9237.725,8880.54,8875.45,9286.865,8950.395,9106.865,9056.385,8913.32,8904.555]",9131.217230375027,0.006121212597708557,0.006121212597708557,8902.673150296869,9248.653183036466,0.02567139961445597,fc6ed5692c5e33a9fffe770a3a11e12d0b94dbf5a1eec4c0ae7c81aee87c07d7
29,56,1.06,6000,8820.142833333333,3096.4023907420155,39.97438297500219,"[8729.555,9023.94,8992.51,9129.895,9110.13,8953.745,8739.94,8938.06,8796.53,8585.195,8493.085,8522.54,8688.765,9035.68,8755.115,8716.105,8761.24,8520.72,8755.93,8542.74,9135.075,8875.055,8999.865,8937.775,8926.6,8512.335,8918.255,8405.225,9106.975,8995.705]",8775.239646230943,-0.005090981852662454,0.005090981852662454,8652.982404287048,8987.303262379619,0.023595911916799772,fc6ed5692c5e33a9fffe770a3a11e12d0b94dbf5a1eec4c0ae7c81aee87c07d7
29,56,1.275,6000,7744.2285,2400.060895617344,30.98465292869877,"[7374.82,7718.325,7431.33,7939.305,7631.885,7746.555,7602.085,7694.215,7715.76,8170.485,7894.43,8080.09,7664.575,7940.41,7598.49,7757.82,7874.565,7631.075,7840.18,8061.91,7491.01,7876.255,7834.715,7614.725,7659.03,7789.9,7593.855,7652.975,7235.835,8210.245]",7688.386418853021,-0.007210799777793176,0.007210799777793176,7614.660324284807,7873.7966757151935,0.023547757771549493,fc6ed5692c5e33a9fffe770a3a11e12d0b94dbf5a1eec4c0ae7c81aee87c07d7
29,56,1.675,6000,6244.945333333333,1638.633774455421,21.154671063329488,"[6123.125,6320.935,6234.38,6237.96,6125.31,6541.49,6288.19,6275.785,6311.805,6124.41,6262.465,6278.765,6064.98,6236.995,6296.125,6296.955,6254.81,6324.775,6276.365,6385.075,6237.135,6082.03,6148.97,6260.51,6097.835,6213.35,6319.04,6294.25,6177.42,6257.12]",6250.383615533756,0.0008708294324683746,0.0008708294324683746,6156.483082559117,6333.407584107549,0.015252300983438438,fc6ed5692c5e33a9fffe770a3a11e12d0b94dbf5a1eec4c0ae7c81aee87c07d7
29,56,1.875,6000,5735.891833333333,1396.8748186612168,18.03357636470466,"[5834.835,5577.15,5910.665,5746.89,5711.385,5660.92,5899.145,5805.335,5574.81,5611.94,5649.775,5632.035,5696.735,5533.655,5684.7,5652.23,5837.805,5766.945,5819.06,5671.135,5801.955,5664.925,5744.755,5707.94,5797.2,5777.875,5868.415,5826.3,5822.07,5788.17]",5726.9927188886695,-0.0015514787766651476,0.0015514787766651476,5660.4810292629345,5811.302637403732,0.014507920818374154,fc6ed5692c5e33a9fffe770a3a11e12d0b94dbf5a1eec4c0ae7c81aee87c07d7
29,112,0.325,6000,2403.4615,270.9126392906723,3.4974671341662367,"[2389.135,2460.79,2423.28,2418.875,2400.475,2424.9,2370.035,2400.62,2434.015,2400.54,2351.285,2401.09,2374.51,2426.815,2375.335,2373.175,2397.57,2377.21,2400.595,2433.145,2394.105,2401.915,2376.76,2405.64,2415.725,2430.43,2391.85,2452.54,2391.17,2410.315]",2374.0350575299185,-0.01224335920091975,0.01224335920091975,2388.8361809028142,2418.0868190971855,0.018217609566109072,fc6ed5692c5e33a9fffe770a3a11e12d0b94dbf5a1eec4c0ae7c81aee87c07d7
29,112,0.525,6000,3424.2475,471.4205477057789,6.086013101081536,"[3405.97,3446.465,3490.395,3447.01,3405.17,3406.81,3461.34,3348.36,3411.905,3449.97,3460.65,3456.885,3411.805,3377.825,3410.655,3425.75,3438.475,3403.38,3420.515,3456.6,3390.615,3415.44,3378.735,3452.38,3435.11,3420.955,3469.67,3364.295,3454.345,3409.945]",3402.4754585005867,-0.006358197384801555,0.006358197384801555,3398.797687258818,3449.697312741182,0.013688694966420778,fc6ed5692c5e33a9fffe770a3a11e12d0b94dbf5a1eec4c0ae7c81aee87c07d7
29,112,0.725,6000,5931.711333333334,1053.5500723572893,13.601272948784668,"[5981.19,5887.065,5920.335,5888.36,5791.68,5820.165,6044.61,6005.295,5927.905,5853.71,5850.74,6020.605,5989.17,5874.01,5850.115,5840.51,5910.71,6004.635,5951.065,6178.375,6086.99,5892.91,5963.11,5933.585,5857.705,5932.91,5873.66,5935.375,5912.8,5972.045]",5905.454545454545,-0.004426511406790519,0.004426511406790519,5874.835042757035,5988.587623909632,0.013881917352795425,fc6ed5692c5e33a9fffe770a3a11e12d0b94dbf5a1eec4c0ae7c81aee87c07d7
29,112,0.94,6000,24774.977,8203.841220383649,105.91113473825267,"[24297.78,23807.175,25159.29,25136.145,24648.675,24884.6,25326.925,24588.755,24675.1,24806.315,24269.21,24493.69,25217.35,24368.5,25185.06,25660.92,23962.465,23605.585,24808.075,24614.775,26350.93,24422.6,24050.84,25091.07,24192.795,25130.79,25997.11,24971.585,24534.585,24990.615]",23966.209405729962,-0.03264453461531113,0.03264453461531113,24332.08959546654,25217.86440453346,0.04963366360945631,fc6ed5692c5e33a9fffe770a3a11e12d0b94dbf5a1eec4c0ae7c81aee87c07d7
29,112,1.0,6000,36557.237,12739.676387971662,164.46851495562035,"[36095.885,36191.695,35516.6,38337.305,35447.18,36045.355,35569.86,38364.805,35397.49,36950.82,37333.165,37363.935,37675.89,34810.705,36548.16,36067.29,36708.775,37898.84,37613.61,37575.31,37588.555,37779.815,36230.935,35514.26,35959.22,34911.035,35480.115,36815.07,36607.48,36317.95]",36582.99172782268,0.0007045042223152018,0.0007045042223152018,35869.4808552265,37244.9931447735,0.019891865050291502,fc6ed5692c5e33a9fffe770a3a11e12d0b94dbf5a1eec4c0ae7c81aee87c07d7
29,112,1.06,6000,33771.98933333333,11151.38370657717,143.96374460914038,"[32580.805,34022.99,34000.96,33113.415,33449.975,35436.765,34134.86,34296.93,35179.425,34529.965,33233.2,33327.77,33385.135,33665.915,33422.365,34540.33,33345.745,33411.23,33143.515,33582.8,34065.27,34180.69,34347.595,32160.145,34106.165,32913.035,34024.52,34214.875,33779.575,33563.715]",33757.04972076641,-0.000442366969249785,0.000442366969249785,33169.97775679386,34374.000909872804,0.01794819260999081,fc6ed5692c5e33a9fffe770a3a11e12d0b94dbf5a1eec4c0ae7c81aee87c07d7
29,112,1.275,6000,26747.9185,7256.071996518561,93.67548667132796,"[26797.29,27461.415,27188.25,26113.065,27092.74,25375.435,25939.06,27206.43,26279.58,26762.83,26993.9,27061.26,26701.39,26880.08,26541.87,26371.96,27241.39,27431.51,26308.795,26581.765,27546.48,26231.57,26456.89,26656.94,27500.27,26636.365,25902.38,27629.57,26961.675,26585.4]",26565.56805634619,-0.0068173694956416755,0.0068173694956416755,26356.196767787376,27139.640232212623,0.021152534482938856,fc6ed5692c5e33a9fffe770a3a11e12d0b94dbf5a1eec4c0ae7c81aee87c07d7
29,112,1.675,6000,19388.116666666665,4193.00549326693,54.13146815326345,"[19607.59,19674.43,19513.52,19339.61,18971.97,19246.49,19375.275,19488.7,19399.415,19261.5,19482.27,19418.58,19157.76,19856.89,19660.935,19385.075,19410.26,19662.13,19484.07,19060.635,19047.515,19540.97,19469.875,19239.725,18876.845,19662.295,19385.645,19389.535,19401.95,19172.04]",19429.00740815064,0.0021090620707000488,0.0021090620707000488,19161.755713276507,19614.477620056823,0.013947140276345582,fc6ed5692c5e33a9fffe770a3a11e12d0b94dbf5a1eec4c0ae7c81aee87c07d7
29,112,1.875,6000,17284.820333333333,3451.894159868614,44.56376198013928,"[17058.355,17225.62,17250.115,17523.99,17060.94,16891.85,17268.655,17055.535,17542.47,17305.825,17164.095,17329.605,16835.615,17416.26,17471.225,17507.36,17268.625,17159.595,17885.325,17094.095,17018.86,17107.125,17492.105,17222.0,17513.315,17528.86,17513.02,17453.27,17478.515,16902.385]",17283.91471062083,-5.239410621800664e-05,5.239410621800664e-05,17098.468549562836,17471.17211710383,0.0108457760717251,fc6ed5692c5e33a9fffe770a3a11e12d0b94dbf5a1eec4c0ae7c81aee87c07d7
30,14,0.325,6000,303.6166666666667,93.14433799309677,1.2024882328025952,"[296.8,311.67,301.63,307.405,306.45,305.07,309.4,310.355,305.465,302.565,292.205,305.455,302.395,294.37,294.38,312.905,298.1,298.32,307.27,314.435,310.55,300.25,306.755,301.225,310.85,292.775,310.455,299.89,292.025,307.08]",305.6073172988704,0.006556460335523007,0.006556460335523007,298.58823510728297,308.6450982260504,0.023507564486140664,fc6ed5692c5e33a9fffe770a3a11e12d0b94dbf5a1eec4c0ae7c81aee87c07d7
30,14,0.525,6000,400.3,132.94980108397323,1.7163745515993902,"[398.665,395.625,413.13,392.685,395.105,390.875,410.865,388.48,397.885,412.885,412.85,402.605,399.865,413.41,379.18,408.5,403.745,393.625,382.405,397.82,395.21,402.99,409.315,403.175,393.505,403.175,403.105,403.71,403.915,400.695]",394.85221165550075,-0.013609263913313161,0.013609263913313161,393.1226557836078,407.4773442163922,0.030983642992889582,fc6ed5692c5e33a9fffe770a3a11e12d0b94dbf5a1eec4c0ae7c81aee87c07d7
30,14,0.725,6000,513.7563333333334,174.17676811498345,2.248612407351873,"[514.15,513.745,516.985,532.595,529.045,507.55,501.0,514.105,529.185,511.38,517.15,534.675,498.865,520.425,495.53,503.715,502.59,497.18,503.48,506.14,507.18,511.59,527.77,522.935,522.62,486.045,543.115,508.8,517.5,515.645]",506.3945073950269,-0.014329411553025098,0.014329411553025098,504.35333604362427,523.1593306230425,0.032045348800431306,fc6ed5692c5e33a9fffe770a3a11e12d0b94dbf5a1eec4c0ae7c81aee87c07d7
30,14,0.94,6000,573.0996666666666,203.63355446481037,2.6288978839041053,"[548.65,567.985,587.34,583.015,564.285,560.34,569.005,566.245,570.88,571.175,571.085,596.65,559.405,577.17,575.365,570.725,593.025,567.155,556.325,576.09,555.4,583.575,579.88,555.68,578.505,601.37,558.19,586.72,587.095,574.66]",574.4806865693419,0.00240973775243614,0.00240973775243614,562.1064338638718,584.0928994694615,0.0220140741325634,fc6ed5692c5e33a9fffe770a3a11e12d0b94dbf5a1eec4c0ae7c81aee87c07d7
30,14,1.0,6000,575.2303333333333,202.57322856696595,2.6152091354244256,"[567.27,552.08,567.76,600.725,562.625,561.955,595.26,572.22,594.43,577.425,578.23,586.115,560.72,580.125,564.98,575.515,570.98,564.055,577.83,595.795,582.38,585.38,569.165,568.63,565.18,558.895,585.045,585.625,586.605,563.91]",577.9732600224038,0.004768397162186892,0.004768397162186892,564.2943426165614,586.1663240501052,0.02424074879506155,fc6ed5692c5e33a9fffe770a3a11e12d0b94dbf5a1eec4c0ae7c81aee87c07d7
30,14,1.06,6000,573.5126666666666,207.74955953295444,2.6820352808435293,"[592.92,582.95,584.47,575.67,582.755,582.88,549.08,549.65,570.86,586.91,570.05,564.025,580.205,588.33,567.765,600.49,568.91,557.91,576.11,595.06,561.02,570.91,585.13,548.035,588.79,549.88,556.335,590.325,554.57,573.385]",572.6213202696215,-0.0015541878128442505,0.0015541878128442505,562.2972298069297,584.7281035264035,0.0207049792609042,fc6ed5692c5e33a9fffe770a3a11e12d0b94dbf5a1eec4c0ae7c81aee87c07d7
30,14,1.275,6000,559.5866666666667,198.10622109034,2.557540316876571,"[543.745,559.135,562.28,579.415,558.13,533.045,549.945,585.04,563.81,561.985,539.94,560.97,540.11,603.44,565.975,564.145,579.89,529.745,557.565,562.515,563.105,548.67,544.915,558.995,564.64,571.52,574.295,567.885,558.38,534.37]",553.9551502023655,-0.010063707375028898,0.010063707375028898,548.891829001765,570.2815043315684,0.02862858782056965,fc6ed5692c5e33a9fffe770a3a11e12d0b94dbf5a1eec4c0ae7c81aee87c07d7
30,14,1.675,6000,520.539,172.34429466908432,2.2249552768907574,"[515.67,518.475,506.925,512.06,523.885,491.505,512.455,534.05,522.955,510.19,542.535,516.705,501.855,526.895,517.485,512.38,516.065,534.755,545.61,516.055,516.42,537.465,509.925,524.425,517.97,526.835,518.655,515.48,556.43,514.055]",521.405839375844,0.0016652726805177934,0.0016652726805177934,511.2349294674683,529.8430705325317,0.019894786764609984,fc6ed5692c5e33a9fffe770a3a11e12d0b94dbf5a1eec4c0ae7c81aee87c07d7
30,14,1.875,6000,504.113,160.9048361362973,2.0772725022670424,"[498.01,506.72,510.165,499.875,486.775,522.505,510.46,501.415,507.275,499.42,512.88,508.675,495.36,515.51,501.745,513.115,508.41,507.15,492.58,491.14,495.345,509.26,500.385,519.86,493.345,498.625,515.295,499.88,495.11,507.1]",506.19602920155603,0.004132068011648242,0.004132068011648242,495.42649287011756,512.7995071298825,0.021737909632260743,fc6ed5692c5e33a9fffe770a3a11e12d0b94dbf5a1eec4c0ae7c81aee87c07d7
30,28,0.325,6000,622.9876666666667,138.12598227361883,1.7831987634142221,"[614.305,618.025,615.105,615.86,622.335,622.55,628.955,610.825,623.84,632.83,630.84,619.725,626.395,624.97,622.06,602.72,619.745,610.465,615.94,613.425,633.79,631.035,636.275,623.84,626.35,632.585,635.83,620.42,641.025,617.565]",622.2222222222222,-0.0012286670915012498,0.0012286670915012498,615.5308843930409,630.4444489402924,0.013041952755537656,fc6ed5692c5e33a9fffe770a3a11e12d0b94dbf5a1eec4c0ae7c81aee87c07d7
30,28,0.525,6000,880.7975,241.80519456600427,3.1216916386019293,"[884.1,901.18,871.13,877.675,877.54,906.365,840.645,868.66,854.155,889.875,890.3,865.66,879.77,885.675,918.075,869.275,891.995,869.41,871.56,877.46,860.41,871.575,892.485,913.625,893.79,896.71,882.905,874.765,849.57,897.585]",884.2105263157895,0.0038749273423113327,0.0038749273423113327,867.7435570789744,893.8514429210256,0.018976769233812307,fc6ed5692c5e33a9fffe770a3a11e12d0b94dbf5a1eec4c0ae7c81aee87c07d7
30,28,0.725,6000,1425.0506666666668,457.7065850366221,5.90896660432102,"[1407.98,1433.265,1448.31,1388.32,1430.94,1403.2,1451.675,1375.5,1411.215,1448.29,1444.755,1432.415,1440.88,1440.315,1372.895,1419.035,1416.565,1407.115,1393.67,1415.125,1462.035,1433.14,1383.755,1450.07,1402.745,1426.22,1502.35,1432.295,1483.66,1393.785]",1414.2916263762593,-0.007549935270423707,0.007549935270423707,1400.3412072757326,1449.760126057601,0.024465081528895927,fc6ed5692c5e33a9fffe770a3a11e12d0b94dbf5a1eec4c0ae7c81aee87c07d7
30,28,0.94,6000,2289.7205,799.5491449470846,10.322135076181462,"[2355.33,2262.89,2267.04,2249.805,2309.69,2266.065,2235.55,2288.79,2320.385,2313.255,2295.085,2228.005,2272.33,2182.66,2230.03,2279.895,2274.06,2271.27,2305.695,2296.25,2410.43,2444.38,2213.275,2274.7,2296.99,2257.27,2317.875,2283.41,2229.945,2459.26]",2311.9093117202115,0.009690620195876118,0.009690620195876118,2246.556543495976,2332.884456504024,0.029090195131495244,fc6ed5692c5e33a9fffe770a3a11e12d0b94dbf5a1eec4c0ae7c81aee87c07d7
30,28,1.0,6000,2332.9708333333333,815.8934356473037,10.533138961806534,"[2273.1,2319.6,2365.93,2198.64,2325.705,2385.955,2385.425,2282.335,2327.735,2296.11,2402.1,2358.24,2241.19,2353.415,2325.07,2348.59,2351.585,2256.805,2433.75,2330.73,2341.56,2344.875,2315.335,2329.39,2330.19,2363.27,2341.92,2338.5,2342.42,2379.655]",2327.0231991191317,-0.0025493821565285625,0.0025493821565285625,2288.924524246817,2377.0171424198497,0.0210322182404723,fc6ed5692c5e33a9fffe770a3a11e12d0b94dbf5a1eec4c0ae7c81aee87c07d7
30,28,1.06,6000,2307.62,812.6683718346802,10.491503567017377,"[2332.19,2309.555,2213.445,2281.39,2428.255,2284.185,2467.645,2326.275,2403.555,2195.345,2380.825,2273.655,2287.415,2272.44,2260.455,2335.09,2256.8,2316.815,2286.71,2303.435,2292.835,2358.765,2363.155,2312.225,2222.1,2238.745,2373.97,2300.41,2289.065,2261.85]",2283.7179192872563,-0.010357892856165033,0.010357892856165033,2263.747797177008,2351.4922028229917,0.02882181937680739,fc6ed5692c5e33a9fffe770a3a11e12d0b94dbf5a1eec4c0ae7c81aee87c07d7
30,28,1.275,6000,2152.0376666666666,698.0993413282592,9.01242374320905,"[2160.08,2105.905,2185.215,2238.255,2157.275,2151.955,2169.945,2144.78,2179.44,2108.885,2162.695,2072.135,2132.99,2195.23,2108.205,2172.025,2182.63,2128.81,2110.865,2209.09,2158.03,2143.99,2182.32,2229.19,2150.39,2065.745,2109.745,2150.27,2147.785,2147.255]",2138.5213135312433,-0.0062807233092527755,0.0062807233092527755,2114.3505153576934,2189.72481797564,0.023383533868759465,fc6ed5692c5e33a9fffe770a3a11e12d0b94dbf5a1eec4c0ae7c81aee87c07d7
30,28,1.675,6000,1919.402,579.6558060938029,7.483324278445781,"[1922.46,1935.695,1937.68,1894.255,1908.38,1874.615,1885.6,1888.385,1920.55,1872.265,1971.35,1825.255,1950.125,1879.405,1887.425,1986.835,1853.86,1966.17,1946.715,1893.465,1908.025,1974.27,1957.225,1974.795,1944.195,2013.725,1856.25,1876.055,1947.97,1929.06]",1906.8400914788513,-0.006544699089168804,0.006544699089168804,1888.1090667767473,1950.6949332232527,0.022481650512075402,fc6ed5692c5e33a9fffe770a3a11e12d0b94dbf5a1eec4c0ae7c81aee87c07d7
30,28,1.875,6000,1807.4065,517.8655289185508,6.685615230254809,"[1755.0,1835.305,1758.66,1839.865,1831.35,1838.705,1868.285,1778.96,1779.88,1786.66,1769.095,1812.775,1821.79,1787.75,1798.935,1818.32,1829.415,1829.245,1805.47,1823.055,1790.955,1834.275,1803.955,1755.18,1868.945,1869.05,1786.57,1794.355,1786.675,1763.715]",1807.5908381045112,0.00010199039591325928,0.00010199039591325928,1779.4493377587057,1835.3636622412944,0.015814724110803313,fc6ed5692c5e33a9fffe770a3a11e12d0b94dbf5a1eec4c0ae7c81aee87c07d7
30,56,0.325,6000,1244.4218333333333,198.74489715628718,2.5657855894333537,"[1257.21,1239.645,1256.225,1245.86,1232.25,1217.485,1237.34,1238.745,1214.74,1234.315,1239.975,1238.23,1269.22,1253.405,1242.64,1255.915,1240.04,1264.215,1221.7,1241.49,1267.37,1250.31,1261.425,1224.395,1220.64,1244.065,1259.87,1254.145,1240.975,1268.815]",1223.4657694656887,-0.016840000156145833,0.016840000156145833,1233.6925165046366,1255.15115016203,0.025244274916412235,fc6ed5692c5e33a9fffe770a3a11e12d0b94dbf5a1eec4c0ae7c81aee87c07d7
30,56,0.525,6000,1768.2236666666668,338.7283436448057,4.372964112749185,"[1737.59,1791.185,1749.795,1773.8,1807.17,1726.735,1758.665,1776.37,1780.165,1765.145,1783.705,1798.265,1745.375,1762.9,1792.735,1806.91,1798.565,1782.81,1762.07,1774.96,1786.855,1760.31,1731.42,1804.845,1747.35,1742.345,1744.335,1759.33,1742.54,1752.465]",1768.421052631579,0.0001116295232516025,0.0001116295232516025,1749.9372916712534,1786.51004166208,0.010562527610731065,fc6ed5692c5e33a9fffe770a3a11e12d0b94dbf5a1eec4c0ae7c81aee87c07d7
30,56,0.725,6000,3056.6145,769.4652500394368,9.933753662960216,"[3044.24,3064.42,3053.935,3119.55,3102.37,3022.59,3064.45,3077.71,3013.19,2971.53,3021.505,3062.3,3060.505,3147.33,3046.305,3080.395,3029.18,3043.45,3123.19,3077.63,3002.585,3073.1,3052.275,3015.82,3078.61,3032.035,2957.82,3075.065,3071.11,3114.24]",3054.5454545454545,-0.0006769075572158774,0.0006769075572158774,3015.0746336966495,3098.154366303351,0.014075771121091485,fc6ed5692c5e33a9fffe770a3a11e12d0b94dbf5a1eec4c0ae7c81aee87c07d7
30,56,0.94,6000,8522.762333333334,2904.182150194464,37.49283034018669,"[8258.58,8674.26,8812.995,8495.345,8399.22,8610.85,8265.705,8847.98,8232.81,8635.745,8630.265,8339.94,8473.165,8526.18,8726.23,8176.27,8616.985,8308.375,8494.215,8524.905,8957.745,8542.135,8233.245,8598.05,8538.28,8543.66,8741.435,8513.23,8398.22,8566.85]",8447.534913641042,-0.00882664759969548,0.00882664759969548,8365.97898511394,8679.545681552729,0.02673075025168603,fc6ed5692c5e33a9fffe770a3a11e12d0b94dbf5a1eec4c0ae7c81aee87c07d7
30,56,1.0,6000,9284.510333333334,3287.711672207051,42.44417517863216,"[9316.855,9152.035,9367.0,9466.535,9202.4,8911.08,9079.875,9954.4,9298.57,9412.215,9332.435,9113.595,9208.65,9246.74,9459.135,8912.705,9535.8,9550.2,9359.505,9262.06,9146.96,9267.395,9408.105,9217.865,9187.74,9213.51,9106.525,9197.56,9303.735,9344.125]",9338.353114535563,0.005799205264376983,0.005799205264376983,9107.022001923375,9461.998664743292,0.025401400431813048,fc6ed5692c5e33a9fffe770a3a11e12d0b94dbf5a1eec4c0ae7c81aee87c07d7
30,56,1.06,6000,9008.427,3093.4221571119824,39.935908324279104,"[8970.4,8677.025,8911.77,8960.065,9020.845,8819.19,9161.525,9206.405,9104.59,9083.155,9057.83,8843.345,9499.525,9011.85,8943.575,9446.84,9203.17,8877.775,9055.08,9350.495,9319.71,8730.045,8869.67,8672.6,9078.745,8892.755,8928.38,9084.41,8725.47,8746.57]",8989.099513176225,-0.0021454896425063957,0.0021454896425063957,8841.42745996922,9175.42654003078,0.02030717874985344,fc6ed5692c5e33a9fffe770a3a11e12d0b94dbf5a1eec4c0ae7c81aee87c07d7
30,56,1.275,6000,7948.104166666667,2468.7277581998906,31.87113831276049,"[8127.8,8169.97,7704.825,7874.29,7967.53,7808.325,8114.295,8058.555,7580.56,8083.595,7803.735,8226.19,7971.42,7884.695,7763.01,8149.945,8121.88,7901.825,7931.99,7925.775,7829.77,7662.93,8054.58,7963.99,7877.74,7800.36,7978.945,7923.485,8252.855,7928.26]",7916.841959467577,-0.00393329107716022,0.00393329107716022,7814.82898496127,8081.379348372064,0.020360062535318524,fc6ed5692c5e33a9fffe770a3a11e12d0b94dbf5a1eec4c0ae7c81aee87c07d7
30,56,1.675,6000,6446.594333333333,1671.6166979400593,21.580478774546947,"[6415.155,6338.08,6575.93,6818.195,6490.13,6570.17,6264.57,6528.715,6476.075,6187.785,6432.245,6618.445,6569.495,6532.01,6353.39,6425.245,6517.56,6530.78,6262.085,6455.395,6467.815,6438.305,6311.075,6402.54,6434.745,6416.73,6412.755,6625.53,6333.065,6193.815]",6481.310154419746,0.00538514125309669,0.00538514125309669,6356.351487227782,6536.837179438885,0.0196588667953701,fc6ed5692c5e33a9fffe770a3a11e12d0b94dbf5a1eec4c0ae7c81aee87c07d7
30,56,1.875,6000,5964.635333333334,1454.4003260460843,18.776227471650405,"[5890.915,5933.65,5819.52,6055.06,5916.305,5779.99,5911.57,5915.41,5936.01,6118.48,5951.23,5933.455,6058.75,5934.925,6031.93,5979.04,5933.56,6014.57,5968.06,6048.295,6023.42,6056.555,5837.17,5993.27,5941.99,6102.805,5900.855,5969.805,5963.865,6018.6]",5953.263661725672,-0.001906515817339403,0.001906515817339403,5886.118993456506,6043.151673210161,0.014874359662851111,fc6ed5692c5e33a9fffe770a3a11e12d0b94dbf5a1eec4c0ae7c81aee87c07d7
30,112,0.325,6000,2495.9241666666667,281.9254914803377,3.6396424445822966,"[2483.885,2503.485,2497.575,2484.95,2534.265,2477.265,2541.165,2525.565,2496.31,2448.875,2496.585,2545.32,2494.845,2485.56,2463.59,2487.755,2525.545,2461.8,2505.855,2494.23,2487.95,2507.985,2488.5,2493.98,2486.52,2491.615,2482.03,2494.485,2475.37,2514.865]",2454.835216497266,-0.016462419298690165,0.016462419298690165,2480.7043146681526,2511.1440186651807,0.022423565414557922,fc6ed5692c5e33a9fffe770a3a11e12d0b94dbf5a1eec4c0ae7c81aee87c07d7
30,112,0.525,6000,3535.1025,474.57399782013397,6.126723967001513,"[3496.505,3485.03,3533.535,3583.12,3518.61,3511.59,3480.895,3496.01,3475.93,3519.27,3531.44,3579.99,3558.725,3527.49,3539.295,3519.525,3589.14,3527.72,3561.835,3534.22,3528.825,3623.775,3556.625,3531.53,3507.58,3550.33,3550.39,3566.545,3564.84,3502.76]",3518.8536012304216,-0.0045964434608553265,0.0045964434608553265,3509.482447087299,3560.722552912701,0.01175855491690303,fc6ed5692c5e33a9fffe770a3a11e12d0b94dbf5a1eec4c0ae7c81aee87c07d7
30,112,0.725,6000,6101.1805,1085.167878167729,14.009457066609512,"[6098.275,6125.915,6105.74,6142.68,6209.83,6089.85,6035.66,6038.195,6097.52,6136.32,6056.01,6145.235,6029.015,6215.165,6084.345,6013.58,6032.6,6025.68,6097.21,6055.03,6010.86,6073.75,6155.39,6138.32,6246.395,6173.22,6210.47,5978.375,6112.355,6102.425]",6109.090909090909,0.001296537463677499,0.001296537463677499,6042.597310475239,6159.7636895247615,0.011004141960676117,fc6ed5692c5e33a9fffe770a3a11e12d0b94dbf5a1eec4c0ae7c81aee87c07d7
30,112,0.94,6000,25411.348833333333,8272.228364705301,106.79400897509414,"[25082.92,25625.905,25263.575,25418.365,25158.725,26007.895,25818.42,25428.455,25399.24,25172.78,25166.795,25574.945,24551.935,26131.435,25870.41,24955.195,25759.33,25946.28,25075.79,25817.055,25158.67,24759.815,25064.675,24915.185,26318.375,25828.865,25079.01,25024.235,25151.895,25814.29]",24708.503456271817,-0.02765871979765036,0.02765871979765036,24964.76952350351,25857.928143163157,0.04445153844219529,fc6ed5692c5e33a9fffe770a3a11e12d0b94dbf5a1eec4c0ae7c81aee87c07d7
30,112,1.0,6000,37277.81883333333,13261.037695650853,171.1992604956151,"[38281.31,36146.06,36737.655,37083.075,37163.99,38809.4,35028.735,36351.66,36810.1,36332.5,36751.745,36711.735,38130.28,37381.695,36706.305,36312.065,37550.305,38548.565,37565.3,39284.155,35278.905,38885.21,37419.825,39141.22,35548.025,38683.155,39042.705,37059.68,37826.65,35762.555]",37413.93309426031,0.0036513472404471627,0.0036513472404471627,36561.91680540836,37993.720861258305,0.023303381313036775,fc6ed5692c5e33a9fffe770a3a11e12d0b94dbf5a1eec4c0ae7c81aee87c07d7
30,112,1.06,6000,34636.5235,11478.618307669116,148.18832514358016,"[36286.86,36142.57,33934.3,34663.105,34242.55,35404.655,33821.35,35408.05,35762.54,34953.725,36158.85,34400.275,35712.295,34906.625,34259.515,35128.68,35909.14,35674.3,33327.41,34230.515,32534.995,34436.255,34732.015,32663.425,32798.4,34332.145,33238.19,34333.325,34835.07,34864.575]",34638.3768235862,5.350778308330519e-05,5.350778308330519e-05,34016.84604241068,35256.200957589324,0.0182712641965872,fc6ed5692c5e33a9fffe770a3a11e12d0b94dbf5a1eec4c0ae7c81aee87c07d7
30,112,1.275,6000,27363.4705,7696.9858717367215,99.36766032410033,"[27215.235,27723.345,27279.04,28394.38,27456.995,27434.275,27788.67,27385.85,27635.38,27368.065,27176.26,27483.09,26549.89,26473.63,27098.055,27162.915,28940.215,26801.37,27094.355,27685.785,26389.435,27412.55,27941.97,27185.945,27834.14,27562.71,26769.66,27282.275,26569.015,27809.615]",27493.48559757256,0.004751411103812989,0.004751411103812989,26947.94586905099,27778.99513094901,0.020244204555424306,fc6ed5692c5e33a9fffe770a3a11e12d0b94dbf5a1eec4c0ae7c81aee87c07d7
30,112,1.675,6000,20263.2965,4465.270090086076,57.64638898407156,"[19886.53,20117.97,20017.2,19908.485,20048.2,20170.045,20384.405,20228.665,20316.99,20544.98,20326.08,20137.885,19715.795,20156.985,20189.19,20219.02,20081.34,20206.22,20354.13,20129.245,20602.55,20271.54,20609.34,20352.34,21300.45,20718.98,20083.69,20245.725,20410.475,20164.445]",20273.107185302077,0.00048416037844959276,0.00048416037844959276,20022.23724158512,20504.35575841488,0.012529566036502349,fc6ed5692c5e33a9fffe770a3a11e12d0b94dbf5a1eec4c0ae7c81aee87c07d7
30,112,1.875,6000,17966.7985,3592.963621370966,46.38496089699614,"[17485.925,17920.03,17943.44,17417.755,18005.98,17979.655,18103.255,17999.21,17927.56,17369.37,17833.26,17751.64,17595.43,18490.615,18017.75,18030.16,18407.29,17839.165,17964.01,18293.35,17648.44,17742.285,18478.14,17681.86,18419.14,17938.945,18156.185,17997.8,18535.65,18030.66]",18076.944991892746,0.006130557533260306,0.006130557533260306,17772.831029140332,18160.76597085967,0.017111171667236746,fc6ed5692c5e33a9fffe770a3a11e12d0b94dbf5a1eec4c0ae7c81aee87c07d7
31,14,0.325,6000,315.39433333333335,94.88994599814467,1.2250239352444514,"[325.765,317.41,324.46,317.02,322.275,306.095,310.435,301.085,326.4,307.01,329.875,318.735,318.225,306.435,319.945,304.905,312.365,315.2,311.355,324.195,313.645,313.885,310.025,307.58,306.345,324.26,311.54,306.805,326.41,322.145]",315.42831511301364,0.00010774378639318938,0.00010774378639318938,310.27166447974565,320.51700218692105,0.016619792342025486,fc6ed5692c5e33a9fffe770a3a11e12d0b94dbf5a1eec4c0ae7c81aee87c07d7
31,14,0.525,6000,408.95733333333334,133.03455520415972,1.7174687225860727,"[409.515,410.13,404.835,419.27,432.705,394.22,403.425,407.185,413.43,409.755,412.285,406.185,401.765,424.715,396.81,422.885,420.41,407.205,406.425,399.755,428.87,405.155,419.12,409.8,399.445,410.23,394.47,394.835,404.0,399.885]",406.6512061579928,-0.00563904101326101,0.00563904101326101,401.77541363439525,416.1392530322714,0.02280017279106039,fc6ed5692c5e33a9fffe770a3a11e12d0b94dbf5a1eec4c0ae7c81aee87c07d7
31,14,0.725,6000,523.0353333333334,178.45023068732903,2.303782571929657,"[524.79,510.49,525.745,544.205,536.47,497.775,513.775,518.945,520.455,520.02,565.25,514.965,535.245,528.115,529.005,512.53,521.23,528.54,505.725,528.13,521.22,511.08,527.5,531.795,524.805,525.08,520.255,514.825,498.27,534.825]",519.5812435675707,-0.006603931982471534,0.006603931982471534,513.4016315850428,532.669035081624,0.024570212743918463,fc6ed5692c5e33a9fffe770a3a11e12d0b94dbf5a1eec4c0ae7c81aee87c07d7
31,14,0.94,6000,588.6721666666666,205.85412232594547,2.6575652917217707,"[564.97,595.04,572.92,606.54,602.575,588.945,590.345,588.205,594.905,603.79,558.34,585.6,562.505,597.8,604.37,574.79,584.95,586.225,601.135,605.27,583.41,607.79,591.035,582.895,593.415,588.805,579.075,576.585,586.685,601.25]",587.0525186019303,-0.0027513583220819377,0.0027513583220819377,577.5590556860536,599.7852776472796,0.021228862260999293,fc6ed5692c5e33a9fffe770a3a11e12d0b94dbf5a1eec4c0ae7c81aee87c07d7
31,14,1.0,6000,589.067,209.5514936296416,2.7052981500016386,"[551.29,594.415,606.465,592.07,575.615,566.215,585.54,587.125,602.995,620.81,588.225,565.565,570.3,581.04,607.54,602.69,599.16,588.505,583.62,587.175,595.565,620.41,574.6,595.245,560.79,594.575,582.33,588.01,580.18,623.945]",590.5934444882174,0.002591291802490052,0.002591291802490052,577.7542850611555,600.3797149388445,0.022222525663661452,fc6ed5692c5e33a9fffe770a3a11e12d0b94dbf5a1eec4c0ae7c81aee87c07d7
31,14,1.06,6000,587.71,215.03911009351677,2.776142973918179,"[587.015,601.865,576.67,611.1,561.045,597.46,577.065,580.97,588.805,601.255,616.995,590.88,601.69,579.755,576.7,580.495,572.0,585.545,560.445,571.855,603.06,599.97,581.465,574.585,586.205,570.09,603.23,601.24,591.865,599.98]",585.3395705303193,-0.004033331863811648,0.004033331863811648,576.1010340553802,599.3189659446199,0.023325468087376344,fc6ed5692c5e33a9fffe770a3a11e12d0b94dbf5a1eec4c0ae7c81aee87c07d7
31,14,1.275,6000,569.1821666666667,195.84391009549535,2.528334007519987,"[580.555,566.01,564.525,590.245,579.765,551.09,579.98,565.74,562.76,576.725,566.375,575.005,581.15,562.585,575.36,559.61,577.235,571.755,535.835,567.375,582.395,559.64,545.36,567.08,568.565,545.925,554.79,597.795,576.03,588.205]",567.0024750321702,-0.0038295149815771126,0.0038295149815771126,558.6094606981056,579.7548726352278,0.02199618874282616,fc6ed5692c5e33a9fffe770a3a11e12d0b94dbf5a1eec4c0ae7c81aee87c07d7
31,14,1.675,6000,535.2546666666667,174.2195919596664,2.249165260809465,"[543.0,550.12,527.135,552.12,519.465,529.575,516.855,560.48,525.45,539.885,517.99,525.145,513.825,524.14,557.75,558.43,522.72,543.125,527.61,531.54,554.095,533.625,536.75,565.35,512.63,531.87,536.875,533.41,538.85,527.825]",534.9612372565363,-0.0005482052346368017,0.0005482052346368017,525.8493575158533,544.6599758174801,0.017806960290017715,fc6ed5692c5e33a9fffe770a3a11e12d0b94dbf5a1eec4c0ae7c81aee87c07d7
31,14,1.875,6000,523.0908333333333,169.18836652244536,2.184212419711558,"[519.405,513.705,525.795,518.605,514.08,530.47,530.56,508.415,515.915,540.78,522.94,533.665,525.32,513.69,547.55,520.84,533.655,536.55,514.16,517.195,521.58,515.695,525.145,535.22,529.075,516.79,530.24,493.705,515.125,526.855]",519.9522347937684,-0.006000102352328667,0.006000102352328667,513.9571367498105,532.2245299168561,0.023058492108593454,fc6ed5692c5e33a9fffe770a3a11e12d0b94dbf5a1eec4c0ae7c81aee87c07d7
31,28,0.325,6000,641.2508333333334,144.33827110433944,1.8633990673582597,"[636.76,641.34,623.945,652.585,644.535,631.6,632.71,630.855,638.965,648.3,628.175,633.54,639.97,657.39,640.83,638.38,656.315,642.965,645.63,633.755,658.1,651.66,645.065,630.0,638.67,637.165,643.555,631.08,654.64,649.045]",642.9629629629629,0.0026699842567526914,0.0026699842567526914,633.458678348006,649.0429883186608,0.015003795732569492,fc6ed5692c5e33a9fffe770a3a11e12d0b94dbf5a1eec4c0ae7c81aee87c07d7
31,28,0.525,6000,908.6495,244.11289294197488,3.151483896529276,"[909.23,898.225,899.845,917.125,905.765,909.975,921.38,928.65,940.815,916.375,920.725,916.465,914.705,905.31,918.025,924.01,916.485,883.575,891.04,877.67,895.14,910.175,905.515,921.2,878.455,905.135,924.165,921.085,895.8,887.42]",913.6842105263158,0.005540871949322426,0.005540871949322426,895.4709751280658,921.8280248719342,0.020339280561991746,fc6ed5692c5e33a9fffe770a3a11e12d0b94dbf5a1eec4c0ae7c81aee87c07d7
31,28,0.725,6000,1488.1905,463.9991994453557,5.990203907018121,"[1484.015,1447.715,1490.99,1491.67,1497.515,1516.25,1515.445,1461.175,1478.19,1454.49,1505.755,1536.21,1488.25,1504.02,1517.72,1497.925,1496.93,1550.88,1470.22,1484.625,1466.395,1488.88,1434.25,1496.265,1513.51,1422.975,1501.13,1490.885,1468.755,1472.68]",1457.8837135163633,-0.020364856840328335,0.020364856840328335,1463.1413314913063,1513.2396685086935,0.036581089000187195,fc6ed5692c5e33a9fffe770a3a11e12d0b94dbf5a1eec4c0ae7c81aee87c07d7
31,28,0.94,6000,2322.3115,800.7128917347643,10.337158982607749,"[2295.185,2265.415,2377.13,2255.41,2338.36,2345.77,2258.765,2436.185,2341.135,2426.015,2290.12,2377.48,2289.135,2297.81,2370.815,2302.345,2401.605,2379.83,2320.35,2295.45,2306.355,2347.23,2283.245,2278.22,2358.16,2294.42,2374.12,2215.565,2258.145,2289.575]",2364.5774131066764,0.018199932742302933,0.018199932742302933,2279.084718194939,2365.5382818050607,0.037511854749940454,fc6ed5692c5e33a9fffe770a3a11e12d0b94dbf5a1eec4c0ae7c81aee87c07d7
31,28,1.0,6000,2386.8051666666665,835.475450912923,10.785941691836276,"[2390.41,2454.025,2465.315,2301.54,2433.8,2350.82,2471.76,2302.975,2211.28,2356.455,2438.425,2437.245,2310.01,2459.985,2385.88,2320.435,2427.105,2369.285,2327.53,2377.5,2398.195,2488.505,2320.56,2447.74,2398.145,2297.625,2378.67,2474.955,2466.02,2341.96]",2378.1033944312576,-0.0036457823859840062,0.0036457823859840062,2341.7017152387093,2431.9086180946238,0.022124689744930426,fc6ed5692c5e33a9fffe770a3a11e12d0b94dbf5a1eec4c0ae7c81aee87c07d7
31,28,1.06,6000,2357.146333333333,816.847656299604,10.545457897456421,"[2374.175,2377.975,2375.225,2362.71,2382.225,2290.835,2288.445,2486.695,2531.96,2374.33,2305.825,2331.415,2263.13,2440.17,2212.61,2271.845,2281.0,2461.465,2326.775,2465.39,2313.29,2414.21,2405.955,2323.915,2370.265,2327.345,2320.9,2368.82,2373.48,2292.01]",2335.5988427266625,-0.009141346170137635,0.009141346170137635,2313.048510291744,2401.244156374922,0.027338042020417563,fc6ed5692c5e33a9fffe770a3a11e12d0b94dbf5a1eec4c0ae7c81aee87c07d7
31,28,1.275,6000,2201.3373333333334,720.2338601744431,9.298179152767664,"[2197.215,2138.935,2089.775,2299.085,2122.5,2163.555,2315.9,2240.885,2132.505,2153.345,2185.76,2204.6,2194.09,2173.225,2268.35,2163.025,2190.175,2182.51,2180.01,2167.17,2276.725,2205.64,2234.115,2170.44,2261.89,2146.785,2271.43,2212.235,2248.805,2249.44]",2192.7877887737254,-0.0038837957409562397,0.0038837957409562397,2162.4552418324383,2240.2194248342284,0.021172763495706626,fc6ed5692c5e33a9fffe770a3a11e12d0b94dbf5a1eec4c0ae7c81aee87c07d7
31,28,1.675,6000,1962.752,592.5893284403319,7.650295333965476,"[1983.345,1917.82,1932.52,1968.965,1970.52,1937.415,1926.495,1889.48,1927.745,1969.915,1967.41,1966.16,1985.09,2038.625,2038.395,1987.415,1920.725,1981.63,2036.555,2004.295,1976.265,2010.01,2033.985,1907.05,1962.41,1941.0,1896.84,1900.815,1921.16,1982.505]",1963.6889758594873,0.0004773786293364355,0.0004773786293364355,1930.7608457861584,1994.7431542138415,0.01705448406269161,fc6ed5692c5e33a9fffe770a3a11e12d0b94dbf5a1eec4c0ae7c81aee87c07d7
31,28,1.875,6000,1865.345,536.6295002250174,6.9278570581836725,"[1866.485,1841.585,1820.775,1890.105,1852.785,1860.63,1903.045,1864.8,1868.305,1899.27,1847.48,1856.56,1856.895,1891.565,1943.225,1852.705,1895.72,1932.88,1893.165,1836.065,1827.395,1893.405,1808.795,1823.155,1872.695,1840.595,1872.0,1870.455,1829.325,1848.485]",1864.9838858838248,-0.00019359106019275707,0.00019359106019275707,1836.3748578231587,1894.3151421768414,0.01557907849739304,fc6ed5692c5e33a9fffe770a3a11e12d0b94dbf5a1eec4c0ae7c81aee87c07d7
31,56,0.325,6000,1282.0996666666667,203.6920759631817,2.629653393199396,"[1272.69,1309.975,1271.71,1264.705,1314.41,1286.1,1265.055,1269.6,1273.415,1276.125,1290.315,1288.24,1306.305,1286.425,1297.505,1283.685,1276.65,1304.73,1275.145,1277.72,1281.75,1290.82,1290.51,1258.13,1289.19,1253.09,1261.885,1275.04,1280.335,1291.735]",1264.358257815683,-0.013837776666075998,0.013837776666075998,1271.1032745591233,1293.0960587742102,0.02222402640819221,fc6ed5692c5e33a9fffe770a3a11e12d0b94dbf5a1eec4c0ae7c81aee87c07d7
31,56,0.525,6000,1832.2785,349.2118627594601,4.5083057625515295,"[1825.465,1863.275,1814.5,1837.605,1816.395,1804.22,1849.895,1821.715,1841.105,1818.345,1837.45,1789.215,1814.97,1814.785,1830.08,1807.17,1802.57,1874.275,1842.48,1861.955,1872.35,1832.64,1824.295,1857.08,1833.43,1810.78,1847.98,1867.035,1825.08,1830.215]",1827.3684210526317,-0.002679766720707698,0.002679766720707698,1813.4261683452194,1851.1308316547804,0.012836699705826238,fc6ed5692c5e33a9fffe770a3a11e12d0b94dbf5a1eec4c0ae7c81aee87c07d7
31,56,0.725,6000,3152.2798333333335,793.5444778542836,10.244615157348337,"[3127.88,3148.11,3172.915,3211.13,3132.075,3140.045,3105.64,3168.605,3254.095,3122.42,3122.625,3190.325,3222.3,3155.51,3232.565,3042.805,3137.705,3256.115,3137.085,3151.845,3126.98,3125.5,3171.425,3123.965,3184.265,3046.84,3174.375,3148.685,3053.545,3181.02]",3156.363636363636,0.001295507774125552,0.001295507774125552,3109.4400410046483,3195.1196256620187,0.01509068987991391,fc6ed5692c5e33a9fffe770a3a11e12d0b94dbf5a1eec4c0ae7c81aee87c07d7
31,56,0.94,6000,8629.954166666666,2936.8478099671975,37.9145421944956,"[8588.725,8470.61,8616.87,8482.975,8628.87,9031.77,8235.345,8538.69,8958.91,9017.65,9100.28,8442.47,8745.63,8936.685,8265.91,9007.05,8821.17,8763.885,8632.115,8340.63,8932.61,9006.505,8388.965,8641.77,8467.155,8189.18,8645.18,8572.805,8376.015,8052.2]",8664.414480907564,0.003993105128414389,0.003993105128414389,8471.407350714844,8788.500982618489,0.02278336080443988,fc6ed5692c5e33a9fffe770a3a11e12d0b94dbf5a1eec4c0ae7c81aee87c07d7
31,56,1.0,6000,9462.444666666666,3377.2706721261907,43.600376895931554,"[9247.43,10099.75,9426.895,9757.535,9079.52,10183.4,9630.135,9385.53,9323.01,9457.15,9336.275,9589.615,9728.58,9339.9,9617.115,9140.68,9397.25,9064.985,10051.315,9693.075,9382.94,9077.195,9572.14,9375.005,9620.91,9431.185,9195.67,9145.04,9355.48,9168.63]",9543.872810681807,0.008605402396907803,0.008605402396907803,9280.121459500184,9644.767873833149,0.028421109824119606,fc6ed5692c5e33a9fffe770a3a11e12d0b94dbf5a1eec4c0ae7c81aee87c07d7
31,56,1.06,6000,9202.398333333333,3149.088331387944,40.65455554400537,"[8950.1,9255.005,9432.255,9051.25,9255.38,9000.84,9139.21,9730.225,9409.935,8882.41,9673.19,9215.13,8992.83,8965.455,9024.55,9596.595,9054.095,9017.91,9420.72,9233.595,9419.015,9263.355,8805.705,8924.595,9569.71,9068.265,9203.755,9056.94,9205.87,9254.06]",9201.037195449595,-0.0001479112112336313,0.0001479112112336313,9032.39363428215,9372.403032384515,0.01867097117284211,fc6ed5692c5e33a9fffe770a3a11e12d0b94dbf5a1eec4c0ae7c81aee87c07d7
31,56,1.275,6000,8172.940333333333,2472.8103479528536,31.9238443198359,"[8458.315,8214.085,8258.755,8303.925,8167.69,8017.785,8500.39,7977.91,7803.225,7683.245,8056.185,8280.655,8050.96,8265.665,8233.46,8247.55,8038.3,7772.215,8250.265,8367.41,8135.91,8297.175,8048.88,8451.66,7969.14,8204.535,8384.725,8062.485,8572.82,8112.89]",8142.977264964357,-0.0036661308105690304,0.0036661308105690304,8039.4447515091515,8306.435915157515,0.019678554299670248,fc6ed5692c5e33a9fffe770a3a11e12d0b94dbf5a1eec4c0ae7c81aee87c07d7
31,56,1.675,6000,6718.208333333333,1755.029655337028,22.657335424068176,"[6686.83,6830.255,6555.305,6803.715,6936.355,6808.955,6803.955,6961.3,6705.985,6537.84,6774.81,6632.56,6526.55,6802.92,6817.545,6540.795,6708.42,6693.735,6746.31,6700.2,6714.86,6744.135,6891.66,6475.38,6759.35,6589.77,6638.7,6544.045,6891.505,6722.505]",6710.682383137407,-0.0011202317377663347,0.0011202317377663347,6623.462407851474,6812.954258815192,0.015011384458578525,fc6ed5692c5e33a9fffe770a3a11e12d0b94dbf5a1eec4c0ae7c81aee87c07d7
31,56,1.875,6000,6179.3205,1537.6619294070922,19.851130148969443,"[6202.685,6112.66,6212.17,6285.875,6067.25,5875.99,6342.71,6207.02,5932.025,6401.605,6312.7,6124.0,6139.485,6160.595,6119.965,6110.955,6094.555,6266.465,6133.755,6260.995,6143.185,6113.66,6155.48,6034.03,6272.145,6312.405,5993.1,6338.28,6391.8,6262.07]",6178.549063378733,-0.000124841658765997,0.000124841658765997,6096.309251650514,6262.331748349486,0.01349009840764781,fc6ed5692c5e33a9fffe770a3a11e12d0b94dbf5a1eec4c0ae7c81aee87c07d7
31,112,0.325,6000,2572.724833333333,287.9923263676424,3.7179649461913673,"[2579.895,2534.7,2576.04,2603.245,2585.83,2567.115,2580.34,2604.545,2573.46,2587.73,2559.495,2604.91,2590.365,2560.895,2528.27,2563.815,2573.525,2573.815,2586.94,2524.71,2559.16,2570.85,2600.145,2582.895,2593.705,2556.02,2550.49,2588.49,2544.63,2575.72]",2535.609235673287,-0.014426571073268507,0.014426571073268507,2557.1774610080856,2588.272205658581,0.020346766414351625,fc6ed5692c5e33a9fffe770a3a11e12d0b94dbf5a1eec4c0ae7c81aee87c07d7
31,112,0.525,6000,3649.8921666666665,499.61160831706707,6.449958128613012,"[3622.49,3687.795,3720.17,3600.475,3652.405,3614.45,3655.02,3699.75,3674.32,3644.165,3594.19,3674.065,3645.845,3662.09,3690.88,3670.51,3601.87,3685.515,3554.585,3659.65,3604.64,3677.845,3698.215,3677.43,3636.715,3685.97,3642.9,3616.5,3655.64,3590.67]",3635.224555733431,-0.004018642267623797,0.004018642267623797,3622.92044908484,3676.863884248493,0.011324685880661267,fc6ed5692c5e33a9fffe770a3a11e12d0b94dbf5a1eec4c0ae7c81aee87c07d7
31,112,0.725,6000,6305.504166666667,1143.7237118162764,14.765409628423232,"[6446.76,6265.545,6495.745,6267.12,6334.43,6256.185,6349.315,6371.06,6331.85,6275.97,6371.545,6362.17,6380.27,6382.495,6292.23,6332.645,6309.475,6110.68,6296.99,6190.76,6312.55,6279.44,6226.98,6352.345,6264.03,6286.645,6182.63,6282.415,6212.405,6342.445]",6312.727272727272,0.0011455239533088553,0.0011455239533088553,6243.759818790807,6367.248514542526,0.01104582109787522,fc6ed5692c5e33a9fffe770a3a11e12d0b94dbf5a1eec4c0ae7c81aee87c07d7
31,112,0.94,6000,26130.145333333334,8468.98168406366,109.33408340571398,"[26147.77,26021.57,27136.535,25811.665,26572.88,26344.9,26926.96,25861.67,25126.38,26267.655,25731.025,26051.8,25478.47,26258.33,26059.81,25729.92,26375.605,26145.655,25996.86,26638.935,26137.255,25429.045,26541.005,25815.29,25357.765,25848.545,26457.445,26630.715,27418.315,25584.585]",25447.51627203466,-0.026124196884120175,0.026124196884120175,25672.94422273932,26587.34644392735,0.04287115204582703,fc6ed5692c5e33a9fffe770a3a11e12d0b94dbf5a1eec4c0ae7c81aee87c07d7
31,112,1.0,6000,38012.984833333336,13398.253285165652,172.9707061390513,"[37972.715,37338.905,37538.21,38309.85,38074.83,37951.475,40403.9,38996.875,36841.115,36677.735,37852.7,38992.37,38375.86,36109.775,37479.49,37641.26,38318.965,39256.975,37480.105,37290.34,39207.975,38232.27,39136.745,38111.17,38769.285,37035.555,36369.61,37592.02,39637.265,37394.2]",38238.40970864078,0.00593020717251777,0.00593020717251777,37289.675171024755,38736.294495641916,0.025442284848681718,fc6ed5692c5e33a9fffe770a3a11e12d0b94dbf5a1eec4c0ae7c81aee87c07d7
31,112,1.06,6000,35862.26733333334,11824.966774135186,152.65966461893873,"[35394.77,35957.695,36257.65,35387.395,35749.225,35456.355,35360.035,37161.24,35353.97,35599.005,35290.32,35076.465,36009.7,36578.6,35337.325,37590.91,36630.18,35662.965,36538.43,34398.79,35436.72,35155.995,35391.775,36873.34,36276.02,35317.455,37109.695,36143.385,35322.945,36049.665]",35511.13374963824,-0.009791170770977,0.009791170770977,35223.89212559788,36500.642541068795,0.027109352672824993,fc6ed5692c5e33a9fffe770a3a11e12d0b94dbf5a1eec4c0ae7c81aee87c07d7
31,112,1.275,6000,28229.974166666667,7781.042726769891,100.45282965636045,"[27497.34,27825.825,28010.89,28233.93,28287.265,28334.315,28701.15,29338.695,29060.74,28251.155,28371.075,28299.71,28677.59,28031.88,27861.275,28232.845,27816.42,27434.395,28003.91,28237.09,27731.005,29284.045,28663.0,28086.495,27978.57,28715.95,27437.935,28320.67,28600.215,27573.845]",28414.13355602941,0.00652354083909133,0.00652354083909133,27809.911695289153,28650.03663804418,0.021726852906282623,fc6ed5692c5e33a9fffe770a3a11e12d0b94dbf5a1eec4c0ae7c81aee87c07d7
31,112,1.675,6000,21118.181666666667,4584.269605615132,59.18266612357416,"[21177.21,21324.645,21291.83,20807.655,21318.375,20860.24,21347.44,21411.21,20631.825,21543.77,20949.645,20815.53,21543.605,21103.93,20853.865,21128.38,20704.235,21312.41,21312.495,20915.695,21453.455,20991.45,21043.685,21097.31,21282.665,21477.68,20855.005,20678.435,20855.07,21456.705]",21117.297651013145,-4.1860405762010155e-05,4.1860405762010155e-05,20870.698175364094,21365.66515796924,0.01181558343554312,fc6ed5692c5e33a9fffe770a3a11e12d0b94dbf5a1eec4c0ae7c81aee87c07d7
31,112,1.875,6000,18751.405833333334,3775.9330016308254,48.747085439037235,"[19014.98,19081.515,19194.125,18959.68,18665.24,18682.145,18834.31,19043.235,18310.645,18992.365,18916.605,18924.22,18646.97,18626.17,18748.725,18914.53,18230.43,18779.13,18835.855,18387.385,18466.115,18756.435,18291.2,18778.54,18427.385,19320.66,18383.595,18776.915,18632.035,18921.035]",18872.35256889896,0.0064500089561619275,0.0064500089561619275,18547.56069276316,18955.25097390351,0.017511298737117986,fc6ed5692c5e33a9fffe770a3a11e12d0b94dbf5a1eec4c0ae7c81aee87c07d7
32,14,0.325,6000,323.4255,98.0939100332649,1.2663869330773454,"[316.31,326.09,324.76,316.75,333.045,346.035,322.48,324.035,320.79,322.67,322.495,329.955,324.835,323.805,324.34,313.63,328.55,330.48,321.41,316.565,324.555,322.125,318.805,319.88,328.125,313.33,328.005,315.55,324.065,319.295]",325.2256265774558,0.005565815241704149,0.005565815241704149,318.12986396218554,328.72113603781446,0.022304610220792442,fc6ed5692c5e33a9fffe770a3a11e12d0b94dbf5a1eec4c0ae7c81aee87c07d7
32,14,0.525,6000,421.38783333333333,136.908916536543,1.7674865123111074,"[422.52,421.415,442.14,427.42,434.335,411.205,422.475,423.795,426.015,405.525,400.35,412.655,420.32,420.945,433.755,426.21,428.595,425.665,417.735,412.54,418.49,416.405,428.975,406.11,430.64,420.51,428.83,418.775,414.025,423.26]",418.3921108033688,-0.007109181359763716,0.007109181359763716,413.996754803961,428.7789118627057,0.024224141561007384,fc6ed5692c5e33a9fffe770a3a11e12d0b94dbf5a1eec4c0ae7c81aee87c07d7
32,14,0.725,6000,536.414,179.30936649308651,2.3148739674890875,"[532.75,533.68,521.6,514.6,522.765,561.615,538.515,545.265,535.515,546.23,527.185,514.945,528.03,549.245,547.65,527.38,520.045,537.315,547.76,551.57,544.515,555.465,552.235,530.74,514.68,559.78,546.455,534.625,526.755,523.51]",532.6631083606611,-0.0069925312153278525,0.0069925312153278525,526.7339174872684,546.0940825127316,0.024594615803692266,fc6ed5692c5e33a9fffe770a3a11e12d0b94dbf5a1eec4c0ae7c81aee87c07d7
32,14,0.94,6000,604.6078333333334,212.87359684410006,2.748186318081571,"[594.345,611.075,599.09,578.78,613.325,579.29,585.88,613.4,611.16,621.59,597.775,603.21,599.115,607.22,601.925,628.965,616.255,598.625,593.125,587.625,608.975,610.635,623.31,572.98,590.895,614.815,638.45,608.1,623.015,605.285]",599.5216925617847,-0.008412297180318842,0.008412297180318842,593.1157734229422,616.0998932437245,0.026908299877568154,fc6ed5692c5e33a9fffe770a3a11e12d0b94dbf5a1eec4c0ae7c81aee87c07d7
32,14,1.0,6000,599.297,210.6607512479549,2.719618604276242,"[598.71,579.405,613.09,592.825,597.565,610.08,610.545,597.595,604.6,593.18,584.55,582.345,603.185,592.825,623.765,591.295,585.03,601.515,583.235,631.08,586.55,636.24,596.035,605.725,588.295,588.565,605.235,603.125,590.83,601.89]",603.1130915384549,0.006367613284322939,0.006367613284322939,587.9244013780934,610.6695986219066,0.02583442722356688,fc6ed5692c5e33a9fffe770a3a11e12d0b94dbf5a1eec4c0ae7c81aee87c07d7
32,14,1.06,6000,596.7193333333333,210.96430001827937,2.723537402050337,"[620.345,584.9,595.8,598.89,611.73,593.905,595.75,620.26,592.705,603.29,586.41,596.94,573.655,600.48,604.555,592.375,596.53,611.605,580.91,581.525,609.065,574.595,589.735,588.085,591.04,627.755,608.565,599.095,595.105,575.98]",597.952969393444,0.002067363987051498,0.002067363987051498,585.3303475187171,608.1083191479496,0.021564953753441474,fc6ed5692c5e33a9fffe770a3a11e12d0b94dbf5a1eec4c0ae7c81aee87c07d7
32,14,1.275,6000,587.2176666666667,200.25589968533265,2.5852925482035882,"[596.075,584.94,627.715,574.675,606.975,577.205,587.845,586.295,588.755,573.785,588.005,583.24,598.405,580.665,578.655,579.22,592.795,591.6,584.705,564.35,577.495,567.82,601.095,593.805,576.235,569.715,600.91,576.62,595.6,611.33]",579.9307459530013,-0.012409232772286111,0.012409232772286111,576.4067778072158,598.0285555261175,0.030262450523277473,fc6ed5692c5e33a9fffe770a3a11e12d0b94dbf5a1eec4c0ae7c81aee87c07d7
32,14,1.675,6000,547.59,178.82074556150877,2.308565898387058,"[546.945,554.46,569.525,553.53,551.695,525.435,523.4,547.865,552.235,566.775,543.415,536.79,556.465,562.8,540.81,548.35,534.18,556.175,538.4,539.925,570.705,554.36,558.685,555.99,549.455,538.23,547.735,533.9,525.59,543.875]",548.3784907969022,0.001439929138410351,0.001439929138410351,537.9362958690989,557.2437041309012,0.01941158276173338,fc6ed5692c5e33a9fffe770a3a11e12d0b94dbf5a1eec4c0ae7c81aee87c07d7
32,14,1.875,6000,531.7621666666666,168.2811764905166,2.172500646759873,"[527.32,514.83,549.3,544.405,529.42,532.49,540.78,533.575,534.545,534.725,544.015,520.26,524.58,526.21,535.04,544.435,512.16,510.1,541.74,545.125,548.835,526.86,525.095,521.79,525.95,526.895,533.17,527.52,525.52,546.175]",533.5648224465845,0.0033899662159451865,0.0033899662159451865,522.6774450727696,540.8468882605637,0.0208300118485103,fc6ed5692c5e33a9fffe770a3a11e12d0b94dbf5a1eec4c0ae7c81aee87c07d7
32,28,0.325,6000,662.218,148.64748956965008,1.9190308385293182,"[650.715,664.85,658.5,675.445,672.61,670.275,652.51,664.07,664.585,668.37,664.595,638.68,657.495,669.37,652.66,657.205,666.93,649.805,684.96,677.05,670.715,660.705,660.58,663.45,659.765,643.53,662.71,656.335,668.175,659.895]",663.7037037037037,0.002243526608614889,0.002243526608614889,654.193210260976,670.2427897390239,0.014537744038850109,fc6ed5692c5e33a9fffe770a3a11e12d0b94dbf5a1eec4c0ae7c81aee87c07d7
32,28,0.525,6000,941.248,252.19373725276813,3.2558071479926,"[913.535,918.37,947.375,931.57,928.735,915.285,946.085,925.61,969.07,939.615,942.035,921.65,988.5,939.29,928.01,968.89,975.53,928.55,964.875,942.635,928.66,959.345,914.395,951.58,957.045,935.95,912.085,954.145,938.325,950.695]",943.1578947368422,0.0020291089456149153,0.0020291089456149153,927.6332277572179,954.8627722427822,0.016735781465223143,fc6ed5692c5e33a9fffe770a3a11e12d0b94dbf5a1eec4c0ae7c81aee87c07d7
32,28,0.725,6000,1527.3333333333333,490.3714485793593,6.330668179344884,"[1523.695,1572.055,1546.77,1494.135,1538.5,1500.9,1543.435,1476.05,1514.165,1476.575,1505.42,1581.14,1543.36,1499.705,1515.28,1556.685,1534.215,1558.26,1509.675,1562.075,1573.76,1520.525,1518.815,1539.145,1552.435,1545.73,1462.2,1567.67,1478.35,1509.275]",1501.3137595206672,-0.017035949680924967,0.017035949680924967,1500.8604491947408,1553.8062174719257,0.0337831432008715,fc6ed5692c5e33a9fffe770a3a11e12d0b94dbf5a1eec4c0ae7c81aee87c07d7
32,28,0.94,6000,2383.6576666666665,814.206569733743,10.511361616504848,"[2425.865,2484.61,2384.835,2493.435,2416.235,2395.74,2380.805,2428.96,2411.145,2383.62,2303.645,2274.2,2290.695,2330.36,2472.41,2377.295,2394.33,2316.605,2416.585,2394.085,2291.77,2327.83,2463.06,2347.735,2354.19,2515.86,2338.21,2377.745,2398.4,2319.47]",2416.79328937391,0.013901166753353704,0.013901166753353704,2339.702423660805,2427.612909672528,0.032949004511644286,fc6ed5692c5e33a9fffe770a3a11e12d0b94dbf5a1eec4c0ae7c81aee87c07d7
32,28,1.0,6000,2429.7415,837.0827844021205,10.806692277954488,"[2392.765,2445.72,2520.89,2353.12,2454.13,2381.88,2410.565,2408.41,2513.95,2423.69,2406.905,2421.165,2458.71,2438.23,2465.74,2557.565,2385.09,2401.03,2362.925,2409.185,2412.535,2396.03,2427.705,2359.08,2452.56,2442.505,2381.1,2453.595,2550.115,2405.355]",2428.781440081079,-0.00039512841959573095,0.00039512841959573095,2384.551276078753,2474.9317239212473,0.018647093733579312,fc6ed5692c5e33a9fffe770a3a11e12d0b94dbf5a1eec4c0ae7c81aee87c07d7
32,28,1.06,6000,2403.616666666667,841.460132298572,10.863203596299531,"[2300.535,2465.07,2394.735,2522.155,2425.685,2348.87,2365.23,2488.555,2397.695,2424.22,2383.91,2366.22,2386.0,2337.84,2292.78,2567.57,2404.505,2291.46,2391.2,2332.01,2515.25,2431.15,2408.02,2429.56,2372.805,2441.76,2459.25,2452.61,2423.275,2288.575]",2387.0421920264175,-0.00689563975408555,0.00689563975408555,2358.190129999168,2449.0432033341654,0.025316422030995045,fc6ed5692c5e33a9fffe770a3a11e12d0b94dbf5a1eec4c0ae7c81aee87c07d7
32,28,1.275,6000,2246.6785,737.8524038266204,9.525633573265369,"[2221.655,2307.605,2308.505,2321.96,2298.935,2241.59,2255.26,2317.47,2290.44,2186.67,2223.12,2251.365,2295.425,2219.145,2121.52,2191.885,2172.855,2248.365,2236.665,2316.79,2178.945,2262.07,2255.215,2244.175,2180.515,2206.92,2260.735,2169.435,2334.18,2280.94]",2246.5231795644845,-6.913336087716938e-05,6.913336087716938e-05,2206.845264899399,2286.511735100601,0.017979472913745242,fc6ed5692c5e33a9fffe770a3a11e12d0b94dbf5a1eec4c0ae7c81aee87c07d7
32,28,1.675,6000,2015.5463333333332,604.0275267420069,7.797961839075493,"[1964.04,2020.31,2024.36,2093.565,2025.37,2019.655,2019.1,1952.085,1981.645,2023.515,1986.245,1967.845,2003.585,1984.88,2051.915,1974.025,1954.755,2061.03,2080.87,2013.73,2070.65,2000.94,2026.97,2004.935,2018.65,2009.42,2046.575,2080.48,2031.095,1974.15]",2019.9664062436138,0.0021929899785388,0.0021929899785388,1982.9376837508853,2048.154982915781,0.018673669271686677,fc6ed5692c5e33a9fffe770a3a11e12d0b94dbf5a1eec4c0ae7c81aee87c07d7
32,28,1.875,6000,1908.3193333333334,543.1888382922,7.012537748504814,"[1940.98,1876.23,1874.965,1959.985,1896.385,1914.59,1894.755,1922.725,1861.505,1949.78,1899.955,1904.03,1975.18,1955.375,1853.215,1879.045,1865.33,1865.925,1920.43,1899.04,1936.795,1880.7,1861.805,1879.7,1897.095,1936.115,1921.075,1909.61,1951.64,1965.62]",1921.8348932595532,0.00708244143951089,0.00708244143951089,1878.9950828633166,1937.64358380335,0.02279932011900465,fc6ed5692c5e33a9fffe770a3a11e12d0b94dbf5a1eec4c0ae7c81aee87c07d7
32,56,0.325,6000,1328.2395,209.3444115650704,2.702624732043697,"[1321.505,1332.46,1337.985,1323.375,1328.37,1320.955,1323.635,1330.895,1327.905,1338.555,1319.095,1318.695,1323.905,1326.09,1315.67,1327.97,1336.35,1327.495,1340.145,1334.73,1298.395,1334.52,1310.42,1318.84,1323.825,1340.335,1343.55,1346.905,1330.33,1344.28]",1305.2682978636642,-0.017294472974441512,0.017294472974441512,1316.9379644630526,1339.5410355369472,0.02558543319245532,fc6ed5692c5e33a9fffe770a3a11e12d0b94dbf5a1eec4c0ae7c81aee87c07d7
32,56,0.525,6000,1877.8236666666667,366.65909060235015,4.7335485054615285,"[1859.635,1876.335,1869.215,1892.675,1839.945,1886.63,1862.48,1861.515,1911.175,1877.765,1857.0,1874.485,1875.57,1844.1,1882.89,1890.56,1908.875,1906.115,1882.015,1916.865,1870.695,1877.63,1884.23,1882.995,1848.945,1900.66,1858.625,1859.96,1896.765,1878.36]",1886.3157894736844,0.004522321748182101,0.004522321748182101,1858.0294399595487,1897.6178933737847,0.015223843554788674,fc6ed5692c5e33a9fffe770a3a11e12d0b94dbf5a1eec4c0ae7c81aee87c07d7
32,56,0.725,6000,3247.439,819.8369822055472,10.58404992895677,"[3187.635,3225.31,3230.82,3256.755,3278.69,3203.055,3289.805,3263.735,3324.27,3219.135,3366.68,3141.725,3209.76,3307.945,3256.765,3296.02,3164.785,3165.68,3324.055,3199.21,3149.54,3230.36,3314.325,3204.335,3308.545,3170.385,3312.115,3346.335,3247.14,3228.255]",3258.181818181818,0.0033080892918444862,0.0033080892918444862,3203.1797970930256,3291.698202906974,0.017171068929289657,fc6ed5692c5e33a9fffe770a3a11e12d0b94dbf5a1eec4c0ae7c81aee87c07d7
32,56,0.94,6000,8802.662166666667,2927.8555540519537,37.798452669813685,"[8858.605,8963.045,8547.95,9006.255,8840.325,8871.31,8868.16,8910.055,8647.025,8566.83,8793.815,8725.12,8592.865,8729.07,8243.775,9118.29,8913.845,8689.865,8969.265,8732.215,8813.455,9190.76,8700.725,8679.475,8733.41,8898.35,9289.155,8833.325,8687.095,8666.43]",8879.580087196366,0.00873802936808893,0.00873802936808893,8644.600800978473,8960.723532354861,0.027182202119882204,fc6ed5692c5e33a9fffe770a3a11e12d0b94dbf5a1eec4c0ae7c81aee87c07d7
32,56,1.0,6000,9772.1085,3397.558121248106,43.86228673788558,"[9924.12,10052.51,9612.185,9781.15,9977.295,9497.04,9743.585,9212.185,9787.285,9693.37,9655.255,9825.785,9861.355,9747.52,10031.455,10130.95,10067.315,9640.54,9632.01,9728.23,9597.99,9785.38,9930.155,9924.86,10180.935,9758.395,9765.43,9458.7,9885.085,9275.185]",9747.783908178833,-0.002489185606275954,0.002489185606275954,9588.690067384263,9955.526932615738,0.020867104859744634,fc6ed5692c5e33a9fffe770a3a11e12d0b94dbf5a1eec4c0ae7c81aee87c07d7
32,56,1.06,6000,9482.019833333334,3228.1625002924943,41.67539867494709,"[9479.71,9637.3,9504.04,9336.935,9235.525,9538.1,9124.53,9915.715,9350.3,9491.88,9476.37,9473.94,9909.9,9181.495,9461.17,9089.445,9468.075,9237.57,9162.045,9766.985,9332.355,9689.84,9648.79,9832.76,9846.96,9534.045,9771.605,9312.85,9443.91,9206.45]",9411.087083661207,-0.0074807636894797785,0.0074807636894797785,9307.746286008398,9656.29338065827,0.02539341829528663,fc6ed5692c5e33a9fffe770a3a11e12d0b94dbf5a1eec4c0ae7c81aee87c07d7
32,56,1.275,6000,8353.619666666667,2518.705187588169,32.51634415178402,"[8508.85,8299.37,8312.295,8592.43,8428.98,8394.345,8141.475,8708.69,8223.18,8206.505,8626.375,8263.715,8168.71,8298.11,8553.945,8244.875,8232.255,8410.215,8066.93,8163.635,8384.73,8508.615,8295.27,8216.515,8514.315,8486.83,8267.705,8351.195,8484.75,8253.78]",8366.852210605037,0.001584049126772081,0.001584049126772081,8217.64643493904,8489.592898394294,0.018156752891146155,fc6ed5692c5e33a9fffe770a3a11e12d0b94dbf5a1eec4c0ae7c81aee87c07d7
32,56,1.675,6000,6947.265666666666,1822.6825219120956,23.530730175962937,"[6952.4,7022.46,6870.32,6894.855,7000.065,6892.535,7147.93,6829.455,6986.13,6802.03,6874.425,6823.515,6922.255,6745.545,7081.03,7133.375,7082.26,7108.215,7091.65,6962.68,7152.61,6927.145,7014.3,6660.69,6925.785,7062.155,6917.805,6938.67,6860.48,6735.2]",6938.479465002705,-0.0012646992479527133,0.0012646992479527133,6848.867476144349,7045.6638571889835,0.015212816614422198,fc6ed5692c5e33a9fffe770a3a11e12d0b94dbf5a1eec4c0ae7c81aee87c07d7
32,56,1.875,6000,6400.612666666667,1579.502314728681,20.391287200800825,"[6603.445,6382.605,6298.63,6419.745,6322.68,6242.745,6459.31,6289.08,6223.12,6227.38,6535.4,6524.93,6511.97,6485.24,6439.58,6251.655,6634.555,6484.575,6375.77,6417.16,6416.28,6378.14,6604.355,6397.385,6201.87,6504.09,6500.895,6260.155,6190.985,6434.65]",6402.787154577514,0.0003397312138839022,0.0003397312138839022,6315.34264963042,6485.882683702914,0.013846359540319098,fc6ed5692c5e33a9fffe770a3a11e12d0b94dbf5a1eec4c0ae7c81aee87c07d7
32,112,0.325,6000,2649.3848333333335,297.97965430943316,3.846900795496926,"[2660.025,2642.535,2638.69,2642.365,2662.47,2674.26,2648.82,2665.965,2670.96,2680.945,2602.69,2622.82,2626.215,2656.595,2652.725,2666.235,2632.975,2671.225,2677.735,2637.09,2639.765,2627.455,2639.535,2646.715,2643.665,2663.45,2676.7,2636.075,2637.335,2637.51]",2616.3588571620776,-0.01246552624433355,0.01246552624433355,2633.298291412827,2665.47137525384,0.018425453204158115,fc6ed5692c5e33a9fffe770a3a11e12d0b94dbf5a1eec4c0ae7c81aee87c07d7
32,112,0.525,6000,3766.4373333333333,507.63279797752034,6.553511241852035,"[3705.655,3769.435,3749.13,3826.195,3756.655,3761.075,3827.205,3797.605,3779.225,3732.255,3733.275,3779.93,3796.985,3778.75,3819.465,3726.51,3765.275,3748.745,3821.3,3685.355,3668.75,3757.265,3798.45,3752.305,3751.79,3787.77,3824.53,3789.63,3774.095,3728.51]",3751.590408649238,-0.003941901423050045,0.003941901423050045,3739.032588859036,3793.8420778076306,0.01113690772885545,fc6ed5692c5e33a9fffe770a3a11e12d0b94dbf5a1eec4c0ae7c81aee87c07d7
32,112,0.725,6000,6524.7755,1194.9134861875964,15.426266773877357,"[6512.52,6606.435,6461.84,6577.36,6525.155,6562.405,6671.4,6602.245,6535.265,6541.415,6432.83,6406.57,6599.395,6629.005,6503.835,6511.3,6580.38,6424.785,6379.49,6378.325,6617.755,6425.935,6565.915,6505.86,6521.735,6487.695,6504.975,6531.17,6556.225,6584.045]",6516.363636363636,-0.001289218860689338,0.001289218860689338,6460.26765320931,6589.283346790689,0.011066409894570528,fc6ed5692c5e33a9fffe770a3a11e12d0b94dbf5a1eec4c0ae7c81aee87c07d7
32,112,0.94,6000,26860.081,8688.120389326004,112.16315192568239,"[27595.46,27339.44,25639.045,27030.6,27925.435,26640.765,27455.83,26912.83,26623.125,27116.445,26507.815,26321.305,26201.12,27586.38,28157.34,26278.53,27441.865,26297.805,26261.445,25633.05,27311.025,26794.625,27596.215,25947.725,28031.395,26731.06,27261.83,26512.26,26472.41,26178.255]",26183.290437407126,-0.025196892093991546,0.025196892093991546,26391.04960529891,27329.112394701086,0.041926790037869144,fc6ed5692c5e33a9fffe770a3a11e12d0b94dbf5a1eec4c0ae7c81aee87c07d7
32,112,1.0,6000,38836.26833333333,13562.546138168731,175.0917177509907,"[39366.575,39235.965,40697.365,37437.69,38458.085,38623.17,38076.65,41655.655,38726.02,38546.65,38862.95,37866.985,37877.29,39013.655,39458.165,38498.925,38170.43,38202.245,38933.095,37724.61,41106.64,38735.715,39117.455,38787.235,37800.11,38856.435,38804.565,36715.31,40526.78,39205.63]",39056.45192842437,0.005669535322013791,0.005669535322013791,38104.08926055041,39568.447406116255,0.024993712915216015,fc6ed5692c5e33a9fffe770a3a11e12d0b94dbf5a1eec4c0ae7c81aee87c07d7
32,112,1.06,6000,36205.229,12004.975427577037,154.9835663421171,"[36481.075,35219.89,36330.08,36830.54,37059.49,35920.93,36425.86,34734.25,35585.725,35676.93,36880.18,38522.355,35998.555,35911.315,38065.6,35606.88,36074.725,35933.135,36642.835,35935.18,36868.375,35176.02,35242.69,36980.28,36463.51,36297.795,36587.5,36180.425,35727.5,34797.245]",36375.52558737978,0.004703646188228232,0.004703646188228232,35557.13595848707,36853.322041512925,0.023016185270044787,fc6ed5692c5e33a9fffe770a3a11e12d0b94dbf5a1eec4c0ae7c81aee87c07d7
32,112,1.275,6000,29101.629333333334,8018.280044482826,103.51555025836417,"[28417.02,29373.135,29184.855,28063.025,29876.385,29793.035,29112.93,29411.395,28857.22,29279.4,28839.98,28248.475,29145.215,29719.185,29329.13,29438.945,28717.42,28699.455,29997.13,28551.435,28316.36,29479.865,28727.81,29212.87,28452.57,28886.76,30103.265,28410.23,29456.105,29948.275]",29327.536032294658,0.007762682163729155,0.007762682163729155,28668.759517557286,29534.499149109382,0.022978898488228205,fc6ed5692c5e33a9fffe770a3a11e12d0b94dbf5a1eec4c0ae7c81aee87c07d7
32,112,1.675,6000,22077.009833333334,4812.04028155922,62.12317290586036,"[21818.985,22142.45,22818.225,22025.51,22496.95,22419.705,21996.355,22286.775,21150.455,21490.75,22027.655,21721.515,21909.43,22541.99,21712.75,22212.065,22638.67,21827.135,22460.19,21591.44,22202.565,21853.805,21765.39,22016.57,22110.995,22352.7,21956.68,22708.28,22147.595,21906.715]",21961.19176934338,-0.005246093781010365,0.005246093781010365,21817.23005779173,22336.789608874937,0.01681521141168485,fc6ed5692c5e33a9fffe770a3a11e12d0b94dbf5a1eec4c0ae7c81aee87c07d7
32,112,1.875,6000,19525.072333333334,3989.758066935053,51.507555162120525,"[19792.395,19356.93,19722.465,19538.285,19888.78,19693.795,19716.715,19439.76,19386.12,19454.755,19668.02,19277.29,19777.185,19264.115,19819.92,19121.385,19596.71,19426.935,19311.305,19510.5,19824.99,19347.41,19954.92,20091.36,19196.335,19111.655,19140.925,19567.735,19397.065,19356.41]",19669.70988296953,0.007407785598277747,0.007407785598277747,19309.683767475806,19740.46089919086,0.0186448478301926,fc6ed5692c5e33a9fffe770a3a11e12d0b94dbf5a1eec4c0ae7c81aee87c07d7
33,14,0.325,6000,331.0908333333333,98.18084077636948,1.2675092041450702,"[341.435,334.195,334.245,316.885,327.6,327.25,332.87,325.76,324.455,335.54,330.66,332.95,347.045,325.08,327.395,329.68,325.92,333.145,331.92,334.49,340.685,333.645,337.69,324.265,332.39,336.37,331.035,325.04,336.125,316.96]",334.99926536522497,0.011804712297657484,0.011804712297657484,325.79050430717916,336.39116235948745,0.028265897674424334,fc6ed5692c5e33a9fffe770a3a11e12d0b94dbf5a1eec4c0ae7c81aee87c07d7
33,14,0.525,6000,432.0618333333333,138.68592204738943,1.7904275548098643,"[424.92,413.91,446.465,438.71,429.35,418.965,450.89,427.565,431.49,431.26,435.285,425.935,416.73,438.425,444.495,431.92,429.71,445.385,440.76,431.93,433.335,432.555,430.555,436.76,434.49,421.7,424.355,434.72,421.165,438.12]",430.07560058624455,-0.00459710299279408,0.00459710299279408,424.57482250378615,439.54884416288047,0.021552197673679885,fc6ed5692c5e33a9fffe770a3a11e12d0b94dbf5a1eec4c0ae7c81aee87c07d7
33,14,0.725,6000,546.468,182.45940155242522,2.355540745238382,"[557.495,545.58,588.11,533.46,553.115,540.295,563.155,556.14,557.83,552.445,540.035,524.635,551.79,535.18,567.56,546.185,548.765,547.035,535.865,556.67,534.5,538.25,540.57,537.08,542.21,545.47,531.99,535.01,539.115,548.5]",545.6419496681129,-0.0015116170240288872,0.0015116170240288872,536.6178616787585,556.3181383212415,0.019190797347261146,fc6ed5692c5e33a9fffe770a3a11e12d0b94dbf5a1eec4c0ae7c81aee87c07d7
33,14,0.94,6000,616.0576666666667,214.17463934192838,2.764982704504228,"[610.775,624.53,620.32,591.71,626.745,624.015,611.76,602.815,624.185,603.6,643.23,634.73,619.425,617.99,607.555,620.89,619.905,597.17,627.615,628.285,600.795,613.39,627.205,608.12,619.275,599.89,614.435,607.235,616.1,618.035]",611.8888613568713,-0.006766907605178848,0.006766907605178848,604.4953694955129,627.6199638378205,0.025064694221572204,fc6ed5692c5e33a9fffe770a3a11e12d0b94dbf5a1eec4c0ae7c81aee87c07d7
33,14,1.0,6000,612.4766666666667,213.0363651375841,2.750287647714752,"[616.055,613.225,607.965,601.87,612.86,614.805,648.205,607.035,630.45,608.7,610.72,612.135,626.485,607.695,623.06,604.495,588.935,605.805,605.55,625.915,624.23,624.095,630.2,588.09,587.66,627.855,609.755,599.11,618.22,593.12]",615.5326317091253,0.004989520758546401,0.004989520758546401,600.9758196497111,623.9775136836223,0.02422195965870788,fc6ed5692c5e33a9fffe770a3a11e12d0b94dbf5a1eec4c0ae7c81aee87c07d7
33,14,1.06,6000,617.5333333333333,216.45464418915586,2.7944174405128424,"[653.53,627.855,637.22,608.555,622.29,611.52,641.65,606.515,588.2,614.05,597.255,606.335,615.96,617.995,594.005,608.425,641.505,621.855,632.095,614.39,598.025,623.045,606.295,613.42,618.63,645.96,635.4,597.925,608.385,617.71]",610.4623127328272,-0.011450427400150271,0.011450427400150271,605.8479492566696,629.218717409997,0.029809038031124224,fc6ed5692c5e33a9fffe770a3a11e12d0b94dbf5a1eec4c0ae7c81aee87c07d7
33,14,1.275,6000,599.1368333333334,203.30434054831818,2.6246477505177253,"[601.805,587.305,601.62,616.345,589.62,608.33,573.21,598.965,605.835,584.675,611.505,597.46,613.6,610.85,587.87,593.105,622.415,578.705,606.415,595.305,595.985,600.27,609.1,566.48,576.695,608.17,601.135,610.215,601.815,619.3]",592.741990407232,-0.010673426453391675,0.010673426453391675,588.1613732656627,610.112293401004,0.028470665452326904,fc6ed5692c5e33a9fffe770a3a11e12d0b94dbf5a1eec4c0ae7c81aee87c07d7
33,14,1.675,6000,559.6285,183.7895479093868,2.3727128608668178,"[565.77,553.655,577.325,552.61,546.845,550.38,562.2,567.13,590.665,578.71,568.975,554.24,561.545,563.19,540.195,562.675,550.245,566.415,571.985,553.49,544.465,559.55,564.755,555.71,555.835,552.93,556.57,559.2,555.955,545.64]",561.6611886374241,0.003632210720905083,0.003632210720905083,549.7065532353893,569.5504467646108,0.021747303778122618,fc6ed5692c5e33a9fffe770a3a11e12d0b94dbf5a1eec4c0ae7c81aee87c07d7
33,14,1.875,6000,547.266,175.394700017225,2.264335840599194,"[545.915,544.52,557.74,553.995,556.815,550.915,539.085,541.145,540.07,547.315,548.83,535.115,558.55,564.185,561.38,540.09,543.545,553.355,552.465,533.135,547.445,534.78,546.935,531.66,558.315,538.515,574.48,538.07,530.405,549.21]",547.0377137056701,-0.00041713955248435885,0.00041713955248435885,537.7972522057904,556.7347477942095,0.017417691507417565,fc6ed5692c5e33a9fffe770a3a11e12d0b94dbf5a1eec4c0ae7c81aee87c07d7
33,28,0.325,6000,682.77,153.53940262364685,1.9821851644933988,"[688.425,690.465,693.615,690.375,676.18,686.355,670.155,667.87,690.035,671.37,688.075,678.55,683.975,681.05,683.795,678.89,683.785,688.745,687.415,665.1,680.73,692.215,669.18,691.76,684.305,698.35,679.29,684.605,681.29,677.15]",684.4444444444443,0.002452428261997981,0.002452428261997981,674.4811185242534,691.0588814757466,0.014771838153142758,fc6ed5692c5e33a9fffe770a3a11e12d0b94dbf5a1eec4c0ae7c81aee87c07d7
33,28,0.525,6000,968.7026666666667,262.17217491775466,3.384628224318139,"[954.3,940.09,965.6,956.165,965.965,990.965,966.425,983.845,982.73,922.21,968.245,981.755,953.54,974.345,984.465,964.295,987.275,963.55,961.655,978.39,976.125,985.65,966.14,967.305,1000.875,967.59,978.32,942.93,958.72,971.615]",972.6315789473684,0.004055849556212383,0.004055849556212383,954.549204773509,982.8561285598244,0.01894336518582085,fc6ed5692c5e33a9fffe770a3a11e12d0b94dbf5a1eec4c0ae7c81aee87c07d7
33,28,0.725,6000,1582.3028333333334,507.3543152395286,6.549916045163874,"[1568.375,1628.285,1520.145,1522.77,1640.385,1589.26,1536.315,1606.48,1607.475,1540.44,1562.62,1579.535,1556.225,1647.43,1528.88,1558.98,1621.185,1517.375,1609.52,1565.57,1669.215,1559.95,1587.73,1527.69,1571.63,1606.64,1652.2,1591.585,1574.35,1620.845]",1544.5831010472934,-0.023838503914309684,0.023838503914309684,1554.9131228527133,1609.6925438139535,0.04044837196822193,fc6ed5692c5e33a9fffe770a3a11e12d0b94dbf5a1eec4c0ae7c81aee87c07d7
33,28,0.94,6000,2420.3243333333335,827.8650720804794,10.687692123581666,"[2452.105,2408.75,2322.275,2359.865,2442.63,2389.04,2428.11,2415.61,2452.915,2362.075,2549.705,2455.675,2425.13,2323.575,2380.94,2461.08,2327.67,2435.425,2452.31,2397.135,2514.06,2468.81,2437.14,2438.05,2400.79,2472.945,2367.27,2354.345,2430.825,2483.475]",2468.5627297197484,0.019930550514269202,0.019930550514269202,2375.6317310232557,2465.016935643411,0.039118436364909304,fc6ed5692c5e33a9fffe770a3a11e12d0b94dbf5a1eec4c0ae7c81aee87c07d7
33,28,1.0,6000,2490.2935,857.1888231135707,11.066260121579983,"[2429.745,2456.665,2533.455,2513.855,2522.575,2562.09,2448.78,2580.48,2601.575,2458.76,2545.57,2625.065,2453.84,2523.27,2461.62,2385.065,2484.43,2507.97,2460.825,2407.455,2572.975,2413.98,2424.295,2527.875,2525.1,2481.77,2481.135,2447.535,2474.125,2396.925]",2479.059058212632,-0.004511292258269264,0.004511292258269264,2444.0178441376474,2536.569155862353,0.022672394922412242,fc6ed5692c5e33a9fffe770a3a11e12d0b94dbf5a1eec4c0ae7c81aee87c07d7
33,28,1.06,6000,2445.9591666666665,842.0982126406601,10.871441178094363,"[2514.25,2523.195,2556.4,2476.94,2370.065,2414.285,2331.21,2414.66,2370.925,2419.33,2443.185,2507.68,2434.035,2355.015,2446.43,2470.605,2522.12,2472.49,2425.5,2437.03,2454.355,2433.97,2388.0,2471.0,2495.485,2441.37,2431.17,2529.445,2381.235,2447.395]",2438.052711167614,-0.0032324560470188093,0.0032324560470188093,2400.498182995746,2491.420150337587,0.021420489499830886,fc6ed5692c5e33a9fffe770a3a11e12d0b94dbf5a1eec4c0ae7c81aee87c07d7
33,28,1.275,6000,2309.6776666666665,749.7685949181541,9.67947093875782,"[2333.0,2203.305,2332.575,2349.03,2393.67,2381.145,2312.02,2271.505,2320.375,2306.705,2304.18,2377.16,2349.215,2354.775,2290.1,2361.175,2322.685,2188.335,2261.46,2226.4,2345.715,2298.275,2238.265,2285.065,2326.3,2311.115,2307.575,2334.89,2319.075,2285.24]",2299.739952113907,-0.004302641314925032,0.004302641314925032,2269.2011315797927,2350.1542017535403,0.0214514645898628,fc6ed5692c5e33a9fffe770a3a11e12d0b94dbf5a1eec4c0ae7c81aee87c07d7
33,28,1.675,6000,2068.2276666666667,614.7242749045422,7.936056264049073,"[2142.835,2112.715,2054.18,2030.435,2006.63,2080.91,2073.3,2075.67,1966.665,2079.06,2123.655,2122.375,2051.915,2021.565,2032.14,2051.145,2098.77,2060.34,2095.41,2066.69,2056.21,2135.16,2130.815,2062.945,2071.55,2050.555,2059.98,2037.025,2045.69,2050.495]",2075.6856134628442,0.003605960270417151,0.003605960270417151,2035.0415491757856,2101.413784157548,0.019972105386998118,fc6ed5692c5e33a9fffe770a3a11e12d0b94dbf5a1eec4c0ae7c81aee87c07d7
33,28,1.875,6000,1967.1481666666666,559.7182177612718,7.2259311198610074,"[2025.375,1929.655,2021.185,1976.33,2036.85,1907.725,1973.22,1970.345,1936.205,1976.385,2043.62,1937.0,1903.72,1966.655,1955.435,1961.525,1897.885,1959.355,1896.125,1950.61,1993.61,1937.615,1973.67,1985.5,1966.84,2020.01,1973.9,1945.205,1949.765,2043.125]",1978.1528863272226,0.005594250523184292,0.005594250523184292,1936.9315715284697,1997.3647618048635,0.021281761010392586,fc6ed5692c5e33a9fffe770a3a11e12d0b94dbf5a1eec4c0ae7c81aee87c07d7
33,56,0.325,6000,1372.5365,221.31267372432268,2.857134332129792,"[1378.055,1415.82,1373.51,1358.525,1362.205,1358.015,1375.08,1385.245,1401.36,1376.715,1342.67,1395.495,1372.235,1388.325,1373.71,1375.59,1355.01,1376.755,1364.055,1401.31,1353.39,1343.76,1367.27,1364.135,1357.535,1377.065,1372.47,1373.575,1359.895,1377.315]",1346.1961763664026,-0.019190982267937747,0.019190982267937747,1360.588853400918,1384.484146599082,0.027655044174201504,fc6ed5692c5e33a9fffe770a3a11e12d0b94dbf5a1eec4c0ae7c81aee87c07d7
33,56,0.525,6000,1944.6366666666668,376.45509656377834,4.860014398621395,"[1946.7,1930.695,1977.415,1940.715,1973.41,1957.17,1925.875,1967.415,1948.79,1920.795,1916.665,1918.795,2012.08,1947.085,1942.44,1996.385,1901.82,1939.43,1905.64,1956.58,1925.65,1958.095,1958.875,1928.335,1926.85,1954.73,1947.675,1968.29,1930.295,1914.405]",1945.2631578947369,0.00032216364054473323,0.00032216364054473323,1924.3135989522082,1964.9597343811254,0.01088676967929536,fc6ed5692c5e33a9fffe770a3a11e12d0b94dbf5a1eec4c0ae7c81aee87c07d7
33,56,0.725,6000,3371.1145,861.888929896227,11.12693823922873,"[3376.685,3368.73,3322.36,3412.145,3312.425,3399.8,3357.56,3402.305,3429.11,3355.44,3407.745,3446.455,3356.875,3346.905,3380.0,3326.1,3349.095,3479.07,3366.755,3416.98,3286.555,3389.725,3380.11,3382.18,3385.48,3349.965,3380.55,3399.93,3322.84,3243.56]",3359.9999999999995,-0.003296980864933715,0.003296980864933715,3324.5851071334705,3417.6438928665298,0.016866559148203675,fc6ed5692c5e33a9fffe770a3a11e12d0b94dbf5a1eec4c0ae7c81aee87c07d7
33,56,0.94,6000,9091.544666666667,3036.494200418703,39.200971563590144,"[8916.085,9049.615,9462.6,9504.28,9196.665,9311.665,9164.14,9198.02,8912.6,9038.78,9324.67,9347.605,8826.09,9259.21,8858.265,8963.325,9358.5,8798.04,9170.945,9032.2,9114.955,8797.78,9238.6,8895.235,8968.31,8760.93,9433.45,8893.275,8915.945,9034.56]",9093.061446035405,0.00016683406663545075,0.00016683406663545075,8927.618403447075,9255.470929886258,0.018531598810770156,fc6ed5692c5e33a9fffe770a3a11e12d0b94dbf5a1eec4c0ae7c81aee87c07d7
33,56,1.0,6000,9983.587166666666,3457.778659526713,44.639730544061216,"[10008.825,10422.955,9843.715,9996.375,9973.775,10494.695,9987.33,10010.92,9770.82,10023.07,10107.305,10225.79,9819.095,9615.615,9988.49,9903.745,10349.005,9796.695,9982.935,9852.66,9765.175,10041.26,9706.625,9562.86,9929.405,9984.73,10008.275,10145.68,10133.125,10056.665]",9950.09329560279,-0.0033548934370709956,0.0033548934370709956,9796.917706004268,10170.256627329065,0.021647765616322978,fc6ed5692c5e33a9fffe770a3a11e12d0b94dbf5a1eec4c0ae7c81aee87c07d7
33,56,1.06,6000,9604.5185,3190.2405169125377,41.18582797466133,"[9157.695,9695.13,9273.2,9557.205,9845.26,9463.74,9287.18,9433.18,9538.74,9341.045,9823.91,9515.67,9741.525,9592.255,9645.67,9267.27,9685.745,9419.54,10094.205,9578.08,9899.21,9837.46,9767.845,9484.17,9649.79,9564.66,9581.37,9765.77,9621.04,10007.995]",9619.279671499675,0.0015368986482429778,0.0015368986482429778,9432.292184982802,9776.744815017199,0.019824183014026664,fc6ed5692c5e33a9fffe770a3a11e12d0b94dbf5a1eec4c0ae7c81aee87c07d7
33,56,1.275,6000,8554.989333333333,2623.8875767117183,33.87424295641674,"[8828.35,8605.515,8666.205,8321.105,8573.32,8564.795,8392.405,8314.26,8487.61,8682.355,8599.765,8693.69,8263.94,8814.07,8379.45,8658.2,8738.4,8544.91,8799.105,8359.94,8469.535,8452.775,8649.02,8486.58,8390.335,8482.47,8540.055,8728.715,8803.06,8359.745]",8588.520418877592,0.003919477189014052,0.003919477189014052,8413.337791400749,8696.640875265917,0.02082201283489371,fc6ed5692c5e33a9fffe770a3a11e12d0b94dbf5a1eec4c0ae7c81aee87c07d7
33,56,1.675,6000,7149.6085,1886.4525007892562,24.353997063227077,"[7170.15,7235.77,7011.34,7153.73,7122.375,7261.645,7001.465,7179.725,7217.28,7224.7,7258.705,7349.25,7121.705,7257.07,7009.885,7219.31,6885.235,7168.255,7326.46,7258.72,7163.455,7167.18,7137.96,6998.505,7224.67,7027.64,7022.46,7164.705,6912.915,7235.99]",7164.683918799996,0.0021085656368450847,0.0021085656368450847,7047.767663566658,7251.449336433343,0.01658911882662295,fc6ed5692c5e33a9fffe770a3a11e12d0b94dbf5a1eec4c0ae7c81aee87c07d7
33,56,1.875,6000,6615.2553333333335,1643.317260018406,21.215134601954965,"[6670.775,6529.765,6687.07,6578.49,6555.11,6660.33,6523.245,6502.35,6531.475,6749.885,6858.11,6617.26,6610.915,6421.855,6583.725,6592.635,6612.465,6702.08,6680.425,6662.775,6606.9,6795.09,6363.73,6563.355,6564.14,6707.155,6521.21,6454.9,6698.915,6851.525]",6625.922713500076,0.0016125424687677076,0.0016125424687677076,6526.540242857636,6703.970423809031,0.01522743550860639,fc6ed5692c5e33a9fffe770a3a11e12d0b94dbf5a1eec4c0ae7c81aee87c07d7
33,112,0.325,6000,2731.933666666667,304.13781509098294,3.926402309330959,"[2747.705,2723.63,2756.195,2748.225,2705.205,2727.96,2704.085,2734.43,2739.52,2748.535,2750.8,2704.385,2719.765,2710.32,2730.49,2744.38,2703.46,2760.455,2783.835,2740.105,2731.72,2730.805,2691.6,2713.535,2779.95,2736.455,2700.835,2722.395,2747.61,2719.62]",2697.085735461218,-0.012755775014101267,0.012755775014101267,2715.5146741572257,2748.352659176108,0.018653691892021707,fc6ed5692c5e33a9fffe770a3a11e12d0b94dbf5a1eec4c0ae7c81aee87c07d7
33,112,0.525,6000,3902.8561666666665,530.4543047616941,6.8481356275535825,"[3882.045,3938.01,3909.345,3938.585,3865.195,3943.785,3944.225,3938.425,3958.19,3914.93,3895.015,3874.245,3882.945,3882.21,3882.925,3871.565,3836.525,3826.735,3892.575,3957.955,3958.82,3832.875,3891.97,3846.89,3904.095,3893.13,3918.62,3989.75,3931.925,3882.18]",3867.953155106479,-0.00894294077713796,0.00894294077713796,3874.2193947023598,3931.492938630973,0.016161744282979784,fc6ed5692c5e33a9fffe770a3a11e12d0b94dbf5a1eec4c0ae7c81aee87c07d7
33,112,0.725,6000,6690.317166666667,1196.1935951556868,15.442792909593173,"[6699.92,6772.995,6729.65,6793.54,6798.985,6674.96,6616.555,6559.975,6702.06,6551.47,6720.925,6604.585,6645.58,6737.735,6651.425,6779.68,6672.685,6715.31,6777.145,6767.965,6759.18,6687.51,6569.57,6623.005,6852.94,6577.535,6574.06,6676.13,6613.935,6802.505]",6719.999999999999,0.004436685525347274,0.004436685525347274,6625.740212719565,6754.894120613769,0.014226302911708233,fc6ed5692c5e33a9fffe770a3a11e12d0b94dbf5a1eec4c0ae7c81aee87c07d7
33,112,0.94,6000,27803.704,8815.975076292372,113.81374883686674,"[28458.775,27164.46,27543.24,27134.535,27970.135,27796.365,26018.52,28258.135,28715.975,27969.525,27881.785,28093.345,29053.03,28096.415,27534.865,28468.925,27373.595,28028.055,27411.555,28094.69,27542.59,28538.37,27466.68,26775.365,27563.55,27829.24,27010.36,28047.19,28958.265,27313.585]",26915.86193499643,-0.03193251032321352,0.03193251032321352,27327.77032270387,28279.637677296134,0.04822465400235987,fc6ed5692c5e33a9fffe770a3a11e12d0b94dbf5a1eec4c0ae7c81aee87c07d7
33,112,1.0,6000,39824.924166666664,13843.729394507127,178.72177798109396,"[39125.87,37652.645,39518.945,38986.245,41615.405,39190.3,39873.82,41053.93,40468.885,38876.655,38971.32,40134.895,39772.93,40345.4,40300.965,38369.6,41902.595,39717.83,40502.42,40459.965,40205.91,40953.47,39763.68,38979.255,40377.88,39400.86,39223.585,39948.86,39110.005,39943.6]",39868.08730791567,0.0010838223085717024,0.0010838223085717024,39077.565311724065,40572.28302160926,0.020229561127607765,fc6ed5692c5e33a9fffe770a3a11e12d0b94dbf5a1eec4c0ae7c81aee87c07d7
33,112,1.06,6000,37498.35083333333,12192.81804927583,157.4086041606083,"[37577.215,37987.65,37975.48,37138.585,37057.78,37371.06,37396.66,38382.12,36593.04,37928.89,36898.73,37813.55,38777.76,38973.83,38598.205,35246.275,36577.8,37435.995,38071.61,36436.39,37969.195,36871.98,38678.37,36764.815,37430.385,37422.23,35723.66,38224.11,37953.62,37673.535]",37231.73457267079,-0.007110079636503215,0.007110079636503215,36840.11703836723,38156.58462829943,0.024238281927956074,fc6ed5692c5e33a9fffe770a3a11e12d0b94dbf5a1eec4c0ae7c81aee87c07d7
33,112,1.275,6000,30145.9585,8229.125502417222,106.23755341570882,"[30237.915,30043.82,30644.52,30093.36,30278.88,31130.655,30264.645,30946.61,29661.77,30879.01,30162.23,30500.865,30013.9,30735.755,30711.705,30360.445,29704.49,29959.225,29955.48,29466.97,29846.275,29855.935,30051.765,30002.5,29083.84,30139.475,29691.93,29034.235,30532.87,30387.68]",30233.717319496696,0.0029111305084791265,0.0029111305084791265,29701.706114143217,30590.210885856784,0.017911806254797824,fc6ed5692c5e33a9fffe770a3a11e12d0b94dbf5a1eec4c0ae7c81aee87c07d7
33,112,1.675,6000,22681.343,4997.6047902261025,64.5188004115737,"[23139.735,22978.95,22412.775,22746.42,22814.29,22367.63,22504.51,22191.41,22611.315,23206.135,22412.035,22200.395,22956.53,23253.185,22836.525,22356.04,22517.54,22582.755,22381.085,23263.07,22404.415,22776.275,22838.17,22341.23,23285.695,22849.375,22548.575,22176.1,23018.31,22469.815]",22804.427913473024,0.005426703060441497,0.005426703060441497,22411.54545578038,22951.140544219623,0.017530359897216075,fc6ed5692c5e33a9fffe770a3a11e12d0b94dbf5a1eec4c0ae7c81aee87c07d7
33,112,1.875,6000,20332.16016666667,4123.003409493993,53.22774513775544,"[20124.505,20084.315,20324.405,20246.29,20261.265,20043.235,20389.48,20467.575,20170.175,20885.835,20281.46,20523.755,20288.155,19835.175,20073.47,19948.2,19809.005,20589.89,20921.69,19922.91,20407.675,20545.005,19885.37,20691.71,20690.295,20291.815,20627.14,20557.265,20404.06,20673.68]",20468.611830287813,0.006711124765033517,0.006711124765033517,20109.578301676844,20554.742031656493,0.017853856665956513,fc6ed5692c5e33a9fffe770a3a11e12d0b94dbf5a1eec4c0ae7c81aee87c07d7
34,14,0.325,6000,343.0043333333333,104.60597042902054,1.3504572712848737,"[327.325,343.92,350.595,331.895,340.69,349.305,345.245,348.185,340.425,335.87,352.09,336.7,343.29,338.565,348.075,348.73,334.315,341.55,343.545,341.215,347.595,353.69,335.89,353.735,348.12,339.76,347.41,331.08,352.08,339.24]",344.7492096995082,0.005087038840641115,0.005087038840641115,337.35714130493295,348.65152536173366,0.02191169976714269,fc6ed5692c5e33a9fffe770a3a11e12d0b94dbf5a1eec4c0ae7c81aee87c07d7
34,14,0.525,6000,448.5145,143.86735010240363,1.8573195033653374,"[456.14,449.425,438.005,455.84,438.625,462.145,437.585,447.265,449.565,447.095,433.225,455.425,450.13,447.98,451.325,453.7,452.695,447.68,437.97,450.835,447.675,435.595,457.255,449.635,442.33,458.875,440.235,459.79,465.34,436.05]",441.70223997198326,-0.015188494525855323,0.015188494525855323,440.7477678592504,456.2812321407496,0.03195176821182322,fc6ed5692c5e33a9fffe770a3a11e12d0b94dbf5a1eec4c0ae7c81aee87c07d7
34,14,0.725,6000,560.8695,185.16914719231346,2.3905234110241995,"[552.835,572.54,557.115,559.245,559.39,575.89,563.16,566.915,556.075,569.1,547.86,558.83,556.365,562.135,559.955,565.39,550.2,572.485,552.21,564.315,545.11,555.095,558.395,570.805,564.055,564.24,557.015,551.83,577.89,559.64]",558.519385331063,-0.004190127416336719,0.004190127416336719,550.8730750575091,570.8659249424909,0.021627739670522006,fc6ed5692c5e33a9fffe770a3a11e12d0b94dbf5a1eec4c0ae7c81aee87c07d7
34,14,0.94,6000,628.4938333333333,219.17707771085736,2.829563906148531,"[628.055,620.58,615.505,656.84,592.77,637.26,631.16,653.37,592.18,613.135,641.215,624.35,616.62,651.415,630.695,635.775,628.545,610.925,621.655,623.975,628.675,648.325,634.875,620.59,627.82,635.025,641.335,638.92,608.455,644.77]",624.1546104464405,-0.006904161436046122,0.006904161436046122,616.6614776754247,640.3261889912419,0.025255219640911153,fc6ed5692c5e33a9fffe770a3a11e12d0b94dbf5a1eec4c0ae7c81aee87c07d7
34,14,1.0,6000,633.5636666666667,223.27648930941047,2.8824870823166835,"[622.445,643.11,626.01,629.12,656.16,646.235,659.525,646.145,642.4,632.625,625.18,617.32,639.23,636.13,604.835,618.075,658.485,632.86,632.2,636.095,612.315,622.77,648.045,618.16,628.975,683.375,592.5,633.64,627.355,635.59]",627.8524569687686,-0.009014421120368462,0.009014421120368462,621.5100027564133,645.61733057692,0.02751610399348614,fc6ed5692c5e33a9fffe770a3a11e12d0b94dbf5a1eec4c0ae7c81aee87c07d7
34,14,1.06,6000,625.563,219.7319618387569,2.8367274294366305,"[613.41,599.455,647.765,632.185,598.665,643.1,649.095,620.97,592.51,599.49,620.415,641.975,643.59,633.97,603.39,612.04,616.885,615.125,637.95,644.545,629.91,645.695,644.58,617.745,605.59,633.08,655.345,631.325,618.58,618.51]",622.8683160530318,-0.004307614016443127,0.004307614016443127,613.7006887170835,637.4253112829165,0.02283717789710371,fc6ed5692c5e33a9fffe770a3a11e12d0b94dbf5a1eec4c0ae7c81aee87c07d7
34,14,1.275,6000,607.0813333333333,204.28774387761328,2.637343432907608,"[598.295,619.13,632.83,604.995,617.195,590.375,624.955,610.1,624.925,598.915,604.005,610.71,586.94,595.535,595.265,592.57,600.26,612.395,619.275,611.235,591.45,605.375,600.81,587.19,601.31,621.605,606.805,626.52,614.04,607.43]",605.4380084045006,-0.002706927125908543,0.002706927125908543,596.052783872972,618.1098827936946,0.02050100595693516,fc6ed5692c5e33a9fffe770a3a11e12d0b94dbf5a1eec4c0ae7c81aee87c07d7
34,14,1.675,6000,575.7828333333333,186.43953520830019,2.4069240497879933,"[568.695,589.41,578.415,589.5,584.425,563.0,589.45,583.805,573.69,573.82,570.265,576.43,581.91,556.695,575.47,557.635,564.42,562.54,567.18,578.075,589.93,568.03,611.85,567.43,560.63,559.02,567.115,575.39,617.075,572.185]",574.812514464113,-0.0016852167397957574,0.0016852167397957574,565.7178260236274,585.8478406430393,0.018836505681771754,fc6ed5692c5e33a9fffe770a3a11e12d0b94dbf5a1eec4c0ae7c81aee87c07d7
34,14,1.875,6000,555.3255,174.3717287857083,2.2511293387881492,"[564.08,558.99,540.99,556.295,561.055,580.195,531.875,541.79,557.31,553.65,556.475,556.295,561.225,548.385,581.72,552.88,550.63,567.03,545.915,554.81,546.17,556.79,552.045,573.06,549.735,550.77,551.36,551.405,543.205,563.63]",560.3744006122847,0.00909178601069946,0.00909178601069946,545.9119776863267,564.7390223136733,0.02649222496867054,fc6ed5692c5e33a9fffe770a3a11e12d0b94dbf5a1eec4c0ae7c81aee87c07d7
34,28,0.325,6000,700.726,160.3422896981463,2.0700100589789523,"[707.255,705.485,707.225,690.905,703.145,697.73,698.74,715.47,710.015,706.51,699.335,689.46,691.345,696.765,714.02,698.385,683.02,711.05,675.065,689.3,718.625,718.75,693.57,706.085,711.335,687.235,695.41,694.09,714.065,692.39]",705.1851851851851,0.006363664521061165,0.006363664521061165,692.0698621477802,709.3821378522198,0.018950865735870348,fc6ed5692c5e33a9fffe770a3a11e12d0b94dbf5a1eec4c0ae7c81aee87c07d7
34,28,0.525,6000,1000.0838333333334,264.9995671702232,3.421129701341494,"[1002.76,994.905,1011.895,1021.725,989.305,1014.655,1014.805,983.15,976.93,1012.92,977.645,1010.035,991.34,1001.75,1002.45,985.285,1027.475,995.325,1014.65,1008.965,1027.135,1005.635,1017.12,977.02,1016.54,979.795,975.975,1013.095,984.92,967.31]",1002.1052631578948,0.002021260375566619,0.002021260375566619,985.777733623005,1014.3899330436617,0.016563094273677192,fc6ed5692c5e33a9fffe770a3a11e12d0b94dbf5a1eec4c0ae7c81aee87c07d7
34,28,0.725,6000,1616.1745,511.42771476947,6.602503406970248,"[1593.035,1588.265,1677.515,1592.405,1609.6,1599.97,1625.78,1666.025,1590.15,1611.98,1540.16,1566.26,1671.495,1615.39,1632.51,1611.515,1678.43,1568.395,1587.3,1613.635,1635.28,1654.625,1660.12,1631.755,1567.73,1670.53,1621.155,1605.59,1592.825,1605.81]",1587.6927919351006,-0.017622916377470082,0.017622916377470082,1588.5648855381862,1643.784114461814,0.034123290299029385,fc6ed5692c5e33a9fffe770a3a11e12d0b94dbf5a1eec4c0ae7c81aee87c07d7
34,28,0.94,6000,2498.3026666666665,846.6083998461177,10.929667444544412,"[2498.52,2501.005,2501.14,2587.365,2435.63,2491.555,2582.615,2453.84,2445.505,2514.87,2547.96,2477.115,2517.305,2471.925,2515.66,2365.44,2557.305,2622.455,2529.35,2375.355,2514.325,2500.775,2430.7,2491.365,2613.68,2524.17,2507.865,2469.86,2488.74,2415.685]",2519.890852210312,0.00864114097610492,0.00864114097610492,2452.598198870234,2544.007134463099,0.02743729216268531,fc6ed5692c5e33a9fffe770a3a11e12d0b94dbf5a1eec4c0ae7c81aee87c07d7
34,28,1.0,6000,2528.8071666666665,869.0804372724734,11.219780200236498,"[2482.64,2492.505,2439.555,2558.49,2505.43,2644.52,2630.88,2559.855,2470.745,2480.605,2465.37,2524.78,2656.865,2533.095,2466.825,2531.72,2425.795,2613.57,2497.26,2578.61,2551.98,2528.61,2540.1,2548.53,2588.0,2539.55,2600.92,2436.12,2441.765,2529.525]",2528.9378167000764,5.1664688052157186e-05,5.1664688052157186e-05,2481.8895376128453,2575.7247957204877,0.018956637019584388,fc6ed5692c5e33a9fffe770a3a11e12d0b94dbf5a1eec4c0ae7c81aee87c07d7
34,28,1.06,6000,2515.478833333333,874.534993274168,11.29019821542156,"[2386.66,2571.09,2526.845,2520.16,2590.525,2452.335,2491.08,2464.95,2513.96,2631.855,2456.25,2458.1,2438.265,2491.045,2462.56,2599.57,2602.2,2577.83,2554.675,2565.71,2679.06,2487.16,2559.98,2505.495,2469.955,2446.19,2451.73,2545.275,2449.27,2514.585]",2488.6346397769953,-0.010671603831691084,0.010671603831691084,2468.266738055023,2562.6909286116434,0.02889786201208766,fc6ed5692c5e33a9fffe770a3a11e12d0b94dbf5a1eec4c0ae7c81aee87c07d7
34,28,1.275,6000,2358.358333333333,759.9381143138038,9.810758869618768,"[2439.335,2354.825,2376.48,2410.1,2315.225,2371.38,2405.13,2408.425,2311.705,2405.855,2411.705,2286.045,2363.08,2397.505,2414.845,2300.59,2246.615,2319.98,2332.15,2306.46,2332.535,2298.58,2418.81,2359.825,2263.22,2396.055,2413.8,2339.335,2444.365,2306.79]",2352.4491754225483,-0.0025056234361267708,0.0025056234361267708,2317.3327929781344,2399.383873688532,0.019561146001132235,fc6ed5692c5e33a9fffe770a3a11e12d0b94dbf5a1eec4c0ae7c81aee87c07d7
34,28,1.675,6000,2126.2826666666665,639.6252276436533,8.257526181593324,"[2127.545,2178.98,2217.87,2136.025,2147.2,2092.42,2156.225,2091.34,2068.58,2122.825,2122.19,2194.78,2101.405,2092.685,2097.845,2161.195,2060.835,2246.08,2207.795,2096.355,2088.365,2029.185,2175.555,2031.93,2163.47,2145.305,2129.4,2009.575,2151.605,2143.915]",2130.8585715348536,0.002152067991675181,0.002152067991675181,2091.7522620262935,2160.8130713070395,0.018695478531801646,fc6ed5692c5e33a9fffe770a3a11e12d0b94dbf5a1eec4c0ae7c81aee87c07d7
34,28,1.875,6000,2031.1621666666667,583.4726748206374,7.532599841824748,"[2113.06,2045.97,1965.475,2110.295,1997.945,2084.18,2006.51,2050.35,1982.155,2034.74,2008.235,1989.155,2056.565,2053.685,2033.815,1959.76,2010.355,1993.4,2037.555,2015.835,2085.705,2050.375,2024.615,2037.35,2012.945,2068.48,2063.475,2016.575,2024.39,2001.915]",2033.9462392902426,0.001370679638123035,0.001370679638123035,1999.6631783725684,2062.661154960765,0.017144417764183517,fc6ed5692c5e33a9fffe770a3a11e12d0b94dbf5a1eec4c0ae7c81aee87c07d7
34,56,0.325,6000,1409.2516666666668,220.7601537977503,2.850001330549583,"[1400.67,1391.995,1381.28,1382.435,1412.52,1412.295,1402.685,1407.895,1424.235,1405.545,1413.875,1398.97,1441.545,1411.345,1422.59,1430.505,1411.18,1405.785,1393.91,1440.975,1436.84,1383.455,1410.82,1421.245,1399.16,1422.865,1409.4,1390.285,1377.595,1433.65]",1387.1421815076178,-0.01568881249673808,0.01568881249673808,1397.333848060309,1421.1694852730245,0.023943170830796223,fc6ed5692c5e33a9fffe770a3a11e12d0b94dbf5a1eec4c0ae7c81aee87c07d7
34,56,0.525,6000,2004.9583333333333,392.44909858441366,5.066496076838489,"[2012.605,2008.735,1980.44,1949.1,2037.735,1999.46,1975.08,2007.57,2015.88,2024.56,2048.77,1956.135,1981.835,2003.245,2028.085,2068.29,1993.9,2006.54,2035.405,2025.835,1951.15,2044.665,2004.72,1978.115,1989.03,2011.82,2026.515,2040.49,2006.895,1936.145]",2004.2105263157896,-0.0003729788320839573,0.0003729788320839573,1983.771823500392,2026.1448431662745,0.010825641081122273,fc6ed5692c5e33a9fffe770a3a11e12d0b94dbf5a1eec4c0ae7c81aee87c07d7
34,56,0.725,6000,3449.1325,871.7208462667695,11.253867733776781,"[3340.86,3479.08,3497.315,3438.47,3435.565,3482.605,3485.12,3542.65,3581.395,3451.08,3428.38,3429.02,3492.895,3345.185,3510.045,3415.215,3405.425,3308.18,3515.145,3478.31,3485.165,3476.535,3445.185,3502.0,3383.035,3450.445,3349.025,3498.32,3446.6,3375.725]",3461.8181818181815,0.0036779340365095756,0.0036779340365095756,3402.0723274894035,3496.192672510597,0.017561606155759746,fc6ed5692c5e33a9fffe770a3a11e12d0b94dbf5a1eec4c0ae7c81aee87c07d7
34,56,0.94,6000,9282.576,3121.3355504485176,40.29626868270756,"[9165.83,9625.5,9227.55,9200.245,9248.375,9496.04,9656.23,9322.52,9140.225,9645.145,9484.47,8941.04,8998.265,9095.875,9564.625,9076.49,9075.97,9283.63,9313.575,9248.5,9386.055,8955.345,9160.57,9320.295,9389.935,9017.29,9411.935,9211.63,9377.435,9436.69]",9304.884674076458,0.002403284829174497,0.002403284829174497,9114.069545099168,9451.08245490083,0.020936325758003083,fc6ed5692c5e33a9fffe770a3a11e12d0b94dbf5a1eec4c0ae7c81aee87c07d7
34,56,1.0,6000,10047.702333333333,3412.0199596566554,44.04898826892509,"[10080.415,9707.03,9847.705,10585.925,10260.59,10236.45,10394.58,9879.825,9957.76,10016.135,10400.835,9986.05,9787.11,10168.68,10264.95,9974.72,10191.125,9931.985,9968.81,10653.935,9868.67,9926.07,9857.225,9932.555,10120.125,9885.53,9533.71,9787.13,10290.465,9934.975]",10150.80724445031,0.010261541165976463,0.010261541165976463,9863.503173018767,10231.901493647898,0.02912799503298702,fc6ed5692c5e33a9fffe770a3a11e12d0b94dbf5a1eec4c0ae7c81aee87c07d7
34,56,1.06,6000,9858.7795,3207.001165880582,41.40220702241088,"[9966.695,9595.225,9642.675,9674.14,10097.86,9676.25,9704.39,9720.895,9708.635,9997.225,10330.28,9898.375,9894.275,9793.59,10000.535,9655.665,10166.625,10020.59,10040.255,9823.665,9872.7,10093.105,9733.2,9580.96,9724.675,9511.97,9522.865,10472.275,9700.405,10143.385]",9825.642106632537,-0.0033612064624697234,0.0033612064624697234,9685.648355145127,10031.910644854874,0.020561241574467926,fc6ed5692c5e33a9fffe770a3a11e12d0b94dbf5a1eec4c0ae7c81aee87c07d7
34,56,1.275,6000,8794.517666666667,2694.0361256168985,34.77985682865133,"[8743.745,9146.905,8687.895,8731.535,9229.61,8612.0,8820.71,8758.795,8605.12,8852.095,8829.26,8859.45,8682.745,8847.3,8950.19,8970.47,8582.365,8756.79,8706.345,8709.715,8619.7,8874.3,8859.775,8914.96,8721.86,8552.27,8807.035,8887.395,8704.375,8810.82]",8808.030062831574,0.001536456765118918,0.001536456765118918,8649.079129359377,8939.956203973956,0.018377786940650953,fc6ed5692c5e33a9fffe770a3a11e12d0b94dbf5a1eec4c0ae7c81aee87c07d7
34,56,1.675,6000,7410.538166666666,1946.144665928022,25.124619601498754,"[7342.3,7393.085,7272.205,7400.97,7453.79,7432.425,7651.985,7593.055,7096.82,7416.395,7550.725,7300.545,7609.275,7506.405,7088.055,7568.095,7441.345,7359.025,7142.61,7563.305,7314.215,7319.83,7583.735,7362.285,7184.53,7492.665,7659.05,7260.36,7386.555,7570.505]",7389.281068875133,-0.002868495824925303,0.002868495824925303,7305.474826606169,7515.601506727164,0.016807761526334453,fc6ed5692c5e33a9fffe770a3a11e12d0b94dbf5a1eec4c0ae7c81aee87c07d7
34,56,1.875,6000,6846.086,1676.4294197899465,21.642610746462083,"[6776.87,6845.93,7094.535,6978.765,6613.64,6695.485,6867.19,6847.62,6791.52,6941.085,6768.05,6748.88,6915.86,6878.22,6764.09,6720.45,6701.415,7023.74,7028.325,7054.005,6964.305,6928.795,6906.255,6907.31,6656.56,6816.655,6717.72,6868.31,6730.02,6830.975]",6847.906276688372,0.0002658857467422189,0.0002658857467422189,6755.5833373241885,6936.588662675812,0.013666168375735088,fc6ed5692c5e33a9fffe770a3a11e12d0b94dbf5a1eec4c0ae7c81aee87c07d7
34,112,0.325,6000,2828.5436666666665,314.8040809161297,4.064103209021008,"[2812.26,2836.555,2854.52,2828.44,2818.305,2820.655,2834.95,2856.4,2833.005,2847.61,2821.36,2851.165,2852.8,2799.09,2814.32,2828.36,2846.76,2807.86,2851.085,2809.525,2822.345,2803.135,2806.27,2801.63,2833.9,2840.655,2827.825,2821.755,2845.885,2827.885]",2777.7914461257164,-0.017942880337696757,0.017942880337696757,2811.548851849058,2845.538481484275,0.023808159966693054,fc6ed5692c5e33a9fffe770a3a11e12d0b94dbf5a1eec4c0ae7c81aee87c07d7
34,112,0.525,6000,4012.5815,539.8164490431227,6.969000390509463,"[4048.57,3884.315,4078.805,3997.2,4005.98,4092.16,3999.945,4013.77,4001.39,3934.2,4043.975,4026.94,4012.805,3984.15,4042.95,4126.0,4047.685,4021.48,3959.905,4039.93,3959.56,4052.94,4004.155,3962.195,4006.18,4023.4,3973.915,4007.435,4011.825,4013.685]",3984.3147080438234,-0.007044540268198004,0.007044540268198004,3983.43930921172,4041.72369078828,0.01420408398409334,fc6ed5692c5e33a9fffe770a3a11e12d0b94dbf5a1eec4c0ae7c81aee87c07d7
34,112,0.725,6000,6933.135166666667,1246.4704067789983,16.091863756651485,"[7058.885,6915.85,6909.805,7043.31,6970.39,6920.37,6860.02,6980.71,6988.405,6862.305,7046.7,6934.8,6745.06,6767.875,6991.235,6979.045,7098.56,6979.275,6741.53,6992.045,6890.645,6920.185,7029.355,6937.145,6933.09,7034.18,6842.05,6812.38,6926.6,6882.25]",6923.636363636363,-0.0013700588264848042,0.0013700588264848042,6865.844000436575,7000.426332896759,0.010969327525030992,fc6ed5692c5e33a9fffe770a3a11e12d0b94dbf5a1eec4c0ae7c81aee87c07d7
34,112,0.94,6000,28362.799166666668,8901.064723187166,114.91225145472742,"[27672.6,28648.075,28942.67,28973.365,28338.76,28182.645,28388.59,27531.425,28389.925,29150.7,27782.395,26860.59,28586.88,29780.715,26581.055,28526.305,26928.38,28286.03,28366.45,29145.18,28985.895,27460.85,28451.785,28364.525,29003.225,29827.48,29047.665,28029.395,29133.425,27516.995]",27645.26089661935,-0.02529857035022841,0.02529857035022841,27882.27189329114,28843.326440042194,0.04153701016120004,fc6ed5692c5e33a9fffe770a3a11e12d0b94dbf5a1eec4c0ae7c81aee87c07d7
34,112,1.0,6000,40638.14483333333,13823.644882766293,178.46248804946413,"[42491.005,39714.96,40650.55,39703.425,40533.07,41262.68,41126.865,41004.945,41388.195,41243.065,38792.795,41217.45,38611.53,42236.25,39262.85,41813.935,39611.175,40002.44,39497.015,41051.23,40133.155,39997.24,40852.86,40775.405,39731.43,41192.305,42574.225,40677.91,41481.4,40512.985]",40673.34093310125,0.0008660852977483927,0.0008660852977483927,39891.87024819036,41384.419418476304,0.01958972291970551,fc6ed5692c5e33a9fffe770a3a11e12d0b94dbf5a1eec4c0ae7c81aee87c07d7
34,112,1.06,6000,38420.757666666665,12355.617672471333,159.51033825862507,"[37779.43,38609.555,39974.64,39499.895,38485.43,37907.255,38499.995,36957.285,39861.87,38196.875,39002.585,40569.855,37151.7,37144.065,36803.075,38755.26,38354.23,38523.265,38768.145,39847.85,36823.62,37113.915,36508.71,39126.68,36881.48,39492.04,40270.21,37083.3,39446.87,39183.645]",38079.92326079396,-0.008871100586556236,0.008871100586556236,37753.73507379003,39087.7802595433,0.025784452124350765,fc6ed5692c5e33a9fffe770a3a11e12d0b94dbf5a1eec4c0ae7c81aee87c07d7
34,112,1.275,6000,31113.546166666667,8490.36708979193,109.61016780650559,"[30126.43,31670.09,30745.25,30646.69,31992.67,31317.115,31385.56,32217.645,31767.39,31237.79,30790.055,31256.435,30714.695,31186.355,31418.43,31548.94,30957.71,31173.7,30575.36,30468.52,30767.595,30701.695,31040.47,30202.885,30418.305,31446.635,31450.895,31946.11,30440.68,31794.285]",31132.701614575377,0.0006156626379423118,0.0006156626379423118,30655.190557029648,31571.901776303686,0.015576841926896012,fc6ed5692c5e33a9fffe770a3a11e12d0b94dbf5a1eec4c0ae7c81aee87c07d7
34,112,1.675,6000,23518.023666666668,5259.412643093487,67.89872525844602,"[23552.82,23131.09,23793.675,24297.77,23690.075,22920.575,23311.915,23718.205,23721.8,23729.83,23485.0,23272.06,23439.72,23615.25,23526.825,23295.9,23409.695,23380.4,23508.485,23599.35,24229.915,22887.89,23314.6,22933.105,23283.205,23490.13,24631.56,23334.465,23306.68,23728.72]",23646.667915381462,0.005470028032037764,0.005470028032037764,23234.092328614614,23801.955004718722,0.01775733611330832,fc6ed5692c5e33a9fffe770a3a11e12d0b94dbf5a1eec4c0ae7c81aee87c07d7
34,112,1.875,6000,21194.417166666666,4370.533597681186,56.423346126197394,"[21283.55,21333.125,21569.275,21365.47,21123.37,21242.155,21009.885,20698.305,20675.43,20837.23,20704.6,21445.29,21511.58,21469.295,21418.445,21475.625,21395.155,20952.47,21135.2,21302.885,21099.77,21393.255,21265.91,21172.665,20930.68,21172.64,21295.2,21036.51,21417.375,21100.17]",21268.674324917825,0.0035036187910817583,0.0035036187910817583,20958.47229285635,21430.362040476983,0.014800794052494348,fc6ed5692c5e33a9fffe770a3a11e12d0b94dbf5a1eec4c0ae7c81aee87c07d7
35,14,0.325,6000,353.13033333333334,106.02850727020484,1.3688221429357845,"[361.215,347.015,355.815,332.32,350.19,359.825,353.685,360.605,333.305,365.99,351.795,359.035,352.46,344.125,359.99,357.38,353.665,352.28,356.39,354.085,344.11,357.94,357.695,357.01,363.735,332.97,362.945,349.225,350.41,356.7]",354.47540544672466,0.003808996244232747,0.003808996244232747,347.40634512707913,358.85432153958754,0.02034810365095585,fc6ed5692c5e33a9fffe770a3a11e12d0b94dbf5a1eec4c0ae7c81aee87c07d7
35,14,0.525,6000,460.232,148.52112284112428,1.9173994510790011,"[453.315,476.785,460.725,468.675,466.615,477.53,444.435,459.725,467.185,439.145,473.725,457.355,459.545,445.895,469.705,451.16,463.425,444.995,471.425,447.035,468.21,450.31,449.015,459.365,468.89,461.35,456.095,463.79,467.32,464.215]",453.2724952396702,-0.015121731562189985,0.015121731562189985,452.214032215584,468.24996778441607,0.03198606209331667,fc6ed5692c5e33a9fffe770a3a11e12d0b94dbf5a1eec4c0ae7c81aee87c07d7
35,14,0.725,6000,577.888,187.9483977657266,2.4264033816434214,"[592.16,579.62,544.755,572.265,577.65,558.825,571.24,604.235,582.805,571.69,556.07,569.66,597.995,584.905,571.005,584.29,586.16,581.03,582.82,581.375,578.03,588.13,565.35,588.745,596.79,574.485,597.685,551.605,554.35,590.915]",571.2968328322731,-0.011405613488646405,0.011405613488646405,567.7415361866996,588.0344638133005,0.028463690499510363,fc6ed5692c5e33a9fffe770a3a11e12d0b94dbf5a1eec4c0ae7c81aee87c07d7
35,14,0.94,6000,635.9826666666667,219.4937659367643,2.83365233356479,"[630.84,596.905,651.435,619.98,648.05,636.685,647.05,631.74,614.825,635.11,669.11,631.94,634.37,664.2,650.03,640.78,608.225,620.38,681.64,638.065,652.915,624.41,650.14,640.115,631.57,595.11,641.6,637.485,630.42,624.355]",636.3194669024898,0.0005295745520682134,0.0005295745520682134,624.1332144776759,647.8321188556574,0.01952508237366013,fc6ed5692c5e33a9fffe770a3a11e12d0b94dbf5a1eec4c0ae7c81aee87c07d7
35,14,1.0,6000,642.04,223.14018909794154,2.880727454153005,"[626.075,662.05,635.305,650.72,669.7,663.26,648.72,623.86,617.14,615.51,679.99,661.775,642.015,624.55,650.85,620.725,640.245,655.12,645.625,633.49,651.47,641.325,647.405,642.295,627.915,653.04,634.72,654.485,616.595,625.225]",640.0729251917113,-0.0030637885619099396,0.0030637885619099396,629.9936943071076,654.0863056928923,0.02142436002590853,fc6ed5692c5e33a9fffe770a3a11e12d0b94dbf5a1eec4c0ae7c81aee87c07d7
35,14,1.06,6000,641.137,222.67364495233693,2.874704395132347,"[629.84,624.54,652.595,646.945,628.055,663.12,633.175,670.315,640.585,626.115,619.72,610.615,630.935,623.045,668.51,643.1,642.935,678.665,643.52,622.7,630.465,655.58,656.635,672.025,630.755,627.57,648.74,652.69,627.855,632.765]",635.1716247826342,-0.00930436898411058,0.00930436898411058,629.1158808654766,653.1581191345233,0.027537733704852907,fc6ed5692c5e33a9fffe770a3a11e12d0b94dbf5a1eec4c0ae7c81aee87c07d7
35,14,1.275,6000,619.7865,210.49848103847032,2.717523704879844,"[629.595,618.055,619.435,608.16,636.635,650.72,628.84,619.005,610.925,609.505,620.91,592.33,601.13,617.955,611.115,597.355,626.625,606.03,638.45,631.57,625.19,642.25,622.15,618.23,621.175,613.19,621.435,625.685,607.93,622.015]",618.0204044515966,-0.002849522453947331,0.002849522453947331,608.4226615954088,631.1503384045913,0.020803179772008407,fc6ed5692c5e33a9fffe770a3a11e12d0b94dbf5a1eec4c0ae7c81aee87c07d7
35,14,1.675,6000,587.4711666666667,189.98067518775784,2.4526399703447557,"[578.405,585.29,584.065,595.25,608.735,613.04,575.56,603.265,583.825,558.945,586.345,580.99,573.42,596.15,586.355,595.04,592.365,577.4,594.51,595.54,585.205,589.625,567.175,569.635,580.135,598.045,598.385,607.795,581.21,582.43]",587.8353033762083,0.0006198375855750762,0.0006198375855750762,577.2149896045897,597.7273437287437,0.018399234189836022,fc6ed5692c5e33a9fffe770a3a11e12d0b94dbf5a1eec4c0ae7c81aee87c07d7
35,14,1.875,6000,570.8765,181.63746477306069,2.344929587044668,"[560.945,560.97,590.08,569.895,574.385,578.105,567.955,583.14,596.54,564.32,566.7,562.025,580.9,558.46,564.25,561.895,571.3,570.77,563.27,567.96,590.05,554.255,585.08,555.405,548.68,575.21,592.49,574.285,561.775,575.2]",573.5780031365978,0.004732202388078346,0.004732202388078346,561.0707342399921,580.6822657600078,0.022291786281720016,fc6ed5692c5e33a9fffe770a3a11e12d0b94dbf5a1eec4c0ae7c81aee87c07d7
35,28,0.325,6000,725.8723333333334,165.0946730709432,2.131363064504404,"[704.005,727.875,725.825,730.95,721.105,721.615,751.79,709.76,727.715,710.555,732.28,721.09,722.16,722.475,722.175,718.03,726.68,738.035,721.245,737.67,722.17,719.17,714.795,732.425,731.995,733.94,729.03,718.72,755.5,725.39]",725.9259259259259,7.383198137116188e-05,7.383198137116188e-05,716.9596363058706,734.7850303607961,0.012505989411417895,fc6ed5692c5e33a9fffe770a3a11e12d0b94dbf5a1eec4c0ae7c81aee87c07d7
35,28,0.525,6000,1030.505,271.4963186064153,3.5050024017308976,"[1045.535,1015.93,1020.12,1001.485,1006.695,1037.14,1006.865,1025.545,1007.83,990.46,1036.39,1045.825,1044.525,1047.805,1022.145,1039.005,1045.64,1034.38,1068.82,1020.56,1038.085,1039.85,1038.21,1028.28,1037.345,1028.125,1048.575,1038.965,1027.31,1027.705]",1031.578947368421,0.001042156387810764,0.001042156387810764,1015.8481707589337,1045.1618292410665,0.015485361949054699,fc6ed5692c5e33a9fffe770a3a11e12d0b94dbf5a1eec4c0ae7c81aee87c07d7
35,28,0.725,6000,1667.7376666666667,523.0931423629576,6.753103429623467,"[1725.06,1665.98,1648.19,1709.51,1732.13,1682.965,1654.995,1698.9,1681.545,1687.105,1664.315,1591.65,1665.235,1638.505,1722.53,1657.0,1615.11,1665.005,1637.905,1706.12,1681.53,1655.49,1614.34,1643.945,1660.93,1647.94,1686.49,1682.88,1642.98,1665.85]",1630.6436330449553,-0.022242127381971146,0.022242127381971146,1639.4982897788302,1695.977043554503,0.03852257951122917,fc6ed5692c5e33a9fffe770a3a11e12d0b94dbf5a1eec4c0ae7c81aee87c07d7
35,28,0.94,6000,2529.6896666666667,851.1755414289953,10.988628988845267,"[2538.16,2571.8,2584.795,2571.905,2574.91,2512.795,2543.855,2450.64,2467.685,2606.985,2570.755,2560.985,2526.61,2552.4,2539.945,2542.45,2471.275,2570.06,2431.68,2514.075,2488.815,2489.225,2533.525,2537.425,2505.62,2397.67,2500.17,2586.86,2605.605,2542.01]",2570.7821973314185,0.016244099506046862,0.016244099506046862,2483.738640041578,2575.6406932917553,0.03504537711278011,fc6ed5692c5e33a9fffe770a3a11e12d0b94dbf5a1eec4c0ae7c81aee87c07d7
35,28,1.0,6000,2574.2865,863.5469097248274,11.14834266677712,"[2615.185,2608.005,2594.495,2561.19,2581.25,2546.585,2567.195,2616.56,2592.53,2547.075,2500.065,2541.215,2639.585,2537.115,2646.86,2579.275,2586.98,2545.12,2661.14,2573.91,2495.565,2671.955,2564.305,2580.85,2536.16,2596.98,2526.95,2468.44,2555.165,2590.89]",2578.419147040718,0.0016053562960913572,0.0016053562960913572,2527.6676004788033,2620.905399521197,0.020078410053719686,fc6ed5692c5e33a9fffe770a3a11e12d0b94dbf5a1eec4c0ae7c81aee87c07d7
35,28,1.06,6000,2541.437,860.3586602119492,11.107182542554018,"[2518.28,2596.49,2547.765,2538.61,2442.47,2504.225,2574.765,2421.0,2613.17,2611.465,2514.475,2428.105,2561.6,2454.065,2590.04,2648.805,2549.525,2578.34,2534.855,2622.285,2625.055,2482.345,2613.145,2540.55,2546.19,2533.425,2610.205,2463.615,2438.6,2539.645]",2538.7917805881675,-0.0010408361143055627,0.0010408361143055627,2494.9902193087305,2587.8837806912693,0.018969940021799747,fc6ed5692c5e33a9fffe770a3a11e12d0b94dbf5a1eec4c0ae7c81aee87c07d7
35,28,1.275,6000,2427.8455,790.1599032739346,10.200920487402707,"[2362.265,2498.295,2423.125,2532.685,2449.46,2407.125,2487.32,2443.05,2352.445,2497.075,2432.48,2491.0,2445.495,2385.905,2413.755,2408.115,2502.73,2507.99,2396.03,2371.285,2385.325,2412.195,2390.52,2414.0,2441.49,2384.95,2381.52,2379.875,2381.69,2456.17]",2404.660716044768,-0.009549530213200132,0.009549530213200132,2385.18842518267,2470.50257481733,0.026651200222865712,fc6ed5692c5e33a9fffe770a3a11e12d0b94dbf5a1eec4c0ae7c81aee87c07d7
35,28,1.675,6000,2176.996166666667,643.0827598824135,8.302162730858969,"[2133.665,2183.815,2213.67,2284.11,2241.0,2148.51,2191.015,2173.375,2189.8,2175.71,2141.97,2168.795,2154.38,2124.27,2230.13,2168.945,2213.495,2159.495,2138.84,2130.79,2232.235,2193.93,2152.965,2170.42,2166.835,2190.86,2145.135,2190.89,2126.48,2174.355]",2185.496138532146,0.0039044496244997136,0.0039044496244997136,2142.2791058687476,2211.713227464586,0.020173390360296972,fc6ed5692c5e33a9fffe770a3a11e12d0b94dbf5a1eec4c0ae7c81aee87c07d7
35,28,1.875,6000,2100.7985,604.8794321341952,7.808959890397125,"[2072.795,2097.655,2138.195,2140.89,2077.67,2181.325,2092.29,2065.57,2117.84,2129.2,2089.2,2106.4,2086.235,2075.91,2152.83,2135.25,2120.92,2157.065,2085.195,2075.785,2108.465,2093.13,2102.125,2065.64,2019.655,2078.375,2175.73,2053.48,2052.06,2077.075]",2089.2227161299625,-0.005510182851919122,0.005510182851919122,2068.1438599896637,2133.453140010336,0.020731846906259843,fc6ed5692c5e33a9fffe770a3a11e12d0b94dbf5a1eec4c0ae7c81aee87c07d7
35,56,0.325,6000,1454.3346666666666,230.68829658203052,2.9781731027572054,"[1500.445,1459.41,1433.195,1447.695,1454.825,1476.915,1453.085,1472.2,1408.02,1435.865,1458.575,1463.155,1416.54,1468.82,1447.74,1440.305,1453.33,1491.655,1429.665,1450.445,1453.3,1445.545,1457.375,1430.06,1474.16,1490.935,1450.175,1485.475,1452.09,1429.04]",1428.1066027030163,-0.01803440746122421,0.01803440746122421,1441.8808735976825,1466.7884597356508,0.026371803497558077,fc6ed5692c5e33a9fffe770a3a11e12d0b94dbf5a1eec4c0ae7c81aee87c07d7
35,56,0.525,6000,2057.7785,394.50288320690356,5.093010322303824,"[2044.545,2023.87,2045.845,2032.235,2038.725,2062.675,2055.99,2047.71,2057.87,2047.39,2091.235,2035.88,2060.205,1990.41,2068.42,2090.22,2085.01,2069.45,2090.665,2060.665,2064.405,2072.275,2039.725,2080.055,2089.11,2046.6,2035.48,2092.965,2067.485,2046.24]",2063.157894736842,0.002614175790466363,0.002614175790466363,2036.4811158441055,2079.075884155894,0.013099448202680275,fc6ed5692c5e33a9fffe770a3a11e12d0b94dbf5a1eec4c0ae7c81aee87c07d7
35,56,0.725,6000,3577.1341666666667,905.2611215089589,11.686870825244156,"[3420.905,3611.145,3592.525,3636.345,3550.835,3535.165,3549.135,3513.655,3603.21,3522.04,3623.025,3582.875,3599.695,3559.18,3651.96,3547.495,3615.46,3553.285,3482.66,3532.555,3668.23,3573.02,3600.735,3595.855,3572.4,3567.58,3667.55,3522.78,3636.37,3626.355]",3563.6363636363635,-0.003773356659663973,0.003773356659663973,3528.263309983826,3626.0050233495076,0.017200378739556044,fc6ed5692c5e33a9fffe770a3a11e12d0b94dbf5a1eec4c0ae7c81aee87c07d7
35,56,0.94,6000,9534.650666666666,3147.2419042022834,40.63071827153854,"[9478.39,9615.41,9847.235,9454.08,9479.6,9988.095,9453.36,9669.365,9893.705,9571.3,9481.17,9650.705,9067.57,9674.44,9418.455,9902.12,9658.185,9544.86,9775.995,9253.31,9276.845,9761.455,9422.755,9523.8,8911.86,9177.825,9342.195,9690.25,9700.755,9354.43]",9515.072755734338,-0.00205334328616498,0.00205334328616498,9364.745647670466,9704.555685662866,0.019525152522795408,fc6ed5692c5e33a9fffe770a3a11e12d0b94dbf5a1eec4c0ae7c81aee87c07d7
35,56,1.0,6000,10340.375166666667,3528.815202047991,45.55680836458477,"[10518.82,10345.145,10537.34,10173.005,10406.935,10135.54,10571.935,9983.96,10790.525,9818.36,10595.85,10292.26,10901.195,10215.37,10531.08,10177.36,10849.785,10238.345,10225.985,10583.885,10042.645,9996.03,10087.165,10435.065,10300.36,10188.81,9957.19,10548.6,10419.3,10343.41]",10349.93148071062,0.0009241747895917124,0.0009241747895917124,10149.87077196555,10530.879561367783,0.019710665607452604,fc6ed5692c5e33a9fffe770a3a11e12d0b94dbf5a1eec4c0ae7c81aee87c07d7
35,56,1.06,6000,10119.210333333333,3369.3850089172465,43.49857342165808,"[10066.34,10180.495,10296.37,10492.01,9840.57,10214.535,10379.07,10151.115,9934.685,10047.5,10090.71,10560.25,9845.03,9978.89,10052.1,9808.135,10082.0,10413.72,10346.7,10073.875,10122.61,9890.32,10308.69,10238.46,10201.845,9832.12,10411.475,9799.955,10068.31,9848.425]",10030.198649341377,-0.00879630732634792,0.00879630732634792,9937.312836613677,10301.107830052988,0.026299033577849462,fc6ed5692c5e33a9fffe770a3a11e12d0b94dbf5a1eec4c0ae7c81aee87c07d7
35,56,1.275,6000,8994.332666666667,2742.829767081451,35.40978003129476,"[9236.9,8691.385,8937.825,9017.185,9054.245,9057.985,9100.015,8876.145,9184.315,9334.015,8854.435,8655.75,9159.05,9047.945,9068.0,8927.07,9021.065,8850.575,9042.305,9013.71,9100.96,8505.165,9013.56,9091.06,9266.94,9105.6,9263.65,8935.705,8789.75,8627.67]",9025.424550044487,0.003456830487607746,0.003456830487607746,8846.25998656633,9142.405346767004,0.020253142429708104,fc6ed5692c5e33a9fffe770a3a11e12d0b94dbf5a1eec4c0ae7c81aee87c07d7
35,56,1.675,6000,7591.686166666666,2011.6687478808494,25.970531862094855,"[7646.01,7403.1,7689.075,7496.595,7295.355,7684.585,7723.29,7551.13,7396.445,7409.72,7499.41,7509.505,7591.91,7650.295,7648.35,7745.1,7565.625,7938.555,7555.665,7682.94,7656.5,7487.415,7609.4,7633.635,7569.565,7712.92,7475.935,7537.87,7536.795,7847.89]",7612.2585924449795,0.002709862516267054,0.002709862516267054,7483.085484791407,7700.286848541926,0.017262011494603824,fc6ed5692c5e33a9fffe770a3a11e12d0b94dbf5a1eec4c0ae7c81aee87c07d7
35,56,1.875,6000,7023.479166666667,1739.3613579572527,22.455058574683857,"[7085.635,7103.37,6997.81,6966.065,6908.49,6791.545,7222.325,6859.66,6971.62,7183.515,6992.98,7107.31,7126.175,6962.515,7109.57,6893.75,7069.23,6880.91,7009.23,7163.255,7073.005,7011.16,7059.695,6967.255,7029.235,7006.17,7105.685,6979.1,6985.8,7082.31]",7068.693454443394,0.00643759121423948,0.00643759121423948,6929.5791000177105,7117.379233315623,0.020075440718373194,fc6ed5692c5e33a9fffe770a3a11e12d0b94dbf5a1eec4c0ae7c81aee87c07d7
35,112,0.325,6000,2902.7071666666666,334.21050481030636,4.314639064192968,"[2863.77,2886.64,2888.25,2861.54,2892.99,2932.7,2904.465,2896.785,2887.11,2931.905,2910.125,2925.09,2948.865,2875.345,2905.64,2884.03,2911.12,2907.21,2878.435,2901.75,2861.91,2893.015,2933.295,2923.4,2907.23,2936.645,2931.13,2904.88,2890.695,2905.25]",2858.477493371025,-0.015237387292646825,0.015237387292646825,2884.664688872791,2920.749644460542,0.021320605553311167,fc6ed5692c5e33a9fffe770a3a11e12d0b94dbf5a1eec4c0ae7c81aee87c07d7
35,112,0.525,6000,4121.242833333334,557.958793461643,7.203217049823091,"[4074.755,4210.29,4043.12,4133.375,4082.39,4124.265,4081.24,4115.175,4148.53,4093.535,4129.89,4159.23,4089.585,4115.51,4042.81,4098.135,4123.135,4102.84,4130.775,4151.55,4150.795,4142.66,4204.35,4133.215,4077.03,4167.33,4084.14,4166.605,4172.875,4088.15]",4100.676906324864,-0.004990224512404111,0.004990224512404111,4091.1212213671174,4151.36444529955,0.012209850434133362,fc6ed5692c5e33a9fffe770a3a11e12d0b94dbf5a1eec4c0ae7c81aee87c07d7
35,112,0.725,6000,7081.805333333334,1285.9903969269706,16.602064635602744,"[7139.185,7136.78,6944.085,7290.83,7007.06,7182.555,7081.08,6977.67,7234.48,7022.85,6967.975,6902.225,6994.445,7093.595,7202.38,7161.25,7298.635,7165.26,7197.54,7028.66,6862.025,7165.175,7178.895,7097.97,6917.945,6972.38,6916.16,7176.02,7089.145,7049.905]",7127.272727272727,0.0064203111776290935,0.0064203111776290935,7012.38066580871,7151.230000857958,0.016384173498197763,fc6ed5692c5e33a9fffe770a3a11e12d0b94dbf5a1eec4c0ae7c81aee87c07d7
35,112,0.94,6000,29240.584666666666,9187.176346137809,118.60593662420814,"[29394.715,29244.975,28951.87,28958.05,28601.855,28007.9,29434.475,28558.83,28573.265,29309.21,30400.0,29346.875,29843.785,29224.875,30856.28,29722.875,29993.44,28894.73,30587.83,28214.8,28622.47,28834.335,29646.745,29183.585,28681.46,29604.325,28911.83,29883.55,28964.36,28764.245]",28371.512254203346,-0.029721444436575668,0.029721444436575668,28744.61155143591,29736.55778189742,0.04590462479571411,fc6ed5692c5e33a9fffe770a3a11e12d0b94dbf5a1eec4c0ae7c81aee87c07d7
35,112,1.0,6000,41862.01633333333,14294.492100250847,184.54109948921672,"[42149.325,42376.56,41310.775,42462.185,42396.51,43927.22,41363.025,42991.56,42388.925,44371.075,41216.875,42514.385,40400.74,41152.035,40676.21,42233.09,41629.64,43122.37,42590.875,42579.655,41515.59,39537.145,41131.07,40295.935,41528.79,42084.77,41513.08,40450.735,41365.365,42584.975]",41472.235707937965,-0.009311081011761927,0.009311081011761927,41090.322886893366,42633.7097797733,0.027243091859352364,fc6ed5692c5e33a9fffe770a3a11e12d0b94dbf5a1eec4c0ae7c81aee87c07d7
35,112,1.06,6000,39084.77416666667,12613.29526778859,162.83694170980675,"[40537.76,38757.33,39222.655,39351.735,38457.51,39273.08,38647.435,38818.615,38595.975,39918.285,38294.945,39185.055,39966.595,38167.47,39636.41,39178.555,39062.835,38919.755,39904.22,38948.03,38425.7,40653.465,37847.5,38903.395,38327.65,38777.005,39422.645,39988.705,39586.08,37766.83]",38920.23717688976,-0.004209746462274234,0.004209746462274234,38403.840753440054,39765.707579893286,0.021261294076180937,fc6ed5692c5e33a9fffe770a3a11e12d0b94dbf5a1eec4c0ae7c81aee87c07d7
35,112,1.275,6000,31864.379666666668,8725.061436232463,112.64005879054966,"[30946.015,31385.84,32131.695,32393.785,32218.07,32341.075,31272.955,31883.98,32091.925,33296.115,31130.365,33356.83,31104.105,32036.915,30611.95,32003.55,31668.695,32782.94,31710.62,31798.42,30859.66,32023.82,32153.125,31528.305,32456.26,31295.235,30826.87,31649.875,32958.105,32014.29]",32024.512815882117,0.005025459490835933,0.005025459490835933,31393.353995876412,32335.405337456923,0.020104854680025985,fc6ed5692c5e33a9fffe770a3a11e12d0b94dbf5a1eec4c0ae7c81aee87c07d7
35,112,1.675,6000,24373.254,5398.200978701307,69.6904749666358,"[24069.57,24291.245,24554.18,23814.04,24402.365,24610.67,24356.18,24304.535,24236.855,24553.675,24541.185,24274.335,24432.965,24826.74,24133.855,24516.615,23745.09,24416.25,24572.52,24714.94,23828.675,24288.18,25077.985,24678.49,24653.04,23999.375,24260.87,24283.88,24707.24,24052.075]",24487.59529948701,0.004691261145803866,0.004691261145803866,24081.830122284435,24664.677877715567,0.016849432752500615,fc6ed5692c5e33a9fffe770a3a11e12d0b94dbf5a1eec4c0ae7c81aee87c07d7
35,112,1.875,6000,21875.510166666667,4546.806121944105,58.699014629078164,"[21529.155,21558.98,22014.74,22047.33,21996.42,22188.53,22089.51,22262.845,21934.765,21441.0,22240.44,22175.96,22195.905,22602.1,21970.685,22225.1,21991.005,21877.25,21651.98,20872.435,21703.98,21327.12,21411.47,21703.45,21748.61,21933.39,21915.255,21889.925,21830.96,21935.01]",22069.533007142978,0.008869408713126062,0.008869408713126062,21630.04915539535,22120.971177937983,0.020318208645309754,fc6ed5692c5e33a9fffe770a3a11e12d0b94dbf5a1eec4c0ae7c81aee87c07d7
36,14,0.325,6000,362.7928333333333,109.55072406042136,1.4142937661699204,"[365.585,361.795,354.61,360.745,350.99,360.335,359.475,364.795,368.92,369.525,362.675,358.31,362.885,372.835,365.08,355.195,370.96,370.885,371.57,355.31,377.91,362.265,354.145,359.305,361.745,352.155,366.23,362.82,367.485,357.245]",364.1777688991446,0.003817428125816444,0.003817428125816444,356.8786969500828,368.7069697165838,0.020452529140686515,fc6ed5692c5e33a9fffe770a3a11e12d0b94dbf5a1eec4c0ae7c81aee87c07d7
36,14,0.525,6000,469.973,149.78323039318465,1.933693189513176,"[483.34,468.035,489.715,467.825,479.695,459.99,478.265,469.615,453.695,473.675,467.225,474.675,458.11,491.265,473.15,452.69,474.705,461.595,472.005,478.365,476.58,479.595,459.81,492.15,454.685,478.145,463.735,481.61,440.14,445.105]",464.7867452386093,-0.011035218536789832,0.011035218536789832,461.88689687227856,478.05910312772147,0.027763006294153292,fc6ed5692c5e33a9fffe770a3a11e12d0b94dbf5a1eec4c0ae7c81aee87c07d7
36,14,0.725,6000,581.8688333333333,199.06809633841928,2.5699580729330385,"[587.095,596.26,572.625,585.265,585.65,587.905,577.345,587.67,583.47,585.335,579.965,599.47,582.885,585.93,580.055,585.855,565.385,598.165,556.805,594.74,596.5,580.97,570.215,576.63,579.285,567.605,575.615,588.905,558.73,583.735]",583.9755345827223,0.0036205775747093307,0.0036205775747093307,571.1220684771729,592.6155981894938,0.02250563726213839,fc6ed5692c5e33a9fffe770a3a11e12d0b94dbf5a1eec4c0ae7c81aee87c07d7
36,14,0.94,6000,645.5185,225.85132822610007,2.9157281097950354,"[656.26,644.985,641.015,652.425,644.96,629.3,647.17,663.89,655.32,626.165,641.57,638.125,669.18,642.945,660.375,649.49,614.415,635.275,661.28,649.795,650.0,649.89,664.37,651.11,632.08,637.265,633.245,648.57,646.015,629.07]",648.3839070092911,0.004438923143629596,0.004438923143629596,633.3258324578783,657.7111675421218,0.023776188779437213,fc6ed5692c5e33a9fffe770a3a11e12d0b94dbf5a1eec4c0ae7c81aee87c07d7
36,14,1.0,6000,648.6396666666667,222.01735392561002,2.8662317144097518,"[638.625,636.285,672.62,648.195,666.685,644.07,635.955,648.215,628.6,641.065,666.315,672.28,656.565,646.0,656.68,645.42,652.455,634.965,625.995,645.92,677.625,652.485,642.98,651.57,634.935,650.42,634.705,632.0,661.015,658.545]",652.1943640010156,0.005480234276476456,0.005480234276476456,636.6539776461152,660.6253556872182,0.024409470293985214,fc6ed5692c5e33a9fffe770a3a11e12d0b94dbf5a1eec4c0ae7c81aee87c07d7
36,14,1.06,6000,650.266,220.6773270133937,2.848932041361473,"[665.295,625.265,635.27,651.91,643.07,652.935,649.175,659.395,672.135,643.045,662.28,647.095,621.24,654.73,655.68,683.685,651.085,669.025,639.325,632.53,641.64,686.285,637.6,648.92,646.405,625.865,672.05,650.65,642.9,641.495]",647.3728229924728,-0.004449220791994552,0.004449220791994552,638.35265282825,662.1793471717499,0.02236029293652475,fc6ed5692c5e33a9fffe770a3a11e12d0b94dbf5a1eec4c0ae7c81aee87c07d7
36,14,1.275,6000,632.3791666666667,208.8912388243744,2.6967742971181274,"[639.915,632.08,620.025,617.055,599.98,652.175,633.485,645.625,623.21,657.22,629.675,639.765,625.72,631.705,645.05,635.01,645.71,622.605,639.62,626.085,641.42,614.315,589.2,658.89,644.13,627.115,658.265,641.95,607.42,626.955]",630.4906141599389,-0.002986424294593016,0.002986424294593016,621.1020958278457,643.6562375054878,0.020454432938570855,fc6ed5692c5e33a9fffe770a3a11e12d0b94dbf5a1eec4c0ae7c81aee87c07d7
36,14,1.675,6000,602.5216666666666,193.66712857375637,2.50023187891323,"[605.53,611.645,594.075,574.875,605.185,602.395,580.875,622.445,580.925,577.53,618.19,615.57,611.11,596.475,618.365,596.415,586.24,618.95,605.26,598.44,590.745,603.515,613.46,588.41,591.595,621.52,602.265,623.625,611.765,608.255]",600.7320890760691,-0.00297014645215673,0.00297014645215673,592.066475054186,612.9768582791473,0.01997590779765135,fc6ed5692c5e33a9fffe770a3a11e12d0b94dbf5a1eec4c0ae7c81aee87c07d7
36,14,1.875,6000,586.5948333333333,182.66640589504317,2.3582131598102216,"[582.66,613.375,600.64,570.795,586.655,599.325,570.055,597.495,568.72,583.83,597.66,605.43,569.365,580.02,578.795,591.73,603.255,602.345,574.35,577.95,588.75,568.095,580.79,591.595,584.44,586.655,572.685,604.86,590.52,575.005]",586.6513177377473,9.629202509841913e-05,9.629202509841913e-05,576.733519806043,596.4561468606237,0.01719649992779959,fc6ed5692c5e33a9fffe770a3a11e12d0b94dbf5a1eec4c0ae7c81aee87c07d7
36,28,0.325,6000,750.6883333333334,167.8130360442834,2.166456979586715,"[738.5,762.49,734.86,740.42,769.195,756.905,732.32,750.21,736.76,766.48,743.965,758.79,748.68,748.72,748.96,762.53,746.665,764.675,775.905,730.645,736.275,766.52,757.055,755.855,728.685,749.08,767.56,760.125,734.485,747.335]",746.6666666666666,-0.0053573054063716105,0.0053573054063716105,741.6288844746856,759.7477821919812,0.017217708076190275,fc6ed5692c5e33a9fffe770a3a11e12d0b94dbf5a1eec4c0ae7c81aee87c07d7
36,28,0.525,6000,1052.7766666666666,289.9314341270559,3.742998719720401,"[1045.305,1052.745,1024.975,1019.355,1064.42,1043.125,1078.585,1078.165,1010.895,1081.44,1064.23,1092.54,1038.755,1063.46,1036.655,1044.855,1049.1,1030.26,1092.3,1051.165,1040.35,1085.08,1043.875,1053.155,1043.05,1056.68,1029.125,1045.07,1048.285,1076.3]",1061.0526315789475,0.007861083147373013,0.007861083147373013,1037.124610891361,1068.4287224419722,0.023071500219266294,fc6ed5692c5e33a9fffe770a3a11e12d0b94dbf5a1eec4c0ae7c81aee87c07d7
36,28,0.725,6000,1706.9033333333334,527.3581601660658,6.808164572699188,"[1706.0,1716.255,1598.93,1745.425,1659.33,1659.015,1651.185,1736.875,1752.345,1775.18,1657.175,1773.25,1722.17,1769.655,1636.545,1715.19,1672.11,1740.395,1723.82,1733.81,1768.18,1702.16,1731.81,1659.535,1693.705,1742.305,1664.635,1730.955,1646.585,1722.57]",1673.436198423187,-0.019606930431607925,0.019606930431607925,1678.4337078809083,1735.3729587857586,0.035690748809356077,fc6ed5692c5e33a9fffe770a3a11e12d0b94dbf5a1eec4c0ae7c81aee87c07d7
36,28,0.94,6000,2592.2708333333335,853.514676323586,11.018827090482874,"[2620.72,2496.555,2555.42,2547.085,2560.405,2568.98,2530.845,2685.85,2719.275,2600.35,2716.595,2538.425,2597.185,2577.66,2615.945,2549.02,2607.895,2596.665,2647.695,2499.06,2615.14,2553.73,2686.68,2568.155,2529.545,2676.02,2593.1,2602.1,2583.815,2528.21]",2621.240806322659,0.011175519400522567,0.011175519400522567,2546.1935276452436,2638.3481390214233,0.02947430266497464,fc6ed5692c5e33a9fffe770a3a11e12d0b94dbf5a1eec4c0ae7c81aee87c07d7
36,28,1.0,6000,2639.6305,904.5736105329196,11.677995096709038,"[2592.075,2702.585,2599.295,2597.27,2682.535,2772.34,2509.835,2732.48,2595.215,2592.795,2688.76,2613.325,2679.795,2663.44,2630.1,2635.695,2661.93,2661.715,2675.08,2713.375,2599.85,2586.515,2630.86,2571.545,2668.82,2649.31,2600.095,2663.45,2643.59,2575.24]",2627.5043597268073,-0.0045938779208654235,0.0045938779208654235,2590.7967588516494,2688.464241148351,0.022674611210564355,fc6ed5692c5e33a9fffe770a3a11e12d0b94dbf5a1eec4c0ae7c81aee87c07d7
36,28,1.06,6000,2611.3683333333333,890.4734883772824,11.495963302414795,"[2660.785,2671.625,2553.84,2534.29,2600.36,2586.675,2602.26,2552.075,2569.28,2609.315,2626.465,2545.54,2684.25,2625.23,2626.06,2696.005,2649.25,2659.535,2572.005,2625.105,2522.6,2591.725,2674.035,2547.43,2649.87,2671.765,2629.0,2622.085,2620.115,2562.475]",2588.527556166496,-0.008746670040867646,0.008746670040867646,2563.295792498026,2659.4408741686407,0.02666474697404675,fc6ed5692c5e33a9fffe770a3a11e12d0b94dbf5a1eec4c0ae7c81aee87c07d7
36,28,1.275,6000,2451.2005,787.1019056437746,10.161441907754869,"[2517.895,2459.995,2528.44,2420.1,2465.735,2532.04,2496.92,2400.36,2416.5,2423.155,2459.61,2409.28,2445.395,2400.095,2434.815,2493.275,2468.085,2433.8,2448.8,2436.19,2404.305,2384.055,2395.845,2421.385,2513.54,2451.625,2422.74,2473.68,2455.015,2523.34]",2456.383400819825,0.002114433649889161,0.002114433649889161,2408.7085123165025,2493.6924876834973,0.019792718072587645,fc6ed5692c5e33a9fffe770a3a11e12d0b94dbf5a1eec4c0ae7c81aee87c07d7
36,28,1.675,6000,2233.945333333333,653.6224545284019,8.438229603652385,"[2254.46,2207.755,2180.37,2301.945,2217.735,2310.075,2246.625,2305.23,2277.13,2229.94,2172.875,2263.135,2192.165,2253.06,2341.455,2196.885,2251.1,2190.17,2217.97,2219.525,2293.385,2249.87,2156.14,2175.345,2175.7,2255.75,2167.615,2168.065,2293.94,2252.945]",2239.6081803963616,0.0025349085219461475,0.0025349085219461475,2198.659283219197,2269.2313834474694,0.018624485153156067,fc6ed5692c5e33a9fffe770a3a11e12d0b94dbf5a1eec4c0ae7c81aee87c07d7
36,28,1.875,6000,2146.0356666666667,615.7311043467207,7.949054376255836,"[2097.095,2150.235,2102.735,2097.475,2228.22,2211.865,2158.715,2239.275,2116.53,2087.415,2136.045,2134.08,2194.735,2140.93,2159.745,2086.075,2103.505,2173.76,2173.32,2185.2,2163.0,2078.47,2153.97,2143.28,2137.58,2109.51,2140.27,2159.805,2175.23,2143.0]",2143.989513265367,-0.0009534573134462172,0.0009534573134462172,2112.7951951157206,2179.2761382176127,0.016191901674794673,fc6ed5692c5e33a9fffe770a3a11e12d0b94dbf5a1eec4c0ae7c81aee87c07d7
36,56,0.325,6000,1494.2216666666666,240.13805941267475,3.100169016319522,"[1510.635,1479.865,1520.445,1492.095,1487.15,1513.255,1510.975,1480.96,1518.62,1535.565,1488.015,1499.145,1489.66,1481.62,1452.555,1467.3,1494.075,1502.845,1471.865,1466.805,1478.975,1498.83,1502.055,1471.985,1466.98,1490.78,1519.0,1519.695,1519.62,1495.28]",1469.0897303987247,-0.016819416307894016,0.016819416307894016,1481.257724653902,1507.1856086794312,0.025276169080519217,fc6ed5692c5e33a9fffe770a3a11e12d0b94dbf5a1eec4c0ae7c81aee87c07d7
36,56,0.525,6000,2127.072833333333,410.4532671442517,5.2989288934870356,"[2100.025,2148.6,2128.8,2149.475,2086.9,2161.82,2163.295,2122.495,2164.6,2139.32,2138.335,2105.34,2152.525,2129.98,2146.34,2088.21,2154.115,2095.75,2139.915,2125.795,2198.3,2080.155,2024.735,2144.745,2106.725,2062.97,2111.565,2166.015,2175.28,2100.06]",2122.105263157895,-0.002335402012376543,0.002335402012376543,2104.9143617973255,2149.231304869341,0.012621276104618717,fc6ed5692c5e33a9fffe770a3a11e12d0b94dbf5a1eec4c0ae7c81aee87c07d7
36,56,0.725,6000,3656.0775,934.5435390774945,12.06490521050959,"[3615.785,3581.775,3748.605,3707.105,3662.035,3686.245,3729.23,3679.495,3656.83,3526.815,3695.77,3669.945,3575.8,3622.19,3692.255,3613.665,3543.07,3684.32,3586.515,3741.68,3678.285,3695.35,3685.38,3562.985,3601.15,3639.42,3762.43,3786.475,3643.345,3608.375]",3665.454545454545,0.002564783009809056,0.002564783009809056,3605.6258211672653,3706.5291788327345,0.016593159483174302,fc6ed5692c5e33a9fffe770a3a11e12d0b94dbf5a1eec4c0ae7c81aee87c07d7
36,56,0.94,6000,9706.041166666666,3177.265664265768,41.01832334725989,"[9576.52,9933.61,9758.905,9605.82,9896.98,9790.715,9541.39,9932.43,10196.3,9740.675,10056.24,9870.25,9657.755,9637.125,9650.935,9267.745,9443.955,9741.285,10017.525,9748.33,9767.21,9473.135,9131.01,9919.735,9451.63,9832.445,9643.59,9788.015,9605.01,9504.965]",9723.645938345004,0.0018137952823441166,0.0018137952823441166,9534.51530387161,9877.567029461721,0.01983641836482186,fc6ed5692c5e33a9fffe770a3a11e12d0b94dbf5a1eec4c0ae7c81aee87c07d7
36,56,1.0,6000,10540.900333333333,3578.529615093454,46.19861867722329,"[10395.56,10648.145,11027.565,10384.57,10547.7,10333.025,11079.785,10754.605,10525.38,10292.87,10128.06,10668.785,10457.39,10707.955,10338.705,10792.64,10640.305,10742.795,10418.61,10321.35,10102.935,10693.47,10260.805,10510.405,10505.035,10581.59,10837.13,10196.69,10563.49,10769.66]",10547.471246352718,0.0006233730337631059,0.0006233730337631059,10347.712087644597,10734.08857902207,0.01930466918833562,fc6ed5692c5e33a9fffe770a3a11e12d0b94dbf5a1eec4c0ae7c81aee87c07d7
36,56,1.06,6000,10263.776666666667,3352.4192335647926,43.279546203672915,"[10470.38,10560.425,9992.125,10265.87,10052.32,10253.525,10341.815,10356.54,10245.455,10313.735,10632.78,10388.45,10210.81,10418.41,10166.12,9882.88,10600.94,10179.76,10570.29,9972.27,10383.4,10107.895,9851.3,10540.15,9879.555,10418.865,10094.42,9938.505,10198.715,10625.595]",10232.971056626922,-0.003001391304605324,0.003001391304605324,10082.795073608468,10444.758259724866,0.020276888926630043,fc6ed5692c5e33a9fffe770a3a11e12d0b94dbf5a1eec4c0ae7c81aee87c07d7
36,56,1.275,6000,9221.934666666666,2797.250381597575,36.112347143665836,"[9239.64,9068.905,9127.565,8992.565,9269.84,8944.52,9379.835,9047.315,9349.285,9617.31,9098.77,9052.39,9389.69,9257.56,9234.7,9037.39,9180.975,9355.14,9280.45,9311.94,9419.325,9142.695,9206.63,9450.845,9138.235,9083.55,9284.13,9436.78,9200.6,9059.465]",9240.743106900052,0.0020395330170111235,0.0020395330170111235,9070.924069550545,9372.945263782787,0.018721250012394997,fc6ed5692c5e33a9fffe770a3a11e12d0b94dbf5a1eec4c0ae7c81aee87c07d7
36,56,1.675,6000,7806.490666666667,2043.6424086163586,26.3833100472479,"[7775.85,7885.73,7916.235,7682.26,7850.28,7852.94,7645.68,7936.99,7644.865,7786.455,7647.98,7899.555,7673.87,7526.555,7964.075,7653.865,8126.455,7781.635,7899.86,7755.135,7808.725,7923.395,7612.285,7699.265,7935.225,7975.085,7687.23,7872.995,7861.5,7912.745]",7833.606145831923,0.003473453094748184,0.003473453094748184,7696.163874883113,7916.81745845022,0.017858542669207056,fc6ed5692c5e33a9fffe770a3a11e12d0b94dbf5a1eec4c0ae7c81aee87c07d7
36,56,1.875,6000,7279.659,1833.6123480967422,23.671833625263197,"[7254.38,7222.92,7276.95,7515.98,7450.89,7164.045,7332.17,7330.035,7299.64,7172.705,7146.855,7216.41,7346.71,6938.185,7511.42,7334.445,7350.375,7310.81,7171.05,7320.065,7153.75,7245.295,7309.88,7064.6,7355.22,7496.645,7363.915,7387.44,7297.775,7049.21]",7288.244336312287,0.0011793596804859853,0.0011793596804859853,7180.670758765963,7378.647241234036,0.014980992884961353,fc6ed5692c5e33a9fffe770a3a11e12d0b94dbf5a1eec4c0ae7c81aee87c07d7
36,112,0.325,6000,2992.329166666667,341.30968127551597,4.406289038264783,"[3009.36,3003.59,2982.765,3007.84,2971.3,3000.075,3012.08,2979.26,2969.595,2942.995,3036.19,2974.475,3019.29,2994.485,3037.425,2977.385,3007.345,2983.215,2998.755,2987.375,3017.22,2994.775,3002.73,3027.99,2973.395,2960.925,2957.155,2969.41,3001.015,2970.46]",2939.145316773892,-0.01777339554926695,0.01777339554926695,2973.9034372039036,3010.75489612943,0.023784592843342445,fc6ed5692c5e33a9fffe770a3a11e12d0b94dbf5a1eec4c0ae7c81aee87c07d7
36,112,0.525,6000,4251.340333333334,574.8413751702784,7.42117024248486,"[4234.43,4273.19,4286.025,4226.05,4217.49,4246.915,4244.855,4213.275,4246.83,4222.18,4284.775,4254.205,4222.08,4181.865,4253.875,4241.795,4289.945,4249.3,4262.25,4272.49,4293.0,4215.08,4221.28,4222.88,4208.79,4266.595,4209.415,4343.935,4247.22,4388.195]",4217.041521838451,-0.008067764235659193,0.008067764235659193,4220.307308945314,4282.373357721353,0.015255987842607177,fc6ed5692c5e33a9fffe770a3a11e12d0b94dbf5a1eec4c0ae7c81aee87c07d7
36,112,0.725,6000,7353.481,1302.224148880671,16.811641472146555,"[7304.145,7314.84,7383.705,7331.69,7324.715,7378.64,7444.575,7407.095,7440.795,7396.75,7296.34,7148.075,7490.865,7382.755,7414.105,7333.38,7364.775,7463.46,7241.185,7210.825,7366.85,7413.49,7278.185,7430.335,7317.33,7118.96,7399.495,7368.79,7431.365,7406.915]",7330.90909090909,-0.0030695542819665525,0.0030695542819665525,7283.179947368025,7423.782052631975,0.012510195081758657,fc6ed5692c5e33a9fffe770a3a11e12d0b94dbf5a1eec4c0ae7c81aee87c07d7
36,112,0.94,6000,29997.619833333334,9495.395992048687,122.58503514283073,"[30735.535,30447.305,30176.16,29254.405,29807.775,30769.195,30129.045,29270.58,30048.505,29731.75,29927.71,29638.035,29589.215,30074.405,31427.39,29417.125,30126.16,29801.61,30517.1,30607.675,29271.315,30251.69,28825.625,29813.63,30004.405,29985.01,29706.035,30303.615,30359.07,29911.52]",29094.63630557211,-0.03010183917184759,0.03010183917184759,29485.007366445636,30510.232300221032,0.04639741778166229,fc6ed5692c5e33a9fffe770a3a11e12d0b94dbf5a1eec4c0ae7c81aee87c07d7
36,112,1.0,6000,42246.05216666667,14180.438806676739,183.06867780057462,"[42387.44,41445.5,42214.235,41461.79,42626.385,43084.53,42810.16,42527.9,39459.97,40077.34,42386.41,40095.315,42377.08,43049.45,40356.965,42142.015,41861.12,42044.295,42391.26,41833.015,42313.72,43723.075,42372.205,43047.69,44107.18,43791.59,43003.425,42354.35,41850.645,44185.51]",42264.79260030185,0.00044360200951438453,0.00044360200951438453,41480.51592949155,43011.588403841786,0.018907109837867253,fc6ed5692c5e33a9fffe770a3a11e12d0b94dbf5a1eec4c0ae7c81aee87c07d7
36,112,1.06,6000,39767.599833333334,12818.628055265373,165.48777659756652,"[39809.38,38807.99,39649.815,40715.645,39792.425,40789.965,39490.22,40079.53,40805.81,39462.77,39022.92,40793.26,40050.735,40868.335,40393.565,40896.49,40059.985,38019.275,38945.625,39544.42,39213.985,39906.12,39457.925,39466.22,40347.78,38843.835,38351.055,39429.11,38783.495,41230.31]",39752.80704329595,-0.0003719809618729873,0.0003719809618729873,39075.58145358088,40459.618213085785,0.017469546204497588,fc6ed5692c5e33a9fffe770a3a11e12d0b94dbf5a1eec4c0ae7c81aee87c07d7
36,112,1.275,6000,32648.376,8892.329805053958,114.79948414652608,"[31261.87,32594.66,32531.65,32019.255,31556.505,32843.04,33028.08,33420.81,32303.12,32747.35,33591.705,32523.58,33245.59,32702.295,31499.23,33294.9,33309.98,32792.895,31449.58,33422.775,32458.445,31994.605,32848.115,32948.325,33379.97,31841.34,33564.315,32749.405,32769.295,32758.595]",32909.17438365188,0.00798809667138971,0.00798809667138971,32168.3202844127,33128.4317155873,0.023030549705082448,fc6ed5692c5e33a9fffe770a3a11e12d0b94dbf5a1eec4c0ae7c81aee87c07d7
36,112,1.675,6000,25162.875333333333,5643.204359525308,72.8534550122887,"[25316.805,24720.005,25468.315,25699.585,25109.95,24575.915,24398.74,24691.59,25652.68,25189.33,25364.865,24776.19,25338.055,25815.755,24519.125,24644.15,25189.565,25769.36,25595.57,24890.35,25841.88,25072.145,24773.615,25189.995,25602.025,24911.365,25677.275,25101.045,24350.51,25640.505]",25326.913676059856,0.00651906193364239,0.00651906193364239,24858.22485742795,25467.525809238716,0.018854476589540425,fc6ed5692c5e33a9fffe770a3a11e12d0b94dbf5a1eec4c0ae7c81aee87c07d7
36,112,1.875,6000,22726.872,4762.440803063395,61.48284639187735,"[22865.475,23301.945,23002.61,22502.72,22436.985,22905.755,22256.235,22925.355,22856.74,23254.09,22841.745,22604.36,22590.245,22639.345,23260.385,23075.285,22403.54,22546.595,22451.585,22558.475,22557.155,22864.745,22678.355,22975.24,22226.98,22340.82,22547.33,22785.87,22196.01,23354.185]",22870.842069850725,0.006334794768533296,0.006334794768533296,22469.769870661818,22983.97412933818,0.017849412855472924,fc6ed5692c5e33a9fffe770a3a11e12d0b94dbf5a1eec4c0ae7c81aee87c07d7
37,14,0.325,6000,371.21633333333335,112.75399968055628,1.4556478766035696,"[362.6,376.15,374.025,371.715,368.99,373.085,364.195,362.5,374.51,371.725,361.425,370.87,371.55,370.635,378.63,371.825,371.985,372.34,368.75,386.375,377.295,391.88,363.445,361.37,362.675,368.595,375.68,375.235,360.745,375.69]",373.85618927527486,0.007111367967667115,0.007111367967667115,365.12926693019386,377.30339973647284,0.02390091163727348,fc6ed5692c5e33a9fffe770a3a11e12d0b94dbf5a1eec4c0ae7c81aee87c07d7
37,14,0.525,6000,476.7285,150.4006056441031,1.9416634697304018,"[494.715,495.18,467.205,461.795,466.045,498.045,487.555,477.655,483.56,466.91,470.1,476.155,464.5,473.625,464.645,493.95,460.23,464.72,503.265,475.945,476.365,475.485,485.905,464.87,471.52,478.405,490.47,474.7,462.435,475.9]",476.2452907847587,-0.0010135941426646158,0.0010135941426646158,468.6090676408664,484.8479323591336,0.017742968465425557,fc6ed5692c5e33a9fffe770a3a11e12d0b94dbf5a1eec4c0ae7c81aee87c07d7
37,14,0.725,6000,596.0093333333333,196.73392764324242,2.5398240846541764,"[607.935,617.385,578.29,597.59,588.31,589.22,603.53,607.075,605.8,581.635,569.02,598.905,579.335,587.995,607.99,605.285,597.03,584.01,597.345,611.46,566.81,594.375,604.2,589.87,599.37,623.505,602.515,585.9,607.045,591.545]",596.5565795406185,0.0009181839556514507,0.0009181839556514507,585.3885794380606,606.630087228606,0.01907792617559867,fc6ed5692c5e33a9fffe770a3a11e12d0b94dbf5a1eec4c0ae7c81aee87c07d7
37,14,0.94,6000,658.741,225.6819287725443,2.9135411722534417,"[656.635,671.775,641.14,624.955,665.745,687.1,644.445,694.66,632.915,659.975,674.94,636.83,671.43,686.53,634.2,665.17,649.39,646.72,669.63,708.655,661.075,668.11,655.6,663.56,652.115,668.165,653.685,640.085,626.64,650.355]",660.3483626736087,0.002440052575456349,0.002440052575456349,646.5574775500734,670.9245224499266,0.02132971251959148,fc6ed5692c5e33a9fffe770a3a11e12d0b94dbf5a1eec4c0ae7c81aee87c07d7
37,14,1.0,6000,659.9666666666667,226.164161455516,2.919766769420596,"[660.585,648.455,657.51,658.99,674.59,676.87,643.57,657.69,677.74,650.235,668.295,649.51,646.135,657.18,670.16,649.78,670.75,650.24,671.695,623.245,680.005,673.045,677.895,644.16,674.315,655.63,657.93,657.675,654.34,660.78]",664.2170740847864,0.006440336509095996,0.006440336509095996,647.757110706875,672.1762226264584,0.025410702724589562,fc6ed5692c5e33a9fffe770a3a11e12d0b94dbf5a1eec4c0ae7c81aee87c07d7
37,14,1.06,6000,658.9331666666667,228.0696918283839,2.9443670607532955,"[665.46,640.055,671.63,655.335,660.85,661.23,639.475,672.24,662.56,682.595,658.19,681.895,631.0,652.595,665.625,677.025,651.9,638.75,657.03,659.29,628.085,642.51,673.095,658.65,670.505,644.225,666.535,678.105,666.445,655.11]",659.4724408165584,0.0008184049265872735,0.0008184049265872735,646.6207399444568,671.2455933888766,0.019875175784193955,fc6ed5692c5e33a9fffe770a3a11e12d0b94dbf5a1eec4c0ae7c81aee87c07d7
37,14,1.275,6000,649.9548333333333,219.20417926066048,2.829913785652011,"[654.045,630.23,626.14,621.11,633.53,658.7,678.715,640.775,641.845,646.525,674.565,651.985,663.315,653.845,662.81,650.62,638.645,656.775,640.485,654.23,665.145,645.655,655.405,653.91,655.125,667.345,655.705,629.305,655.92,636.24]",642.8499265500573,-0.010931385411564873,0.010931385411564873,638.1210145882284,661.7886520784383,0.028617483042209013,fc6ed5692c5e33a9fffe770a3a11e12d0b94dbf5a1eec4c0ae7c81aee87c07d7
37,14,1.675,6000,612.646,195.7388591146239,2.526977805188594,"[631.39,603.18,599.685,600.75,611.7,604.12,614.845,605.755,601.93,611.355,632.455,606.285,608.97,635.045,618.025,604.07,631.76,602.225,594.98,617.115,612.57,620.225,626.335,613.35,595.005,620.7,614.695,615.205,607.54,618.115]",613.5051435717598,0.0014023491082287114,0.0014023491082287114,602.0789652475206,623.2130347524793,0.018977873308597903,fc6ed5692c5e33a9fffe770a3a11e12d0b94dbf5a1eec4c0ae7c81aee87c07d7
37,14,1.875,6000,603.5345,187.83287609283653,2.424912003259324,"[606.895,587.63,602.4,628.32,585.115,634.025,612.045,582.885,601.27,623.89,611.325,594.835,585.97,613.07,569.87,608.69,604.73,616.67,606.06,625.44,585.255,611.98,593.355,616.2,596.065,601.035,589.475,603.055,601.73,606.75]",599.5968585787579,-0.006524302125631791,0.006524302125631791,593.3942726669652,613.6747273330348,0.022940277849566648,fc6ed5692c5e33a9fffe770a3a11e12d0b94dbf5a1eec4c0ae7c81aee87c07d7
37,28,0.325,6000,770.858,176.09067973797409,2.2733209001583914,"[766.095,782.71,759.195,784.77,792.61,749.74,769.59,776.015,781.0,774.945,795.095,756.935,761.355,738.44,767.415,761.925,771.83,760.59,769.245,768.725,779.03,754.875,775.07,791.06,767.57,768.76,764.085,780.79,788.37,767.905]",767.4074074074074,-0.004476301202805909,0.004476301202805909,761.3516794829828,780.3643205170171,0.016603671860632052,fc6ed5692c5e33a9fffe770a3a11e12d0b94dbf5a1eec4c0ae7c81aee87c07d7
37,28,0.525,6000,1089.7626666666667,292.49791881591364,3.7761318945812086,"[1068.39,1066.59,1103.38,1075.615,1100.025,1074.67,1068.515,1099.49,1077.53,1052.98,1108.255,1087.335,1094.365,1060.505,1090.59,1114.595,1078.585,1087.395,1091.805,1089.68,1107.275,1089.1,1088.84,1107.475,1126.25,1062.49,1131.59,1102.265,1090.905,1096.395]",1090.5263157894738,0.0007007481043031479,0.0007007481043031479,1073.9720582655743,1105.5532750677592,0.015414048621184673,fc6ed5692c5e33a9fffe770a3a11e12d0b94dbf5a1eec4c0ae7c81aee87c07d7
37,28,0.725,6000,1748.8523333333333,551.521574557535,7.120112911118085,"[1741.465,1726.575,1644.6,1762.39,1734.54,1862.39,1816.035,1741.295,1787.545,1768.025,1722.47,1798.88,1722.815,1738.84,1737.25,1741.52,1717.475,1814.065,1692.21,1766.11,1767.25,1738.815,1733.62,1688.37,1754.275,1740.63,1810.255,1808.345,1672.76,1714.755]",1716.0708582847774,-0.018744564320118437,0.018744564320118437,1719.0782370120774,1778.6264296545892,0.03517071956586193,fc6ed5692c5e33a9fffe770a3a11e12d0b94dbf5a1eec4c0ae7c81aee87c07d7
37,28,0.94,6000,2643.3101666666666,869.2377014719558,11.221810472321664,"[2592.145,2679.57,2657.42,2668.96,2767.735,2696.085,2645.2,2722.32,2598.5,2655.11,2560.14,2614.605,2634.335,2736.76,2682.945,2694.1,2542.065,2642.355,2592.51,2640.575,2554.065,2612.275,2563.47,2651.69,2634.835,2700.785,2649.3,2718.05,2611.375,2580.025]",2671.270287110878,0.010577691864088152,0.010577691864088152,2596.3840476468326,2690.2362856865007,0.028842512544289045,fc6ed5692c5e33a9fffe770a3a11e12d0b94dbf5a1eec4c0ae7c81aee87c07d7
37,28,1.0,6000,2665.712666666667,888.14857864878,11.46594884688171,"[2703.925,2664.02,2717.685,2656.5,2615.915,2752.24,2716.295,2597.7,2803.12,2632.535,2765.22,2690.46,2657.43,2657.715,2591.665,2619.76,2699.35,2648.055,2638.575,2591.84,2706.46,2572.255,2658.57,2640.675,2733.145,2624.135,2683.51,2684.56,2558.53,2689.535]",2676.1946575107613,0.00393215329437651,0.00393215329437651,2617.7656369435044,2713.659696389829,0.02232018777489886,fc6ed5692c5e33a9fffe770a3a11e12d0b94dbf5a1eec4c0ae7c81aee87c07d7
37,28,1.06,6000,2647.3496666666665,883.4772023437084,11.405641638103678,"[2577.35,2648.66,2626.28,2583.895,2714.995,2635.465,2576.16,2550.97,2681.27,2565.485,2666.21,2674.21,2592.91,2692.26,2591.615,2595.805,2656.185,2671.15,2727.24,2569.985,2667.01,2804.2,2629.495,2816.46,2681.495,2686.025,2548.85,2517.33,2730.12,2741.405]",2637.8450568632784,-0.0035902358963240295,0.0035902358963240295,2599.6548229222153,2695.0445104111177,0.02122393649784793,fc6ed5692c5e33a9fffe770a3a11e12d0b94dbf5a1eec4c0ae7c81aee87c07d7
37,28,1.275,6000,2518.031,814.7965500307364,10.518978229387669,"[2575.015,2504.525,2533.335,2476.995,2551.875,2468.925,2451.335,2485.005,2557.825,2452.465,2460.16,2563.7,2565.295,2456.695,2449.445,2478.45,2453.5,2465.5,2555.8,2545.22,2516.67,2655.64,2599.545,2578.38,2515.24,2539.565,2550.83,2525.71,2486.19,2522.095]",2507.6251535848282,-0.004132533084450394,0.004132533084450394,2474.043906689453,2562.018093310547,0.021230505696950175,fc6ed5692c5e33a9fffe770a3a11e12d0b94dbf5a1eec4c0ae7c81aee87c07d7
37,28,1.675,6000,2284.0156666666667,659.242465404488,8.510783632081004,"[2282.985,2286.61,2259.26,2407.175,2317.09,2199.705,2308.805,2302.615,2256.91,2346.845,2370.28,2238.89,2244.35,2323.41,2266.075,2283.505,2288.625,2260.115,2239.18,2196.015,2233.525,2297.045,2369.675,2340.85,2323.75,2318.69,2247.245,2224.385,2225.915,2260.945]",2293.2036796984085,0.004022745187711836,0.004022745187711836,2248.426218185413,2319.6051151479205,0.01991502374008669,fc6ed5692c5e33a9fffe770a3a11e12d0b94dbf5a1eec4c0ae7c81aee87c07d7
37,28,1.875,6000,2194.7561666666666,619.6728207525609,7.999941716240141,"[2181.43,2186.52,2223.985,2245.285,2173.805,2148.975,2182.665,2161.425,2159.94,2269.455,2187.51,2157.74,2164.445,2200.72,2190.225,2256.48,2176.255,2120.54,2219.98,2185.925,2233.955,2192.0,2223.725,2181.78,2210.39,2241.57,2142.965,2176.565,2215.47,2230.96]",2198.2533016570515,0.0015934047906999357,0.0015934047906999357,2161.3029000967176,2228.2094332366155,0.017096354961944726,fc6ed5692c5e33a9fffe770a3a11e12d0b94dbf5a1eec4c0ae7c81aee87c07d7
37,56,0.325,6000,1531.7126666666666,248.64585974195649,3.2100042462800755,"[1536.54,1535.705,1553.77,1522.405,1525.27,1541.21,1507.215,1554.44,1511.645,1540.26,1552.815,1526.325,1520.465,1533.975,1522.865,1515.25,1548.585,1531.075,1519.49,1532.33,1561.13,1499.435,1522.035,1526.21,1547.135,1515.8,1542.225,1548.975,1525.03,1531.77]",1510.0918558709789,-0.014115448194823119,0.014115448194823119,1518.2894279043792,1545.135905428954,0.022680237663784242,fc6ed5692c5e33a9fffe770a3a11e12d0b94dbf5a1eec4c0ae7c81aee87c07d7
37,56,0.525,6000,2180.836333333333,407.3885660977573,5.259363773106445,"[2206.215,2228.105,2178.96,2210.325,2172.755,2205.38,2150.255,2173.02,2162.215,2192.95,2160.97,2189.585,2121.675,2238.34,2193.44,2162.765,2181.055,2167.475,2147.62,2157.69,2142.935,2165.365,2160.925,2223.51,2139.66,2181.035,2179.045,2191.645,2236.07,2204.105]",2181.0526315789475,9.918132888208122e-05,9.918132888208122e-05,2158.84331081757,2202.8293558490964,0.010287601999686924,fc6ed5692c5e33a9fffe770a3a11e12d0b94dbf5a1eec4c0ae7c81aee87c07d7
37,56,0.725,6000,3756.8341666666665,963.3706072018402,12.437061059728181,"[3789.535,3718.555,3623.305,3799.545,3767.19,3831.14,3973.74,3790.075,3652.38,3698.19,3852.585,3730.35,3711.705,3776.005,3690.04,3842.85,3691.735,3817.09,3716.68,3877.585,3795.63,3723.305,3792.235,3632.54,3812.905,3677.62,3695.835,3694.095,3736.18,3794.4]",3767.272727272727,0.0027785524042234565,0.0027785524042234565,3704.8262478923084,3808.8420854410247,0.016855440768900998,fc6ed5692c5e33a9fffe770a3a11e12d0b94dbf5a1eec4c0ae7c81aee87c07d7
37,56,0.94,6000,9920.496,3253.40159945124,42.00123404399742,"[9981.145,9744.775,9934.94,10030.915,9859.025,9918.45,9959.54,9848.14,9687.795,10104.2,9588.835,9902.98,10284.66,9909.055,9802.08,10065.45,9947.93,10040.215,10176.62,9959.615,10127.81,9597.965,10430.875,10027.99,9679.405,9739.205,9693.58,9759.505,9925.3,9886.88]",9930.622069630248,0.0010207221121049615,0.0010207221121049615,9744.85991056596,10096.132089434039,0.01906257871012329,fc6ed5692c5e33a9fffe770a3a11e12d0b94dbf5a1eec4c0ae7c81aee87c07d7
37,56,1.0,6000,10741.4875,3592.103610082539,46.37385819900405,"[10271.575,10938.115,10648.95,10678.14,10675.68,10522.065,10566.6,10580.25,10837.39,10801.575,10736.905,10432.055,10837.77,10888.085,10765.27,10825.46,11110.17,10683.765,10794.195,10784.38,10580.295,10376.255,10900.065,10424.635,11377.965,10740.905,10883.815,10767.545,10943.85,10870.9]",10743.431352386277,0.000180966778230416,0.000180966778230416,10547.566457168026,10935.408542831972,0.018569676333742624,fc6ed5692c5e33a9fffe770a3a11e12d0b94dbf5a1eec4c0ae7c81aee87c07d7
37,56,1.06,6000,10500.0115,3400.0038995252953,43.89386159967248,"[10165.59,10355.435,10687.275,10608.135,10451.665,10303.445,10922.08,9964.11,10158.355,10636.015,10340.09,10896.285,10146.845,10458.02,10675.875,10610.88,10284.94,10394.71,10589.545,10552.25,10503.39,10296.105,10767.77,10369.695,10921.58,10531.66,10733.8,10502.62,10617.955,10554.225]",10433.978905692471,-0.006288811617732943,0.006288811617732943,10316.461031138784,10683.561968861217,0.023361409228138674,fc6ed5692c5e33a9fffe770a3a11e12d0b94dbf5a1eec4c0ae7c81aee87c07d7
37,56,1.275,6000,9449.218166666667,2862.104185495596,36.94960615178329,"[9593.905,9570.02,9424.06,9519.875,9359.845,9480.425,9571.515,9618.26,9553.195,9277.36,9452.805,9461.58,9439.82,9706.855,9371.62,9856.705,9249.0,9288.4,9514.685,9429.01,9171.105,9595.84,9463.285,9117.505,9135.47,9351.44,9547.285,9110.945,9717.055,9527.675]",9454.02127938546,0.0005083079503589906,0.0005083079503589906,9294.706412944644,9603.72992038869,0.017140387158322667,fc6ed5692c5e33a9fffe770a3a11e12d0b94dbf5a1eec4c0ae7c81aee87c07d7
37,56,1.675,6000,8026.0485,2143.9092360957166,27.67774922392992,"[8080.945,7946.64,8036.335,7892.805,7945.015,7936.935,8373.7,7941.87,8178.375,8260.515,8244.53,7603.685,7931.835,7837.69,8163.085,7789.88,7953.975,8205.825,7794.595,8173.86,7920.17,8276.525,7796.825,7999.35,8163.23,8239.385,7969.72,8037.415,8114.415,7972.325]",8053.315054924325,0.003397257682198748,0.003397257682198748,7910.308766426105,8141.788233573895,0.01807847110914107,fc6ed5692c5e33a9fffe770a3a11e12d0b94dbf5a1eec4c0ae7c81aee87c07d7
37,56,1.875,6000,7490.534333333333,1896.7091465884662,24.48640979112137,"[7533.13,7415.145,7285.01,7520.31,7517.085,7689.74,7559.79,7605.965,7562.135,7176.715,7540.225,7470.645,7506.27,7665.705,7271.215,7356.915,7379.335,7532.235,7604.255,7519.315,7481.295,7398.76,7758.13,7448.11,7616.13,7476.195,7353.87,7537.66,7395.01,7539.73]",7506.522974184242,0.00213451272491453,0.00213451272491453,7388.139788080523,7592.928878586143,0.01602340907175437,fc6ed5692c5e33a9fffe770a3a11e12d0b94dbf5a1eec4c0ae7c81aee87c07d7
37,112,0.325,6000,3057.0706666666665,349.5324879982545,4.512445016585612,"[3063.76,3044.445,3022.8,3068.435,3116.245,3025.26,3028.575,3083.53,3082.78,3033.315,3024.44,3067.29,3075.125,3074.64,3096.56,3025.885,3022.86,3083.81,3075.795,3023.07,3039.52,3038.475,3080.475,3084.005,3072.95,3060.92,3063.135,3050.64,3034.375,3049.005]",3019.796297202301,-0.012192838677493923,0.012192838677493923,3038.201025939706,3075.940307393627,0.01825263320499837,fc6ed5692c5e33a9fffe770a3a11e12d0b94dbf5a1eec4c0ae7c81aee87c07d7
37,112,0.525,6000,4357.567333333333,596.7056209437782,7.703436441678695,"[4276.225,4316.145,4356.245,4322.68,4405.06,4386.08,4297.98,4294.31,4365.77,4384.45,4300.5,4341.375,4303.49,4354.885,4277.735,4281.09,4379.545,4404.255,4339.97,4418.57,4397.47,4395.43,4375.31,4418.12,4384.88,4387.63,4422.84,4399.27,4383.57,4356.14]",4333.410265740752,-0.00554370494927094,0.00554370494927094,4325.3539595452485,4389.780707121418,0.012841288697911013,fc6ed5692c5e33a9fffe770a3a11e12d0b94dbf5a1eec4c0ae7c81aee87c07d7
37,112,0.725,6000,7556.897,1343.3766265836032,17.34291767480865,"[7542.19,7709.91,7598.225,7417.2,7518.875,7641.775,7559.3,7472.34,7677.62,7448.985,7513.05,7497.725,7507.73,7511.105,7629.14,7763.64,7611.655,7542.36,7476.21,7595.61,7597.17,7635.565,7620.445,7579.09,7287.535,7632.875,7628.885,7448.615,7364.35,7677.735]",7534.545454545454,-0.0029577676465017168,0.0029577676465017168,7484.374315628654,7629.419684371346,0.012435314054126456,fc6ed5692c5e33a9fffe770a3a11e12d0b94dbf5a1eec4c0ae7c81aee87c07d7
37,112,0.94,6000,30631.412333333334,9696.062475453762,125.17562830406361,"[30684.77,31038.63,31525.225,29828.23,30510.1,29150.955,31171.47,31174.47,31330.59,30702.905,30246.22,30784.015,31826.615,29854.26,31011.79,29643.8,30916.64,30667.57,31804.205,30180.69,29868.64,30460.78,30277.59,30338.69,30594.355,31017.765,30560.215,30223.88,31066.895,30480.41]",29814.64920762605,-0.02666423333077838,0.02666423333077838,30107.966812072114,31154.857854594553,0.04301764601923408,fc6ed5692c5e33a9fffe770a3a11e12d0b94dbf5a1eec4c0ae7c81aee87c07d7
37,112,1.0,6000,42973.20133333333,14286.393096967655,184.43654180642775,"[43904.125,42235.955,41546.88,43221.485,42151.005,41982.885,42866.23,43359.54,44312.8,44694.695,41984.315,43508.185,43822.695,41754.15,41269.7,43906.365,41506.535,42200.25,42487.46,42603.825,43719.63,43154.3,42569.145,44000.725,43155.67,43401.21,44795.11,42236.525,44646.895,42197.75]",43051.03085423157,0.0018111175915085371,0.0018111175915085371,42201.94511458305,43744.45755208361,0.02011958779016343,fc6ed5692c5e33a9fffe770a3a11e12d0b94dbf5a1eec4c0ae7c81aee87c07d7
37,112,1.06,6000,40781.203166666666,13219.502033469042,170.66303740260227,"[40580.805,43001.72,40726.465,40208.995,40322.33,40266.865,39946.91,41535.955,39780.32,40733.0,39758.83,40476.745,41392.035,39136.7,40285.05,41598.19,40976.83,41702.85,40255.065,40758.59,41214.58,42072.29,39525.32,40199.11,41514.265,40083.855,40772.235,41166.69,41934.615,41508.885]",40577.75066139447,-0.004988879421745229,0.004988879421745229,40067.54345683697,41494.862876496365,0.022101825419487464,fc6ed5692c5e33a9fffe770a3a11e12d0b94dbf5a1eec4c0ae7c81aee87c07d7
37,112,1.275,6000,33840.965833333335,9324.537078516056,120.37925605395415,"[34600.1,33114.29,33609.16,33508.55,33944.125,34553.39,34860.69,34573.9,33867.425,33948.095,33616.955,33724.225,34466.445,33946.865,33200.955,33863.1,34102.205,33646.175,33750.315,33467.115,33207.225,32468.57,34315.85,33283.365,33830.4,34967.89,33359.69,33281.9,33753.045,34396.96]",33786.709246301674,-0.001603281280412466,0.001603281280412466,33337.577248127775,34344.3544185389,0.01623688031638204,fc6ed5692c5e33a9fffe770a3a11e12d0b94dbf5a1eec4c0ae7c81aee87c07d7
37,112,1.675,6000,25988.176166666668,5731.610846694697,73.99477785396785,"[25885.045,26542.11,25601.92,25300.185,25274.085,26124.325,26073.43,25991.48,25988.04,25896.025,25735.385,26142.375,26635.4,26505.78,26310.61,26337.13,26005.455,26637.415,26167.115,26177.045,26103.37,25490.03,26518.295,25603.73,25376.55,26039.44,26063.045,25898.77,25756.555,25465.145]",26164.34527505117,0.0067788176921189285,0.0067788176921189285,25678.753033832105,26297.59929950123,0.018910273430306157,fc6ed5692c5e33a9fffe770a3a11e12d0b94dbf5a1eec4c0ae7c81aee87c07d7
37,112,1.875,6000,23486.530833333334,4807.7662284475255,62.06799511745236,"[23246.705,23831.985,23433.635,23540.18,23792.56,23995.795,23254.96,23558.5,23952.6,23502.16,23276.87,23088.12,23336.03,23630.345,23737.79,23517.255,23131.715,23975.335,22993.115,23731.595,22579.48,23128.19,23263.97,24001.625,24183.895,23652.26,23843.0,23265.465,23142.705,23008.085]",23672.273182716704,0.00790846254397669,0.00790846254397669,23226.9817941308,23746.07987253587,0.019171297955657085,fc6ed5692c5e33a9fffe770a3a11e12d0b94dbf5a1eec4c0ae7c81aee87c07d7
38,14,0.325,6000,380.3566666666667,114.0914235648064,1.4729139447053055,"[398.08,372.965,368.785,361.785,377.09,382.045,372.29,394.06,390.76,385.69,375.355,388.8,380.355,375.3,401.505,387.95,368.905,381.09,378.725,389.535,379.44,385.305,367.85,365.665,386.825,378.87,385.59,377.68,379.51,372.895]",383.51053096507826,0.008291860179686373,0.008291860179686373,374.19739894015385,386.5159343931795,0.024888286373187407,fc6ed5692c5e33a9fffe770a3a11e12d0b94dbf5a1eec4c0ae7c81aee87c07d7
38,14,0.525,6000,492.72866666666664,152.05249106222692,1.9629892187778566,"[492.11,502.37,474.21,488.94,505.045,500.235,495.25,487.12,481.25,483.72,485.97,489.01,486.76,500.61,506.61,497.985,494.355,500.27,519.89,508.69,490.825,482.67,495.14,480.635,473.46,486.9,495.88,491.13,503.645,481.175]",487.6483628885293,-0.01031055045468709,0.01031055045468709,484.5200566618709,500.93727667146237,0.026528099228775415,fc6ed5692c5e33a9fffe770a3a11e12d0b94dbf5a1eec4c0ae7c81aee87c07d7
38,14,0.725,6000,610.155,198.88211581486783,2.5675570746982594,"[645.955,616.22,600.975,589.595,599.455,615.58,612.24,629.005,628.49,626.545,622.835,597.195,620.605,591.395,629.18,612.16,604.905,596.99,621.92,587.795,593.71,602.92,596.235,625.285,594.345,632.07,596.39,609.355,600.13,605.17]",609.0409217650745,-0.00182589380555023,0.00182589380555023,599.418275371235,620.8917246287649,0.01908674635787122,fc6ed5692c5e33a9fffe770a3a11e12d0b94dbf5a1eec4c0ae7c81aee87c07d7
38,14,0.94,6000,674.8048333333334,225.77398741264295,2.914729644186697,"[675.25,684.78,677.61,660.64,668.75,701.39,661.505,654.895,673.225,664.71,690.235,680.72,694.2,660.77,671.325,652.3,666.635,695.505,674.06,660.155,694.75,668.17,658.59,666.075,695.875,703.44,690.235,660.36,685.66,652.33]",672.2132268610258,-0.0038405274299916393,0.0038405274299916393,662.6163410636501,686.9933256030166,0.021514180984243847,fc6ed5692c5e33a9fffe770a3a11e12d0b94dbf5a1eec4c0ae7c81aee87c07d7
38,14,1.0,6000,672.1575,228.41011264173378,2.948761874555984,"[661.495,677.64,671.85,660.74,685.47,659.405,677.995,673.22,685.38,639.335,674.09,682.975,692.375,679.42,687.065,653.615,676.065,669.36,709.515,664.95,666.335,667.505,665.28,666.14,677.52,642.995,668.08,677.155,701.24,650.515]",676.1413320701334,0.005926932408153471,0.005926932408153471,659.8266955341913,684.4883044658087,0.024725638787218118,fc6ed5692c5e33a9fffe770a3a11e12d0b94dbf5a1eec4c0ae7c81aee87c07d7
38,14,1.06,6000,669.8415,225.2290576261195,2.9076946308931713,"[662.025,682.205,656.235,666.125,677.725,659.255,675.935,659.95,670.42,668.2,655.58,649.675,681.955,676.165,665.72,645.085,665.48,669.515,642.085,664.19,697.325,657.445,664.835,672.01,672.17,697.905,666.33,666.505,695.035,712.16]",671.4709607982834,0.0024326065170393136,0.0024326065170393136,657.6824259665214,682.0005740334786,0.020965338721798066,fc6ed5692c5e33a9fffe770a3a11e12d0b94dbf5a1eec4c0ae7c81aee87c07d7
38,14,1.275,6000,663.3271666666667,217.48776965681833,2.8077550329488408,"[676.915,696.305,675.775,677.985,652.38,655.035,666.145,651.63,648.15,619.78,660.375,664.975,662.12,661.14,633.38,674.12,686.47,669.235,667.21,666.81,672.995,679.985,645.545,672.105,656.615,663.925,638.67,654.775,682.415,666.85]",655.0995028532711,-0.012403628596641071,0.012403628596641071,651.5860089292703,675.0683244040631,0.029580445162228686,fc6ed5692c5e33a9fffe770a3a11e12d0b94dbf5a1eec4c0ae7c81aee87c07d7
38,14,1.675,6000,627.8831666666666,199.20964902337494,2.5717855102378526,"[626.07,646.67,606.505,652.505,627.605,620.485,618.435,645.105,630.14,611.67,647.395,649.975,642.335,605.115,616.315,627.81,634.005,615.675,631.84,621.3,627.845,627.4,619.72,623.14,624.905,619.68,634.135,617.86,645.64,619.215]",626.1565107389392,-0.0027499637183999353,0.0027499637183999353,617.1287600364201,638.6375732969132,0.01954326378503146,fc6ed5692c5e33a9fffe770a3a11e12d0b94dbf5a1eec4c0ae7c81aee87c07d7
38,14,1.875,6000,611.5156666666667,190.360838836973,2.457547861952235,"[619.775,625.93,625.36,612.57,651.84,633.725,604.955,626.33,623.17,585.785,632.555,598.88,585.215,605.025,621.58,596.34,598.955,609.855,622.09,613.07,611.44,599.905,625.57,578.84,580.435,604.645,625.345,589.91,615.67,620.705]",612.4168926391907,0.001473757781933092,0.001473757781933092,601.2389663292878,621.7923670040456,0.018591486806230906,fc6ed5692c5e33a9fffe770a3a11e12d0b94dbf5a1eec4c0ae7c81aee87c07d7
38,28,0.325,6000,784.7115,181.5214870921053,2.3434323216217616,"[785.45,789.18,779.34,791.85,778.25,772.68,768.77,770.625,760.485,783.565,801.89,757.84,771.18,781.065,796.0,779.805,801.17,769.23,792.775,811.645,792.29,792.595,795.575,801.575,783.835,786.35,796.75,792.2,779.445,777.935]",788.1481481481482,0.004379505268048386,0.004379505268048386,774.911995338022,794.511004661978,0.017080846457090182,fc6ed5692c5e33a9fffe770a3a11e12d0b94dbf5a1eec4c0ae7c81aee87c07d7
38,28,0.525,6000,1121.2808333333332,300.4502172098995,3.878795625394473,"[1135.07,1104.85,1129.715,1095.585,1100.7,1160.96,1140.685,1124.15,1110.275,1092.125,1112.96,1145.145,1093.16,1119.18,1146.77,1096.87,1106.74,1139.37,1169.91,1154.37,1098.035,1123.92,1124.185,1101.645,1121.41,1151.56,1091.96,1112.61,1141.095,1093.415]",1120.0,-0.0011422948607135279,0.0011422948607135279,1105.0609171602866,1137.5007495063799,0.015385264153869205,fc6ed5692c5e33a9fffe770a3a11e12d0b94dbf5a1eec4c0ae7c81aee87c07d7
38,28,0.725,6000,1789.0115,553.4968218725866,7.145613244304203,"[1809.82,1769.12,1865.755,1935.43,1792.715,1802.255,1784.535,1781.445,1715.435,1785.765,1759.625,1765.03,1835.08,1825.11,1760.875,1832.285,1752.41,1761.2,1788.555,1818.9,1764.755,1779.47,1782.48,1717.5,1849.93,1795.51,1773.65,1779.23,1748.965,1737.51]",1758.5477992420874,-0.017028230817919644,0.017028230817919644,1759.1307692213998,1818.8922307786004,0.03317647440314908,fc6ed5692c5e33a9fffe770a3a11e12d0b94dbf5a1eec4c0ae7c81aee87c07d7
38,28,0.94,6000,2682.6311666666666,896.845436563525,11.578224799775509,"[2734.97,2785.945,2601.475,2583.5,2657.51,2746.765,2731.575,2658.125,2618.54,2669.01,2790.89,2680.805,2668.71,2730.365,2758.11,2627.67,2666.635,2622.745,2730.645,2747.175,2659.615,2808.585,2697.73,2575.935,2635.435,2722.67,2682.355,2639.265,2634.46,2611.72]",2720.873870079073,0.014255669541007206,0.014255669541007206,2634.21463385026,2731.0476994830733,0.03289756085750284,fc6ed5692c5e33a9fffe770a3a11e12d0b94dbf5a1eec4c0ae7c81aee87c07d7
38,28,1.0,6000,2708.637166666667,927.0562315171096,11.968244485545243,"[2720.945,2836.33,2751.06,2706.715,2716.95,2747.385,2746.3,2652.205,2652.77,2664.295,2760.96,2727.775,2544.84,2657.635,2740.35,2695.235,2617.535,2672.725,2753.825,2666.545,2709.71,2637.07,2712.215,2748.895,2723.25,2750.365,2657.63,2752.06,2826.95,2708.59]",2724.4911469010212,0.0058531206872069795,0.0058531206872069795,2658.5896929036408,2758.684640429693,0.024788125137656936,fc6ed5692c5e33a9fffe770a3a11e12d0b94dbf5a1eec4c0ae7c81aee87c07d7
38,28,1.06,6000,2686.339,891.1558927687882,11.504773105227065,"[2704.245,2653.27,2717.72,2530.495,2624.225,2670.22,2744.475,2668.375,2677.19,2753.11,2739.99,2701.935,2744.44,2679.665,2599.85,2847.61,2684.585,2749.77,2706.965,2674.895,2625.82,2664.84,2634.555,2846.41,2708.605,2685.99,2610.305,2680.875,2640.2,2619.54]",2686.7470815601623,0.0001519099265440336,0.0001519099265440336,2638.2296193110587,2734.448380688941,0.01839015902708785,fc6ed5692c5e33a9fffe770a3a11e12d0b94dbf5a1eec4c0ae7c81aee87c07d7
38,28,1.275,6000,2547.295,799.6813947007303,10.323842413159495,"[2622.03,2579.4,2491.695,2598.78,2565.775,2566.24,2614.045,2552.385,2498.265,2663.89,2507.875,2514.22,2665.945,2512.81,2579.09,2553.86,2486.6,2431.885,2610.0,2606.205,2563.45,2435.02,2542.545,2632.435,2489.87,2489.075,2575.08,2521.735,2481.51,2467.135]",2558.393110624741,0.0043568218933185635,0.0043568218933185635,2504.1239039440793,2590.466096055921,0.0216719334834774,fc6ed5692c5e33a9fffe770a3a11e12d0b94dbf5a1eec4c0ae7c81aee87c07d7
38,28,1.675,6000,2349.558666666667,692.9558522689267,8.946021584981734,"[2418.325,2364.78,2333.705,2376.015,2402.965,2411.835,2351.43,2351.065,2329.57,2344.065,2325.64,2298.74,2301.04,2339.54,2272.34,2409.58,2335.48,2357.0,2322.12,2435.72,2305.165,2330.76,2351.495,2329.11,2290.875,2328.74,2455.8,2387.755,2347.125,2278.98]",2346.290831181008,-0.001390829491521063,0.001390829491521063,2312.1491885181727,2386.968144815161,0.017041414533541244,fc6ed5692c5e33a9fffe770a3a11e12d0b94dbf5a1eec4c0ae7c81aee87c07d7
38,28,1.875,6000,2245.6318333333334,638.6263729500555,8.24463102294804,"[2184.86,2209.615,2208.215,2248.655,2230.9,2218.335,2281.945,2291.37,2202.425,2278.475,2298.79,2248.91,2280.91,2218.93,2214.47,2221.71,2188.55,2200.24,2226.85,2330.05,2248.105,2288.885,2265.92,2277.855,2308.2,2173.05,2294.98,2244.48,2270.545,2212.73]",2252.020267382685,0.0028448269901253853,0.0028448269901253853,2211.1553522332715,2280.108314433395,0.01848125013384494,fc6ed5692c5e33a9fffe770a3a11e12d0b94dbf5a1eec4c0ae7c81aee87c07d7
38,56,0.325,6000,1575.2861666666668,252.67745036764347,3.262051857453448,"[1561.04,1582.81,1571.085,1572.06,1581.21,1578.785,1593.845,1587.185,1572.15,1591.28,1558.005,1581.9,1581.63,1592.825,1545.91,1578.98,1552.295,1586.47,1586.875,1573.93,1598.82,1584.41,1570.985,1588.865,1584.035,1591.525,1558.3,1557.345,1546.74,1547.29]",1551.1132710320865,-0.015345082148299806,0.015345082148299806,1561.6452809923553,1588.9270523409782,0.023798311730661492,fc6ed5692c5e33a9fffe770a3a11e12d0b94dbf5a1eec4c0ae7c81aee87c07d7
38,56,0.525,6000,2240.3591666666666,440.49662622119774,5.686786991384174,"[2232.315,2232.815,2233.03,2177.74,2213.92,2305.035,2218.58,2287.225,2213.105,2267.905,2236.88,2269.695,2230.95,2304.66,2232.955,2240.45,2220.01,2187.985,2279.095,2295.895,2295.285,2174.92,2209.81,2264.25,2208.985,2254.7,2195.655,2209.735,2264.48,2252.71]",2240.0,-0.00016031655638547133,0.00016031655638547133,2216.5787932718085,2264.1395400615247,0.01066168389112132,fc6ed5692c5e33a9fffe770a3a11e12d0b94dbf5a1eec4c0ae7c81aee87c07d7
38,56,0.725,6000,3862.4978333333333,964.0629726481448,12.445999459204938,"[3800.64,3802.185,3993.705,3885.415,3760.57,3813.96,3885.315,3860.365,3811.28,3934.52,3938.85,3879.92,3826.575,3894.135,3821.765,3997.225,3783.225,3789.08,3735.83,3898.53,3867.07,3959.195,3884.645,3836.975,3860.55,3840.1,3843.015,3875.305,3882.76,3912.23]",3869.0909090909086,0.001706946137464985,0.001706946137464985,3810.452536954111,3914.5431297125556,0.015388821030603905,fc6ed5692c5e33a9fffe770a3a11e12d0b94dbf5a1eec4c0ae7c81aee87c07d7
38,56,0.94,6000,10140.937666666667,3272.3436472868916,42.24577483003256,"[10190.12,10213.82,9917.745,10222.57,10264.985,10316.66,9777.345,10222.43,10354.835,10356.535,10035.175,10267.68,10434.405,9843.745,10246.205,9674.35,10377.125,10308.22,10126.26,9957.84,10066.67,10226.665,10352.2,9932.125,10117.19,10381.765,9867.925,9791.64,10047.735,10336.165]",10136.016887032854,-0.0004852391164958031,0.0004852391164958031,9964.278983769746,10317.596349563588,0.01759900817775395,fc6ed5692c5e33a9fffe770a3a11e12d0b94dbf5a1eec4c0ae7c81aee87c07d7
38,56,1.0,6000,10836.549833333333,3601.756236548298,46.4984730708342,"[11200.9,10935.205,10718.645,11272.865,11023.41,11018.455,10671.765,10574.22,10814.855,10595.1,10814.22,11342.06,10654.105,11225.505,10500.15,10660.465,11165.065,10618.795,10643.52,10734.855,10845.63,10823.805,10468.4,10940.135,10546.065,10609.51,10943.895,11000.955,10800.06,10933.88]",10937.81622484506,0.009344892338355868,0.009344892338355868,10642.107689889157,11030.991976777508,0.02778665125112867,fc6ed5692c5e33a9fffe770a3a11e12d0b94dbf5a1eec4c0ae7c81aee87c07d7
38,56,1.06,6000,10717.834666666668,3504.4935051235,45.242816607451246,"[10933.24,10388.285,10827.665,10763.6,11491.195,10635.335,11134.15,10221.375,10774.245,10634.915,10595.44,10576.665,10883.805,10373.255,10723.76,10750.525,10291.03,10978.23,10672.34,10568.47,10747.84,10919.42,10325.435,10734.485,10921.88,10918.06,11274.085,10394.155,10703.145,10379.01]",10633.239867798766,-0.007892900151837426,0.007892900151837426,10528.643287775509,10907.026045557826,0.02510181754544971,fc6ed5692c5e33a9fffe770a3a11e12d0b94dbf5a1eec4c0ae7c81aee87c07d7
38,56,1.275,6000,9673.4505,2876.023875035007,37.12930857101835,"[9716.815,9848.55,9914.735,9773.57,9420.345,9384.88,9448.665,9651.715,9870.865,9491.695,9849.45,10141.805,9613.08,9624.985,9939.395,9284.365,9693.05,9403.23,9521.215,9772.77,9508.095,9590.38,9651.915,9582.445,9669.38,9529.755,10157.375,9948.89,9344.74,9855.36]",9665.291363772063,-0.0008434566577807762,0.0008434566577807762,9518.1872866865,9828.713713313502,0.01662703323224024,fc6ed5692c5e33a9fffe770a3a11e12d0b94dbf5a1eec4c0ae7c81aee87c07d7
38,56,1.675,6000,8268.9945,2168.8134991592615,27.999261877578846,"[8195.325,8096.235,8234.18,8102.655,8408.29,8280.955,8348.27,8164.89,8165.625,8064.0,8324.85,8326.26,8269.795,8224.8,7994.07,8573.595,8372.495,8261.58,8112.885,8076.655,8384.35,8508.155,8337.31,8235.585,8440.2,8337.67,8639.56,8160.24,8059.62,8369.735]",8271.378058035552,0.00028825246353128987,0.00028825246353128987,8151.910300567523,8386.078699432477,0.014655185479618416,fc6ed5692c5e33a9fffe770a3a11e12d0b94dbf5a1eec4c0ae7c81aee87c07d7
38,56,1.875,6000,7713.6686666666665,1950.1011124921308,25.1756971070086,"[7722.385,7651.71,7968.22,7875.24,7764.305,7890.805,7799.365,7704.705,7590.325,7721.04,7625.05,7654.7,7645.39,7750.64,7763.83,7626.355,7884.855,7690.01,7635.28,7764.045,7610.655,7532.87,7700.56,7723.69,7674.06,7610.455,7580.105,7807.355,7786.165,7655.89]",7723.49693221747,0.0012741363384293322,0.0012741363384293322,7608.391736374119,7818.945596959214,0.015128715743309762,fc6ed5692c5e33a9fffe770a3a11e12d0b94dbf5a1eec4c0ae7c81aee87c07d7
38,112,0.325,6000,3152.8056666666666,359.43530506102155,4.640289835134396,"[3170.07,3137.575,3154.23,3150.73,3177.375,3150.23,3139.44,3157.6,3178.98,3138.51,3136.06,3144.54,3177.5,3149.905,3122.005,3173.305,3137.04,3129.255,3168.51,3146.875,3151.47,3143.235,3121.42,3171.045,3178.69,3162.04,3138.105,3162.99,3167.38,3148.06]",3100.431762083623,-0.01661184041146952,0.01661184041146952,3133.4014186955287,3172.2099146378046,0.022627176159739415,fc6ed5692c5e33a9fffe770a3a11e12d0b94dbf5a1eec4c0ae7c81aee87c07d7
38,112,0.525,6000,4476.341166666667,607.1117326170577,7.837778765709982,"[4535.72,4516.095,4420.2,4492.675,4440.645,4476.12,4456.12,4449.835,4508.065,4547.655,4430.145,4444.835,4482.495,4446.195,4456.325,4528.235,4460.755,4449.28,4437.385,4459.985,4578.3,4467.725,4487.065,4427.74,4479.965,4393.29,4552.945,4466.47,4477.93,4520.04]",4449.784793967425,-0.005932606946270279,0.005932606946270279,4443.566015088586,4509.116318244748,0.013158126801310677,fc6ed5692c5e33a9fffe770a3a11e12d0b94dbf5a1eec4c0ae7c81aee87c07d7
38,112,0.725,6000,7728.604,1414.549511294668,18.261755665433633,"[7539.735,7746.875,7717.995,7800.08,7753.75,7688.305,7595.315,7736.41,7873.785,7723.17,7581.305,7718.645,7825.135,7732.195,7714.875,7569.595,7676.925,7717.945,7827.855,7529.695,7786.75,7620.51,7757.21,7917.985,7756.16,7913.49,7657.345,7838.74,7724.485,7815.855]",7738.181818181817,0.0012392688487878067,0.0012392688487878067,7652.23902110636,7804.96897889364,0.011231065422605102,fc6ed5692c5e33a9fffe770a3a11e12d0b94dbf5a1eec4c0ae7c81aee87c07d7
38,112,0.94,6000,31655.873,9946.730854137544,128.41174315760728,"[31667.85,32369.915,32618.175,32605.555,30745.575,32004.2,33070.355,31157.43,30192.91,32180.995,32214.715,30603.93,31536.64,31730.075,31127.765,32188.26,32075.47,31688.655,31008.13,31882.545,31403.965,30820.36,31986.635,31027.53,31816.17,31725.705,30501.115,32866.06,31410.81,31448.695]",30531.563407401944,-0.035516619383646635,0.035516619383646635,31118.895053542885,32192.850946457114,0.05160423790419222,fc6ed5692c5e33a9fffe770a3a11e12d0b94dbf5a1eec4c0ae7c81aee87c07d7
38,112,1.0,6000,43730.373166666664,14530.063481750884,187.58231294719243,"[42711.19,44150.355,46182.835,42940.715,44005.905,43362.925,43473.93,43508.005,43091.675,44549.045,44047.49,44035.96,43247.375,43314.415,43770.855,41982.815,42927.96,42567.36,44785.885,43959.705,43264.74,45778.77,44595.07,44504.595,43777.14,42759.535,43303.75,44389.85,42467.745,44453.6]",43830.96817386218,0.0023003464162568367,0.0023003464162568367,42945.96231201118,44514.78402132215,0.020607428829310104,fc6ed5692c5e33a9fffe770a3a11e12d0b94dbf5a1eec4c0ae7c81aee87c07d7
38,112,1.06,6000,41827.998166666664,13307.302291256297,171.79653385661146,"[42711.21,41822.825,42409.835,42011.3,41858.515,40979.445,42234.155,42191.26,42307.095,40551.635,39619.895,42451.49,43638.825,41480.56,42219.225,40406.045,42024.86,40839.915,42792.415,42176.125,41564.88,43261.955,42415.59,39140.155,43202.04,40901.07,41090.19,42574.765,41974.96,41987.71]",41395.17450957329,-0.010347701923691308,0.010347701923691308,41109.59852742535,42546.39780590798,0.027058067326555912,fc6ed5692c5e33a9fffe770a3a11e12d0b94dbf5a1eec4c0ae7c81aee87c07d7
38,112,1.275,6000,34600.6935,9491.23702520396,122.53134311174054,"[34629.495,35543.155,34266.66,34275.425,34466.33,34462.555,35950.15,34584.98,34664.095,34077.56,33744.2,34832.835,34488.905,33573.84,34889.39,34626.96,34139.995,35679.6,34942.305,34214.28,34984.725,33866.315,34232.035,35208.72,33604.58,36328.92,34260.71,34121.055,35003.285,34357.745]",34657.139740128405,0.0016313615254099918,0.0016313615254099918,34088.305556476655,35113.08144352335,0.01668707711826034,fc6ed5692c5e33a9fffe770a3a11e12d0b94dbf5a1eec4c0ae7c81aee87c07d7
38,112,1.675,6000,26853.704,6009.379284636235,77.58075296813325,"[26709.29,27595.28,27266.49,26263.83,27043.045,27104.045,27158.445,26338.875,26852.67,26706.36,26356.92,27153.75,26970.255,26363.5,26991.195,27063.645,27027.36,26811.955,26502.73,27005.635,26548.565,27121.305,27020.555,27004.035,27659.305,26946.71,26657.73,26121.93,26816.965,26428.745]",26999.629604516584,0.005434095963692089,0.005434095963692089,26529.28543524075,27178.122564759255,0.017729243798290995,fc6ed5692c5e33a9fffe770a3a11e12d0b94dbf5a1eec4c0ae7c81aee87c07d7
38,112,1.875,6000,24171.9345,5053.191620959579,65.23642331057104,"[23337.085,23797.065,24578.485,24572.89,23847.375,24330.685,24859.59,24237.125,23546.78,24472.25,24163.34,24814.435,24227.105,24059.065,24553.355,23904.67,24220.225,23669.86,24241.04,24004.855,24691.055,23887.815,23603.08,24475.13,24152.165,24459.56,24207.2,24084.605,24319.18,23840.965]",24473.514499029032,0.012476452765045862,0.012476452765045862,23899.13608015048,24444.732919849517,0.0240334385708445,fc6ed5692c5e33a9fffe770a3a11e12d0b94dbf5a1eec4c0ae7c81aee87c07d7
39,14,0.325,6000,389.03516666666667,116.82280253088757,1.508175895531351,"[376.49,377.46,400.315,391.02,392.46,389.65,386.2,393.105,388.055,385.265,387.455,392.69,389.335,391.555,378.255,382.645,398.085,384.78,391.65,386.185,395.58,398.675,387.38,384.465,391.615,384.345,386.06,403.365,385.82,391.095]",393.14063554539246,0.010552950556892553,0.010552950556892553,382.72844443578344,395.3418888975499,0.02720516664226147,fc6ed5692c5e33a9fffe770a3a11e12d0b94dbf5a1eec4c0ae7c81aee87c07d7
39,14,0.525,6000,504.45433333333335,162.18134514386767,2.0937521626923887,"[506.62,498.7,494.875,502.475,502.83,502.495,497.185,496.605,504.185,490.28,511.855,505.96,492.95,500.62,503.855,506.585,509.22,501.87,523.49,512.445,517.8,505.035,496.84,498.01,514.48,505.69,513.23,501.16,501.415,514.87]",498.9961299761115,-0.010820014809180338,0.010820014809180338,495.6989133922398,513.2097532744269,0.027695543990792104,fc6ed5692c5e33a9fffe770a3a11e12d0b94dbf5a1eec4c0ae7c81aee87c07d7
39,14,0.725,6000,626.2788333333333,204.3316462410595,2.6379102099825626,"[625.585,604.11,620.35,614.505,592.69,640.37,628.46,620.555,621.935,615.835,626.585,634.63,633.57,627.65,635.525,605.105,621.695,631.335,596.055,627.635,639.455,647.62,628.175,614.325,647.405,623.07,632.715,637.005,644.285,650.13]",621.4293963969119,-0.007743255365362657,0.007743255365362657,615.247913787633,637.3097528790336,0.024917799249709383,fc6ed5692c5e33a9fffe770a3a11e12d0b94dbf5a1eec4c0ae7c81aee87c07d7
39,14,0.94,6000,685.7135,230.85354298949323,2.9803064247042843,"[687.89,666.65,671.775,687.24,679.195,665.11,685.035,698.755,675.2,657.675,682.63,702.28,682.03,694.85,683.04,672.965,682.54,701.46,694.695,682.68,710.225,672.885,688.635,699.935,709.225,703.35,677.56,693.435,687.07,675.39]",683.9788582298436,-0.002529688813413142,0.002529688813413142,673.250786042551,698.1762139574489,0.020334917523372686,fc6ed5692c5e33a9fffe770a3a11e12d0b94dbf5a1eec4c0ae7c81aee87c07d7
39,14,1.0,6000,691.1643333333334,232.28117318986196,2.9987370513395204,"[700.975,690.725,676.14,697.46,658.76,707.11,697.88,701.82,702.66,702.59,711.815,685.36,695.575,666.3,673.75,681.525,674.12,700.785,678.825,679.01,696.66,698.68,719.545,698.84,698.87,685.34,678.63,684.295,688.275,702.61]",687.9673930237587,-0.004625441671963169,0.004625441671963169,678.62454823115,703.7041184355168,0.022362701879227398,fc6ed5692c5e33a9fffe770a3a11e12d0b94dbf5a1eec4c0ae7c81aee87c07d7
39,14,1.06,6000,685.3425,232.96957454610686,3.007624274633664,"[705.27,684.87,675.33,687.285,654.03,721.595,700.455,702.015,684.2,662.385,668.73,667.205,679.605,731.58,679.675,714.69,686.165,679.95,662.945,691.625,686.21,670.675,682.91,683.475,661.16,699.0,670.53,683.3,684.945,698.465]",683.3688233415776,-0.00287983987338067,0.00287983987338067,672.7655512958215,697.9194487041784,0.02084857412931662,fc6ed5692c5e33a9fffe770a3a11e12d0b94dbf5a1eec4c0ae7c81aee87c07d7
39,14,1.275,6000,672.2555,225.86076994684913,2.915850001885771,"[659.765,683.33,651.07,693.595,647.64,680.395,684.15,636.59,644.56,650.205,660.955,704.6,662.94,676.69,671.81,689.115,689.5,671.79,694.85,694.575,663.265,679.505,682.61,679.37,656.27,673.71,677.14,667.625,666.46,673.585]",667.2403924435797,-0.007460121272968798,0.007460121272968798,660.0623227430892,684.4486772569107,0.025141819080281236,fc6ed5692c5e33a9fffe770a3a11e12d0b94dbf5a1eec4c0ae7c81aee87c07d7
39,14,1.675,6000,638.1818333333333,201.3360676547101,2.599237456725273,"[624.605,666.25,634.675,631.435,641.17,648.725,627.03,628.375,644.515,615.16,661.015,654.86,645.62,642.07,621.085,617.105,627.88,639.92,640.81,625.95,637.97,642.495,636.66,658.265,651.58,634.935,625.49,633.385,635.34,651.08]",638.6880348206165,0.0007931931948598648,0.0007931931948598648,627.3126312062842,649.0510354603824,0.018133547849113363,fc6ed5692c5e33a9fffe770a3a11e12d0b94dbf5a1eec4c0ae7c81aee87c07d7
39,14,1.875,6000,628.1321666666666,193.89378750261935,2.503158033102415,"[630.325,641.88,609.835,617.45,612.415,630.94,629.545,628.665,648.68,611.47,652.86,637.48,636.56,653.845,619.075,623.91,621.62,605.905,630.005,646.0,636.15,591.57,617.275,633.86,622.93,601.915,630.555,666.335,608.615,646.295]",625.1134697394167,-0.004805830822626684,0.004805830822626684,617.6647387880246,638.5995945453087,0.021118279624800396,fc6ed5692c5e33a9fffe770a3a11e12d0b94dbf5a1eec4c0ae7c81aee87c07d7
39,28,0.325,6000,812.3145,184.60376760759559,2.3832243919712064,"[798.68,804.58,818.05,813.605,795.665,824.59,807.22,803.03,809.505,827.99,798.84,813.865,798.945,826.94,823.11,811.765,824.705,815.825,826.4,819.12,808.275,794.86,810.345,813.815,820.79,816.445,822.495,798.585,827.245,794.15]",808.8888888888888,-0.004217099548402931,0.004217099548402931,802.3485972836377,822.2804027163622,0.016285823890774043,fc6ed5692c5e33a9fffe770a3a11e12d0b94dbf5a1eec4c0ae7c81aee87c07d7
39,28,0.525,6000,1143.1278333333332,308.8040902465473,3.9866436625520327,"[1131.26,1141.475,1128.18,1128.265,1168.99,1099.175,1171.15,1131.02,1173.035,1134.525,1170.695,1152.56,1152.295,1100.32,1087.35,1139.84,1142.615,1123.77,1123.215,1170.44,1146.765,1141.235,1172.15,1147.84,1136.39,1145.18,1173.965,1164.355,1116.43,1179.35]",1149.4736842105265,0.005551304667903059,0.005551304667903059,1126.4569302326254,1159.798736434041,0.02043287529257598,fc6ed5692c5e33a9fffe770a3a11e12d0b94dbf5a1eec4c0ae7c81aee87c07d7
39,28,0.725,6000,1846.7518333333333,570.8275424859207,7.369351885348259,"[1838.825,1890.23,1849.42,1887.915,1941.365,1840.125,1839.055,1841.24,1805.975,1847.005,1791.62,1854.15,1872.245,1870.72,1883.02,1803.595,1822.525,1819.765,1803.67,1838.7,1868.415,1857.82,1869.81,1839.05,1872.55,1941.155,1825.31,1837.825,1798.81,1750.645]",1800.8670421437953,-0.024846213964069688,0.024846213964069688,1815.9354971883024,1877.568169478364,0.04085131425927313,fc6ed5692c5e33a9fffe770a3a11e12d0b94dbf5a1eec4c0ae7c81aee87c07d7
39,28,0.94,6000,2716.1976666666665,897.7476215840946,11.58987195830839,"[2683.34,2642.47,2679.91,2700.35,2706.46,2658.895,2831.77,2707.16,2573.955,2662.455,2770.05,2690.365,2714.18,2743.53,2786.22,2731.53,2761.75,2731.955,2650.57,2719.725,2813.77,2786.69,2667.995,2696.445,2678.685,2738.84,2791.095,2821.11,2587.91,2756.75]",2770.0544554571497,0.019828007899210312,0.019828007899210312,2667.7324290580245,2764.6629042753084,0.03835543073382919,fc6ed5692c5e33a9fffe770a3a11e12d0b94dbf5a1eec4c0ae7c81aee87c07d7
39,28,1.0,6000,2750.968,899.547292733764,11.613105612946121,"[2730.405,2786.42,2724.325,2765.115,2848.845,2689.66,2819.28,2673.265,2669.66,2792.555,2847.39,2677.96,2680.285,2774.995,2863.09,2810.195,2770.29,2759.265,2765.51,2707.6,2657.16,2654.81,2694.37,2649.635,2711.655,2782.78,2745.245,2839.19,2917.03,2721.055]",2772.3948481643934,0.0077888394791918725,0.0077888394791918725,2702.4056064782826,2799.530393521717,0.025898866372364937,fc6ed5692c5e33a9fffe770a3a11e12d0b94dbf5a1eec4c0ae7c81aee87c07d7
39,28,1.06,6000,2759.895,893.7977937194051,11.538879899840628,"[2720.1,2716.445,2742.725,2727.05,2660.09,2807.755,2730.96,2777.155,2868.05,2662.97,2926.09,2743.995,2762.82,2820.065,2670.875,2772.44,2862.625,2789.165,2706.855,2737.925,2707.025,2768.59,2786.995,2677.605,2870.715,2772.01,2635.83,2667.44,2808.425,2896.06]",2735.2361724523457,-0.008934697714099361,0.008934697714099361,2711.642995310469,2808.147004689531,0.025964036824078662,fc6ed5692c5e33a9fffe770a3a11e12d0b94dbf5a1eec4c0ae7c81aee87c07d7
39,28,1.275,6000,2613.8921666666665,827.5034289109917,10.683023330339347,"[2605.305,2578.05,2690.31,2629.275,2648.265,2631.28,2453.91,2707.81,2631.24,2513.51,2636.565,2652.095,2582.285,2605.98,2658.955,2540.29,2572.65,2604.055,2610.02,2562.835,2634.24,2685.465,2613.92,2613.355,2611.41,2720.045,2611.4,2582.5,2638.52,2591.225]",2608.693718644264,-0.0019887767707845324,0.0019887767707845324,2569.2190877969383,2658.5652455363947,0.018758812474458764,fc6ed5692c5e33a9fffe770a3a11e12d0b94dbf5a1eec4c0ae7c81aee87c07d7
39,28,1.675,6000,2384.1136666666666,704.3657875046105,9.093323215478762,"[2324.185,2331.575,2340.955,2388.405,2356.345,2338.875,2405.56,2342.385,2298.02,2272.165,2421.8,2425.76,2349.57,2281.095,2441.7,2382.25,2391.675,2393.115,2413.685,2330.62,2381.36,2427.19,2451.815,2471.145,2467.11,2398.72,2442.84,2380.835,2397.935,2474.72]",2398.8771257363856,0.0061924308711171295,0.0061924308711171295,2346.0882189416443,2422.139114391689,0.022500819180002907,fc6ed5692c5e33a9fffe770a3a11e12d0b94dbf5a1eec4c0ae7c81aee87c07d7
39,28,1.875,6000,2313.536833333333,651.7314607715861,8.41381697922595,"[2263.93,2342.84,2306.265,2328.085,2232.39,2270.725,2289.135,2371.92,2375.465,2269.305,2223.805,2344.15,2368.975,2301.155,2308.94,2286.64,2355.625,2311.27,2334.32,2385.43,2327.795,2352.345,2292.23,2304.54,2320.73,2390.175,2316.005,2264.155,2270.24,2297.52]",2305.2961501053546,-0.0035619416597337424,0.0035619416597337424,2278.3528692170175,2348.7207974496487,0.01848863747085072,fc6ed5692c5e33a9fffe770a3a11e12d0b94dbf5a1eec4c0ae7c81aee87c07d7
39,56,0.325,6000,1616.6475,262.1668581024902,3.3845595845282253,"[1614.355,1592.565,1615.955,1584.96,1633.885,1622.83,1590.595,1598.1,1585.65,1637.18,1650.005,1629.015,1612.39,1630.275,1641.95,1590.38,1637.78,1611.115,1601.985,1633.22,1625.885,1594.7,1608.975,1648.605,1637.07,1611.25,1608.84,1612.23,1611.755,1625.925]",1592.1542682456907,-0.015150632252429403,0.015150632252429403,1602.4943251370821,1630.800674862918,0.02369781127327275,fc6ed5692c5e33a9fffe770a3a11e12d0b94dbf5a1eec4c0ae7c81aee87c07d7
39,56,0.525,6000,2302.0673333333334,439.40058748132714,5.672637192096451,"[2277.95,2308.615,2313.04,2300.405,2293.165,2321.19,2266.25,2309.505,2336.245,2258.545,2298.16,2267.695,2282.975,2316.335,2340.135,2301.315,2259.21,2296.83,2309.955,2294.225,2321.845,2319.105,2312.115,2331.425,2260.65,2324.865,2306.88,2320.36,2312.185,2300.845]",2298.947368421053,-0.0013552882954830162,0.0013552882954830162,2278.3461299954924,2325.7885366711744,0.01154067441081219,fc6ed5692c5e33a9fffe770a3a11e12d0b94dbf5a1eec4c0ae7c81aee87c07d7
39,56,0.725,6000,3960.6808333333333,1010.6514123799213,13.047453629894799,"[3893.835,3852.855,3965.315,3912.32,4006.405,3950.68,3963.2,3926.325,3890.875,3859.74,4038.105,4033.03,3998.765,4086.43,3908.285,3874.235,3909.46,4006.52,3841.805,3973.12,3917.95,3970.69,4038.495,4013.535,4023.79,4013.91,4012.91,3981.46,4045.745,3910.635]",3970.9090909090905,0.0025824493328711453,0.0025824493328711453,3906.120442792756,4015.2412238739107,0.016586444034483616,fc6ed5692c5e33a9fffe770a3a11e12d0b94dbf5a1eec4c0ae7c81aee87c07d7
39,56,0.94,6000,10295.2475,3283.2672345596043,42.38679773532609,"[10377.845,10971.16,10317.48,10203.03,10390.21,10206.42,10600.745,10295.795,10463.87,9803.88,9893.825,10434.625,10063.375,9940.09,10065.845,10694.645,10194.35,10508.565,9961.195,9665.125,10349.395,10267.03,10217.17,10666.525,10147.305,10470.115,10426.675,10645.42,10288.965,10326.75]",10339.844266721839,0.004331781894688713,0.004331781894688713,10117.99910320133,10472.49589679867,0.021925793949746142,fc6ed5692c5e33a9fffe770a3a11e12d0b94dbf5a1eec4c0ae7c81aee87c07d7
39,56,1.0,6000,11095.666333333333,3695.645650193642,47.71058018894619,"[10784.705,11751.99,11301.345,11433.655,11162.55,10730.86,10884.86,11252.31,10763.625,11337.995,11298.765,11125.595,11662.395,10774.195,11165.755,10940.45,10700.995,10704.61,11244.985,11054.78,11071.015,10991.32,10849.235,10966.605,10954.5,10368.14,11635.54,10957.54,11401.895,11597.78]",11130.62994479629,0.00315110516237503,0.00315110516237503,10896.155535144933,11295.177131521732,0.02151900355084635,fc6ed5692c5e33a9fffe770a3a11e12d0b94dbf5a1eec4c0ae7c81aee87c07d7
39,56,1.06,6000,10884.963,3507.2721486389446,45.278688740985785,"[10955.055,10600.79,11073.495,10818.4,11309.645,10813.75,11099.62,10773.38,11087.49,10860.715,11211.75,10708.785,10847.875,10708.815,10790.375,11165.99,10814.13,10781.805,11046.44,11190.23,10791.8,10674.815,11113.195,11186.835,10525.84,10638.7,10792.58,10683.545,10990.52,10492.525]",10830.769941243248,-0.004978708586951676,0.004978708586951676,10695.621615010281,11074.304384989719,0.02199094726677009,fc6ed5692c5e33a9fffe770a3a11e12d0b94dbf5a1eec4c0ae7c81aee87c07d7
39,56,1.275,6000,9812.752166666667,2921.8516149675743,37.72094214952887,"[9694.055,10058.585,9946.16,9881.37,9801.5,9816.195,9671.56,9757.8,9829.775,9812.87,9595.99,9607.09,9536.82,9835.2,9506.18,10034.255,9876.235,9823.45,9555.14,9942.41,9835.625,9978.29,9957.1,9683.765,9719.035,10317.44,9697.44,9874.82,10044.105,9692.305]",9874.58277822104,0.006301046893287258,0.006301046893287258,9655.014925852007,9970.489407481327,0.022741327077716367,fc6ed5692c5e33a9fffe770a3a11e12d0b94dbf5a1eec4c0ae7c81aee87c07d7
39,56,1.675,6000,8471.765166666666,2261.562126325189,29.19664150556964,"[8534.395,8314.57,8859.36,8510.175,8422.4,8528.77,8629.14,8452.07,8625.55,8490.24,8165.36,8573.59,8616.915,8327.04,8571.165,8404.065,8553.66,8291.695,8537.575,8496.25,8503.5,8506.33,8772.17,8424.42,8290.385,8255.565,8217.04,8304.53,8620.78,8354.25]",8487.78909162885,0.0018914505592332624,0.0018914505592332624,8349.673898270263,8593.85643506307,0.016541387728591372,fc6ed5692c5e33a9fffe770a3a11e12d0b94dbf5a1eec4c0ae7c81aee87c07d7
39,56,1.875,6000,7945.636166666666,2002.8094575069174,25.856158915170006,"[7828.71,7864.245,7880.145,8090.15,8199.33,7780.78,7999.245,7940.36,8096.315,7633.995,8002.8,7884.275,8075.19,8059.485,7998.27,8020.37,8010.035,7782.19,7902.835,7979.75,7892.905,8034.635,7850.155,7977.54,7978.095,7926.675,7897.235,7934.525,7955.365,7893.48]",7939.136894324324,-0.0008179675240615213,0.0008179675240615213,7837.513756861077,8053.758576472255,0.014232073268595324,fc6ed5692c5e33a9fffe770a3a11e12d0b94dbf5a1eec4c0ae7c81aee87c07d7
39,112,0.325,6000,3240.5126666666665,363.2757089498384,4.6898692361480565,"[3251.07,3254.395,3217.335,3237.865,3271.81,3285.135,3212.125,3294.525,3240.655,3317.87,3256.735,3244.155,3233.925,3229.06,3256.3,3234.635,3214.695,3268.835,3211.8,3230.475,3230.115,3227.535,3223.83,3235.01,3228.52,3211.3,3189.895,3224.53,3231.865,3249.38]",3181.0529901021587,-0.018348848679450056,0.018348848679450056,3220.901093070253,3260.12424026308,0.024254060377324915,fc6ed5692c5e33a9fffe770a3a11e12d0b94dbf5a1eec4c0ae7c81aee87c07d7
39,112,0.525,6000,4598.3095,629.8531587150616,8.131369314198569,"[4543.38,4582.805,4591.67,4657.125,4659.17,4629.92,4605.88,4632.18,4625.985,4573.145,4633.175,4564.47,4511.115,4599.94,4577.525,4644.605,4530.85,4496.155,4608.075,4639.8,4665.42,4556.59,4613.56,4630.23,4604.02,4550.71,4679.51,4564.74,4570.775,4606.76]",4566.166712121816,-0.006990131455523863,0.006990131455523863,4564.306644117391,4632.312355882609,0.014279184709294124,fc6ed5692c5e33a9fffe770a3a11e12d0b94dbf5a1eec4c0ae7c81aee87c07d7
39,112,0.725,6000,7933.850166666667,1396.1154947910904,18.023773535693405,"[7720.55,7964.34,7781.04,7808.625,7757.42,7956.845,7856.93,8108.65,7968.54,7944.215,7908.7,7909.69,7969.365,7882.31,7860.505,8008.05,7955.95,7921.265,7927.825,7962.615,8110.74,7991.04,7939.61,7946.835,8146.19,7927.41,7923.415,7862.965,8034.85,7959.02]",7941.818181818181,0.001004306230156814,0.001004306230156814,7858.480354976424,8009.21997835691,0.010604827279231399,fc6ed5692c5e33a9fffe770a3a11e12d0b94dbf5a1eec4c0ae7c81aee87c07d7
39,112,0.94,6000,32266.892333333333,10054.4215589074,129.80202417799057,"[32111.295,32279.25,31962.24,32405.135,31432.845,32531.035,33233.15,32601.12,32599.295,32137.355,31286.76,32701.165,33211.295,31716.21,32077.43,31654.81,33056.09,32585.245,32095.655,32346.63,32957.19,32219.935,32334.005,33015.98,31458.715,31638.25,32511.23,31599.11,32407.055,31841.29]",31245.38801982555,-0.031657970124768335,0.031657970124768335,31724.100664322763,32809.6840023439,0.04767787408152413,fc6ed5692c5e33a9fffe770a3a11e12d0b94dbf5a1eec4c0ae7c81aee87c07d7
39,112,1.0,6000,44499.639833333335,14891.908135094622,192.2537073349074,"[42642.18,43245.575,44356.0,45629.885,44243.235,46605.82,43912.27,43819.99,43701.11,43405.915,45370.12,44375.255,45373.065,44691.305,43875.945,45169.625,42459.245,42081.51,45460.43,44551.995,44774.49,43617.75,45040.26,44731.475,45801.16,45412.49,46183.755,43868.32,45065.425,45523.595]",44604.620883462594,0.002359143816049976,0.002359143816049976,43695.694661147965,45303.585005518704,0.020801276404075697,fc6ed5692c5e33a9fffe770a3a11e12d0b94dbf5a1eec4c0ae7c81aee87c07d7
39,112,1.06,6000,42213.450666666664,13253.5331113967,171.1023767294933,"[42203.65,41987.345,41831.665,43332.95,42228.555,42339.96,42640.915,41749.285,43510.87,40593.545,41016.63,42773.835,41060.75,41732.255,41411.955,42738.145,40043.295,43361.05,43517.715,42213.825,41943.695,42712.81,42794.16,42311.005,41624.255,43108.235,40397.34,42961.01,42987.935,43274.88]",42205.17510655724,-0.00019604083482233973,0.00019604083482233973,41497.9537765001,42928.94755683323,0.017042318131301082,fc6ed5692c5e33a9fffe770a3a11e12d0b94dbf5a1eec4c0ae7c81aee87c07d7
39,112,1.275,6000,35384.96466666667,9623.056585189473,124.23312631350149,"[34894.8,35617.33,34726.64,34033.295,35550.51,36824.115,34803.02,35466.02,35337.68,36953.34,34080.99,35863.28,35335.985,35103.975,34752.5,35119.845,35882.545,34948.535,36058.87,36394.035,35302.37,34781.66,35049.21,35075.915,35596.49,35547.62,34703.67,34950.395,35765.885,37028.415]",35520.48757331423,0.0038299573823011635,0.0038299573823011635,34865.46039541093,35904.4689379224,0.018787280319106703,fc6ed5692c5e33a9fffe770a3a11e12d0b94dbf5a1eec4c0ae7c81aee87c07d7
39,112,1.675,6000,27615.7985,6235.161917538368,80.49559422510934,"[27721.81,28036.205,27984.785,27366.75,27727.225,27298.945,27920.16,27323.87,27642.135,28484.455,27822.35,27681.415,26856.06,27822.09,27598.465,27463.07,27698.51,28151.2,27278.28,27144.28,27160.015,28247.78,27268.45,27575.555,27339.515,28096.585,27346.055,27854.635,26987.02,27576.285]",27832.522220445106,0.007847816547658575,0.007847816547658575,27279.190976241112,27952.40602375889,0.020284004928369015,fc6ed5692c5e33a9fffe770a3a11e12d0b94dbf5a1eec4c0ae7c81aee87c07d7
39,112,1.875,6000,25168.4335,5243.002469551872,67.68687082899586,"[25519.48,24997.24,25479.745,24349.255,24712.615,25027.445,25040.225,25575.81,25284.565,26030.51,24656.255,25282.64,25792.785,25580.355,25577.695,24962.825,24912.165,24609.01,25227.215,24749.51,25760.09,24867.065,25508.115,25297.485,25054.89,25168.75,25611.06,24392.88,24872.795,25152.53]",25274.26973367945,0.00420511803722121,0.00420511803722121,24885.388071240013,25451.478928759985,0.015626907698854442,fc6ed5692c5e33a9fffe770a3a11e12d0b94dbf5a1eec4c0ae7c81aee87c07d7
40,14,0.325,6000,399.6645,119.18360931159154,1.5386537800156175,"[402.83,403.76,401.44,398.955,406.0,387.18,417.205,406.395,391.445,417.42,389.84,395.975,397.86,400.055,391.56,397.62,406.33,395.13,395.36,403.155,385.43,411.86,389.165,400.125,387.365,402.835,410.205,412.125,388.25,397.06]",402.74632358897054,0.007711026595983794,0.007711026595983794,393.23032874132315,406.0986712586768,0.024199544521672056,fc6ed5692c5e33a9fffe770a3a11e12d0b94dbf5a1eec4c0ae7c81aee87c07d7
40,14,0.525,6000,515.0008333333334,163.67276487440571,2.1130063086209856,"[515.94,529.185,506.32,520.35,520.255,500.3,508.175,498.96,522.07,527.295,517.205,521.095,497.115,503.89,519.16,506.225,516.115,515.355,506.545,524.165,531.945,518.01,531.83,514.99,523.865,514.315,501.605,511.21,506.8,519.735]",510.2887042419811,-0.009149750420505339,0.009149750420505339,506.1648985461105,523.8367681205563,0.025863140396164774,fc6ed5692c5e33a9fffe770a3a11e12d0b94dbf5a1eec4c0ae7c81aee87c07d7
40,14,0.725,6000,637.1743333333334,206.9334704313273,2.6714996158447852,"[629.59,654.075,633.745,627.265,648.79,625.655,670.475,617.19,625.575,626.055,650.9,658.27,615.905,655.05,639.48,621.775,628.475,633.085,618.35,638.455,649.585,662.28,628.07,620.65,639.265,628.145,637.845,645.73,628.24,657.26]",633.7227334711334,-0.005417041587571702,0.005417041587571702,626.0029533457833,648.3457133208834,0.022554294027564037,fc6ed5692c5e33a9fffe770a3a11e12d0b94dbf5a1eec4c0ae7c81aee87c07d7
40,14,0.94,6000,695.7276666666667,231.6153667489298,2.990141527147761,"[692.635,680.19,686.155,718.43,678.94,685.135,687.22,714.82,717.435,707.4,721.215,692.01,718.445,696.645,695.89,709.59,673.37,672.98,692.52,719.365,712.19,677.66,713.835,680.415,668.495,700.925,683.935,714.1,667.16,692.725]",695.6455850999565,-0.00011797944891771956,0.00011797944891771956,683.2238253716127,708.2315079617206,0.018181098590330125,fc6ed5692c5e33a9fffe770a3a11e12d0b94dbf5a1eec4c0ae7c81aee87c07d7
40,14,1.0,6000,694.8906666666667,240.62722059118153,3.106484059979415,"[661.675,671.33,705.24,683.79,727.1,688.075,713.895,685.17,714.0,697.235,715.94,708.365,691.205,721.98,686.015,697.19,694.595,676.355,697.555,703.075,671.755,681.76,696.445,718.765,703.835,685.79,681.315,706.71,677.875,682.685]",699.695492635902,0.006914506410459823,0.006914506410459823,681.9003171066413,707.881016226692,0.026096447065411477,fc6ed5692c5e33a9fffe770a3a11e12d0b94dbf5a1eec4c0ae7c81aee87c07d7
40,14,1.06,6000,693.2465,235.8771609904814,3.045161054222734,"[681.44,705.85,684.65,697.33,688.125,703.445,691.41,714.715,650.915,671.89,708.68,696.645,722.045,710.795,684.31,683.235,712.51,699.06,712.385,693.81,713.96,680.12,687.545,676.565,693.605,692.155,680.635,700.645,674.54,684.38]",695.1664314128371,0.002769478696015303,0.002769478696015303,680.5125841655209,705.980415834479,0.021533543373463804,fc6ed5692c5e33a9fffe770a3a11e12d0b94dbf5a1eec4c0ae7c81aee87c07d7
40,14,1.275,6000,681.844,222.496024108576,2.8724113198995957,"[681.035,702.435,681.345,662.145,661.75,671.54,691.685,678.225,674.14,674.345,678.655,671.565,698.935,651.52,708.0,685.595,684.715,691.765,691.705,686.93,699.565,664.225,671.29,685.235,682.085,694.51,680.125,684.175,687.0,679.08]",679.2735464041311,-0.0037698558553993463,0.0037698558553993463,669.8324697924647,693.8555302075354,0.021015878909320884,fc6ed5692c5e33a9fffe770a3a11e12d0b94dbf5a1eec4c0ae7c81aee87c07d7
40,14,1.675,6000,653.4196666666667,210.778825230184,2.721142932832221,"[637.42,658.755,650.0,663.91,657.47,648.71,656.475,686.745,646.575,657.11,653.295,660.225,657.525,661.505,658.53,649.94,637.335,664.3,643.785,662.79,635.505,665.13,639.095,672.51,645.775,637.765,639.725,654.76,648.5,651.425]",651.1013847332694,-0.0035479218818492593,0.0035479218818492593,642.0406937771302,664.7986395562032,0.02060361439980929,fc6ed5692c5e33a9fffe770a3a11e12d0b94dbf5a1eec4c0ae7c81aee87c07d7
40,14,1.875,6000,638.4881666666666,199.0555074407119,2.5697955509624792,"[635.54,635.075,636.285,628.055,614.005,624.57,647.17,654.365,632.92,652.56,649.7,640.8,651.48,614.98,651.5,642.195,637.295,633.145,646.935,653.305,645.035,626.13,643.305,645.075,669.65,610.1,624.85,643.425,631.505,633.69]",637.6884483062686,-0.001252518687344078,0.001252518687344078,627.7420814268081,649.2342519065252,0.01778372531386241,fc6ed5692c5e33a9fffe770a3a11e12d0b94dbf5a1eec4c0ae7c81aee87c07d7
40,28,0.325,6000,828.596,187.45045406574746,2.4199749561188613,"[836.335,842.185,836.77,827.92,823.35,839.35,841.77,828.06,821.86,832.48,820.495,830.06,846.11,810.05,827.775,818.85,814.41,814.4,824.44,846.155,820.795,835.165,842.52,841.145,817.42,818.23,828.495,817.055,791.655,862.575]",829.6296296296296,0.0012474470425026896,0.0012474470425026896,818.4764178616325,838.7155821383675,0.013626796722056023,fc6ed5692c5e33a9fffe770a3a11e12d0b94dbf5a1eec4c0ae7c81aee87c07d7
40,28,0.525,6000,1172.7503333333334,313.36233233289187,4.04549031484668,"[1150.03,1186.32,1127.28,1192.855,1197.045,1147.285,1153.91,1189.89,1159.475,1210.355,1157.47,1208.945,1158.995,1160.2,1171.54,1193.175,1129.885,1170.06,1170.9,1181.13,1177.465,1199.02,1183.555,1182.41,1169.57,1165.05,1155.17,1182.61,1213.23,1137.685]",1178.9473684210527,0.005284189576911352,0.005284189576911352,1155.8333518465836,1189.6673148200832,0.019997706881828226,fc6ed5692c5e33a9fffe770a3a11e12d0b94dbf5a1eec4c0ae7c81aee87c07d7
40,28,0.725,6000,1873.9521666666667,573.7004653266008,7.406441159737902,"[1873.415,1926.485,1936.605,1895.51,1854.84,1834.485,1805.775,1858.245,1888.88,1790.6,1886.425,1855.22,1854.755,1871.085,1834.535,1882.62,1918.48,1894.705,1904.78,1939.68,1900.595,1901.64,1920.93,1865.655,1857.83,1895.465,1819.665,1885.745,1828.98,1834.935]",1843.0284578366848,-0.016501866685844045,0.016501866685844045,1842.9807347188098,1904.9235986145236,0.032492190669933474,fc6ed5692c5e33a9fffe770a3a11e12d0b94dbf5a1eec4c0ae7c81aee87c07d7
40,28,0.94,6000,2782.3241666666668,895.4590332501781,11.56032640996311,"[2912.62,2762.665,2737.55,2713.105,2777.53,2978.835,2808.3,2792.38,2869.355,2762.48,2886.0,2800.515,2796.77,2840.85,2756.5,2773.76,2838.12,2881.32,2775.725,2776.865,2815.885,2658.125,2660.655,2717.595,2757.83,2707.585,2727.09,2842.945,2709.44,2631.33]",2818.8146537706793,0.013115109857141342,0.013115109857141342,2733.9824793462403,2830.665853987093,0.0310287922710919,fc6ed5692c5e33a9fffe770a3a11e12d0b94dbf5a1eec4c0ae7c81aee87c07d7
40,28,1.0,6000,2795.9065,918.0479158266788,11.851947630057186,"[2822.835,2841.71,2805.985,2853.86,2861.17,2674.39,2836.66,2750.14,2890.61,2762.115,2807.595,2693.97,2855.85,2851.515,2893.875,2772.875,2783.96,2787.735,2777.945,2893.425,2837.465,2892.87,2742.89,2698.51,2730.96,2763.32,2699.35,2733.97,2785.115,2774.525]",2819.906704061838,0.008584051026684136,0.008584051026684136,2746.34534349351,2845.46765650649,0.0267851822577978,fc6ed5692c5e33a9fffe770a3a11e12d0b94dbf5a1eec4c0ae7c81aee87c07d7
40,28,1.06,6000,2806.4521666666665,909.9186474823697,11.746999227009317,"[2751.845,2734.21,2799.355,2872.575,2813.97,2789.21,2876.285,2738.99,2809.58,2731.8,2875.115,2927.16,2829.66,2763.265,2820.49,2714.45,2940.405,2875.555,2798.84,2840.195,2832.81,2864.375,2813.975,2737.875,2830.46,2820.95,2597.55,2791.37,2812.31,2788.935]",2783.3146448757534,-0.008244402689533246,0.008244402689533246,2757.329871720395,2855.5744616129377,0.025304826649965584,fc6ed5692c5e33a9fffe770a3a11e12d0b94dbf5a1eec4c0ae7c81aee87c07d7
40,28,1.275,6000,2651.2348333333334,825.6240941720704,10.658761223186708,"[2825.835,2563.27,2541.705,2719.115,2595.54,2714.92,2600.715,2618.43,2791.37,2674.22,2645.75,2614.345,2672.175,2637.135,2616.095,2664.31,2690.06,2607.865,2629.18,2751.84,2555.23,2615.415,2630.65,2701.79,2634.27,2681.53,2553.79,2767.2,2509.92,2713.375]",2658.5328182932253,0.002752673911845188,0.002752673911845188,2606.6632110450296,2695.8064556216373,0.019898852689680835,fc6ed5692c5e33a9fffe770a3a11e12d0b94dbf5a1eec4c0ae7c81aee87c07d7
40,28,1.675,6000,2434.334,709.0352082925311,9.153605178638934,"[2455.595,2372.635,2469.575,2401.415,2370.67,2436.65,2540.56,2402.23,2339.955,2486.515,2463.4,2397.89,2419.595,2429.795,2504.2,2404.515,2483.61,2344.655,2386.96,2375.73,2386.835,2451.305,2410.53,2501.205,2482.67,2496.975,2520.305,2457.245,2389.815,2446.985]",2450.969424286562,0.006833665506279042,0.006833665506279042,2396.0564718655833,2472.6115281344164,0.02291805433877081,fc6ed5692c5e33a9fffe770a3a11e12d0b94dbf5a1eec4c0ae7c81aee87c07d7
40,28,1.875,6000,2346.840166666667,670.2890298350594,8.653394165655705,"[2359.35,2322.815,2360.96,2387.475,2418.155,2272.905,2248.475,2353.535,2229.06,2315.515,2264.645,2339.845,2335.775,2342.495,2350.71,2361.345,2366.74,2328.74,2427.61,2408.71,2365.935,2357.64,2301.015,2350.13,2389.05,2418.84,2330.025,2340.9,2341.99,2414.82]",2358.0862791250734,0.004792023171471419,0.004792023171471419,2310.654365316282,2383.0259680170516,0.020527481098324696,fc6ed5692c5e33a9fffe770a3a11e12d0b94dbf5a1eec4c0ae7c81aee87c07d7
40,56,0.325,6000,1660.1276666666668,266.96562039889716,3.446511339382866,"[1673.43,1639.26,1651.865,1636.105,1682.51,1646.635,1625.44,1685.475,1672.665,1678.33,1637.24,1709.78,1642.045,1705.795,1623.725,1690.895,1651.18,1650.48,1631.18,1655.575,1710.905,1641.305,1656.2,1644.34,1647.645,1650.54,1705.495,1689.72,1646.775,1621.295]",1633.2151401529954,-0.01621111861096103,0.01621111861096103,1645.71542884515,1674.5399044881835,0.024678279821476634,fc6ed5692c5e33a9fffe770a3a11e12d0b94dbf5a1eec4c0ae7c81aee87c07d7
40,56,0.525,6000,2350.5508333333332,451.1902860157837,5.8248415456989715,"[2383.565,2399.03,2350.28,2352.585,2376.745,2307.44,2349.785,2306.85,2364.255,2367.75,2293.74,2308.19,2329.55,2327.715,2336.57,2307.98,2335.545,2360.56,2369.85,2318.785,2398.805,2353.345,2322.26,2360.065,2418.645,2372.385,2343.265,2350.185,2377.69,2373.11]",2357.8947368421054,0.0031243329880927344,0.0031243329880927344,2326.1931587567287,2374.9085079099377,0.013628093594050483,fc6ed5692c5e33a9fffe770a3a11e12d0b94dbf5a1eec4c0ae7c81aee87c07d7
40,56,0.725,6000,4090.0471666666667,1018.8841735456599,13.153738119522162,"[4147.36,4155.71,4127.09,4063.475,4118.055,4103.24,4178.625,3948.715,3987.915,4166.935,3986.19,4086.81,4101.71,4125.375,4058.275,4137.61,4051.295,4019.365,4007.06,4027.065,4127.62,4110.805,4104.785,4049.1,4253.125,4175.07,3998.66,4049.23,4179.785,4055.36]",4072.7272727272725,-0.004234644059987623,0.004234644059987623,4035.0423274676027,4145.052005865731,0.01744845011259466,fc6ed5692c5e33a9fffe770a3a11e12d0b94dbf5a1eec4c0ae7c81aee87c07d7
40,56,0.94,6000,10517.84,3338.515885557486,43.100054752710165,"[10263.465,10669.335,10611.625,10636.19,10602.4,10706.895,10331.16,10721.735,10712.57,10564.945,11171.365,10695.345,10616.205,10339.11,10989.08,10302.38,10548.185,10053.045,10533.155,10527.135,10676.56,10090.835,10290.3,10432.915,10794.6,10244.465,10445.06,10304.265,10552.32,10108.555]",10542.116438659907,0.0023081201710528484,0.0023081201710528484,10337.60898432962,10698.07101567038,0.01978285836118321,fc6ed5692c5e33a9fffe770a3a11e12d0b94dbf5a1eec4c0ae7c81aee87c07d7
40,56,1.0,6000,11264.759833333334,3689.975697832585,47.63738141871898,"[11020.01,11700.05,11592.65,11118.445,11122.365,11249.41,11269.065,11117.535,10813.72,11040.24,11588.41,11034.385,11410.76,11225.285,11008.575,11053.775,11277.645,11284.66,11442.24,11457.26,11521.79,11211.38,11068.485,11824.955,11100.16,11193.885,11473.37,11355.54,11525.91,10840.835]",11321.876283283811,0.005070365528918367,0.005070365528918367,11065.555129621602,11463.964537045065,0.023163876611671963,fc6ed5692c5e33a9fffe770a3a11e12d0b94dbf5a1eec4c0ae7c81aee87c07d7
40,56,1.06,6000,11110.987333333333,3598.577021213036,46.45742957734261,"[10797.615,11224.47,10959.59,11310.64,11471.28,10910.19,11319.33,11242.41,11225.92,10661.315,11122.13,11175.855,10625.165,11057.495,11434.375,11136.945,11148.975,11155.79,10730.12,11086.22,10830.06,10930.23,11740.53,11366.16,11348.275,11050.815,11357.615,11287.145,10944.94,10678.02]",11026.58365048108,-0.007596416080777914,0.007596416080777914,10916.716821005662,11305.257845661003,0.024649963670388964,fc6ed5692c5e33a9fffe770a3a11e12d0b94dbf5a1eec4c0ae7c81aee87c07d7
40,56,1.275,6000,10127.785833333333,2988.088478959805,38.57605638668525,"[10031.51,10046.035,10101.91,10397.325,9930.655,9915.21,10000.44,10011.485,10134.265,10071.58,10094.495,10331.44,10304.13,10082.48,10220.745,10270.555,10166.21,10413.435,10047.83,10257.81,10027.93,10344.24,9847.255,9893.8,10152.86,10221.11,10237.19,9968.67,10248.65,10062.325]",10081.922384458047,-0.004528477362182917,0.004528477362182917,9966.472770901713,10289.098895764953,0.020135535036229668,fc6ed5692c5e33a9fffe770a3a11e12d0b94dbf5a1eec4c0ae7c81aee87c07d7
40,56,1.675,6000,8691.729833333333,2259.665916793725,29.17216154578204,"[8626.99,8811.5,8504.155,8372.36,8692.775,8684.385,8735.85,8592.225,8668.955,8861.11,8830.58,8641.05,8649.365,8897.48,8861.18,8682.31,8702.135,8566.645,8578.78,8399.625,8536.615,8474.05,9049.08,8748.45,8556.555,8782.355,8847.74,8736.945,8846.66,8813.99]",8702.543111209323,0.001244088125532897,0.001244088125532897,8569.740932510276,8813.71873415639,0.015496638666782303,fc6ed5692c5e33a9fffe770a3a11e12d0b94dbf5a1eec4c0ae7c81aee87c07d7
40,56,1.875,6000,8138.602666666667,2039.5843711062062,26.330921008264216,"[8101.45,8190.045,8152.315,8084.99,8156.55,8155.955,7923.21,8504.74,8197.4,8242.87,8351.245,8312.735,8257.005,8089.035,8113.89,8100.86,8061.13,8320.455,8187.785,8015.5,8110.495,8126.59,7695.63,8117.36,7997.805,8043.35,7953.97,8141.32,8235.71,8216.685]",8153.41632125561,0.001820171741472928,0.001820171741472928,8028.494949539982,8248.71038379335,0.015559749679207924,fc6ed5692c5e33a9fffe770a3a11e12d0b94dbf5a1eec4c0ae7c81aee87c07d7
40,112,0.325,6000,3313.3575,375.35440788096423,4.8458045688284015,"[3317.99,3300.3,3321.045,3343.12,3336.835,3309.32,3318.995,3284.16,3245.555,3297.665,3304.21,3290.825,3336.98,3301.685,3332.17,3297.27,3300.51,3300.79,3323.285,3358.305,3353.745,3323.27,3307.775,3364.345,3287.41,3343.615,3306.765,3315.975,3302.225,3274.585]",3261.6612154026193,-0.015602386581399919,0.015602386581399919,3293.0938533714493,3333.621146628551,0.021586115536466388,fc6ed5692c5e33a9fffe770a3a11e12d0b94dbf5a1eec4c0ae7c81aee87c07d7
40,112,0.525,6000,4722.3415,633.8745670126971,8.183285472082044,"[4713.415,4774.66,4702.58,4757.29,4731.65,4703.495,4714.99,4726.665,4733.83,4658.865,4688.63,4699.375,4744.64,4739.17,4702.79,4695.495,4674.765,4710.78,4666.5,4776.585,4687.925,4692.08,4731.39,4791.02,4668.07,4733.42,4797.54,4823.475,4658.865,4770.29]",4682.557579827193,-0.008424617358318428,0.008424617358318428,4688.121546902115,4756.5614530978855,0.015558271242873345,fc6ed5692c5e33a9fffe770a3a11e12d0b94dbf5a1eec4c0ae7c81aee87c07d7
40,112,0.725,6000,8150.215166666667,1452.1248361027974,18.74685102280103,"[7989.055,8310.325,7955.35,8291.035,8205.425,8105.605,8241.545,8183.975,8125.75,8098.555,8150.74,8096.29,8177.585,8137.03,8147.355,8044.035,7998.53,8024.955,8114.79,8185.3,8190.02,8179.675,8192.845,7998.405,8233.515,8080.775,8367.79,8229.76,8221.27,8229.17]",8145.454545454545,-0.0005841098811221738,0.0005841098811221738,8071.821669956589,8228.608663376745,0.010105489436178394,fc6ed5692c5e33a9fffe770a3a11e12d0b94dbf5a1eec4c0ae7c81aee87c07d7
40,112,0.94,6000,32676.912,10172.762984937472,131.3298054185936,"[32590.745,33651.905,32809.105,33372.055,32435.015,33576.215,32930.885,32524.475,33405.835,31862.485,32414.33,32822.115,32652.71,33761.42,32867.115,31560.55,34144.87,31853.98,32397.73,32453.745,32373.335,33197.52,32769.335,32948.05,32831.7,32027.91,32956.31,31664.805,30863.03,32588.08]",31956.129159589902,-0.022057862762861383,0.022057862762861383,32127.7316253069,33226.0923746931,0.03822186493619917,fc6ed5692c5e33a9fffe770a3a11e12d0b94dbf5a1eec4c0ae7c81aee87c07d7
40,112,1.0,6000,45440.207,14718.677694435159,190.01731196247317,"[45053.11,46050.165,43598.655,46608.295,46831.32,45071.48,44635.325,46745.625,46548.515,46398.735,44488.67,45176.28,46417.395,46236.385,45762.595,45250.33,44489.17,44712.21,45281.52,45806.935,43991.91,45624.885,46362.5,45853.12,43435.255,45803.555,44752.755,46456.98,44929.69,44832.845]",45372.00406720817,-0.001500937986304405,0.001500937986304405,44645.613737266416,46234.80026273359,0.01866118574369313,fc6ed5692c5e33a9fffe770a3a11e12d0b94dbf5a1eec4c0ae7c81aee87c07d7
40,112,1.06,6000,43275.90783333333,13610.093674168516,175.7055538012586,"[43967.89,43352.505,41867.67,45011.615,45523.35,43408.09,44751.295,43452.59,43882.62,45231.55,42744.175,44100.67,42432.38,43236.335,43787.605,41709.205,42637.505,43910.365,43022.745,41889.315,44125.045,42588.8,43631.65,42739.725,41953.86,40478.18,43632.35,45416.945,42118.375,41672.83]",43007.84017974775,-0.006194385444621507,0.006194385444621507,42541.16188922206,44010.653777444604,0.022785700997943303,fc6ed5692c5e33a9fffe770a3a11e12d0b94dbf5a1eec4c0ae7c81aee87c07d7
40,112,1.275,6000,36148.28566666667,9864.652152918397,127.35211168127364,"[35098.345,35710.415,35838.385,36445.315,35585.055,35267.555,35579.025,34980.405,36215.99,36171.125,36777.355,37399.37,36892.9,36410.4,37167.99,36251.5,37134.43,35805.525,36488.19,36265.385,34702.18,36158.545,36612.86,36266.075,36031.275,37104.27,36055.69,35493.765,36954.75,35584.5]",36376.773807568046,0.0063208569006101235,0.0063208569006101235,35615.73876927229,36680.83256406105,0.021367941943474245,fc6ed5692c5e33a9fffe770a3a11e12d0b94dbf5a1eec4c0ae7c81aee87c07d7
40,112,1.675,6000,28470.779666666665,6397.679254106624,82.59368401843882,"[28326.785,27745.085,28482.715,28394.445,28174.305,28325.505,28052.105,28298.54,28255.12,28231.035,28915.88,28756.635,29235.925,29036.275,28482.43,28864.165,28844.785,28447.675,28882.0,27964.52,28190.86,28562.54,28008.165,29223.25,28329.83,28125.8,28310.725,28010.22,29143.295,28502.775]",28662.79359680389,0.0067442455874165514,0.0067442455874165514,28125.398584345287,28816.160748988044,0.019107107436967086,fc6ed5692c5e33a9fffe770a3a11e12d0b94dbf5a1eec4c0ae7c81aee87c07d7
40,112,1.875,6000,25813.6235,5417.723392336834,69.9425082429297,"[25303.805,25886.2,26254.69,25633.965,25788.24,25190.83,25634.5,25718.255,25734.935,25934.995,25492.9,25981.6,25733.805,26079.595,25946.515,25355.62,25796.915,25772.835,25568.615,25220.245,25918.135,26009.18,26730.23,25743.61,25725.88,25544.66,26240.41,26217.455,26144.12,26105.965]",26074.257303519684,0.01009675389120331,0.01009675389120331,25521.145697559055,26106.101302440948,0.02167267929564498,fc6ed5692c5e33a9fffe770a3a11e12d0b94dbf5a1eec4c0ae7c81aee87c07d7
41,14,0.325,6000,411.5341666666667,124.68850937449648,1.609721734236174,"[399.675,433.27,422.275,405.395,403.27,420.53,409.29,403.505,417.85,399.605,408.17,412.185,407.965,401.95,409.15,408.17,414.145,413.37,417.065,416.41,418.5,416.875,403.4,405.655,422.76,404.26,418.76,397.29,423.465,411.815]",412.3273962885331,0.0019274939631171097,0.0019274939631171097,404.80281134072413,418.26552199260925,0.018588272455142496,fc6ed5692c5e33a9fffe770a3a11e12d0b94dbf5a1eec4c0ae7c81aee87c07d7
41,14,0.525,6000,524.5185,163.8006443809057,2.114657225950971,"[504.565,521.455,536.145,527.52,538.575,524.365,509.195,520.705,529.795,525.43,542.155,524.63,521.89,520.51,504.225,505.845,527.41,508.27,502.29,520.07,527.225,517.79,528.05,540.235,544.8,529.11,541.53,545.545,527.75,518.475]",521.5261472496604,-0.005704951780231949,0.005704951780231949,515.6756615902904,533.3613384097097,0.02218981824842703,fc6ed5692c5e33a9fffe770a3a11e12d0b94dbf5a1eec4c0ae7c81aee87c07d7
41,14,0.725,6000,646.484,209.79913415006035,2.708495175373065,"[635.575,637.375,655.975,637.635,636.275,621.385,672.01,674.2,630.935,646.65,639.59,657.725,656.905,654.47,654.4,647.535,656.715,658.165,640.24,671.755,633.105,659.48,640.355,659.68,651.905,634.12,620.48,640.09,632.585,637.205]",645.9215698948948,-0.0008699830237179107,0.0008699830237179107,635.1579160960088,657.8100839039913,0.01807286677416098,fc6ed5692c5e33a9fffe770a3a11e12d0b94dbf5a1eec4c0ae7c81aee87c07d7
41,14,0.94,6000,709.5553333333334,239.45924996462583,3.091405624027716,"[703.375,698.155,705.19,755.365,711.95,718.845,696.055,696.605,729.085,725.36,716.385,706.005,700.52,711.28,709.785,701.745,708.175,727.79,682.7,692.545,711.91,705.59,695.485,712.115,700.525,701.165,716.425,729.59,676.405,740.535]",707.2137088675529,-0.003300129469508775,0.003300129469508775,696.6280370998498,722.4826295668169,0.021133962360339154,fc6ed5692c5e33a9fffe770a3a11e12d0b94dbf5a1eec4c0ae7c81aee87c07d7
41,14,1.0,6000,712.1798333333334,240.5224833651515,3.1051319082056072,"[695.085,709.645,679.725,709.0,716.22,778.395,710.58,721.6,687.76,699.615,708.845,701.685,714.19,707.165,711.85,688.86,708.78,730.76,703.95,708.53,717.995,716.615,734.61,734.925,700.515,714.08,677.19,763.63,725.875,687.72]",711.3258491345798,-0.0011991131435953573,0.0011991131435953573,699.1951380512186,725.1645286154481,0.01908350303246409,fc6ed5692c5e33a9fffe770a3a11e12d0b94dbf5a1eec4c0ae7c81aee87c07d7
41,14,1.06,6000,707.3088333333334,237.68179125521573,3.0684587307606606,"[691.06,714.745,682.565,683.79,697.7,730.44,713.855,717.83,706.66,730.445,705.335,687.985,681.435,680.54,683.16,739.995,683.055,701.845,724.92,717.05,708.705,704.575,717.26,702.18,739.705,706.445,739.055,716.68,717.75,692.5]",706.8641546126969,-0.0006286910323752809,0.0006286910323752809,694.4774938661169,720.1401728005499,0.018435325078760556,fc6ed5692c5e33a9fffe770a3a11e12d0b94dbf5a1eec4c0ae7c81aee87c07d7
41,14,1.275,6000,689.917,226.32017124931454,2.9217808471980193,"[668.275,683.44,680.85,694.205,670.18,674.915,680.665,683.87,708.09,718.875,707.435,693.485,676.715,691.05,671.105,705.335,682.59,705.405,703.325,722.925,675.94,712.04,683.055,647.35,705.01,682.715,679.03,688.58,695.43,705.625]",691.1998291329122,0.0018593963229086743,0.0018593963229086743,677.6990217937507,702.1349782062493,0.019921538773107983,fc6ed5692c5e33a9fffe770a3a11e12d0b94dbf5a1eec4c0ae7c81aee87c07d7
41,14,1.675,6000,659.0408333333334,211.08804448948143,2.725134936304173,"[640.79,637.57,648.57,676.505,647.79,679.8,653.565,650.065,683.17,666.735,657.415,662.28,667.67,645.45,651.555,684.98,662.565,679.64,668.685,654.475,637.35,671.185,642.63,660.375,663.7,666.44,626.34,654.7,673.38,655.85]",663.3980748823093,0.006611489498970249,0.006611489498970249,647.6451671276412,670.4364995390255,0.02432336185651396,fc6ed5692c5e33a9fffe770a3a11e12d0b94dbf5a1eec4c0ae7c81aee87c07d7
41,14,1.875,6000,649.5378333333333,202.59457790327178,2.615484754170976,"[650.79,659.43,642.295,655.805,649.575,676.97,630.03,652.395,664.78,656.085,666.235,643.605,621.03,658.6,635.765,641.14,660.88,651.4,635.96,648.1,631.53,649.045,632.05,658.84,618.99,658.605,673.11,665.645,644.23,653.22]",650.1435175614613,0.0009324849101086247,0.0009324849101086247,638.6006900647395,660.4749766019271,0.018075187948123794,fc6ed5692c5e33a9fffe770a3a11e12d0b94dbf5a1eec4c0ae7c81aee87c07d7
41,28,0.325,6000,848.726,193.06402446750818,2.4924458383814683,"[849.55,852.185,856.805,863.435,869.48,856.685,832.415,846.905,871.49,859.66,851.695,837.22,831.375,831.39,834.935,824.615,838.25,861.815,846.16,849.695,845.435,845.445,865.86,862.685,826.635,828.5,849.0,876.81,847.525,848.125]",850.3703703703703,0.0019374572834699596,0.0019374572834699596,838.3033671859046,859.1486328140954,0.01439455411586077,fc6ed5692c5e33a9fffe770a3a11e12d0b94dbf5a1eec4c0ae7c81aee87c07d7
41,28,0.525,6000,1198.7575,322.46440202836743,4.1629975293353345,"[1196.225,1199.78,1194.115,1197.17,1152.49,1192.945,1185.48,1189.735,1206.785,1205.3,1214.725,1223.635,1175.555,1186.055,1206.915,1213.765,1230.02,1220.66,1180.56,1217.745,1223.51,1185.16,1195.855,1182.57,1211.015,1185.51,1185.925,1210.03,1189.04,1204.45]",1208.421052631579,0.00806130733828904,0.00806130733828904,1181.3491399120535,1216.1658600879464,0.022916098048322064,fc6ed5692c5e33a9fffe770a3a11e12d0b94dbf5a1eec4c0ae7c81aee87c07d7
41,28,0.725,6000,1933.9308333333333,595.844395632456,7.692318070718418,"[1922.235,1911.01,1867.975,1970.275,1941.42,1905.235,1920.75,1894.565,1930.28,1875.375,1942.61,1950.34,2003.775,1980.215,1963.595,1880.995,1950.625,1959.985,1976.465,1955.575,1884.06,1961.55,1970.29,1944.875,1916.275,1920.945,1882.535,1959.21,1923.95,1950.935]",1885.0317811187126,-0.025284798903763304,0.025284798903763304,1901.7639531124207,1966.097713554246,0.0412318939575923,fc6ed5692c5e33a9fffe770a3a11e12d0b94dbf5a1eec4c0ae7c81aee87c07d7
41,28,0.94,6000,2823.5905,934.2610044381704,12.061257704000159,"[2847.555,2756.685,2868.05,2806.38,2806.34,2824.205,2881.565,2727.135,2769.525,2883.005,2892.2,2884.79,2780.77,2877.585,2854.715,2805.245,2906.48,2825.26,2688.63,2888.895,2924.64,2796.315,2849.175,2748.56,2777.875,2835.9,2818.825,2845.165,2743.225,2793.02]",2867.156820508851,0.015429404691952066,0.015429404691952066,2773.1540739043357,2874.026926095664,0.03389741215213782,fc6ed5692c5e33a9fffe770a3a11e12d0b94dbf5a1eec4c0ae7c81aee87c07d7
41,28,1.0,6000,2872.7228333333333,943.5842403031098,12.181620161459072,"[2930.04,2791.47,2883.98,2832.14,2892.585,2855.74,2902.65,2944.745,2780.405,2975.545,2862.99,2899.67,2855.695,2908.175,2870.895,2881.905,2789.705,2872.935,2877.035,2754.32,2945.35,2858.95,2952.435,2895.165,2918.765,2917.395,2804.215,2833.54,2884.515,2808.73]",2867.0275875054203,-0.0019825253455811103,0.0019825253455811103,2821.78308889896,2923.6625777677064,0.01937124711071425,fc6ed5692c5e33a9fffe770a3a11e12d0b94dbf5a1eec4c0ae7c81aee87c07d7
41,28,1.06,6000,2853.534,944.5022597098958,12.193471741038998,"[2833.325,2817.98,2842.74,2936.81,2838.86,2877.465,2892.395,2777.81,2847.62,2865.765,2912.58,2922.065,2855.03,2768.15,2673.99,2786.55,2941.25,2778.235,2860.69,2925.145,2840.285,2852.42,2989.61,2853.835,2778.845,2929.535,2831.59,2832.305,2852.15,2890.99]",2830.9846129925427,-0.00790226680581252,0.00790226680581252,2802.5446959481915,2904.5233040518087,0.025318678268712702,fc6ed5692c5e33a9fffe770a3a11e12d0b94dbf5a1eec4c0ae7c81aee87c07d7
41,28,1.275,6000,2709.2246666666665,846.7518758850048,10.93151971224171,"[2761.51,2592.39,2707.985,2746.285,2778.14,2752.485,2688.315,2682.765,2715.14,2770.905,2664.39,2718.72,2680.545,2671.275,2653.36,2727.795,2662.335,2720.995,2622.495,2691.72,2820.33,2574.875,2732.385,2700.41,2702.305,2794.365,2749.375,2841.7,2667.245,2684.2]",2707.915715688562,-0.0004831459694757746,0.0004831459694757746,2663.512453263174,2754.936880070159,0.0170679643231606,fc6ed5692c5e33a9fffe770a3a11e12d0b94dbf5a1eec4c0ae7c81aee87c07d7
41,28,1.675,6000,2504.6441666666665,742.8574078543201,9.590247897421975,"[2473.39,2482.445,2435.065,2546.08,2466.075,2508.745,2491.03,2514.105,2470.25,2584.6,2508.555,2492.585,2421.815,2536.82,2511.655,2543.17,2515.105,2560.89,2539.23,2434.93,2551.53,2639.32,2454.135,2543.825,2465.5,2446.235,2562.63,2446.84,2548.7,2444.07]",2502.5740228574678,-0.0008265221210858864,0.0008265221210858864,2464.540734571272,2544.747598762061,0.016572793280209552,fc6ed5692c5e33a9fffe770a3a11e12d0b94dbf5a1eec4c0ae7c81aee87c07d7
41,28,1.875,6000,2399.8681666666666,680.9570643884696,8.791117899529448,"[2377.96,2419.55,2362.085,2327.09,2423.145,2473.8,2403.825,2447.88,2355.9,2366.33,2443.0,2351.795,2414.305,2376.205,2392.1,2377.495,2324.27,2443.345,2388.245,2366.24,2377.3,2395.325,2476.06,2452.725,2385.04,2439.6,2396.04,2408.665,2488.185,2342.54]",2410.3956068848406,0.0043866743867002605,0.0043866743867002605,2363.1064475226644,2436.629885810669,0.020011438507880674,fc6ed5692c5e33a9fffe770a3a11e12d0b94dbf5a1eec4c0ae7c81aee87c07d7
41,56,0.325,6000,1702.5883333333334,275.1234014248106,3.551827839567431,"[1712.165,1742.45,1695.17,1716.175,1707.435,1705.605,1678.88,1691.56,1688.475,1712.18,1738.525,1707.245,1679.0,1688.93,1719.025,1693.51,1691.1,1676.895,1723.845,1715.64,1684.78,1702.545,1687.335,1706.645,1725.605,1690.065,1706.045,1709.365,1700.715,1680.74]",1674.2961795106548,-0.016617143010305993,0.016617143010305993,1687.7356946839284,1717.4409719827383,0.025121557698879138,fc6ed5692c5e33a9fffe770a3a11e12d0b94dbf5a1eec4c0ae7c81aee87c07d7
41,56,0.525,6000,2413.6693333333333,462.9459473321345,5.976606480705243,"[2457.475,2405.065,2384.605,2365.635,2416.535,2463.915,2421.175,2385.905,2401.155,2403.895,2420.355,2412.835,2401.84,2451.275,2378.03,2460.05,2416.44,2341.11,2398.225,2395.57,2371.235,2442.98,2425.77,2401.96,2411.475,2401.6,2464.095,2409.785,2412.275,2487.815]",2416.842105263158,0.0013145014878417406,0.0013145014878417406,2388.677025029782,2438.6616416368847,0.011791079303835605,fc6ed5692c5e33a9fffe770a3a11e12d0b94dbf5a1eec4c0ae7c81aee87c07d7
41,56,0.725,6000,4172.606,1036.6106434119833,13.382585861453222,"[4116.375,4278.795,4271.085,4206.985,4246.795,4083.495,4198.215,4196.695,4210.945,4128.9,4159.08,4094.71,4168.63,4303.88,4252.395,4139.375,4182.8,4235.57,4066.145,4125.63,4170.035,4103.055,4184.01,4177.215,4134.935,4228.34,4162.755,4172.57,4117.47,4061.295]",4174.545454545454,0.0004648065370788141,0.0004648065370788141,4116.644190764616,4228.567809235384,0.014065161111260327,fc6ed5692c5e33a9fffe770a3a11e12d0b94dbf5a1eec4c0ae7c81aee87c07d7
41,56,0.94,6000,10787.382333333333,3448.9745964246176,44.52607057814997,"[10458.79,10989.275,11053.19,10509.34,10953.265,10505.0,10728.265,10590.875,10647.755,11211.91,10826.825,10067.65,11132.995,11054.66,10880.655,10564.57,10561.79,11108.45,10836.845,10832.745,10555.66,10714.23,10582.34,10522.225,10833.03,11011.36,11060.395,11400.365,10712.78,10714.235]",10742.844172996154,-0.004128727337266485,0.004128727337266485,10601.188163275894,10973.576503390772,0.021026174130496345,fc6ed5692c5e33a9fffe770a3a11e12d0b94dbf5a1eec4c0ae7c81aee87c07d7
41,56,1.0,6000,11507.2215,3753.236793912193,48.454078657316145,"[11530.185,11399.15,11306.615,11799.805,11664.185,11344.6,11545.855,11252.435,11744.36,11263.875,11959.84,11754.52,11250.94,11435.855,11422.645,11603.44,12022.71,11669.12,11602.895,11340.225,11601.34,11153.06,11260.24,11396.1,11566.45,11593.715,11111.65,11653.195,11450.385,11517.255]",11511.558731955882,0.0003769139193055499,0.0003769139193055499,11304.601622603406,11709.841377396593,0.018307333266717407,fc6ed5692c5e33a9fffe770a3a11e12d0b94dbf5a1eec4c0ae7c81aee87c07d7
41,56,1.06,6000,11269.754,3595.7709523282483,46.4212033838123,"[11325.495,11483.06,11275.505,11052.03,11090.59,11495.16,10981.12,11284.515,11139.99,11322.49,11667.825,10902.305,11525.565,11306.06,10976.92,11198.745,11494.635,11357.64,11537.03,11171.32,11201.595,11259.385,11377.46,11369.01,11440.66,11565.9,11230.435,11090.17,11005.54,10964.465]",11220.69421705028,-0.0043532257181230485,0.0043532257181230485,11075.634974339606,11463.873025660396,0.02121262230188614,fc6ed5692c5e33a9fffe770a3a11e12d0b94dbf5a1eec4c0ae7c81aee87c07d7
41,56,1.275,6000,10355.631166666666,3064.223029838299,39.55894921209655,"[10128.42,10372.045,10156.695,10684.455,10435.455,10673.235,10750.055,10075.195,10258.835,9981.815,10380.12,10505.92,10359.01,10419.49,10215.2,10098.345,10552.56,10619.125,10267.82,9897.32,10443.11,10029.24,10303.26,10358.21,10709.235,10394.35,10393.165,10219.085,10401.75,10586.415]",10287.334767109454,-0.006595097725868064,0.006595097725868064,10190.207952328386,10521.054381004946,0.0222144668615587,fc6ed5692c5e33a9fffe770a3a11e12d0b94dbf5a1eec4c0ae7c81aee87c07d7
41,56,1.675,6000,8943.899166666666,2348.6154004113037,30.320494441464145,"[8935.43,8941.375,9088.935,9113.46,8843.29,8695.655,9006.27,8821.15,9101.35,9048.96,9036.42,8920.28,8963.405,8913.52,8826.61,9131.425,8989.155,9069.27,8889.06,8809.385,8833.425,8949.51,8832.2,8737.26,9344.98,8905.05,8742.77,8879.29,8697.0,9251.085]",8915.635941151282,-0.0031600563678892066,0.0031600563678892066,8817.108295050208,9070.690038283125,0.01709396930965912,fc6ed5692c5e33a9fffe770a3a11e12d0b94dbf5a1eec4c0ae7c81aee87c07d7
41,56,1.875,6000,8363.556,2130.9626375946787,27.510609355981405,"[8455.055,8117.38,8411.015,8239.57,8165.32,8217.49,8321.97,8328.645,8172.3,8352.565,8518.045,8379.71,8628.09,8211.075,8325.925,8316.03,8361.45,8425.605,8501.205,8278.655,8390.055,8302.4,8518.725,8403.405,8445.45,8349.715,8529.455,8486.005,8347.58,8406.79]",8366.311150462796,0.00032942332935840054,0.00032942332935840054,8248.515193337735,8478.596806662266,0.014280868054920237,fc6ed5692c5e33a9fffe770a3a11e12d0b94dbf5a1eec4c0ae7c81aee87c07d7
41,112,0.325,6000,3406.610833333333,386.67903463804487,4.992004871602362,"[3404.505,3404.7,3369.53,3390.815,3407.295,3374.425,3420.275,3384.25,3429.93,3339.83,3438.965,3407.935,3444.15,3433.67,3453.73,3412.885,3395.835,3409.945,3409.21,3382.33,3361.17,3438.38,3389.675,3408.97,3439.555,3381.995,3432.245,3415.84,3433.185,3383.1]",3342.257631364151,-0.018890682005555964,0.018890682005555964,3385.735822538044,3427.4858441286224,0.024866102046918637,fc6ed5692c5e33a9fffe770a3a11e12d0b94dbf5a1eec4c0ae7c81aee87c07d7
41,112,0.525,6000,4838.596666666666,655.4570552783057,8.461914197490108,"[4868.815,4842.61,4862.755,4916.635,4861.29,4857.785,4891.975,4862.58,4842.405,4847.295,4814.74,4768.92,4902.79,4896.07,4727.72,4841.97,4799.735,4834.8,4803.035,4842.73,4827.11,4793.285,4782.495,4795.755,4866.13,4826.38,4784.78,4841.28,4861.8,4892.23]",4798.958914616428,-0.00819199341893999,0.00819199341893999,4803.211574952059,4873.981758381274,0.0153925163211448,fc6ed5692c5e33a9fffe770a3a11e12d0b94dbf5a1eec4c0ae7c81aee87c07d7
41,112,0.725,6000,8342.746666666666,1503.2856922313981,19.40733483534698,"[8361.075,8189.42,8394.32,8286.21,8264.8,8428.48,8501.84,8323.945,8400.5,8500.585,8302.205,8337.485,8388.86,8328.955,8400.55,8330.015,8266.045,8462.45,8351.04,8330.31,8278.455,8258.48,8428.37,8388.94,8430.22,8303.9,8279.845,8190.6,8169.515,8404.985]",8349.090909090908,0.0007604500864913528,0.0007604500864913528,8261.591232203795,8423.902101129537,0.01059114091072888,fc6ed5692c5e33a9fffe770a3a11e12d0b94dbf5a1eec4c0ae7c81aee87c07d7
41,112,0.94,6000,33861.886666666665,10317.60372250188,133.1996913000581,"[33452.97,35034.62,34227.38,33605.755,32969.55,33294.585,33683.37,34502.9,33217.985,33621.17,34291.3,34386.315,34341.64,34887.33,34669.89,33430.955,34244.085,33502.825,33874.44,33190.4,33294.585,34709.62,34134.385,34983.935,33376.67,33547.34,34051.91,33157.48,33378.705,32792.505]",32663.790233445092,-0.03538185704227074,0.03538185704227074,33304.88701115043,34418.8863221829,0.05099223932782082,fc6ed5692c5e33a9fffe770a3a11e12d0b94dbf5a1eec4c0ae7c81aee87c07d7
41,112,1.0,6000,46154.38016666667,15364.134678856632,198.3501258003319,"[44271.755,44211.79,44268.015,46145.305,45144.29,44364.305,45415.975,47278.875,46347.25,47482.88,47468.865,45214.245,49171.165,47052.68,46076.705,46903.6,46304.39,46729.495,46060.705,45894.65,45784.625,44159.93,46656.825,47149.9,46721.695,45987.43,46075.78,46441.26,46443.955,47403.065]",46133.13169169193,-0.0004603782977478732,0.0004603782977478732,45324.94166974472,46983.818663588616,0.018105956392938882,fc6ed5692c5e33a9fffe770a3a11e12d0b94dbf5a1eec4c0ae7c81aee87c07d7
41,112,1.06,6000,44066.31333333333,14054.738200815807,181.44588995688272,"[42810.625,44177.525,43507.165,44979.66,44001.93,43490.93,43884.145,45883.615,44209.415,43457.985,44949.665,43489.63,45114.845,44054.32,43741.255,43813.135,45007.31,44107.445,44580.02,42448.72,42383.18,45334.995,44708.135,43469.805,44771.76,46605.77,42441.405,42438.195,45052.44,43074.375]",43803.249670673795,-0.005969722510472556,0.005969722510472556,43307.56308988756,44825.0635767791,0.022795593013606785,fc6ed5692c5e33a9fffe770a3a11e12d0b94dbf5a1eec4c0ae7c81aee87c07d7
41,112,1.275,6000,37110.4425,10016.770270674559,129.31594813702708,"[36457.23,37925.9,37051.53,37852.885,36376.17,37460.945,37595.665,37490.705,36672.7,36661.395,36331.165,36819.395,37112.825,37132.69,36294.805,37751.235,37341.5,36568.555,37062.875,37508.1,37439.67,36512.585,37943.015,37526.06,36706.055,37568.68,38337.45,36991.01,37168.26,35652.22]",37226.01885249499,0.003114388961947688,0.003114388961947688,36569.683449719465,37651.20155028053,0.017947527592847123,fc6ed5692c5e33a9fffe770a3a11e12d0b94dbf5a1eec4c0ae7c81aee87c07d7
41,112,1.675,6000,29311.124833333335,6729.132392097441,86.87272563006088,"[29007.775,29882.45,28437.35,28930.0,29851.74,29604.805,28769.08,29673.2,30095.405,29248.165,29791.785,29791.925,29198.525,28803.695,29832.55,29488.42,28556.16,29452.245,30092.695,28904.1,29685.285,29542.515,28830.54,28874.82,29047.17,29451.025,29116.57,29302.195,28715.555,29356.0]",29490.228086160663,0.006110418956820363,0.006110418956820363,28947.850130686336,29674.399535980334,0.018736381217456133,fc6ed5692c5e33a9fffe770a3a11e12d0b94dbf5a1eec4c0ae7c81aee87c07d7
41,112,1.875,6000,26622.9685,5598.330695002114,72.27413849434994,"[26497.265,26752.685,26673.695,26543.845,27177.515,26295.14,26938.275,26813.945,26783.01,26226.105,26103.94,26865.36,27252.515,26831.89,26760.44,26549.6,25856.64,27057.385,26228.06,26492.465,26500.825,26383.895,26959.76,26236.945,26507.13,26754.005,26286.64,26789.64,26717.66,26852.78]",26873.209523220667,0.009399441058598239,0.009399441058598239,26320.740545481698,26925.1964545183,0.02098987210425607,fc6ed5692c5e33a9fffe770a3a11e12d0b94dbf5a1eec4c0ae7c81aee87c07d7
42,14,0.325,6000,420.34633333333335,125.46505874830918,1.6197469435437888,"[413.52,425.83,429.945,414.02,415.265,421.045,416.635,415.145,428.92,433.475,415.37,420.965,415.155,422.275,423.355,411.11,412.485,422.955,416.925,403.185,431.98,425.145,419.175,426.145,426.65,419.23,413.115,424.585,424.375,422.41]",421.88363691522244,0.0036572308593685633,0.0036572308593685633,413.5730557020437,427.119610964623,0.020094590541135382,fc6ed5692c5e33a9fffe770a3a11e12d0b94dbf5a1eec4c0ae7c81aee87c07d7
42,14,0.525,6000,542.338,172.2616801179904,2.2238887276222874,"[520.21,534.24,549.13,533.745,531.245,542.38,549.815,552.06,567.235,548.51,553.725,543.14,546.045,544.715,525.38,530.925,545.67,540.835,542.49,538.25,556.63,535.975,526.97,548.7,523.24,564.465,524.51,539.91,547.39,562.605]",532.7084748805447,-0.01775557884466007,0.01775557884466007,533.0383894445848,551.6376105554151,0.034314439974119315,fc6ed5692c5e33a9fffe770a3a11e12d0b94dbf5a1eec4c0ae7c81aee87c07d7
42,14,0.725,6000,659.656,210.45845225131887,2.717006935459823,"[678.37,672.65,658.51,650.065,691.27,659.25,667.875,686.675,662.41,642.55,649.07,665.675,626.725,642.995,655.93,669.015,660.935,627.355,677.61,663.435,657.815,668.895,634.78,653.745,655.225,647.74,651.17,667.665,685.04,659.235]",658.0264598676081,-0.0024702877445090575,0.0024702877445090575,648.2943225642979,671.017677435702,0.019360469932386826,fc6ed5692c5e33a9fffe770a3a11e12d0b94dbf5a1eec4c0ae7c81aee87c07d7
42,14,0.94,6000,723.1721666666666,242.13865252470526,3.1259965623376265,"[738.5,708.935,730.915,727.885,737.165,731.345,721.325,713.5,744.085,708.775,728.65,752.115,731.075,742.825,720.035,740.695,755.42,702.37,729.755,709.735,735.75,710.595,701.53,721.285,717.375,743.97,700.17,685.19,700.34,703.855]",718.683506955591,-0.006206903304596536,0.006206903304596536,710.1002218943273,736.2441114390059,0.0238516060238394,fc6ed5692c5e33a9fffe770a3a11e12d0b94dbf5a1eec4c0ae7c81aee87c07d7
42,14,1.0,6000,727.6685,240.6109124907228,3.1062735233077983,"[716.03,733.185,760.58,749.065,737.1,736.185,724.26,709.405,722.795,703.365,727.365,735.545,720.765,711.86,704.335,726.02,733.83,703.755,754.265,716.76,684.43,739.535,739.45,734.05,741.305,733.645,740.915,738.365,760.38,691.51]",722.8586649691179,-0.006609926128288006,0.006609926128288006,714.6790308388136,740.6579691611864,0.024031746005820698,fc6ed5692c5e33a9fffe770a3a11e12d0b94dbf5a1eec4c0ae7c81aee87c07d7
42,14,1.06,6000,719.0748333333333,241.43843795025444,3.1169568310522275,"[727.855,710.615,686.575,749.0,727.59,700.36,728.675,710.905,724.96,709.81,726.74,712.58,715.535,726.11,717.27,740.825,708.365,733.26,704.51,710.35,710.05,712.27,750.265,717.105,725.405,740.475,712.745,720.78,688.535,722.725]",718.4623327153545,-0.0008517898132237053,0.0008517898132237053,706.040689903946,732.1089767627207,0.018640181285181967,fc6ed5692c5e33a9fffe770a3a11e12d0b94dbf5a1eec4c0ae7c81aee87c07d7
42,14,1.275,6000,701.686,227.13299988613034,2.9322744197770465,"[676.11,704.915,693.74,726.98,726.165,702.305,714.83,706.505,704.815,699.795,703.945,736.355,728.85,731.76,681.755,691.88,684.88,706.205,696.275,690.69,700.755,681.43,695.055,697.085,691.34,704.49,695.245,689.74,698.885,687.8]",703.0200283143618,0.001901175617529375,0.001901175617529375,689.4241409389634,713.9478590610366,0.01972064302372889,fc6ed5692c5e33a9fffe770a3a11e12d0b94dbf5a1eec4c0ae7c81aee87c07d7
42,14,1.675,6000,673.7298333333333,209.11409874600665,2.6996514063348567,"[679.635,677.135,675.015,661.565,675.685,652.98,657.12,654.025,683.395,686.45,675.93,674.48,689.265,666.89,681.67,660.07,691.285,708.84,670.065,652.22,672.015,691.575,672.815,682.55,639.255,677.01,671.945,653.57,709.445,667.995]",675.5794830587689,0.0027453878898078543,0.0027453878898078543,662.4407313191623,685.0189353475043,0.019833852476798253,fc6ed5692c5e33a9fffe770a3a11e12d0b94dbf5a1eec4c0ae7c81aee87c07d7
42,14,1.875,6000,662.2581666666666,203.3915448998024,2.6257735538544424,"[679.02,690.36,668.585,663.35,676.365,670.945,651.65,676.07,655.855,640.1,638.47,661.545,671.175,671.76,658.105,652.835,643.475,656.995,636.8,662.615,665.215,671.28,654.88,643.475,666.855,667.67,683.095,637.225,685.29,666.685]",662.4802166942515,0.00033529224517149996,0.00033529224517149996,651.2779988398066,673.2383344935266,0.017200362785785073,fc6ed5692c5e33a9fffe770a3a11e12d0b94dbf5a1eec4c0ae7c81aee87c07d7
42,28,0.325,6000,870.6973333333333,198.52789715103876,2.5629841314118402,"[870.04,881.5,852.725,863.13,864.795,866.81,884.1,876.415,879.32,850.32,852.315,871.74,856.745,871.865,887.41,883.16,870.13,872.865,904.565,866.92,887.785,858.405,859.87,886.655,867.09,874.415,878.04,857.19,867.585,857.015]",871.1111111111111,0.0004752257322228263,0.0004752257322228263,859.979731330232,881.4149353364346,0.012943769923112969,fc6ed5692c5e33a9fffe770a3a11e12d0b94dbf5a1eec4c0ae7c81aee87c07d7
42,28,0.525,6000,1235.2116666666666,328.7298963506078,4.243884713221314,"[1265.105,1209.465,1210.585,1256.135,1232.72,1226.06,1266.635,1222.62,1199.275,1222.34,1276.77,1243.675,1227.135,1253.975,1266.345,1231.89,1257.58,1202.43,1209.245,1297.905,1199.0,1247.525,1211.525,1228.83,1239.745,1220.095,1231.515,1230.43,1207.42,1262.375]",1237.8947368421054,0.0021721541723123106,0.0021721541723123106,1217.4650615488672,1252.958271784466,0.01678050232279138,fc6ed5692c5e33a9fffe770a3a11e12d0b94dbf5a1eec4c0ae7c81aee87c07d7
42,28,0.725,6000,1968.5781666666667,612.4748864002921,7.907016783328703,"[1931.505,2032.28,2053.57,1948.24,1906.795,2011.93,1907.56,1967.33,1960.32,1947.625,1914.395,1931.38,2023.525,1948.675,1945.515,2029.605,1989.93,1962.58,1934.285,1917.985,1969.585,1937.595,2005.04,1981.265,2036.99,1982.905,1946.07,1985.445,1978.65,1968.77]",1926.8766231141049,-0.021183585319943767,0.021183585319943767,1935.5134832466888,2001.6428500866446,0.037352431263800834,fc6ed5692c5e33a9fffe770a3a11e12d0b94dbf5a1eec4c0ae7c81aee87c07d7
42,28,0.94,6000,2881.9468333333334,936.8908505001693,12.095208870670863,"[2936.845,2904.12,3009.1,2966.995,2862.165,2776.545,2912.525,2935.24,2906.35,2809.95,2877.595,2873.665,2831.285,2830.73,2919.665,2792.875,2769.365,2977.4,2860.93,2792.38,2890.48,2888.91,2795.605,2825.815,2892.14,2847.72,3013.325,2925.28,2979.725,2853.68]",2915.0830859557027,0.011497870897237562,0.011497870897237562,2831.368434024703,2932.5252326419636,0.029566852171196034,fc6ed5692c5e33a9fffe770a3a11e12d0b94dbf5a1eec4c0ae7c81aee87c07d7
42,28,1.0,6000,2915.1646666666666,960.8036636924926,12.403921961520318,"[2926.36,2889.785,2809.82,2850.325,2947.105,2761.065,2890.405,3047.455,2894.415,2961.725,2880.94,2956.885,2940.905,2846.825,2915.135,2932.655,2897.945,2875.035,2926.645,2887.735,3077.86,3001.075,2997.905,2943.295,2837.33,2880.14,3025.84,2974.6,2794.59,2883.14]",2913.7583082924434,-0.00048242845088790153,0.00048242845088790153,2863.295325287689,2967.034008045644,0.01795587769089735,fc6ed5692c5e33a9fffe770a3a11e12d0b94dbf5a1eec4c0ae7c81aee87c07d7
42,28,1.06,6000,2872.5505,926.8354653225745,11.965394406229109,"[2946.32,2948.735,2879.595,2890.39,2840.24,2808.905,2847.84,2807.885,2829.36,2887.155,2856.48,2884.425,2861.24,2834.995,2860.605,2940.065,2823.155,2974.655,2844.135,2950.735,2860.225,2806.4,2893.3,2869.07,2855.725,2784.79,2928.32,2852.265,2920.445,2889.06]",2878.24801199858,0.0019834331889308863,0.0019834331889308863,2822.5149443816917,2922.586055618308,0.019745889292039465,fc6ed5692c5e33a9fffe770a3a11e12d0b94dbf5a1eec4c0ae7c81aee87c07d7
42,28,1.275,6000,2770.1685,868.0945243030493,11.207052118531866,"[2677.2,2782.375,2707.265,2794.175,2695.39,2672.59,2740.75,2850.875,2790.305,2707.615,2831.01,2805.58,2790.965,2861.99,2766.9,2850.745,2642.305,2870.055,2723.835,2766.09,2727.87,2755.37,2734.31,2654.02,2755.945,2820.315,2822.64,2899.09,2833.965,2773.515]",2756.847243913045,-0.0048088251985231745,0.0048088251985231745,2723.3040958227207,2817.0329041772798,0.021364912058708052,fc6ed5692c5e33a9fffe770a3a11e12d0b94dbf5a1eec4c0ae7c81aee87c07d7
42,28,1.675,6000,2564.7275,760.6530013143212,9.81998802111018,"[2620.94,2532.955,2479.005,2687.48,2537.905,2599.73,2563.045,2561.175,2604.58,2440.64,2610.165,2662.725,2508.545,2561.71,2515.385,2440.28,2537.385,2630.32,2544.61,2634.16,2532.005,2470.43,2596.98,2680.85,2601.825,2557.46,2638.115,2469.1,2574.445,2547.875]",2553.6967099759586,-0.004300959857934763,0.004300959857934763,2523.663366205498,2605.791633794502,0.01999197600565017,fc6ed5692c5e33a9fffe770a3a11e12d0b94dbf5a1eec4c0ae7c81aee87c07d7
42,28,1.875,6000,2454.076666666667,692.1454341436415,8.935559131972754,"[2425.065,2509.045,2370.99,2459.345,2414.545,2506.31,2455.345,2438.25,2380.145,2430.67,2510.42,2414.375,2410.225,2494.815,2447.0,2407.49,2475.835,2577.855,2509.675,2508.465,2527.905,2419.5,2448.385,2486.055,2425.19,2406.25,2505.27,2364.29,2452.38,2441.21]",2462.2287399222923,0.0033218494623064652,0.0033218494623064652,2416.7109392406032,2491.4423940927304,0.018834606962135014,fc6ed5692c5e33a9fffe770a3a11e12d0b94dbf5a1eec4c0ae7c81aee87c07d7
42,56,0.325,6000,1747.679,286.27352138675786,3.6957752693035535,"[1768.435,1719.965,1751.9,1732.125,1753.525,1788.815,1743.48,1709.99,1777.585,1743.09,1753.82,1744.095,1754.605,1749.33,1734.175,1731.5,1769.98,1739.955,1739.84,1717.355,1752.38,1737.975,1759.91,1749.025,1795.2,1752.45,1752.215,1744.035,1740.305,1723.31]",1715.397679040406,-0.0184709668992956,0.0184709668992956,1732.2244179977772,1763.133582002223,0.027074467555434856,fc6ed5692c5e33a9fffe770a3a11e12d0b94dbf5a1eec4c0ae7c81aee87c07d7
42,56,0.525,6000,2468.2426666666665,479.29108876636826,6.187621349259217,"[2398.125,2492.865,2524.3,2544.165,2440.0,2444.055,2489.49,2457.375,2424.805,2533.175,2469.945,2468.055,2453.98,2500.585,2433.375,2453.9,2513.47,2447.295,2507.455,2383.305,2446.5,2462.44,2542.345,2515.035,2472.29,2426.665,2433.19,2518.615,2412.775,2437.705]",2475.789473684211,0.0030575628237300514,0.0030575628237300514,2442.3679598534322,2494.117373479901,0.013684061689371418,fc6ed5692c5e33a9fffe770a3a11e12d0b94dbf5a1eec4c0ae7c81aee87c07d7
42,56,0.725,6000,4264.783333333334,1070.3556729424051,13.818232319415227,"[4308.345,4206.55,4214.745,4312.29,4393.805,4276.59,4284.06,4361.255,4276.31,4158.43,4365.27,4248.255,4281.34,4315.575,4307.13,4372.825,4183.005,4182.535,4140.035,4232.88,4273.92,4305.245,4231.435,4261.455,4275.215,4244.32,4287.57,4157.175,4257.09,4228.845]",4276.363636363636,0.002715332087281247,0.002715332087281247,4206.999786189675,4322.566880476992,0.01648772372217877,fc6ed5692c5e33a9fffe770a3a11e12d0b94dbf5a1eec4c0ae7c81aee87c07d7
42,56,0.94,6000,10917.596166666666,3429.678511007524,44.27695918659197,"[10880.505,10782.045,11159.975,10809.115,10488.265,10944.225,11009.575,10958.595,11075.23,10901.87,10882.415,10896.57,11109.445,11123.59,11075.66,11166.225,10633.78,11221.125,10666.39,11127.595,10757.95,10689.15,11098.56,10477.555,11180.37,10871.66,10902.77,10496.055,10840.595,11301.025]",10942.036942137063,0.002238659050700101,0.002238659050700101,10732.443702921973,11102.748630411359,0.01952893907638442,fc6ed5692c5e33a9fffe770a3a11e12d0b94dbf5a1eec4c0ae7c81aee87c07d7
42,56,1.0,6000,11596.6015,3744.2229763971827,48.33771077357818,"[11522.94,11772.71,11694.29,11859.875,11562.135,11595.095,11461.765,12097.74,11653.295,11375.83,11402.445,11594.795,11691.9,11614.465,11788.465,11845.445,11315.845,11421.125,11473.58,11600.115,11939.97,11284.275,11624.885,11367.385,11546.51,11878.63,11007.35,11614.71,11324.52,11965.955]",11699.680530001717,0.008888727443270003,0.008888727443270003,11394.46823687798,11798.734763122022,0.0267860058739664,fc6ed5692c5e33a9fffe770a3a11e12d0b94dbf5a1eec4c0ae7c81aee87c07d7
42,56,1.06,6000,11484.927666666666,3649.9483595806973,47.12063070391041,"[11400.165,11406.165,11337.34,11424.7,11410.295,11748.2,11368.865,11435.37,11663.055,11313.215,11439.015,11670.98,11434.89,11246.99,11765.235,11491.315,11498.115,11547.965,11528.97,11278.46,11791.74,11450.515,11888.385,11398.7,11379.505,11408.77,11597.565,11413.23,11438.76,11371.355]",11413.113706897695,-0.0062528874236971515,0.0062528874236971515,11287.883853624628,11681.971479708705,0.023014760246419796,fc6ed5692c5e33a9fffe770a3a11e12d0b94dbf5a1eec4c0ae7c81aee87c07d7
42,56,1.275,6000,10525.335166666666,3090.4098069068027,39.897019050353755,"[10716.475,10630.575,10387.255,10348.705,10783.34,10495.925,10603.785,10423.46,10250.445,10450.675,11007.3,10472.83,10612.56,10416.565,10590.08,10343.82,10157.51,10682.355,10647.47,10747.975,10525.17,10737.88,10453.28,10149.6,10322.685,10703.72,10529.845,10802.25,10603.25,10163.27]",10490.84247702262,-0.0032771108090964723,0.0032771108090964723,10358.498249476586,10692.172083856745,0.018829626501999264,fc6ed5692c5e33a9fffe770a3a11e12d0b94dbf5a1eec4c0ae7c81aee87c07d7
42,56,1.675,6000,9097.769166666667,2370.8791627193223,30.6079183769404,"[9272.0,8993.0,8805.15,9160.84,9181.56,9331.985,8903.135,9064.755,9123.135,9228.32,8770.605,8896.96,8904.205,9133.235,9188.14,9174.955,9247.91,9339.965,9130.845,8886.215,9089.405,9141.0,8759.535,9017.315,9311.675,9090.985,9167.49,9148.0,9099.325,9371.43]",9127.064148404368,0.003220018138626236,0.003220018138626236,8969.776377602166,9225.761955731168,0.017535305695575154,fc6ed5692c5e33a9fffe770a3a11e12d0b94dbf5a1eec4c0ae7c81aee87c07d7
42,56,1.875,6000,8510.831166666667,2145.5633299895403,27.699103484276062,"[8588.38,8545.575,8553.66,8514.12,8486.235,8382.55,8804.59,8447.09,8625.855,8320.08,8517.625,8702.58,8537.46,8451.045,8356.715,8636.44,8594.775,8456.27,8622.93,8468.96,8392.47,8532.94,8528.23,8348.405,8301.405,8722.825,8848.3,8388.27,8518.3,8130.855]",8577.799532897006,0.007868604713089178,0.007868604713089178,8395.002136221732,8626.660197111602,0.02177455034663578,fc6ed5692c5e33a9fffe770a3a11e12d0b94dbf5a1eec4c0ae7c81aee87c07d7
42,112,0.325,6000,3484.170833333333,401.38004265169775,5.181794068966827,"[3455.17,3469.79,3484.665,3484.86,3492.91,3475.33,3503.075,3467.675,3460.44,3480.31,3481.445,3489.77,3453.285,3509.41,3534.05,3539.97,3452.115,3533.99,3474.31,3491.065,3501.89,3458.56,3441.125,3481.755,3523.985,3514.825,3447.96,3486.31,3427.175,3507.905]",3422.843393999641,-0.017601731449838093,0.017601731449838093,3462.502183179567,3505.839483487099,0.023673670708079797,fc6ed5692c5e33a9fffe770a3a11e12d0b94dbf5a1eec4c0ae7c81aee87c07d7
42,112,0.525,6000,4946.0,672.7808776649041,8.685563782809943,"[5014.21,4875.565,4977.22,4904.26,4963.505,4962.465,4987.68,4978.935,4944.065,4916.33,4971.56,4944.525,4893.655,5000.145,4918.86,4969.745,4943.745,4928.085,4931.26,5066.025,4960.94,4929.725,4928.495,4953.58,4932.96,4893.04,4952.19,4956.88,4898.165,4882.185]",4915.372195420725,-0.006192439259861526,0.006192439259861526,4909.679675322285,4982.320324677715,0.013437138701297924,fc6ed5692c5e33a9fffe770a3a11e12d0b94dbf5a1eec4c0ae7c81aee87c07d7
42,112,0.725,6000,8543.376666666667,1540.2449622964314,19.884476960179832,"[8460.94,8481.57,8546.65,8549.71,8507.855,8553.375,8527.99,8499.005,8599.815,8549.915,8741.28,8787.765,8367.225,8610.695,8461.62,8573.79,8304.37,8645.47,8843.635,8586.44,8538.425,8644.04,8615.755,8459.295,8342.6,8729.805,8331.595,8574.555,8376.095,8490.02]",8552.727272727272,0.0010944859890221071,0.0010944859890221071,8460.225972330667,8626.527361002667,0.010933667812081271,fc6ed5692c5e33a9fffe770a3a11e12d0b94dbf5a1eec4c0ae7c81aee87c07d7
42,112,0.94,6000,34543.21283333333,10587.853183548339,136.68859683990632,"[33102.18,34904.925,34539.81,35291.585,34258.825,35915.84,35495.475,33489.63,35369.705,35593.655,33384.05,33778.77,33114.595,34508.405,34464.08,34026.595,33709.405,35270.17,35300.665,33538.385,36357.485,34172.86,34354.125,34789.995,35580.97,34210.92,34581.89,34751.935,33223.225,35216.23]",33368.37219823259,-0.03401075171464803,0.03401075171464803,33971.623660642865,35114.8020060238,0.049734861312662915,fc6ed5692c5e33a9fffe770a3a11e12d0b94dbf5a1eec4c0ae7c81aee87c07d7
42,112,1.0,6000,46942.878,14859.921037474907,191.8407556803252,"[46301.68,47825.02,45342.1,49119.875,46956.285,46459.12,45972.145,48155.565,48041.15,47117.485,47324.34,46778.25,47254.705,46529.975,46665.285,46555.725,46785.285,47716.97,47515.08,46693.725,45702.22,47193.84,46011.44,47881.805,48216.08,46888.39,45493.12,46609.25,47396.65,45783.78]",46888.01671367075,-0.0011686817823407364,0.0011686817823407364,46140.65966311809,47745.09633688191,0.01795115496602484,fc6ed5692c5e33a9fffe770a3a11e12d0b94dbf5a1eec4c0ae7c81aee87c07d7
42,112,1.06,6000,44633.489166666666,13887.61082937981,179.2882848693259,"[44277.65,44798.795,44172.88,44926.2,43484.275,45785.45,44477.55,44848.295,45278.295,45519.465,45753.215,45464.19,44210.71,44747.61,45676.685,43272.06,43151.915,47249.965,43986.48,44049.285,44138.48,43824.42,43257.185,44180.24,45277.265,43409.86,44961.51,44389.695,45320.885,45114.165]",44591.47660370404,-0.0009412789308437763,0.0009412789308437763,43883.7613562219,45383.216977111435,0.017445664413933026,fc6ed5692c5e33a9fffe770a3a11e12d0b94dbf5a1eec4c0ae7c81aee87c07d7
42,112,1.275,6000,37932.143,10331.943059679,133.38481134700024,"[38333.38,38717.605,37353.365,37205.67,38696.81,36777.33,37826.15,38441.115,38461.235,37727.355,38107.765,38141.26,38646.71,38171.39,36749.68,38457.025,37729.81,38611.355,38238.045,37473.2,37572.87,37756.05,38739.175,37340.9,37642.655,36436.655,38222.375,38057.795,38236.58,38092.98]",38068.24246907513,0.003587972055128344,0.003587972055128344,37374.369230059245,38489.91676994075,0.018565483600397892,fc6ed5692c5e33a9fffe770a3a11e12d0b94dbf5a1eec4c0ae7c81aee87c07d7
42,112,1.675,6000,29995.582,6818.00465042216,88.02006155149915,"[28961.795,29087.61,30005.02,30332.32,30574.87,29760.58,29666.115,29694.27,30417.65,29700.685,30287.125,29115.245,30214.645,29672.785,30378.51,30738.8,30132.565,30411.35,30045.295,30506.93,29672.11,30858.575,30228.99,29577.41,30232.21,30158.345,30030.1,30236.645,30011.54,29157.37]",30314.62296247442,0.01063626511645684,0.01063626511645684,29627.509495595616,30363.65450440438,0.023191738980995025,fc6ed5692c5e33a9fffe770a3a11e12d0b94dbf5a1eec4c0ae7c81aee87c07d7
42,112,1.875,6000,27425.6725,5889.986817814572,76.03940284925685,"[26977.55,27740.59,27662.465,27396.05,27642.53,26940.535,27418.315,27392.155,27606.19,27380.0,27726.855,27048.37,27067.165,26835.615,27014.715,26869.725,27787.735,27908.22,27327.745,27843.86,26589.6,27561.97,27614.01,28078.42,28191.125,27483.555,27236.695,26872.33,27482.645,28073.44]",27670.87185118243,0.008940504601388694,0.008940504601388694,27107.699381749404,27743.645618250597,0.020775369444010705,fc6ed5692c5e33a9fffe770a3a11e12d0b94dbf5a1eec4c0ae7c81aee87c07d7
43,14,0.325,6000,427.3615,125.57040842622406,1.621107002037431,"[430.75,423.285,425.05,444.085,428.625,432.555,431.805,431.845,428.75,421.135,430.51,425.01,425.0,429.19,422.555,443.925,406.495,430.45,412.635,440.87,415.795,422.175,433.9,426.585,409.535,442.82,431.5,433.47,419.155,421.385]",431.41481212892575,0.009484504638171123,0.009484504638171123,420.58253502735806,434.1404649726419,0.025755413502519975,fc6ed5692c5e33a9fffe770a3a11e12d0b94dbf5a1eec4c0ae7c81aee87c07d7
43,14,0.525,6000,551.4348333333334,171.11468705518303,2.209081110854059,"[546.71,550.195,563.82,567.625,533.58,560.72,567.775,554.29,554.395,564.94,539.615,533.135,537.82,551.19,550.175,557.895,543.42,544.86,565.01,541.095,560.12,564.34,542.115,551.895,561.08,539.885,551.255,545.065,551.005,548.02]",543.8356617160772,-0.013780724680231773,0.013780724680231773,542.1971436229173,560.6725230437494,0.030029760039370412,fc6ed5692c5e33a9fffe770a3a11e12d0b94dbf5a1eec4c0ae7c81aee87c07d7
43,14,0.725,6000,669.155,217.65077521492685,2.8098594256551523,"[687.08,678.78,675.83,665.63,673.825,686.525,668.645,691.51,639.64,683.59,668.895,672.12,684.555,643.735,664.985,664.125,654.83,669.52,682.26,664.38,665.55,661.46,625.705,683.21,669.795,669.165,672.89,652.125,677.78,676.51]",670.0378839733789,0.0013194012947358481,0.0013194012947358481,657.4050423472205,680.9049576527794,0.019216222590952015,fc6ed5692c5e33a9fffe770a3a11e12d0b94dbf5a1eec4c0ae7c81aee87c07d7
43,14,0.94,6000,731.9966666666667,236.10249762999138,3.0480701377297756,"[736.39,727.405,711.09,741.61,721.54,743.07,726.965,744.56,728.255,723.49,752.665,753.71,711.53,737.185,747.8,722.505,717.765,744.55,725.26,733.99,723.945,722.6,698.125,711.715,764.92,714.68,756.895,730.035,736.27,749.38]",730.055235373489,-0.0026522406201908424,0.0026522406201908424,719.2505859503063,744.742747383027,0.019721591195280275,fc6ed5692c5e33a9fffe770a3a11e12d0b94dbf5a1eec4c0ae7c81aee87c07d7
43,14,1.0,6000,737.4026666666666,247.05298363375945,3.189440304148013,"[758.71,755.45,750.65,749.89,748.035,766.875,724.42,746.865,759.275,720.945,718.29,741.875,717.555,709.84,731.06,716.09,725.68,729.155,756.94,740.385,725.04,727.585,732.115,745.22,721.645,741.755,754.71,718.355,731.97,755.7]",734.2941282955655,-0.0042155236367028915,0.0042155236367028915,724.0654199106054,750.7399134227278,0.021906102010992856,fc6ed5692c5e33a9fffe770a3a11e12d0b94dbf5a1eec4c0ae7c81aee87c07d7
43,14,1.06,6000,728.8886666666667,236.52788668235004,3.053561886781256,"[738.05,723.585,700.66,738.175,727.275,695.005,714.995,745.9,722.36,735.84,727.075,748.405,716.675,730.48,744.32,732.68,730.07,766.48,692.715,707.225,739.71,737.11,745.14,735.715,740.085,701.47,717.55,733.945,731.445,746.52]",729.9612787560883,0.0014715719127954177,0.0014715719127954177,716.1196211648778,741.6577121684556,0.01932869479081578,fc6ed5692c5e33a9fffe770a3a11e12d0b94dbf5a1eec4c0ae7c81aee87c07d7
43,14,1.275,6000,714.003,231.38799823086663,2.9872062122013925,"[698.56,701.095,711.175,716.93,715.485,720.33,699.265,725.855,730.37,712.01,715.82,710.29,717.89,686.415,730.27,737.405,721.91,725.71,739.94,721.115,717.86,710.01,711.915,689.02,711.52,712.935,715.665,685.95,711.26,716.115]",714.7348635222888,0.0010250146319956506,0.0010250146319956506,701.5114332785431,726.494566721457,0.018849914080438346,fc6ed5692c5e33a9fffe770a3a11e12d0b94dbf5a1eec4c0ae7c81aee87c07d7
43,14,1.675,6000,694.4131666666667,219.69659508578553,2.836270846619072,"[691.965,683.42,690.49,674.51,695.855,676.325,692.72,678.91,731.325,703.415,713.685,705.115,722.605,694.785,691.56,688.49,681.655,687.125,692.485,672.865,710.57,681.745,684.57,701.395,672.705,697.415,687.175,707.26,701.21,719.045]",687.6468658847025,-0.009743911991824587,0.009743911991824587,682.5527646709987,706.2735686623347,0.026373212313340222,fc6ed5692c5e33a9fffe770a3a11e12d0b94dbf5a1eec4c0ae7c81aee87c07d7
43,14,1.875,6000,674.3408333333333,208.31895848445853,2.6893861896986073,"[674.78,683.945,673.865,662.805,676.625,699.86,655.755,687.96,677.13,683.4,660.335,683.555,652.12,672.16,687.86,711.89,662.505,659.98,663.085,694.855,678.235,679.545,696.625,678.315,662.24,668.92,660.105,650.815,685.88,645.075]",674.6999514826521,0.0005325469429807535,0.0005325469429807535,663.0946572604643,685.5870094062024,0.01750171577333215,fc6ed5692c5e33a9fffe770a3a11e12d0b94dbf5a1eec4c0ae7c81aee87c07d7
43,28,0.325,6000,892.4845,203.158319979549,2.6227626330809026,"[894.45,881.955,891.615,884.335,898.68,891.725,924.925,887.64,890.41,901.21,892.66,933.675,895.77,906.78,925.605,875.105,901.98,886.975,875.94,917.415,888.315,884.885,891.98,869.04,883.74,892.125,874.24,880.305,867.54,883.515]",891.8518518518518,-0.0007088617764769896,0.0007088617764769896,881.5169229067768,903.4520770932232,0.012839889946010263,fc6ed5692c5e33a9fffe770a3a11e12d0b94dbf5a1eec4c0ae7c81aee87c07d7
43,28,0.525,6000,1256.2418333333333,339.7042849060088,4.385563460254239,"[1196.885,1241.375,1214.355,1260.25,1254.18,1255.245,1248.05,1293.97,1286.365,1277.795,1296.0,1302.445,1255.575,1288.47,1249.69,1299.145,1249.91,1282.37,1249.345,1270.425,1261.305,1234.57,1218.12,1291.535,1199.05,1266.425,1211.64,1206.77,1268.6,1257.395]",1267.3684210526317,0.008857042827315293,0.008857042827315293,1237.9027717877368,1274.5808948789297,0.02380287849452145,fc6ed5692c5e33a9fffe770a3a11e12d0b94dbf5a1eec4c0ae7c81aee87c07d7
43,28,0.725,6000,2011.9276666666667,624.8373399411932,8.066615372269279,"[1954.535,1940.61,2051.77,2044.16,2038.0,1983.09,1934.555,1998.145,2054.315,2003.315,2025.785,1972.435,1965.46,1977.015,2030.62,2062.555,2098.88,2047.05,2037.35,1985.465,1969.175,1956.7,1987.465,2076.375,1995.92,1965.105,2011.815,2017.51,2137.71,2034.945]",1968.5624822692112,-0.021554047452064903,0.021554047452064903,1978.195591616925,2045.6597417164085,0.03768821269489764,fc6ed5692c5e33a9fffe770a3a11e12d0b94dbf5a1eec4c0ae7c81aee87c07d7
43,28,0.94,6000,2919.3685,941.0763529906113,12.149243475474167,"[2933.08,2858.89,2896.795,2885.765,2829.62,3020.335,2885.06,2966.74,3007.08,2965.53,2985.215,3010.285,2894.185,2971.435,2884.8,2929.055,2771.27,2832.2,2978.59,2877.115,2950.795,2919.25,2991.23,2893.74,2907.3,2922.42,2883.355,2895.64,2956.595,2877.685]",2962.5953809563066,0.014806928606754016,0.014806928606754016,2868.564144790364,2970.172855209636,0.032779896638084116,fc6ed5692c5e33a9fffe770a3a11e12d0b94dbf5a1eec4c0ae7c81aee87c07d7
43,28,1.0,6000,2970.462,959.7284001162333,12.390040368441532,"[2949.79,2934.94,2956.11,3119.905,2938.97,3087.1,2981.585,2992.835,2876.92,2911.475,3022.69,3010.585,3130.985,2921.62,3037.7,3034.135,3030.24,2935.245,2800.19,2998.025,2999.49,2933.2,2915.83,2943.13,2899.435,2989.97,2876.32,2946.75,2995.185,2943.505]",2960.0996190471055,-0.0034884745042671663,0.0034884745042671663,2918.650707123143,3022.273292876857,0.020571823857322036,fc6ed5692c5e33a9fffe770a3a11e12d0b94dbf5a1eec4c0ae7c81aee87c07d7
43,28,1.06,6000,2941.6821666666665,954.0350777811639,12.316539893147151,"[2924.605,2857.88,2963.695,2954.73,2973.15,2835.47,2983.78,2859.97,2815.885,2901.385,2827.365,2977.54,2916.965,2897.485,3001.37,3005.47,2968.22,2873.055,3055.88,2960.645,3024.105,3074.58,3007.715,2963.605,2881.205,2996.645,2880.205,3007.335,2955.125,2905.4]",2925.1066173966674,-0.005634717937179969,0.005634717937179969,2890.1782299031734,2993.1861034301596,0.02274482230004804,fc6ed5692c5e33a9fffe770a3a11e12d0b94dbf5a1eec4c0ae7c81aee87c07d7
43,28,1.275,6000,2815.282166666667,891.7493197961326,11.512434215207378,"[2795.005,2806.52,2900.19,2756.865,2898.665,2776.215,2891.73,2780.595,2816.34,2824.755,2744.54,2841.24,2756.415,2844.855,2765.6,2855.7,2892.12,2879.58,2849.65,2771.165,2747.895,2827.745,2801.375,2781.505,2784.42,2835.75,2789.775,2720.01,2847.8,2874.445]",2805.3318161045827,-0.003534406135163894,0.003534406135163894,2767.140749600026,2863.4235837333076,0.020287521538460362,fc6ed5692c5e33a9fffe770a3a11e12d0b94dbf5a1eec4c0ae7c81aee87c07d7
43,28,1.675,6000,2602.8355,763.4367797832844,9.855926446609597,"[2623.06,2673.125,2704.55,2602.805,2574.205,2399.525,2640.115,2642.135,2622.28,2623.62,2665.53,2601.255,2531.605,2667.295,2659.035,2498.085,2664.665,2610.58,2680.32,2573.995,2574.91,2662.55,2461.335,2620.415,2585.025,2595.295,2615.875,2582.03,2556.815,2573.03]",2604.342817373012,0.0005791058916370354,0.0005791058916370354,2561.6210828945714,2644.049917105429,0.01667761667161405,fc6ed5692c5e33a9fffe770a3a11e12d0b94dbf5a1eec4c0ae7c81aee87c07d7
43,28,1.875,6000,2505.258,698.1426045482262,9.012982268977169,"[2550.29,2516.315,2396.095,2611.64,2419.715,2534.215,2518.365,2535.84,2495.73,2469.09,2466.06,2588.465,2450.665,2476.46,2503.5,2536.155,2553.95,2503.935,2410.015,2527.215,2490.355,2497.765,2487.765,2552.89,2479.1,2582.765,2461.86,2587.87,2437.37,2516.285]",2513.5899673348845,0.0033257921279503614,0.0033257921279503614,2467.568513110085,2542.9474868899147,0.01865052742417861,fc6ed5692c5e33a9fffe770a3a11e12d0b94dbf5a1eec4c0ae7c81aee87c07d7
43,56,0.325,6000,1783.6036666666666,287.1413321182747,3.7069786576729693,"[1773.765,1787.345,1790.435,1765.845,1780.47,1765.455,1776.08,1764.89,1752.49,1784.92,1792.455,1823.465,1770.685,1799.89,1815.965,1808.27,1789.875,1796.225,1787.385,1770.73,1794.585,1769.67,1754.08,1754.37,1787.39,1808.68,1773.485,1812.07,1774.815,1782.325]",1756.5199312900932,-0.015184839481289932,0.015184839481289932,1768.102235580925,1799.1050977524083,0.023670193873340684,fc6ed5692c5e33a9fffe770a3a11e12d0b94dbf5a1eec4c0ae7c81aee87c07d7
43,56,0.525,6000,2534.2085,493.98366471431433,6.377301689123493,"[2612.675,2559.155,2557.125,2518.38,2558.5,2537.425,2477.655,2506.72,2514.025,2512.59,2502.74,2486.395,2546.625,2562.605,2548.905,2542.115,2579.12,2488.115,2530.69,2497.865,2530.275,2472.82,2555.755,2580.265,2529.905,2472.12,2559.47,2544.345,2598.34,2543.535]",2534.7368421052633,0.0002084840711658744,0.0002084840711658744,2507.540609036477,2560.8763909635236,0.010845779713707815,fc6ed5692c5e33a9fffe770a3a11e12d0b94dbf5a1eec4c0ae7c81aee87c07d7
43,56,0.725,6000,4356.723666666667,1100.063019898336,14.20175251948298,"[4411.735,4432.35,4408.405,4245.6,4217.815,4339.925,4243.105,4434.5,4430.32,4476.25,4301.075,4404.14,4328.25,4305.435,4352.73,4378.22,4342.46,4238.19,4346.795,4421.555,4425.8,4475.02,4362.345,4397.555,4272.055,4444.4,4286.765,4270.725,4451.725,4256.465]",4378.181818181818,0.004925295510322992,0.004925295510322992,4297.336357402869,4416.1109759304645,0.018812923647384405,fc6ed5692c5e33a9fffe770a3a11e12d0b94dbf5a1eec4c0ae7c81aee87c07d7
43,56,0.94,6000,11099.595,3470.1182528010586,44.7990340082296,"[11147.36,11236.77,11129.26,11116.4,11020.14,10718.555,11185.59,11001.615,10863.075,11371.035,10808.005,11323.88,11332.8,11229.575,10798.835,11275.605,11043.2,10945.65,11454.99,11423.84,11450.815,11100.045,11008.2,11140.715,10780.285,10719.285,11282.955,11087.575,11022.735,10969.06]",11139.703062111384,0.0036134707718061022,0.0036134707718061022,10912.259381827787,11286.930618172211,0.020842950330007604,fc6ed5692c5e33a9fffe770a3a11e12d0b94dbf5a1eec4c0ae7c81aee87c07d7
43,56,1.0,6000,11878.7625,3829.8192872148074,49.44275439455637,"[12448.415,11799.31,12220.15,12118.865,11589.875,12159.095,11811.36,12012.19,11864.68,11821.515,11464.575,12221.79,12084.51,12133.7,11428.225,11857.065,11927.615,11800.41,11769.16,11437.5,11792.165,11746.22,11637.045,11632.96,12063.635,11649.36,11677.875,12044.0,12207.52,11942.09]",11886.24468791811,0.0006298794102591956,0.0006298794102591956,11672.008288359197,12085.516711640805,0.018354716195033705,fc6ed5692c5e33a9fffe770a3a11e12d0b94dbf5a1eec4c0ae7c81aee87c07d7
43,56,1.06,6000,11624.627833333334,3694.5128626393143,47.695955964503845,"[11773.955,11536.6,11486.665,11052.265,11368.57,11388.55,11420.995,11510.495,11938.985,11990.73,11701.045,11778.185,11356.69,11696.995,11268.875,11522.155,11554.935,11697.315,11810.03,11518.065,11584.34,11636.855,12173.615,11963.885,11356.65,11840.065,11607.05,12144.675,11347.31,11712.29]",11603.853157859045,-0.001787126071659555,0.001787126071659555,11425.178189100301,11824.077477566367,0.018625074144274723,fc6ed5692c5e33a9fffe770a3a11e12d0b94dbf5a1eec4c0ae7c81aee87c07d7
43,56,1.275,6000,10630.702166666666,3147.801646280998,40.637944510701985,"[11212.9,10902.61,10846.945,10785.42,10677.245,10510.685,10592.615,10820.225,10741.78,10366.22,10541.48,10602.695,10599.065,10632.405,10633.685,10623.825,10399.795,10511.54,10610.5,10286.545,10363.185,10582.77,10660.445,10474.37,10590.325,10454.91,10633.755,10956.79,10763.475,10542.86]",10692.466243850591,0.005809971553675056,0.005809971553675056,10460.766929787185,10800.637403546147,0.022149362051422594,fc6ed5692c5e33a9fffe770a3a11e12d0b94dbf5a1eec4c0ae7c81aee87c07d7
43,56,1.675,6000,9314.1935,2426.671839391096,31.328198735574116,"[9566.33,9235.365,9381.0,9276.36,9088.195,9007.015,9502.73,9312.925,9366.005,9303.15,9293.6,8980.96,9212.915,9367.82,9489.605,9363.175,9527.91,9393.76,9401.755,9500.945,9241.175,9404.965,9318.065,9240.02,9151.19,9396.055,9217.49,9419.245,9178.61,9287.47]",9336.824935964612,0.002429779450535685,0.002429779450535685,9183.18872263644,9445.19827736356,0.0167301596393703,fc6ed5692c5e33a9fffe770a3a11e12d0b94dbf5a1eec4c0ae7c81aee87c07d7
43,56,1.875,6000,8754.663166666667,2196.295700152962,28.354055566797935,"[8625.31,8609.375,8600.355,8684.795,8905.55,8919.425,8838.455,8659.25,8850.21,8773.18,8790.57,8797.965,8716.07,9035.275,8824.12,8726.83,8630.01,8670.205,8706.79,8611.135,8591.415,8777.285,8864.01,8643.605,8982.97,8760.205,9015.28,8549.75,8935.8,8544.7]",8787.86160174397,0.00379208593697888,0.00379208593697888,8636.095330442351,8873.231002890983,0.017573482632439408,fc6ed5692c5e33a9fffe770a3a11e12d0b94dbf5a1eec4c0ae7c81aee87c07d7
43,112,0.325,6000,3574.3983333333335,411.17010406031187,5.308183218279861,"[3580.585,3572.015,3583.77,3599.57,3572.37,3525.145,3573.415,3567.72,3616.395,3538.625,3588.175,3582.065,3532.805,3586.065,3608.515,3626.53,3529.91,3581.71,3557.525,3588.405,3611.115,3522.78,3550.105,3564.545,3600.28,3560.385,3621.435,3553.97,3560.95,3575.07]",3503.419625026879,-0.019857526130911823,0.019857526130911823,3552.20116309111,3596.595503575557,0.02590668827118503,fc6ed5692c5e33a9fffe770a3a11e12d0b94dbf5a1eec4c0ae7c81aee87c07d7
43,112,0.525,6000,5070.971,691.2922985245339,8.924545198489886,"[5026.385,5062.68,5127.33,5044.53,5079.31,5062.625,5084.63,5103.935,5186.37,5123.125,5037.26,5127.145,5137.84,5084.39,5151.065,5087.265,5118.635,5001.345,5048.21,5017.835,4941.87,5029.02,5036.75,5045.435,4980.67,5055.725,5078.54,5096.38,5092.635,5060.195]",5031.798865709307,-0.007724779788859404,0.007724779788859404,5033.6513294160795,5108.29067058392,0.014974050970726904,fc6ed5692c5e33a9fffe770a3a11e12d0b94dbf5a1eec4c0ae7c81aee87c07d7
43,112,0.725,6000,8778.25,1599.250288128997,20.64623244113673,"[9013.78,8844.935,8632.245,8703.615,8866.04,9046.44,8640.16,8363.495,8909.845,8647.93,8815.1,8653.63,8653.915,8719.3,8911.04,8771.415,8808.975,8828.195,8793.69,8526.245,8775.07,8871.14,8955.055,8804.6,8801.045,8826.375,8981.515,8695.38,8779.985,8707.345]",8756.363636363636,-0.002493249068591572,0.002493249068591572,8691.91388131099,8864.58611868901,0.012208407801150623,fc6ed5692c5e33a9fffe770a3a11e12d0b94dbf5a1eec4c0ae7c81aee87c07d7
43,112,0.94,6000,35319.73183333333,10913.733729995502,140.8956966040491,"[35334.155,37792.445,35241.66,35259.86,35624.31,35788.895,34364.84,35256.47,34336.8,34929.215,35190.17,34870.33,34662.015,35688.435,35474.97,34460.165,35589.09,35701.02,34621.89,35024.74,36344.495,34941.92,35094.125,35170.07,34388.72,35864.555,36916.925,34461.505,35384.175,35813.99]",34069.873789200436,-0.03538696301633101,0.03538696301633101,34730.54987873415,35908.91378793251,0.0512140247291496,fc6ed5692c5e33a9fffe770a3a11e12d0b94dbf5a1eec4c0ae7c81aee87c07d7
43,112,1.0,6000,47638.2205,15346.882568347255,198.1274020113661,"[47936.08,47222.475,48419.555,47226.875,48517.71,48049.19,47449.205,48806.46,48996.52,45701.51,48046.41,47678.305,47067.87,45263.605,46523.885,50139.21,46353.04,47628.305,47361.14,48770.61,47939.66,46884.56,47929.885,46775.945,47129.585,46698.635,47120.27,49949.22,49282.75,46278.145]",47636.67117513181,-3.252272759004466e-05,3.252272759004466e-05,46809.71336464893,48466.727635351075,0.017666372020713972,fc6ed5692c5e33a9fffe770a3a11e12d0b94dbf5a1eec4c0ae7c81aee87c07d7
43,112,1.06,6000,45287.269,13974.265166528903,180.40698755150953,"[45203.215,44965.58,44994.835,45500.98,44943.06,45459.57,46472.195,46248.205,46015.055,46399.805,45002.395,45341.155,44343.43,44032.48,45825.56,44311.825,44288.32,45313.185,46854.01,44408.555,45150.585,45581.825,47786.725,44840.47,44744.89,43081.475,45504.56,45507.225,45414.875,45082.025]",45372.58783944235,0.001883947549196413,0.001883947549196413,44532.86312309337,46041.67487690663,0.0188562930262961,fc6ed5692c5e33a9fffe770a3a11e12d0b94dbf5a1eec4c0ae7c81aee87c07d7
43,112,1.275,6000,38681.85666666667,10479.828578573934,135.29400518641796,"[39188.42,38068.845,38465.01,39066.835,38025.965,37869.02,39800.11,39118.605,38961.64,37802.32,38485.125,39015.055,38542.315,37738.685,38747.87,37816.345,39122.08,38949.75,38895.66,39005.685,39541.14,36771.32,39525.0,38887.135,38835.105,39762.97,38732.75,38989.925,37737.135,38987.88]",38903.46377958027,0.005728967842036628,0.005728967842036628,38116.099242255776,39247.61409107756,0.0206570072220722,fc6ed5692c5e33a9fffe770a3a11e12d0b94dbf5a1eec4c0ae7c81aee87c07d7
43,112,1.675,6000,30977.374,7084.729839187451,91.46346893183916,"[30646.82,30335.2,30416.695,30578.36,31337.58,30510.12,31020.41,31268.225,31912.685,30068.68,30868.36,31328.23,30844.7,32208.335,30514.66,31085.385,30988.335,31603.34,31384.07,31418.5,30917.88,31044.075,31091.355,31234.47,31307.235,30831.435,30528.84,30921.785,30050.3,31055.155]",31135.787538641835,0.005113846597901899,0.005113846597901899,30594.902237564824,31359.845762435176,0.017678935427775544,fc6ed5692c5e33a9fffe770a3a11e12d0b94dbf5a1eec4c0ae7c81aee87c07d7
43,112,1.875,6000,28240.06333333333,5922.496808052816,76.45910501851714,"[28468.795,27630.02,28098.39,28850.09,28527.195,28071.94,27581.17,28396.6,28009.57,28561.775,27049.115,28529.045,28179.38,28136.37,28800.985,28585.275,28532.23,27850.62,28661.065,28471.71,28297.84,27965.86,28081.79,28167.8,27831.685,28652.285,28164.56,28820.915,28169.65,28058.175]",28467.002181072217,0.008036060155396926,0.008036060155396926,27920.335151227737,28559.791515438927,0.019579529646886806,fc6ed5692c5e33a9fffe770a3a11e12d0b94dbf5a1eec4c0ae7c81aee87c07d7
44,14,0.325,6000,442.14216666666664,130.00945234195575,1.6784148125664715,"[425.87,436.46,435.575,433.26,442.64,452.62,443.69,447.135,441.065,434.485,452.61,436.85,438.82,439.21,452.35,438.955,440.87,432.72,438.9,449.94,450.715,423.995,435.555,440.175,457.87,456.395,460.49,437.76,450.76,436.525]",440.9206731561585,-0.002762671381734622,0.002762671381734622,435.1235582653387,449.16077506799456,0.018345551012526995,fc6ed5692c5e33a9fffe770a3a11e12d0b94dbf5a1eec4c0ae7c81aee87c07d7
44,14,0.525,6000,561.6298333333333,177.3607856452106,2.2897178969138805,"[593.55,562.07,544.73,565.77,569.87,559.425,559.425,554.13,578.435,571.73,573.305,556.475,544.005,576.56,552.26,576.34,542.65,550.995,559.555,574.9,553.59,541.17,568.565,555.955,569.55,555.145,544.25,569.015,566.98,558.495]",554.9076449262836,-0.011969072880535473,0.011969072880535473,552.0549456788464,571.2047209878202,0.02853105981574,fc6ed5692c5e33a9fffe770a3a11e12d0b94dbf5a1eec4c0ae7c81aee87c07d7
44,14,0.725,6000,691.7601666666667,222.79255687867803,2.8762395415002957,"[680.07,679.19,699.985,690.06,695.32,684.81,684.21,709.165,698.055,704.23,729.79,710.505,694.99,676.915,685.44,692.57,697.44,685.535,694.31,695.19,710.765,692.96,670.865,700.55,675.91,687.1,689.02,669.585,686.905,681.365]",681.9562571380784,-0.014172411192494159,0.014172411192494159,679.7326280277904,703.787705305543,0.03101993399840175,fc6ed5692c5e33a9fffe770a3a11e12d0b94dbf5a1eec4c0ae7c81aee87c07d7
44,14,0.94,6000,741.0791666666667,241.16104648352533,3.113375722615488,"[690.575,754.335,755.99,743.72,764.56,776.08,749.275,739.76,726.2,743.31,763.425,731.785,727.18,734.78,754.155,741.005,762.47,738.555,744.57,725.05,735.77,736.72,742.835,723.64,751.72,725.505,729.965,737.68,738.31,743.45]",741.3291309462996,0.0003372976746294413,0.0003372976746294413,728.0599983182735,754.0983350150598,0.018225328487591952,fc6ed5692c5e33a9fffe770a3a11e12d0b94dbf5a1eec4c0ae7c81aee87c07d7
44,14,1.0,6000,748.6013333333333,241.32736109710237,3.115522835044204,"[750.47,779.955,727.525,755.985,774.115,741.655,762.795,738.89,733.46,723.315,737.31,748.06,756.5,756.7,767.495,722.34,736.645,751.83,715.545,735.39,751.2,766.12,753.905,750.94,778.32,731.405,779.16,746.105,735.27,749.635]",745.6324142913234,-0.003965954787697319,0.003965954787697319,735.573186428973,761.6294802376935,0.02100373785607368,fc6ed5692c5e33a9fffe770a3a11e12d0b94dbf5a1eec4c0ae7c81aee87c07d7
44,14,1.06,6000,743.3835,245.7881568833088,3.1731114610135696,"[718.655,736.22,764.38,736.22,695.465,723.28,746.195,755.46,743.39,752.665,735.23,744.04,747.975,766.015,758.73,751.37,736.695,758.915,735.03,741.295,760.21,744.465,758.28,769.65,750.535,766.655,726.155,724.75,742.975,710.605]",741.3612817337967,-0.00272028941482205,0.00272028941482205,730.1145353841757,756.6524646158243,0.020208991045567393,fc6ed5692c5e33a9fffe770a3a11e12d0b94dbf5a1eec4c0ae7c81aee87c07d7
44,14,1.275,6000,729.6985,235.29888126594264,3.037695495080774,"[771.73,734.875,745.1,726.2,732.63,729.2,719.975,735.54,728.275,732.685,729.425,734.57,727.54,739.04,736.67,729.855,739.385,714.04,707.99,733.72,730.78,744.505,703.525,706.99,745.645,743.695,696.57,739.65,706.61,724.54]",726.344993670902,-0.0045957423909984306,0.0045957423909984306,716.9958028104721,742.4011971895278,0.021627394432294778,fc6ed5692c5e33a9fffe770a3a11e12d0b94dbf5a1eec4c0ae7c81aee87c07d7
44,14,1.675,6000,701.275,217.49839761975534,2.807892239360371,"[709.71,691.115,681.96,716.045,715.13,685.485,678.365,720.62,733.905,706.195,692.04,686.36,691.9,702.905,701.2,692.69,686.475,711.915,722.525,709.28,699.435,718.645,698.605,699.845,663.405,683.84,691.835,728.765,699.585,718.47]",699.6013721912611,-0.00238654993938019,0.00238654993938019,689.5332685080909,713.016731491909,0.018814929170845263,fc6ed5692c5e33a9fffe770a3a11e12d0b94dbf5a1eec4c0ae7c81aee87c07d7
44,14,1.875,6000,690.1043333333333,209.9566623883028,2.710528856183966,"[719.93,698.07,707.6,684.345,685.785,682.655,694.37,675.005,673.1,685.415,681.225,703.905,719.03,686.2,676.75,695.64,682.345,695.575,675.175,688.825,705.205,688.345,677.325,696.005,680.975,661.62,703.095,682.09,704.685,692.84]",686.8040087485178,-0.004782355979239108,0.004782355979239108,678.7697452090991,701.4389214575675,0.02086412980710961,fc6ed5692c5e33a9fffe770a3a11e12d0b94dbf5a1eec4c0ae7c81aee87c07d7
44,28,0.325,6000,914.5913333333333,208.6739269598729,2.6939688130109687,"[921.415,931.675,918.22,926.965,915.795,895.21,899.725,903.975,877.73,926.845,916.795,907.225,934.08,914.08,902.85,922.235,907.665,927.13,922.67,918.335,932.03,942.62,895.02,930.55,899.965,896.73,911.195,902.77,897.335,938.905]",912.5925925925925,-0.0021853921723226474,0.0021853921723226474,903.3259941559447,925.8566725107219,0.014326277826739675,fc6ed5692c5e33a9fffe770a3a11e12d0b94dbf5a1eec4c0ae7c81aee87c07d7
44,28,0.525,6000,1289.6196666666667,351.25043747283746,4.534623648934564,"[1272.75,1317.015,1282.935,1255.74,1332.32,1279.715,1268.12,1259.645,1268.19,1313.72,1307.47,1343.675,1276.455,1273.74,1321.68,1317.83,1277.12,1246.105,1288.48,1294.75,1301.92,1239.445,1311.075,1311.5,1298.695,1289.09,1312.4,1276.38,1271.6,1279.03]",1296.842105263158,0.005600440799076318,0.005600440799076318,1270.6572818015056,1308.5820515318278,0.020607306027104366,fc6ed5692c5e33a9fffe770a3a11e12d0b94dbf5a1eec4c0ae7c81aee87c07d7
44,28,0.725,6000,2048.9155,616.8380791550832,7.963345359580698,"[2095.98,2106.18,2029.41,2011.29,2058.075,2020.175,2010.68,2010.725,2038.12,2041.14,2098.71,1983.045,1935.4,2088.75,2115.925,2089.325,1986.88,2034.12,2067.83,2039.78,2092.23,2044.82,2065.255,2138.035,2021.075,2031.165,2060.565,2008.355,2086.035,2058.39]",2010.088754140539,-0.018949900988821145,0.018949900988821145,2015.6152680043322,2082.215731995668,0.03463953170020484,fc6ed5692c5e33a9fffe770a3a11e12d0b94dbf5a1eec4c0ae7c81aee87c07d7
44,28,0.94,6000,2960.3731666666667,961.2703444015164,12.409946783567136,"[2961.445,2941.915,3023.67,3025.145,2830.025,2912.545,3101.91,2970.93,2859.475,2921.87,3045.68,2935.1,2956.595,3046.395,2939.76,2888.395,3025.07,3096.38,2903.36,2847.225,2918.605,2939.91,3052.875,3005.92,3006.635,2964.825,2852.165,2902.665,2910.985,3023.72]",3009.6954592517386,0.01666083625552112,0.01666083625552112,2908.4786313568934,3012.26770197644,0.03480060908944149,fc6ed5692c5e33a9fffe770a3a11e12d0b94dbf5a1eec4c0ae7c81aee87c07d7
44,28,1.0,6000,3005.255166666667,965.8291814418287,12.468801116684482,"[3022.07,2988.745,3116.63,2911.63,2993.49,3055.455,3084.455,3029.125,3044.345,2917.73,2940.655,2921.13,3044.13,3008.965,2911.375,2917.675,2981.805,2965.575,2966.88,2957.845,3092.1,3000.195,2980.655,2981.8,3214.81,2861.95,3031.925,3063.665,3083.1,3067.745]",3006.052220479008,0.00026522001232441534,0.00026522001232441534,2953.1145208520416,3057.395812481292,0.017926057134991513,fc6ed5692c5e33a9fffe770a3a11e12d0b94dbf5a1eec4c0ae7c81aee87c07d7
44,28,1.06,6000,2990.7138333333332,959.0397757603977,12.381150266235052,"[2961.76,3095.615,3097.6,2997.91,3068.16,2843.535,2969.625,2959.29,3024.695,3051.8,3079.46,2993.06,2932.075,3089.025,2905.28,2946.18,2913.41,2978.365,3019.41,2895.035,2870.905,2942.09,2985.23,3042.34,3005.415,3042.175,3134.785,3018.49,2902.505,2956.19]",2971.5620617834493,-0.0064037459339726065,0.0064037459339726065,2938.939716097187,3042.4879505694794,0.02331180597535465,fc6ed5692c5e33a9fffe770a3a11e12d0b94dbf5a1eec4c0ae7c81aee87c07d7
44,28,1.275,6000,2866.273166666667,892.3150586576974,11.519737872504521,"[2886.895,2885.645,2844.125,2873.485,2807.035,2775.28,2761.12,2912.12,2906.34,2829.08,2797.635,2787.215,2838.265,2825.04,2878.695,2954.575,2869.515,2917.15,2821.14,2880.0,2862.945,2955.04,2919.94,2854.74,2897.035,2780.535,2873.385,2864.06,2871.4,3058.76]",2853.3734714582283,-0.004500511451056223,0.004500511451056223,2818.101207978204,2914.4451253551297,0.02095481344479244,fc6ed5692c5e33a9fffe770a3a11e12d0b94dbf5a1eec4c0ae7c81aee87c07d7
44,28,1.675,6000,2659.189,767.2665720667765,9.905368852387594,"[2766.765,2699.345,2641.635,2635.975,2696.91,2577.88,2639.925,2603.375,2662.82,2715.52,2631.315,2569.955,2771.91,2670.005,2666.705,2666.845,2576.5,2662.655,2664.59,2676.915,2789.28,2607.31,2676.19,2566.23,2602.84,2581.56,2609.045,2667.225,2700.605,2777.84]",2654.5172648470684,-0.001756827044986811,0.001756827044986811,2617.7678301407364,2700.6101698592634,0.01706758921617957,fc6ed5692c5e33a9fffe770a3a11e12d0b94dbf5a1eec4c0ae7c81aee87c07d7
44,28,1.875,6000,2565.234,735.9148841386365,9.500620301650333,"[2560.11,2602.895,2520.94,2472.72,2612.705,2615.045,2564.025,2631.16,2609.78,2555.455,2575.725,2445.93,2617.41,2541.42,2503.995,2540.795,2505.65,2571.505,2529.055,2508.49,2531.205,2568.37,2610.47,2546.05,2593.195,2579.63,2619.895,2564.495,2621.485,2637.415]",2564.483286873782,-0.00029264898493383486,0.00029264898493383486,2525.505362616833,2604.962637383167,0.015539320959339631,fc6ed5692c5e33a9fffe770a3a11e12d0b94dbf5a1eec4c0ae7c81aee87c07d7
44,56,0.325,6000,1829.2891666666667,296.06871048715556,3.8222306168328624,"[1848.3,1838.245,1816.955,1815.025,1830.04,1827.85,1859.11,1833.185,1816.155,1822.035,1824.54,1834.105,1812.035,1845.96,1815.1,1846.085,1822.34,1798.16,1853.665,1837.04,1872.555,1845.955,1810.225,1829.195,1797.13,1800.135,1808.81,1820.205,1856.88,1841.655]",1797.6632285054586,-0.01728864891210005,0.01728864891210005,1813.3057877556482,1845.2725455776852,0.02580069658887263,fc6ed5692c5e33a9fffe770a3a11e12d0b94dbf5a1eec4c0ae7c81aee87c07d7
44,56,0.525,6000,2593.3706666666667,499.57706660781474,6.449512197064067,"[2646.115,2531.08,2614.47,2589.985,2583.28,2612.495,2570.645,2557.73,2622.93,2590.135,2590.21,2605.235,2635.605,2570.05,2546.345,2606.13,2592.56,2562.725,2551.685,2593.325,2590.83,2651.26,2605.125,2611.24,2582.42,2578.705,2558.915,2615.15,2656.375,2578.365]",2593.684210526316,0.00012090206142886272,0.00012090206142886272,2566.400813831798,2620.3405195015353,0.010630995964259427,fc6ed5692c5e33a9fffe770a3a11e12d0b94dbf5a1eec4c0ae7c81aee87c07d7
44,56,0.725,6000,4472.152666666667,1120.3311325975608,14.463412729293488,"[4328.345,4609.56,4512.14,4488.695,4568.645,4516.515,4537.77,4487.76,4428.015,4465.575,4327.83,4628.715,4410.66,4544.57,4537.29,4412.765,4551.425,4508.325,4343.61,4296.89,4404.18,4496.865,4434.615,4489.1,4412.395,4290.47,4477.03,4576.165,4595.81,4482.85]",4480.0,0.001754710520466688,0.001754710520466688,4411.67117583755,4532.634157495783,0.015488195162115082,fc6ed5692c5e33a9fffe770a3a11e12d0b94dbf5a1eec4c0ae7c81aee87c07d7
44,56,0.94,6000,11339.265833333333,3565.181120771186,46.02629035653299,"[10924.635,11872.185,11308.08,11323.41,11269.03,11507.41,11194.11,11245.625,11029.255,11414.925,11899.43,11289.815,10985.98,11372.08,11742.69,11301.6,11088.665,11728.455,11692.16,11714.825,11674.98,11033.44,11320.975,11416.67,11062.985,11329.22,10808.91,11190.36,11531.555,10904.515]",11335.849816244656,-0.0003012555785256622,0.0003012555785256622,11146.798211050878,11531.733455615788,0.0169864869080667,fc6ed5692c5e33a9fffe770a3a11e12d0b94dbf5a1eec4c0ae7c81aee87c07d7
44,56,1.0,6000,12109.645333333334,3906.4736801426375,50.43235835196678,"[12030.15,12299.525,12108.65,11887.295,12232.58,12329.23,11818.865,12574.705,12490.63,12203.205,12122.045,11834.08,11847.11,11642.535,12184.705,12060.59,12361.03,12373.695,11941.495,11682.61,11864.665,11957.305,12137.57,12908.76,11652.18,12238.895,12372.545,12403.615,11626.05,12103.045]",12071.254008543461,-0.0031703095947984276,0.0031703095947984276,11898.752905920443,12320.537760746225,0.020233187628951765,fc6ed5692c5e33a9fffe770a3a11e12d0b94dbf5a1eec4c0ae7c81aee87c07d7
44,56,1.06,6000,11839.885666666667,3746.5287744663337,48.36747849864998,"[12402.13,11483.295,11681.355,11612.63,12022.915,11878.27,11766.84,12020.995,12196.93,11615.77,11725.725,11544.68,11701.495,11827.84,11849.975,12333.015,11343.41,11971.985,11744.205,11359.68,11554.535,12001.51,12201.265,12008.94,12071.795,12017.985,12381.3,11740.405,11402.98,11732.715]",11792.922690373864,-0.003966505894986832,0.003966505894986832,11637.627924182505,12042.143409150829,0.020695710913688603,fc6ed5692c5e33a9fffe770a3a11e12d0b94dbf5a1eec4c0ae7c81aee87c07d7
44,56,1.275,6000,10856.873333333333,3192.157462359844,41.21057563397135,"[11008.965,10701.12,10962.96,10888.055,11453.11,10924.42,10539.415,11289.215,10508.36,11129.005,10608.71,10500.44,11033.545,10770.395,10604.1,10862.135,10631.245,10800.68,10926.495,10840.93,10674.55,10617.805,11432.375,10742.47,11009.61,10880.645,11006.76,10777.515,10843.875,10737.295]",10892.225162324867,0.0032561703453787825,0.0032561703453787825,10684.543531306697,11029.203135359969,0.019437576384020883,fc6ed5692c5e33a9fffe770a3a11e12d0b94dbf5a1eec4c0ae7c81aee87c07d7
44,56,1.675,6000,9523.7235,2557.847306529784,33.02166673443784,"[9653.245,9264.875,9281.24,9656.305,9404.345,9439.42,9415.865,9952.295,9361.02,9629.035,9495.925,9742.31,9553.83,9544.925,9408.675,9706.685,9614.365,9162.615,9697.41,9604.22,9529.9,9572.095,9647.405,9499.815,9398.11,9666.515,9263.815,9498.94,9330.93,9715.575]",9544.91605275459,0.0022252381386954376,0.0022252381386954376,9385.637166494767,9661.809833505233,0.016970492619128974,fc6ed5692c5e33a9fffe770a3a11e12d0b94dbf5a1eec4c0ae7c81aee87c07d7
44,56,1.875,6000,8913.464,2236.7207081555166,28.87594017601192,"[8625.69,8972.565,8925.33,8994.155,8983.165,8954.285,8619.21,8710.785,8905.81,9182.54,8865.87,8825.75,9015.935,8761.635,9126.205,8795.38,8950.195,9171.83,9029.735,8758.095,8839.005,9209.555,9134.325,9175.88,8932.275,8625.135,8785.5,8843.305,8905.625,8779.15]",8996.47926881294,0.009313468794280216,0.009313468794280216,8792.713804757324,9034.214195242675,0.023174354196012548,fc6ed5692c5e33a9fffe770a3a11e12d0b94dbf5a1eec4c0ae7c81aee87c07d7
44,112,0.325,6000,3653.348,417.829742652404,5.3941587828096385,"[3642.255,3656.275,3596.61,3651.995,3628.015,3717.875,3669.925,3647.37,3651.525,3631.41,3692.185,3686.925,3622.66,3605.65,3651.345,3622.255,3693.69,3662.3,3590.76,3649.11,3669.995,3672.66,3659.995,3614.265,3641.625,3688.73,3651.47,3651.915,3713.26,3666.39]",3583.9874146513976,-0.01898548546390938,0.01898548546390938,3630.791306703643,3675.904693296357,0.02500534870030402,fc6ed5692c5e33a9fffe770a3a11e12d0b94dbf5a1eec4c0ae7c81aee87c07d7
44,112,0.525,6000,5181.000666666667,705.0391521283726,9.102016315391282,"[5066.045,5223.855,5188.75,5222.815,5169.915,5159.21,5199.825,5187.01,5187.63,5198.685,5160.68,5215.505,5181.31,5163.36,5214.435,5220.24,5137.69,5164.995,5201.095,5119.16,5263.395,5248.845,5209.9,5137.62,5135.48,5168.685,5143.48,5272.36,5160.485,5107.56]",5148.240336324037,-0.006323166594708563,0.006323166594708563,5142.9388671032175,5219.062466230116,0.013569895046156799,fc6ed5692c5e33a9fffe770a3a11e12d0b94dbf5a1eec4c0ae7c81aee87c07d7
44,112,0.725,6000,8960.063,1602.5855941141106,20.689291056252898,"[9039.54,8889.385,8906.51,8824.885,8859.23,8981.335,8792.28,8895.285,8937.715,9010.095,8858.06,9082.84,8823.11,9249.67,9001.085,8898.125,9023.765,8913.0,8961.01,9288.12,9040.37,8954.145,9052.685,8891.62,8864.73,8910.06,8904.54,9054.46,8917.98,8976.255]",8960.0,-7.031200561882418e-06,7.031200561882418e-06,8873.546823582983,9046.579176417017,0.009742798244694262,fc6ed5692c5e33a9fffe770a3a11e12d0b94dbf5a1eec4c0ae7c81aee87c07d7
44,112,0.94,6000,36138.52483333334,11194.805664474969,144.52431967513337,"[35691.445,36300.185,37183.03,37318.505,36586.87,35434.93,35944.68,36270.125,38384.765,35800.14,36374.2,35161.955,36477.76,35507.765,35312.71,35724.91,37313.035,36059.915,35346.555,35942.2,35943.22,36202.695,36493.685,37188.28,35372.205,34924.12,35922.18,35765.24,35880.65,36327.79]",34768.29172247005,-0.03791613291307937,0.03791613291307937,35534.16910632623,36742.88056034044,0.0537407195015005,fc6ed5692c5e33a9fffe770a3a11e12d0b94dbf5a1eec4c0ae7c81aee87c07d7
44,112,1.0,6000,48149.87383333333,15379.13494131489,198.5437783559638,"[46488.76,46814.945,47844.47,48991.56,49768.115,47604.12,49760.68,49005.75,48496.105,47721.345,47366.185,48868.585,47933.35,46912.485,47457.81,47548.65,47809.19,47852.31,48230.24,48548.01,47545.05,47497.095,48907.36,47832.645,48207.9,48743.035,49802.44,49069.615,47082.005,48786.405]",48379.10628742871,0.004760811105940719,0.004760811105940719,47319.62554169096,48980.1221249757,0.02238988017359289,fc6ed5692c5e33a9fffe770a3a11e12d0b94dbf5a1eec4c0ae7c81aee87c07d7
44,112,1.06,6000,46171.01383333333,14357.951818395914,185.3603609276529,"[45659.04,45701.255,46193.64,48222.98,46931.835,46409.65,45884.79,45237.75,46307.695,45422.75,45876.8,45454.245,45226.935,45597.455,46632.655,45247.005,45196.59,45935.86,46287.835,46533.875,46763.82,45635.305,47333.795,46838.01,46408.355,48356.56,45371.685,45561.33,44949.13,47951.785]",46146.644730445674,-0.0005278009050358587,0.0005278009050358587,45395.89449052278,46946.13317614388,0.017029910486950794,fc6ed5692c5e33a9fffe770a3a11e12d0b94dbf5a1eec4c0ae7c81aee87c07d7
44,112,1.275,6000,39174.03333333333,10657.831075790964,137.59200754410094,"[38794.31,38133.12,40497.245,39732.355,38892.6,40515.18,37525.025,39301.205,38024.7,37724.93,39063.725,38969.395,40358.01,38617.46,38697.135,39236.135,39263.625,38785.685,38460.9,39725.215,39787.355,39776.57,39358.255,40618.045,39029.45,39590.745,38755.165,38725.785,39109.35,40152.325]",39731.70128195471,0.014235653088773332,0.014235653088773332,38598.666378231246,39749.40028843542,0.029354250030837026,fc6ed5692c5e33a9fffe770a3a11e12d0b94dbf5a1eec4c0ae7c81aee87c07d7
44,112,1.675,6000,31761.070333333333,7247.8297583083995,93.5690798335832,"[31985.91,31709.935,32036.885,32032.18,32229.475,31989.7,31543.16,32378.2,31219.11,31859.07,32224.275,32033.295,31859.305,31269.745,30767.45,32806.85,31362.98,31759.035,32126.535,31557.365,31598.275,31020.955,32179.89,31985.165,31214.77,31536.11,31727.52,31333.03,31566.58,31919.355]",31953.542352209446,0.006059997879671992,0.006059997879671992,31369.793561400944,32152.347105265722,0.018608627107026265,fc6ed5692c5e33a9fffe770a3a11e12d0b94dbf5a1eec4c0ae7c81aee87c07d7
44,112,1.875,6000,28935.429333333333,6192.073429385242,79.9393242350083,"[27937.235,28221.06,28025.45,28744.705,28446.21,28394.455,29487.36,28582.06,29453.78,29358.15,29221.055,29014.2,29226.87,28855.035,29275.84,29252.93,29544.68,28763.66,28841.27,28638.905,28406.755,29138.06,28949.97,29673.885,28763.4,29459.63,28946.085,28523.44,29673.18,29243.565]",29261.37017532423,0.011264420452729107,0.011264420452729107,28601.14795755449,29269.710709112176,0.023083766384116577,fc6ed5692c5e33a9fffe770a3a11e12d0b94dbf5a1eec4c0ae7c81aee87c07d7
45,14,0.325,6000,448.19666666666666,133.3518170357645,1.721564555220048,"[434.52,454.28,451.54,457.46,451.12,443.56,440.895,463.13,442.98,458.32,455.07,437.765,445.72,448.125,449.87,459.33,439.09,451.64,430.585,443.785,441.655,437.56,447.315,461.115,447.295,458.845,438.115,454.16,461.465,439.59]",450.4009568495366,0.004918131585546421,0.004918131585546421,440.99761947033045,455.39571386300287,0.02132287559851287,fc6ed5692c5e33a9fffe770a3a11e12d0b94dbf5a1eec4c0ae7c81aee87c07d7
45,14,0.525,6000,572.9661666666667,179.4111490832573,2.316187975077972,"[576.58,561.4,574.975,568.41,546.195,565.365,583.15,572.185,555.71,580.85,578.61,583.17,589.025,568.36,583.56,591.975,563.86,567.55,572.565,590.955,558.375,555.845,601.855,565.375,566.5,565.9,571.49,561.195,578.375,589.625]",565.9243277273508,-0.012290147916207757,0.012290147916207757,563.280589383135,582.6517439501985,0.028709115516313277,fc6ed5692c5e33a9fffe770a3a11e12d0b94dbf5a1eec4c0ae7c81aee87c07d7
45,14,0.725,6000,697.1561666666666,218.67855670786028,2.823128027674057,"[697.405,685.115,690.835,695.835,715.265,704.76,698.9,697.38,712.86,691.3,694.55,711.945,696.285,697.965,745.165,707.82,695.16,697.66,687.395,692.03,683.45,669.035,689.48,692.335,705.57,687.735,683.725,697.215,695.06,695.45]",693.7819356123124,-0.004839993125912613,0.004839993125912613,685.3507238496081,708.9616094837252,0.0214111366093106,fc6ed5692c5e33a9fffe770a3a11e12d0b94dbf5a1eec4c0ae7c81aee87c07d7
45,14,0.94,6000,756.401,246.2208378316041,3.178697348036799,"[779.22,758.295,777.42,736.19,785.7,788.695,782.355,758.095,746.57,756.99,764.88,768.565,746.145,751.87,739.655,754.92,740.75,769.775,717.935,752.045,755.575,745.35,755.515,730.025,752.87,756.05,763.195,755.69,725.45,776.24]",752.505413263113,-0.005150160743953158,0.005150160743953158,743.1086769430462,769.6933230569537,0.02233085474299845,fc6ed5692c5e33a9fffe770a3a11e12d0b94dbf5a1eec4c0ae7c81aee87c07d7
45,14,1.0,6000,756.7208333333333,249.30532369641872,3.218517889323597,"[748.73,777.885,757.23,750.935,764.54,759.675,763.43,760.14,719.705,739.295,764.06,760.225,766.055,750.235,742.025,738.705,729.37,770.56,777.485,765.445,775.93,745.39,732.19,771.605,729.745,747.685,775.745,765.505,790.83,761.27]",756.8736863220204,0.00020199389517764417,0.00020199389517764417,743.2619931653958,770.1796735012708,0.018313452432372257,fc6ed5692c5e33a9fffe770a3a11e12d0b94dbf5a1eec4c0ae7c81aee87c07d7
45,14,1.06,6000,753.3523333333334,247.95448661490474,3.2010786575897865,"[756.7,779.58,783.795,770.79,732.185,717.545,767.62,748.935,763.065,721.15,749.055,734.02,727.435,764.6,741.77,790.08,774.455,718.175,765.59,758.055,771.85,756.46,738.72,788.175,757.29,743.635,759.325,752.1,738.865,729.55]",752.6626089842356,-0.0009155402042043016,0.0009155402042043016,739.9664186051878,766.738248061479,0.018357815216379803,fc6ed5692c5e33a9fffe770a3a11e12d0b94dbf5a1eec4c0ae7c81aee87c07d7
45,14,1.275,6000,741.547,238.93832756256666,3.084680544734911,"[752.495,737.685,750.565,747.51,716.925,752.24,775.355,739.31,735.02,756.505,749.5,735.175,760.205,736.07,756.335,730.275,722.725,722.705,723.34,747.205,706.665,750.235,754.95,758.055,736.295,732.655,741.25,748.525,740.295,730.34]",737.8510234920261,-0.0049841432949953406,0.0049841432949953406,728.6478259551857,754.4461740448144,0.021996467241415796,fc6ed5692c5e33a9fffe770a3a11e12d0b94dbf5a1eec4c0ae7c81aee87c07d7
45,14,1.675,6000,710.2065,216.30270533322604,2.7924559183173154,"[717.965,711.3,690.98,718.25,708.27,699.075,721.315,701.37,704.36,710.4,716.87,743.3,732.97,693.405,732.33,702.07,707.08,709.46,707.98,725.72,706.645,695.305,693.515,714.895,688.63,696.68,723.705,729.885,714.07,688.395]",711.4440546462195,0.0017425279073332203,0.0017425279073332203,698.5293183987064,721.8836816012936,0.01848846699393869,fc6ed5692c5e33a9fffe770a3a11e12d0b94dbf5a1eec4c0ae7c81aee87c07d7
45,14,1.875,6000,702.9001666666667,214.11989964007518,2.764276017992049,"[678.98,697.275,710.605,677.035,696.725,708.535,707.105,686.3,706.585,675.98,700.68,710.865,692.175,711.28,701.755,702.245,705.305,713.62,721.3,681.875,716.64,739.545,720.995,690.93,690.2,697.94,705.67,730.155,700.295,708.41]",698.7935689673825,-0.0058423626768488645,0.0058423626768488645,691.3408246385767,714.4595086947567,0.02192698051705433,fc6ed5692c5e33a9fffe770a3a11e12d0b94dbf5a1eec4c0ae7c81aee87c07d7
45,28,0.325,6000,934.6276666666666,212.94816784432214,2.7491490255548046,"[920.085,922.15,919.845,924.605,939.1,943.615,946.715,936.845,960.535,938.95,946.625,926.19,927.605,960.91,939.28,914.445,949.81,939.34,939.81,929.05,925.75,934.7,941.99,925.335,960.79,946.55,910.42,898.82,946.91,922.055]",933.3333333333333,-0.0013848652030060283,0.0013848652030060283,923.1315810132297,946.1237523201036,0.013518758994693236,fc6ed5692c5e33a9fffe770a3a11e12d0b94dbf5a1eec4c0ae7c81aee87c07d7
45,28,0.525,6000,1323.8878333333334,357.00359173644785,4.608896551104981,"[1293.61,1306.06,1336.195,1322.485,1318.85,1359.41,1293.93,1334.025,1319.0,1319.49,1269.895,1322.285,1320.575,1332.955,1348.03,1345.495,1311.55,1349.51,1290.71,1337.98,1281.595,1303.455,1313.4,1378.445,1340.105,1352.255,1328.805,1341.955,1302.07,1342.51]",1326.3157894736842,0.0018339591007778347,0.0018339591007778347,1304.6148623060024,1343.1608043606645,0.016633972059251212,fc6ed5692c5e33a9fffe770a3a11e12d0b94dbf5a1eec4c0ae7c81aee87c07d7
45,28,0.725,6000,2098.594,632.7849468517408,8.169218536291792,"[2097.425,2103.67,2054.19,2061.945,2114.32,2104.62,2129.15,2126.88,2160.875,2131.455,2157.355,2005.42,2030.65,1997.43,2086.525,2026.045,2166.275,2120.985,2056.21,2146.4,2099.75,2141.115,2149.3,2112.475,2093.645,2122.375,2080.825,2114.745,2059.56,2106.205]",2051.454740123119,-0.022462305656492473,0.022462305656492473,2064.432870449774,2132.7551295502262,0.038119889292800635,fc6ed5692c5e33a9fffe770a3a11e12d0b94dbf5a1eec4c0ae7c81aee87c07d7
45,28,0.94,6000,3023.665,983.2417853761868,12.693596866857396,"[3069.93,2991.87,2972.44,3053.515,3019.215,2983.68,3000.46,3062.36,2996.68,3057.91,3043.82,3041.155,2986.785,3090.29,3162.54,3074.255,3030.35,3070.225,2892.485,3154.61,2907.505,2950.035,3045.665,2942.605,2985.935,2940.45,3080.915,3000.66,3057.045,3044.56]",3056.384916905981,0.010821277127585523,0.010821277127585523,2970.5843283175536,3076.7456716824463,0.02888340444353643,fc6ed5692c5e33a9fffe770a3a11e12d0b94dbf5a1eec4c0ae7c81aee87c07d7
45,28,1.0,6000,3063.4875,981.3911608590049,12.669705407073634,"[2994.265,3126.735,3069.815,3077.71,3001.23,3164.235,3009.94,3197.615,3027.575,3108.93,3041.24,3104.81,3053.005,3037.94,3031.21,3115.79,2964.335,2952.385,3080.585,3012.965,3082.14,3096.495,3047.59,2962.65,3162.065,3003.395,3118.415,3092.485,3151.055,3016.02]",3051.616766050667,-0.003874908563959554,0.003874908563959554,3010.506734967032,3116.4682650329682,0.02080929227162054,fc6ed5692c5e33a9fffe770a3a11e12d0b94dbf5a1eec4c0ae7c81aee87c07d7
45,28,1.06,6000,3031.025833333333,963.7184473210646,12.441551656357843,"[3012.29,2978.73,2950.4,3013.355,3099.295,3083.59,3004.645,2949.165,3084.145,2995.74,2968.465,3017.835,3192.32,3134.225,2956.63,3067.425,3041.08,3023.785,3149.575,3003.875,2938.46,2979.365,3006.015,2998.35,3028.605,2927.59,3033.935,3184.54,2948.79,3158.555]",3017.6158495207774,-0.004424239366448521,0.004424239366448521,2978.9991362814026,3083.0525303852637,0.02122464026141946,fc6ed5692c5e33a9fffe770a3a11e12d0b94dbf5a1eec4c0ae7c81aee87c07d7
45,28,1.275,6000,2881.284166666667,879.7522553278459,11.357552778910541,"[2807.915,2938.275,2853.63,2869.88,2886.535,2853.685,2903.6,2849.065,2914.775,2749.425,2953.68,2869.155,2847.57,2854.145,2901.99,2854.82,2930.015,2815.91,2903.46,2928.105,2945.315,2796.265,2896.135,2899.515,2916.625,2944.985,2995.455,2824.23,2885.2,2849.165]",2900.9759152295605,0.006834365312073662,0.006834365312073662,2833.790415565474,2928.7779177678594,0.023708704530528868,fc6ed5692c5e33a9fffe770a3a11e12d0b94dbf5a1eec4c0ae7c81aee87c07d7
45,28,1.675,6000,2713.913,791.9537654173757,10.224079148092505,"[2725.13,2727.075,2758.485,2702.2,2721.395,2685.18,2711.8,2768.875,2726.11,2823.64,2771.245,2786.96,2603.27,2771.34,2744.42,2680.645,2660.295,2630.815,2706.735,2640.365,2746.6,2637.06,2756.66,2787.635,2735.025,2703.965,2619.365,2699.775,2678.155,2707.17]",2704.224600027992,-0.0035699007197386315,0.0035699007197386315,2671.159082870946,2756.666917129054,0.0190238134230879,fc6ed5692c5e33a9fffe770a3a11e12d0b94dbf5a1eec4c0ae7c81aee87c07d7
45,28,1.875,6000,2606.474,738.7397907272452,9.537089688891244,"[2496.59,2638.54,2738.685,2547.19,2669.335,2551.095,2620.17,2528.275,2655.445,2618.69,2615.905,2612.985,2614.615,2556.345,2626.885,2529.02,2588.625,2560.5,2603.785,2643.925,2644.695,2641.795,2602.965,2619.845,2704.685,2553.26,2658.6,2529.5,2611.61,2610.66]",2614.9124288085395,0.0032374881961375235,0.0032374881961375235,2566.592858989146,2646.3551410108544,0.018826347798078125,fc6ed5692c5e33a9fffe770a3a11e12d0b94dbf5a1eec4c0ae7c81aee87c07d7
45,56,0.325,6000,1869.252,300.28456276078987,3.8766570356523835,"[1861.83,1855.315,1854.925,1873.885,1859.03,1868.89,1862.975,1883.905,1847.95,1872.12,1863.615,1864.465,1869.505,1884.415,1860.72,1859.18,1917.395,1853.205,1866.765,1864.06,1877.885,1877.705,1840.42,1869.865,1882.53,1876.72,1875.09,1861.7,1880.5,1890.995]",1838.8278625119417,-0.016276102680675614,0.016276102680675614,1853.0410267436976,1885.4629732563023,0.02473403689483178,fc6ed5692c5e33a9fffe770a3a11e12d0b94dbf5a1eec4c0ae7c81aee87c07d7
45,56,0.525,6000,2656.3541666666665,513.0395644246972,6.623312296541198,"[2667.485,2752.83,2680.515,2617.79,2679.29,2669.87,2636.455,2633.22,2596.825,2690.205,2657.265,2687.385,2635.39,2690.35,2707.86,2644.69,2654.15,2635.335,2692.085,2631.06,2668.54,2681.275,2650.055,2608.99,2651.785,2625.07,2660.51,2623.795,2677.845,2582.705]",2652.6315789473683,-0.0014013898319776724,0.0014013898319776724,2628.657535904668,2684.050797428665,0.011705895622913243,fc6ed5692c5e33a9fffe770a3a11e12d0b94dbf5a1eec4c0ae7c81aee87c07d7
45,56,0.725,6000,4573.9875,1162.197709340519,15.003907910920793,"[4534.995,4590.165,4644.245,4611.14,4646.37,4460.42,4599.49,4554.395,4580.04,4439.715,4536.585,4391.465,4814.88,4595.285,4718.82,4485.7,4468.38,4557.19,4607.045,4641.64,4578.63,4536.875,4578.66,4563.535,4693.985,4646.575,4552.3,4497.24,4626.25,4467.61]",4581.818181818181,0.0017120033271146656,0.0017120033271146656,4511.245826530547,4636.729173469454,0.015643651000484038,fc6ed5692c5e33a9fffe770a3a11e12d0b94dbf5a1eec4c0ae7c81aee87c07d7
45,56,0.94,6000,11485.3435,3584.875664012466,46.28054581648179,"[11837.54,11166.37,11113.0,11620.92,11990.45,11438.04,11299.69,11273.57,11812.51,11628.075,11333.88,11820.7,11345.325,11590.995,11479.945,11663.525,11990.625,11216.45,11950.44,11560.195,11580.83,10966.86,11289.625,11479.63,11250.655,11512.235,11267.465,11265.57,11638.525,11176.665]",11530.483563668418,0.003930231922834306,0.003930231922834306,11291.812660511692,11678.87433948831,0.021136633269818184,fc6ed5692c5e33a9fffe770a3a11e12d0b94dbf5a1eec4c0ae7c81aee87c07d7
45,56,1.0,6000,12224.745,3919.2564157142133,50.5973827585924,"[12197.41,12466.175,11921.87,12810.965,12288.115,13038.875,11854.365,11877.095,12222.645,12479.37,12472.825,12288.67,12279.99,12025.075,12431.54,12391.165,12834.055,11744.04,12260.635,12212.29,12005.19,12040.58,12191.115,12027.52,11755.67,12063.27,11969.86,11947.56,12331.475,12312.94]",12254.711105727842,0.0024512663231699996,0.0024512663231699996,12013.162491876374,12436.327508123628,0.020106996306327396,fc6ed5692c5e33a9fffe770a3a11e12d0b94dbf5a1eec4c0ae7c81aee87c07d7
45,56,1.06,6000,12064.5785,3826.2537913539386,49.39672404092264,"[12058.94,11664.615,11851.345,12250.04,12101.21,11931.035,12254.74,12083.21,11922.195,12087.9,12004.615,12243.54,11823.96,11780.44,11876.54,12241.01,11798.825,12500.365,12319.565,12585.945,11896.255,12245.67,12302.725,11850.815,11951.71,12077.835,12501.765,11898.36,11975.025,11857.16]",11980.331603977538,-0.006982995387900327,0.006982995387900327,11858.01677297284,12271.14022702716,0.023698582011891234,fc6ed5692c5e33a9fffe770a3a11e12d0b94dbf5a1eec4c0ae7c81aee87c07d7
45,56,1.275,6000,11057.786166666667,3216.3247072622707,41.52257342407407,"[10993.21,11012.37,10340.3,10967.395,11249.22,11148.31,10838.63,10862.64,11317.51,10999.71,11504.975,10799.645,11045.98,11473.93,11138.98,10691.615,11096.705,10996.295,11253.655,10906.76,11294.66,10766.825,11080.9,11065.61,10994.855,11634.285,11019.925,11018.335,10958.665,11261.69]",11090.136855933519,0.0029256027182341503,0.0029256027182341503,10884.151686979649,11231.420646353685,0.018925238721202664,fc6ed5692c5e33a9fffe770a3a11e12d0b94dbf5a1eec4c0ae7c81aee87c07d7
45,56,1.675,6000,9721.800833333333,2579.7344689239494,33.3042287859323,"[9856.005,9660.955,9920.81,9589.255,9610.415,9789.315,9901.745,9547.105,9769.385,9580.595,9849.1,9701.88,9907.035,9926.185,10060.405,9856.915,9643.645,9501.34,9806.575,9715.38,9993.05,9245.825,9523.575,9679.705,9713.06,9329.2,9782.83,9457.585,10070.725,9664.425]",9751.33571716749,0.0030380054416349524,0.0030380054416349524,9582.532913265786,9861.06875340088,0.017615676922749568,fc6ed5692c5e33a9fffe770a3a11e12d0b94dbf5a1eec4c0ae7c81aee87c07d7
45,56,1.875,6000,9165.869166666667,2276.453716998637,29.38889111449231,"[9016.315,9284.94,9175.585,9093.255,8918.7,9274.245,8965.48,8984.69,9110.05,9496.74,9226.92,9312.595,9179.75,8990.005,9089.46,9133.79,9242.685,9393.12,9155.69,9160.775,9339.9,9248.19,9128.785,9061.6,9107.955,9191.48,9071.44,9100.65,9407.08,9114.205]",9203.636044910847,0.004120381554378469,0.004120381554378469,9042.973970236364,9288.76436309697,0.01776650858481732,fc6ed5692c5e33a9fffe770a3a11e12d0b94dbf5a1eec4c0ae7c81aee87c07d7
45,112,0.325,6000,3735.3938333333335,430.0458180584682,5.551867638155308,"[3751.92,3771.535,3707.6,3706.725,3711.505,3749.45,3713.31,3750.4,3742.705,3698.945,3725.545,3706.25,3682.81,3718.84,3754.28,3705.025,3709.155,3723.295,3716.49,3832.905,3747.7,3663.51,3745.29,3724.94,3795.255,3765.165,3718.525,3785.165,3742.69,3794.885]",3664.54782409514,-0.018966141831147393,0.018966141831147393,3712.1776506849965,3758.6100159816706,0.02502579184501086,fc6ed5692c5e33a9fffe770a3a11e12d0b94dbf5a1eec4c0ae7c81aee87c07d7
45,112,0.525,6000,5311.584666666667,719.5545955433473,9.289409884087993,"[5265.86,5344.47,5427.435,5334.16,5278.015,5249.44,5338.56,5362.975,5264.925,5249.805,5385.015,5292.455,5237.045,5370.885,5296.365,5317.18,5358.86,5333.62,5293.35,5373.675,5283.295,5279.4,5368.865,5250.39,5280.255,5239.195,5314.675,5296.565,5349.55,5311.255]",5264.697988046323,-0.008827248657935374,0.008827248657935374,5272.739245518278,5350.430087815055,0.016023403420217797,fc6ed5692c5e33a9fffe770a3a11e12d0b94dbf5a1eec4c0ae7c81aee87c07d7
45,112,0.725,6000,9186.132833333333,1680.2007289617432,21.691298138514643,"[9340.61,9175.17,9116.78,9339.965,9172.98,9189.09,9043.595,9048.93,9207.67,9139.025,9205.12,9094.83,9190.67,9238.515,9207.135,8960.34,9277.76,9065.83,9102.15,9198.93,9427.63,9134.56,9246.64,9088.275,9299.385,9224.225,9184.665,9316.685,9225.81,9121.015]",9163.636363636362,-0.0024489597641500424,0.0024489597641500424,9095.426575136116,9276.83909153055,0.012202726249454732,fc6ed5692c5e33a9fffe770a3a11e12d0b94dbf5a1eec4c0ae7c81aee87c07d7
45,112,0.94,6000,36869.427,11243.397707425405,145.15164025215083,"[36472.27,36370.36,36985.235,35915.89,36716.29,37041.38,37196.625,36810.615,37900.175,37040.23,37420.475,36099.525,36851.11,37373.81,38132.135,37033.765,37207.05,36742.825,37083.62,36578.79,35746.885,36074.27,37166.7,36856.96,37331.89,36921.805,36587.54,35551.485,36660.455,38212.645]",35463.6208749658,-0.038129318501049655,0.038129318501049655,36262.448013570254,37476.40598642975,0.053708061338453295,fc6ed5692c5e33a9fffe770a3a11e12d0b94dbf5a1eec4c0ae7c81aee87c07d7
45,112,1.0,6000,49070.73583333333,15844.710830776763,204.55433724356897,"[49538.28,50104.93,49515.85,47315.515,48471.025,49802.16,48316.625,49541.525,47505.035,48723.735,49948.16,48474.155,47739.645,49716.87,50533.455,49271.195,48457.305,49261.21,48232.01,47903.9,48847.16,49434.42,48698.015,50012.275,50791.61,50029.105,48702.02,47917.575,49612.165,49705.145]",49115.332505961705,0.0009088242079728314,0.0009088242079728314,48215.35325498819,49926.11841167847,0.018665823025581618,fc6ed5692c5e33a9fffe770a3a11e12d0b94dbf5a1eec4c0ae7c81aee87c07d7
45,112,1.06,6000,46633.4095,14391.061471211488,185.78780470749766,"[48307.605,45953.79,48318.12,44377.01,46592.305,47274.205,46112.305,46438.775,45622.865,47779.985,47258.035,47841.1,47066.48,45311.62,47685.68,47176.915,45120.43,46848.155,46253.575,46314.635,46252.32,46303.115,46424.32,47257.31,43881.14,46626.03,47422.04,48831.295,44913.415,47437.71]",46913.70369386299,0.00601058762094134,0.00601058762094134,45856.50272032829,47410.316279671715,0.023054548664175334,fc6ed5692c5e33a9fffe770a3a11e12d0b94dbf5a1eec4c0ae7c81aee87c07d7
45,112,1.275,6000,40562.067833333334,10704.13323532637,138.18976585334784,"[40717.15,40559.09,39802.07,40794.745,42252.395,40921.44,40109.665,41954.795,41073.035,40943.53,41120.305,40346.015,40381.965,40538.665,39891.19,40704.91,39466.345,40500.395,41162.9,40504.805,39802.375,39859.65,40710.25,41002.97,39750.19,40753.885,39655.75,39828.585,41580.86,40172.11]",40552.97286720219,-0.00022422343378835217,0.00022422343378835217,39984.20123901225,41139.93442765442,0.014267440350067107,fc6ed5692c5e33a9fffe770a3a11e12d0b94dbf5a1eec4c0ae7c81aee87c07d7
45,112,1.675,6000,32461.6055,7301.454843956977,94.26137671243616,"[32411.595,33091.165,32471.78,32472.19,31909.97,33092.37,32922.3,32601.655,32321.77,32806.54,33221.245,32657.22,31696.69,32093.53,32472.085,33079.25,32465.965,31658.45,32364.98,32974.395,32716.03,32189.605,32646.26,32364.965,32442.505,31984.455,32680.545,32273.07,31976.58,31789.005]",32767.718413355065,0.009429999183344888,0.009429999183344888,32067.43375797217,32855.777242027834,0.021837876415938595,fc6ed5692c5e33a9fffe770a3a11e12d0b94dbf5a1eec4c0ae7c81aee87c07d7
45,112,1.875,6000,29870.681166666665,6308.975018374674,81.4485172593458,"[29662.48,30039.01,29827.99,30073.845,29465.53,30659.735,30133.155,29876.985,29800.7,29485.97,29970.305,29993.61,29408.935,29590.2,30150.22,30098.715,29823.665,29921.4,29184.23,29526.78,29525.03,29891.9,29706.185,29755.955,30845.27,29530.085,30097.51,30063.745,30317.575,29693.72]",30053.75663749436,0.006128935252805429,0.006128935252805429,29530.088815340816,30211.273517992515,0.017733364278996078,fc6ed5692c5e33a9fffe770a3a11e12d0b94dbf5a1eec4c0ae7c81aee87c07d7
46,14,0.325,6000,458.5953333333333,136.6639738623443,1.7643243159846174,"[458.86,462.755,470.395,461.795,462.195,455.545,447.965,467.25,458.22,467.83,454.37,450.335,447.385,455.065,440.22,456.33,456.32,452.285,452.505,466.11,460.05,454.66,461.595,464.715,464.62,455.555,458.32,459.175,471.45,463.985]",459.8553866413766,0.0027476365685722964,0.0027476365685722964,451.21747812488115,465.9731885417855,0.019143559226455276,fc6ed5692c5e33a9fffe770a3a11e12d0b94dbf5a1eec4c0ae7c81aee87c07d7
46,14,0.525,6000,587.4018333333333,182.0294293481973,2.3499898279506928,"[579.41,563.495,576.04,601.725,571.025,594.575,597.275,579.86,578.5,602.065,593.82,588.595,576.285,574.3,598.665,584.455,589.645,586.795,597.56,579.115,598.295,583.385,578.285,595.13,570.095,596.305,590.04,610.77,591.525,595.02]",576.8855824621502,-0.017902992933315372,0.017902992933315372,577.5749072206703,597.2287594459964,0.03406262116833925,fc6ed5692c5e33a9fffe770a3a11e12d0b94dbf5a1eec4c0ae7c81aee87c07d7
46,14,0.725,6000,706.3201666666666,229.60009297418526,2.96412445458898,"[709.615,719.735,731.055,672.97,698.39,724.865,695.3,696.125,685.44,718.275,702.28,720.035,734.235,701.945,720.51,726.69,721.545,682.135,724.03,713.815,730.62,721.93,666.935,679.44,694.33,702.955,667.16,707.84,704.22,715.185]",705.5152231160107,-0.001139629857171856,0.001139629857171856,693.9251206721974,718.7152126611359,0.018366091760115277,fc6ed5692c5e33a9fffe770a3a11e12d0b94dbf5a1eec4c0ae7c81aee87c07d7
46,14,0.94,6000,767.9045,253.4480828523538,3.272000680051213,"[784.04,792.645,780.48,758.135,711.995,752.575,775.96,778.295,786.96,759.04,782.895,777.31,767.34,754.315,744.8,792.03,778.705,756.82,776.765,765.045,765.31,742.225,777.68,776.865,733.535,796.545,772.98,783.005,760.15,752.69]",763.5842863859274,-0.005625977727793756,0.005625977727793756,754.2220114457895,781.5869885542105,0.02303352337221576,fc6ed5692c5e33a9fffe770a3a11e12d0b94dbf5a1eec4c0ae7c81aee87c07d7
46,14,1.0,6000,770.6875,252.36772724612769,3.2580533491482275,"[779.485,764.985,770.895,772.82,822.23,752.44,766.195,737.805,738.9,821.02,760.27,753.47,793.755,741.22,764.41,774.625,740.42,767.105,779.4,772.5,755.225,764.295,766.99,782.24,780.265,783.43,786.88,777.4,753.68,796.27]",768.0180969801311,-0.003463664610972571,0.003463664610972571,757.0633348430324,784.3116651569676,0.020774353998133654,fc6ed5692c5e33a9fffe770a3a11e12d0b94dbf5a1eec4c0ae7c81aee87c07d7
46,14,1.06,6000,771.4481666666667,254.53341337250674,3.286012236816823,"[758.16,770.145,778.015,769.06,766.985,765.005,765.19,789.14,749.065,755.83,753.98,790.195,773.695,778.205,804.835,768.365,791.765,773.155,772.46,768.78,771.165,773.285,802.765,743.905,777.17,748.69,798.7,751.055,764.865,769.815]",763.8655082705193,-0.009829122323164154,0.009829122323164154,757.7070861426436,785.1892471906898,0.027157451527086263,fc6ed5692c5e33a9fffe770a3a11e12d0b94dbf5a1eec4c0ae7c81aee87c07d7
46,14,1.275,6000,755.1215,241.23688553696329,3.1143548005853456,"[756.68,758.72,742.645,721.27,748.825,740.055,762.86,753.875,761.875,739.655,744.46,752.555,750.705,763.58,752.94,783.405,716.23,730.665,763.615,774.06,772.31,767.125,808.515,735.855,765.72,727.9,777.505,755.635,768.42,755.985]",749.2535091855273,-0.007770922711739376,0.007770922711739376,742.0982374522389,768.144762547761,0.024593350476771803,fc6ed5692c5e33a9fffe770a3a11e12d0b94dbf5a1eec4c0ae7c81aee87c07d7
46,14,1.675,6000,729.1543333333333,219.06959722721402,2.8281763390712213,"[738.475,736.735,715.495,737.83,742.105,735.375,726.575,751.915,721.385,730.725,722.025,727.48,733.89,723.16,748.6,715.03,730.7,731.135,735.395,719.02,712.11,720.725,726.575,729.51,718.8,716.62,724.185,704.205,738.185,760.665]",723.1758798934653,-0.008199160543334397,0.008199160543334397,717.3277800491129,740.9808866175537,0.024028968959462715,fc6ed5692c5e33a9fffe770a3a11e12d0b94dbf5a1eec4c0ae7c81aee87c07d7
46,14,1.875,6000,714.6858333333333,217.63335186795192,2.809634491212922,"[741.5,715.965,738.92,709.925,707.675,718.22,731.465,712.345,694.515,740.185,729.6,721.675,704.58,709.355,712.74,715.72,693.72,704.14,707.295,730.83,686.79,706.755,688.605,712.395,712.61,700.305,724.74,721.215,737.135,709.655]",710.6697173012071,-0.005619414636211304,0.005619414636211304,702.9368162863888,726.4348503802779,0.021702060509373955,fc6ed5692c5e33a9fffe770a3a11e12d0b94dbf5a1eec4c0ae7c81aee87c07d7
46,28,0.325,6000,952.8361666666667,219.16293723502113,2.8293813533904606,"[952.42,948.73,945.33,952.605,965.27,960.68,946.215,969.625,930.715,939.565,978.51,950.91,965.28,946.845,964.87,957.715,941.865,940.04,955.225,941.69,935.02,933.245,942.08,951.36,955.035,990.925,967.84,960.355,946.845,948.275]",954.074074074074,0.001299181801356168,0.001299181801356168,941.0045743875796,964.6677589457538,0.013888880077974397,fc6ed5692c5e33a9fffe770a3a11e12d0b94dbf5a1eec4c0ae7c81aee87c07d7
46,28,0.525,6000,1345.5915,354.34248319055524,4.574541787502674,"[1363.09,1316.965,1373.67,1323.225,1348.85,1353.16,1354.385,1341.765,1327.685,1330.075,1333.89,1320.14,1368.675,1384.17,1302.89,1334.19,1337.105,1352.52,1353.515,1288.695,1323.18,1363.155,1312.58,1365.625,1387.565,1339.24,1361.115,1366.385,1391.135,1349.105]",1355.7894736842106,0.007578803585048388,0.007578803585048388,1326.4621899023982,1364.7208100976018,0.02210940048277621,fc6ed5692c5e33a9fffe770a3a11e12d0b94dbf5a1eec4c0ae7c81aee87c07d7
46,28,0.725,6000,2144.7251666666666,655.574769455295,8.463433880980414,"[2026.87,2115.945,2118.12,2193.89,2159.21,2164.57,2177.72,2139.635,2133.535,2137.84,2183.045,2109.46,2141.93,2207.96,2092.475,2131.875,2174.045,2249.87,2212.675,2171.22,2137.335,2100.45,2192.835,2067.71,2121.19,2095.085,2143.25,2114.93,2175.025,2152.055]",2092.659655247433,-0.024276076127811703,0.024276076127811703,2109.3337201086483,2180.116613224685,0.04011572474918734,fc6ed5692c5e33a9fffe770a3a11e12d0b94dbf5a1eec4c0ae7c81aee87c07d7
46,28,0.94,6000,3069.236,982.0920145747623,12.678753389637821,"[2980.155,3108.21,2984.09,2832.855,3119.02,3196.63,3033.35,3047.86,2970.47,3052.58,3098.665,3084.255,2997.615,3069.2,3169.28,3006.655,3010.24,3162.35,3216.395,3116.745,2906.72,3029.415,3124.62,3165.125,3052.585,3193.38,3147.36,3049.37,3166.155,2985.73]",3102.6652092585323,0.010891703752507925,0.010891703752507925,3016.2173991198,3122.2546008801996,0.028661001081672577,fc6ed5692c5e33a9fffe770a3a11e12d0b94dbf5a1eec4c0ae7c81aee87c07d7
46,28,1.0,6000,3096.319,980.6647943166591,12.660328055334476,"[3142.295,3194.5,3101.24,3092.335,3198.38,3173.8,3106.34,3179.54,2970.895,3201.115,3179.165,3084.59,3237.045,3074.415,2948.085,3117.87,3094.23,2986.3,3112.535,3097.87,3019.99,3163.3,3008.685,3017.875,3110.875,3108.145,3042.61,3011.92,3042.735,3070.89]",3096.793866131982,0.00015336473147057946,0.00015336473147057946,3043.3774481336495,3149.2605518663504,0.017551690156306643,fc6ed5692c5e33a9fffe770a3a11e12d0b94dbf5a1eec4c0ae7c81aee87c07d7
46,28,1.06,6000,3060.020666666667,970.2849940788074,12.526325410473943,"[3117.945,3140.275,3130.15,3054.92,3117.255,3062.33,3031.205,3096.13,3013.08,3037.27,3163.005,3006.505,2927.825,3026.72,3081.95,3071.525,2983.565,3080.71,2984.535,3102.34,3048.735,3130.33,3026.455,2992.41,3136.35,2998.365,3085.68,3030.4,3103.08,3019.575]",3063.269369599943,0.0010616604549978101,0.0010616604549978101,3007.639472157733,3112.4018611756005,0.018496198748947812,fc6ed5692c5e33a9fffe770a3a11e12d0b94dbf5a1eec4c0ae7c81aee87c07d7
46,28,1.275,6000,2952.9998333333333,907.6896835337346,11.718223426168116,"[3052.385,3027.675,2974.27,2917.695,3014.84,2906.635,2983.095,2968.795,2973.84,3044.27,3035.59,3010.085,2776.16,3048.175,2828.895,2898.91,2983.745,2988.425,3052.73,2906.545,2911.825,2909.745,2787.23,3006.515,2900.47,2922.76,2976.9,3021.9,2886.695,2873.195]",2948.142553640053,-0.0016448628403061862,0.0016448628403061862,2903.9978698307714,3002.001796835895,0.01794110957981765,fc6ed5692c5e33a9fffe770a3a11e12d0b94dbf5a1eec4c0ae7c81aee87c07d7
46,28,1.675,6000,2751.2098333333333,793.4868367086988,10.243871013358648,"[2702.24,2730.365,2720.65,2715.57,2836.26,2717.6,2833.01,2668.46,2727.12,2700.02,2816.295,2732.915,2826.63,2726.69,2792.21,2838.295,2735.8,2668.52,2747.285,2739.87,2766.955,2775.96,2719.12,2740.385,2696.625,2783.935,2756.495,2760.73,2784.63,2775.655]",2753.469033683226,0.0008211661366284665,0.0008211661366284665,2708.3731527832256,2794.046513883441,0.016650541988151968,fc6ed5692c5e33a9fffe770a3a11e12d0b94dbf5a1eec4c0ae7c81aee87c07d7
46,28,1.875,6000,2665.942,738.7748209086908,9.537541926589089,"[2647.89,2560.895,2750.4,2680.08,2650.435,2574.28,2722.685,2570.035,2724.91,2748.94,2704.65,2675.34,2676.565,2655.59,2724.745,2655.795,2633.04,2649.895,2644.475,2621.435,2664.33,2623.155,2685.085,2689.175,2685.025,2656.535,2782.23,2635.365,2672.45,2612.83]",2664.880877717667,-0.0003980290202611852,0.0003980290202611852,2626.0589678718356,2705.8250321281644,0.01513185587550514,fc6ed5692c5e33a9fffe770a3a11e12d0b94dbf5a1eec4c0ae7c81aee87c07d7
46,56,0.325,6000,1908.5936666666666,309.67533110502154,3.997891333670054,"[1867.56,1947.83,1915.73,1924.465,1913.61,1930.56,1908.335,1895.79,1895.345,1903.71,1904.64,1968.39,1900.18,1885.25,1911.575,1905.63,1945.4,1943.97,1924.34,1890.095,1905.725,1871.42,1898.045,1912.595,1863.055,1928.465,1885.44,1932.685,1893.0,1884.975]",1880.0141246055946,-0.014974136486047264,0.014974136486047264,1891.8757293057668,1925.3116040275665,0.023527349716905066,fc6ed5692c5e33a9fffe770a3a11e12d0b94dbf5a1eec4c0ae7c81aee87c07d7
46,56,0.525,6000,2707.021166666667,522.0055137110108,6.739062204103975,"[2702.295,2724.76,2685.54,2705.13,2695.905,2767.565,2737.125,2713.095,2673.445,2736.355,2709.22,2720.045,2637.585,2686.47,2681.465,2684.08,2728.88,2710.06,2739.025,2687.04,2724.76,2696.13,2742.235,2675.835,2753.0,2676.28,2671.875,2691.22,2723.15,2731.065]",2711.5789473684213,0.001683688608673377,0.001683688608673377,2678.8405058141384,2735.2018275191954,0.012221123834445402,fc6ed5692c5e33a9fffe770a3a11e12d0b94dbf5a1eec4c0ae7c81aee87c07d7
46,56,0.725,6000,4684.631666666667,1180.0056106663603,15.233806928473756,"[4768.305,4636.325,4611.205,4577.27,4557.605,4847.135,4635.83,4652.43,4659.675,4772.84,4670.19,4504.775,4773.135,4636.08,4898.7,4690.32,4617.54,4703.07,4804.77,4569.08,4705.89,4814.68,4639.7,4676.47,4666.35,4522.11,4664.735,4813.555,4760.485,4688.695]",4683.636363636363,-0.00021246132057427304,0.00021246132057427304,4620.928627053413,4748.334706279921,0.013625480646507704,fc6ed5692c5e33a9fffe770a3a11e12d0b94dbf5a1eec4c0ae7c81aee87c07d7
46,56,0.94,6000,11668.738666666666,3631.0461342946955,46.87660402478058,"[11614.4,11858.76,11949.035,11375.18,11770.415,11941.695,11340.07,11297.17,11993.255,11514.23,11937.045,11538.18,11692.92,11807.135,11511.015,11980.285,11480.095,11816.62,11484.51,11829.42,12210.4,11095.43,11453.83,11487.98,11236.25,11770.95,12175.75,11873.34,11309.15,11717.645]",11723.609834786424,0.004702407834062239,0.004702407834062239,11472.715297252427,11864.762036080905,0.021868801851474773,fc6ed5692c5e33a9fffe770a3a11e12d0b94dbf5a1eec4c0ae7c81aee87c07d7
46,56,1.0,6000,12517.637333333334,3994.7936903229765,51.57256478051786,"[12680.21,12305.18,12228.9,12731.885,12480.26,13091.64,12506.07,12695.97,12138.735,12316.855,12397.32,12405.675,12093.425,12679.545,12480.4,12301.935,12555.9,12764.045,12497.925,12413.14,12334.59,12965.92,12715.48,12798.01,12340.415,12852.515,12428.825,12499.18,12415.91,12413.26]",12436.618420950841,-0.006472380547944697,0.006472380547944697,12301.97691748352,12733.297749183148,0.023299488795142542,fc6ed5692c5e33a9fffe770a3a11e12d0b94dbf5a1eec4c0ae7c81aee87c07d7
46,56,1.06,6000,12311.8385,3825.9491856635564,49.39279159836927,"[12300.9,13045.77,12356.155,11782.28,12662.085,12299.565,12248.19,12129.885,12466.85,12505.43,12176.445,12228.675,11649.755,12328.12,12208.255,12034.08,12349.69,12320.585,12303.085,11994.79,12537.97,11963.785,12392.24,12020.49,12354.275,12550.17,12587.605,12511.0,12668.3,12378.73]",12166.088461678011,-0.011838202582172316,0.011838202582172316,12105.29321722377,12518.383782776229,0.028142236826365186,fc6ed5692c5e33a9fffe770a3a11e12d0b94dbf5a1eec4c0ae7c81aee87c07d7
46,56,1.275,6000,11241.890666666666,3325.599149776932,42.93330041082534,"[11072.32,11334.025,11185.855,11818.675,11155.28,11265.755,11094.39,11313.53,10882.57,11131.15,11119.4,11479.845,11148.57,10937.17,11015.32,11251.59,11373.23,11051.51,11185.495,11424.515,11225.89,11243.4,11560.82,11347.495,11458.715,11402.46,11359.71,10850.465,11369.57,11198.0]",11286.21762113805,0.00394301597353351,0.00394301597353351,11062.356965757897,11421.424367575435,0.020236253094443102,fc6ed5692c5e33a9fffe770a3a11e12d0b94dbf5a1eec4c0ae7c81aee87c07d7
46,56,1.675,6000,9943.903,2616.6216525136124,33.78044027836984,"[9743.81,9623.195,9827.775,10012.065,9589.54,9876.375,9816.045,9945.355,9985.485,9768.925,9923.445,10104.08,10283.985,9749.16,10153.13,10098.87,10138.83,9974.895,10140.845,9990.3,10061.685,9764.805,10171.535,10377.76,9799.565,9694.33,10182.8,10044.56,9658.615,9815.325]",9956.082552023046,0.0012248261093301292,0.0012248261093301292,9802.643711674376,10085.162288325624,0.015652801923825344,fc6ed5692c5e33a9fffe770a3a11e12d0b94dbf5a1eec4c0ae7c81aee87c07d7
46,56,1.875,6000,9412.961166666666,2373.1754339419053,30.637563110951863,"[9550.135,9495.75,9453.035,9643.59,9348.41,9258.51,9446.275,9693.375,9837.865,9085.355,9259.495,9466.945,9210.51,9358.69,9588.585,9167.8,9391.305,9119.71,9342.35,9284.68,9529.18,9364.37,9583.55,9344.475,9644.285,9299.67,9286.82,9381.37,9554.805,9397.94]",9409.316881055825,-0.00038715612933215983,0.00038715612933215983,9284.844412550361,9541.077920782971,0.013809869369176386,fc6ed5692c5e33a9fffe770a3a11e12d0b94dbf5a1eec4c0ae7c81aee87c07d7
46,112,0.325,6000,3816.083666666667,433.07645884195716,5.590993042431273,"[3835.49,3845.48,3853.595,3813.495,3777.875,3824.33,3793.385,3853.77,3786.43,3811.29,3760.915,3829.71,3830.3,3800.66,3834.49,3838.28,3797.715,3840.33,3808.875,3775.39,3826.575,3789.055,3796.41,3795.895,3807.68,3850.59,3823.665,3840.12,3827.275,3813.44]",3745.101887900378,-0.018600687240248846,0.018600687240248846,3792.7038737539897,3839.463459579344,0.02457675992293573,fc6ed5692c5e33a9fffe770a3a11e12d0b94dbf5a1eec4c0ae7c81aee87c07d7
46,112,0.525,6000,5407.343333333333,730.5226779637934,9.43100721926872,"[5481.7,5385.135,5438.41,5457.31,5420.835,5402.16,5408.885,5387.125,5314.01,5350.34,5317.33,5394.91,5384.315,5364.72,5376.97,5354.74,5460.415,5357.97,5483.55,5419.96,5305.2,5440.84,5410.76,5531.325,5399.9,5402.205,5481.835,5428.825,5420.755,5437.865]",5381.173173928286,-0.004839744360917963,0.004839744360917963,5367.905796196176,5446.78087047049,0.012045224161282841,fc6ed5692c5e33a9fffe770a3a11e12d0b94dbf5a1eec4c0ae7c81aee87c07d7
46,112,0.725,6000,9377.879166666668,1703.7607719475498,21.99545698558118,"[9411.765,9320.805,9208.24,9550.87,9267.985,9153.18,9303.12,9405.725,9315.255,9508.295,9598.39,9324.515,9460.35,9409.565,9406.485,9209.415,9363.795,9353.925,9379.215,9488.33,9422.635,9244.32,9312.75,9640.725,9424.835,9430.065,9345.02,9281.815,9297.68,9497.305]",9367.272727272726,-0.0011310061907858235,0.0011310061907858235,9285.901010829262,9469.857322504073,0.010832749822699661,fc6ed5692c5e33a9fffe770a3a11e12d0b94dbf5a1eec4c0ae7c81aee87c07d7
46,112,0.94,6000,37301.789333333334,11478.888771211983,148.19181681290445,"[40135.965,36817.95,36985.98,36332.14,38232.57,36570.66,37133.01,35430.075,37750.635,37080.1,37666.335,38262.915,37732.93,37915.815,37532.96,37291.37,37930.66,35985.78,37125.205,35748.785,36584.78,37074.77,37719.23,36507.45,37697.65,36137.465,38314.81,38231.555,36369.885,38754.245]",36155.85444464744,-0.030720641265910318,0.030720641265910318,36682.09727466955,37921.48139199712,0.04656007314424948,fc6ed5692c5e33a9fffe770a3a11e12d0b94dbf5a1eec4c0ae7c81aee87c07d7
46,112,1.0,6000,49980.58666666667,15800.6973190041,203.98612524989022,"[50278.045,50535.86,50587.445,50728.82,49646.675,47400.79,50192.745,50644.46,50631.45,49661.03,50969.625,49696.545,51045.13,49784.015,51353.83,47490.09,51135.375,50093.235,49506.765,52739.59,51398.825,50786.47,48842.965,48177.385,51760.675,48850.135,47673.625,46773.875,49896.67,51135.455]",49845.3595966492,-0.0027055918914944787,0.0027055918914944787,49127.58017404403,50833.59315928931,0.019440560881530344,fc6ed5692c5e33a9fffe770a3a11e12d0b94dbf5a1eec4c0ae7c81aee87c07d7
46,112,1.06,6000,47480.7355,14327.128905238398,184.96243882985073,"[47671.915,47293.99,48479.845,48640.16,46132.435,46493.49,46879.5,48578.635,47234.505,47764.055,48312.775,46719.445,48310.64,46554.5,47619.04,48004.08,47027.725,50215.66,47172.915,46473.085,45731.105,47126.635,47053.905,46622.145,47676.145,46888.675,47936.86,46446.33,47424.0,49937.87]",47673.81671313306,0.004066516895743125,0.004066516895743125,46707.28014356386,48254.190856436144,0.02069348860816489,fc6ed5692c5e33a9fffe770a3a11e12d0b94dbf5a1eec4c0ae7c81aee87c07d7
46,112,1.275,6000,41214.83316666666,11187.026096472073,144.42388588408036,"[41102.23,40068.595,42418.48,41295.69,39192.91,41926.455,39708.435,40539.97,41548.51,40921.775,42807.425,41615.525,40958.255,41025.01,41602.19,41239.615,40933.94,40613.535,39558.2,41029.51,41808.115,42833.405,41109.905,41316.48,41867.945,40408.115,42197.9,40875.765,41797.01,42124.1]",41367.295838703336,0.003699218468752158,0.003699218468752158,40610.897422517424,41818.7689108159,0.01862550360107318,fc6ed5692c5e33a9fffe770a3a11e12d0b94dbf5a1eec4c0ae7c81aee87c07d7
46,112,1.675,6000,33378.892,7694.689272554774,99.33801135615168,"[33824.995,34404.525,31714.045,33046.385,33668.75,33804.365,33867.24,33738.115,32762.26,33692.01,33933.075,32461.4,33043.74,33489.905,33261.365,32643.09,33389.855,34091.56,33298.995,33107.93,33810.085,33440.7,33135.455,33092.72,33421.955,33406.13,33637.845,34027.585,33369.065,32781.615]",33578.156509835455,0.0059697760439578135,0.0059697760439578135,32963.4913518078,33794.2926481922,0.01864684633880387,fc6ed5692c5e33a9fffe770a3a11e12d0b94dbf5a1eec4c0ae7c81aee87c07d7
46,112,1.875,6000,30375.513,6565.546992194591,84.76084719837283,"[29320.315,30133.835,30620.535,30811.09,30166.45,30641.82,30402.36,30236.745,30066.88,30620.01,30283.785,30671.435,30492.13,30687.72,30478.595,29903.755,31123.47,29949.77,30349.24,29764.855,30583.415,30498.695,30999.705,30479.795,30518.835,30191.925,29935.49,30868.29,30310.98,30153.465]",30843.952920781372,0.015421629941900014,0.015421629941900014,30021.0695157099,30729.956484290098,0.027410196183745628,fc6ed5692c5e33a9fffe770a3a11e12d0b94dbf5a1eec4c0ae7c81aee87c07d7
47,14,0.325,6000,468.73333333333335,136.73612306231996,1.7652557581511104,"[476.78,480.05,475.01,470.29,460.855,465.245,459.53,459.235,461.48,479.22,466.93,476.195,478.51,474.48,472.54,462.935,477.27,475.35,461.07,454.72,464.69,483.875,477.055,463.605,490.885,458.285,447.955,464.19,461.925,461.84]",469.2836734026018,0.0011741005602370134,0.0011741005602370134,461.351583123618,476.1150835430487,0.01719315716937375,fc6ed5692c5e33a9fffe770a3a11e12d0b94dbf5a1eec4c0ae7c81aee87c07d7
47,14,0.525,6000,602.2588333333333,187.7695752978638,2.4240947935102204,"[592.29,594.225,588.585,591.55,603.895,613.825,600.975,603.885,599.925,618.415,597.4,596.37,603.36,567.495,605.36,619.985,621.955,597.75,606.06,612.26,595.18,622.575,608.815,597.87,611.34,597.765,592.15,602.655,601.26,602.59]",587.7912533501933,-0.02402219640858736,0.02402219640858736,592.1220233171429,612.3956433495238,0.04017727798446724,fc6ed5692c5e33a9fffe770a3a11e12d0b94dbf5a1eec4c0ae7c81aee87c07d7
47,14,0.725,6000,719.479,225.66016332208872,2.913260181496318,"[691.46,716.49,726.585,714.845,729.615,726.42,721.1,709.335,718.165,698.985,704.59,706.0,706.09,709.08,717.625,737.235,750.375,731.445,734.495,705.6,723.14,730.295,721.255,730.105,708.185,717.35,720.025,736.21,717.48,724.79]",717.1563762592615,-0.0032282022696125245,0.0032282022696125245,707.2966525659717,731.6613474340284,0.01982470609611464,fc6ed5692c5e33a9fffe770a3a11e12d0b94dbf5a1eec4c0ae7c81aee87c07d7
47,14,0.94,6000,781.146,253.5905960054455,3.273840516946345,"[765.19,792.815,783.655,777.195,788.5,771.74,767.845,756.13,763.755,804.735,783.5,797.57,761.29,788.935,772.175,761.125,784.045,767.51,779.38,766.185,776.115,778.165,789.935,774.285,791.825,810.73,785.955,786.63,781.205,826.26]",774.5659403533504,-0.008423597697036921,0.008423597697036921,767.4558178204754,794.8361821795245,0.025502414561187958,fc6ed5692c5e33a9fffe770a3a11e12d0b94dbf5a1eec4c0ae7c81aee87c07d7
47,14,1.0,6000,776.5911666666667,249.15123067044306,3.216528556912362,"[757.555,793.15,800.705,769.71,785.3,783.845,757.45,772.405,778.345,771.61,784.73,757.385,772.04,770.665,783.3,774.775,806.25,794.15,775.59,760.09,777.07,753.65,772.615,766.83,795.29,755.455,764.335,759.875,816.955,786.61]",779.0657890118841,0.0031865187906259035,0.0031865187906259035,763.1406452677666,790.0416880655669,0.02086790140568362,fc6ed5692c5e33a9fffe770a3a11e12d0b94dbf5a1eec4c0ae7c81aee87c07d7
47,14,1.06,6000,776.1105,252.21882102392053,3.2561309780857113,"[751.515,751.19,836.55,789.545,782.17,788.595,746.375,776.53,772.105,803.27,766.575,779.925,770.59,754.84,793.63,769.65,747.445,781.465,770.04,778.795,791.27,756.915,764.81,770.98,786.77,794.205,791.47,777.765,767.42,770.91]",774.9702096300059,-0.0014692371382607125,0.0014692371382607125,762.4943736005487,789.7266263994513,0.018685474537845304,fc6ed5692c5e33a9fffe770a3a11e12d0b94dbf5a1eec4c0ae7c81aee87c07d7
47,14,1.275,6000,763.5031666666666,243.30653711276616,3.141073887537134,"[752.545,734.615,769.685,774.275,760.75,766.765,756.85,725.775,734.11,716.27,760.82,766.075,758.08,773.805,788.08,780.525,779.57,801.15,773.845,757.67,756.61,750.39,769.835,769.44,752.95,775.96,769.925,778.095,785.795,764.835]",760.552963364908,-0.00386403544943859,0.00386403544943859,750.3681732126054,776.6381601207279,0.020711313944861365,fc6ed5692c5e33a9fffe770a3a11e12d0b94dbf5a1eec4c0ae7c81aee87c07d7
47,14,1.675,6000,738.6885,231.61828577669414,2.9901792116341555,"[733.395,778.665,736.135,722.76,724.805,735.87,760.49,739.295,701.49,738.97,750.735,735.505,733.055,729.455,720.34,725.165,740.01,759.955,717.6,751.96,713.065,726.52,740.615,755.86,758.94,744.575,717.795,783.42,751.31,732.9]",734.7977374228823,-0.005267122172766597,0.005267122172766597,726.1845011201518,751.1924988798481,0.021824980256609505,fc6ed5692c5e33a9fffe770a3a11e12d0b94dbf5a1eec4c0ae7c81aee87c07d7
47,14,1.875,6000,722.9828333333334,219.13635175863126,2.8290381363660977,"[734.055,706.52,727.64,713.25,721.31,728.975,690.885,730.47,749.515,716.77,717.95,700.98,735.82,745.95,716.355,704.35,708.015,707.93,715.36,725.49,718.12,744.96,722.905,719.495,725.83,740.035,735.055,724.24,722.05,739.205]",722.4334532788888,-0.0007598798050454699,0.0007598798050454699,711.1526762810284,734.8129903856383,0.016847194141536015,fc6ed5692c5e33a9fffe770a3a11e12d0b94dbf5a1eec4c0ae7c81aee87c07d7
47,28,0.325,6000,969.9201666666667,220.01939130160855,2.8404381278460766,"[959.22,985.005,982.245,953.29,933.945,983.9,968.835,941.765,956.6,990.085,965.8,970.575,974.63,976.51,1008.445,988.28,970.54,972.935,957.24,989.845,968.31,961.21,957.515,963.655,982.07,975.615,966.285,956.065,983.94,953.25]",974.8148148148148,0.005046444353218887,0.005046444353218887,958.0423383978202,981.7979949355131,0.01750703047742541,fc6ed5692c5e33a9fffe770a3a11e12d0b94dbf5a1eec4c0ae7c81aee87c07d7
47,28,0.525,6000,1383.3195,368.9439713950545,4.763046189655572,"[1397.11,1387.615,1374.085,1367.465,1359.175,1392.695,1386.41,1399.99,1355.49,1370.86,1352.385,1397.145,1333.805,1408.955,1349.175,1413.67,1389.445,1350.785,1377.25,1349.23,1330.295,1408.99,1408.41,1414.865,1451.465,1406.885,1398.815,1403.31,1377.36,1386.45]",1385.2631578947369,0.0014050679504892514,0.0014050679504892514,1363.401923157651,1403.237076842349,0.016034328810725862,fc6ed5692c5e33a9fffe770a3a11e12d0b94dbf5a1eec4c0ae7c81aee87c07d7
47,28,0.725,6000,2190.3295,662.1754387232722,8.548648154809412,"[2129.04,2208.975,2264.385,2202.885,2169.94,2176.595,2229.08,2128.47,2194.94,2234.39,2157.48,2230.145,2234.615,2234.625,2162.775,2100.92,2133.455,2115.185,2136.61,2289.39,2255.25,2203.49,2159.98,2207.49,2170.44,2286.495,2181.21,2128.505,2201.825,2181.3]",2133.7026351561726,-0.025853126136422492,0.025853126136422492,2154.5817138686343,2226.0772861313653,0.04149660550902434,fc6ed5692c5e33a9fffe770a3a11e12d0b94dbf5a1eec4c0ae7c81aee87c07d7
47,28,0.94,6000,3116.7615,991.5190707339024,12.800456161331526,"[3147.08,3214.935,3109.025,3140.065,3122.495,3063.845,3017.715,3108.685,3080.195,3099.815,3137.55,3082.3,3156.3,3060.99,3191.195,3083.15,3085.85,3081.54,3071.085,3208.94,3095.995,3218.99,3060.76,3107.715,3031.175,3303.22,3129.0,3060.385,3170.485,3062.365]",3148.537665763876,0.010195250988526304,0.010195250988526304,3063.2339760040845,3170.2890239959156,0.027847591933237714,fc6ed5692c5e33a9fffe770a3a11e12d0b94dbf5a1eec4c0ae7c81aee87c07d7
47,28,1.0,6000,3177.7005,1013.9161887483851,13.089601711575305,"[3187.935,3143.97,3238.975,3191.365,3273.015,3142.2,3200.94,3096.975,3030.53,3211.83,3217.075,3235.425,3291.04,3196.95,3191.455,3207.705,3182.945,3042.82,3108.245,3126.35,3312.795,3129.575,3179.075,3087.72,3191.635,3099.89,3201.515,3220.425,3235.48,3155.16]",3141.584091707866,-0.01136557969894712,0.01136557969894712,3122.9638592988736,3232.4371407011263,0.02810667154181823,fc6ed5692c5e33a9fffe770a3a11e12d0b94dbf5a1eec4c0ae7c81aee87c07d7
47,28,1.06,6000,3133.944,986.1592287935838,12.731260899420999,"[2996.775,3134.03,3103.12,3127.86,3159.485,3305.795,3012.855,3163.355,3095.37,3122.485,3151.555,3267.76,3089.27,3038.41,3201.89,3151.255,3108.77,3121.47,3107.03,3122.605,3059.465,3130.85,3104.52,3215.495,3040.755,3144.445,3137.18,3026.43,3277.605,3300.43]",3108.5239069563618,-0.008111214828228644,0.008111214828228644,3080.705829054916,3187.1821709450837,0.024679563253642844,fc6ed5692c5e33a9fffe770a3a11e12d0b94dbf5a1eec4c0ae7c81aee87c07d7
47,28,1.275,6000,3003.2128333333335,923.0319076386573,11.916290687675275,"[3032.26,3058.675,2962.215,2992.865,3043.685,2985.925,2997.53,2995.19,2992.465,3056.46,3021.82,2998.215,2951.375,3077.98,3032.84,3054.08,2922.895,3065.895,3017.97,2994.365,3001.505,2969.525,2950.22,2952.115,3047.1,3033.235,3023.715,2970.175,2964.3,2929.79]",2994.876524432948,-0.0027757969091830622,0.0027757969091830622,2953.3826141842924,3053.0430524823746,0.01905198421690535,fc6ed5692c5e33a9fffe770a3a11e12d0b94dbf5a1eec4c0ae7c81aee87c07d7
47,28,1.675,6000,2806.95,810.9114284088741,10.468821524922792,"[2717.91,2839.285,2773.765,2788.315,2801.285,2772.21,2885.65,2858.115,2780.495,2812.07,2826.77,2895.22,2829.12,2917.485,2781.97,2697.65,2859.105,2829.7,2774.795,2760.115,2844.95,2760.57,2758.93,2891.51,2838.62,2854.08,2794.88,2802.66,2713.83,2747.44]",2802.2544711218316,-0.0016728224151368073,0.0016728224151368073,2763.172646418097,2850.7273535819027,0.017003689391469012,fc6ed5692c5e33a9fffe770a3a11e12d0b94dbf5a1eec4c0ae7c81aee87c07d7
47,28,1.875,6000,2705.3745,758.8159059874887,9.796271222422789,"[2726.205,2709.54,2773.72,2762.23,2755.825,2612.08,2705.775,2646.725,2704.22,2678.09,2711.38,2717.84,2737.62,2604.85,2691.7,2687.485,2703.97,2677.175,2785.575,2644.5,2672.6,2724.46,2702.87,2733.98,2715.32,2712.81,2727.645,2741.73,2691.13,2702.185]",2714.391892363943,0.0033331401489675996,0.0033331401489675996,2664.409542476628,2746.339457523372,0.018759259449602217,fc6ed5692c5e33a9fffe770a3a11e12d0b94dbf5a1eec4c0ae7c81aee87c07d7
47,56,0.325,6000,1941.985,310.02997737769186,4.002469797362876,"[1966.115,1932.635,1930.675,1932.375,1957.94,1947.005,1959.915,1949.255,1927.35,1942.265,1891.595,1939.4,1932.265,1969.565,1919.34,1965.75,1938.665,1977.045,1899.4,1971.8,1926.69,1945.445,1962.235,1959.48,1904.315,1950.415,1937.16,1961.09,1925.895,1936.47]",1921.222305452239,-0.010691480391332029,0.010691480391332029,1925.247916928815,1958.722083071185,0.019145022125930167,fc6ed5692c5e33a9fffe770a3a11e12d0b94dbf5a1eec4c0ae7c81aee87c07d7
47,56,0.525,6000,2761.286,533.5184956508383,6.887694161831103,"[2779.765,2757.885,2752.345,2778.605,2788.845,2769.495,2730.895,2780.19,2747.465,2833.64,2765.785,2765.795,2811.845,2737.755,2735.415,2772.295,2799.545,2792.475,2784.33,2779.26,2685.265,2678.675,2696.415,2730.14,2766.315,2710.7,2781.125,2703.05,2807.74,2815.525]",2770.5263157894738,0.003346381283747391,0.003346381283747391,2732.4838065564823,2790.088193443518,0.013922318273839274,fc6ed5692c5e33a9fffe770a3a11e12d0b94dbf5a1eec4c0ae7c81aee87c07d7
47,56,0.725,6000,4803.1658333333335,1211.709254408351,15.643099209229831,"[4828.28,4895.79,4702.81,4950.285,4770.355,4836.705,4875.355,4758.34,4761.185,4724.055,4926.96,4787.51,4803.64,4738.03,4665.57,4831.065,4719.38,4805.17,4894.42,4764.335,4950.58,4763.635,4776.425,4744.525,4744.035,4759.155,4825.0,4773.055,4882.125,4837.2]",4785.454545454545,-0.0036874196089326,0.0036874196089326,4737.751260779113,4868.580405887554,0.0170739421972953,fc6ed5692c5e33a9fffe770a3a11e12d0b94dbf5a1eec4c0ae7c81aee87c07d7
47,56,0.94,6000,11899.1865,3707.116439377143,47.85866744053137,"[11966.125,11491.18,12009.205,11770.57,11699.6,12362.825,11694.795,11828.62,11513.275,11931.375,11603.67,11977.355,12052.795,11856.315,11892.84,11790.255,12126.41,11952.45,11810.385,11985.68,11871.26,11743.325,12013.15,12222.055,11700.49,12089.525,11972.935,12078.18,12194.15,11774.8]",11915.23341548815,0.0013485724833500392,0.0013485724833500392,11699.056447012177,12099.316552987822,0.018478154153293458,fc6ed5692c5e33a9fffe770a3a11e12d0b94dbf5a1eec4c0ae7c81aee87c07d7
47,56,1.0,6000,12561.255,4035.719793628366,52.10091850227432,"[12315.045,12182.595,12606.54,12972.89,12430.92,13336.0,12363.03,12300.755,12435.605,12592.485,12591.195,12091.93,12611.775,12805.315,12588.245,12689.52,12689.535,12500.18,12135.85,12860.835,12807.085,12551.335,13039.285,12619.445,12214.645,12401.25,12368.75,12618.15,12537.335,12580.125]",12616.978238152118,0.004436120288308688,0.004436120288308688,12343.385173316447,12779.124826683552,0.022165156559087018,fc6ed5692c5e33a9fffe770a3a11e12d0b94dbf5a1eec4c0ae7c81aee87c07d7
47,56,1.06,6000,12419.4145,3877.7968298247197,50.062141806290185,"[12587.84,12699.935,13031.655,12134.07,12283.275,12619.285,12233.525,12368.98,12890.205,12548.335,12446.56,12348.245,12471.43,12625.395,12199.905,13231.72,12202.0,12001.59,12665.415,12386.465,12694.77,11904.845,12426.44,11848.23,12418.705,12149.12,12146.475,12400.44,12344.88,12272.7]",12350.201163972704,-0.005572995089848758,0.005572995089848758,12210.070202964858,12628.758797035143,0.022057403862035585,fc6ed5692c5e33a9fffe770a3a11e12d0b94dbf5a1eec4c0ae7c81aee87c07d7
47,56,1.275,6000,11534.169833333333,3341.317794387491,43.136227240164175,"[11692.775,11434.72,11448.975,11239.85,11286.56,11588.565,11356.66,11370.975,11433.56,11325.93,11699.315,11683.81,11607.035,11531.195,11480.69,11875.685,11564.685,11882.41,11570.09,11505.085,11673.34,11453.165,11421.03,11506.825,11661.69,11497.55,11760.935,11126.39,12052.65,11292.95]",11480.482554778398,-0.004654628753582299,0.004654628753582299,11353.787555577775,11714.552111088891,0.01998109309607532,fc6ed5692c5e33a9fffe770a3a11e12d0b94dbf5a1eec4c0ae7c81aee87c07d7
47,56,1.675,6000,10165.379833333332,2668.194856551034,34.44624747952814,"[10132.745,10111.795,10168.43,9764.23,9827.615,10403.195,10331.23,10029.17,9851.32,10096.01,10072.37,9956.7,10284.385,10089.995,9801.535,10047.55,10324.165,10026.725,10406.895,10149.65,10676.985,10250.765,10181.485,10223.43,10238.84,10353.995,10643.265,10107.715,10260.12,10149.085]",10159.155529082589,-0.0006123041492589687,0.0006123041492589687,10021.336346500448,10309.423320166217,0.014575770769805318,fc6ed5692c5e33a9fffe770a3a11e12d0b94dbf5a1eec4c0ae7c81aee87c07d7
47,56,1.875,6000,9554.691833333334,2411.3279003985567,31.130109334963024,"[9811.585,9514.12,9517.04,9483.38,9600.31,9310.405,9481.075,9524.12,9397.96,9655.845,9615.22,9554.095,9504.745,9301.635,9908.955,9701.965,9516.245,9632.04,9592.39,9199.6,9491.07,9446.995,9530.42,9663.895,9829.2,9461.925,9567.22,9653.945,9634.315,9539.04]",9613.508027829706,0.006155739559404822,0.006155739559404822,9424.515404195095,9684.868262471573,0.020053298820063015,fc6ed5692c5e33a9fffe770a3a11e12d0b94dbf5a1eec4c0ae7c81aee87c07d7
47,112,0.325,6000,3896.418833333333,443.25779969614837,5.722433587665752,"[3892.965,3928.575,3918.43,3943.22,3886.41,3922.385,3877.765,3927.38,3939.24,3934.675,3895.14,3835.735,3897.835,3876.285,3894.445,3921.285,3840.375,3863.455,3872.755,3870.48,3880.465,3934.65,3823.985,3932.91,3913.82,3910.89,3879.545,3910.875,3857.775,3908.815]",3825.650616034289,-0.018162374304741442,0.018162374304741442,3872.4893969665163,3920.34826970015,0.024155418639146498,fc6ed5692c5e33a9fffe770a3a11e12d0b94dbf5a1eec4c0ae7c81aee87c07d7
47,112,0.525,6000,5535.762333333333,759.9287294171218,9.810637711123583,"[5634.705,5539.96,5544.255,5542.795,5528.755,5548.76,5573.58,5412.51,5430.205,5527.515,5463.775,5491.94,5476.355,5560.41,5547.055,5565.36,5539.6,5477.24,5614.61,5594.25,5550.92,5611.405,5604.315,5488.59,5552.685,5586.16,5468.855,5579.45,5493.875,5522.98]",5497.66722141553,-0.006881637907107311,0.006881637907107311,5494.737299625255,5576.787367041411,0.014187405833953504,fc6ed5692c5e33a9fffe770a3a11e12d0b94dbf5a1eec4c0ae7c81aee87c07d7
47,112,0.725,6000,9591.537,1723.379635055904,22.248735419215105,"[9573.305,9721.945,9592.095,9846.465,9431.085,9690.19,9406.8,9586.385,9566.815,9816.82,9408.675,9448.465,9611.06,9606.615,9639.935,9775.585,9693.465,9609.795,9433.55,9586.44,9677.455,9609.045,9520.415,9610.665,9510.53,9598.87,9532.13,9530.2,9550.25,9561.06]",9570.90909090909,-0.0021506364507492574,0.0021506364507492574,9498.499712576728,9684.574287423273,0.011736726173063983,fc6ed5692c5e33a9fffe770a3a11e12d0b94dbf5a1eec4c0ae7c81aee87c07d7
47,112,0.94,6000,38099.33216666667,11648.795114578827,150.38529827382038,"[37842.355,38146.98,38363.78,38317.29,37140.025,38429.345,38291.46,37635.445,38427.59,38731.555,37914.26,38259.835,38233.86,37849.49,37216.775,38052.435,39039.89,40072.55,38625.815,38670.82,37566.36,35403.525,39035.99,38020.835,37706.825,37472.33,37644.45,38409.94,38038.585,38419.57]",36844.98409348861,-0.0329230986960841,0.0329230986960841,37470.46765117369,38728.19668215964,0.04862639497848209,fc6ed5692c5e33a9fffe770a3a11e12d0b94dbf5a1eec4c0ae7c81aee87c07d7
47,112,1.0,6000,50553.986833333336,16201.53767755331,209.16095202705318,"[49603.835,50195.48,48968.21,52736.335,48668.155,48939.33,51434.02,49141.14,50072.615,50225.43,50424.785,51871.95,49918.075,50486.67,51866.46,51276.97,51463.41,47144.67,49115.01,49937.8,53278.04,50895.175,49451.74,52103.03,52155.93,51225.06,50005.13,51559.36,50670.67,51785.12]",50569.19669524979,0.0003008637472371363,0.0003008637472371363,49679.340825602936,51428.632841063736,0.017911990273193235,fc6ed5692c5e33a9fffe770a3a11e12d0b94dbf5a1eec4c0ae7c81aee87c07d7
47,112,1.06,6000,48871.27166666667,14886.22876032234,192.18038692187434,"[47753.355,49566.57,49428.225,49024.47,48624.155,50172.62,49303.705,49254.78,48244.345,50906.16,50383.675,50289.865,47429.345,47447.95,48170.09,45842.655,48324.855,49656.205,49733.265,47563.865,47660.33,48377.14,48640.815,49639.165,50625.68,46792.47,49737.735,48896.77,48749.735,49898.155]",48427.03177887836,-0.009090000579856197,0.009090000579856197,48067.63309763032,49674.91023570301,0.02512090008625245,fc6ed5692c5e33a9fffe770a3a11e12d0b94dbf5a1eec4c0ae7c81aee87c07d7
47,112,1.275,6000,42167.59,11425.36297419395,147.50080174476003,"[41979.92,42183.525,43170.545,41259.595,42516.735,43550.155,42453.285,43296.555,41713.365,42178.81,42121.27,41847.385,41339.395,41486.5,42161.19,42485.45,42512.82,41912.545,40748.52,42369.34,43425.225,43772.805,42160.275,42317.15,41742.04,40907.52,41888.195,42449.33,41586.53,41491.725]",42174.686932671764,0.00016830301830784538,0.00016830301830784538,41550.78755129819,42784.3924487018,0.015015344308535905,fc6ed5692c5e33a9fffe770a3a11e12d0b94dbf5a1eec4c0ae7c81aee87c07d7
47,112,1.675,6000,34136.610166666665,7778.13326628234,100.41526868297801,"[32906.895,34520.385,34123.33,33906.275,33803.405,34367.27,34679.445,34186.925,33675.64,35661.565,34337.78,34328.295,33577.12,34523.38,33046.02,33729.99,33874.915,34963.255,34425.4,34366.875,33557.055,34026.535,34433.24,33410.575,33435.5,34813.995,34092.755,33939.505,34140.345,35244.635]",34384.706564110966,0.007267751432641037,0.007267751432641037,33716.704763590365,34556.515569742965,0.019812191173615323,fc6ed5692c5e33a9fffe770a3a11e12d0b94dbf5a1eec4c0ae7c81aee87c07d7
47,112,1.875,6000,31091.394666666667,6623.107330779417,85.50394797417647,"[31066.475,31622.965,30959.185,31071.89,31212.965,31601.965,31102.74,30902.87,31087.895,31718.92,31526.665,31223.325,30565.595,31687.56,31010.045,30633.755,31866.37,31581.005,31750.545,31445.565,30420.095,30742.015,30431.87,31037.76,30560.08,30684.945,31055.88,30273.15,31072.86,30824.885]",31631.760370344506,0.01737991201331245,0.01737991201331245,30733.843766194917,31448.945567138417,0.029215890175677828,fc6ed5692c5e33a9fffe770a3a11e12d0b94dbf5a1eec4c0ae7c81aee87c07d7
48,14,0.325,6000,475.65483333333333,139.94545657186615,1.8066880756007697,"[466.385,488.485,449.615,472.305,482.495,482.355,487.72,487.53,469.525,489.5,469.185,468.815,459.465,495.2,485.09,467.65,465.32,484.27,488.075,478.335,491.205,461.795,477.92,475.73,484.65,461.72,474.345,469.185,455.425,480.35]",478.6855162169184,0.006371601151083478,0.006371601151083478,468.0998260663271,483.20984060033953,0.022614172364788132,fc6ed5692c5e33a9fffe770a3a11e12d0b94dbf5a1eec4c0ae7c81aee87c07d7
48,14,0.525,6000,607.3813333333334,184.83583788337666,2.386220406348706,"[598.17,622.945,605.13,601.48,597.77,607.05,606.245,606.41,605.15,600.425,612.715,591.185,621.27,610.295,609.475,607.135,596.57,587.07,617.275,596.52,621.685,594.515,608.83,582.3,612.39,616.585,616.605,614.0,617.185,637.06]",598.6411589471742,-0.014389929203442531,0.014389929203442531,597.4029022172436,617.3597644494231,0.030320417008294465,fc6ed5692c5e33a9fffe770a3a11e12d0b94dbf5a1eec4c0ae7c81aee87c07d7
48,14,0.725,6000,733.632,235.00196643866266,3.033862341143116,"[736.745,753.275,724.375,771.9,751.575,717.65,729.44,726.8,715.565,755.345,707.195,716.69,743.19,737.605,708.555,756.005,696.59,741.035,706.43,754.335,740.06,730.21,686.335,716.865,742.89,742.0,747.625,755.385,743.57,753.72]",728.7056093365238,-0.006715070585083703,0.006715070585083703,720.9453318673113,746.3186681326886,0.02359991723137944,fc6ed5692c5e33a9fffe770a3a11e12d0b94dbf5a1eec4c0ae7c81aee87c07d7
48,14,0.94,6000,788.3708333333333,252.65365811943514,3.2617447008498486,"[778.45,773.435,793.605,754.71,786.77,794.27,790.425,791.97,784.16,784.545,815.975,798.015,776.935,801.74,739.26,774.195,784.11,812.925,776.195,814.52,804.415,796.95,786.97,803.645,795.58,819.2,795.82,778.23,777.775,766.33]",785.4505525078999,-0.0037041969362133992,0.0037041969362133992,774.7312320923469,802.0104345743197,0.020647963358742527,fc6ed5692c5e33a9fffe770a3a11e12d0b94dbf5a1eec4c0ae7c81aee87c07d7
48,14,1.0,6000,791.5145,253.4836071877933,3.272459297249687,"[797.005,794.005,782.46,801.41,778.28,785.845,789.895,819.44,784.945,796.13,782.445,784.195,776.65,777.715,783.49,806.54,822.865,791.13,818.11,804.4,779.39,800.0,786.82,743.815,821.795,790.59,801.42,784.77,787.85,772.03]",790.0168961465814,-0.0018920738071362961,0.0018920738071362961,777.8300936513931,805.1989063486069,0.01885498115102069,fc6ed5692c5e33a9fffe770a3a11e12d0b94dbf5a1eec4c0ae7c81aee87c07d7
48,14,1.06,6000,787.6735,253.24549442090918,3.269385274647482,"[757.345,787.08,800.115,792.81,816.915,795.9,801.365,809.89,753.385,773.03,786.72,800.655,780.625,787.905,781.9,775.295,786.42,789.285,794.565,824.205,815.265,787.145,764.915,790.205,774.845,759.73,792.415,776.065,764.055,810.155]",785.976927010559,-0.002153903856662612,0.002153903856662612,774.0019482572392,801.3450517427608,0.019177911810622894,fc6ed5692c5e33a9fffe770a3a11e12d0b94dbf5a1eec4c0ae7c81aee87c07d7
48,14,1.275,6000,773.7495,246.79853255039458,3.1861553547870245,"[772.745,797.49,778.595,783.45,760.91,770.905,746.135,766.745,782.835,760.83,750.345,782.305,760.59,780.625,778.23,771.35,766.86,772.205,770.99,746.415,743.82,786.05,787.895,779.965,794.155,794.185,775.18,792.745,775.0,782.935]",771.7498593997321,-0.0025843513957267395,0.0025843513957267395,760.425989879847,787.0730101201531,0.01946852518558817,fc6ed5692c5e33a9fffe770a3a11e12d0b94dbf5a1eec4c0ae7c81aee87c07d7
48,14,1.675,6000,747.3508333333333,228.66120296251015,2.9520034366585195,"[738.785,726.675,757.795,734.405,755.32,726.035,751.525,742.34,748.16,722.62,751.725,722.305,728.815,755.21,751.88,768.165,752.655,745.395,760.425,762.24,733.225,776.42,759.405,745.195,743.02,756.165,762.22,721.975,761.305,759.12]",746.310447353147,-0.0013920985082012966,0.0013920985082012966,735.0064736636286,759.695193003038,0.017618573571568596,fc6ed5692c5e33a9fffe770a3a11e12d0b94dbf5a1eec4c0ae7c81aee87c07d7
48,14,1.875,6000,741.366,225.0936632534839,2.9059466970585452,"[758.215,757.475,737.52,749.555,748.2,737.275,735.94,746.415,751.96,735.535,766.845,748.195,748.6,724.045,737.23,719.87,704.31,776.54,729.895,754.245,751.94,729.06,729.98,729.13,710.26,744.855,746.87,751.975,737.595,741.45]",734.0856993137224,-0.009820116765912575,0.009820116765912575,729.2142352818377,753.5177647181623,0.02578846354300357,fc6ed5692c5e33a9fffe770a3a11e12d0b94dbf5a1eec4c0ae7c81aee87c07d7
48,28,0.325,6000,1000.611,231.61612354018152,2.990151297280809,"[1020.78,992.92,1002.93,993.93,984.985,979.495,1025.785,982.065,1009.87,989.795,1031.6,1018.68,998.5,992.315,982.84,970.57,977.0,1001.19,1012.53,986.57,1025.835,1018.615,1012.68,989.915,999.075,997.855,1008.575,994.685,1038.6,978.145]",995.5555555555555,-0.005052357454040029,0.005052357454040029,988.1071178492903,1013.1148821507097,0.017332019205835825,fc6ed5692c5e33a9fffe770a3a11e12d0b94dbf5a1eec4c0ae7c81aee87c07d7
48,28,0.525,6000,1400.1635,373.7563101777007,4.825173216193895,"[1433.83,1406.015,1400.84,1415.475,1395.73,1423.27,1349.005,1406.1,1422.495,1366.36,1387.77,1392.74,1436.07,1398.42,1366.155,1415.96,1434.175,1417.82,1405.595,1410.43,1417.815,1379.695,1374.95,1372.415,1399.325,1389.645,1416.48,1445.895,1361.575,1362.855]",1414.7368421052631,0.010408314532740647,0.010408314532740647,1379.9861272674177,1420.3408727325825,0.025181930565242094,fc6ed5692c5e33a9fffe770a3a11e12d0b94dbf5a1eec4c0ae7c81aee87c07d7
48,28,0.725,6000,2223.2836666666667,670.9775671976691,8.66228314478447,"[2187.28,2218.09,2204.71,2238.61,2270.325,2271.045,2258.205,2204.255,2176.145,2231.995,2161.365,2300.58,2159.03,2232.15,2159.72,2229.685,2267.52,2255.505,2229.82,2189.98,2264.68,2245.235,2262.435,2156.72,2144.645,2127.93,2190.845,2193.225,2378.595,2288.185]",2174.5827423574633,-0.021904953038322777,0.021904953038322777,2187.060694371933,2259.5066389614003,0.03758515028881393,fc6ed5692c5e33a9fffe770a3a11e12d0b94dbf5a1eec4c0ae7c81aee87c07d7
48,28,0.94,6000,3161.735,987.0181495694983,12.742349518957093,"[3159.95,3139.695,3090.225,3074.5,3200.885,3068.725,3283.61,3121.585,3259.095,3238.87,3162.115,3055.955,3044.935,3296.6,3149.085,3196.53,3188.26,3271.425,3145.105,3104.01,3162.835,3154.935,3109.645,3178.425,3228.255,3322.78,3164.78,3057.99,3167.46,3053.785]",3194.0035030198806,0.010205948006357404,0.010205948006357404,3108.450459898941,3215.019540101059,0.027522730126997352,fc6ed5692c5e33a9fffe770a3a11e12d0b94dbf5a1eec4c0ae7c81aee87c07d7
48,28,1.0,6000,3190.5841666666665,1022.3630628539062,13.198650387369284,"[3254.515,3140.935,3141.805,3136.355,3068.62,3130.885,3223.5,3200.29,3087.9,3236.33,3343.775,3259.515,3148.985,3180.7,3099.165,3317.465,3188.355,3164.41,3286.445,3318.675,3118.92,3366.455,3314.35,3123.41,3125.02,3167.845,3118.155,3295.895,3018.885,3139.965]",3185.9879776955254,-0.001440547790326112,0.001440547790326112,3135.3915183407557,3245.7768149925773,0.018420501687263613,fc6ed5692c5e33a9fffe770a3a11e12d0b94dbf5a1eec4c0ae7c81aee87c07d7
48,28,1.06,6000,3166.5101666666665,1012.4841313568065,13.071113930147314,"[3286.725,3047.945,3177.175,3188.535,3292.715,3118.915,3145.74,3234.61,3194.435,3132.975,3095.5,3261.425,3220.605,3200.985,3278.715,3009.485,3146.655,3039.92,3161.56,3252.675,3153.14,3133.07,2961.82,3187.515,3136.22,3142.0,3283.38,3116.7,3169.27,3224.895]",3153.380652450891,-0.00414636730176577,0.00414636730176577,3111.8508361138306,3221.1694972195023,0.021044792839099657,fc6ed5692c5e33a9fffe770a3a11e12d0b94dbf5a1eec4c0ae7c81aee87c07d7
48,28,1.275,6000,3045.8366666666666,923.1257410800165,11.91750207219428,"[3109.725,3094.53,3048.54,3153.185,3061.135,3054.585,3027.91,3037.81,3087.15,2998.5,2980.73,3072.46,2954.215,3086.795,3056.87,3045.46,3036.81,3087.255,3097.57,3151.285,3108.485,3005.955,2944.035,2977.785,2953.54,3050.35,3041.84,3058.075,2997.855,2994.66]",3041.18072370446,-0.0015286252914218236,0.0015286252914218236,2996.001381884566,3095.6719514487672,0.017602390886025776,fc6ed5692c5e33a9fffe770a3a11e12d0b94dbf5a1eec4c0ae7c81aee87c07d7
48,28,1.675,6000,2843.9466666666667,827.9109969829948,10.688285011523726,"[2881.86,2949.87,2896.47,2908.895,2849.31,2846.82,2817.185,2811.53,2838.435,2644.48,2855.66,2783.635,2718.295,2963.505,2799.595,2790.295,2851.5,2789.08,2910.215,2775.225,2835.475,2876.655,2787.41,2902.955,2893.85,2910.04,2841.665,2919.135,2807.435,2861.92]",2850.584540177977,0.0023340358625959876,0.0023340358625959876,2799.25158508373,2888.6417482496036,0.01833809985775603,fc6ed5692c5e33a9fffe770a3a11e12d0b94dbf5a1eec4c0ae7c81aee87c07d7
48,28,1.875,6000,2765.1031666666668,776.5684788158441,10.025455952144638,"[2754.6,2793.175,2778.14,2732.16,2825.43,2756.06,2903.555,2767.535,2766.72,2802.275,2732.905,2752.815,2730.68,2796.585,2784.93,2876.56,2736.45,2762.87,2834.24,2772.53,2742.2,2756.085,2836.645,2667.76,2774.515,2743.875,2681.145,2737.62,2708.045,2644.99]",2763.448523811097,-0.0005984018518789992,0.0005984018518789992,2723.1798299289085,2807.026503404425,0.015524605678099546,fc6ed5692c5e33a9fffe770a3a11e12d0b94dbf5a1eec4c0ae7c81aee87c07d7
48,56,0.325,6000,1987.951,317.89640915476264,4.104024994918449,"[1996.595,1978.955,1982.67,1975.21,1980.605,1958.64,1977.835,1944.425,1994.09,1984.155,1944.74,1974.33,1980.42,1981.47,2026.295,2003.985,2015.215,1995.74,1998.155,2022.095,1990.665,1987.155,2020.755,1968.105,1992.875,2007.985,1972.8,1993.325,1986.27,2002.97]",1962.452694993958,-0.012826425302254469,0.012826425302254469,1970.7892446979545,2005.1127553020456,0.021275641579399096,fc6ed5692c5e33a9fffe770a3a11e12d0b94dbf5a1eec4c0ae7c81aee87c07d7
48,56,0.525,6000,2826.1258333333335,560.4809302240618,7.235777695415442,"[2839.23,2873.315,2895.145,2779.27,2848.975,2821.665,2850.11,2831.1,2846.2,2792.27,2868.245,2770.41,2826.665,2781.095,2820.265,2823.85,2750.355,2782.015,2855.165,2838.575,2824.965,2843.885,2821.375,2823.75,2869.595,2833.28,2837.02,2847.195,2794.07,2794.72]",2829.4736842105262,0.0011846078605934004,0.0011846078605934004,2795.8680628805523,2856.3836037861147,0.012019745057408215,fc6ed5692c5e33a9fffe770a3a11e12d0b94dbf5a1eec4c0ae7c81aee87c07d7
48,56,0.725,6000,4875.124833333333,1227.2541554395511,15.8437830186041,"[4857.37,4862.085,4997.355,4848.095,4835.135,4899.93,4993.98,4853.285,4924.24,4903.37,4908.23,4870.58,4898.18,4854.78,4834.0,4848.255,4916.605,4974.69,4810.65,4781.54,4750.43,4889.58,4811.78,4979.125,4821.635,4904.565,4907.215,4900.615,4832.645,4783.8]",4887.272727272727,0.0024918118724536714,0.0024918118724536714,4808.871063543758,4941.378603122908,0.016303548731704476,fc6ed5692c5e33a9fffe770a3a11e12d0b94dbf5a1eec4c0ae7c81aee87c07d7
48,56,0.94,6000,12072.834166666667,3743.7494053779405,48.33159699800895,"[11628.695,11987.245,11807.79,12474.59,11982.855,12207.655,12112.75,12090.74,11691.28,12262.975,12096.295,11602.035,12100.14,11861.885,11906.885,12045.175,12690.5,11872.275,12014.765,12396.385,12235.65,11633.845,11833.325,12579.93,12126.67,11947.315,12436.325,12063.98,12147.315,12347.755]",12105.3584216251,0.0026940032894871386,0.0026940032894871386,11870.726469451389,12274.941863881946,0.019765593350796307,fc6ed5692c5e33a9fffe770a3a11e12d0b94dbf5a1eec4c0ae7c81aee87c07d7
48,56,1.0,6000,12930.189,4058.5936775832774,52.3962190743425,"[12657.275,12672.94,13123.065,13100.515,12760.33,13104.63,12627.785,13221.62,13240.99,13489.95,12879.165,13138.56,12852.29,12810.49,12170.385,12696.51,12519.15,12872.965,12604.185,13153.74,13004.145,13356.13,13544.095,12951.465,13117.745,12501.22,13225.92,12731.005,13151.795,12625.61]",12795.7926970005,-0.010393993699512136,0.010393993699512136,12711.08431822549,13149.29368177451,0.026883648150925255,fc6ed5692c5e33a9fffe770a3a11e12d0b94dbf5a1eec4c0ae7c81aee87c07d7
48,56,1.06,6000,12549.501666666667,3841.6632029662264,49.59565868942013,"[12632.7,12701.955,12531.095,12358.635,12869.585,12400.07,12520.65,12699.52,12282.82,12600.945,12834.655,12537.98,12708.78,12564.03,12823.67,12531.83,12776.585,12477.25,12452.31,12148.545,12404.155,12117.845,12364.56,12237.605,12808.62,12635.02,12811.21,12261.295,12895.635,12495.495]",12532.677013974278,-0.0013406630111120125,0.0013406630111120125,12342.108056850577,12756.895276482757,0.017576240742669058,fc6ed5692c5e33a9fffe770a3a11e12d0b94dbf5a1eec4c0ae7c81aee87c07d7
48,56,1.275,6000,11765.81,3383.425568463056,43.67983626596593,"[11699.125,11826.04,12026.45,11548.255,11981.725,11691.675,11949.21,11931.455,11579.855,12072.175,11440.07,11502.88,11759.245,12072.85,11491.35,11325.12,11292.36,11823.235,11953.11,12084.165,12111.84,11534.99,12096.94,11970.21,11721.145,11842.1,11440.065,11677.985,11999.49,11529.185]",11672.945666913003,-0.007892727579911314,0.007892727579911314,11583.154518476837,11948.465481523162,0.023059012476222773,fc6ed5692c5e33a9fffe770a3a11e12d0b94dbf5a1eec4c0ae7c81aee87c07d7
48,56,1.675,6000,10328.4725,2702.910516237428,34.894424718921506,"[10317.615,10042.08,10635.485,10165.22,10519.545,10515.895,10393.285,10339.5,10217.89,10216.78,10196.875,10106.01,10516.005,10197.5,10445.94,10239.565,10575.04,10379.84,10575.03,10126.93,10352.49,10422.435,10471.955,10200.805,10631.605,10324.845,9935.355,10146.49,10504.735,10141.43]",10360.553921594563,0.003106114829134988,0.003106114829134988,10182.55487543064,10474.39012456936,0.017480784374991565,fc6ed5692c5e33a9fffe770a3a11e12d0b94dbf5a1eec4c0ae7c81aee87c07d7
48,56,1.875,6000,9834.008166666667,2477.4295813043186,31.983478365977465,"[9979.49,10197.985,9674.27,9726.155,9477.53,9962.495,9750.57,9879.32,9772.28,10073.635,9667.285,9855.03,9809.99,9954.19,9734.14,9658.645,9797.3,9785.49,9582.01,10137.3,9697.5,9625.61,9979.395,9995.495,9697.33,9856.645,9885.77,10089.81,10082.075,9635.505]",9816.196910548397,-0.0018111898847758471,0.0018111898847758471,9700.263213820423,9967.75311951291,0.015204651153310267,fc6ed5692c5e33a9fffe770a3a11e12d0b94dbf5a1eec4c0ae7c81aee87c07d7
48,112,0.325,6000,3997.5288333333333,456.7200612749938,5.896230637322939,"[4001.885,3943.365,3984.91,4012.025,3995.915,4027.67,3997.54,3964.83,3979.95,4032.08,4000.625,3994.595,3961.165,3998.235,3956.18,3933.165,4090.795,4018.915,3954.965,3998.77,4031.575,3985.33,4093.855,3992.765,4010.245,4004.44,3968.0,4049.24,3996.665,3946.17]",3906.194995816238,-0.022847574420354233,0.022847574420354233,3972.872631792784,4022.1850348738826,0.02883756914512048,fc6ed5692c5e33a9fffe770a3a11e12d0b94dbf5a1eec4c0ae7c81aee87c07d7
48,112,0.525,6000,5647.077166666667,758.6908868937434,9.794657232862678,"[5704.92,5581.905,5689.335,5578.12,5674.02,5700.055,5694.015,5640.54,5668.81,5667.46,5584.155,5561.175,5659.89,5659.725,5530.895,5689.055,5619.205,5699.19,5574.375,5616.965,5617.845,5672.305,5744.795,5654.815,5669.86,5625.105,5699.35,5639.565,5684.775,5610.09]",5614.1814342851185,-0.005825267020561364,0.005825267020561364,5606.118958345341,5688.035374987993,0.012984086039203091,fc6ed5692c5e33a9fffe770a3a11e12d0b94dbf5a1eec4c0ae7c81aee87c07d7
48,112,0.725,6000,9750.630333333333,1750.9809802161571,22.605067253010382,"[9668.285,9947.715,9818.415,9753.56,9834.345,9862.15,9754.005,9677.505,9755.505,9817.1,9718.0,9767.875,9580.905,9698.4,9736.53,9805.28,9770.81,9883.79,9803.51,9548.33,9484.78,9570.265,9637.19,10025.82,9850.735,9741.215,9556.525,9869.715,9749.635,9831.015]",9774.545454545454,0.0024526743804824227,0.0024526743804824227,9656.102977076294,9845.15768959037,0.012266074393608273,fc6ed5692c5e33a9fffe770a3a11e12d0b94dbf5a1eec4c0ae7c81aee87c07d7
48,112,0.94,6000,38669.848333333335,11711.28125245453,151.19199084502512,"[39370.335,39278.28,40145.085,39727.555,38967.71,38468.925,38892.91,37962.245,38279.825,38990.37,37602.045,37392.505,39689.175,39043.825,37962.56,38947.935,37868.915,38914.54,38899.22,37949.44,37532.47,39360.855,39748.25,40354.05,38240.865,40081.365,38298.92,36356.095,37572.825,38196.355]",37531.00007530694,-0.029450548867157318,0.029450548867157318,38037.61048056095,39302.08618610572,0.045063412217158705,fc6ed5692c5e33a9fffe770a3a11e12d0b94dbf5a1eec4c0ae7c81aee87c07d7
48,112,1.0,6000,51513.65266666667,16105.62583043343,207.92273540505556,"[52915.27,54057.51,51522.19,49979.56,53496.51,49183.625,52770.25,52641.86,51467.205,50647.6,48898.885,51182.54,50944.86,51322.815,51924.555,51610.015,52419.075,53046.715,50212.59,51623.55,50759.415,51142.315,50868.775,51589.35,50303.25,52252.245,51845.91,50439.82,51808.49,52532.83]",51286.8523604388,-0.004402722278216998,0.004402722278216998,50644.18449550012,52383.120837833216,0.020927895472059088,fc6ed5692c5e33a9fffe770a3a11e12d0b94dbf5a1eec4c0ae7c81aee87c07d7
48,112,1.06,6000,49301.719666666664,14881.901432627988,192.12452136156168,"[49827.21,49413.28,48161.225,48584.595,52111.19,49869.015,48517.02,49676.355,49607.875,47251.06,48558.295,50296.96,47947.42,48846.335,48402.805,49600.96,50113.385,49474.25,48938.72,50257.25,51055.265,50356.15,48282.015,48180.83,49585.405,48630.515,50132.195,50725.025,47386.825,49262.16]",49173.39327749937,-0.002602878561537487,0.002602878561537487,48498.31471001745,50105.12462331588,0.01859552995469338,fc6ed5692c5e33a9fffe770a3a11e12d0b94dbf5a1eec4c0ae7c81aee87c07d7
48,112,1.275,6000,42927.327333333335,11743.881430019632,151.6128573276686,"[41544.8,43369.985,44983.05,42932.39,41930.725,42420.965,42536.395,43403.085,42845.15,40985.17,42721.0,42555.34,43200.77,43299.835,43216.81,43386.86,41874.235,42810.38,42659.615,44037.19,44152.2,43289.59,42244.145,42615.84,42304.145,44200.89,42554.01,42675.225,42751.635,44318.39]",42975.1623391697,0.0011143252750147501,0.0011143252750147501,42293.329547909736,43561.32511875693,0.01612152078231599,fc6ed5692c5e33a9fffe770a3a11e12d0b94dbf5a1eec4c0ae7c81aee87c07d7
48,112,1.675,6000,34853.104166666664,8068.923823963688,104.1693586400921,"[35338.325,35212.155,34533.57,34033.31,35451.035,34431.725,35516.035,34266.995,35171.365,34783.365,34984.615,34611.325,34252.795,33940.655,34710.135,34824.41,34976.1,34122.465,34490.04,35113.0,34013.445,35507.57,34926.37,35594.55,34153.96,35657.365,35284.545,35070.32,35338.18,35283.4]",35187.22703831012,0.0095866029621261,0.0095866029621261,34417.50032771202,35288.70800562131,0.02236439901994669,fc6ed5692c5e33a9fffe770a3a11e12d0b94dbf5a1eec4c0ae7c81aee87c07d7
48,112,1.875,6000,32092.302666666666,7013.360545445835,90.54209531153295,"[31784.285,31423.265,31910.16,32822.585,31672.48,32527.32,31673.73,32091.295,31371.825,31747.825,32244.965,32388.915,32735.04,33200.77,33017.875,31146.005,32162.185,32232.57,31995.21,31391.565,32913.145,31303.325,32779.525,31939.95,32491.14,31667.37,32563.945,31676.055,31714.415,32180.34]",32416.989797292903,0.010117289930818191,0.010117289930818191,31713.68380196799,32470.921531365344,0.02217673606499382,fc6ed5692c5e33a9fffe770a3a11e12d0b94dbf5a1eec4c0ae7c81aee87c07d7
49,14,0.325,6000,483.92083333333335,141.89833011228026,1.8318995645983462,"[489.715,494.825,481.93,495.1,492.545,476.765,495.995,484.66,477.39,476.19,470.905,471.775,477.35,491.185,465.76,481.81,497.305,469.28,476.67,488.585,481.295,478.955,504.53,478.9,496.61,481.245,478.105,492.375,492.11,477.76]",488.06060307912804,0.008554642537869715,0.008554642537869715,476.2603994654871,491.58126720117957,0.02477678939270289,fc6ed5692c5e33a9fffe770a3a11e12d0b94dbf5a1eec4c0ae7c81aee87c07d7
49,14,0.525,6000,616.9381666666667,190.14258696357783,2.4547302423824413,"[615.8,619.885,647.73,632.75,616.6,620.25,603.33,624.595,607.92,617.655,618.01,641.625,600.395,620.29,602.39,615.465,633.785,614.125,627.96,585.0,600.975,632.175,600.89,631.725,601.25,613.475,607.74,631.615,602.435,620.305]",609.4350943488694,-0.012161789824637724,0.012161789824637724,606.6732487374484,627.203084595885,0.02832892675976517,fc6ed5692c5e33a9fffe770a3a11e12d0b94dbf5a1eec4c0ae7c81aee87c07d7
49,14,0.725,6000,740.22,230.27121343889928,2.9727885825327682,"[742.75,723.005,710.215,740.29,733.19,744.545,731.75,731.88,743.28,747.305,747.31,758.66,728.675,778.085,752.325,758.81,743.95,723.025,741.455,765.105,724.825,756.05,743.475,721.94,757.72,750.2,738.5,700.07,719.94,748.27]",740.163098576807,-7.687096159660586e-05,7.687096159660586e-05,727.7887233188608,752.6512766811393,0.017002702654578927,fc6ed5692c5e33a9fffe770a3a11e12d0b94dbf5a1eec4c0ae7c81aee87c07d7
49,14,0.94,6000,796.3473333333334,255.24630223640156,3.2952155924753606,"[786.55,808.94,837.42,816.425,794.665,777.035,785.14,808.785,821.125,779.39,796.22,785.325,793.04,780.635,833.24,773.37,761.725,796.155,761.375,811.9,778.065,781.005,841.91,810.89,792.345,793.66,780.515,797.085,798.45,808.035]",796.2382886710697,-0.00013693103210039086,0.00013693103210039086,782.567767240152,810.1268994265148,0.01746880206825918,fc6ed5692c5e33a9fffe770a3a11e12d0b94dbf5a1eec4c0ae7c81aee87c07d7
49,14,1.0,6000,796.5301666666667,260.3449698775242,3.3610391086817426,"[810.175,801.015,796.52,777.28,777.405,768.545,789.9,795.775,796.695,792.395,817.375,791.04,818.53,805.89,809.745,828.58,779.29,800.205,788.24,830.78,775.985,790.82,776.74,822.155,782.465,793.785,796.46,793.665,784.605,803.845]",800.8715438403977,0.005450361273696571,0.005450361273696571,782.4753471138565,810.5849862194768,0.02351025728081435,fc6ed5692c5e33a9fffe770a3a11e12d0b94dbf5a1eec4c0ae7c81aee87c07d7
49,14,1.06,6000,801.0413333333333,257.7515294491534,3.3275579367202055,"[810.9,792.32,797.79,789.325,771.34,806.58,784.175,828.365,816.16,794.26,790.395,800.82,816.64,803.605,816.645,776.555,806.385,807.47,807.415,840.77,791.08,804.3,793.285,795.49,809.975,805.31,793.325,792.73,780.04,807.79]",796.8858597241193,-0.005187589499186094,0.005187589499186094,787.1265216218841,814.9561450447826,0.02217332236898506,fc6ed5692c5e33a9fffe770a3a11e12d0b94dbf5a1eec4c0ae7c81aee87c07d7
49,14,1.275,6000,784.5605,245.54479913275878,3.1699697259634005,"[797.095,761.535,803.9,803.98,783.96,783.16,764.385,771.62,776.5,808.485,782.25,777.05,784.265,778.575,785.58,791.97,773.515,795.81,780.085,775.145,763.53,784.245,781.42,783.995,834.03,783.785,801.23,789.605,739.515,796.595]",782.8446352399584,-0.002187039444429912,0.002187039444429912,771.3046731424062,797.8163268575939,0.018765837591473544,fc6ed5692c5e33a9fffe770a3a11e12d0b94dbf5a1eec4c0ae7c81aee87c07d7
49,14,1.675,6000,756.8386666666667,232.28505195653315,2.998787126001925,"[763.99,746.085,770.82,736.355,756.15,769.465,766.555,768.11,745.1,778.11,770.015,747.315,764.2,723.725,757.565,751.645,719.32,776.505,765.075,754.955,790.75,760.375,759.78,746.71,749.555,755.275,721.635,753.58,777.745,758.695]",757.714767280523,0.001157579088440273,0.001157579088440273,744.298672167829,769.3786611655044,0.01802514986842385,fc6ed5692c5e33a9fffe770a3a11e12d0b94dbf5a1eec4c0ae7c81aee87c07d7
49,14,1.875,6000,742.378,226.5823574555582,2.925165656565976,"[757.085,743.19,739.815,729.865,755.29,737.87,728.5,740.595,779.445,738.31,747.605,724.535,722.085,737.84,732.805,725.0,756.54,755.24,785.295,755.695,745.805,728.395,738.075,744.565,726.45,727.375,748.31,720.0,753.6,746.16]",745.6273082174957,0.004376891849564097,0.004376891849564097,730.1458675743713,754.6101324256288,0.02120321613892795,fc6ed5692c5e33a9fffe770a3a11e12d0b94dbf5a1eec4c0ae7c81aee87c07d7
49,28,0.325,6000,1009.7741666666667,228.81947008712794,2.954046656451509,"[1019.085,1017.745,1012.31,1016.35,991.635,1035.32,1000.23,1003.44,1058.31,1017.35,989.21,1003.77,1013.395,985.38,1009.04,1013.865,1020.735,1029.235,993.79,975.705,980.275,995.49,1001.585,1029.365,1017.9,978.34,1006.32,1016.75,1029.925,1031.375]",1016.2962962962962,0.006458998303709317,0.006458998303709317,997.4212628876647,1022.1270704456687,0.018923832999093948,fc6ed5692c5e33a9fffe770a3a11e12d0b94dbf5a1eec4c0ae7c81aee87c07d7
49,28,0.525,6000,1424.2668333333334,381.1585902811712,4.920736241409574,"[1427.13,1387.895,1398.93,1474.16,1400.38,1438.055,1426.735,1412.94,1427.11,1405.21,1392.235,1453.12,1398.32,1442.89,1479.05,1366.66,1436.855,1431.8,1430.14,1413.575,1374.825,1419.3,1468.255,1456.52,1392.665,1444.02,1416.445,1452.875,1459.14,1400.77]",1444.2105263157896,0.014002778493254885,0.014002778493254885,1403.6898457697728,1444.843820896894,0.028867260576210585,fc6ed5692c5e33a9fffe770a3a11e12d0b94dbf5a1eec4c0ae7c81aee87c07d7
49,28,0.725,6000,2280.1675,694.0295019680482,8.959882342996261,"[2320.38,2345.185,2235.735,2235.795,2291.025,2272.415,2258.695,2247.88,2338.295,2313.23,2276.38,2259.635,2234.335,2355.01,2319.76,2200.04,2262.135,2266.95,2259.415,2369.18,2264.415,2165.475,2268.475,2358.06,2263.47,2268.99,2193.43,2371.385,2297.505,2292.345]",2215.2989718387284,-0.028449018837989563,0.028449018837989563,2242.70006047514,2317.63493952486,0.04415534385545261,fc6ed5692c5e33a9fffe770a3a11e12d0b94dbf5a1eec4c0ae7c81aee87c07d7
49,28,0.94,6000,3209.215166666667,1005.0432620189677,12.97505272005813,"[3032.405,3326.545,3208.755,3220.375,3349.24,3293.01,3204.255,3356.995,3128.71,3187.355,3230.655,3351.675,3079.085,3237.245,3280.28,3261.33,3252.55,3259.99,3274.945,3148.48,3263.62,3041.39,3130.44,3121.315,3203.705,3219.47,3242.795,3182.805,3038.9,3148.135]",3239.063836238647,0.00930092499936156,0.00930092499936156,3154.9575341989084,3263.4727991344253,0.0266584577218707,fc6ed5692c5e33a9fffe770a3a11e12d0b94dbf5a1eec4c0ae7c81aee87c07d7
49,28,1.0,6000,3217.8973333333333,1001.555981555826,12.930032122867123,"[3170.63,3247.46,3266.16,3290.735,3249.86,3298.36,3199.3,3196.03,3120.49,3181.645,3145.68,3149.445,3325.56,3357.595,3044.87,3122.905,3159.015,3143.55,3233.19,3159.735,3341.075,3207.8,3176.86,3195.025,3225.405,3328.165,3236.275,3195.425,3342.055,3226.62]",3230.006025919662,0.0037629207311551094,0.0037629207311551094,3163.8279629920244,3271.9667036746423,0.02091708642244039,fc6ed5692c5e33a9fffe770a3a11e12d0b94dbf5a1eec4c0ae7c81aee87c07d7
49,28,1.06,6000,3253.8325,1010.1953026694091,13.041565278851941,"[3293.4,3306.58,3278.84,3189.245,3278.94,3248.355,3129.38,3148.81,3249.345,3190.395,3180.51,3256.465,3223.495,3264.37,3259.87,3364.475,3257.95,3159.76,3193.89,3329.055,3271.2,3293.345,3244.875,3152.31,3262.57,3439.965,3225.645,3261.465,3277.445,3383.025]",3197.8407116998146,-0.017207950409305138,0.017207950409305138,3199.2967327109513,3308.3682672890486,0.03340848015079134,fc6ed5692c5e33a9fffe770a3a11e12d0b94dbf5a1eec4c0ae7c81aee87c07d7
49,28,1.275,6000,3112.3603333333335,949.9139823806203,12.263336780299026,"[3163.705,3139.9,3049.885,3147.33,3191.67,3213.59,3241.44,3102.28,3004.95,2965.915,3190.66,3096.53,3139.915,3221.15,3097.2,3090.085,3095.805,3058.785,3051.745,3086.555,3114.705,3003.71,3066.65,3173.97,3100.445,3090.15,3107.54,3142.575,3096.15,3125.82]",3087.057829533983,-0.008129683291603882,0.008129683291603882,3061.078875430261,3163.641791236406,0.02420753257039654,fc6ed5692c5e33a9fffe770a3a11e12d0b94dbf5a1eec4c0ae7c81aee87c07d7
49,28,1.675,6000,2896.220333333333,828.0188721653626,10.689677674139658,"[2851.24,2859.495,2926.55,2796.16,2914.29,2994.585,3004.72,3003.01,2843.705,2885.04,2926.065,2811.695,2817.33,2885.01,2973.33,2951.125,2864.975,2943.35,2853.615,2903.87,2836.665,2984.625,2860.09,2813.665,2835.5,2857.86,3010.33,2899.725,2865.525,2913.465]",2898.462616191286,0.0007742100392521542,0.0007742100392521542,2851.5194280687515,2940.921238597915,0.01646251737247595,fc6ed5692c5e33a9fffe770a3a11e12d0b94dbf5a1eec4c0ae7c81aee87c07d7
49,28,1.875,6000,2811.212666666667,779.9384952988048,10.068962677861142,"[2876.44,2854.525,2826.185,2828.24,2856.75,2848.375,2748.69,2826.37,2839.68,2852.145,2800.76,2794.235,2835.4,2917.71,2771.02,2825.115,2791.365,2824.115,2880.795,2845.92,2767.42,2765.785,2734.57,2821.26,2767.15,2743.615,2781.87,2805.765,2824.135,2680.975]",2812.053631932322,0.00029914679726178174,0.00029914679726178174,2769.1073983418287,2853.317934991505,0.015509053067501055,fc6ed5692c5e33a9fffe770a3a11e12d0b94dbf5a1eec4c0ae7c81aee87c07d7
49,56,0.325,6000,2033.2103333333334,328.0767468421456,4.2354525893251225,"[2032.555,1990.57,1996.855,2032.9,2040.78,2027.17,2046.755,2031.88,2036.195,2027.23,2049.26,2042.58,2040.32,2022.125,2044.815,2063.86,2043.05,2031.53,2029.89,2032.085,2015.85,2053.895,2049.05,2020.545,2041.33,2013.13,2050.895,2026.81,2024.075,2038.325]",2003.705582362042,-0.014511411085994307,0.014511411085994307,2015.4989887334798,2050.921677933187,0.023021891122983695,fc6ed5692c5e33a9fffe770a3a11e12d0b94dbf5a1eec4c0ae7c81aee87c07d7
49,56,0.525,6000,2885.77,564.1662388198807,7.283354824806248,"[2956.975,2859.73,2913.665,2900.265,2894.235,2887.52,2907.33,2864.415,2850.32,2875.88,2917.445,2837.18,2823.345,2862.445,2857.2,2907.785,2857.25,2877.51,2915.225,2899.27,2858.61,2898.825,2908.985,2897.93,2867.67,2887.93,2860.9,2930.555,2859.2,2937.505]",2888.421052631579,0.0009186638684230569,0.0009186638684230569,2855.3132767987363,2916.2267232012637,0.011595146529757239,fc6ed5692c5e33a9fffe770a3a11e12d0b94dbf5a1eec4c0ae7c81aee87c07d7
49,56,0.725,6000,4979.066666666667,1260.8688761892383,16.277747197440604,"[4980.335,5055.965,4974.285,5072.365,4994.835,4938.12,4898.54,5032.605,4897.72,5041.265,4966.815,4871.59,5025.66,4981.955,4841.52,4952.61,4983.57,4944.685,5058.73,5081.97,4910.04,4892.515,5018.51,5025.06,5128.67,5030.22,5023.99,4885.735,4957.07,4905.05]",4989.090909090909,0.0020132774062560058,0.0020132774062560058,4910.998193736573,5047.13513959676,0.015901597246346988,fc6ed5692c5e33a9fffe770a3a11e12d0b94dbf5a1eec4c0ae7c81aee87c07d7
49,56,0.94,6000,12284.905666666667,3737.14038329781,48.24627488983874,"[12299.705,12575.78,12389.445,12342.36,11959.78,12513.865,12140.91,12136.035,12389.74,12250.145,12468.945,12133.4,12235.395,12587.995,12587.47,12011.53,12510.49,12252.965,11926.68,12468.5,11954.775,12133.97,11962.41,12335.055,12537.525,12136.95,12360.97,12158.715,12143.445,12642.22]",12293.988365036868,0.0007393380638522516,0.0007393380638522516,12083.154759954392,12486.656573378943,0.017448556214906263,fc6ed5692c5e33a9fffe770a3a11e12d0b94dbf5a1eec4c0ae7c81aee87c07d7
49,56,1.0,6000,12974.124666666667,4052.683021991441,52.31991283876799,"[13019.155,12713.265,12813.01,13270.425,13116.115,12707.005,13661.955,13085.51,13165.765,13246.23,12662.69,12990.61,13406.285,12985.33,13024.855,13305.49,12841.765,12676.315,12686.765,12585.785,12968.25,12912.21,12875.27,13109.77,13474.935,12737.765,13053.63,12702.0,12830.08,12595.505]",12973.06380479479,-8.176751026616056e-05,8.176751026616056e-05,12755.339073821822,13192.910259511511,0.017069301702830497,fc6ed5692c5e33a9fffe770a3a11e12d0b94dbf5a1eec4c0ae7c81aee87c07d7
49,56,1.06,6000,12804.1365,3897.1123704617175,50.311504363657136,"[13071.86,12718.535,12909.27,12572.125,12875.67,12766.21,12779.26,12715.22,12986.555,12531.565,13259.175,12904.92,13112.705,12707.805,12717.005,12991.225,12693.135,12339.865,12865.845,12665.87,12854.43,13232.995,12664.89,13643.825,12766.54,12513.785,12836.715,13048.76,12135.505,12242.83]",12713.522774878898,-0.00707691027201265,0.00707691027201265,12593.749446354865,13014.523553645136,0.023128067464439184,fc6ed5692c5e33a9fffe770a3a11e12d0b94dbf5a1eec4c0ae7c81aee87c07d7
49,56,1.275,6000,11844.922,3497.351665097591,45.15061584917917,"[11798.885,12120.43,12252.32,12227.39,11809.555,11753.84,11961.37,12055.19,11970.16,12121.26,11562.4,11605.005,11782.45,12043.705,11879.115,11384.29,11375.29,11470.775,11702.175,11931.275,11289.12,11902.72,11927.14,11671.715,12053.86,11879.2,12091.39,12186.15,11711.06,11828.425]",11863.619981005231,0.0015785651442222041,0.0015785651442222041,11656.116175985844,12033.727824014157,0.017802139399304417,fc6ed5692c5e33a9fffe770a3a11e12d0b94dbf5a1eec4c0ae7c81aee87c07d7
49,56,1.675,6000,10578.336,2776.0412694384795,35.83853868306576,"[10370.15,10868.45,10452.675,10521.42,10771.245,10782.915,10485.445,10551.585,10514.855,10650.075,10621.225,10751.88,10532.405,10555.515,10617.03,10513.87,10531.79,11032.635,10751.575,10338.49,10349.255,10663.845,10911.815,10608.305,10497.93,10462.87,10419.99,10397.365,10372.61,10450.865]",10560.27726360557,-0.0017071433914018904,0.0017071433914018904,10428.470384653305,10728.201615346694,0.015652609613610147,fc6ed5692c5e33a9fffe770a3a11e12d0b94dbf5a1eec4c0ae7c81aee87c07d7
49,56,1.875,6000,9951.5985,2509.6783005981397,32.399807541849086,"[10040.725,10123.425,10097.84,9730.99,9819.46,9915.255,10050.78,9696.45,9641.16,10015.585,10388.615,9953.43,9930.73,9775.7,10248.175,10111.235,9922.385,9975.905,9996.115,9970.055,9936.575,9961.865,10203.46,9876.24,10070.505,9815.32,9855.77,9794.385,9933.52,9696.3]",10017.372018252388,0.006609342032075388,0.006609342032075388,9816.112588107391,10087.084411892609,0.020502966763933816,fc6ed5692c5e33a9fffe770a3a11e12d0b94dbf5a1eec4c0ae7c81aee87c07d7
49,112,0.325,6000,4069.489,463.959137452719,5.989686708917128,"[4047.0,4021.275,4089.68,4123.885,4103.675,4089.26,4077.005,3999.02,4052.865,4099.44,4096.3,4100.72,4114.63,4054.96,4049.725,4112.21,4021.15,4025.345,4044.35,4020.86,4082.51,4049.11,4045.34,4087.87,4068.29,4046.805,4052.515,4087.75,4152.055,4069.07]",3986.735993686964,-0.020334987098634783,0.020334987098634783,4044.441994252806,4094.536005747194,0.026327772404228234,fc6ed5692c5e33a9fffe770a3a11e12d0b94dbf5a1eec4c0ae7c81aee87c07d7
49,112,0.525,6000,5779.988166666667,801.5670142329689,10.348185656644974,"[5779.595,5806.44,5757.615,5766.83,5671.435,5812.845,5837.945,5732.575,5900.73,5758.375,5711.105,5888.045,5730.1,5840.58,5761.835,5852.785,5805.92,5773.705,5906.59,5721.445,5792.72,5728.525,5728.83,5851.055,5760.735,5741.795,5833.27,5668.315,5766.38,5711.525]",5730.7170944191075,-0.008524424415210214,0.008524424415210214,5736.715274742429,5823.261058590905,0.01589212010944796,fc6ed5692c5e33a9fffe770a3a11e12d0b94dbf5a1eec4c0ae7c81aee87c07d7
49,112,0.725,6000,9966.473,1786.7181612019642,23.066432275671822,"[9928.52,9751.255,10108.76,9822.3,9908.045,9947.685,9833.23,9974.635,10100.25,10092.41,10017.705,10115.1,10064.36,9954.275,9858.585,9959.985,10029.185,10043.295,10018.225,9826.79,9937.31,10017.175,9920.475,9820.21,9956.315,9807.105,10047.15,10090.315,9981.2,10062.34]",9978.181818181818,0.001174820639339319,0.001174820639339319,9870.016358801071,10062.929641198929,0.010958994944754608,fc6ed5692c5e33a9fffe770a3a11e12d0b94dbf5a1eec4c0ae7c81aee87c07d7
49,112,0.94,6000,39598.535,11813.641752229354,152.51345921481632,"[38513.155,38564.16,41561.43,39106.665,39640.235,39767.605,38870.285,40550.52,39483.88,39822.505,39333.02,40471.73,40381.32,40022.28,40017.7,39676.725,39779.98,38515.195,40040.045,39216.025,40551.305,38131.455,39185.96,39744.425,39625.53,38640.865,39621.86,39569.505,39151.49,40399.195]",38213.89135026668,-0.03496704233460472,0.03496704233460472,38960.771177763534,40236.29882223647,0.050263258082080875,fc6ed5692c5e33a9fffe770a3a11e12d0b94dbf5a1eec4c0ae7c81aee87c07d7
49,112,1.0,6000,52011.905666666666,16453.871524207418,212.41856797963925,"[49781.325,51569.43,52784.715,50869.15,51634.145,52554.31,52861.705,53076.575,51315.27,50521.715,54902.22,51923.71,52490.0,51045.065,52875.53,49947.4,51175.83,53610.49,52081.49,51185.45,52478.445,50476.69,49831.985,51140.95,51492.105,52127.82,53898.26,52972.33,53797.455,53935.605]",51998.33462141146,-0.0002609219001161467,0.0002609219001161467,51123.6373228356,52900.17401049773,0.017109449647573216,fc6ed5692c5e33a9fffe770a3a11e12d0b94dbf5a1eec4c0ae7c81aee87c07d7
49,112,1.06,6000,50412.021,15128.444436306158,195.30737785279334,"[50123.45,48874.395,50408.13,50799.145,48510.18,50557.36,50138.065,50678.32,51444.58,50677.165,51174.355,51100.31,50512.16,50833.135,50353.975,51269.51,49622.07,50819.48,49742.43,49441.22,51710.1,49437.865,48667.545,49854.285,50605.515,49424.65,51314.34,51210.23,50721.575,52335.09]",49912.94233462944,-0.009899993205401508,0.009899993205401508,49595.30632805137,51228.735671948634,0.025684673261215818,fc6ed5692c5e33a9fffe770a3a11e12d0b94dbf5a1eec4c0ae7c81aee87c07d7
49,112,1.275,6000,43889.01416666667,11844.571473275437,152.9127601965307,"[44512.785,44403.325,44019.775,44036.695,43345.305,43833.485,44478.54,42951.295,44911.265,44496.985,42957.515,44302.175,44603.835,42528.055,42710.725,43597.08,45178.25,43001.205,42926.73,42490.8,43298.38,44501.01,43322.385,43558.26,45226.375,44874.205,44219.125,43678.375,44981.63,43724.855]",43768.737723260354,-0.00274046810323807,0.00274046810323807,43249.5805919924,44528.44774134093,0.01706122841949531,fc6ed5692c5e33a9fffe770a3a11e12d0b94dbf5a1eec4c0ae7c81aee87c07d7
49,112,1.675,6000,35694.091166666665,8225.285600110747,106.18798049009534,"[35567.415,35724.385,35301.595,35306.565,36428.55,35731.265,35510.94,35605.03,36324.1,36337.355,35159.12,35338.04,35055.2,36260.235,35617.445,36045.295,35828.685,35092.325,34924.505,35756.405,35720.425,36057.73,37007.765,35354.52,35857.35,35421.865,35424.845,35617.16,36425.33,35021.29]",35985.58438309581,0.008166427744807244,0.008166427744807244,35250.04607935705,36138.13625397628,0.02086630758107,fc6ed5692c5e33a9fffe770a3a11e12d0b94dbf5a1eec4c0ae7c81aee87c07d7
49,112,1.875,6000,32743.724666666665,7009.407706903045,90.49106438537805,"[31768.53,32449.88,32692.305,33111.32,32786.055,32795.05,32044.445,33213.345,31772.425,32978.95,33934.64,32462.895,32183.325,32615.035,33033.635,32005.255,33432.54,32594.575,33222.36,32343.385,32681.39,32046.685,32500.91,33368.485,33013.87,32734.105,33354.495,32632.535,32919.075,33620.24]",33199.460982416545,0.013918279621188696,0.013918279621188696,32365.31919741967,33122.13013591366,0.025772703797816376,fc6ed5692c5e33a9fffe770a3a11e12d0b94dbf5a1eec4c0ae7c81aee87c07d7
50,14,0.325,6000,493.6383333333333,144.2026996984532,1.861648848034195,"[484.385,492.56,492.96,501.44,482.255,486.13,518.43,477.895,487.125,494.78,489.985,494.07,504.855,477.025,488.815,499.87,477.17,486.99,500.12,501.825,492.715,488.175,516.595,490.36,490.39,497.31,506.765,497.335,500.105,490.715]",497.4086115254782,0.007637733817561856,0.007637733817561856,485.85349722052774,501.4231694461389,0.023783124688933954,fc6ed5692c5e33a9fffe770a3a11e12d0b94dbf5a1eec4c0ae7c81aee87c07d7
50,14,0.525,6000,628.9283333333333,192.02412628296133,2.479020810546464,"[611.98,593.27,650.14,635.96,639.12,617.125,622.235,638.77,648.205,615.59,617.715,620.475,625.345,624.895,626.46,636.585,631.93,634.46,626.78,648.015,637.045,616.785,616.45,627.51,600.94,651.745,634.475,643.855,651.265,622.725]",620.172833169579,-0.013921300249505287,0.013921300249505287,618.5618398075982,639.2948268590684,0.0299110721471626,fc6ed5692c5e33a9fffe770a3a11e12d0b94dbf5a1eec4c0ae7c81aee87c07d7
50,14,0.725,6000,757.7306666666667,238.02071079918747,3.0728341632590164,"[759.69,766.47,733.785,746.87,773.61,757.055,781.785,754.27,753.13,783.2,806.085,733.01,789.6,713.965,779.495,740.995,736.52,764.57,759.55,784.51,771.54,718.485,766.03,742.89,734.015,777.575,745.12,757.295,762.405,738.4]",751.528985920234,-0.008184545009527559,0.008184545009527559,744.8810305024344,770.580302830899,0.024723337516772248,fc6ed5692c5e33a9fffe770a3a11e12d0b94dbf5a1eec4c0ae7c81aee87c07d7
50,14,0.94,6000,810.221,253.81589110369507,3.276749064158021,"[823.33,805.88,814.18,818.87,813.705,801.26,827.975,782.685,801.95,791.2,809.38,820.21,816.39,808.515,821.01,805.53,838.645,803.72,823.18,786.74,852.575,820.68,811.67,822.32,791.175,783.31,812.15,831.62,798.76,768.015]",806.9293041865749,-0.004062713523131494,0.004062713523131494,796.5186551812145,823.9233448187855,0.02062575449412507,fc6ed5692c5e33a9fffe770a3a11e12d0b94dbf5a1eec4c0ae7c81aee87c07d7
50,14,1.0,6000,813.4291666666667,257.14447209541004,3.3197208599827364,"[803.91,819.735,804.48,801.085,808.44,793.82,832.165,826.61,827.46,804.785,810.785,789.315,821.295,821.685,818.2,837.175,832.31,833.44,809.275,838.055,798.22,821.295,796.84,814.095,805.325,807.465,769.24,823.96,814.485,817.925]",811.6298499450374,-0.0022120140208429025,0.0022120140208429025,799.5471271711318,827.3112061622015,0.018954603902814338,fc6ed5692c5e33a9fffe770a3a11e12d0b94dbf5a1eec4c0ae7c81aee87c07d7
50,14,1.06,6000,810.901,258.80530628916256,3.3411621372267875,"[789.08,790.84,812.26,815.435,811.415,810.56,817.69,772.785,822.525,849.435,832.17,811.61,829.66,833.28,808.225,785.38,785.76,826.2,796.27,831.465,796.715,822.7,832.675,789.545,813.495,820.62,826.295,780.93,821.425,790.585]",807.6971937413243,-0.003950921578189726,0.003950921578189726,796.9292997558388,824.8727002441611,0.020822008653884283,fc6ed5692c5e33a9fffe770a3a11e12d0b94dbf5a1eec4c0ae7c81aee87c07d7
50,14,1.275,6000,797.576,251.65463417115257,3.2488473571359795,"[820.075,802.55,783.85,804.725,785.12,823.925,790.965,769.78,808.75,788.86,789.04,815.78,788.93,797.745,798.27,807.28,779.93,803.265,797.585,810.49,809.77,793.605,777.44,785.035,795.84,805.14,831.85,807.775,768.595,785.315]",793.8376967937202,-0.004687080862864294,0.004687080862864294,783.9903314366015,811.1616685633985,0.021356990155069644,fc6ed5692c5e33a9fffe770a3a11e12d0b94dbf5a1eec4c0ae7c81aee87c07d7
50,14,1.675,6000,773.8585,239.11137262616737,3.0869145468998074,"[762.135,797.055,780.195,783.275,772.985,763.56,761.76,790.505,757.025,779.89,787.75,796.215,777.81,787.375,774.605,790.255,769.625,772.5,772.105,754.365,761.005,763.705,749.38,743.185,799.3,775.985,776.63,776.315,761.135,778.125]",769.0113983225498,-0.00626355034861059,0.00626355034861059,760.9499840533831,786.767015946617,0.022567821558589496,fc6ed5692c5e33a9fffe770a3a11e12d0b94dbf5a1eec4c0ae7c81aee87c07d7
50,14,1.875,6000,755.7181666666667,229.5647165031016,2.9636677463111316,"[772.09,779.295,749.875,745.465,747.525,777.95,768.33,763.25,744.135,756.645,764.305,754.405,728.685,773.75,794.28,762.35,756.65,736.645,739.3,751.7,762.505,761.18,713.705,746.52,720.755,742.615,771.615,760.585,786.7,738.735]",757.0590698464546,0.0017743429216507942,0.0017743429216507942,743.3250304840818,768.1113028492515,0.018476492515566934,fc6ed5692c5e33a9fffe770a3a11e12d0b94dbf5a1eec4c0ae7c81aee87c07d7
50,28,0.325,6000,1036.7868333333333,240.37846345763714,3.103272619194523,"[1042.23,1026.575,1058.885,1047.725,1037.76,1033.335,1036.205,1050.35,1021.595,1025.055,1020.925,1056.365,1018.005,1029.485,1020.8,1048.415,1054.4,1022.875,1095.045,1018.425,1026.99,1027.305,1048.04,1077.545,1045.735,1027.05,1050.895,1001.74,1021.66,1012.19]",1037.037037037037,0.0002413260813693,0.0002413260813693,1023.8099130192277,1049.763753647439,0.012919511571051645,fc6ed5692c5e33a9fffe770a3a11e12d0b94dbf5a1eec4c0ae7c81aee87c07d7
50,28,0.525,6000,1471.2546666666667,389.3540033202935,5.026538568795614,"[1478.285,1476.89,1459.155,1490.625,1458.415,1437.67,1463.38,1508.31,1446.54,1468.085,1477.285,1475.225,1443.63,1456.415,1519.58,1477.825,1477.855,1512.15,1469.175,1532.41,1450.295,1445.66,1451.61,1484.13,1416.83,1489.805,1447.535,1470.275,1466.19,1486.405]",1473.6842105263158,0.0016513414806381555,0.0016513414806381555,1450.2352466970574,1492.274086636276,0.016169075936241395,fc6ed5692c5e33a9fffe770a3a11e12d0b94dbf5a1eec4c0ae7c81aee87c07d7
50,28,0.725,6000,2321.6493333333333,699.7633448693156,9.033905936550855,"[2289.325,2293.78,2344.65,2308.335,2333.475,2194.275,2307.045,2360.5,2235.91,2343.96,2421.48,2431.77,2309.605,2292.08,2257.495,2235.06,2358.375,2317.405,2287.635,2466.665,2358.945,2220.575,2379.61,2383.29,2292.295,2291.585,2343.615,2292.67,2396.51,2301.56]",2255.8502561145715,-0.02834152267271563,0.02834152267271563,2283.8723501773466,2359.42631648932,0.043898832377551544,fc6ed5692c5e33a9fffe770a3a11e12d0b94dbf5a1eec4c0ae7c81aee87c07d7
50,28,0.94,6000,3244.174666666667,1005.2457707785529,12.97766709690258,"[3375.525,3259.53,3180.435,3235.495,3347.78,3203.165,3344.425,3168.32,3193.43,3175.425,3360.095,3209.775,3104.29,3300.41,3276.375,3162.66,3179.41,3231.61,3148.505,3297.405,3146.89,3276.4,3241.85,3289.125,3266.12,3308.45,3232.99,3148.875,3329.46,3331.015]",3283.719689373509,0.01218954796520684,0.01218954796520684,3189.9061016885735,3298.44323164476,0.029409513852233893,fc6ed5692c5e33a9fffe770a3a11e12d0b94dbf5a1eec4c0ae7c81aee87c07d7
50,28,1.0,6000,3294.0911666666666,1044.3908771333392,13.483028246894598,"[3367.73,3305.05,3309.18,3387.83,3219.755,3370.655,3279.405,3411.25,3389.08,3265.09,3188.845,3468.415,3235.4,3316.365,3260.915,3344.315,3342.53,3225.77,3294.37,3322.395,3265.35,3259.255,3369.015,3315.805,3272.08,3088.745,3194.435,3256.99,3282.41,3214.305]",3273.6387077870922,-0.0062088320707500205,0.0062088320707500205,3237.7093386343613,3350.472994698972,0.02293237015592864,fc6ed5692c5e33a9fffe770a3a11e12d0b94dbf5a1eec4c0ae7c81aee87c07d7
50,28,1.06,6000,3275.7926666666667,1031.195363316659,13.312674896039091,"[3328.83,3218.565,3187.055,3191.27,3268.92,3279.81,3164.055,3334.375,3368.925,3156.265,3247.825,3204.775,3208.335,3227.765,3282.565,3260.47,3318.735,3260.5,3339.77,3332.135,3218.785,3329.77,3273.51,3161.76,3346.605,3323.89,3360.77,3452.205,3403.795,3221.745]",3241.905112907468,-0.010344840839295764,0.010344840839295764,3220.12320333143,3331.4621300019035,0.026882195744600712,fc6ed5692c5e33a9fffe770a3a11e12d0b94dbf5a1eec4c0ae7c81aee87c07d7
50,28,1.275,6000,3133.668166666667,952.20475916188,12.292910581378019,"[3218.9,3180.34,3179.81,3091.125,3096.635,3156.355,3208.17,3183.77,3066.9,3162.225,3032.365,3103.465,3160.095,3165.645,3144.595,3132.275,3164.445,3084.35,3139.555,3155.27,3147.4,3090.825,3152.605,3118.52,3139.795,3122.695,3182.355,3073.035,3078.13,3078.395]",3132.51032285404,-0.0003694851372403827,0.0003694851372403827,3082.2630403312387,3185.073293002095,0.01650290756684958,fc6ed5692c5e33a9fffe770a3a11e12d0b94dbf5a1eec4c0ae7c81aee87c07d7
50,28,1.675,6000,2969.1283333333336,853.6461439927834,11.020524330794096,"[2969.625,3014.37,2946.735,2933.68,2949.78,3006.64,3027.695,2914.375,2993.13,3035.215,2939.88,3017.73,2932.795,3029.17,2927.605,2939.41,2954.53,2890.95,3020.6,2923.335,3000.48,3038.29,2985.405,2908.315,2964.23,3037.705,2881.005,3000.665,2945.49,2945.015]",2945.8918443463385,-0.007826030530956625,0.007826030530956625,2923.043930314466,3015.2127363522013,0.022990381796319626,fc6ed5692c5e33a9fffe770a3a11e12d0b94dbf5a1eec4c0ae7c81aee87c07d7
50,28,1.875,6000,2879.9115,803.0119378708787,10.36683954059886,"[2892.63,2928.66,2759.515,2848.34,2872.135,2848.5,2944.53,2937.705,2831.94,2940.045,2926.165,2844.93,2812.165,2884.915,2918.525,2867.325,2830.285,2988.35,2963.13,2885.86,2795.055,2921.14,2715.875,2798.75,2921.12,3026.655,2853.855,2863.165,2903.77,2872.31]",2860.2099004527927,-0.006841043395676387,0.006841043395676387,2836.5606033384015,2923.262396661599,0.021569222208999372,fc6ed5692c5e33a9fffe770a3a11e12d0b94dbf5a1eec4c0ae7c81aee87c07d7
50,56,0.325,6000,2071.9735,333.4805196818117,4.305214996707504,"[2081.02,2095.385,2071.365,2027.57,2092.96,2040.73,2072.605,2061.43,2092.225,2111.49,2084.965,2038.525,2053.865,2084.535,2086.245,2047.225,2059.77,2111.775,2063.36,2063.345,2077.41,2099.255,2070.43,2073.56,2086.65,2091.435,2011.88,2069.925,2091.7,2046.57]",2044.9812557955634,-0.0130273115000924,0.0130273115000924,2053.9704307234547,2089.9765692765454,0.02152909948486048,fc6ed5692c5e33a9fffe770a3a11e12d0b94dbf5a1eec4c0ae7c81aee87c07d7
50,56,0.525,6000,2945.7116666666666,560.175801588516,7.231838501669043,"[2960.445,2915.355,2989.495,2933.105,2922.07,2926.75,2928.445,2932.475,2925.46,2910.565,2975.355,3011.315,2904.14,2957.58,2901.09,2988.415,2963.33,2966.16,2986.8,2875.535,2915.35,2993.475,2977.86,2929.25,2983.88,2885.345,2914.55,2962.965,2948.05,2986.74]",2947.3684210526317,0.0005624292440813975,0.0005624292440813975,2915.470368696204,2975.9529646371293,0.010940962631251994,fc6ed5692c5e33a9fffe770a3a11e12d0b94dbf5a1eec4c0ae7c81aee87c07d7
50,56,0.725,6000,5115.023666666667,1291.5437316024813,16.673757877983306,"[5152.18,5287.52,5082.465,5081.81,5144.01,5059.405,5118.73,5168.13,5211.065,5136.875,5110.87,4957.725,5160.835,5158.48,5021.965,5068.97,5228.215,4964.26,5132.82,5037.48,5080.05,5336.76,5190.675,5096.9,5219.75,4990.58,5058.725,5056.335,5130.97,5006.155]",5090.90909090909,-0.004714460250638826,0.004714460250638826,5045.29920031429,5184.748133019044,0.01809905509437193,fc6ed5692c5e33a9fffe770a3a11e12d0b94dbf5a1eec4c0ae7c81aee87c07d7
50,56,0.94,6000,12453.741833333333,3811.7856070485286,49.209940584706935,"[11959.615,12380.505,11963.0,12717.405,12551.455,12173.095,12178.53,12422.77,12575.135,12906.965,12302.345,12855.37,12279.635,12322.355,12593.92,12131.67,12305.28,12971.315,12470.07,12145.17,12509.775,12332.475,12315.66,12663.19,12499.91,12941.935,12285.725,12572.845,12425.455,12859.68]",12481.12621222372,0.002198887632076218,0.002198887632076218,12247.961176590592,12659.522490076075,0.019037048882778462,fc6ed5692c5e33a9fffe770a3a11e12d0b94dbf5a1eec4c0ae7c81aee87c07d7
50,56,1.0,6000,13168.923833333334,4168.271535656532,53.81215413356055,"[13181.155,12507.12,13187.36,13372.53,13401.87,13241.73,13953.66,12761.23,12874.575,13126.0,12584.56,13533.985,13197.845,13398.085,13040.34,12950.885,13129.655,13220.305,13214.19,13285.02,12972.73,12998.76,12903.58,13639.39,13590.93,13388.005,13347.975,12988.025,12732.925,13343.295]",13148.793447162254,-0.0015286280356581643,0.0015286280356581643,12943.89815179884,13393.949514867829,0.01830349348662552,fc6ed5692c5e33a9fffe770a3a11e12d0b94dbf5a1eec4c0ae7c81aee87c07d7
50,56,1.06,6000,12975.429166666667,3996.0802047109933,51.58917360984934,"[13016.685,13330.39,12765.87,12726.905,13005.515,13292.605,12691.47,12953.065,13269.05,13475.33,13354.85,13214.22,12895.755,13185.115,12861.355,13017.965,12558.645,12880.935,12855.27,13029.55,12957.815,12862.845,13139.555,12931.425,12574.835,12631.91,13007.905,13292.035,12612.66,12871.345]",12892.74472081753,-0.006372386206812243,0.006372386206812243,12759.699297861476,13191.159035471857,0.022622296786193763,fc6ed5692c5e33a9fffe770a3a11e12d0b94dbf5a1eec4c0ae7c81aee87c07d7
50,56,1.275,6000,12040.016666666666,3491.765017801954,45.07849254272204,"[12462.01,12200.775,12209.675,12155.395,12124.295,11949.68,12077.115,12093.525,12065.84,12174.72,11899.59,12223.06,11920.21,11683.915,11720.115,12139.695,12145.6,11655.29,12167.79,12035.485,12147.54,11993.18,11371.515,12083.13,11872.145,12054.22,11955.935,12409.545,12123.915,12085.595]",12052.517623086862,0.0010382839796895774,0.0010382839796895774,11851.512439874388,12228.520893458945,0.016960298040627375,fc6ed5692c5e33a9fffe770a3a11e12d0b94dbf5a1eec4c0ae7c81aee87c07d7
50,56,1.675,6000,10667.585666666666,2817.189649203822,36.36976198158106,"[10674.08,10878.24,10678.645,10316.25,10291.98,10918.42,10800.805,10968.6,10648.64,10668.24,10595.59,10916.565,10716.575,10533.285,10524.13,10636.59,10574.99,10749.36,10663.42,10621.39,10688.08,10826.7,10602.595,10682.64,10708.375,10617.48,10598.685,10530.575,10771.93,10624.715]",10758.325314987336,0.008506109175594183,0.008506109175594183,10515.498640809275,10819.672692524056,0.023092264330260237,fc6ed5692c5e33a9fffe770a3a11e12d0b94dbf5a1eec4c0ae7c81aee87c07d7
50,56,1.875,6000,10204.828,2521.166993791651,32.548125933209604,"[9981.4,10300.86,10224.97,10023.06,10081.855,10031.94,9865.715,9910.1,10238.835,10296.585,10288.58,10272.87,9946.655,10417.495,10430.795,10175.66,10084.27,10409.9,10221.285,10521.14,10234.41,10428.74,10121.01,10207.39,10098.965,10387.82,10348.375,10153.405,10140.38,10300.375]",10217.022804795144,0.0011950034625909023,0.0011950034625909023,10068.72186675336,10340.93413324664,0.014728874230945932,fc6ed5692c5e33a9fffe770a3a11e12d0b94dbf5a1eec4c0ae7c81aee87c07d7
50,112,0.325,6000,4147.025833333333,469.8222465179706,6.065379121472852,"[4106.94,4128.765,4167.98,4096.315,4187.515,4156.075,4144.77,4140.77,4162.89,4080.08,4177.415,4115.725,4109.61,4135.19,4223.115,4156.65,4135.59,4143.685,4138.01,4172.58,4158.12,4139.855,4166.81,4138.425,4152.99,4150.78,4207.005,4151.23,4116.255,4149.635]",4067.2745568363916,-0.01923095724552994,0.01923095724552994,4121.662305473308,4172.389361193358,0.025192951869406177,fc6ed5692c5e33a9fffe770a3a11e12d0b94dbf5a1eec4c0ae7c81aee87c07d7
50,112,0.525,6000,5897.008666666667,809.0238918193195,10.444453532333783,"[5839.665,5897.545,5877.275,6046.89,5858.685,5963.105,5911.58,5954.335,5971.59,5947.855,5782.7,5744.06,5944.73,5907.45,5922.755,6010.95,5802.0,5784.655,5834.375,5892.105,5868.755,5928.225,5881.32,5880.25,5902.675,5898.49,5956.105,5875.51,5931.145,5893.48]",5847.2754634312805,-0.008433632379838133,0.008433632379838133,5853.33321244613,5940.684120887203,0.015723552297201127,fc6ed5692c5e33a9fffe770a3a11e12d0b94dbf5a1eec4c0ae7c81aee87c07d7
50,112,0.725,6000,10227.074166666667,1828.192539365809,23.601864195414752,"[10199.1,10209.175,10135.41,10148.145,10296.82,10391.565,10414.06,10207.645,10161.935,10314.025,10303.155,10318.56,10218.43,10241.395,10126.675,10263.1,10454.79,10168.04,10316.42,10243.72,10156.805,10187.94,10228.955,10051.08,10255.095,10059.285,10338.305,10118.135,10222.81,10061.65]",10181.81818181818,-0.004425115542428636,0.004425115542428636,10128.378515812848,10325.769817520486,0.013941007619407975,fc6ed5692c5e33a9fffe770a3a11e12d0b94dbf5a1eec4c0ae7c81aee87c07d7
50,112,0.94,6000,40431.644,11953.705841250816,154.32167882875578,"[40830.23,40217.245,40388.25,39337.495,39580.395,38922.87,41214.255,41969.945,39969.21,39668.515,41244.245,38995.66,40596.475,41250.51,40030.31,40278.39,40241.655,41236.375,41124.42,40503.07,39703.92,39515.87,41976.525,41357.8,40093.345,39579.135,40467.245,39548.925,42352.2,40754.835]",38893.64568763092,-0.03803947008360787,0.03803947008360787,39786.31876607983,41076.96923392017,0.05315201162617256,fc6ed5692c5e33a9fffe770a3a11e12d0b94dbf5a1eec4c0ae7c81aee87c07d7
50,112,1.0,6000,53096.0615,16458.279971227847,212.47548078594846,"[52028.66,52865.205,52590.7,53224.98,55092.68,51944.255,51945.6,54057.58,53405.125,52926.645,52174.94,52899.075,51167.55,53732.535,52934.34,52431.66,53076.535,53202.46,52731.78,54812.41,54446.2,55617.25,52296.625,52809.41,55366.105,51989.605,53677.715,52632.115,52290.545,52511.56]",52703.6510206768,-0.0073905760283783685,0.0073905760283783685,52207.555164524965,53984.56783547504,0.023727462609351657,fc6ed5692c5e33a9fffe770a3a11e12d0b94dbf5a1eec4c0ae7c81aee87c07d7
50,112,1.06,6000,51136.652,15391.529287897267,198.7037886822994,"[52429.73,51208.02,52098.195,53495.54,49933.43,49756.31,51528.37,51628.96,50949.12,51424.625,49422.085,51071.24,51085.585,49385.625,50719.61,50293.17,49309.345,52418.78,54265.05,51416.12,51288.095,52023.58,51958.595,49337.285,51140.64,50700.955,51229.14,49121.33,51337.24,52123.79]",50645.71711950527,-0.009600450191669361,0.009600450191669361,50305.73459497022,51967.56940502978,0.02543609987263662,fc6ed5692c5e33a9fffe770a3a11e12d0b94dbf5a1eec4c0ae7c81aee87c07d7
50,112,1.275,6000,44621.9695,11860.959103534266,153.12432359345155,"[45356.64,44012.845,45627.105,44676.475,43916.1,44335.32,44882.615,44059.275,45441.19,43853.205,43327.69,44740.545,43808.71,44982.75,43775.665,44538.415,44921.24,45109.075,44557.785,45026.98,43447.915,44716.25,45069.865,44130.525,44372.875,45231.305,44944.04,45608.02,45925.495,44263.17]",44555.42824599375,-0.0014912218073710566,0.0014912218073710566,43981.65123304113,45262.28776695887,0.01561696405193902,fc6ed5692c5e33a9fffe770a3a11e12d0b94dbf5a1eec4c0ae7c81aee87c07d7
50,112,1.675,6000,36530.58966666667,8387.165600473232,108.27784230838853,"[36475.42,37035.01,35553.87,37257.605,35889.0,36766.085,35148.38,36249.185,36415.975,36886.84,37107.61,36703.49,35744.255,37073.055,37131.895,35731.0,36150.515,36336.745,36641.22,36713.125,36316.84,36405.09,36479.355,36926.92,36285.46,36976.905,36105.51,37170.66,36796.22,37444.45]",36779.652526851256,0.006817926084884784,0.006817926084884784,36077.805427625506,36983.37390570783,0.019453708198346575,fc6ed5692c5e33a9fffe770a3a11e12d0b94dbf5a1eec4c0ae7c81aee87c07d7
50,112,1.875,6000,33562.055,7184.339673280014,92.7494263603691,"[33285.3,34121.42,33370.17,34017.85,33722.595,33164.245,33812.45,34232.0,33488.385,32944.805,33420.435,32999.73,32816.3,33458.255,33658.425,33192.325,33381.985,33644.18,34081.105,33761.105,34204.275,33908.28,33731.0,32135.785,33611.94,34060.085,33924.79,33630.01,33726.975,33355.445]",33979.00220788564,0.012423172773110632,0.012423172773110632,33174.20576380562,33949.90423619438,0.024259704959028294,fc6ed5692c5e33a9fffe770a3a11e12d0b94dbf5a1eec4c0ae7c81aee87c07d7
