k,N,p_bias,source,repetitions,mc_mean,mc_sd,formula_mean,mc_se,signed_relative_error,absolute_relative_error,simultaneous_ci_low,simultaneous_ci_high,uncertainty_aware_error_upper,formula_sha256
3,10,0.3,boundary_confirmation,8000,21.452125,6.640630258541265,21.420989042189635,0.07424450335770136,-0.0014514160163789547,0.0014514160163789547,21.13814566696485,21.76610433303515,0.01585562972431953,fc6ed5692c5e33a9fffe770a3a11e12d0b94dbf5a1eec4c0ae7c81aee87c07d7
3,10,0.975,boundary_confirmation,8000,99.001125,69.58946551345385,99.02822021965838,0.7780338770298005,0.0002736859773904367,0.0002736859773904367,95.71082677264673,102.29142322735328,0.03466058709211506,fc6ed5692c5e33a9fffe770a3a11e12d0b94dbf5a1eec4c0ae7c81aee87c07d7
3,10,1.025,boundary_confirmation,8000,98.14525,68.24761438721644,99.04047020074165,0.763031525360043,0.009121380818140942,0.009121380818140942,94.918396582137,101.372103417863,0.04342755216095151,fc6ed5692c5e33a9fffe770a3a11e12d0b94dbf5a1eec4c0ae7c81aee87c07d7
3,10,1.9,boundary_confirmation,8000,23.173875,5.923134974434204,23.200727519398285,0.06622266221370679,0.0011587410132438375,0.0011587410132438375,22.893819960591955,23.453930039408043,0.013405694608179086,fc6ed5692c5e33a9fffe770a3a11e12d0b94dbf5a1eec4c0ae7c81aee87c07d7
3,14,0.325,blind2,6000,31.065666666666665,8.500552793114123,31.11034674473987,0.1097416646709598,0.0014382462334583575,0.0014382462334583575,30.601570159568393,31.529763173764938,0.016625832678471175,fc6ed5692c5e33a9fffe770a3a11e12d0b94dbf5a1eec4c0ae7c81aee87c07d7
3,14,0.525,blind2,6000,44.42316666666667,16.234480477211143,44.179067076507046,0.209586241741894,-0.0054948714482973456,0.0054948714482973456,43.536828346395076,45.30950498693826,0.024949244330899067,fc6ed5692c5e33a9fffe770a3a11e12d0b94dbf5a1eec4c0ae7c81aee87c07d7
3,14,0.725,blind2,6000,75.60966666666667,36.54895271020668,75.0346579051575,0.471844950559843,-0.007604963582820106,0.007604963582820106,73.6142386393686,77.60509469396474,0.033122010854361394,fc6ed5692c5e33a9fffe770a3a11e12d0b94dbf5a1eec4c0ae7c81aee87c07d7
3,14,0.94,blind2,6000,175.299,118.36586647083229,176.69865229366297,1.5280967653364812,0.007984371238073048,0.007984371238073048,168.83669260355958,181.76130739644043,0.04656546849424381,fc6ed5692c5e33a9fffe770a3a11e12d0b94dbf5a1eec4c0ae7c81aee87c07d7
3,14,1.0,fresh_precision_confirmation,60000,196.29201666666665,138.37535379747135,196.0,0.5649150163014989,-0.001487664509364855,0.001487664509364855,193.9029961733201,198.6810371600132,0.01349417739275216,fc6ed5692c5e33a9fffe770a3a11e12d0b94dbf5a1eec4c0ae7c81aee87c07d7
3,14,1.06,blind2,6000,178.753,121.81114611104417,177.49091703750327,1.5725751342350414,-0.007060485488337091,0.007060485488337091,172.1025939838681,185.40340601613187,0.04267715005160233,fc6ed5692c5e33a9fffe770a3a11e12d0b94dbf5a1eec4c0ae7c81aee87c07d7
3,14,1.275,blind2,6000,87.78183333333334,39.525796868314174,87.04397271236591,0.5102758433885269,-0.008405618713447822,0.008405618713447822,85.62388140793388,89.9397852587328,0.03219723660709661,fc6ed5692c5e33a9fffe770a3a11e12d0b94dbf5a1eec4c0ae7c81aee87c07d7
3,14,1.675,blind2,6000,43.61033333333334,12.055097709503913,43.72836366048411,0.15563064221937278,0.002706476152076574,0.002706476152076574,42.952172755324675,44.268493911342,0.01807105101716222,fc6ed5692c5e33a9fffe770a3a11e12d0b94dbf5a1eec4c0ae7c81aee87c07d7
3,14,1.875,blind2,6000,35.237833333333334,7.887583341390661,35.2816211192346,0.1018282630767636,0.0012426355924626238,0.0012426355924626238,34.80720252998709,35.66846413667958,0.013629897112208189,fc6ed5692c5e33a9fffe770a3a11e12d0b94dbf5a1eec4c0ae7c81aee87c07d7
3,28,0.325,blind2,6000,62.120333333333335,11.90802894749832,62.222222167966684,0.15373199266605608,0.0016401849308602617,0.0016401849308602617,61.47020212710922,62.77046453955745,0.012233895689856888,fc6ed5692c5e33a9fffe770a3a11e12d0b94dbf5a1eec4c0ae7c81aee87c07d7
3,28,0.525,blind2,6000,88.468,22.475189988685404,88.4210016524393,0.2901534550967541,-0.0005312468639587457,0.0005312468639587457,87.24094366331467,89.69505633668534,0.014204291030975646,fc6ed5692c5e33a9fffe770a3a11e12d0b94dbf5a1eec4c0ae7c81aee87c07d7
3,28,0.725,blind2,6000,151.98983333333334,53.65966787664326,152.68593852901336,0.6927433334975348,0.004579945779355981,0.004579945779355981,149.0602280429837,154.91943862368296,0.02432379537876539,fc6ed5692c5e33a9fffe770a3a11e12d0b94dbf5a1eec4c0ae7c81aee87c07d7
3,28,0.94,blind2,6000,557.2275,346.30118321387897,557.2873599911105,4.470729051197589,0.00010742468939626386,0.00010742468939626386,538.3208272876384,576.1341727123615,0.035232767788376584,fc6ed5692c5e33a9fffe770a3a11e12d0b94dbf5a1eec4c0ae7c81aee87c07d7
3,28,1.0,fresh_precision_confirmation,60000,781.64285,548.3298873138623,784.0,2.238547391061269,0.003015635593673053,0.003015635593673053,772.1760533345727,791.1096466654272,0.015312501099155718,fc6ed5692c5e33a9fffe770a3a11e12d0b94dbf5a1eec4c0ae7c81aee87c07d7
3,28,1.06,blind2,6000,574.9588333333334,348.29073948619543,573.7452577311194,4.4964141122276695,-0.002110717379848268,0.002110717379848268,555.9435387302395,593.9741279364272,0.03405682041335112,fc6ed5692c5e33a9fffe770a3a11e12d0b94dbf5a1eec4c0ae7c81aee87c07d7
3,28,1.275,blind2,6000,207.3035,70.50562077955382,206.3495891118246,0.9102236503107585,-0.004601518489438985,0.004601518489438985,203.45417241731712,211.1528275826829,0.022747687188690136,fc6ed5692c5e33a9fffe770a3a11e12d0b94dbf5a1eec4c0ae7c81aee87c07d7
3,28,1.675,blind2,6000,97.7985,19.556890765475362,97.44608002543488,0.2524783741276123,-0.003603531491435176,0.003603531491435176,96.73077123989962,98.86622876010038,0.014364346172356823,fc6ed5692c5e33a9fffe770a3a11e12d0b94dbf5a1eec4c0ae7c81aee87c07d7
3,28,1.875,blind2,6000,77.55,13.045875432908614,77.55742102544234,0.16842152762783846,9.569342930161933e-05,9.569342930161933e-05,76.83774688331368,78.26225311668631,0.0093661536330778,fc6ed5692c5e33a9fffe770a3a11e12d0b94dbf5a1eec4c0ae7c81aee87c07d7
3,56,0.325,blind2,6000,124.36066666666666,16.922006735044135,124.44444444444439,0.21846216756411893,0.0006736678085063838,0.0006736678085063838,123.43679213639034,125.28454119694298,0.00816330601771198,fc6ed5692c5e33a9fffe770a3a11e12d0b94dbf5a1eec4c0ae7c81aee87c07d7
3,56,0.525,blind2,6000,176.6865,31.219486336867497,176.8421052630671,0.4030418355327927,0.0008806856385016178,0.0008806856385016178,174.98203972371311,178.39096027628688,0.010630036901449591,fc6ed5692c5e33a9fffe770a3a11e12d0b94dbf5a1eec4c0ae7c81aee87c07d7
3,56,0.725,blind2,6000,303.617,75.45519791338891,305.4545195733905,0.9741224163444664,0.006052097126941067,0.006052097126941067,299.4974451138308,307.73655488616924,0.019890234647228944,fc6ed5692c5e33a9fffe770a3a11e12d0b94dbf5a1eec4c0ae7c81aee87c07d7
3,56,0.94,blind2,6000,1353.4276666666667,685.2936706286749,1356.1976540893577,8.84710324535403,0.0020466460756732776,0.0020466460756732776,1316.0133470787746,1390.8419862545588,0.03053487800848087,fc6ed5692c5e33a9fffe770a3a11e12d0b94dbf5a1eec4c0ae7c81aee87c07d7
3,56,1.0,fresh_precision_confirmation,60000,3150.8703333333333,2253.8987956168094,3136.0,9.201503301891222,-0.004719436777838406,0.004719436777838406,3111.957259112481,3189.7834075541855,0.016861147194763504,fc6ed5692c5e33a9fffe770a3a11e12d0b94dbf5a1eec4c0ae7c81aee87c07d7
3,56,1.06,blind2,6000,1519.8533333333332,732.14925179914,1531.4801486948281,9.452006197187632,0.0076499587864804226,0.0076499587864804226,1479.8808846344864,1559.82578203218,0.03486717383547133,fc6ed5692c5e33a9fffe770a3a11e12d0b94dbf5a1eec4c0ae7c81aee87c07d7
3,56,1.275,blind2,6000,466.56766666666664,111.89619094267748,465.287607361744,1.4445736134167837,-0.0027435662528178728,0.0027435662528178728,460.4585779240893,472.676755409244,0.015632560651522742,fc6ed5692c5e33a9fffe770a3a11e12d0b94dbf5a1eec4c0ae7c81aee87c07d7
3,56,1.675,blind2,6000,209.91066666666666,30.72105114390001,210.04542440504434,0.39660706486103686,0.0006419766108964761,0.0006419766108964761,208.2334189773375,211.58791435599582,0.008701799339442484,fc6ed5692c5e33a9fffe770a3a11e12d0b94dbf5a1eec4c0ae7c81aee87c07d7
3,56,1.875,blind2,6000,165.2705,19.946419219748396,165.56826415508849,0.2575071648485236,0.00180167758364915,0.00180167758364915,164.18150452943462,166.35949547056538,0.008446503335613142,fc6ed5692c5e33a9fffe770a3a11e12d0b94dbf5a1eec4c0ae7c81aee87c07d7
3,112,0.325,blind2,6000,248.6365,24.041818482025313,248.88888888888866,0.31037854197808573,0.0010150918665949933,0.0010150918665949933,247.32391195386296,249.94908804613706,0.006327641038273768,fc6ed5692c5e33a9fffe770a3a11e12d0b94dbf5a1eec4c0ae7c81aee87c07d7
3,112,0.525,blind2,6000,353.1445,44.67372729097433,353.6842105263165,0.5767353393698512,0.0015282993967526773,0.0015282993967526773,350.7054914673318,355.5835085326682,0.008493505609284746,fc6ed5692c5e33a9fffe770a3a11e12d0b94dbf5a1eec4c0ae7c81aee87c07d7
3,112,0.725,blind2,6000,611.8348333333333,107.00921322604937,610.9090909090601,1.3814830023841589,-0.0015130593647794382,0.0015130593647794382,605.9925542140538,617.6771124526128,0.010957216006723947,fc6ed5692c5e33a9fffe770a3a11e12d0b94dbf5a1eec4c0ae7c81aee87c07d7
3,112,0.94,blind2,6000,2795.81,1091.2106964425668,2797.686238464736,14.08746951508486,0.000671089403334333,0.000671089403334333,2736.2342188652133,2855.3857811347866,0.022458610880543795,fc6ed5692c5e33a9fffe770a3a11e12d0b94dbf5a1eec4c0ae7c81aee87c07d7
3,112,1.0,blind2,6000,12698.407166666666,8939.011087675539,12544.0,115.40213691376937,-0.012159569672012482,0.012159569672012482,12210.372573661905,13186.441759671427,0.048719872379539786,fc6ed5692c5e33a9fffe770a3a11e12d0b94dbf5a1eec4c0ae7c81aee87c07d7
3,112,1.06,blind2,6000,3661.142,1325.3550489725283,3675.646227445387,17.110260108275057,0.003961667546734649,0.003961667546734649,3588.7828647927618,3733.501135207238,0.024204128788282375,fc6ed5692c5e33a9fffe770a3a11e12d0b94dbf5a1eec4c0ae7c81aee87c07d7
3,112,1.275,blind2,6000,1013.2563333333334,177.119616416822,1011.4996687913815,2.2866044155633247,-0.0017336822718619707,0.0017336822718619707,1003.5863039460423,1022.9263627206244,0.011170592865406226,fc6ed5692c5e33a9fffe770a3a11e12d0b94dbf5a1eec4c0ae7c81aee87c07d7
3,112,1.675,blind2,6000,442.9021666666667,46.55669142266154,442.34917183823023,0.6010443017816194,-0.0012485710616372847,0.0012485710616372847,440.36035575187395,445.4439775814594,0.006947687922581047,fc6ed5692c5e33a9fffe770a3a11e12d0b94dbf5a1eec4c0ae7c81aee87c07d7
3,112,1.875,blind2,6000,346.58933333333334,29.72072071404364,346.3612009696395,0.38369285454257607,-0.0006582209599463058,0.0006582209599463058,344.9666997226105,348.2119669440562,0.005315055627350129,fc6ed5692c5e33a9fffe770a3a11e12d0b94dbf5a1eec4c0ae7c81aee87c07d7
3,128,0.3,boundary_confirmation,8000,274.289375,23.627117200216663,274.285714285712,0.26415920086019484,-1.3346176052218443e-05,1.3346176052218443e-05,273.17224812932,275.40650187068,0.004076058838395902,fc6ed5692c5e33a9fffe770a3a11e12d0b94dbf5a1eec4c0ae7c81aee87c07d7
3,128,0.975,boundary_confirmation,8000,7406.104875,3853.2794247454826,7392.616995051632,43.08097365016092,-0.0018211840334447955,0.0018211840334447955,7223.915827172269,7588.293922827731,0.025786682720268295,fc6ed5692c5e33a9fffe770a3a11e12d0b94dbf5a1eec4c0ae7c81aee87c07d7
3,128,1.025,boundary_confirmation,8000,8256.709375,4044.92924826752,8270.625688834052,45.22368381651649,0.001685455210060828,0.001685455210060828,8065.458825263116,8447.959924736884,0.025437717557778683,fc6ed5692c5e33a9fffe770a3a11e12d0b94dbf5a1eec4c0ae7c81aee87c07d7
3,128,1.9,boundary_confirmation,8000,387.783,30.590670712520023,388.0531417329754,0.34201409595253346,0.0006966311905766613,0.0006966311905766613,386.33662548230103,389.229374517699,0.004443058559440161,fc6ed5692c5e33a9fffe770a3a11e12d0b94dbf5a1eec4c0ae7c81aee87c07d7
4,10,0.3,boundary_confirmation,8000,28.395875,9.201928733745312,28.34856627312355,0.1028806908638154,-0.0016660422288959787,0.0016660422288959787,27.960793489063263,28.830956510936737,0.016731676509941562,fc6ed5692c5e33a9fffe770a3a11e12d0b94dbf5a1eec4c0ae7c81aee87c07d7
4,10,0.975,boundary_confirmation,8000,105.052875,66.20010676729589,105.58725888517138,0.7401396942470873,0.005086808763409662,0.005086808763409662,101.92283092881914,108.18291907118086,0.03595296483583166,fc6ed5692c5e33a9fffe770a3a11e12d0b94dbf5a1eec4c0ae7c81aee87c07d7
4,10,1.025,boundary_confirmation,8000,105.079625,65.76276779122684,104.65509843777068,0.7352500958485845,-0.004040046414605282,0.004040046414605282,101.97025899621188,108.1889910037881,0.032664068064870766,fc6ed5692c5e33a9fffe770a3a11e12d0b94dbf5a1eec4c0ae7c81aee87c07d7
4,10,1.9,boundary_confirmation,8000,35.756625,10.363183297393803,35.353487423173966,0.11586391158131482,-0.011274486247682304,0.011274486247682304,35.266637566103704,36.246612433896296,0.024640233962584523,fc6ed5692c5e33a9fffe770a3a11e12d0b94dbf5a1eec4c0ae7c81aee87c07d7
4,14,0.325,blind2,6000,41.34316666666667,11.75097517407864,40.87816557396919,0.1517044371696779,-0.011247350655226633,0.011247350655226633,40.701609974294136,41.9847233590392,0.026356200459083712,fc6ed5692c5e33a9fffe770a3a11e12d0b94dbf5a1eec4c0ae7c81aee87c07d7
4,14,0.525,blind2,6000,58.6455,21.0790468819847,58.57514710027242,0.2721293250928404,-0.001199629975489698,0.001199629975489698,57.49466754604309,59.79633245395691,0.02042241227126762,fc6ed5692c5e33a9fffe770a3a11e12d0b94dbf5a1eec4c0ae7c81aee87c07d7
4,14,0.725,blind2,6000,97.42466666666667,46.31574083970241,97.41769522660192,0.5979336431314205,-7.155723805140649e-05,7.155723805140649e-05,94.89601069916458,99.95332263416876,0.026573135254668312,fc6ed5692c5e33a9fffe770a3a11e12d0b94dbf5a1eec4c0ae7c81aee87c07d7
4,14,0.94,blind2,6000,194.69933333333333,118.92169269896873,196.50962129169505,1.53527245108634,0.00929786418560786,0.00929786418560786,188.20668002677272,201.19198663989394,0.04411608165948855,fc6ed5692c5e33a9fffe770a3a11e12d0b94dbf5a1eec4c0ae7c81aee87c07d7
4,14,1.0,blind2,6000,208.23416666666665,131.71684739351596,209.20586260090778,1.7004571879001038,0.0046663616725135205,0.0046663616725135205,201.04294860249033,215.42538473084298,0.0406028366334672,fc6ed5692c5e33a9fffe770a3a11e12d0b94dbf5a1eec4c0ae7c81aee87c07d7
4,14,1.06,fresh_precision_confirmation,60000,196.38013333333333,121.55526627846373,189.405560117167,0.4962472965506247,-0.035515676141882314,0.035515676141882314,194.2815080055999,198.47875866106676,0.04571370057484925,fc6ed5692c5e33a9fffe770a3a11e12d0b94dbf5a1eec4c0ae7c81aee87c07d7
4,14,1.275,blind2,6000,118.63566666666667,51.76111278448655,117.31843275334285,0.6682330926516007,-0.011103186337923825,0.011103186337923825,115.80971496311875,121.46161837021458,0.03411106876777581,fc6ed5692c5e33a9fffe770a3a11e12d0b94dbf5a1eec4c0ae7c81aee87c07d7
4,14,1.675,blind2,6000,68.00483333333334,20.16178463245462,67.45263442747489,0.2602875203710579,-0.008119994988470623,0.008119994988470623,66.9040797644161,69.10558690225058,0.023919230685556236,fc6ed5692c5e33a9fffe770a3a11e12d0b94dbf5a1eec4c0ae7c81aee87c07d7
4,14,1.875,blind2,6000,56.815333333333335,14.606304195195854,56.47547310079028,0.18856657632544357,-0.005981839982335515,0.005981839982335515,56.017886987950206,57.612779678716464,0.01974052604766663,fc6ed5692c5e33a9fffe770a3a11e12d0b94dbf5a1eec4c0ae7c81aee87c07d7
4,28,0.325,blind2,6000,83.01833333333333,16.656077010282193,81.31779568156493,0.21502902957990386,-0.020483880890988737,0.020483880890988737,82.10897751253383,83.92768915413284,0.031096929974741117,fc6ed5692c5e33a9fffe770a3a11e12d0b94dbf5a1eec4c0ae7c81aee87c07d7
4,28,0.525,blind2,6000,117.50666666666666,30.4996119091701,116.68068176901289,0.39374829663335065,-0.0070292598801807125,0.0070292598801807125,115.84150868231008,119.17182465102324,0.02090379071819437,fc6ed5692c5e33a9fffe770a3a11e12d0b94dbf5a1eec4c0ae7c81aee87c07d7
4,28,0.725,blind2,6000,202.86266666666666,70.65083908253366,203.63636363636363,0.9120984105407766,0.003813895293845611,0.003813895293845611,199.00541073993134,206.71992259340198,0.023270487366216397,fc6ed5692c5e33a9fffe770a3a11e12d0b94dbf5a1eec4c0ae7c81aee87c07d7
4,28,0.94,blind2,6000,657.7463333333334,387.12647649662205,654.5885919752243,4.997781321157914,-0.0048008498080198475,0.0048008498080198475,636.6107613393708,678.881905327296,0.03578429939204164,fc6ed5692c5e33a9fffe770a3a11e12d0b94dbf5a1eec4c0ae7c81aee87c07d7
4,28,1.0,blind2,6000,828.7708333333334,520.4630943894189,836.3677157624948,6.719149656285994,0.009166445202477221,0.009166445202477221,800.3556102227434,857.1860564439233,0.044995131013986445,fc6ed5692c5e33a9fffe770a3a11e12d0b94dbf5a1eec4c0ae7c81aee87c07d7
4,28,1.06,fresh_precision_confirmation,60000,685.0807833333333,393.19300913982056,658.7768455476752,1.605203738036738,-0.038395381136912855,0.038395381136912855,678.2923912469039,691.8691754197628,0.047830328402779565,fc6ed5692c5e33a9fffe770a3a11e12d0b94dbf5a1eec4c0ae7c81aee87c07d7
4,28,1.275,blind2,6000,314.49316666666664,106.09460226959717,312.09034837147465,1.3696754257088315,-0.0076402877705090315,0.0076402877705090315,308.700821682328,320.28551165100527,0.025587055865519015,fc6ed5692c5e33a9fffe770a3a11e12d0b94dbf5a1eec4c0ae7c81aee87c07d7
4,28,1.675,blind2,6000,162.8835,36.350577553844765,164.84287011600242,0.4692839383035397,0.012029273167646926,0.012029273167646926,160.89890247036524,164.86809752963475,0.024512085446720677,fc6ed5692c5e33a9fffe770a3a11e12d0b94dbf5a1eec4c0ae7c81aee87c07d7
4,28,1.875,blind2,6000,132.58666666666667,25.922888629832674,135.1245165991897,0.3346630531631052,0.019141064454869895,0.019141064454869895,131.1713796424218,134.00195369091153,0.030137191264925978,fc6ed5692c5e33a9fffe770a3a11e12d0b94dbf5a1eec4c0ae7c81aee87c07d7
4,56,0.325,blind2,6000,165.59166666666667,23.767535558263248,165.0161331061646,0.3068375646584872,-0.0034756191062476948,0.0034756191062476948,164.29405338158017,166.88927995175317,0.011223889551983723,fc6ed5692c5e33a9fffe770a3a11e12d0b94dbf5a1eec4c0ae7c81aee87c07d7
4,56,0.525,blind2,6000,235.639,42.518313468002944,235.55236963813857,0.5489090665680064,-0.00036764016933291235,0.00036764016933291235,233.31766852327607,237.96033147672395,0.010119173324571129,fc6ed5692c5e33a9fffe770a3a11e12d0b94dbf5a1eec4c0ae7c81aee87c07d7
4,56,0.725,blind2,6000,406.3736666666667,101.01662948805877,407.27272727272725,1.3041190789908557,0.002212398784191002,0.002212398784191002,400.85855887953255,411.8887744538008,0.016001076317600393,fc6ed5692c5e33a9fffe770a3a11e12d0b94dbf5a1eec4c0ae7c81aee87c07d7
4,56,0.94,blind2,6000,1742.0968333333333,867.1808432457756,1726.9779226816165,11.19525654680331,-0.00867857076738277,0.00867857076738277,1694.75219467655,1789.4414719901165,0.034906729438337836,fc6ed5692c5e33a9fffe770a3a11e12d0b94dbf5a1eec4c0ae7c81aee87c07d7
4,56,1.0,fresh_precision_confirmation,60000,3338.8108833333335,2122.743185211546,3344.5593937677054,8.66606276456429,0.0017217238817170614,0.0017217238817170614,3302.16218230089,3375.459584365777,0.012839227489812144,fc6ed5692c5e33a9fffe770a3a11e12d0b94dbf5a1eec4c0ae7c81aee87c07d7
4,56,1.06,blind2,6000,2053.0003333333334,970.6255884765195,2028.0210358536472,12.530722465241112,-0.012167215501192274,0.012167215501192274,2000.008021388979,2105.9926452776876,0.037023685528474126,fc6ed5692c5e33a9fffe770a3a11e12d0b94dbf5a1eec4c0ae7c81aee87c07d7
4,56,1.275,blind2,6000,767.7903333333334,191.75284499971087,762.7293964938676,2.475518584239241,-0.006591561028769234,0.006591561028769234,757.3213876357536,778.2592790309131,0.019954638454659057,fc6ed5692c5e33a9fffe770a3a11e12d0b94dbf5a1eec4c0ae7c81aee87c07d7
4,56,1.675,blind2,6000,371.4291666666667,60.89307002416928,373.730936932712,0.7861261536768324,0.006197063862006824,0.006197063862006824,368.10464627458117,374.7536870587522,0.015284486938896169,fc6ed5692c5e33a9fffe770a3a11e12d0b94dbf5a1eec4c0ae7c81aee87c07d7
4,56,1.875,blind2,6000,296.948,42.04326226619033,300.1153321453085,0.5427761819239528,0.010666285495469023,0.010666285495469023,294.6526044369536,299.24339556304636,0.0185395534473336,fc6ed5692c5e33a9fffe770a3a11e12d0b94dbf5a1eec4c0ae7c81aee87c07d7
4,112,0.325,blind2,6000,331.75,33.63076971235183,331.85185185185185,0.43417137005358475,0.0003070138714449062,0.0003070138714449062,329.9138932038429,333.5861067961571,0.005874134699782152,fc6ed5692c5e33a9fffe770a3a11e12d0b94dbf5a1eec4c0ae7c81aee87c07d7
4,112,0.525,blind2,6000,471.21233333333333,61.85198886031517,471.5789473684211,0.7985057426193577,0.0007780230039701084,0.0007780230039701084,467.8354597716038,474.5892068950629,0.008001718379031963,fc6ed5692c5e33a9fffe770a3a11e12d0b94dbf5a1eec4c0ae7c81aee87c07d7
4,112,0.725,blind2,6000,814.9445,143.9044063470991,814.5454545454545,1.8577978974272658,-0.000489659669517917,0.000489659669517917,807.0878894986407,822.8011105013592,0.010033598460840953,fc6ed5692c5e33a9fffe770a3a11e12d0b94dbf5a1eec4c0ae7c81aee87c07d7
4,112,0.94,blind2,6000,3737.837666666667,1438.2827581981148,3733.33333333333,18.56815056546189,-0.001205063925998109,0.001205063925998109,3659.313125905021,3816.3622074283126,0.02175602565536683,fc6ed5692c5e33a9fffe770a3a11e12d0b94dbf5a1eec4c0ae7c81aee87c07d7
4,112,1.0,blind2,6000,13374.1885,8493.261615958496,13376.414636506277,109.64753597863316,0.00016645021163540623,0.00016645021163540623,12910.490062290028,13837.886937709973,0.036088837214410585,fc6ed5692c5e33a9fffe770a3a11e12d0b94dbf5a1eec4c0ae7c81aee87c07d7
4,112,1.06,blind2,6000,5466.932,1949.6615221753686,5467.656538586514,25.170022020422017,0.0001325311137059007,0.0001325311137059007,5360.488204580195,5573.3757954198045,0.019992271210437673,fc6ed5692c5e33a9fffe770a3a11e12d0b94dbf5a1eec4c0ae7c81aee87c07d7
4,112,1.275,blind2,6000,1762.0431666666666,328.72046152763807,1731.4161496977085,4.243762910180527,-0.017381536132793224,0.017381536132793224,1744.0963317113813,1779.990001621952,0.027288834139507667,fc6ed5692c5e33a9fffe770a3a11e12d0b94dbf5a1eec4c0ae7c81aee87c07d7
4,112,1.675,blind2,6000,811.7488333333333,96.20333983671345,801.7953200376733,1.2419797767904126,-0.012261814106695227,0.012261814106695227,806.4965120930519,817.0011545736147,0.018611766275749342,fc6ed5692c5e33a9fffe770a3a11e12d0b94dbf5a1eec4c0ae7c81aee87c07d7
4,112,1.875,blind2,6000,643.9243333333334,65.02696639816988,636.0494695755015,0.8394945263816708,-0.01222948621473421,0.01222948621473421,640.3741185758845,647.4745480907823,0.0176456025166859,fc6ed5692c5e33a9fffe770a3a11e12d0b94dbf5a1eec4c0ae7c81aee87c07d7
4,128,0.3,boundary_confirmation,8000,365.565,33.75509888650313,365.7142857142857,0.37739347848724225,0.00040836982283786653,0.00040836982283786653,363.96900639362684,367.16099360637315,0.004795131700778388,fc6ed5692c5e33a9fffe770a3a11e12d0b94dbf5a1eec4c0ae7c81aee87c07d7
4,128,0.975,boundary_confirmation,8000,9450.281375,4703.788851542775,9445.443959019638,52.58995811927655,-0.0005118806296243738,0.0005118806296243738,9227.878917876902,9672.683832123099,0.02357692846632964,fc6ed5692c5e33a9fffe770a3a11e12d0b94dbf5a1eec4c0ae7c81aee87c07d7
4,128,1.025,boundary_confirmation,8000,10916.912875,5336.183739986621,10763.983466685615,59.66034791519573,-0.014008484822169565,0.014008484822169565,10664.609803393352,11169.215946606648,0.03628119304508104,fc6ed5692c5e33a9fffe770a3a11e12d0b94dbf5a1eec4c0ae7c81aee87c07d7
4,128,1.9,boundary_confirmation,8000,723.71075,67.95921491084864,714.6205798830458,0.7598071211908743,-0.012560501715573717,0.012560501715573717,720.4975325581983,726.9239674418017,0.016925274320028327,fc6ed5692c5e33a9fffe770a3a11e12d0b94dbf5a1eec4c0ae7c81aee87c07d7
5,10,0.3,boundary_confirmation,8000,35.384625,11.795903167024377,35.55311154114847,0.1318822066873578,0.004761574868985271,0.004761574868985271,34.82689634101227,35.94235365898773,0.020852136608021654,fc6ed5692c5e33a9fffe770a3a11e12d0b94dbf5a1eec4c0ae7c81aee87c07d7
5,10,0.975,boundary_confirmation,8000,114.479625,68.56780605986206,113.88678389521101,0.7666113770893679,-0.0051785730848523314,0.0051785730848523314,111.23763242155937,117.72161757844063,0.03257544164031201,fc6ed5692c5e33a9fffe770a3a11e12d0b94dbf5a1eec4c0ae7c81aee87c07d7
5,10,1.025,boundary_confirmation,8000,114.2875,68.54515043718305,113.02455312248112,0.7663580795274536,-0.011050612512469617,0.011050612512469617,111.04657861465721,117.52842138534278,0.0383215243578805,fc6ed5692c5e33a9fffe770a3a11e12d0b94dbf5a1eec4c0ae7c81aee87c07d7
5,10,1.9,boundary_confirmation,8000,48.498125,15.256288564948296,48.081442046751526,0.1705704915778855,-0.008591733252542763,0.008591733252542763,47.77678393420989,49.219466065790115,0.023121421461935965,fc6ed5692c5e33a9fffe770a3a11e12d0b94dbf5a1eec4c0ae7c81aee87c07d7
5,14,0.325,blind2,6000,51.94433333333333,15.250748575427615,51.354428685670236,0.19688631749942548,-0.011356477402021982,0.011356477402021982,51.11170287779128,52.776963788875385,0.026953712398002705,fc6ed5692c5e33a9fffe770a3a11e12d0b94dbf5a1eec4c0ae7c81aee87c07d7
5,14,0.525,blind2,6000,73.08633333333333,26.482568498818328,73.22292378125873,0.3418884892024018,0.0018688917844932233,0.0018688917844932233,71.64049000544432,74.53217666122234,0.022088539256140738,fc6ed5692c5e33a9fffe770a3a11e12d0b94dbf5a1eec4c0ae7c81aee87c07d7
5,14,0.725,blind2,6000,120.89716666666666,55.29190830938077,118.88949571625749,0.7138154668741974,-0.01660643508664398,0.01660643508664398,117.87844751489949,123.91588581843384,0.04056291950768287,fc6ed5692c5e33a9fffe770a3a11e12d0b94dbf5a1eec4c0ae7c81aee87c07d7
5,14,0.94,blind2,6000,213.0445,122.99192936475471,216.032356692305,1.5878189804920466,0.01402456619300194,0.01402456619300194,206.3296278959531,219.7593721040469,0.04702537825175912,fc6ed5692c5e33a9fffe770a3a11e12d0b94dbf5a1eec4c0ae7c81aee87c07d7
5,14,1.0,fresh_precision_confirmation,60000,224.27996666666667,132.84044613144383,225.5370005415008,0.5423188503761882,0.005604753262258027,0.005604753262258027,221.9865051545985,226.57342817873484,0.015994194712104726,fc6ed5692c5e33a9fffe770a3a11e12d0b94dbf5a1eec4c0ae7c81aee87c07d7
5,14,1.06,fresh_precision_confirmation,60000,213.83228333333332,123.56217658050167,209.5342389641688,0.5044404735498378,-0.020100072365894842,0.020100072365894842,211.6990091341911,215.96555753247554,0.029779371496955753,fc6ed5692c5e33a9fffe770a3a11e12d0b94dbf5a1eec4c0ae7c81aee87c07d7
5,14,1.275,blind2,6000,146.94216666666668,65.40342057728651,148.61686430959477,0.8443545289361004,0.011396984820069312,0.011396984820069312,143.37139900238188,150.51293433095148,0.036586553132021526,fc6ed5692c5e33a9fffe770a3a11e12d0b94dbf5a1eec4c0ae7c81aee87c07d7
5,14,1.675,blind2,6000,92.36416666666666,29.56843358521047,92.21360116655764,0.38172683616320074,-0.0016301289292459165,0.0016301289292459165,90.7498473298843,93.97848600344902,0.0187796687512779,fc6ed5692c5e33a9fffe770a3a11e12d0b94dbf5a1eec4c0ae7c81aee87c07d7
5,14,1.875,blind2,6000,78.3255,21.656285820424582,78.2422911272871,0.27958144774404076,-0.001062347162966108,0.001062347162966108,77.14315258676797,79.50784741323204,0.015917375795213906,fc6ed5692c5e33a9fffe770a3a11e12d0b94dbf5a1eec4c0ae7c81aee87c07d7
5,28,0.325,blind2,6000,103.76516666666667,21.53822189672663,101.69465311337315,0.27805724904314055,-0.019953840193258715,0.019953840193258715,102.58926507595184,104.9410682573815,0.03093560221862901,fc6ed5692c5e33a9fffe770a3a11e12d0b94dbf5a1eec4c0ae7c81aee87c07d7
5,28,0.525,blind2,6000,147.296,38.68025005465599,146.14500774813692,0.4993598809627373,-0.00781414466016099,0.00781414466016099,145.18421158094623,149.40778841905376,0.02183808960323741,fc6ed5692c5e33a9fffe770a3a11e12d0b94dbf5a1eec4c0ae7c81aee87c07d7
5,28,0.725,blind2,6000,252.75066666666666,86.62955199835366,254.42458294476472,1.118382707263444,0.0066227966880327204,0.0066227966880327204,248.0210363152745,257.4802970180588,0.025818562508344245,fc6ed5692c5e33a9fffe770a3a11e12d0b94dbf5a1eec4c0ae7c81aee87c07d7
5,28,0.94,blind2,6000,750.5265,412.8160298205842,751.2190556854704,5.32943202847529,0.0009227598032452212,0.0009227598032452212,727.9883801651225,773.0646198348776,0.031910777909777366,fc6ed5692c5e33a9fffe770a3a11e12d0b94dbf5a1eec4c0ae7c81aee87c07d7
5,28,1.0,blind2,6000,900.327,543.6304738389375,902.2917249737384,7.0182392388968395,0.0021822348699287977,0.0021822348699287977,870.6469297503096,930.0070702496904,0.036346300827712286,fc6ed5692c5e33a9fffe770a3a11e12d0b94dbf5a1eec4c0ae7c81aee87c07d7
5,28,1.06,fresh_precision_confirmation,60000,777.057,421.2992000561274,761.7017764950504,1.7199467819670702,-0.019760742783283162,0.019760742783283162,769.7833606188302,784.3306393811698,0.028851177998061472,fc6ed5692c5e33a9fffe770a3a11e12d0b94dbf5a1eec4c0ae7c81aee87c07d7
5,28,1.275,blind2,6000,418.9338333333333,143.13265623720935,422.47428715791705,1.8478346463504765,0.008451105026331656,0.008451105026331656,411.1193573306437,426.74830933602294,0.027619545576738957,fc6ed5692c5e33a9fffe770a3a11e12d0b94dbf5a1eec4c0ae7c81aee87c07d7
5,28,1.675,blind2,6000,234.83983333333333,55.99081479905907,236.0065785719957,0.7228383108577986,0.004968259524380967,0.004968259524380967,231.78295665598608,237.89671001068058,0.01822231443133382,fc6ed5692c5e33a9fffe770a3a11e12d0b94dbf5a1eec4c0ae7c81aee87c07d7
5,28,1.875,blind2,6000,193.9315,41.179231366462574,196.4087936805532,0.5316215909731055,0.012774065484736634,0.012774065484736634,191.68327710117302,196.17972289882698,0.024652732626675666,fc6ed5692c5e33a9fffe770a3a11e12d0b94dbf5a1eec4c0ae7c81aee87c07d7
5,56,0.325,blind2,6000,207.7025,30.152106372022807,205.73180152695429,0.38926201943972955,-0.009488082584685793,0.009488082584685793,206.0563144413094,209.34868555869056,0.01727684137153218,fc6ed5692c5e33a9fffe770a3a11e12d0b94dbf5a1eec4c0ae7c81aee87c07d7
5,56,0.525,blind2,6000,295.47066666666666,54.414271642483214,293.94705371965887,0.70248522622448,-0.0051565624574389495,0.0051565624574389495,292.49986300010636,298.44147033322696,0.015059624952758144,fc6ed5692c5e33a9fffe770a3a11e12d0b94dbf5a1eec4c0ae7c81aee87c07d7
5,56,0.725,blind2,6000,508.5751666666667,128.86380664645958,509.09090909090907,1.6636245902354354,0.001014092818614572,0.001014092818614572,501.5397133248024,515.610620008531,0.015056027599585908,fc6ed5692c5e33a9fffe770a3a11e12d0b94dbf5a1eec4c0ae7c81aee87c07d7
5,56,0.94,blind2,6000,2136.5696666666668,1027.435465168366,2083.0423319052047,13.264134819666506,-0.02505293208855287,0.02505293208855287,2080.4757605103773,2192.663572822956,0.04999455560645771,fc6ed5692c5e33a9fffe770a3a11e12d0b94dbf5a1eec4c0ae7c81aee87c07d7
5,56,1.0,blind2,6000,3589.624,2089.8263999722567,3609.4543455104226,26.97954281185717,0.005524351717735014,0.005524351717735014,3475.5277575233304,3703.7202424766692,0.03853417303233653,fc6ed5692c5e33a9fffe770a3a11e12d0b94dbf5a1eec4c0ae7c81aee87c07d7
5,56,1.06,blind2,6000,2495.5778333333333,1140.879199053568,2515.6813555779636,14.728687126563086,0.008055658283267455,0.008055658283267455,2433.2903487204812,2557.8653179461853,0.03385991601898497,fc6ed5692c5e33a9fffe770a3a11e12d0b94dbf5a1eec4c0ae7c81aee87c07d7
5,56,1.275,blind2,6000,1080.5296666666666,287.6848783271236,1089.391013101133,3.7139958090555227,0.008200928403754864,0.008200928403754864,1064.8232119894176,1096.2361213439156,0.023072187791450594,fc6ed5692c5e33a9fffe770a3a11e12d0b94dbf5a1eec4c0ae7c81aee87c07d7
5,56,1.675,blind2,6000,556.0943333333333,98.89771430222535,561.7400609673637,1.2767640015683261,0.010152463881782028,0.010152463881782028,550.6949099211471,561.4937567455196,0.020056751655463945,fc6ed5692c5e33a9fffe770a3a11e12d0b94dbf5a1eec4c0ae7c81aee87c07d7
5,56,1.875,blind2,6000,451.31216666666666,70.29777389653262,457.19270586949807,0.9075403585890843,0.013029870757228454,0.013029870757228454,447.4741867003999,455.1501466329334,0.021718614074167863,fc6ed5692c5e33a9fffe770a3a11e12d0b94dbf5a1eec4c0ae7c81aee87c07d7
5,112,0.325,blind2,6000,414.519,42.89827132430593,414.8148148148148,0.5538143014004135,0.0007136339101821042,0.0007136339101821042,412.1769243295458,416.8610756704542,0.006399898513386848,fc6ed5692c5e33a9fffe770a3a11e12d0b94dbf5a1eec4c0ae7c81aee87c07d7
5,112,0.525,blind2,6000,588.6661666666666,76.33509609907466,589.4736842105264,0.9854818530761964,0.0013717750222206595,0.0013717750222206595,584.4985728253239,592.8337605080094,0.008511759680017716,fc6ed5692c5e33a9fffe770a3a11e12d0b94dbf5a1eec4c0ae7c81aee87c07d7
5,112,0.725,blind2,6000,1022.2288333333333,181.062490334709,1018.1818181818181,2.3375066989638977,-0.003959010956791844,0.003959010956791844,1012.3435386500367,1032.1141280166298,0.013498807405712854,fc6ed5692c5e33a9fffe770a3a11e12d0b94dbf5a1eec4c0ae7c81aee87c07d7
5,112,0.94,blind2,6000,4583.495,1702.8285238014753,4666.666666666662,21.983421713766912,0.018145905398972297,0.018145905398972297,4490.527308448959,4676.462691551041,0.03922464916008761,fc6ed5692c5e33a9fffe770a3a11e12d0b94dbf5a1eec4c0ae7c81aee87c07d7
5,112,1.0,blind2,6000,14415.124,8605.55996657667,14438.392273272628,111.09730145113565,0.0016141569973749789,0.0016141569973749789,13945.294517222346,14884.953482777653,0.03535943650679507,fc6ed5692c5e33a9fffe770a3a11e12d0b94dbf5a1eec4c0ae7c81aee87c07d7
5,112,1.06,blind2,6000,7234.015833333333,2621.074473661909,7331.730931620335,33.83792595220648,0.013507725243943223,0.013507725243943223,7090.915550601567,7377.116116065099,0.03396111253903422,fc6ed5692c5e33a9fffe770a3a11e12d0b94dbf5a1eec4c0ae7c81aee87c07d7
5,112,1.275,blind2,6000,2614.8451666666665,520.0287243723507,2592.9000661046007,6.71354196347867,-0.008392504780709764,0.008392504780709764,2586.4536584382276,2643.2366748951054,0.019043549625574974,fc6ed5692c5e33a9fffe770a3a11e12d0b94dbf5a1eec4c0ae7c81aee87c07d7
5,112,1.675,blind2,6000,1256.621,162.0964864028542,1246.7059972228687,2.092656641056638,-0.00789020936076299,0.00789020936076299,1247.7711739965189,1265.4708260034813,0.014828337718281737,fc6ed5692c5e33a9fffe770a3a11e12d0b94dbf5a1eec4c0ae7c81aee87c07d7
5,112,1.875,blind2,6000,1006.7001666666666,113.66082759945921,997.5836788259282,1.467354974696193,-0.009055812388433816,0.009055812388433816,1000.4947357533339,1012.9055975799994,0.015126699655602427,fc6ed5692c5e33a9fffe770a3a11e12d0b94dbf5a1eec4c0ae7c81aee87c07d7
5,128,0.3,boundary_confirmation,8000,458.062875,43.40890419435619,457.14285714285717,0.48532630303678087,-0.0020084968840639013,0.0020084968840639013,456.01043445503814,460.1153155449619,0.006460246598364416,fc6ed5692c5e33a9fffe770a3a11e12d0b94dbf5a1eec4c0ae7c81aee87c07d7
5,128,0.975,boundary_confirmation,8000,11447.360625,5604.958281980558,11349.60659351301,62.66533864779481,-0.008539438451297095,0.008539438451297095,11182.34947477031,11712.371775229689,0.030972819910300764,fc6ed5692c5e33a9fffe770a3a11e12d0b94dbf5a1eec4c0ae7c81aee87c07d7
5,128,1.025,boundary_confirmation,8000,13299.208,6309.985952526055,13253.908722842565,70.5477876345851,-0.0034061635217251603,0.0034061635217251603,13000.862044314988,13597.553955685013,0.025272577256350792,fc6ed5692c5e33a9fffe770a3a11e12d0b94dbf5a1eec4c0ae7c81aee87c07d7
5,128,1.9,boundary_confirmation,8000,1138.051375,119.06669494590014,1125.8379665112197,1.3312061187763167,-0.010731860403736396,0.010731860403736396,1132.4217163666603,1143.6810336333397,0.015601436587117878,fc6ed5692c5e33a9fffe770a3a11e12d0b94dbf5a1eec4c0ae7c81aee87c07d7
6,10,0.3,boundary_confirmation,8000,42.569375,14.597322437254277,42.69509571158427,0.16320302629591735,0.0029533135401746393,0.0029533135401746393,41.87919087823639,43.25955912176361,0.019482344721513778,fc6ed5692c5e33a9fffe770a3a11e12d0b94dbf5a1eec4c0ae7c81aee87c07d7
6,10,0.975,boundary_confirmation,8000,121.796125,66.96790199395198,121.95691783687009,0.7487239058451017,0.00132018023455251,0.00132018023455251,118.62977837562956,124.96247162437045,0.02804641049488832,fc6ed5692c5e33a9fffe770a3a11e12d0b94dbf5a1eec4c0ae7c81aee87c07d7
6,10,1.025,boundary_confirmation,8000,121.999375,67.62539481483535,121.23542588863174,0.7560748990561681,-0.006261910041492117,0.006261910041492117,118.80194109184187,125.19680890815813,0.031641245923707095,fc6ed5692c5e33a9fffe770a3a11e12d0b94dbf5a1eec4c0ae7c81aee87c07d7
6,10,1.9,boundary_confirmation,8000,60.407125,19.848712065413892,60.66022733949137,0.22191534722042858,0.00418994182377278,0.00418994182377278,59.468647004196875,61.34560299580313,0.020037118638505547,fc6ed5692c5e33a9fffe770a3a11e12d0b94dbf5a1eec4c0ae7c81aee87c07d7
6,14,0.325,blind2,6000,62.0265,18.407369981294757,61.854946659286234,0.2376381246167764,-0.002765807206819088,0.002765807206819088,61.021530520826296,63.0314694791737,0.01866564161694184,fc6ed5692c5e33a9fffe770a3a11e12d0b94dbf5a1eec4c0ae7c81aee87c07d7
6,14,0.525,blind2,6000,87.49416666666667,31.42922098876907,87.68453809309979,0.4057494982459174,0.002175818499516544,0.002175818499516544,85.7782557092613,89.21007762407204,0.02222337547058184,fc6ed5692c5e33a9fffe770a3a11e12d0b94dbf5a1eec4c0ae7c81aee87c07d7
6,14,0.725,blind2,6000,138.40133333333333,63.44663251440898,139.2046818060634,0.8190925036708266,0.005804485068039413,0.005804485068039413,134.93739854535846,141.8652681213082,0.0316241702204636,fc6ed5692c5e33a9fffe770a3a11e12d0b94dbf5a1eec4c0ae7c81aee87c07d7
6,14,0.94,blind2,6000,229.9415,124.99321966374943,233.93972830642855,1.6136555271551565,0.017388023938386756,0.017388023938386756,223.1173653738492,236.76563462615078,0.04850524706781889,fc6ed5692c5e33a9fffe770a3a11e12d0b94dbf5a1eec4c0ae7c81aee87c07d7
6,14,1.0,blind2,6000,240.0105,134.27102879851793,241.50034454331396,1.7334315280493213,0.0062074140227779614,0.0062074140227779614,232.67983374964018,247.34116625035983,0.03790835953219962,fc6ed5692c5e33a9fffe770a3a11e12d0b94dbf5a1eec4c0ae7c81aee87c07d7
6,14,1.06,blind2,6000,231.9185,127.97080114388426,227.60994918379947,1.6520959387702827,-0.018577866001205263,0.018577866001205263,224.93180122088606,238.90519877911393,0.04727921222743159,fc6ed5692c5e33a9fffe770a3a11e12d0b94dbf5a1eec4c0ae7c81aee87c07d7
6,14,1.275,blind2,6000,174.30366666666666,76.32271382751372,175.33292006433646,0.9853219986377173,0.005904944040208402,0.005904944040208402,170.13674884829808,178.47058448503523,0.03054114558561083,fc6ed5692c5e33a9fffe770a3a11e12d0b94dbf5a1eec4c0ae7c81aee87c07d7
6,14,1.675,blind2,6000,116.60566666666666,37.766394470668075,116.67997688337786,0.4875620561039911,0.0006372779199798502,0.0006372779199798502,114.54377114220966,118.66756219112366,0.018649689283549264,fc6ed5692c5e33a9fffe770a3a11e12d0b94dbf5a1eec4c0ae7c81aee87c07d7
6,14,1.875,blind2,6000,101.06016666666666,29.61556561888883,100.29562921562795,0.38233530810156463,-0.007565171088233304,0.007565171088233304,99.4432741075616,102.67705922577171,0.0231933990718155,fc6ed5692c5e33a9fffe770a3a11e12d0b94dbf5a1eec4c0ae7c81aee87c07d7
6,28,0.325,blind2,6000,124.59233333333333,26.508311708855228,122.16290677455272,0.34222083261490455,-0.01949900522595509,0.01949900522595509,123.14508452815944,126.03958213850721,0.03075760247835746,fc6ed5692c5e33a9fffe770a3a11e12d0b94dbf5a1eec4c0ae7c81aee87c07d7
6,28,0.525,blind2,6000,175.947,47.40616079878521,175.73341302725737,0.6120109042710867,-0.0012139279029630087,0.0012139279029630087,173.35881142249042,178.5351885775096,0.015693127907027926,fc6ed5692c5e33a9fffe770a3a11e12d0b94dbf5a1eec4c0ae7c81aee87c07d7
6,28,0.725,blind2,6000,305.5043333333333,106.58714330416144,304.71325666262896,1.3760341031228023,-0.0025894122746900772,0.0025894122746900772,299.68509755973577,311.32356910693085,0.021232932871945276,fc6ed5692c5e33a9fffe770a3a11e12d0b94dbf5a1eec4c0ae7c81aee87c07d7
6,28,0.94,blind2,6000,836.6145,442.78855808871015,838.0157213527152,5.716375704562566,0.001674870986237027,0.001674870986237027,812.4399988594962,860.7890011405038,0.03148013703057728,fc6ed5692c5e33a9fffe770a3a11e12d0b94dbf5a1eec4c0ae7c81aee87c07d7
6,28,1.0,blind2,6000,950.7335,517.6241412482779,966.7445584298621,6.682498928831652,0.016840742889423832,0.016840742889423832,922.4732724842479,978.9937275157522,0.047991944337195,fc6ed5692c5e33a9fffe770a3a11e12d0b94dbf5a1eec4c0ae7c81aee87c07d7
6,28,1.06,blind2,6000,856.9063333333334,442.65033165307165,847.5450536848912,5.714591208951788,-0.01092450748033003,0.01092450748033003,832.7393788086238,881.0732878580429,0.03805385390205329,fc6ed5692c5e33a9fffe770a3a11e12d0b94dbf5a1eec4c0ae7c81aee87c07d7
6,28,1.275,blind2,6000,518.8433333333334,181.59044845673282,527.157499130866,2.344322609010875,0.016024424452209612,0.016024424452209612,508.92921422810934,528.7574524385574,0.0358169356231659,fc6ed5692c5e33a9fffe770a3a11e12d0b94dbf5a1eec4c0ae7c81aee87c07d7
6,28,1.675,blind2,6000,307.3913333333333,77.42049586781886,309.7079976606371,0.9994943038372752,0.007536531047189957,0.007536531047189957,303.1644809644878,311.61818570217883,0.021584047957504016,fc6ed5692c5e33a9fffe770a3a11e12d0b94dbf5a1eec4c0ae7c81aee87c07d7
6,28,1.875,blind2,6000,259.48383333333334,58.905206695742955,260.635130388873,0.7604629484583937,0.004436873930641759,0.004436873930641759,256.2678424039504,262.6998242627163,0.017041888455276988,fc6ed5692c5e33a9fffe770a3a11e12d0b94dbf5a1eec4c0ae7c81aee87c07d7
6,56,0.325,blind2,6000,249.3485,37.027123604150866,246.38976020607674,0.47801811025613283,-0.011865881663307608,0.011865881663307608,247.3269657361928,251.3700342638072,0.01981252090097496,fc6ed5692c5e33a9fffe770a3a11e12d0b94dbf5a1eec4c0ae7c81aee87c07d7
6,56,0.525,blind2,6000,353.3711666666667,65.34916337769431,352.3648582962174,0.8436540715013257,-0.0028477376350248052,0.0028477376350248052,349.8033612305367,356.93897210279664,0.012814834366873029,fc6ed5692c5e33a9fffe770a3a11e12d0b94dbf5a1eec4c0ae7c81aee87c07d7
6,56,0.725,blind2,6000,609.8571666666667,153.77622471149425,610.9090909090909,1.985242524500889,0.0017248698546477247,0.0017248698546477247,601.4615939903609,618.2527393429724,0.015707564727534873,fc6ed5692c5e33a9fffe770a3a11e12d0b94dbf5a1eec4c0ae7c81aee87c07d7
6,56,0.94,blind2,6000,2440.497,1159.7608030010742,2417.906602671905,14.97244758535767,-0.009256474123137499,0.009256474123137499,2377.1786546121225,2503.815345387877,0.03431113355632198,fc6ed5692c5e33a9fffe770a3a11e12d0b94dbf5a1eec4c0ae7c81aee87c07d7
6,56,1.0,blind2,6000,3888.524,2142.9187810649846,3868.4645942326606,27.664962504465944,-0.005158616937259301,0.005158616937259301,3771.529123844045,4005.518876155955,0.034216361515395866,fc6ed5692c5e33a9fffe770a3a11e12d0b94dbf5a1eec4c0ae7c81aee87c07d7
6,56,1.06,blind2,6000,2910.2553333333335,1345.7033313652619,2924.6653996525583,17.372955304378333,0.004951478364862198,0.004951478364862198,2836.785262518288,2983.725404148379,0.030978776679154274,fc6ed5692c5e33a9fffe770a3a11e12d0b94dbf5a1eec4c0ae7c81aee87c07d7
6,56,1.275,blind2,6000,1409.5996666666667,384.34102140765344,1423.4066807877389,4.961821250587301,0.009794989632568592,0.009794989632568592,1388.6161694858288,1430.5831638475047,0.02505408770718276,fc6ed5692c5e33a9fffe770a3a11e12d0b94dbf5a1eec4c0ae7c81aee87c07d7
6,56,1.675,blind2,6000,761.155,146.16659132785233,766.19386692819,1.8870025799489252,0.006620027363927232,0.006620027363927232,753.1748831604614,769.1351168395386,0.01728547254934809,fc6ed5692c5e33a9fffe770a3a11e12d0b94dbf5a1eec4c0ae7c81aee87c07d7
6,56,1.875,blind2,6000,624.3638333333333,105.69536749746395,630.8209261837496,1.3645213269631686,0.010341875210713895,0.010341875210713895,618.5932849859628,630.1343816807039,0.019766850844597172,fc6ed5692c5e33a9fffe770a3a11e12d0b94dbf5a1eec4c0ae7c81aee87c07d7
6,112,0.325,blind2,6000,498.3545,52.07117306399684,497.77777777777777,0.6722359536478133,-0.0011572529639487588,0.0011572529639487588,495.51162023351156,501.1973797664884,0.006822864856763311,fc6ed5692c5e33a9fffe770a3a11e12d0b94dbf5a1eec4c0ae7c81aee87c07d7
6,112,0.525,blind2,6000,708.1858333333333,93.32675900635356,707.3684210526316,1.204843277957068,-0.001154234160339422,0.001154234160339422,703.090562010657,713.2811046560097,0.008289415722332327,fc6ed5692c5e33a9fffe770a3a11e12d0b94dbf5a1eec4c0ae7c81aee87c07d7
6,112,0.725,blind2,6000,1223.8215,220.6760498050848,1221.8181818181818,2.8489155526731063,-0.0016369365808806744,0.0016369365808806744,1211.7734619009077,1235.8695380990923,0.011369611312309846,fc6ed5692c5e33a9fffe770a3a11e12d0b94dbf5a1eec4c0ae7c81aee87c07d7
6,112,0.94,blind2,6000,5541.259166666667,2077.0241278177846,5599.999999999995,26.81426618903088,0.010600629128968203,0.010600629128968203,5427.861877532729,5654.656455800605,0.03171379934699314,fc6ed5692c5e33a9fffe770a3a11e12d0b94dbf5a1eec4c0ae7c81aee87c07d7
6,112,1.0,blind2,6000,15361.954,8603.728201834705,15476.831097957067,111.073653470003,0.007478026425353652,0.007478026425353652,14892.224524320622,15831.683475679378,0.03925582592994892,fc6ed5692c5e33a9fffe770a3a11e12d0b94dbf5a1eec4c0ae7c81aee87c07d7
6,112,1.06,blind2,6000,8828.429333333333,3270.5997124002624,9028.610672553821,42.22326072745661,0.0226746266705298,0.0226746266705298,8649.867545696285,9006.991120970382,0.04378600306382485,fc6ed5692c5e33a9fffe770a3a11e12d0b94dbf5a1eec4c0ae7c81aee87c07d7
6,112,1.275,blind2,6000,3545.254,728.1659431458324,3529.3749514393076,9.40058190359742,-0.004478959352614045,0.004478959352614045,3505.499024173528,3585.0089758264717,0.015518517460430759,fc6ed5692c5e33a9fffe770a3a11e12d0b94dbf5a1eec4c0ae7c81aee87c07d7
6,112,1.675,blind2,6000,1767.4306666666666,242.95998872017734,1756.6126287924353,3.136599967026629,-0.006120770720038422,0.006120770720038422,1754.1660137818556,1780.6953195514777,0.013524318559509863,fc6ed5692c5e33a9fffe770a3a11e12d0b94dbf5a1eec4c0ae7c81aee87c07d7
6,112,1.875,blind2,6000,1424.6711666666667,174.61181971228663,1416.9102474389026,2.2542288993221935,-0.00544751617731025,0.00544751617731025,1415.1380530446693,1434.2042802886642,0.012058277253419458,fc6ed5692c5e33a9fffe770a3a11e12d0b94dbf5a1eec4c0ae7c81aee87c07d7
6,128,0.3,boundary_confirmation,8000,549.57975,52.6905084066098,548.5714285714286,0.5890977928310182,-0.001834713576276118,0.001834713576276118,547.0884607634833,552.0710392365166,0.0063390585927634024,fc6ed5692c5e33a9fffe770a3a11e12d0b94dbf5a1eec4c0ae7c81aee87c07d7
6,128,0.975,boundary_confirmation,8000,13236.757375,6262.0082770398685,13139.765064671123,70.0113809156374,-0.007327497783714311,0.007327497783714311,12940.67987847673,13532.834871523268,0.029045636822131793,fc6ed5692c5e33a9fffe770a3a11e12d0b94dbf5a1eec4c0ae7c81aee87c07d7
6,128,1.025,boundary_confirmation,8000,15386.49325,7090.49117555288,15344.226697988513,79.27410131199318,-0.0027469905796427044,0.0027469905796427044,15051.243792717198,15721.742707282801,0.024012351322821868,fc6ed5692c5e33a9fffe770a3a11e12d0b94dbf5a1eec4c0ae7c81aee87c07d7
6,128,1.9,boundary_confirmation,8000,1619.215625,183.4466583653612,1606.352983107708,2.05099599175064,-0.00794374862352999,0.00794374862352999,1610.5419815055443,1627.8892684944558,0.013229576362196571,fc6ed5692c5e33a9fffe770a3a11e12d0b94dbf5a1eec4c0ae7c81aee87c07d7
7,10,0.3,boundary_confirmation,8000,49.4945,17.052201234616845,49.75918395774547,0.19064940563304553,0.0053477448553974375,0.0053477448553974375,48.68824538831767,50.300754611682336,0.021995834125597025,fc6ed5692c5e33a9fffe770a3a11e12d0b94dbf5a1eec4c0ae7c81aee87c07d7
7,10,0.975,boundary_confirmation,8000,130.736,70.16340511211749,129.86458022176407,0.7844507168177547,-0.00666549212333189,0.00666549212333189,127.4185650152344,134.05343498476557,0.031247649591952253,fc6ed5692c5e33a9fffe770a3a11e12d0b94dbf5a1eec4c0ae7c81aee87c07d7
7,10,1.025,boundary_confirmation,8000,129.49125,69.16644181264226,129.29940002367601,0.7733043282742593,-0.001481567104526318,0.001481567104526318,126.2209529915473,132.7615470084527,0.02607793493515309,fc6ed5692c5e33a9fffe770a3a11e12d0b94dbf5a1eec4c0ae7c81aee87c07d7
7,10,1.9,boundary_confirmation,8000,72.410625,24.432010304113586,72.79244071450461,0.2731581793348664,0.005272923890721997,0.005272923890721997,71.25544153076125,73.56580846923875,0.02157027099579234,fc6ed5692c5e33a9fffe770a3a11e12d0b94dbf5a1eec4c0ae7c81aee87c07d7
7,14,0.325,blind2,6000,71.92,21.3558800396685,72.35290562186688,0.2757032257907983,0.006019266154989984,0.006019266154989984,70.75405355232328,73.08594644767672,0.022597321132438397,fc6ed5692c5e33a9fffe770a3a11e12d0b94dbf5a1eec4c0ae7c81aee87c07d7
7,14,0.525,blind2,6000,101.42433333333334,36.30298324271632,101.94362303171584,0.4686694983889575,0.005119971522769105,0.005119971522769105,99.44233426453872,103.40633240212796,0.02515315821653119,fc6ed5692c5e33a9fffe770a3a11e12d0b94dbf5a1eec4c0ae7c81aee87c07d7
7,14,0.725,blind2,6000,158.26816666666667,68.99073517675346,158.55859165820164,0.8906665612739079,0.0018350183593560867,0.0018350183593560867,154.50154583659435,162.034787496739,0.026258933524834438,fc6ed5692c5e33a9fffe770a3a11e12d0b94dbf5a1eec4c0ae7c81aee87c07d7
7,14,0.94,blind2,6000,250.6085,133.33135953826738,250.8842097921896,1.72130045006301,0.0011001613759693551,0.0011001613759693551,243.32913596869858,257.8878640313014,0.031048784163943743,fc6ed5692c5e33a9fffe770a3a11e12d0b94dbf5a1eec4c0ae7c81aee87c07d7
7,14,1.0,blind2,6000,254.78966666666668,135.0028260953495,257.18088756127736,1.7428789905274156,0.00938507799744894,0.00938507799744894,247.41904718295496,262.1602861503784,0.03945468422689369,fc6ed5692c5e33a9fffe770a3a11e12d0b94dbf5a1eec4c0ae7c81aee87c07d7
7,14,1.06,blind2,6000,248.9555,132.51123999320745,244.6974721504646,1.710712752263289,-0.017103570114078256,0.017103570114078256,241.72091124691033,256.19008875308964,0.044859723725305334,fc6ed5692c5e33a9fffe770a3a11e12d0b94dbf5a1eec4c0ae7c81aee87c07d7
7,14,1.275,blind2,6000,195.92966666666666,83.97425200057097,198.71794484786278,1.0841029316947874,0.014231015795784471,0.014231015795784471,191.34500517603698,200.51432815729635,0.038532177336130236,fc6ed5692c5e33a9fffe770a3a11e12d0b94dbf5a1eec4c0ae7c81aee87c07d7
7,14,1.675,blind2,6000,139.27366666666666,46.852701478444054,140.3136701234594,0.6048657751694715,0.00746733737743722,0.00746733737743722,136.71569477548826,141.83163855784505,0.02631720779300184,fc6ed5692c5e33a9fffe770a3a11e12d0b94dbf5a1eec4c0ae7c81aee87c07d7
7,14,1.875,blind2,6000,121.515,37.61852780132404,122.23002733660987,0.4856531056112291,0.005884272201866967,0.005884272201866967,119.46117740990726,123.56882259009274,0.023177822173992446,fc6ed5692c5e33a9fffe770a3a11e12d0b94dbf5a1eec4c0ae7c81aee87c07d7
7,28,0.325,blind2,6000,145.1125,30.961577483983536,142.71253261432008,0.3997122465592626,-0.016538667486811466,0.016538667486811466,143.42212052536055,146.80287947463947,0.027862851702619373,fc6ed5692c5e33a9fffe770a3a11e12d0b94dbf5a1eec4c0ae7c81aee87c07d7
7,28,0.525,blind2,6000,206.69766666666666,54.93391075022733,205.40946811155422,0.7091937382589167,-0.006232283972464345,0.006232283972464345,203.69849276340233,209.696840569931,0.020445574891468143,fc6ed5692c5e33a9fffe770a3a11e12d0b94dbf5a1eec4c0ae7c81aee87c07d7
7,28,0.725,blind2,6000,354.21816666666666,124.41177845529187,354.5492482381004,1.606149153431307,0.0009346826407842124,0.0009346826407842124,347.4257764270864,361.0105569062469,0.020503578877397954,fc6ed5692c5e33a9fffe770a3a11e12d0b94dbf5a1eec4c0ae7c81aee87c07d7
7,28,0.94,blind2,6000,908.5031666666666,455.91224592674615,918.230652995943,5.885801786021027,0.010707157317862679,0.010707157317862679,883.6121641604146,933.3941691729186,0.039178375128438914,fc6ed5692c5e33a9fffe770a3a11e12d0b94dbf5a1eec4c0ae7c81aee87c07d7
7,28,1.0,blind2,6000,1034.4363333333333,549.9796467887418,1030.066187950587,7.100206709219448,-0.004224663463496274,0.004224663463496274,1004.4096233931803,1064.4630432734864,0.03231380886378232,fc6ed5692c5e33a9fffe770a3a11e12d0b94dbf5a1eec4c0ae7c81aee87c07d7
7,28,1.06,blind2,6000,933.5243333333333,460.12605671985983,924.7635455983468,5.940201849440355,-0.009384637788395246,0.009384637788395246,908.4032734510197,958.6453932156469,0.03534346261619015,fc6ed5692c5e33a9fffe770a3a11e12d0b94dbf5a1eec4c0ae7c81aee87c07d7
7,28,1.275,blind2,6000,614.0173333333333,223.79746330924493,624.8672135172136,2.8892128277339033,0.017670315795450278,0.017670315795450278,601.7988784225646,626.2357882441021,0.03833229991241538,fc6ed5692c5e33a9fffe770a3a11e12d0b94dbf5a1eec4c0ae7c81aee87c07d7
7,28,1.675,blind2,6000,383.98133333333334,101.19044043664162,384.8060108262544,1.3063629686883553,0.002147702039997783,0.002147702039997783,378.4567361569682,389.5059305096985,0.016776751640781518,fc6ed5692c5e33a9fffe770a3a11e12d0b94dbf5a1eec4c0ae7c81aee87c07d7
7,28,1.875,blind2,6000,327.6711666666667,77.38992765290956,326.84226352888993,0.9990996698797187,-0.0025296798195856805,0.0025296798195856805,323.44598320125755,331.89635013207584,0.015227906547253922,fc6ed5692c5e33a9fffe770a3a11e12d0b94dbf5a1eec4c0ae7c81aee87c07d7
7,56,0.325,blind2,6000,290.39383333333336,43.85448587424215,287.0165557620237,0.5661589781580942,-0.011629990666616526,0.011629990666616526,287.99955213654897,292.78811453011775,0.019712407989499692,fc6ed5692c5e33a9fffe770a3a11e12d0b94dbf5a1eec4c0ae7c81aee87c07d7
7,56,0.525,blind2,6000,412.4816666666667,77.20013368293046,410.8277649262202,0.9966494402632531,-0.004009636970806345,0.004009636970806345,408.2668452001392,416.6964881331942,0.014083927688629982,fc6ed5692c5e33a9fffe770a3a11e12d0b94dbf5a1eec4c0ae7c81aee87c07d7
7,56,0.725,blind2,6000,712.9163333333333,180.45987909010623,712.7272727272726,2.329727021248618,-0.00026519325932221165,0.00026519325932221165,703.0639388367146,722.7687278299521,0.013893040354454822,fc6ed5692c5e33a9fffe770a3a11e12d0b94dbf5a1eec4c0ae7c81aee87c07d7
7,56,0.94,blind2,6000,2761.6886666666664,1258.562065672732,2735.9192267835065,16.247966401729652,-0.009331044514247676,0.009331044514247676,2692.9761637435336,2830.4011695897993,0.03338111354016493,fc6ed5692c5e33a9fffe770a3a11e12d0b94dbf5a1eec4c0ae7c81aee87c07d7
7,56,1.0,blind2,6000,4134.386,2181.3690715179373,4122.950027213303,28.161353619736357,-0.0027660631558586147,0.0027660631558586147,4015.2918903082473,4253.480109691754,0.03068783187231372,fc6ed5692c5e33a9fffe770a3a11e12d0b94dbf5a1eec4c0ae7c81aee87c07d7
7,56,1.06,blind2,6000,3270.1058333333335,1465.2540860053584,3283.921337385032,18.916348910203745,0.004224788051466801,0.004224788051466801,3190.1087649218052,3350.102901744862,0.029407327265697836,fc6ed5692c5e33a9fffe770a3a11e12d0b94dbf5a1eec4c0ae7c81aee87c07d7
7,56,1.275,blind2,6000,1737.7916666666667,489.9911657240739,1757.012902557668,6.325758748793655,0.01106072509132831,0.01106072509132831,1711.040090144989,1764.5432431883444,0.026868343224373703,fc6ed5692c5e33a9fffe770a3a11e12d0b94dbf5a1eec4c0ae7c81aee87c07d7
7,56,1.675,blind2,6000,980.0703333333333,191.32031334110442,982.0738293258942,2.4699346245376073,0.0020442369536344458,0.0020442369536344458,969.6250021508156,990.5156645158511,0.012838805875946546,fc6ed5692c5e33a9fffe770a3a11e12d0b94dbf5a1eec4c0ae7c81aee87c07d7
7,56,1.875,blind2,6000,808.9455,144.77737257948323,816.5168460122687,1.869067843026683,0.00935952547145474,0.00935952547145474,801.0412290006562,816.8497709993438,0.019319376395793286,fc6ed5692c5e33a9fffe770a3a11e12d0b94dbf5a1eec4c0ae7c81aee87c07d7
7,112,0.325,blind2,6000,581.7501666666667,62.280424092779086,580.7407407407406,0.8040368176868953,-0.0017351536514547095,0.0017351536514547095,578.3499022385142,585.1504310948192,0.007535994369563981,fc6ed5692c5e33a9fffe770a3a11e12d0b94dbf5a1eec4c0ae7c81aee87c07d7
7,112,0.525,blind2,6000,826.239,111.28551848033615,825.2631578947369,1.4366898658279987,-0.0011810651703237861,0.0011810651703237861,820.1632515546542,832.3147484453459,0.008472264325221301,fc6ed5692c5e33a9fffe770a3a11e12d0b94dbf5a1eec4c0ae7c81aee87c07d7
7,112,0.725,blind2,6000,1428.6885,256.6386935705324,1425.4545454545453,3.313191287303668,-0.00226358268121757,0.00226358268121757,1414.6770440192986,1442.6999559807014,0.011953566959412076,fc6ed5692c5e33a9fffe770a3a11e12d0b94dbf5a1eec4c0ae7c81aee87c07d7
7,112,0.94,blind2,6000,6435.2155,2373.9021223028826,6514.991581758386,30.64694461735169,0.012396800349325639,0.012396800349325639,6305.609848465621,6564.821151534379,0.03320562773856284,fc6ed5692c5e33a9fffe770a3a11e12d0b94dbf5a1eec4c0ae7c81aee87c07d7
7,112,1.0,blind2,6000,16520.251333333334,8894.81304542243,16497.17065967512,114.83154264183183,-0.0013971139538078426,0.0013971139538078426,16034.629778342625,17005.87288832404,0.02991332653075318,fc6ed5692c5e33a9fffe770a3a11e12d0b94dbf5a1eec4c0ae7c81aee87c07d7
7,112,1.06,blind2,6000,10363.337,3870.4369517489768,10574.463534746043,49.967126188898625,0.020372447093638182,0.020372447093638182,10152.026475382609,10574.64752461739,0.04161110694379988,fc6ed5692c5e33a9fffe770a3a11e12d0b94dbf5a1eec4c0ae7c81aee87c07d7
7,112,1.275,blind2,6000,4505.647833333333,980.6125418863744,4514.012891742895,12.65965347936017,0.0018565717337417093,0.0018565717337417093,4452.110273296665,4559.185393370002,0.01390410718654378,fc6ed5692c5e33a9fffe770a3a11e12d0b94dbf5a1eec4c0ae7c81aee87c07d7
7,112,1.675,blind2,6000,2322.882666666667,337.46160367546224,2320.0189774906253,4.356610570065043,-0.0012328169722627355,0.0012328169722627355,2304.458599978624,2341.3067333547096,0.009092254150562584,fc6ed5692c5e33a9fffe770a3a11e12d0b94dbf5a1eec4c0ae7c81aee87c07d7
7,112,1.875,blind2,6000,1881.5758333333333,244.0149608790979,1885.6068645222626,3.150219599034002,0.0021423697719310554,0.0021423697719310554,1868.2535831479752,1894.8980835186915,0.009288504264526765,fc6ed5692c5e33a9fffe770a3a11e12d0b94dbf5a1eec4c0ae7c81aee87c07d7
7,128,0.3,boundary_confirmation,8000,640.602,62.72711082382193,640.0,0.7013104191711433,-0.0009397410560690966,0.0009397410560690966,637.6361645818401,643.5678354181598,0.005543837373167659,fc6ed5692c5e33a9fffe770a3a11e12d0b94dbf5a1eec4c0ae7c81aee87c07d7
7,128,0.975,boundary_confirmation,8000,15234.844,7187.798351463866,14840.04777083695,80.36202861217065,-0.02591403162139687,0.02591403162139687,14894.993708006852,15574.694291993146,0.04716924180873794,fc6ed5692c5e33a9fffe770a3a11e12d0b94dbf5a1eec4c0ae7c81aee87c07d7
7,128,1.025,boundary_confirmation,8000,17280.9105,7657.551573757296,17192.717964348813,85.61402930065904,-0.005103465795461949,0.005103465795461949,16918.84954460829,17642.971455391715,0.025520275435536366,fc6ed5692c5e33a9fffe770a3a11e12d0b94dbf5a1eec4c0ae7c81aee87c07d7
7,128,1.9,boundary_confirmation,8000,2156.222,260.7059620834039,2147.613500615797,2.914781266789869,-0.003992399383831183,0.003992399383831183,2143.895416391773,2168.5485836082275,0.009653960787725069,fc6ed5692c5e33a9fffe770a3a11e12d0b94dbf5a1eec4c0ae7c81aee87c07d7
8,10,0.3,boundary_confirmation,8000,56.43375,19.261820738309485,56.74109926760289,0.21535370270637597,0.005446196072436932,0.005446196072436932,55.523021139485856,57.34447886051415,0.021938253775077632,fc6ed5692c5e33a9fffe770a3a11e12d0b94dbf5a1eec4c0ae7c81aee87c07d7
8,10,0.975,boundary_confirmation,8000,139.91625,71.48722640360207,137.644932736076,0.7992514888068601,-0.01623340579756822,0.01623340579756822,136.53622268439,143.29627731560998,0.039438181405696326,fc6ed5692c5e33a9fffe770a3a11e12d0b94dbf5a1eec4c0ae7c81aee87c07d7
8,10,1.025,boundary_confirmation,8000,136.31925,68.68109431296944,137.23258118259983,0.7678779782643693,0.006699942837125491,0.006699942837125491,133.0719009766488,139.56659902335122,0.03126640692298466,fc6ed5692c5e33a9fffe770a3a11e12d0b94dbf5a1eec4c0ae7c81aee87c07d7
8,10,1.9,boundary_confirmation,8000,83.603875,28.52885726674823,84.34777690166781,0.31896232084418946,0.008897935671855062,0.008897935671855062,82.2549862306927,84.95276376930731,0.025442721066242457,fc6ed5692c5e33a9fffe770a3a11e12d0b94dbf5a1eec4c0ae7c81aee87c07d7
8,14,0.325,blind2,6000,82.84016666666666,25.015426878279317,82.83240349251699,0.32294777232615063,-9.371268144486783e-05,9.371268144486783e-05,81.47442345909715,84.20590987423617,0.016667562355953125,fc6ed5692c5e33a9fffe770a3a11e12d0b94dbf5a1eec4c0ae7c81aee87c07d7
8,14,0.525,blind2,6000,115.0615,41.63239836772528,116.00236383016274,0.5374719518029095,0.008177051665089892,0.008177051665089892,112.78853597814998,117.33446402185001,0.028494277580084493,fc6ed5692c5e33a9fffe770a3a11e12d0b94dbf5a1eec4c0ae7c81aee87c07d7
8,14,0.725,blind2,6000,177.8525,75.32266808740005,177.11956204259715,0.9724114636480309,-0.004121043884133422,0.004121043884133422,173.7401807173056,181.96481928269438,0.026627439629249405,fc6ed5692c5e33a9fffe770a3a11e12d0b94dbf5a1eec4c0ae7c81aee87c07d7
8,14,0.94,blind2,6000,264.14416666666665,133.2751630805777,267.19447602302006,1.72057495691385,0.011547895964716526,0.011547895964716526,256.86787073932976,271.42046259400354,0.04020201224064235,fc6ed5692c5e33a9fffe770a3a11e12d0b94dbf5a1eec4c0ae7c81aee87c07d7
8,14,1.0,blind2,6000,274.08433333333335,141.9210255181953,272.6293628152623,1.8321925610288277,-0.005308477505357971,0.005308477505357971,266.3360075679604,281.8326590987063,0.03265518025084779,fc6ed5692c5e33a9fffe770a3a11e12d0b94dbf5a1eec4c0ae7c81aee87c07d7
8,14,1.06,fresh_precision_confirmation,60000,265.45085,133.7375425218445,261.1840564019571,0.545981231053812,-0.016073761293448143,0.016073761293448143,263.14190031317844,267.75979968682157,0.024558366463358627,fc6ed5692c5e33a9fffe770a3a11e12d0b94dbf5a1eec4c0ae7c81aee87c07d7
8,14,1.275,blind2,6000,218.8015,92.64013959219088,219.83331619487038,1.1959790594362854,0.0047157638081565855,0.0047157638081565855,213.74371537725648,223.85928462274353,0.02849019821175003,fc6ed5692c5e33a9fffe770a3a11e12d0b94dbf5a1eec4c0ae7c81aee87c07d7
8,14,1.675,blind2,6000,161.586,55.99607602997844,162.87898457102835,0.7229062330569027,0.008001835375764866,0.008001835375764866,158.52883608028722,164.6431639197128,0.027440739478702847,fc6ed5692c5e33a9fffe770a3a11e12d0b94dbf5a1eec4c0ae7c81aee87c07d7
8,14,1.875,blind2,6000,143.10083333333333,44.687908515616826,143.7354336284209,0.5769184181927486,0.004434637313462512,0.004434637313462512,140.66105056197935,145.5406161046873,0.02185667641581346,fc6ed5692c5e33a9fffe770a3a11e12d0b94dbf5a1eec4c0ae7c81aee87c07d7
8,28,0.325,blind2,6000,165.44766666666666,35.40003938350372,163.33290295768452,0.4570125432913219,-0.012782070316185412,0.012782070316185412,163.51496475552347,167.38036857780986,0.024181244518193257,fc6ed5692c5e33a9fffe770a3a11e12d0b94dbf5a1eec4c0ae7c81aee87c07d7
8,28,0.525,blind2,6000,235.283,62.31268508728485,235.1457249927053,0.8044533053350716,-0.0005834463488423549,0.0005834463488423549,231.88097424935123,238.68502575064875,0.014828331801765016,fc6ed5692c5e33a9fffe770a3a11e12d0b94dbf5a1eec4c0ae7c81aee87c07d7
8,28,0.725,blind2,6000,403.8466666666667,139.9126921183047,403.9270388067502,1.806265088324133,0.0001990164751065047,0.0001990164751065047,396.20798794880494,411.48534538452844,0.019482320126626762,fc6ed5692c5e33a9fffe770a3a11e12d0b94dbf5a1eec4c0ae7c81aee87c07d7
8,28,0.94,blind2,6000,993.5591666666667,484.71031126534405,993.8203864370931,6.257583210885636,0.0002629131502080965,0.0002629131502080965,967.0959038780413,1020.022429455292,0.027633745993429493,fc6ed5692c5e33a9fffe770a3a11e12d0b94dbf5a1eec4c0ae7c81aee87c07d7
8,28,1.0,blind2,6000,1094.0041666666666,562.4612424492154,1092.4595464153979,7.261343416309812,-0.0014118961319635971,0.0014118961319635971,1063.2960110499769,1124.7123222833563,0.02867646706535576,fc6ed5692c5e33a9fffe770a3a11e12d0b94dbf5a1eec4c0ae7c81aee87c07d7
8,28,1.06,blind2,6000,1012.7241666666666,492.2772127826046,997.0279922173687,6.355271489414775,-0.015498963060159944,0.015498963060159944,985.847781031894,1039.6005523014394,0.04095088251908363,fc6ed5692c5e33a9fffe770a3a11e12d0b94dbf5a1eec4c0ae7c81aee87c07d7
8,28,1.275,blind2,6000,700.0641666666667,256.99302510340146,715.994577348279,3.3177656877231283,0.02275564361116278,0.02275564361116278,686.0333655879743,714.094967745359,0.043673111634484396,fc6ed5692c5e33a9fffe770a3a11e12d0b94dbf5a1eec4c0ae7c81aee87c07d7
8,28,1.675,blind2,6000,460.71116666666666,122.01364253011273,460.4524192996998,1.5751893517641053,-0.0005616259940885722,0.0005616259940885722,454.0497051482543,467.372628185079,0.014806619960291756,fc6ed5692c5e33a9fffe770a3a11e12d0b94dbf5a1eec4c0ae7c81aee87c07d7
8,28,1.875,blind2,6000,395.9075,97.61294991827992,394.42373214432274,1.2601777646922558,-0.0037477639490974173,0.0037477639490974173,390.5782196335127,401.2367803664874,0.016980118861340765,fc6ed5692c5e33a9fffe770a3a11e12d0b94dbf5a1eec4c0ae7c81aee87c07d7
8,56,0.325,blind2,6000,331.7945,50.61830010119056,327.6280968528116,0.6534794443508009,-0.012557179661472443,0.012557179661472443,329.030941341645,334.55805865835504,0.020713779346203665,fc6ed5692c5e33a9fffe770a3a11e12d0b94dbf5a1eec4c0ae7c81aee87c07d7
8,56,0.525,blind2,6000,472.9911666666667,89.17979177584134,469.34488369489145,1.1513061612202622,-0.00770898745841674,0.00770898745841674,468.12230332633834,477.86003000699503,0.017819331556102158,fc6ed5692c5e33a9fffe770a3a11e12d0b94dbf5a1eec4c0ae7c81aee87c07d7
8,56,0.725,blind2,6000,812.0483333333333,203.13533910069452,814.5454545454545,2.6224659512106205,0.003075089387685727,0.003075089387685727,800.957948550214,823.1387181164525,0.016964069112285873,fc6ed5692c5e33a9fffe770a3a11e12d0b94dbf5a1eec4c0ae7c81aee87c07d7
8,56,0.94,blind2,6000,3059.2206666666666,1371.3121345878797,3040.4229953018416,17.703563532370005,-0.006144594788354038,0.006144594788354038,2984.352456646344,3134.0888766869894,0.029886159924143896,fc6ed5692c5e33a9fffe770a3a11e12d0b94dbf5a1eec4c0ae7c81aee87c07d7
8,56,1.0,blind2,6000,4295.897333333333,2157.309096741286,4373.722375970289,27.850740681002552,0.018116131880779564,0.018116131880779564,4178.116802949477,4413.67786371719,0.046816683746784715,fc6ed5692c5e33a9fffe770a3a11e12d0b94dbf5a1eec4c0ae7c81aee87c07d7
8,56,1.06,blind2,6000,3633.0803333333333,1593.039963382603,3611.508206266962,20.566057493412316,-0.0059376961385764005,0.0059376961385764005,3546.1066622477642,3720.0540044189024,0.029178554403512136,fc6ed5692c5e33a9fffe770a3a11e12d0b94dbf5a1eec4c0ae7c81aee87c07d7
8,56,1.275,blind2,6000,2068.1948333333335,595.2985018103791,2085.8670812241553,7.685270611779414,0.008544769383423741,0.008544769383423741,2035.6938934421269,2100.69577322454,0.024646725101282962,fc6ed5692c5e33a9fffe770a3a11e12d0b94dbf5a1eec4c0ae7c81aee87c07d7
8,56,1.675,blind2,6000,1199.94,248.14263679323454,1206.2217292514918,3.2035076659473107,0.0052350361280494835,0.0052350361280494835,1186.3923950617445,1213.4876049382556,0.01671397614506387,fc6ed5692c5e33a9fffe770a3a11e12d0b94dbf5a1eec4c0ae7c81aee87c07d7
8,56,1.875,blind2,6000,1005.0203333333334,185.20448438611942,1011.3154072185213,2.3909796122345734,0.0062636283828299555,0.0062636283828299555,994.9089021835663,1015.1317644831005,0.01649045957770312,fc6ed5692c5e33a9fffe770a3a11e12d0b94dbf5a1eec4c0ae7c81aee87c07d7
8,112,0.325,blind2,6000,664.542,73.2424943583298,663.7037037037037,0.9455565362816732,-0.0012614647325471298,0.0012614647325471298,660.5432499621907,668.5407500378094,0.007235230363791811,fc6ed5692c5e33a9fffe770a3a11e12d0b94dbf5a1eec4c0ae7c81aee87c07d7
8,112,0.525,blind2,6000,942.77,125.08824329822222,943.1578947368422,1.6148822770011872,0.00041144153594430583,0.00041144153594430583,935.9406774598483,949.5993225401517,0.007711190944902135,fc6ed5692c5e33a9fffe770a3a11e12d0b94dbf5a1eec4c0ae7c81aee87c07d7
8,112,0.725,blind2,6000,1627.4901666666667,288.0143733968603,1629.090909090909,3.7182495721146815,0.0009835650359232883,0.0009835650359232883,1611.765722863923,1643.2146104694104,0.010749196351068413,fc6ed5692c5e33a9fffe770a3a11e12d0b94dbf5a1eec4c0ae7c81aee87c07d7
8,112,0.94,blind2,6000,7316.344666666667,2725.8394546133754,7381.299459935713,35.190436040509034,0.008878038997394467,0.008878038997394467,7167.524631007165,7465.1647023261685,0.029825475311761496,fc6ed5692c5e33a9fffe770a3a11e12d0b94dbf5a1eec4c0ae7c81aee87c07d7
8,112,1.0,blind2,6000,17341.756166666666,8826.69131636034,17502.65788449855,113.9520949012574,0.009278282792440525,0.009278282792440525,16859.853788214787,17823.658545118546,0.03812631499408914,fc6ed5692c5e33a9fffe770a3a11e12d0b94dbf5a1eec4c0ae7c81aee87c07d7
8,112,1.06,blind2,6000,11850.958833333334,4511.656548498261,12000.90791838179,58.245235587138005,0.01265290742776801,0.01265290742776801,11604.640258960006,12097.277407706662,0.03414734542208864,fc6ed5692c5e33a9fffe770a3a11e12d0b94dbf5a1eec4c0ae7c81aee87c07d7
8,112,1.275,blind2,6000,5542.036666666667,1236.5207232009388,5528.436896209616,15.963413893991957,-0.002453930075715409,0.002453930075715409,5474.5275337245075,5609.545799608826,0.014459085690122442,fc6ed5692c5e33a9fffe770a3a11e12d0b94dbf5a1eec4c0ae7c81aee87c07d7
8,112,1.675,blind2,6000,2930.008,452.82046920630927,2927.3941036748515,5.845887120192881,-0.0008921123509383897,0.0008921123509383897,2905.285796254441,2954.730203745559,0.009251639975810577,fc6ed5692c5e33a9fffe770a3a11e12d0b94dbf5a1eec4c0ae7c81aee87c07d7
8,112,1.875,blind2,6000,2392.532,324.43173956155886,2396.4073312802007,4.188395747676731,0.0016197615246945488,0.0016197615246945488,2374.819312274056,2410.2446877259445,0.009090383800809176,fc6ed5692c5e33a9fffe770a3a11e12d0b94dbf5a1eec4c0ae7c81aee87c07d7
8,128,0.3,boundary_confirmation,8000,732.06025,73.00100864608254,731.4285714285714,0.8161760887934522,-0.0008628778456808051,0.0008628778456808051,728.6086487041578,735.5118512958422,0.0055516166871775185,fc6ed5692c5e33a9fffe770a3a11e12d0b94dbf5a1eec4c0ae7c81aee87c07d7
8,128,0.975,boundary_confirmation,8000,16588.57675,7382.493682352914,16468.55911686661,82.53878858601928,-0.007234956617564531,0.007234956617564531,16239.520959769849,16937.63254023015,0.027694155145319255,fc6ed5692c5e33a9fffe770a3a11e12d0b94dbf5a1eec4c0ae7c81aee87c07d7
8,128,1.025,boundary_confirmation,8000,19071.699875,8414.897398785026,18889.02061729328,94.08141303684737,-0.009578551408843266,0.009578551408843266,18673.830430389462,19469.569319610535,0.029818261143172875,fc6ed5692c5e33a9fffe770a3a11e12d0b94dbf5a1eec4c0ae7c81aee87c07d7
8,128,1.9,boundary_confirmation,8000,2747.326,345.4323659038434,2742.0295886541853,3.8620512589478717,-0.0019278423258887747,0.0019278423258887747,2730.9934201645633,2763.6585798354367,0.007826216790693175,fc6ed5692c5e33a9fffe770a3a11e12d0b94dbf5a1eec4c0ae7c81aee87c07d7
9,10,0.3,boundary_confirmation,8000,63.180875,21.531386609100185,63.642121066215566,0.24072822053888351,0.007300406431781223,0.007300406431781223,62.16283753312675,64.19891246687325,0.023796911334694304,fc6ed5692c5e33a9fffe770a3a11e12d0b94dbf5a1eec4c0ae7c81aee87c07d7
9,10,0.975,boundary_confirmation,8000,145.854125,71.75487747038157,145.31885775303599,0.8022439187047067,-0.003669880759039385,0.003669880759039385,142.4614427254235,149.24680727457653,0.02631848274190618,fc6ed5692c5e33a9fffe770a3a11e12d0b94dbf5a1eec4c0ae7c81aee87c07d7
9,10,1.025,boundary_confirmation,8000,145.8665,71.8068517325782,145.05016569642123,0.8028250086214669,-0.005596448146618795,0.005596448146618795,142.47136030142244,149.26163969857757,0.028215380794831768,fc6ed5692c5e33a9fffe770a3a11e12d0b94dbf5a1eec4c0ae7c81aee87c07d7
9,10,1.9,boundary_confirmation,8000,94.267125,33.325944796193625,95.31808071973506,0.3725953898934716,0.011148698124983357,0.011148698124983357,92.69142246688325,95.84282753311673,0.028337662568402866,fc6ed5692c5e33a9fffe770a3a11e12d0b94dbf5a1eec4c0ae7c81aee87c07d7
9,14,0.325,blind2,6000,93.19216666666667,28.636763946841366,93.28441420639714,0.3696990328512986,0.0009898636659069634,0.0009898636659069634,91.62871280127894,94.7556205320544,0.01806967875570864,fc6ed5692c5e33a9fffe770a3a11e12d0b94dbf5a1eec4c0ae7c81aee87c07d7
9,14,0.525,blind2,6000,129.51433333333333,46.63694131556479,129.87128534663967,0.6020803234441169,0.0027560811542584013,0.0027560811542584013,126.96814109230243,132.06052557436422,0.022865139470118923,fc6ed5692c5e33a9fffe770a3a11e12d0b94dbf5a1eec4c0ae7c81aee87c07d7
9,14,0.725,blind2,6000,196.95833333333334,84.45498823670452,195.0238633666857,1.090309209816333,-0.009821721853087235,0.009821721853087235,192.3474255486737,201.569241117993,0.03247210593741234,fc6ed5692c5e33a9fffe770a3a11e12d0b94dbf5a1eec4c0ae7c81aee87c07d7
9,14,0.94,blind2,6000,281.6188333333333,139.6313994054425,283.0520964184485,1.8026336150163833,0.005089372284341256,0.005089372284341256,273.9955120832374,289.2421545834293,0.033053768896987856,fc6ed5692c5e33a9fffe770a3a11e12d0b94dbf5a1eec4c0ae7c81aee87c07d7
9,14,1.0,blind2,6000,289.8953333333333,143.90995352653533,287.878494272313,1.857869511205849,-0.006957128415383258,0.006957128415383258,282.03841997795234,297.7522466887143,0.033160966965679495,fc6ed5692c5e33a9fffe770a3a11e12d0b94dbf5a1eec4c0ae7c81aee87c07d7
9,14,1.06,blind2,6000,282.2796666666667,136.23524309125096,277.2462801430545,1.7587894255297802,-0.017831204716406045,0.017831204716406045,274.8417620972662,289.71757123606716,0.04304637457715965,fc6ed5692c5e33a9fffe770a3a11e12d0b94dbf5a1eec4c0ae7c81aee87c07d7
9,14,1.275,blind2,6000,239.40633333333332,101.62383149181463,239.39271672660723,1.3119580231519563,-5.68765518292698e-05,5.68765518292698e-05,233.85807472225815,244.9545919444085,0.023666670526225397,fc6ed5692c5e33a9fffe770a3a11e12d0b94dbf5a1eec4c0ae7c81aee87c07d7
9,14,1.675,blind2,6000,181.3145,61.83057840977835,184.35747246522953,0.7982293348914781,0.016782841224665015,0.016782841224665015,177.9387953640511,184.69020463594893,0.036072387070207323,fc6ed5692c5e33a9fffe770a3a11e12d0b94dbf5a1eec4c0ae7c81aee87c07d7
9,14,1.875,blind2,6000,163.96866666666668,52.48873081623653,164.64061036835653,0.6776266010494938,0.004098000644573487,0.004098000644573487,161.10298990108393,166.83434343224943,0.021958751165603196,fc6ed5692c5e33a9fffe770a3a11e12d0b94dbf5a1eec4c0ae7c81aee87c07d7
9,28,0.325,blind2,6000,187.11366666666666,40.287333717914024,184.01447147495108,0.5201072418419385,-0.016563168511024032,0.016563168511024032,184.914137846149,189.31319548718432,0.027989195357446373,fc6ed5692c5e33a9fffe770a3a11e12d0b94dbf5a1eec4c0ae7c81aee87c07d7
9,28,0.525,blind2,6000,265.0145,71.07974168516421,264.92224078776684,0.9176355193312203,-0.0003481289221275038,0.0003481289221275038,261.1338276902822,268.8951723097178,0.014775019900226671,fc6ed5692c5e33a9fffe770a3a11e12d0b94dbf5a1eec4c0ae7c81aee87c07d7
9,28,0.725,blind2,6000,454.60633333333334,158.8901424657438,452.86168860711206,2.0512629188211653,-0.003837704401144026,0.003837704401144026,445.93156100671104,463.28110565995564,0.022490485637226332,fc6ed5692c5e33a9fffe770a3a11e12d0b94dbf5a1eec4c0ae7c81aee87c07d7
9,28,0.94,blind2,6000,1054.7116666666666,490.94311726304255,1066.014749299235,6.338048390316396,0.01071675130729423,0.01071675130729423,1027.9081173621694,1081.5152159711638,0.037072021607199135,fc6ed5692c5e33a9fffe770a3a11e12d0b94dbf5a1eec4c0ae7c81aee87c07d7
9,28,1.0,blind2,6000,1157.2355,560.0927866833308,1154.0555296924722,7.230766783851479,-0.002747902486164493,0.002747902486164493,1126.6566526853603,1187.8143473146397,0.02842095458645366,fc6ed5692c5e33a9fffe770a3a11e12d0b94dbf5a1eec4c0ae7c81aee87c07d7
9,28,1.06,blind2,6000,1080.2531666666666,503.37572639824424,1066.0940819231703,6.498552684084871,-0.013107191147781578,0.013107191147781578,1052.77084615585,1107.7354871774833,0.037591469927911736,fc6ed5692c5e33a9fffe770a3a11e12d0b94dbf5a1eec4c0ae7c81aee87c07d7
9,28,1.275,blind2,6000,787.5001666666667,283.80523292393923,801.5115140669684,3.6639098022697785,0.017792183409444825,0.017792183409444825,772.0055252590037,802.9948080743297,0.03821991921374601,fc6ed5692c5e33a9fffe770a3a11e12d0b94dbf5a1eec4c0ae7c81aee87c07d7
9,28,1.675,blind2,6000,537.1956666666666,149.67035194140465,535.9914371825913,1.9322359349668772,-0.002241696198980222,0.002241696198980222,529.0242583779677,545.3670749553655,0.017191426111562658,fc6ed5692c5e33a9fffe770a3a11e12d0b94dbf5a1eec4c0ae7c81aee87c07d7
9,28,1.875,blind2,6000,464.0858333333333,116.11780809533495,462.8870647497159,1.4990744565044702,-0.0025830751501445025,0.0025830751501445025,457.74626101838857,470.42540564827806,0.01602451910133096,fc6ed5692c5e33a9fffe770a3a11e12d0b94dbf5a1eec4c0ae7c81aee87c07d7
9,56,0.325,blind2,6000,372.04333333333335,57.59948268537799,368.2342143201539,0.7436061239687715,-0.010238374597527458,0.010238374597527458,368.8986297622191,375.1880369044476,0.018534233238531206,fc6ed5692c5e33a9fffe770a3a11e12d0b94dbf5a1eec4c0ae7c81aee87c07d7
9,56,0.525,blind2,6000,531.8291666666667,99.61260007810898,527.9190998279814,1.2859931372497857,-0.007352110571882058,0.007352110571882058,526.3907133231763,537.267620010157,0.017400118365589967,fc6ed5692c5e33a9fffe770a3a11e12d0b94dbf5a1eec4c0ae7c81aee87c07d7
9,56,0.725,blind2,6000,916.0313333333334,231.98170029070653,916.3636363636363,2.9948708728359557,0.0003627638250033405,0.0003627638250033405,903.3660515056802,928.6966151609865,0.014387949199875738,fc6ed5692c5e33a9fffe770a3a11e12d0b94dbf5a1eec4c0ae7c81aee87c07d7
9,56,0.94,blind2,6000,3368.8553333333334,1496.7391730348027,3333.951984893343,19.322819635933506,-0.01036059580672326,0.01036059580672326,3287.1393038998954,3450.5713627667715,0.033797121001989616,fc6ed5692c5e33a9fffe770a3a11e12d0b94dbf5a1eec4c0ae7c81aee87c07d7
9,56,1.0,blind2,6000,4585.619333333333,2261.600277103609,4621.305223976329,29.19713403000119,0.007782131059940314,0.007782131059940314,4462.14491765692,4709.093749009746,0.03566901327870453,fc6ed5692c5e33a9fffe770a3a11e12d0b94dbf5a1eec4c0ae7c81aee87c07d7
9,56,1.06,blind2,6000,3922.401,1721.0644964766734,3917.953302949183,22.218847108676698,-0.001133922067329861,0.001133922067329861,3828.4376965836987,4016.364303416301,0.024502508495907627,fc6ed5692c5e33a9fffe770a3a11e12d0b94dbf5a1eec4c0ae7c81aee87c07d7
9,56,1.275,blind2,6000,2390.384666666667,710.862493228427,2407.808913612709,9.177195325723934,0.007289306691520917,0.007289306691520917,2351.57439065712,2429.1949426762135,0.023913563261706905,fc6ed5692c5e33a9fffe770a3a11e12d0b94dbf5a1eec4c0ae7c81aee87c07d7
9,56,1.675,blind2,6000,1442.9956666666667,305.7507016560214,1436.550328803383,3.9472245853500114,-0.004466637019203531,0.004466637019203531,1426.302889604409,1459.6884437289243,0.01585140652784267,fc6ed5692c5e33a9fffe770a3a11e12d0b94dbf5a1eec4c0ae7c81aee87c07d7
9,56,1.875,blind2,6000,1216.2513333333334,234.40549798970912,1213.2503606564967,3.026161966578665,-0.0024673951794256465,0.0024673951794256465,1203.453721753322,1229.0489449133447,0.01285431660165648,fc6ed5692c5e33a9fffe770a3a11e12d0b94dbf5a1eec4c0ae7c81aee87c07d7
9,112,0.325,blind2,6000,746.1801666666667,80.94513816491788,746.6666666666666,1.0449972402306178,0.0006519873104819567,0.0006519873104819567,741.7608827914631,750.5994505418702,0.006613699898465386,fc6ed5692c5e33a9fffe770a3a11e12d0b94dbf5a1eec4c0ae7c81aee87c07d7
9,112,0.525,blind2,6000,1061.1506666666667,141.4718900777439,1061.0526315789475,1.8263942474252948,-9.238564399823277e-05,9.238564399823277e-05,1053.4268619170678,1068.8744714162656,0.007317828282449312,fc6ed5692c5e33a9fffe770a3a11e12d0b94dbf5a1eec4c0ae7c81aee87c07d7
9,112,0.725,blind2,6000,1831.5525,329.8960868947091,1832.7272727272725,4.258940168407344,0.0006414081645339195,0.0006414081645339195,1813.541480556977,1849.563519443023,0.010579185740159147,fc6ed5692c5e33a9fffe770a3a11e12d0b94dbf5a1eec4c0ae7c81aee87c07d7
9,112,0.94,blind2,6000,8228.027833333334,3013.381403170222,8235.999853174404,38.90258663416469,0.0009688858621472219,0.0009688858621472219,8063.509146395815,8392.546520270851,0.021391518710645707,fc6ed5692c5e33a9fffe770a3a11e12d0b94dbf5a1eec4c0ae7c81aee87c07d7
9,112,1.0,blind2,6000,18642.615833333333,9078.232348536341,18495.387106318194,117.19947566294232,-0.007897428576084883,0.007897428576084883,18146.980311018226,19138.25135564844,0.03359054269817141,fc6ed5692c5e33a9fffe770a3a11e12d0b94dbf5a1eec4c0ae7c81aee87c07d7
9,112,1.06,blind2,6000,13117.693666666666,4964.603230238932,13336.129647722977,64.0927521041431,0.01665201113907531,0.01665201113907531,12846.645997843401,13388.74133548993,0.03810205791937804,fc6ed5692c5e33a9fffe770a3a11e12d0b94dbf5a1eec4c0ae7c81aee87c07d7
9,112,1.275,blind2,6000,6613.307,1520.1084069935612,6560.35833249916,19.624515149053163,-0.008006382812840869,0.008006382812840869,6530.315102970914,6696.298897029085,0.02030085075656307,fc6ed5692c5e33a9fffe770a3a11e12d0b94dbf5a1eec4c0ae7c81aee87c07d7
9,112,1.675,blind2,6000,3565.041333333333,570.5946868612909,3571.0219677195028,7.3663457321607195,0.0016775778530953847,0.0016775778530953847,3533.8891238728297,3596.1935427938365,0.010507642584433707,fc6ed5692c5e33a9fffe770a3a11e12d0b94dbf5a1eec4c0ae7c81aee87c07d7
9,112,1.875,blind2,6000,2925.756,416.4895733686348,2943.1586402712032,5.376857271752516,0.0059480832547906875,0.0059480832547906875,2903.0173192403427,2948.494680759657,0.01382744800205482,fc6ed5692c5e33a9fffe770a3a11e12d0b94dbf5a1eec4c0ae7c81aee87c07d7
9,128,0.3,boundary_confirmation,8000,822.021125,82.93606409503239,822.8571428571429,0.92725338551386,0.0010170272170838747,0.0010170272170838747,818.0997788212054,825.9424711787946,0.005815139129841107,fc6ed5692c5e33a9fffe770a3a11e12d0b94dbf5a1eec4c0ae7c81aee87c07d7
9,128,0.975,boundary_confirmation,8000,18008.21875,7961.273660001559,18038.852973756555,89.00974545621017,0.001701124591045686,0.001701124591045686,17631.79734170634,18384.64015829366,0.023086451378803163,fc6ed5692c5e33a9fffe770a3a11e12d0b94dbf5a1eec4c0ae7c81aee87c07d7
9,128,1.025,boundary_confirmation,8000,20670.041375,9031.479998720255,20483.247607738547,100.97501607284102,-0.00903693243146464,0.00903693243146464,20243.018945514308,21097.063804485693,0.029094863741969457,fc6ed5692c5e33a9fffe770a3a11e12d0b94dbf5a1eec4c0ae7c81aee87c07d7
9,128,1.9,boundary_confirmation,8000,3383.476625,447.64535683875556,3382.9325143739134,5.004827238518039,-0.0001608140638732569,0.0001608140638732569,3362.311255885263,3404.6419941147365,0.006376435401534208,fc6ed5692c5e33a9fffe770a3a11e12d0b94dbf5a1eec4c0ae7c81aee87c07d7
10,10,0.3,boundary_confirmation,8000,70.24925,24.16875339188111,70.46611804593151,0.27021487757837387,0.0030871225804048517,0.0030871225804048517,69.10651372726242,71.39198627273758,0.01967404004830775,fc6ed5692c5e33a9fffe770a3a11e12d0b94dbf5a1eec4c0ae7c81aee87c07d7
10,10,0.975,boundary_confirmation,8000,153.4225,72.92412484732398,152.89984783010158,0.8153165017914894,-0.0034066200843972405,0.0034066200843972405,149.97453388981268,156.87046611018735,0.025311445669427446,fc6ed5692c5e33a9fffe770a3a11e12d0b94dbf5a1eec4c0ae7c81aee87c07d7
10,10,1.025,boundary_confirmation,8000,153.799875,72.69147701992506,152.7646895442781,0.8127154200070813,-0.0067307301499555,0.0067307301499555,150.36290884114783,157.23684115885214,0.028442135962626902,fc6ed5692c5e33a9fffe770a3a11e12d0b94dbf5a1eec4c0ae7c81aee87c07d7
10,10,1.9,boundary_confirmation,8000,104.14675,36.58212672791171,105.75405924946675,0.4090006106256126,0.015433119607349746,0.015433119607349746,102.4170901177526,105.8764098822474,0.03258215135655118,fc6ed5692c5e33a9fffe770a3a11e12d0b94dbf5a1eec4c0ae7c81aee87c07d7
10,14,0.325,blind2,6000,103.64716666666666,31.735036275281843,103.7037037037037,0.40969755661818275,0.0005454759532294505,0.0005454759532294505,101.91455940612171,105.37977392721162,0.017555335645934367,fc6ed5692c5e33a9fffe770a3a11e12d0b94dbf5a1eec4c0ae7c81aee87c07d7
10,14,0.525,blind2,6000,144.21666666666667,51.88212937142783,143.56403383411248,0.6697954100710622,-0.0045253634523577235,0.0045253634523577235,141.38410793688558,147.04922539644775,0.023700849514433853,fc6ed5692c5e33a9fffe770a3a11e12d0b94dbf5a1eec4c0ae7c81aee87c07d7
10,14,0.725,blind2,6000,214.26066666666668,89.88781168399369,212.3794087107059,1.1604466589304534,-0.00878023010582495,0.00878023010582495,209.3531482442129,219.16818508912047,0.030975190927707175,fc6ed5692c5e33a9fffe770a3a11e12d0b94dbf5a1eec4c0ae7c81aee87c07d7
10,14,0.94,blind2,6000,297.60266666666666,141.45312046907023,298.5649425047859,1.8261519328192684,0.003233424783780745,0.003233424783780745,289.87988666334445,305.3254466699889,0.02996087773253464,fc6ed5692c5e33a9fffe770a3a11e12d0b94dbf5a1eec4c0ae7c81aee87c07d7
10,14,1.0,blind2,6000,305.3946666666667,146.35956440186683,302.9506256274009,1.8894938516220072,-0.008002893652145678,0.008002893652145678,297.4040142617603,313.38531907157306,0.033296688801778385,fc6ed5692c5e33a9fffe770a3a11e12d0b94dbf5a1eec4c0ae7c81aee87c07d7
10,14,1.06,blind2,6000,296.977,135.74281745178376,292.9798402219231,1.7524322378601067,-0.013459492748855561,0.013459492748855561,289.56597991974326,304.3880200802567,0.03747906982451432,fc6ed5692c5e33a9fffe770a3a11e12d0b94dbf5a1eec4c0ae7c81aee87c07d7
10,14,1.275,blind2,6000,256.6186666666667,105.71998094313736,257.85116792094044,1.3648390851804548,0.0048028511342657195,0.0048028511342657195,250.84677452266985,262.39055881066355,0.027922995667770012,fc6ed5692c5e33a9fffe770a3a11e12d0b94dbf5a1eec4c0ae7c81aee87c07d7
10,14,1.675,blind2,6000,203.57733333333334,70.10241610919184,204.83754649239734,0.9050183003993417,0.0061903412252706305,0.0061903412252706305,199.75001912833483,207.40464753833186,0.025469471223398932,fc6ed5692c5e33a9fffe770a3a11e12d0b94dbf5a1eec4c0ae7c81aee87c07d7
10,14,1.875,blind2,6000,182.75666666666666,58.72662591750155,184.8853215819528,0.7581574805247879,0.011647481616463503,0.011647481616463503,179.55042554031814,185.96290779301518,0.029712522404669706,fc6ed5692c5e33a9fffe770a3a11e12d0b94dbf5a1eec4c0ae7c81aee87c07d7
10,28,0.325,blind2,6000,207.41433333333333,46.05029966864657,204.7491501904758,0.5945068123484304,-0.012849561069505945,0.012849561069505945,204.90016940221113,209.92849726445553,0.024671958030810348,fc6ed5692c5e33a9fffe770a3a11e12d0b94dbf5a1eec4c0ae7c81aee87c07d7
10,28,0.525,blind2,6000,292.9368333333333,78.3225121700289,294.7247078101508,1.011139284225499,0.0061032764520365145,0.0061032764520365145,288.66073444777413,297.2129322188925,0.021007267836331778,fc6ed5692c5e33a9fffe770a3a11e12d0b94dbf5a1eec4c0ae7c81aee87c07d7
10,28,0.725,blind2,6000,500.11216666666667,170.7967588708258,501.3775241762286,2.204976675643041,0.0025301474227186547,0.0025301474227186547,490.7873402530403,509.436993080293,0.021577948440414385,fc6ed5692c5e33a9fffe770a3a11e12d0b94dbf5a1eec4c0ae7c81aee87c07d7
10,28,0.94,blind2,6000,1130.2458333333334,519.3134757995374,1135.6184160969658,6.704308144108989,0.004753463897130705,0.004753463897130705,1101.8933748434738,1158.598291823193,0.03060644706960214,fc6ed5692c5e33a9fffe770a3a11e12d0b94dbf5a1eec4c0ae7c81aee87c07d7
10,28,1.0,blind2,6000,1203.0516666666667,563.6055176514362,1214.943512561695,7.276115945648743,0.009884734151092004,0.009884734151092004,1172.2810381570448,1233.8222951762887,0.036392701934103044,fc6ed5692c5e33a9fffe770a3a11e12d0b94dbf5a1eec4c0ae7c81aee87c07d7
10,28,1.06,blind2,6000,1155.1908333333333,520.2333984672512,1132.895081552959,6.716184294681836,-0.019300492297051327,0.019300492297051327,1126.7881507101406,1183.593515956526,0.04283432928626252,fc6ed5692c5e33a9fffe770a3a11e12d0b94dbf5a1eec4c0ae7c81aee87c07d7
10,28,1.275,blind2,6000,868.1213333333334,313.1490167039743,882.4330283062296,4.042736421919069,0.016485823379024107,0.016485823379024107,851.0246375782881,885.2180290883787,0.03690655868356352,fc6ed5692c5e33a9fffe770a3a11e12d0b94dbf5a1eec4c0ae7c81aee87c07d7
10,28,1.675,blind2,6000,610.0901666666666,171.250933380433,610.9540661264149,2.2108400433496427,0.0014160193147651147,0.0014160193147651147,600.7405441240529,619.4397892092803,0.0170015526707199,fc6ed5692c5e33a9fffe770a3a11e12d0b94dbf5a1eec4c0ae7c81aee87c07d7
10,28,1.875,blind2,6000,533.2378333333334,136.6169705224965,531.8122906905345,1.7637175054764618,-0.0026733711557704416,0.0026733711557704416,525.779087958421,540.6965787082457,0.016431189631227694,fc6ed5692c5e33a9fffe770a3a11e12d0b94dbf5a1eec4c0ae7c81aee87c07d7
10,56,0.325,blind2,6000,415.06166666666667,65.08302003701436,408.8411499181834,0.8402181757474675,-0.014986970004818356,0.014986970004818356,411.5083916025964,418.6149417307369,0.02334792870064406,fc6ed5692c5e33a9fffe770a3a11e12d0b94dbf5a1eec4c0ae7c81aee87c07d7
10,56,0.525,blind2,6000,589.2015,110.5639014045677,586.5503032915234,1.4273738294386984,-0.004499643514954762,0.004499643514954762,583.1651489882654,595.2378510117346,0.014595086158322834,fc6ed5692c5e33a9fffe770a3a11e12d0b94dbf5a1eec4c0ae7c81aee87c07d7
10,56,0.725,blind2,6000,1008.7615,251.8076146523032,1018.1818181818181,3.250822326655283,0.00933849892349993,0.00933849892349993,995.0138017896498,1022.5091982103501,0.02328411560774124,fc6ed5692c5e33a9fffe770a3a11e12d0b94dbf5a1eec4c0ae7c81aee87c07d7
10,56,0.94,blind2,6000,3629.5088333333333,1539.1205149636278,3618.4294775194508,19.86996040753438,-0.0030525771730130495,0.0030525771730130495,3545.4789505265903,3713.5387161400763,0.025611484325517964,fc6ed5692c5e33a9fffe770a3a11e12d0b94dbf5a1eec4c0ae7c81aee87c07d7
10,56,1.0,blind2,6000,4875.120333333333,2315.774202121706,4866.056070350962,29.89651639464712,-0.00185929010211197,0.00185929010211197,4748.688235963905,5001.552430702762,0.02709086073356659,fc6ed5692c5e33a9fffe770a3a11e12d0b94dbf5a1eec4c0ae7c81aee87c07d7
10,56,1.06,blind2,6000,4270.037333333334,1806.7849739052726,4209.4903449777985,23.325493713709744,-0.014179498591940922,0.014179498591940922,4171.394031435801,4368.680635230867,0.03643898548437974,fc6ed5692c5e33a9fffe770a3a11e12d0b94dbf5a1eec4c0ae7c81aee87c07d7
10,56,1.275,blind2,6000,2682.521,808.0814565989515,2722.0235833028896,10.432286745955903,0.014725917636018295,0.014725917636018295,2638.402953728674,2726.639046271326,0.03169365371428201,fc6ed5692c5e33a9fffe770a3a11e12d0b94dbf5a1eec4c0ae7c81aee87c07d7
10,56,1.675,blind2,6000,1675.8305,365.63293297608755,1671.5704262667534,4.720300867471199,-0.002542067191906699,0.002542067191906699,1655.868390334408,1695.792609665592,0.014283694397993152,fc6ed5692c5e33a9fffe770a3a11e12d0b94dbf5a1eec4c0ae7c81aee87c07d7
10,56,1.875,blind2,6000,1430.3051666666668,284.53680999010555,1420.961330809198,3.67335442158221,-0.006532756837650689,0.006532756837650689,1414.7705840493738,1445.8397492839597,0.017206898957565997,fc6ed5692c5e33a9fffe770a3a11e12d0b94dbf5a1eec4c0ae7c81aee87c07d7
10,112,0.325,blind2,6000,830.0088333333333,89.7078183368132,829.6296296296296,1.1581229548102596,-0.00045686706993329387,0.00045686706993329387,825.1111418345821,834.9065248320845,0.006320342512015076,fc6ed5692c5e33a9fffe770a3a11e12d0b94dbf5a1eec4c0ae7c81aee87c07d7
10,112,0.525,blind2,6000,1177.5346666666667,157.46323140052752,1178.9473684210527,2.032841576180826,0.0011997113922642064,0.0011997113922642064,1168.9377980314189,1186.1315353019145,0.008562962380453953,fc6ed5692c5e33a9fffe770a3a11e12d0b94dbf5a1eec4c0ae7c81aee87c07d7
10,112,0.725,blind2,6000,2033.397,364.84227008120416,2036.3636363636363,4.710093453390041,0.001458955808254033,0.001458955808254033,2013.4780573962141,2053.3159426037855,0.011366192387026741,fc6ed5692c5e33a9fffe770a3a11e12d0b94dbf5a1eec4c0ae7c81aee87c07d7
10,112,0.94,blind2,6000,9067.143333333333,3271.3515513649186,9080.328876190073,42.232966926753754,0.0014542113620577629,0.0014542113620577629,8888.540498267264,9245.746168399402,0.021577038205563115,fc6ed5692c5e33a9fffe770a3a11e12d0b94dbf5a1eec4c0ae7c81aee87c07d7
10,112,1.0,blind2,6000,19643.151,9556.296743689014,19476.788321612214,123.37126046574573,-0.008469246018003324,0.008469246018003324,19121.415055587862,20164.88694441214,0.03412360429774719,fc6ed5692c5e33a9fffe770a3a11e12d0b94dbf5a1eec4c0ae7c81aee87c07d7
10,112,1.06,blind2,6000,14556.989833333333,5436.0242507435905,14601.454263677811,70.17877130903193,0.003054507206061344,0.003054507206061344,14260.204444350722,14853.775222315944,0.023930219279729714,fc6ed5692c5e33a9fffe770a3a11e12d0b94dbf5a1eec4c0ae7c81aee87c07d7
10,112,1.275,blind2,6000,7565.1196666666665,1805.7732854762373,7601.61292134142,23.312432872252398,0.0048238833333396295,0.0048238833333396295,7466.531598949499,7663.707734383834,0.018091575800861293,fc6ed5692c5e33a9fffe770a3a11e12d0b94dbf5a1eec4c0ae7c81aee87c07d7
10,112,1.675,blind2,6000,4256.496833333334,694.495009012229,4244.750726746474,8.965892013095111,-0.002759571320451487,0.002759571320451487,4218.580157121306,4294.413509545361,0.01156450879462334,fc6ed5692c5e33a9fffe770a3a11e12d0b94dbf5a1eec4c0ae7c81aee87c07d7
10,112,1.875,blind2,6000,3518.7466666666664,511.68452096683075,3520.7297365491454,6.605818760722184,0.0005635727917740477,0.0005635727917740477,3490.81071888815,3546.682614445183,0.008570793454686365,fc6ed5692c5e33a9fffe770a3a11e12d0b94dbf5a1eec4c0ae7c81aee87c07d7
10,128,0.3,boundary_confirmation,8000,915.326,91.26958141166959,914.2857142857143,1.020424941572222,-0.001136519354072415,0.001136519354072415,911.0106321535258,919.6413678464743,0.005823632720330152,fc6ed5692c5e33a9fffe770a3a11e12d0b94dbf5a1eec4c0ae7c81aee87c07d7
10,128,0.975,boundary_confirmation,8000,19591.286375,8507.23856625152,19561.145562367594,95.11381867473123,-0.0015384805293269504,0.0015384805293269504,19189.05089628667,19993.52185371333,0.02162581932834573,fc6ed5692c5e33a9fffe770a3a11e12d0b94dbf5a1eec4c0ae7c81aee87c07d7
10,128,1.025,boundary_confirmation,8000,22245.281125,9544.521894318103,22004.632595672767,106.7109988421517,-0.01081795855826634,0.01081795855826634,21794.001276274364,22696.560973725638,0.030486044949887936,fc6ed5692c5e33a9fffe770a3a11e12d0b94dbf5a1eec4c0ae7c81aee87c07d7
10,128,1.9,boundary_confirmation,8000,4055.035,559.8918584303956,4064.534633432178,6.259781277495266,0.002342676063752383,0.002342676063752383,4028.5624416075675,4081.507558392432,0.008929287393707686,fc6ed5692c5e33a9fffe770a3a11e12d0b94dbf5a1eec4c0ae7c81aee87c07d7
11,10,0.3,boundary_confirmation,8000,77.1165,26.460219115673553,77.21797909757043,0.29583424321092716,0.0013159193891117069,0.0013159193891117069,75.86541966177197,78.36758033822804,0.017828405113008428,fc6ed5692c5e33a9fffe770a3a11e12d0b94dbf5a1eec4c0ae7c81aee87c07d7
11,10,0.975,boundary_confirmation,8000,162.14925,75.84964812428316,160.39716777904874,0.8480248463766829,-0.010805367406579135,0.010805367406579135,158.56296059646306,165.73553940353693,0.03221018040970802,fc6ed5692c5e33a9fffe770a3a11e12d0b94dbf5a1eec4c0ae7c81aee87c07d7
11,10,1.025,boundary_confirmation,8000,160.690375,73.38727559248085,160.3860567701999,0.8204946845414917,-0.0018938174100352223,0.0018938174100352223,157.22051040180816,164.16023959819182,0.022990846244071217,fc6ed5692c5e33a9fffe770a3a11e12d0b94dbf5a1eec4c0ae7c81aee87c07d7
11,10,1.9,boundary_confirmation,8000,114.5375,40.45379348622238,115.72483186122493,0.4522871609146572,0.010366315496889085,0.010366315496889085,112.6247816881788,116.45021831182119,0.027525471095954268,fc6ed5692c5e33a9fffe770a3a11e12d0b94dbf5a1eec4c0ae7c81aee87c07d7
11,14,0.325,blind2,6000,112.83616666666667,34.91878499551709,114.07407407407406,0.4507995758581171,0.010970838907212592,0.010970838907212592,110.92973933859192,114.74259399474143,0.028345281925567845,fc6ed5692c5e33a9fffe770a3a11e12d0b94dbf5a1eec4c0ae7c81aee87c07d7
11,14,0.525,blind2,6000,156.89666666666668,54.84034919234934,157.09479550015604,0.7079858637405613,0.0012627982333767239,0.0012627982333767239,153.90260085381323,159.89073247952012,0.02074165497290692,fc6ed5692c5e33a9fffe770a3a11e12d0b94dbf5a1eec4c0ae7c81aee87c07d7
11,14,0.725,blind2,6000,229.01,93.45995770354806,229.2711913764985,1.2065628657436374,0.0011405238919633034,0.0011405238919633034,223.90745655613074,234.11254344386924,0.023955141569942162,fc6ed5692c5e33a9fffe770a3a11e12d0b94dbf5a1eec4c0ae7c81aee87c07d7
11,14,0.94,blind2,6000,316.937,148.1108531983365,313.8009651332246,1.9121028927657628,-0.0098948209479341,0.0098948209479341,308.85073416463297,325.02326583536706,0.03452768426684516,fc6ed5692c5e33a9fffe770a3a11e12d0b94dbf5a1eec4c0ae7c81aee87c07d7
11,14,1.0,blind2,6000,319.05583333333334,144.94191046372234,317.86169372873485,1.8711920179782773,-0.0037427292650403098,0.0037427292650403098,311.1425792173359,326.9690874493308,0.027853990087082114,fc6ed5692c5e33a9fffe770a3a11e12d0b94dbf5a1eec4c0ae7c81aee87c07d7
11,14,1.06,blind2,6000,312.92333333333335,142.87082557689095,308.4432627425598,1.8444544270606777,-0.01431683135626474,0.01431683135626474,305.1231522474406,320.7235144192261,0.038289215241681496,fc6ed5692c5e33a9fffe770a3a11e12d0b94dbf5a1eec4c0ae7c81aee87c07d7
11,14,1.275,blind2,6000,275.84183333333334,115.23494695102417,275.49967032362747,1.4876767681413725,-0.0012404319010321894,0.0012404319010321894,269.5504617393652,282.1332049273015,0.0235120662432603,fc6ed5692c5e33a9fffe770a3a11e12d0b94dbf5a1eec4c0ae7c81aee87c07d7
11,14,1.675,blind2,6000,223.17033333333333,77.58973094175215,224.44284799796054,1.001679119247068,0.005701988457070352,0.005701988457070352,218.93424139988508,227.40642526678158,0.025161009821272895,fc6ed5692c5e33a9fffe770a3a11e12d0b94dbf5a1eec4c0ae7c81aee87c07d7
11,14,1.875,blind2,6000,204.2365,64.94323294232305,204.47712773466316,0.8384135321149536,0.0011781818365627582,0.0011781818365627582,200.69085675752567,207.78214324247435,0.018866185726199136,fc6ed5692c5e33a9fffe770a3a11e12d0b94dbf5a1eec4c0ae7c81aee87c07d7
11,28,0.325,blind2,6000,227.73233333333334,50.749863178708814,225.5302428680215,0.6551779163781475,-0.009669643449745127,0.009669643449745127,224.96159185214015,230.50307481452654,0.021573820438214986,fc6ed5692c5e33a9fffe770a3a11e12d0b94dbf5a1eec4c0ae7c81aee87c07d7
11,28,0.525,blind2,6000,322.87083333333334,85.21505980190197,324.2105263157895,1.1001216915294514,0.00414931559046412,0.00414931559046412,318.2184286522791,327.5232380143876,0.018830140318674138,fc6ed5692c5e33a9fffe770a3a11e12d0b94dbf5a1eec4c0ae7c81aee87c07d7
11,28,0.725,blind2,6000,550.728,187.38243259532334,549.5020401686289,2.419096802711737,-0.0022260713662116847,0.0022260713662116847,540.4976615060715,560.9583384939284,0.020422725787547003,fc6ed5692c5e33a9fffe770a3a11e12d0b94dbf5a1eec4c0ae7c81aee87c07d7
11,28,0.94,blind2,6000,1195.1003333333333,524.7880581887878,1203.1768523212195,6.77498469884568,0.006758025885039645,0.006758025885039645,1166.4489843328788,1223.7516823337878,0.03148690468391657,fc6ed5692c5e33a9fffe770a3a11e12d0b94dbf5a1eec4c0ae7c81aee87c07d7
11,28,1.0,blind2,6000,1279.1075,599.797459238618,1275.1872424159021,7.743351902428965,-0.003064838243930204,0.003064838243930204,1246.360934856078,1311.854065143922,0.027950382365127813,fc6ed5692c5e33a9fffe770a3a11e12d0b94dbf5a1eec4c0ae7c81aee87c07d7
11,28,1.06,blind2,6000,1225.3668333333333,546.9252546180286,1197.9751012705067,7.06077467585292,-0.022353903596618138,0.022353903596618138,1195.5068811055592,1255.2267855611074,0.045610629847265605,fc6ed5692c5e33a9fffe770a3a11e12d0b94dbf5a1eec4c0ae7c81aee87c07d7
11,28,1.275,blind2,6000,950.9926666666667,348.8507356337104,959.6292039038564,4.503643631405223,0.009081602350795954,0.009081602350795954,931.9467984923739,970.0385348409594,0.029703847318607535,fc6ed5692c5e33a9fffe770a3a11e12d0b94dbf5a1eec4c0ae7c81aee87c07d7
11,28,1.675,blind2,6000,682.7428333333334,197.38529037759744,685.0373301774391,2.5482331413958335,0.003360704400079042,0.003360704400079042,671.966378431362,693.5192882353047,0.019451794264751632,fc6ed5692c5e33a9fffe770a3a11e12d0b94dbf5a1eec4c0ae7c81aee87c07d7
11,28,1.875,blind2,6000,610.5273333333333,158.9633924721242,600.8554660355859,2.052208572337235,-0.015841825205337418,0.015841825205337418,601.8485618465465,619.2061048201201,0.029635752363690093,fc6ed5692c5e33a9fffe770a3a11e12d0b94dbf5a1eec4c0ae7c81aee87c07d7
11,56,0.325,blind2,6000,457.692,71.12597711176522,449.45296644794445,0.9182324161219887,-0.018001261879289042,0.018001261879289042,453.808803419154,461.575196580846,0.026262741634944686,fc6ed5692c5e33a9fffe770a3a11e12d0b94dbf5a1eec4c0ae7c81aee87c07d7
11,56,0.525,blind2,6000,649.5978333333334,123.81137658336357,645.2370016967978,1.5983979985946069,-0.00671312527961868,0.00671312527961868,642.8382226574355,656.3574440092312,0.01694266198080474,fc6ed5692c5e33a9fffe770a3a11e12d0b94dbf5a1eec4c0ae7c81aee87c07d7
11,56,0.725,blind2,6000,1119.6686666666667,283.6747587990259,1120.0,3.6622253885601106,0.0002959208765926332,0.0002959208765926332,1104.1811486293436,1135.1561847039898,0.014326319001454424,fc6ed5692c5e33a9fffe770a3a11e12d0b94dbf5a1eec4c0ae7c81aee87c07d7
11,56,0.94,blind2,6000,3993.284166666667,1684.1506717027444,3895.326217625295,21.74229168002921,-0.024530673238599133,0.024530673238599133,3901.336211846882,4085.2321214864514,0.046485951890551824,fc6ed5692c5e33a9fffe770a3a11e12d0b94dbf5a1eec4c0ae7c81aee87c07d7
11,56,1.0,blind2,6000,5138.808,2379.120465599484,5108.229904665533,30.71431313962679,-0.00595042572800296,0.00595042572800296,5008.91744759438,5268.69855240562,0.030456980247393295,fc6ed5692c5e33a9fffe770a3a11e12d0b94dbf5a1eec4c0ae7c81aee87c07d7
11,56,1.06,blind2,6000,4594.270333333333,1927.7141724267592,4489.9614795005045,24.886682953522836,-0.022704117577937128,0.022704117577937128,4489.024776264174,4699.515890402492,0.04459063779951178,fc6ed5692c5e33a9fffe770a3a11e12d0b94dbf5a1eec4c0ae7c81aee87c07d7
11,56,1.275,blind2,6000,2999.5505,917.6213027491024,3028.462722836516,11.846440078908092,0.009638851833471823,0.009638851833471823,2949.45201207698,3049.64898792302,0.026788267934523047,fc6ed5692c5e33a9fffe770a3a11e12d0b94dbf5a1eec4c0ae7c81aee87c07d7
11,56,1.675,blind2,6000,1931.6075,429.8170287732373,1910.1425355457468,5.5489139811836745,-0.011112487632323479,0.011112487632323479,1908.141192972697,1955.0738070273032,0.022981879927016502,fc6ed5692c5e33a9fffe770a3a11e12d0b94dbf5a1eec4c0ae7c81aee87c07d7
11,56,1.875,blind2,6000,1652.0496666666666,334.33939194286245,1633.443708665613,4.316302989919402,-0.011262347843690852,0.011262347843690852,1633.7960603704107,1670.3032729629224,0.022067587900923447,fc6ed5692c5e33a9fffe770a3a11e12d0b94dbf5a1eec4c0ae7c81aee87c07d7
11,112,0.325,blind2,6000,911.4806666666667,101.00420255800226,912.1908261257639,1.3039586480136778,0.000779127287136329,0.000779127287136329,905.9662373406837,916.9950959926497,0.006870663087127138,fc6ed5692c5e33a9fffe770a3a11e12d0b94dbf5a1eec4c0ae7c81aee87c07d7
11,112,0.525,blind2,6000,1295.6521666666667,174.51910687682042,1296.842105263158,2.2530319817630593,0.0009184089890055427,0.0009184089890055427,1286.1241147981987,1305.1802185351348,0.008333558434709065,fc6ed5692c5e33a9fffe770a3a11e12d0b94dbf5a1eec4c0ae7c81aee87c07d7
11,112,0.725,blind2,6000,2237.7303333333334,400.1789409885166,2240.0,5.166287913171485,0.0010142717524348319,0.0010142717524348319,2215.882148486167,2259.5785181805,0.010884085839271584,fc6ed5692c5e33a9fffe770a3a11e12d0b94dbf5a1eec4c0ae7c81aee87c07d7
11,112,0.94,blind2,6000,9955.634333333333,3594.9175622909397,9915.355020830659,46.41018616580458,-0.0040458810713659855,0.0040458810713659855,9759.36607589519,10151.902590771477,0.023300811628733542,fc6ed5692c5e33a9fffe770a3a11e12d0b94dbf5a1eec4c0ae7c81aee87c07d7
11,112,1.0,blind2,6000,20571.8495,9681.445586289778,20447.881488665982,124.9869250763787,-0.006026099468305863,0.006026099468305863,20043.280924565857,21100.418075434143,0.030925291832386348,fc6ed5692c5e33a9fffe770a3a11e12d0b94dbf5a1eec4c0ae7c81aee87c07d7
11,112,1.06,blind2,6000,15784.200666666668,5931.64479497285,15812.2601920221,76.57720502182585,0.0017776969482331461,0.0017776969482331461,15460.356359397087,16108.044973936248,0.022761689604335666,fc6ed5692c5e33a9fffe770a3a11e12d0b94dbf5a1eec4c0ae7c81aee87c07d7
11,112,1.275,blind2,6000,8655.070833333333,2103.239109629403,8646.761175408725,27.15270014895598,-0.0009600912672609715,0.0009600912672609715,8540.242310044569,8769.899356622098,0.014041002776205458,fc6ed5692c5e33a9fffe770a3a11e12d0b94dbf5a1eec4c0ae7c81aee87c07d7
11,112,1.675,blind2,6000,4950.6335,839.2356214133936,4943.7053507754,10.834485284260353,-0.0013994470050348142,0.0013994470050348142,4904.814559748737,4996.4524402512625,0.010556908147655641,fc6ed5692c5e33a9fffe770a3a11e12d0b94dbf5a1eec4c0ae7c81aee87c07d7
11,112,1.875,blind2,6000,4113.010666666667,631.213402592835,4124.883043494065,8.148929987149891,0.0028865417062045712,0.0028865417062045712,4078.548915471586,4147.472417861748,0.011360444359687527,fc6ed5692c5e33a9fffe770a3a11e12d0b94dbf5a1eec4c0ae7c81aee87c07d7
11,128,0.3,boundary_confirmation,8000,1005.43075,100.93628669207074,1005.7142857142858,1.1285019921993877,0.000282004219868738,0.000282004219868738,1000.6583252841594,1010.2031747158405,0.005052634153311697,fc6ed5692c5e33a9fffe770a3a11e12d0b94dbf5a1eec4c0ae7c81aee87c07d7
11,128,0.975,boundary_confirmation,8000,21213.278375,8936.955140358485,21043.21887835712,99.91819602853873,-0.008016653231840854,0.008016653231840854,20790.725227920975,21635.83152207903,0.027390333628599328,fc6ed5692c5e33a9fffe770a3a11e12d0b94dbf5a1eec4c0ae7c81aee87c07d7
11,128,1.025,boundary_confirmation,8000,23881.10825,10080.617540447683,23471.192687675164,112.70473037808877,-0.017164846707850633,0.017164846707850633,23404.48096483212,24357.73553516788,0.03639676792667035,fc6ed5692c5e33a9fffe770a3a11e12d0b94dbf5a1eec4c0ae7c81aee87c07d7
11,128,1.9,boundary_confirmation,8000,4769.04625,668.9021310091231,4781.864752785366,7.478553176154346,0.002687854575821326,0.002687854575821326,4737.419516273951,4800.67298372605,0.009381739649346521,fc6ed5692c5e33a9fffe770a3a11e12d0b94dbf5a1eec4c0ae7c81aee87c07d7
12,10,0.3,boundary_confirmation,8000,82.738,28.473148684760933,83.90280167443471,0.31833947996292083,0.014078194716269588,0.014078194716269588,81.39174521914495,84.08425478085505,0.03085148805359572,fc6ed5692c5e33a9fffe770a3a11e12d0b94dbf5a1eec4c0ae7c81aee87c07d7
12,10,0.975,boundary_confirmation,8000,169.269,76.81040371437221,167.81747707933698,0.858766420422693,-0.008575243669325298,0.008575243669325298,165.63728457699784,172.90071542300217,0.029399753096619796,fc6ed5692c5e33a9fffe770a3a11e12d0b94dbf5a1eec4c0ae7c81aee87c07d7
12,10,1.025,boundary_confirmation,8000,169.434,77.46842139568349,167.92201343317436,0.866123281751737,-0.008923749464839648,0.008923749464839648,165.7711724769923,173.0968275230077,0.029895487767651385,fc6ed5692c5e33a9fffe770a3a11e12d0b94dbf5a1eec4c0ae7c81aee87c07d7
12,10,1.9,boundary_confirmation,8000,124.870625,44.75958628807867,125.29851391282911,0.500427387924557,0.00342665789355266,0.00342665789355266,122.75432210366208,126.98692789633793,0.0207258837454094,fc6ed5692c5e33a9fffe770a3a11e12d0b94dbf5a1eec4c0ae7c81aee87c07d7
12,14,0.325,blind2,6000,123.57566666666666,37.8712817345667,124.43942611177812,0.4889161448583532,0.006989721102952754,0.006989721102952754,121.50804471311744,125.64328862021588,0.024124998518260332,fc6ed5692c5e33a9fffe770a3a11e12d0b94dbf5a1eec4c0ae7c81aee87c07d7
12,14,0.525,blind2,6000,169.4225,60.44329209275281,170.47708265974674,0.780319545550607,0.006224572649717293,0.006224572649717293,166.1225357011499,172.72246429885013,0.02621286112818888,fc6ed5692c5e33a9fffe770a3a11e12d0b94dbf5a1eec4c0ae7c81aee87c07d7
12,14,0.725,blind2,6000,249.27033333333333,101.38518668540995,245.76629159489084,1.3088771319490755,-0.014057195220887957,0.014057195220887957,243.7351037832834,254.80556288338326,0.03547517246563969,fc6ed5692c5e33a9fffe770a3a11e12d0b94dbf5a1eec4c0ae7c81aee87c07d7
12,14,0.94,blind2,6000,330.69266666666664,151.48759672510866,328.8050721888689,1.955696464244437,-0.005708002227035779,0.005708002227035779,322.42204401189235,338.9632893214409,0.02996848759907722,fc6ed5692c5e33a9fffe770a3a11e12d0b94dbf5a1eec4c0ae7c81aee87c07d7
12,14,1.0,blind2,6000,330.762,151.8429113731986,332.6234657556173,1.9602835566268233,0.005627810194693776,0.005627810194693776,322.4719785730385,339.0520214269615,0.03148021489339903,fc6ed5692c5e33a9fffe770a3a11e12d0b94dbf5a1eec4c0ae7c81aee87c07d7
12,14,1.06,blind2,6000,330.951,149.52452484321182,323.67541698538196,1.9303533152244552,-0.021983867746639425,0.021983867746639425,322.78755329316044,339.1144467068396,0.0455274904133014,fc6ed5692c5e33a9fffe770a3a11e12d0b94dbf5a1eec4c0ae7c81aee87c07d7
12,14,1.275,blind2,6000,294.207,120.40512745222327,292.5286852796669,1.554423511401474,-0.005704537010788681,0.005704537010788681,287.63335703261976,300.78064296738023,0.027435135473821926,fc6ed5692c5e33a9fffe770a3a11e12d0b94dbf5a1eec4c0ae7c81aee87c07d7
12,14,1.675,blind2,6000,241.19483333333332,84.64310731482043,243.2969278180691,1.0927378166718222,0.008715337951831912,0.008715337951831912,236.57365499225259,245.81601167441406,0.02841936404979961,fc6ed5692c5e33a9fffe770a3a11e12d0b94dbf5a1eec4c0ae7c81aee87c07d7
12,14,1.875,blind2,6000,222.6305,71.98214274778452,223.45758718242317,0.9292854669549815,0.0037150668143994476,0.0037150668143994476,218.70056016717444,226.56043983282558,0.021751325244034447,fc6ed5692c5e33a9fffe770a3a11e12d0b94dbf5a1eec4c0ae7c81aee87c07d7
12,28,0.325,blind2,6000,248.895,54.9525881054743,246.35224906074467,0.7094348618783258,-0.010216159180599618,0.010216159180599618,245.89480638713056,251.89519361286946,0.022004963543066247,fc6ed5692c5e33a9fffe770a3a11e12d0b94dbf5a1eec4c0ae7c81aee87c07d7
12,28,0.525,blind2,6000,354.132,95.25655468891296,353.6842105263158,1.229756833090853,-0.0012644705185756286,0.0012644705185756286,348.93136947804726,359.33263052195275,0.01571919585324688,fc6ed5692c5e33a9fffe770a3a11e12d0b94dbf5a1eec4c0ae7c81aee87c07d7
12,28,0.725,blind2,6000,594.2466666666667,202.26225259637494,597.262726616698,2.6111944529071933,0.005075434359521932,0.005075434359521932,583.2039489479032,605.2893843854301,0.024106108496276146,fc6ed5692c5e33a9fffe770a3a11e12d0b94dbf5a1eec4c0ae7c81aee87c07d7
12,28,0.94,blind2,6000,1252.7933333333333,548.0709369362764,1269.0714188437944,7.075565370981647,0.012993432418058656,0.012993432418058656,1222.8708313896661,1282.7158352770005,0.0377804313163852,fc6ed5692c5e33a9fffe770a3a11e12d0b94dbf5a1eec4c0ae7c81aee87c07d7
12,28,1.0,blind2,6000,1335.0295,590.6618162648422,1334.833787972303,7.625411258781196,-0.00014659753038942375,0.00014659753038942375,1302.781704771096,1367.2772952289042,0.02460280420259564,fc6ed5692c5e33a9fffe770a3a11e12d0b94dbf5a1eec4c0ae7c81aee87c07d7
12,28,1.06,blind2,6000,1290.0948333333333,555.7909808933384,1261.6761747432697,7.175230709907281,-0.022028348502594795,0.022028348502594795,1259.7508475729878,1320.4388190936788,0.04450236050371692,fc6ed5692c5e33a9fffe770a3a11e12d0b94dbf5a1eec4c0ae7c81aee87c07d7
12,28,1.275,blind2,6000,1016.5318333333333,364.41815233546953,1033.7923903733254,4.704618116836503,0.016979849006196417,0.016979849006196417,996.636045878299,1036.4276207883677,0.037281758620602456,fc6ed5692c5e33a9fffe770a3a11e12d0b94dbf5a1eec4c0ae7c81aee87c07d7
12,28,1.675,blind2,6000,760.4255,217.61027278498042,758.0678932309896,2.8093365415329408,-0.003100378365810235,0.003100378365810235,748.5448411809618,772.3061588190383,0.018436037865890986,fc6ed5692c5e33a9fffe770a3a11e12d0b94dbf5a1eec4c0ae7c81aee87c07d7
12,28,1.875,blind2,6000,677.5963333333333,181.44755511101505,669.7500340930693,2.342477863850046,-0.011579606993540385,0.011579606993540385,667.6900156387056,687.502651027961,0.025821888698680295,fc6ed5692c5e33a9fffe770a3a11e12d0b94dbf5a1eec4c0ae7c81aee87c07d7
12,56,0.325,blind2,6000,497.73766666666666,76.552238517842,490.07237317304964,0.9882851496483334,-0.01540026806681367,0.01540026806681367,493.5582177094808,501.9171156238525,0.02359900087503608,fc6ed5692c5e33a9fffe770a3a11e12d0b94dbf5a1eec4c0ae7c81aee87c07d7
12,56,0.525,blind2,6000,708.5525,133.14696239875698,703.9771378024678,1.7189198932283032,-0.006457336891101467,0.006457336891101467,701.2832033220164,715.8217966779836,0.016546937981610665,fc6ed5692c5e33a9fffe770a3a11e12d0b94dbf5a1eec4c0ae7c81aee87c07d7
12,56,0.725,blind2,6000,1227.1085,314.0583446352856,1221.8181818181818,4.054475795033102,-0.004311206532933553,0.004311206532933553,1209.9621585422576,1244.2548414577425,0.018032206017598806,fc6ed5692c5e33a9fffe770a3a11e12d0b94dbf5a1eec4c0ae7c81aee87c07d7
12,56,0.94,blind2,6000,4213.8385,1711.6455792158683,4165.77831690685,22.097249409708688,-0.011405321559701457,0.011405321559701457,4120.389432152581,4307.287567847418,0.03285344865220785,fc6ed5692c5e33a9fffe770a3a11e12d0b94dbf5a1eec4c0ae7c81aee87c07d7
12,56,1.0,blind2,6000,5395.0768333333335,2501.711979971934,5348.01500178888,32.29696278479628,-0.00872310682466713,0.00872310682466713,5258.49326989598,5531.660396770687,0.033198964110128126,fc6ed5692c5e33a9fffe770a3a11e12d0b94dbf5a1eec4c0ae7c81aee87c07d7
12,56,1.06,blind2,6000,4805.830666666667,1971.8337542463578,4761.843232219046,25.456264305619307,-0.009152930575086387,0.009152930575086387,4698.176355212298,4913.484978121035,0.030862360743387995,fc6ed5692c5e33a9fffe770a3a11e12d0b94dbf5a1eec4c0ae7c81aee87c07d7
12,56,1.275,blind2,6000,3291.404,1010.9690015875999,3327.4708562613973,13.051553688935714,0.010957894035918209,0.010957894035918209,3236.209097522423,3346.598902477577,0.028200204618682667,fc6ed5692c5e33a9fffe770a3a11e12d0b94dbf5a1eec4c0ae7c81aee87c07d7
12,56,1.675,blind2,6000,2163.118,491.7906760884295,2151.3535353850634,6.348990327701912,-0.005438660588528464,0.005438660588528464,2136.2681773412874,2189.9678226587125,0.01763235371502847,fc6ed5692c5e33a9fffe770a3a11e12d0b94dbf5a1eec4c0ae7c81aee87c07d7
12,56,1.875,blind2,6000,1859.7736666666667,387.4266997525714,1849.9045648747754,5.0016571867260335,-0.005306614438508567,0.005306614438508567,1838.62170367228,1880.9256296610533,0.016492446217487133,fc6ed5692c5e33a9fffe770a3a11e12d0b94dbf5a1eec4c0ae7c81aee87c07d7
12,112,0.325,blind2,6000,996.4723333333334,112.42591263669713,993.9802598563682,1.4514122910803267,-0.002500895803728795,0.002500895803728795,990.3343238847841,1002.6103427818827,0.008607614102173589,fc6ed5692c5e33a9fffe770a3a11e12d0b94dbf5a1eec4c0ae7c81aee87c07d7
12,112,0.525,blind2,6000,1418.5583333333334,190.57116210275123,1414.7368421052631,2.460263123637832,-0.0026939260362247625,0.0026939260362247625,1408.153902840626,1428.9627638260408,0.00995541807029865,fc6ed5692c5e33a9fffe770a3a11e12d0b94dbf5a1eec4c0ae7c81aee87c07d7
12,112,0.725,blind2,6000,2449.6115,441.8323160811942,2443.6363636363635,5.704030673329056,-0.0024392179591075833,0.0024392179591075833,2425.4892058849014,2473.7337941150986,0.012166802487129202,fc6ed5692c5e33a9fffe770a3a11e12d0b94dbf5a1eec4c0ae7c81aee87c07d7
12,112,0.94,blind2,6000,10779.466666666667,3767.783115328727,10741.993088543784,48.64187085929886,-0.0034763851757863245,0.0034763851757863245,10573.760634849023,10985.172698484312,0.022137076640959874,fc6ed5692c5e33a9fffe770a3a11e12d0b94dbf5a1eec4c0ae7c81aee87c07d7
12,112,1.0,blind2,6000,21460.552333333333,9700.023433581482,21409.419706954854,125.22676405360922,-0.002382633288475915,0.002382633288475915,20930.969481034223,21990.135185632444,0.026407999485924427,fc6ed5692c5e33a9fffe770a3a11e12d0b94dbf5a1eec4c0ae7c81aee87c07d7
12,112,1.06,blind2,6000,16951.044333333335,6373.0105802525195,16979.556713060883,82.27521280840558,0.001682042661612309,0.001682042661612309,16603.103202682232,17298.985463984438,0.022673683695336955,fc6ed5692c5e33a9fffe770a3a11e12d0b94dbf5a1eec4c0ae7c81aee87c07d7
12,112,1.275,blind2,6000,9628.134666666667,2385.8016975756627,9692.154970904012,30.80056747354642,0.0066492946405276405,0.0066492946405276405,9497.879345463214,9758.38998787012,0.020454631857752092,fc6ed5692c5e33a9fffe770a3a11e12d0b94dbf5a1eec4c0ae7c81aee87c07d7
12,112,1.675,blind2,6000,5676.154,995.3935245228946,5664.014294601313,12.85047514466625,-0.0021387202318132155,0.0021387202318132155,5621.80945686705,5730.4985431329505,0.01160182626890427,fc6ed5692c5e33a9fffe770a3a11e12d0b94dbf5a1eec4c0ae7c81aee87c07d7
12,112,1.875,blind2,6000,4735.468166666667,746.9118246925914,4752.1322010890135,9.642590193732667,0.0035189835166977595,0.0035189835166977595,4694.689739970579,4776.2465933627545,0.012235624567342507,fc6ed5692c5e33a9fffe770a3a11e12d0b94dbf5a1eec4c0ae7c81aee87c07d7
12,128,0.3,boundary_confirmation,8000,1100.50775,112.16090093432649,1097.142857142857,1.2539969945338685,-0.00305758215436727,0.00305758215436727,1095.2046080545972,1105.8108919454028,0.007838623100642761,fc6ed5692c5e33a9fffe770a3a11e12d0b94dbf5a1eec4c0ae7c81aee87c07d7
12,128,0.975,boundary_confirmation,8000,22673.092625,9374.317398196568,22491.07131297683,104.80805472513245,-0.008028076056217807,0.008028076056217807,22229.860309729956,23116.324940270046,0.02704814147182999,fc6ed5692c5e33a9fffe770a3a11e12d0b94dbf5a1eec4c0ae7c81aee87c07d7
12,128,1.025,boundary_confirmation,8000,25448.63175,10543.247154848119,24894.633265755423,117.87708670910823,-0.021769283696149104,0.021769283696149104,24950.130616700775,25947.132883299226,0.040563233798414755,fc6ed5692c5e33a9fffe770a3a11e12d0b94dbf5a1eec4c0ae7c81aee87c07d7
12,128,1.9,boundary_confirmation,8000,5518.8685,809.5494603474475,5530.682638822645,9.051038122425815,0.0021406813412287256,0.0021406813412287256,5480.5917416618995,5557.1452583381,0.009139687742104163,fc6ed5692c5e33a9fffe770a3a11e12d0b94dbf5a1eec4c0ae7c81aee87c07d7
13,10,0.3,boundary_confirmation,8000,89.385375,30.609430381222513,90.52548847438959,0.34222383542480417,0.012755033744497843,0.012755033744497843,87.93811349597021,90.83263650402978,0.02942268005940263,fc6ed5692c5e33a9fffe770a3a11e12d0b94dbf5a1eec4c0ae7c81aee87c07d7
13,10,0.975,boundary_confirmation,8000,176.972875,78.15364443358771,175.16573567776894,0.8737843082142509,-0.010211391560605274,0.010211391560605274,173.277649065389,180.66810093461098,0.030455654475681326,fc6ed5692c5e33a9fffe770a3a11e12d0b94dbf5a1eec4c0ae7c81aee87c07d7
13,10,1.025,boundary_confirmation,8000,177.058375,78.26108750258018,175.3786365992803,0.8749855582441426,-0.009486918654481686,0.009486918654481686,173.3580689898799,180.7586810101201,0.02976368482429126,fc6ed5692c5e33a9fffe770a3a11e12d0b94dbf5a1eec4c0ae7c81aee87c07d7
13,10,1.9,boundary_confirmation,8000,132.949875,46.81668599703895,134.53489593274654,0.5234264618532081,0.011921943760733472,0.011921943760733472,130.73630922808252,135.16344077191746,0.029055330742410623,fc6ed5692c5e33a9fffe770a3a11e12d0b94dbf5a1eec4c0ae7c81aee87c07d7
13,14,0.325,blind2,6000,134.39066666666668,41.348784745006355,134.75450478726594,0.5338105156777497,0.0027073168816232427,0.0027073168816232427,132.1331868250662,136.64814650826716,0.01983845258852468,fc6ed5692c5e33a9fffe770a3a11e12d0b94dbf5a1eec4c0ae7c81aee87c07d7
13,14,0.525,blind2,6000,184.10983333333334,66.67702058544043,183.7232219707552,0.8607966343404664,-0.002099895239588783,0.002099895239588783,180.46953215403957,187.7501345126271,0.021448253831216846,fc6ed5692c5e33a9fffe770a3a11e12d0b94dbf5a1eec4c0ae7c81aee87c07d7
13,14,0.725,blind2,6000,264.26933333333335,105.72834470172974,261.9179486324875,1.3649470608395882,-0.00889768279651266,0.00889768279651266,258.4969845612508,270.0416821054159,0.030083257553391807,fc6ed5692c5e33a9fffe770a3a11e12d0b94dbf5a1eec4c0ae7c81aee87c07d7
13,14,0.94,blind2,6000,343.1431666666667,150.31258868002874,343.6081523481283,1.940527175610256,0.0013550777827767385,0.0013550777827767385,334.936694796295,351.34963853703835,0.025889840338656267,fc6ed5692c5e33a9fffe770a3a11e12d0b94dbf5a1eec4c0ae7c81aee87c07d7
13,14,1.0,blind2,6000,346.793,152.28211689116404,347.2448778337317,1.9659536754822984,0.0013030189009919878,0.0013030189009919878,338.4789996916943,355.1070003083057,0.02589784934965511,fc6ed5692c5e33a9fffe770a3a11e12d0b94dbf5a1eec4c0ae7c81aee87c07d7
13,14,1.06,blind2,6000,345.55083333333334,152.15758521270587,338.7036350888323,1.9643459784264858,-0.019815313939341418,0.019815313939341418,337.24363196133237,353.8580347053343,0.04282621314257129,fc6ed5692c5e33a9fffe770a3a11e12d0b94dbf5a1eec4c0ae7c81aee87c07d7
13,14,1.275,blind2,6000,311.2348333333333,124.07003633281013,309.0666031726156,1.601737281601076,-0.006966540786890432,0.006966540786890432,304.4611008598104,318.0085658068562,0.028118621935710797,fc6ed5692c5e33a9fffe770a3a11e12d0b94dbf5a1eec4c0ae7c81aee87c07d7
13,14,1.675,blind2,6000,258.2991666666667,90.5155687013848,261.50936479899786,1.168550967176522,0.012428217147420862,0.012428217147420862,253.35737519795717,263.2409581353762,0.03217585276399104,fc6ed5692c5e33a9fffe770a3a11e12d0b94dbf5a1eec4c0ae7c81aee87c07d7
13,14,1.875,blind2,6000,243.06016666666667,79.40258187431274,241.88131000734697,1.0250829241502806,-0.004850061100041921,0.004850061100041921,238.72510025400894,247.3952330793244,0.022287911546822192,fc6ed5692c5e33a9fffe770a3a11e12d0b94dbf5a1eec4c0ae7c81aee87c07d7
13,28,0.325,blind2,6000,270.1836666666667,59.507518774414855,267.21065255199085,0.7682387639581131,-0.01100367816957539,0.01100367816957539,266.93479188388056,273.4325414494528,0.02275474917681708,fc6ed5692c5e33a9fffe770a3a11e12d0b94dbf5a1eec4c0ae7c81aee87c07d7
13,28,0.525,blind2,6000,383.09816666666666,102.15955148181389,383.15789473684214,1.318874138483615,0.00015590800315014438,0.00015590800315014438,377.5206598664216,388.6756734669117,0.014932255290121432,fc6ed5692c5e33a9fffe770a3a11e12d0b94dbf5a1eec4c0ae7c81aee87c07d7
13,28,0.725,blind2,6000,644.0638333333334,221.4070955102748,644.6855096492536,2.8583533121448306,0.0009652402195955836,0.0009652402195955836,631.9758830348154,656.1517836318513,0.020110936122127443,fc6ed5692c5e33a9fffe770a3a11e12d0b94dbf5a1eec4c0ae7c81aee87c07d7
13,28,0.94,blind2,6000,1323.4568333333334,578.1609364886093,1333.5760297557115,7.464025594826893,0.0076460343605550775,0.0076460343605550775,1291.8915366172912,1355.0221300493756,0.032266248331936254,fc6ed5692c5e33a9fffe770a3a11e12d0b94dbf5a1eec4c0ae7c81aee87c07d7
13,28,1.0,blind2,6000,1395.4228333333333,620.622671566266,1393.918893733632,8.012204237516345,-0.0010777662252441748,0.0010777662252441748,1361.5392940965417,1429.306372570125,0.02475849790892659,fc6ed5692c5e33a9fffe770a3a11e12d0b94dbf5a1eec4c0ae7c81aee87c07d7
13,28,1.06,blind2,6000,1352.6128333333334,576.9297275986652,1324.2265540779827,7.448130756405373,-0.020986256048892066,0.020986256048892066,1321.1147557451807,1384.110910921486,0.04326557674748388,fc6ed5692c5e33a9fffe770a3a11e12d0b94dbf5a1eec4c0ae7c81aee87c07d7
13,28,1.275,blind2,6000,1095.102,400.9815510677718,1105.457826084314,5.176649564739664,0.009456494540521342,0.009456494540521342,1073.20999582209,1116.9940041779103,0.030048015195313305,fc6ed5692c5e33a9fffe770a3a11e12d0b94dbf5a1eec4c0ae7c81aee87c07d7
13,28,1.675,blind2,6000,826.0111666666667,238.86515610787458,829.9641633800942,3.083735905316777,0.0047856456098283465,0.0047856456098283465,812.9700754205836,839.0522579127497,0.0209037066348583,fc6ed5692c5e33a9fffe770a3a11e12d0b94dbf5a1eec4c0ae7c81aee87c07d7
13,28,1.875,blind2,6000,746.161,201.951085131518,738.2997145731666,2.6071772982096184,-0.010535642343721154,0.010535642343721154,735.1352707921106,757.1867292078892,0.024943668326676494,fc6ed5692c5e33a9fffe770a3a11e12d0b94dbf5a1eec4c0ae7c81aee87c07d7
13,56,0.325,blind2,6000,539.9333333333333,85.10116679764508,530.701222638575,1.0986513391669965,-0.017098612226370408,0.017098612226370408,535.2871467591181,544.5795199075485,0.02548442745575441,fc6ed5692c5e33a9fffe770a3a11e12d0b94dbf5a1eec4c0ae7c81aee87c07d7
13,56,0.525,blind2,6000,764.9628333333334,146.60575361539446,762.7685035967683,1.8926721407020353,-0.002868544249402692,0.002868544249402692,756.9587399726605,772.9669266940062,0.013193867350646982,fc6ed5692c5e33a9fffe770a3a11e12d0b94dbf5a1eec4c0ae7c81aee87c07d7
13,56,0.725,blind2,6000,1324.1243333333334,330.27522587789366,1323.6363636363635,4.26383483163325,-0.0003685225659598778,0.0003685225659598778,1306.0926144038083,1342.1560522628586,0.013798461509204607,fc6ed5692c5e33a9fffe770a3a11e12d0b94dbf5a1eec4c0ae7c81aee87c07d7
13,56,0.94,blind2,6000,4505.780833333333,1822.6325691280492,4430.673040229112,23.53008528829391,-0.016669206932698705,0.016669206932698705,4406.272315517753,4605.289351148914,0.037916469000202735,fc6ed5692c5e33a9fffe770a3a11e12d0b94dbf5a1eec4c0ae7c81aee87c07d7
13,56,1.0,blind2,6000,5546.23,2423.8007482968924,5585.554339731938,31.2911331089298,0.007090282900625899,0.007090282900625899,5413.900081162489,5678.55991883751,0.031706211048614374,fc6ed5692c5e33a9fffe770a3a11e12d0b94dbf5a1eec4c0ae7c81aee87c07d7
13,56,1.06,blind2,6000,5137.530666666667,2084.7522715497503,5026.801033588042,26.914036095600885,-0.021553084597053792,0.021553084597053792,5023.711451500428,5251.349881832905,0.0427602146681737,fc6ed5692c5e33a9fffe770a3a11e12d0b94dbf5a1eec4c0ae7c81aee87c07d7
13,56,1.275,blind2,6000,3590.6831666666667,1096.6881382578206,3619.5626475689337,14.158182984852521,0.008042893110248056,0.008042893110248056,3530.808338907953,3650.5579944253805,0.0251371074671336,fc6ed5692c5e33a9fffe770a3a11e12d0b94dbf5a1eec4c0ae7c81aee87c07d7
13,56,1.675,blind2,6000,2412.5956666666666,566.542554381878,2394.4542885116116,7.314032926796077,-0.007519444060064911,0.007519444060064911,2381.6646875867946,2443.5266457465386,0.020082595506109024,fc6ed5692c5e33a9fffe770a3a11e12d0b94dbf5a1eec4c0ae7c81aee87c07d7
13,56,1.875,blind2,6000,2088.7111666666665,445.9956390971267,2069.6844944407053,5.7577789423476835,-0.00910928831597405,0.00910928831597405,2064.3615716081304,2113.0607617252026,0.020527695213592878,fc6ed5692c5e33a9fffe770a3a11e12d0b94dbf5a1eec4c0ae7c81aee87c07d7
13,112,0.325,blind2,6000,1075.9151666666667,119.41227401389587,1075.6683805012087,1.5416058286285848,-0.00022937325646455126,0.00022937325646455126,1069.3957295637758,1082.4346037695575,0.006250930305429558,fc6ed5692c5e33a9fffe770a3a11e12d0b94dbf5a1eec4c0ae7c81aee87c07d7
13,112,0.525,blind2,6000,1528.73,206.5167272315677,1532.6315789473686,2.666119484270405,0.002552170067551847,0.002552170067551847,1517.4550048204894,1540.0049951795106,0.010001333864047224,fc6ed5692c5e33a9fffe770a3a11e12d0b94dbf5a1eec4c0ae7c81aee87c07d7
13,112,0.725,blind2,6000,2656.6238333333336,476.5293684952467,2647.272727272727,6.151967693869426,-0.003519921015266002,0.003519921015266002,2630.6072176107023,2682.640449055965,0.01318392175726868,fc6ed5692c5e33a9fffe770a3a11e12d0b94dbf5a1eec4c0ae7c81aee87c07d7
13,112,0.94,blind2,6000,11594.825333333334,4135.273550248011,11561.022697418892,53.38615197374189,-0.002915320838621432,0.002915320838621432,11369.055779602595,11820.594887064073,0.021959316948527263,fc6ed5692c5e33a9fffe770a3a11e12d0b94dbf5a1eec4c0ae7c81aee87c07d7
13,112,1.0,blind2,6000,22360.962333333333,9829.676457788019,22361.97488852257,126.9005773987337,4.5282272477535175e-05,4.5282272477535175e-05,21824.300939540106,22897.62372712656,0.024636479787920162,fc6ed5692c5e33a9fffe770a3a11e12d0b94dbf5a1eec4c0ae7c81aee87c07d7
13,112,1.06,blind2,6000,18181.55316666667,6752.039262391285,18111.299603808326,87.16845205393352,-0.0038640022782620597,0.0038640022782620597,17812.918571513685,18550.187761819652,0.0236594994965309,fc6ed5692c5e33a9fffe770a3a11e12d0b94dbf5a1eec4c0ae7c81aee87c07d7
13,112,1.275,blind2,6000,10715.8395,2687.3077856711734,10735.32976259394,34.69299433345995,0.0018188274090834792,0.0018188274090834792,10569.123140819423,10862.555859180577,0.015725677481474687,fc6ed5692c5e33a9fffe770a3a11e12d0b94dbf5a1eec4c0ae7c81aee87c07d7
13,112,1.675,blind2,6000,6439.243333333333,1153.7938193131113,6402.575831775078,14.895414157189098,-0.005694380482321944,0.005694380482321944,6376.250761616286,6502.23590505038,0.015327046685263301,fc6ed5692c5e33a9fffe770a3a11e12d0b94dbf5a1eec4c0ae7c81aee87c07d7
13,112,1.875,blind2,6000,5365.132333333333,878.4407298392584,5399.604525083538,11.340621057659122,0.006425226743435666,0.006425226743435666,5317.1729494752035,5413.0917171914625,0.01550289531516369,fc6ed5692c5e33a9fffe770a3a11e12d0b94dbf5a1eec4c0ae7c81aee87c07d7
13,128,0.3,boundary_confirmation,8000,1188.55375,119.70683805373068,1188.5714285714287,1.338363136298502,1.4874019310134265e-05,1.4874019310134265e-05,1182.893824404306,1194.213675595694,0.004799758059419901,fc6ed5692c5e33a9fffe770a3a11e12d0b94dbf5a1eec4c0ae7c81aee87c07d7
13,128,0.975,boundary_confirmation,8000,23958.226875,9723.363193649982,23909.382257994337,108.71050535460405,-0.0020387408993372412,0.0020387408993372412,23498.491131322055,24417.962618677946,0.020828124304465234,fc6ed5692c5e33a9fffe770a3a11e12d0b94dbf5a1eec4c0ae7c81aee87c07d7
13,128,1.025,boundary_confirmation,8000,26537.095875,10809.414953670623,26282.918216705493,120.85293316705126,-0.009578201755451352,0.009578201755451352,26026.009913951595,27048.181836048403,0.02829260850069437,fc6ed5692c5e33a9fffe770a3a11e12d0b94dbf5a1eec4c0ae7c81aee87c07d7
13,128,1.9,boundary_confirmation,8000,6279.934125,949.6540336530134,6307.383568852365,10.617454871775054,0.004370976399750885,0.004370976399750885,6235.033004399737,6324.835245600262,0.011603878343799279,fc6ed5692c5e33a9fffe770a3a11e12d0b94dbf5a1eec4c0ae7c81aee87c07d7
14,10,0.3,boundary_confirmation,8000,96.483375,33.63611001730896,97.09056334113893,0.37606314248682227,0.006293191351763312,0.006293191351763312,94.89300737253755,98.07374262746244,0.023158249795731,fc6ed5692c5e33a9fffe770a3a11e12d0b94dbf5a1eec4c0ae7c81aee87c07d7
14,10,0.975,boundary_confirmation,8000,183.945625,80.07489411134267,182.44574409189232,0.8952645326202991,-0.008153936295618253,0.008153936295618253,180.15955939070008,187.73169060929993,0.028156921722973904,fc6ed5692c5e33a9fffe770a3a11e12d0b94dbf5a1eec4c0ae7c81aee87c07d7
14,10,1.025,boundary_confirmation,8000,183.917625,80.22965592018022,182.7607345787083,0.8969948222447071,-0.0062902640314742965,0.0062902640314742965,180.12424201153178,187.7110079884682,0.026371780018697666,fc6ed5692c5e33a9fffe770a3a11e12d0b94dbf5a1eec4c0ae7c81aee87c07d7
14,10,1.9,boundary_confirmation,8000,142.963,50.673443298555966,143.48383120563258,0.5665463193477616,0.0036431188883318723,0.0036431188883318723,140.56708074082863,145.35891925917136,0.020749882898839722,fc6ed5692c5e33a9fffe770a3a11e12d0b94dbf5a1eec4c0ae7c81aee87c07d7
14,14,0.325,blind2,6000,144.63666666666666,44.90040085071604,145.03532661310248,0.5796616824428685,0.002756285495396473,0.002756285495396473,142.18528265561628,147.08805067771704,0.020044577780875095,fc6ed5692c5e33a9fffe770a3a11e12d0b94dbf5a1eec4c0ae7c81aee87c07d7
14,14,0.525,blind2,6000,197.87016666666668,69.91902284022123,196.84419739698814,0.9026507034775761,-0.005185062947902071,0.005185062947902071,194.05286500763148,201.68746832570187,0.02401374249436472,fc6ed5692c5e33a9fffe770a3a11e12d0b94dbf5a1eec4c0ae7c81aee87c07d7
14,14,0.725,blind2,6000,279.3755,109.53284776969915,277.7687209628838,1.4140629842490566,-0.005751324067844932,0.005751324067844932,273.39544043215375,285.3555595678462,0.02658731659706315,fc6ed5692c5e33a9fffe770a3a11e12d0b94dbf5a1eec4c0ae7c81aee87c07d7
14,14,0.94,blind2,6000,360.32966666666664,157.3008420586943,358.23217968146105,2.0307451387924207,-0.005821022189510509,0.005821022189510509,351.7416638461686,368.9176694871647,0.028964429436404093,fc6ed5692c5e33a9fffe770a3a11e12d0b94dbf5a1eec4c0ae7c81aee87c07d7
14,14,1.0,blind2,6000,364.7393333333333,160.16805971889207,361.7328761548416,2.067760759618747,-0.008242755589357059,0.008242755589357059,355.99479178722834,373.4838748794383,0.031463202336084684,fc6ed5692c5e33a9fffe770a3a11e12d0b94dbf5a1eec4c0ae7c81aee87c07d7
14,14,1.06,blind2,6000,359.38466666666665,153.31934592605967,353.5479427595062,1.9793442447434768,-0.016240881842001512,0.016240881842001512,351.0140377620953,367.755295571238,0.038632626050056906,fc6ed5692c5e33a9fffe770a3a11e12d0b94dbf5a1eec4c0ae7c81aee87c07d7
14,14,1.275,blind2,6000,329.524,132.75249010070578,325.20262506505594,1.7138272777586616,-0.013113991499690647,0.013113991499690647,322.27623994676645,336.77176005323355,0.034353043694485774,fc6ed5692c5e33a9fffe770a3a11e12d0b94dbf5a1eec4c0ae7c81aee87c07d7
14,14,1.675,blind2,6000,276.9175,97.64019132292259,279.17229377198777,1.2605294497139503,0.00814247482368485,0.00814247482368485,271.5867323607375,282.2482676392625,0.02793053013051705,fc6ed5692c5e33a9fffe770a3a11e12d0b94dbf5a1eec4c0ae7c81aee87c07d7
14,14,1.875,blind2,6000,258.03066666666666,85.50592535082333,259.80464175576236,1.1038767496193111,0.006875055248325909,0.006875055248325909,253.3623818789211,262.6989514544122,0.02542705759657693,fc6ed5692c5e33a9fffe770a3a11e12d0b94dbf5a1eec4c0ae7c81aee87c07d7
14,28,0.325,blind2,6000,289.8673333333333,63.8132464406289,288.10173215149644,0.8238254691066182,-0.006091066425227418,0.006091066425227418,286.383382877348,293.3512837893186,0.017895103679151814,fc6ed5692c5e33a9fffe770a3a11e12d0b94dbf5a1eec4c0ae7c81aee87c07d7
14,28,0.525,blind2,6000,412.7058333333333,111.17265037920798,412.63157894736844,1.4352327449080406,-0.00017992085395338728,0.00017992085395338728,406.6362470391758,418.7754196274908,0.014743722311638896,fc6ed5692c5e33a9fffe770a3a11e12d0b94dbf5a1eec4c0ae7c81aee87c07d7
14,28,0.725,blind2,6000,693.0146666666667,233.60759662966743,691.794071290806,3.0158611043141397,-0.0017612836128442773,0.0017612836128442773,680.2606173399837,705.7687159933497,0.019800600941733193,fc6ed5692c5e33a9fffe770a3a11e12d0b94dbf5a1eec4c0ae7c81aee87c07d7
14,28,0.94,blind2,6000,1386.0865,585.1356927934866,1396.8921216667866,7.554069311535709,0.007795777295851805,0.007795777295851805,1354.1404092205908,1418.032590779409,0.03157110751225756,fc6ed5692c5e33a9fffe770a3a11e12d0b94dbf5a1eec4c0ae7c81aee87c07d7
14,28,1.0,blind2,6000,1452.8685,634.0800597149422,1452.470344466943,8.185938371460585,-0.0002740478804908903,0.0002740478804908903,1418.2502406824713,1487.4867593175288,0.02412839624691676,fc6ed5692c5e33a9fffe770a3a11e12d0b94dbf5a1eec4c0ae7c81aee87c07d7
14,28,1.06,blind2,6000,1414.0335,604.7335695655098,1385.7859272792077,7.807076812732613,-0.019976593709266632,0.019976593709266632,1381.0174427869013,1447.0495572130988,0.04233692593906724,fc6ed5692c5e33a9fffe770a3a11e12d0b94dbf5a1eec4c0ae7c81aee87c07d7
14,28,1.275,blind2,6000,1171.6593333333333,416.851835214435,1175.0359465725464,5.381534052071684,0.0028819070041517956,0.0028819070041517956,1148.9008745120157,1194.417792154651,0.022747891171752688,fc6ed5692c5e33a9fffe770a3a11e12d0b94dbf5a1eec4c0ae7c81aee87c07d7
14,28,1.675,blind2,6000,898.0261666666667,265.0322341958289,900.7047379967358,3.4215514308286306,0.002982731939773681,0.002982731939773681,883.5564566192952,912.4958767140381,0.019408246353667336,fc6ed5692c5e33a9fffe770a3a11e12d0b94dbf5a1eec4c0ae7c81aee87c07d7
14,28,1.875,blind2,6000,816.8353333333333,221.1602711364402,806.3666063083809,2.8551668231804994,-0.012816202480164162,0.012816202480164162,804.7608586678184,828.9098079988482,0.027196205754750347,fc6ed5692c5e33a9fffe770a3a11e12d0b94dbf5a1eec4c0ae7c81aee87c07d7
14,56,0.325,blind2,6000,578.553,90.11855571050407,571.3408169168474,1.163425551503492,-0.012465898687160176,0.012465898687160176,573.6328838678038,583.4731161321962,0.02079324458986731,fc6ed5692c5e33a9fffe770a3a11e12d0b94dbf5a1eec4c0ae7c81aee87c07d7
14,56,0.525,blind2,6000,823.7038333333334,155.70180247464876,821.608945266573,2.0101016265293046,-0.0025432539973535037,0.0025432539973535037,815.2031317394412,832.2045349272255,0.01273195376372116,fc6ed5692c5e33a9fffe770a3a11e12d0b94dbf5a1eec4c0ae7c81aee87c07d7
14,56,0.725,blind2,6000,1417.0731666666666,359.9166373077809,1425.4545454545453,4.646503807720035,0.005914570245934398,0.005914570245934398,1397.4231440991455,1436.7231892341877,0.020059351008867354,fc6ed5692c5e33a9fffe770a3a11e12d0b94dbf5a1eec4c0ae7c81aee87c07d7
14,56,0.94,blind2,6000,4765.833333333333,1916.7207958708477,4690.710919794758,24.7447590724574,-0.01576270261344458,0.01576270261344458,4661.187971073263,4870.478695593403,0.03690967295705261,fc6ed5692c5e33a9fffe770a3a11e12d0b94dbf5a1eec4c0ae7c81aee87c07d7
14,56,1.0,blind2,6000,5878.233666666667,2517.3117805508264,5820.9590575629245,32.49835534428363,-0.00974350669802836,0.00974350669802836,5740.798415917171,6015.668917416163,0.0323671170282539,fc6ed5692c5e33a9fffe770a3a11e12d0b94dbf5a1eec4c0ae7c81aee87c07d7
14,56,1.06,blind2,6000,5366.390666666666,2143.4729001611327,5285.997939047708,27.6721161512366,-0.01498078179777654,0.01498078179777654,5249.3655378032345,5483.415795530098,0.03600271506737063,fc6ed5692c5e33a9fffe770a3a11e12d0b94dbf5a1eec4c0ae7c81aee87c07d7
14,56,1.275,blind2,6000,3886.0571666666665,1211.3922632386855,3905.2995196159063,15.639006870826467,0.004951639186961651,0.004951639186961651,3819.919948090675,3952.194385242658,0.022351141564604493,fc6ed5692c5e33a9fffe770a3a11e12d0b94dbf5a1eec4c0ae7c81aee87c07d7
14,56,1.675,blind2,6000,2659.1311666666666,626.6246380687655,2638.824737069902,8.089689291878598,-0.007636490388783518,0.007636490388783518,2624.919943835958,2693.3423894973753,0.020241634572738976,fc6ed5692c5e33a9fffe770a3a11e12d0b94dbf5a1eec4c0ae7c81aee87c07d7
14,56,1.875,blind2,6000,2315.697166666667,506.15177275347213,2292.216459065173,6.534391288425195,-0.010139800635198499,0.010139800635198499,2288.0632850223146,2343.331048311019,0.021812790507208746,fc6ed5692c5e33a9fffe770a3a11e12d0b94dbf5a1eec4c0ae7c81aee87c07d7
14,112,0.325,blind2,6000,1158.8688333333334,128.59143020159794,1157.2648091812239,1.6601082254526076,-0.001384129166280014,0.001384129166280014,1151.8482506663242,1165.8894160003426,0.007397448420713881,fc6ed5692c5e33a9fffe770a3a11e12d0b94dbf5a1eec4c0ae7c81aee87c07d7
14,112,0.525,blind2,6000,1645.4973333333332,218.51023800631054,1650.5263157894738,2.8209550425808656,0.003056208207857226,0.003056208207857226,1633.567539978472,1657.4271266881944,0.010381435352972979,fc6ed5692c5e33a9fffe770a3a11e12d0b94dbf5a1eec4c0ae7c81aee87c07d7
14,112,0.725,blind2,6000,2849.2276666666667,506.86537652471605,2850.9090909090905,6.543603873497924,0.0005901333410787015,0.0005901333410787015,2821.554825083385,2876.9005082499484,0.010403578043123085,fc6ed5692c5e33a9fffe770a3a11e12d0b94dbf5a1eec4c0ae7c81aee87c07d7
14,112,0.94,blind2,6000,12607.270666666667,4413.33320032177,12373.107167204093,56.97588662036833,-0.018573687013930588,0.018573687013930588,12366.320157590442,12848.221175742892,0.036978971800065374,fc6ed5692c5e33a9fffe770a3a11e12d0b94dbf5a1eec4c0ae7c81aee87c07d7
14,112,1.0,blind2,6000,23397.834,10042.975958804684,23305.991589642003,129.65426211604003,-0.003925252669028954,0.003925252669028954,22849.527298448927,23946.14070155107,0.026732871901466893,fc6ed5692c5e33a9fffe770a3a11e12d0b94dbf5a1eec4c0ae7c81aee87c07d7
14,112,1.06,blind2,6000,19424.567,7123.303564156325,19213.331579389767,91.96145357985795,-0.01087465273281159,0.01087465273281159,19035.662844754523,19813.471155245476,0.030289471801957624,fc6ed5692c5e33a9fffe770a3a11e12d0b94dbf5a1eec4c0ae7c81aee87c07d7
14,112,1.275,blind2,6000,11790.535333333333,2984.4376530767745,11774.610012119163,38.52892442720232,-0.0013506868656885627,0.0013506868656885627,11627.596860488666,11953.473806178,0.01496333174431641,fc6ed5692c5e33a9fffe770a3a11e12d0b94dbf5a1eec4c0ae7c81aee87c07d7
14,112,1.675,blind2,6000,7202.643666666667,1328.0067935445607,7156.871029068928,17.144493983494648,-0.006354977382759004,0.006354977382759004,7130.139756710827,7275.147576622507,0.016257614887928984,fc6ed5692c5e33a9fffe770a3a11e12d0b94dbf5a1eec4c0ae7c81aee87c07d7
14,112,1.875,blind2,6000,6046.404666666666,998.1939182483333,6064.918702689562,12.886628072204408,0.003061990892697353,0.003061990892697353,5991.90723313022,6100.902100203112,0.012185013338599449,fc6ed5692c5e33a9fffe770a3a11e12d0b94dbf5a1eec4c0ae7c81aee87c07d7
14,128,0.3,boundary_confirmation,8000,1281.04225,130.06526664192802,1278.9964856309425,1.4541738886149342,-0.0015969530818030798,0.0015969530818030798,1274.89256178046,1287.19193821954,0.006366923490783716,fc6ed5692c5e33a9fffe770a3a11e12d0b94dbf5a1eec4c0ae7c81aee87c07d7
14,128,0.975,boundary_confirmation,8000,25158.438375,10291.557096627143,25301.84475418078,115.0631063118933,0.005700130391371259,0.005700130391371259,24671.83753934348,25645.039210656523,0.025535480031945168,fc6ed5692c5e33a9fffe770a3a11e12d0b94dbf5a1eec4c0ae7c81aee87c07d7
14,128,1.025,boundary_confirmation,8000,27939.654375,11148.386442730309,27641.681174253146,124.64274962691017,-0.010664884996339614,0.010664884996339614,27412.54131442802,28466.767435571976,0.02898419229321425,fc6ed5692c5e33a9fffe770a3a11e12d0b94dbf5a1eec4c0ae7c81aee87c07d7
14,128,1.9,boundary_confirmation,8000,7069.33275,1104.40869239943,7108.902816393934,12.347664555733903,0.0055974259231091105,0.0055974259231091105,7017.114588298889,7121.55091170111,0.013080622660502472,fc6ed5692c5e33a9fffe770a3a11e12d0b94dbf5a1eec4c0ae7c81aee87c07d7
15,10,0.3,boundary_confirmation,8000,102.190625,34.64640073290216,103.60210367798881,0.3873585360723388,0.013812212989095728,0.013812212989095728,100.55248925524995,103.82876074475004,0.030328582070181076,fc6ed5692c5e33a9fffe770a3a11e12d0b94dbf5a1eec4c0ae7c81aee87c07d7
15,10,0.975,boundary_confirmation,8000,191.471125,82.86722837422934,189.66048280718877,0.9264837787588809,-0.009456476493838064,0.009456476493838064,187.5530334812098,195.3892165187902,0.029319600199382068,fc6ed5692c5e33a9fffe770a3a11e12d0b94dbf5a1eec4c0ae7c81aee87c07d7
15,10,1.025,boundary_confirmation,8000,191.292875,80.62274711676262,190.07215202474467,0.9013897154292819,-0.006381434620893965,0.006381434620893965,187.4809060480133,195.1048439519867,0.025794807680328713,fc6ed5692c5e33a9fffe770a3a11e12d0b94dbf5a1eec4c0ae7c81aee87c07d7
15,10,1.9,boundary_confirmation,8000,150.589,53.08541312484842,152.18592549838604,0.593512961804103,0.010604529536593259,0.010604529536593259,148.07903905383873,153.09896094616127,0.027734421230638295,fc6ed5692c5e33a9fffe770a3a11e12d0b94dbf5a1eec4c0ae7c81aee87c07d7
15,14,0.325,blind2,6000,154.30433333333335,47.222925738897686,155.28285942665732,0.609645349819801,0.006341533463030709,0.006341533463030709,151.7261486641979,156.8825180024688,0.02344164663621151,fc6ed5692c5e33a9fffe770a3a11e12d0b94dbf5a1eec4c0ae7c81aee87c07d7
15,14,0.525,blind2,6000,211.36466666666666,73.33402801451062,209.8496665201709,0.9467382307016927,-0.007167707689218469,0.007167707689218469,207.36091925384542,215.3684140794879,0.025624684022979127,fc6ed5692c5e33a9fffe770a3a11e12d0b94dbf5a1eec4c0ae7c81aee87c07d7
15,14,0.725,blind2,6000,295.4135,113.99352001254637,293.35289441460446,1.4716500152805132,-0.006975326399760117,0.006975326399760117,289.1899053988919,301.6370946011081,0.027464129362003264,fc6ed5692c5e33a9fffe770a3a11e12d0b94dbf5a1eec4c0ae7c81aee87c07d7
15,14,0.94,blind2,6000,374.236,158.4201190706357,372.6932423472493,2.0451949428825604,-0.004122419149282026,0.004122419149282026,365.58688908872716,382.8851109112728,0.02661860770654345,fc6ed5692c5e33a9fffe770a3a11e12d0b94dbf5a1eec4c0ae7c81aee87c07d7
15,14,1.0,blind2,6000,375.10316666666665,160.81081289172081,376.0929672038744,2.076058667399039,0.002638742151935367,0.002638742151935367,366.32353334362716,383.88279998970614,0.02666886773851651,fc6ed5692c5e33a9fffe770a3a11e12d0b94dbf5a1eec4c0ae7c81aee87c07d7
15,14,1.06,blind2,6000,373.31166666666667,158.41441449041798,368.2234727004421,2.0451212970686257,-0.013629882000896286,0.013629882000896286,364.6628672028747,381.96046613045866,0.035964437809971384,fc6ed5692c5e33a9fffe770a3a11e12d0b94dbf5a1eec4c0ae7c81aee87c07d7
15,14,1.275,blind2,6000,345.1035,135.14727615503523,341.0005183527537,1.744743832779154,-0.011889133686694807,0.011889133686694807,337.7249941152763,352.4820058847237,0.03257325860692284,fc6ed5692c5e33a9fffe770a3a11e12d0b94dbf5a1eec4c0ae7c81aee87c07d7
15,14,1.675,blind2,6000,296.4796666666667,102.97195471161915,296.36128701037836,1.3293622190817511,-0.00039928423294338915,0.00039928423294338915,290.8578058684542,302.10152746487915,0.019001030887432768,fc6ed5692c5e33a9fffe770a3a11e12d0b94dbf5a1eec4c0ae7c81aee87c07d7
15,14,1.875,blind2,6000,278.4898333333333,92.06108897894677,277.2802727698415,1.1885035481639334,-0.0043432844532032625,0.0043432844532032625,273.46366258013217,283.51600408653445,0.02199428330962827,fc6ed5692c5e33a9fffe770a3a11e12d0b94dbf5a1eec4c0ae7c81aee87c07d7
15,28,0.325,blind2,6000,310.3185,68.02549254279076,309.02240408755495,0.8782053324526181,-0.004176663371487764,0.004176663371487764,306.60457759388044,314.0324224061195,0.015953825022836043,fc6ed5692c5e33a9fffe770a3a11e12d0b94dbf5a1eec4c0ae7c81aee87c07d7
15,28,0.525,blind2,6000,439.652,116.5250884804394,442.10526315789474,1.5043324236669584,0.005580011367842642,0.005580011367842642,433.29019178949216,446.0138082105078,0.020344497834110298,fc6ed5692c5e33a9fffe770a3a11e12d0b94dbf5a1eec4c0ae7c81aee87c07d7
15,28,0.725,blind2,6000,742.807,247.0735706408482,738.6096399803957,3.1897060812666895,-0.005650673754561111,0.005650673754561111,729.3177618385006,756.2962381614994,0.023385807423951355,fc6ed5692c5e33a9fffe770a3a11e12d0b94dbf5a1eec4c0ae7c81aee87c07d7
15,28,0.94,blind2,6000,1441.6438333333333,596.3383675006982,1459.1709350489518,7.698695220115741,0.012157719757377795,0.012157719757377795,1409.0861208949202,1474.2015457717464,0.03554418243948243,fc6ed5692c5e33a9fffe770a3a11e12d0b94dbf5a1eec4c0ae7c81aee87c07d7
15,28,1.0,blind2,6000,1519.6478333333334,648.7111150816239,1510.5101661119454,8.374824484035909,-0.0060130163192775,0.0060130163192775,1484.2307763545116,1555.0648903121553,0.028651360131515924,fc6ed5692c5e33a9fffe770a3a11e12d0b94dbf5a1eec4c0ae7c81aee87c07d7
15,28,1.06,blind2,6000,1482.1888333333334,616.6311586674907,1446.470289890691,7.9606740275725825,-0.024098510688623943,0.024098510688623943,1448.5232148882178,1515.854451778449,0.04577231132339532,fc6ed5692c5e33a9fffe770a3a11e12d0b94dbf5a1eec4c0ae7c81aee87c07d7
15,28,1.275,blind2,6000,1248.9116666666666,450.2413164860233,1242.842159183372,5.812590401749571,-0.0048598372849652256,0.0048598372849652256,1224.3302744421803,1273.493058891153,0.024068368094969594,fc6ed5692c5e33a9fffe770a3a11e12d0b94dbf5a1eec4c0ae7c81aee87c07d7
15,28,1.675,blind2,6000,970.1605,285.63135907196454,970.3050963593306,3.687484989467698,0.00014904375031827077,0.00014904375031827077,954.5661593389536,985.7548406610463,0.016488052573827128,fc6ed5692c5e33a9fffe770a3a11e12d0b94dbf5a1eec4c0ae7c81aee87c07d7
15,28,1.875,blind2,6000,880.0911666666667,241.15400832509664,873.8583732164293,3.11328486038088,-0.007081986146780713,0.007081986146780713,866.9251131569367,893.2572201763967,0.021716977508602242,fc6ed5692c5e33a9fffe770a3a11e12d0b94dbf5a1eec4c0ae7c81aee87c07d7
15,56,0.325,blind2,6000,623.7881666666667,99.42345194723966,611.9921002506238,1.2835512453803752,-0.018910372216705332,0.018910372216705332,618.3600400618012,629.2162932715322,0.027374041653233983,fc6ed5692c5e33a9fffe770a3a11e12d0b94dbf5a1eec4c0ae7c81aee87c07d7
15,56,0.525,blind2,6000,881.5271666666666,166.3643675163106,880.4964583918427,2.1477547493100038,-0.0011692303014567155,0.0011692303014567155,872.4443312618355,890.6100020714978,0.011355749044061558,fc6ed5692c5e33a9fffe770a3a11e12d0b94dbf5a1eec4c0ae7c81aee87c07d7
15,56,0.725,blind2,6000,1526.9718333333333,383.1163327163668,1527.2727272727273,4.9460105875684945,0.00019705271100982285,0.00019705271100982285,1506.0551993033682,1547.8884673632983,0.014088147618475988,fc6ed5692c5e33a9fffe770a3a11e12d0b94dbf5a1eec4c0ae7c81aee87c07d7
15,56,0.94,blind2,6000,5055.313166666667,1992.6597348509995,4946.4508948112625,25.725126559120028,-0.021534229090536254,0.021534229090536254,4946.521839174549,5164.104494158784,0.042147404180863046,fc6ed5692c5e33a9fffe770a3a11e12d0b94dbf5a1eec4c0ae7c81aee87c07d7
15,56,1.0,blind2,6000,6034.395666666666,2527.1920475873585,6054.3172590406775,32.625909043245535,0.003301340096748357,0.003301340096748357,5896.420992478195,6172.370340855137,0.026778323115649982,fc6ed5692c5e33a9fffe770a3a11e12d0b94dbf5a1eec4c0ae7c81aee87c07d7
15,56,1.06,blind2,6000,5615.46,2250.979096574541,5540.273172355601,29.060015178980713,-0.013389255313794288,0.013389255313794288,5492.565458704085,5738.354541295915,0.03451884464698485,fc6ed5692c5e33a9fffe770a3a11e12d0b94dbf5a1eec4c0ae7c81aee87c07d7
15,56,1.275,blind2,6000,4203.675166666667,1303.8918105523849,4185.2265992609155,16.833170891752076,-0.0043886757835240485,0.0043886757835240485,4132.487839249374,4274.86249408396,0.02096813522004337,fc6ed5692c5e33a9fffe770a3a11e12d0b94dbf5a1eec4c0ae7c81aee87c07d7
15,56,1.675,blind2,6000,2905.3193333333334,697.296988765413,2883.9509821818624,9.002065416163415,-0.00735490619096752,0.00735490619096752,2867.249680126978,2943.3889865396886,0.020193730638267682,fc6ed5692c5e33a9fffe770a3a11e12d0b94dbf5a1eec4c0ae7c81aee87c07d7
15,56,1.875,blind2,6000,2540.4366666666665,571.4115404099231,2517.0039585802892,7.376891266127862,-0.009223889890206774,0.009223889890206774,2509.2398602384183,2571.6334730949147,0.021243118463876498,fc6ed5692c5e33a9fffe770a3a11e12d0b94dbf5a1eec4c0ae7c81aee87c07d7
15,112,0.325,blind2,6000,1243.5435,139.0633664116097,1238.7777656792023,1.7953003405990142,-0.0038323824786167266,0.0038323824786167266,1235.9511911010734,1251.1358088989266,0.009877459450705173,fc6ed5692c5e33a9fffe770a3a11e12d0b94dbf5a1eec4c0ae7c81aee87c07d7
15,112,0.525,blind2,6000,1764.0555,240.76792135112592,1768.421052631579,3.1083004989796263,0.0024747252178738263,0.0024747252178738263,1750.910525309544,1777.2004746904558,0.010000812188240893,fc6ed5692c5e33a9fffe770a3a11e12d0b94dbf5a1eec4c0ae7c81aee87c07d7
15,112,0.725,blind2,6000,3045.7901666666667,547.5648610129595,3054.5454545454545,7.069031958905236,0.00287455385948983,0.00287455385948983,3015.8952944635653,3075.685038869768,0.0128154847261579,fc6ed5692c5e33a9fffe770a3a11e12d0b94dbf5a1eec4c0ae7c81aee87c07d7
15,112,0.94,blind2,6000,13308.988166666666,4737.628607312957,13178.810939355024,61.16252232212973,-0.009781151330322804,0.009781151330322804,13050.332413082751,13567.64392025058,0.028658843287831193,fc6ed5692c5e33a9fffe770a3a11e12d0b94dbf5a1eec4c0ae7c81aee87c07d7
15,112,1.0,blind2,6000,24229.361333333334,10365.602415152229,24241.822225348504,133.81935175763988,0.0005142889176375671,0.0005142889176375671,23663.440505368075,24795.282161298594,0.024441996076150607,fc6ed5692c5e33a9fffe770a3a11e12d0b94dbf5a1eec4c0ae7c81aee87c07d7
15,112,1.06,blind2,6000,20466.694666666666,7553.503620104252,20290.022922738,97.51531242060402,-0.008632158089327654,0.008632158089327654,20054.303292627534,20879.0860407058,0.028213070094129766,fc6ed5692c5e33a9fffe770a3a11e12d0b94dbf5a1eec4c0ae7c81aee87c07d7
15,112,1.275,blind2,6000,12838.920166666667,3307.4404117796107,12808.851309183858,42.698872111319446,-0.0023420082913885587,0.0023420082913885587,12658.347022789954,13019.49331054338,0.016178970742965926,fc6ed5692c5e33a9fffe770a3a11e12d0b94dbf5a1eec4c0ae7c81aee87c07d7
15,112,1.675,blind2,6000,7926.583166666666,1475.7250373339455,7924.8202315593835,19.05152831058563,-0.00022240794932883905,0.00022240794932883905,7846.014425793845,8007.151907539488,0.01028226726941217,fc6ed5692c5e33a9fffe770a3a11e12d0b94dbf5a1eec4c0ae7c81aee87c07d7
15,112,1.875,blind2,6000,6738.4705,1133.2653995750786,6746.081842424476,14.630393397957912,0.0011295356156083014,0.0011295356156083014,6676.59869867619,6800.342301323811,0.010406967212521323,fc6ed5692c5e33a9fffe770a3a11e12d0b94dbf5a1eec4c0ae7c81aee87c07d7
15,128,0.3,boundary_confirmation,8000,1373.06425,140.4357384945809,1369.0624824967813,1.5701192887213342,-0.00291447942309955,0.00291447942309955,1366.4242297323283,1379.7042702676715,0.007713093305731111,fc6ed5692c5e33a9fffe770a3a11e12d0b94dbf5a1eec4c0ae7c81aee87c07d7
15,128,0.975,boundary_confirmation,8000,26649.29575,10437.922235081325,26671.405528167004,116.69951830749191,0.0008296571276936367,0.0008296571276936367,26155.77454281815,27142.81695718185,0.019713848829241876,fc6ed5692c5e33a9fffe770a3a11e12d0b94dbf5a1eec4c0ae7c81aee87c07d7
15,128,1.025,boundary_confirmation,8000,29095.24675,11497.362216639389,28975.03910748459,128.54441739171668,-0.004131521672536021,0.004131521672536021,28551.633571747705,29638.859928252292,0.02239697553733966,fc6ed5692c5e33a9fffe770a3a11e12d0b94dbf5a1eec4c0ae7c81aee87c07d7
15,128,1.9,boundary_confirmation,8000,7902.496375,1233.698614642503,7932.62672585937,13.79316983043977,0.0038127636419662495,0.0038127636419662495,7844.165184569149,7960.827565430851,0.011277368490944184,fc6ed5692c5e33a9fffe770a3a11e12d0b94dbf5a1eec4c0ae7c81aee87c07d7
16,10,0.3,boundary_confirmation,8000,109.653375,37.45899922831993,110.06373336400502,0.41880434321817767,0.0037423231524339345,0.0037423231524339345,107.88225522130963,111.42449477869036,0.020220917130628235,fc6ed5692c5e33a9fffe770a3a11e12d0b94dbf5a1eec4c0ae7c81aee87c07d7
16,10,0.975,boundary_confirmation,8000,197.46225,84.52532100603875,196.81233485525348,0.9450218179474678,-0.003291338697632228,0.003291338697632228,193.46576128118858,201.45873871881145,0.023063799034517163,fc6ed5692c5e33a9fffe770a3a11e12d0b94dbf5a1eec4c0ae7c81aee87c07d7
16,10,1.025,boundary_confirmation,8000,198.38675,83.25522568291399,197.3159971115331,0.9308217205454101,-0.005397300416821682,0.005397300416821682,194.45031336463848,202.32318663536154,0.024748471033390174,fc6ed5692c5e33a9fffe770a3a11e12d0b94dbf5a1eec4c0ae7c81aee87c07d7
16,10,1.9,boundary_confirmation,8000,159.782,56.31687513350772,160.67394639639917,0.629641805394454,0.005582270821489048,0.005582270821489048,157.1192505011404,162.4447494988596,0.022624190759062746,fc6ed5692c5e33a9fffe770a3a11e12d0b94dbf5a1eec4c0ae7c81aee87c07d7
16,14,0.325,blind2,6000,165.02566666666667,51.44825713033611,165.49817554679157,0.6641941435239624,0.002863244788941351,0.002863244788941351,162.21679564244053,167.8345376908928,0.02022836101129677,fc6ed5692c5e33a9fffe770a3a11e12d0b94dbf5a1eec4c0ae7c81aee87c07d7
16,14,0.525,blind2,6000,224.25766666666667,78.14349626738218,222.74805566126867,1.0088281988599754,-0.006731591511838316,0.006731591511838316,219.99134134021068,228.52399199312265,0.025274966892875783,fc6ed5692c5e33a9fffe770a3a11e12d0b94dbf5a1eec4c0ae7c81aee87c07d7
16,14,0.725,blind2,6000,310.33633333333336,118.72233732025896,308.6983076447803,1.5326987842139408,-0.005278227241261009,0.005278227241261009,303.85456404069305,316.81810262597367,0.025629201468892582,fc6ed5692c5e33a9fffe770a3a11e12d0b94dbf5a1eec4c0ae7c81aee87c07d7
16,14,0.94,blind2,6000,387.74316666666664,162.28287389154357,387.00341450553526,2.095062893188756,-0.001907840613906485,0.001907840613906485,378.88316464468716,396.6031686886461,0.02420493566617765,fc6ed5692c5e33a9fffe770a3a11e12d0b94dbf5a1eec4c0ae7c81aee87c07d7
16,14,1.0,blind2,6000,391.339,165.4410515438132,390.3295900449453,2.135834791360771,-0.0025793748005046957,0.0025793748005046957,382.3065739895004,400.3714260104996,0.02508130029561839,fc6ed5692c5e33a9fffe770a3a11e12d0b94dbf5a1eec4c0ae7c81aee87c07d7
16,14,1.06,blind2,6000,387.53833333333336,160.10052225636247,382.7419402541062,2.0668888547266726,-0.012376564243263152,0.012376564243263152,378.79747906512915,396.27918760153756,0.03416088397012451,fc6ed5692c5e33a9fffe770a3a11e12d0b94dbf5a1eec4c0ae7c81aee87c07d7
16,14,1.275,blind2,6000,362.95466666666664,141.38239556318445,356.5070694312898,1.8252388782104092,-0.017764194340276273,0.017764194340276273,355.23574796302523,370.67358537030805,0.0382183044547556,fc6ed5692c5e33a9fffe770a3a11e12d0b94dbf5a1eec4c0ae7c81aee87c07d7
16,14,1.675,blind2,6000,311.9153333333333,110.70812171166294,313.1376952712148,1.4292357055972478,0.003918890183494733,0.003918890183494733,305.871108464168,317.9595582024986,0.02375702250380418,fc6ed5692c5e33a9fffe770a3a11e12d0b94dbf5a1eec4c0ae7c81aee87c07d7
16,14,1.875,blind2,6000,293.6091666666667,96.92082175804089,294.35512644688777,1.2512424285654327,0.002540655622881047,0.002540655622881047,288.3176737558248,298.9006595775086,0.020940279561828312,fc6ed5692c5e33a9fffe770a3a11e12d0b94dbf5a1eec4c0ae7c81aee87c07d7
16,28,0.325,blind2,6000,331.9986666666667,73.8743385838801,329.9700948217786,0.9537136101581855,-0.0061101806981797005,0.0061101806981797005,327.9654204372278,336.03191289610555,0.018039411858483567,fc6ed5692c5e33a9fffe770a3a11e12d0b94dbf5a1eec4c0ae7c81aee87c07d7
16,28,0.525,blind2,6000,469.8881666666667,127.8680388755006,471.5789473684211,1.6507692835900547,0.0035982619305964364,0.0035982619305964364,462.9070783003081,476.86925503302524,0.018733498524053926,fc6ed5692c5e33a9fffe770a3a11e12d0b94dbf5a1eec4c0ae7c81aee87c07d7
16,28,0.725,blind2,6000,789.5196666666667,266.4531869391455,785.1510251856866,3.4398958518640073,-0.005533290259157629,0.005533290259157629,774.9723782286923,804.0669551046411,0.023525316889179693,fc6ed5692c5e33a9fffe770a3a11e12d0b94dbf5a1eec4c0ae7c81aee87c07d7
16,28,0.94,blind2,6000,1500.506,603.0110070939387,1520.5281218654802,7.784838626848623,0.013343580009330272,0.013343580009330272,1467.5839878738234,1533.4280121261768,0.03607570975774954,fc6ed5692c5e33a9fffe770a3a11e12d0b94dbf5a1eec4c0ae7c81aee87c07d7
16,28,1.0,blind2,6000,1575.1821666666667,650.3233452605486,1568.0561149251,8.39563828614667,-0.004523954049484032,0.004523954049484032,1539.6770883070137,1610.6872450263197,0.026467664801382962,fc6ed5692c5e33a9fffe770a3a11e12d0b94dbf5a1eec4c0ae7c81aee87c07d7
16,28,1.06,blind2,6000,1537.778,616.9759351871838,1506.3664877045467,7.9651250733023655,-0.020426558511991554,0.020426558511991554,1504.0935581227602,1571.4624418772398,0.04142380526443301,fc6ed5692c5e33a9fffe770a3a11e12d0b94dbf5a1eec4c0ae7c81aee87c07d7
16,28,1.275,blind2,6000,1314.2268333333334,463.32825537122505,1309.120616467449,5.9815420562669726,-0.003885339072657042,0.003885339072657042,1288.9309460903407,1339.522720576326,0.02269622130470217,fc6ed5692c5e33a9fffe770a3a11e12d0b94dbf5a1eec4c0ae7c81aee87c07d7
16,28,1.675,blind2,6000,1028.9153333333334,306.3833012520481,1038.8016091746274,3.955391411017441,0.009608444466723893,0.009608444466723893,1012.1880188392107,1045.6426478274561,0.02629312918160953,fc6ed5692c5e33a9fffe770a3a11e12d0b94dbf5a1eec4c0ae7c81aee87c07d7
16,28,1.875,blind2,6000,946.2231666666667,260.61953134788695,940.7167000517647,3.3645836820224932,-0.005819416400784146,0.005819416400784146,931.9943727136286,960.4519606197047,0.020547889303288325,fc6ed5692c5e33a9fffe770a3a11e12d0b94dbf5a1eec4c0ae7c81aee87c07d7
16,56,0.325,blind2,6000,664.5788333333334,105.37763136851054,652.6557823351839,1.360419371176752,-0.01794076248012138,0.01794076248012138,658.8256321198745,670.3320345467922,0.026369398000737343,fc6ed5692c5e33a9fffe770a3a11e12d0b94dbf5a1eec4c0ae7c81aee87c07d7
16,56,0.525,blind2,6000,942.9358333333333,180.83590255601283,939.4292254015252,2.3345814633194166,-0.003718819253492677,0.003718819253492677,933.0629094451136,952.808757221553,0.01404220072351492,fc6ed5692c5e33a9fffe770a3a11e12d0b94dbf5a1eec4c0ae7c81aee87c07d7
16,56,0.725,blind2,6000,1634.6743333333334,414.416203921735,1629.090909090909,5.350090187291255,-0.0034156187128961493,0.0034156187128961493,1612.0488503317104,1657.2998163349564,0.01702100426610198,fc6ed5692c5e33a9fffe770a3a11e12d0b94dbf5a1eec4c0ae7c81aee87c07d7
16,56,0.94,blind2,6000,5245.717833333333,2019.9530667684576,5198.3433691205355,26.07748195904945,-0.009031073671512001,0.009031073671512001,5135.436398042552,5355.999268624114,0.029435384808048748,fc6ed5692c5e33a9fffe770a3a11e12d0b94dbf5a1eec4c0ae7c81aee87c07d7
16,56,1.0,blind2,6000,6339.473666666667,2628.048685930779,6285.699969191038,33.927962645440644,-0.008482359940758853,0.008482359940758853,6195.992619573745,6482.954713759588,0.03042667321890924,fc6ed5692c5e33a9fffe770a3a11e12d0b94dbf5a1eec4c0ae7c81aee87c07d7
16,56,1.06,blind2,6000,5904.7283333333335,2334.186739920357,5790.249513655854,30.134221235499087,-0.019387652270338118,0.019387652270338118,5777.290984342377,6032.16568232429,0.04010436407231144,fc6ed5692c5e33a9fffe770a3a11e12d0b94dbf5a1eec4c0ae7c81aee87c07d7
16,56,1.275,blind2,6000,4424.892833333333,1388.387374353972,4459.844092391261,17.92400392985859,0.007898780913886825,0.007898780913886825,4349.09238286628,4500.693283800387,0.025465476420160504,fc6ed5692c5e33a9fffe770a3a11e12d0b94dbf5a1eec4c0ae7c81aee87c07d7
16,56,1.675,blind2,6000,3137.889833333333,781.9240682901383,3129.4078432417605,10.094596314954854,-0.0027030872790592547,0.0027030872790592547,3095.199876839741,3180.579789826925,0.016088873716936125,fc6ed5692c5e33a9fffe770a3a11e12d0b94dbf5a1eec4c0ae7c81aee87c07d7
16,56,1.875,blind2,6000,2774.5903333333335,617.487434659105,2743.6087423966123,7.971728503090181,-0.011166185712000438,0.011166185712000438,2740.87796561126,2808.302701055407,0.023036675723910216,fc6ed5692c5e33a9fffe770a3a11e12d0b94dbf5a1eec4c0ae7c81aee87c07d7
16,112,0.325,blind2,6000,1327.2556666666667,147.26353495013586,1320.2143511982722,1.901164061218367,-0.00530516888737675,0.00530516888737675,1319.2156610509537,1335.2956722823797,0.011294368278996547,fc6ed5692c5e33a9fffe770a3a11e12d0b94dbf5a1eec4c0ae7c81aee87c07d7
16,112,0.525,blind2,6000,1882.3461666666667,259.417077705651,1886.3157894736844,3.349060072252606,0.002108869705962348,0.002108869705962348,1868.1830219189087,1896.5093114144247,0.009706098033237964,fc6ed5692c5e33a9fffe770a3a11e12d0b94dbf5a1eec4c0ae7c81aee87c07d7
16,112,0.725,blind2,6000,3244.900666666667,584.4780953182706,3258.181818181818,7.545579764635644,0.004092930070735947,0.004092930070735947,3212.990478104296,3276.8108552290378,0.014065195768705019,fc6ed5692c5e33a9fffe770a3a11e12d0b94dbf5a1eec4c0ae7c81aee87c07d7
16,112,0.94,blind2,6000,14198.263333333334,4965.616595887341,13978.614875963713,64.10583459840946,-0.015470093222876902,0.015470093222876902,13927.16033876017,14469.366327906499,0.03391658216547422,fc6ed5692c5e33a9fffe770a3a11e12d0b94dbf5a1eec4c0ae7c81aee87c07d7
16,112,1.0,blind2,6000,25338.552,10756.661976550886,25169.750895745423,138.86790898654712,-0.006661829146929026,0.006661829146929026,24751.280869186256,25925.823130813744,0.029162901839351885,fc6ed5692c5e33a9fffe770a3a11e12d0b94dbf5a1eec4c0ae7c81aee87c07d7
16,112,1.06,blind2,6000,21328.192166666668,7784.128759340741,21344.703175675313,100.49267016553631,0.0007741401089985563,0.0007741401089985563,20903.20957365935,21753.174759673984,0.02112085230070604,fc6ed5692c5e33a9fffe770a3a11e12d0b94dbf5a1eec4c0ae7c81aee87c07d7
16,112,1.275,blind2,6000,13907.274333333333,3613.1507018676866,13837.270085138422,46.64557498557063,-0.0050336425756068665,0.0050336425756068665,13710.010618705881,14104.538047960785,0.018949075957932826,fc6ed5692c5e33a9fffe770a3a11e12d0b94dbf5a1eec4c0ae7c81aee87c07d7
16,112,1.675,blind2,6000,8722.452166666666,1668.80508641604,8704.675864492932,21.54418102585184,-0.002037993655232279,0.002037993655232279,8631.342020011158,8813.562313322174,0.012354419808736639,fc6ed5692c5e33a9fffe770a3a11e12d0b94dbf5a1eec4c0ae7c81aee87c07d7
16,112,1.875,blind2,6000,7431.8465,1301.241915001963,7441.405991589435,16.798960887298833,0.001286287545017959,0.001286287545017959,7360.803846382053,7502.889153617946,0.010950182465057745,fc6ed5692c5e33a9fffe770a3a11e12d0b94dbf5a1eec4c0ae7c81aee87c07d7
16,128,0.3,boundary_confirmation,8000,1463.722875,147.66532584798503,1459.0325671812268,1.6509485325787565,-0.0032043687359693245,0.0032043687359693245,1456.7410285912897,1470.7047214087102,0.007936436225147392,fc6ed5692c5e33a9fffe770a3a11e12d0b94dbf5a1eec4c0ae7c81aee87c07d7
16,128,0.975,boundary_confirmation,8000,27986.8965,11053.160898449756,28020.439972429045,123.57809567588151,0.0011985420544591728,0.0011985420544591728,27464.285851355362,28509.507148644636,0.020250084931527024,fc6ed5692c5e33a9fffe770a3a11e12d0b94dbf5a1eec4c0ae7c81aee87c07d7
16,128,1.025,boundary_confirmation,8000,30742.641125,12096.388107033777,30286.0834266651,135.24173044773764,-0.01485095885153551,0.01485095885153551,30170.705070422086,31314.57717957791,0.032843929107353675,fc6ed5692c5e33a9fffe770a3a11e12d0b94dbf5a1eec4c0ae7c81aee87c07d7
16,128,1.9,boundary_confirmation,8000,8737.30525,1420.402877483791,8776.313917641299,15.88058694745031,0.0044646108296719205,0.0044646108296719205,8670.146391465458,8804.464108534541,0.012245182651165809,fc6ed5692c5e33a9fffe770a3a11e12d0b94dbf5a1eec4c0ae7c81aee87c07d7
17,10,0.3,boundary_confirmation,8000,115.836875,39.55955491448942,116.47864558379658,0.4422892697421711,0.005540296074083242,0.005540296074083242,113.96643767949976,117.70731232050025,0.02204340115781922,fc6ed5692c5e33a9fffe770a3a11e12d0b94dbf5a1eec4c0ae7c81aee87c07d7
17,10,0.975,boundary_confirmation,8000,205.475625,85.93128609011106,203.90323703592952,0.9607409854573522,-0.007652430618329967,0.007652430618329967,201.4126600639952,209.53858993600483,0.026894105290087178,fc6ed5692c5e33a9fffe770a3a11e12d0b94dbf5a1eec4c0ae7c81aee87c07d7
17,10,1.025,boundary_confirmation,8000,204.06025,84.27455366234148,204.49480991734524,0.9422181538122469,0.0021295667203447997,0.0021295667203447997,200.0756179514526,208.04488204854738,0.02208760873083948,fc6ed5692c5e33a9fffe770a3a11e12d0b94dbf5a1eec4c0ae7c81aee87c07d7
17,10,1.9,boundary_confirmation,8000,168.6725,59.38367449349647,168.97429268896235,0.6639296646058925,0.0017892228369315495,0.0017892228369315495,165.86474745472574,171.48025254527428,0.01874747516849773,fc6ed5692c5e33a9fffe770a3a11e12d0b94dbf5a1eec4c0ae7c81aee87c07d7
17,14,0.325,blind2,6000,174.21916666666667,53.84331883470853,175.68236086538283,0.6951142571712077,0.008398583386153456,0.008398583386153456,171.27953476155,177.15879857178334,0.025705500134399095,fc6ed5692c5e33a9fffe770a3a11e12d0b94dbf5a1eec4c0ae7c81aee87c07d7
17,14,0.525,blind2,6000,236.23483333333334,81.60765071209939,235.54668499200224,1.0535502404369093,-0.0029129842183777594,0.0029129842183777594,231.77937889763348,240.6902877690332,0.021370213250842762,fc6ed5692c5e33a9fffe770a3a11e12d0b94dbf5a1eec4c0ae7c81aee87c07d7
17,14,0.725,blind2,6000,327.00483333333335,125.03087324010319,323.82773762444225,1.6141416327356342,-0.00971574541117721,0.00971574541117721,320.1786429710803,333.8310236955864,0.029965118161893622,fc6ed5692c5e33a9fffe770a3a11e12d0b94dbf5a1eec4c0ae7c81aee87c07d7
17,14,0.94,blind2,6000,402.4338333333333,162.98114235732788,401.17195488618967,2.1040775003193035,-0.003135617193742388,0.003135617193742388,393.5357086193508,411.3319580473158,0.024700252344500462,fc6ed5692c5e33a9fffe770a3a11e12d0b94dbf5a1eec4c0ae7c81aee87c07d7
17,14,1.0,blind2,6000,409.2083333333333,167.35584222511235,404.4463755454211,2.160554632761254,-0.011637001009051287,0.011637001009051287,400.07136733718306,418.34529932948357,0.03322356867960363,fc6ed5692c5e33a9fffe770a3a11e12d0b94dbf5a1eec4c0ae7c81aee87c07d7
17,14,1.06,blind2,6000,399.9646666666667,165.0571710948781,397.1125950336224,2.130878916075237,-0.007130808970736401,0.007130808970736401,390.95319900791554,408.97613432541783,0.029007901185636675,fc6ed5692c5e33a9fffe770a3a11e12d0b94dbf5a1eec4c0ae7c81aee87c07d7
17,14,1.275,blind2,6000,375.63916666666665,144.57327855261082,371.75741411161124,1.8664330004695586,-0.010333726883437555,0.010333726883437555,367.7460383926604,383.5322949406729,0.030701145599441815,fc6ed5692c5e33a9fffe770a3a11e12d0b94dbf5a1eec4c0ae7c81aee87c07d7
17,14,1.675,blind2,6000,330.5421666666667,115.04144895559102,329.55120208686697,1.4851787197619155,-0.0029979974712244237,0.0029979974712244237,324.26135929669624,336.8229740366371,0.02158929915801755,fc6ed5692c5e33a9fffe770a3a11e12d0b94dbf5a1eec4c0ae7c81aee87c07d7
17,14,1.875,blind2,6000,310.64416666666665,100.90954698186013,311.0699206407248,1.302736649780264,0.001370551968274929,0.001370551968274929,305.13490516015776,316.15342817317554,0.019450463975767995,fc6ed5692c5e33a9fffe770a3a11e12d0b94dbf5a1eec4c0ae7c81aee87c07d7
17,28,0.325,blind2,6000,353.6338333333333,79.10245648361695,350.9426398896634,1.021208322017151,-0.007610113032180456,0.007610113032180456,349.3151525780444,357.95251408862225,0.01958325175283826,fc6ed5692c5e33a9fffe770a3a11e12d0b94dbf5a1eec4c0ae7c81aee87c07d7
17,28,0.525,blind2,6000,497.0896666666667,135.47591266977255,501.0526315789474,1.7489865119409316,0.007972334124052825,0.007972334124052825,489.69321853014986,504.4861148031835,0.023196998894315257,fc6ed5692c5e33a9fffe770a3a11e12d0b94dbf5a1eec4c0ae7c81aee87c07d7
17,28,0.725,blind2,6000,837.224,280.68438879226125,831.4347707503206,3.6236198777761186,-0.00691479132189171,0.00691479132189171,821.8997443185316,852.5482556814685,0.02476514940995478,fc6ed5692c5e33a9fffe770a3a11e12d0b94dbf5a1eec4c0ae7c81aee87c07d7
17,28,0.94,blind2,6000,1557.4648333333334,619.9806223520116,1581.053570037771,8.003915417802169,0.015145598282275255,0.015145598282275255,1523.616347440127,1591.31331922654,0.03769795637474349,fc6ed5692c5e33a9fffe770a3a11e12d0b94dbf5a1eec4c0ae7c81aee87c07d7
17,28,1.0,blind2,6000,1640.243,668.7397930207694,1625.1227143758747,8.63339360438545,-0.009218320470884646,0.009218320470884646,1603.7324565504061,1676.7535434495937,0.03079213953381521,fc6ed5692c5e33a9fffe770a3a11e12d0b94dbf5a1eec4c0ae7c81aee87c07d7
17,28,1.06,blind2,6000,1602.6711666666667,646.2845144729836,1565.5411713971032,8.343497204885372,-0.023167569269239914,0.023167569269239914,1567.3865924679653,1637.9557408653682,0.04421033344283576,fc6ed5692c5e33a9fffe770a3a11e12d0b94dbf5a1eec4c0ae7c81aee87c07d7
17,28,1.275,blind2,6000,1380.699,485.58485819482127,1374.062165015948,6.2688735631967765,-0.0048068659309900485,0.0048068659309900485,1354.1879904135908,1407.2100095864093,0.02355571971819881,fc6ed5692c5e33a9fffe770a3a11e12d0b94dbf5a1eec4c0ae7c81aee87c07d7
17,28,1.675,blind2,6000,1102.2745,331.86823023120104,1106.2411223257955,4.284400429402568,0.0035985794153774488,0.0035985794153774488,1084.1558093435583,1120.3931906564417,0.020370976931451956,fc6ed5692c5e33a9fffe770a3a11e12d0b94dbf5a1eec4c0ae7c81aee87c07d7
17,28,1.875,blind2,6000,1009.312,282.1343438044938,1006.9078376102387,3.6423387164932075,-0.0023819813791585436,0.0023819813791585436,993.90858251894,1024.71541748106,0.0173780735285467,fc6ed5692c5e33a9fffe770a3a11e12d0b94dbf5a1eec4c0ae7c81aee87c07d7
17,56,0.325,blind2,6000,706.3558333333333,111.45969268374292,693.3324183570218,1.43893844512511,-0.01843747069356431,0.01843747069356431,700.270575666482,712.4410910001845,0.026821407249736806,fc6ed5692c5e33a9fffe770a3a11e12d0b94dbf5a1eec4c0ae7c81aee87c07d7
17,56,0.525,blind2,6000,1000.4645,191.39682563693157,998.4056230412406,2.4709223940293357,-0.002057921054429687,0.002057921054429687,990.0149915492378,1010.9140084507623,0.012373342643347995,fc6ed5692c5e33a9fffe770a3a11e12d0b94dbf5a1eec4c0ae7c81aee87c07d7
17,56,0.725,blind2,6000,1734.0515,431.7981667290268,1730.9090909090908,5.574490362214714,-0.001812177487755853,0.001812177487755853,1710.4770306886971,1757.625969311303,0.015200548278585524,fc6ed5692c5e33a9fffe770a3a11e12d0b94dbf5a1eec4c0ae7c81aee87c07d7
17,56,0.94,blind2,6000,5554.944166666667,2122.954765856372,5446.754653344657,27.407228176377984,-0.019476255759908266,0.019476255759908266,5439.039246652562,5670.849086680772,0.03951691006245439,fc6ed5692c5e33a9fffe770a3a11e12d0b94dbf5a1eec4c0ae7c81aee87c07d7
17,56,1.0,blind2,6000,6548.471666666666,2730.4080861506227,6515.165281891879,35.24941682003809,-0.0050861310043265285,0.0050861310043265285,6399.402201824115,6697.541131509218,0.027230269443114574,fc6ed5692c5e33a9fffe770a3a11e12d0b94dbf5a1eec4c0ae7c81aee87c07d7
17,56,1.06,blind2,6000,6130.089833333333,2403.746847995475,6036.400348766704,31.032238369283487,-0.015283541858910107,0.015283541858910107,5998.854778007655,6261.324888659012,0.03592283484597769,fc6ed5692c5e33a9fffe770a3a11e12d0b94dbf5a1eec4c0ae7c81aee87c07d7
17,56,1.275,blind2,6000,4738.1866666666665,1479.1503438727425,4729.597280420021,19.095748827853686,-0.0018128003075674908,0.0018128003075674908,4657.430917626366,4818.942415706967,0.018540403179696185,fc6ed5692c5e33a9fffe770a3a11e12d0b94dbf5a1eec4c0ae7c81aee87c07d7
17,56,1.675,blind2,6000,3381.8815,829.8885366651946,3374.8444005632205,10.713814939042473,-0.002080823777172411,0.002080823777172411,3336.572873547,3427.1901264529997,0.015273656832092586,fc6ed5692c5e33a9fffe770a3a11e12d0b94dbf5a1eec4c0ae7c81aee87c07d7
17,56,1.875,blind2,6000,2999.783,677.6944155476548,2971.6430104932624,8.748997284112786,-0.009380675037740227,0.009380675037740227,2962.783569634666,3036.7824303653338,0.021450143816932887,fc6ed5692c5e33a9fffe770a3a11e12d0b94dbf5a1eec4c0ae7c81aee87c07d7
17,112,0.325,blind2,6000,1408.2458333333334,156.6356383027289,1401.5807631157468,2.0221573952301255,-0.004732888292529382,0.004732888292529382,1399.6941480026699,1416.797518663997,0.010740247175615614,fc6ed5692c5e33a9fffe770a3a11e12d0b94dbf5a1eec4c0ae7c81aee87c07d7
17,112,0.525,blind2,6000,1999.8561666666667,271.47251984957484,2004.2105263157896,3.5046951611012194,0.0021773364113383646,0.0021773364113383646,1985.0348425361453,2014.677490797188,0.009660124532194558,fc6ed5692c5e33a9fffe770a3a11e12d0b94dbf5a1eec4c0ae7c81aee87c07d7
17,112,0.725,blind2,6000,3468.8215,624.3954982707622,3461.8181818181815,8.060911220831814,-0.0020189329954909715,0.0020189329954909715,3434.7319793714028,3502.9110206285973,0.011731054134238805,fc6ed5692c5e33a9fffe770a3a11e12d0b94dbf5a1eec4c0ae7c81aee87c07d7
17,112,0.94,blind2,6000,14838.144,4985.371779773409,14772.929348276419,64.36087292571614,-0.004395067989876732,0.004395067989876732,14565.9624506479,15110.325549352101,0.022328850558097302,fc6ed5692c5e33a9fffe770a3a11e12d0b94dbf5a1eec4c0ae7c81aee87c07d7
17,112,1.0,blind2,6000,26131.068833333335,10567.8649727894,26090.009976344278,136.4305501486068,-0.0015712658847188607,0.0015712658847188607,25554.105270995293,26708.032395671376,0.023139945697656983,fc6ed5692c5e33a9fffe770a3a11e12d0b94dbf5a1eec4c0ae7c81aee87c07d7
17,112,1.06,blind2,6000,22631.661333333333,8135.444599166615,22379.95356105008,105.02813815521792,-0.011121930846169192,0.011121930846169192,22187.498287228475,23075.824379438192,0.030155837856357226,fc6ed5692c5e33a9fffe770a3a11e12d0b94dbf5a1eec4c0ae7c81aee87c07d7
17,112,1.275,blind2,6000,14849.904666666667,3886.5438687586584,14859.329936903088,50.175065593356095,0.000634702407051663,0.000634702407051663,14637.714768188982,15062.094565144353,0.015140011417337229,fc6ed5692c5e33a9fffe770a3a11e12d0b94dbf5a1eec4c0ae7c81aee87c07d7
17,112,1.675,blind2,6000,9516.606,1837.9897143697572,9494.943663329961,23.728345180848656,-0.0022762670504630237,0.0022762670504630237,9416.259042892394,9616.952957107605,0.01268689722428884,fc6ed5692c5e33a9fffe770a3a11e12d0b94dbf5a1eec4c0ae7c81aee87c07d7
17,112,1.875,blind2,6000,8120.574833333333,1397.109631806748,8149.442169516735,18.03660778937837,0.003554839007813467,0.003554839007813467,8044.298182163059,8196.851484503606,0.013070622815401833,fc6ed5692c5e33a9fffe770a3a11e12d0b94dbf5a1eec4c0ae7c81aee87c07d7
17,128,0.3,boundary_confirmation,8000,1554.2015,160.11803418371977,1548.9137501154232,1.7901740442921623,-0.0034022293020413825,0.0034022293020413825,1546.6308701617793,1561.7721298382205,0.008233198350215964,fc6ed5692c5e33a9fffe770a3a11e12d0b94dbf5a1eec4c0ae7c81aee87c07d7
17,128,0.975,boundary_confirmation,8000,29371.24975,11256.664464306587,29350.881127514604,125.8533347104789,-0.0006934884507389905,0.0006934884507389905,28839.017136061357,29903.48236393864,0.018479494451470124,fc6ed5692c5e33a9fffe770a3a11e12d0b94dbf5a1eec4c0ae7c81aee87c07d7
17,128,1.025,boundary_confirmation,8000,32155.206375,12436.59208495721,31577.18898880305,139.0453265520008,-0.017975856831892355,0.017975856831892355,31567.18494690699,32743.227803093014,0.03561160253662643,fc6ed5692c5e33a9fffe770a3a11e12d0b94dbf5a1eec4c0ae7c81aee87c07d7
17,128,1.9,boundary_confirmation,8000,9542.73225,1561.5015278371063,9638.027867174791,17.458117816067748,0.009986198363135666,0.009986198363135666,9468.902027693455,9616.562472306543,0.017861188022296304,fc6ed5692c5e33a9fffe770a3a11e12d0b94dbf5a1eec4c0ae7c81aee87c07d7
18,10,0.3,boundary_confirmation,8000,121.651875,41.47246592214023,122.84963893660684,0.46367626498224523,0.009845832105808751,0.009845832105808751,119.6909922701103,123.61275772988971,0.02639001153376963,fc6ed5692c5e33a9fffe770a3a11e12d0b94dbf5a1eec4c0ae7c81aee87c07d7
18,10,0.975,boundary_confirmation,8000,212.1355,85.83924327899705,210.93478576140336,0.9597119155448967,-0.005660128731856035,0.005660128731856035,208.07688699134533,216.19411300865468,0.02432687539017664,fc6ed5692c5e33a9fffe770a3a11e12d0b94dbf5a1eec4c0ae7c81aee87c07d7
18,10,1.025,boundary_confirmation,8000,212.76775,87.47300869893441,211.61068771230757,0.9779779682362388,-0.005438146935766536,0.005438146935766536,208.63189001976036,216.90360998023965,0.024402186152707506,fc6ed5692c5e33a9fffe770a3a11e12d0b94dbf5a1eec4c0ae7c81aee87c07d7
18,10,1.9,boundary_confirmation,8000,177.66325,61.9392820330511,177.1082879779052,0.6925022255171681,-0.003123673703451888,0.003123673703451888,174.73466435311812,180.5918356468819,0.019289618805294118,fc6ed5692c5e33a9fffe770a3a11e12d0b94dbf5a1eec4c0ae7c81aee87c07d7
18,14,0.325,blind2,6000,186.671,57.06661772708981,185.8364612815073,0.7367268669380127,-0.0044706393520830496,0.0044706393520830496,183.55538874463454,189.78661125536544,0.020813638790057043,fc6ed5692c5e33a9fffe770a3a11e12d0b94dbf5a1eec4c0ae7c81aee87c07d7
18,14,0.525,blind2,6000,248.16633333333334,86.27460934669719,248.25189901371678,1.1138004173343632,0.00034479165338075374,0.00034479165338075374,243.45608144459686,252.87658522206982,0.01969890232629612,fc6ed5692c5e33a9fffe770a3a11e12d0b94dbf5a1eec4c0ae7c81aee87c07d7
18,14,0.725,blind2,6000,341.54516666666666,128.09172445927715,338.75995604265285,1.6536570520592322,-0.008154735876359391,0.008154735876359391,334.5518659535766,348.5384673797567,0.028055759269892788,fc6ed5692c5e33a9fffe770a3a11e12d0b94dbf5a1eec4c0ae7c81aee87c07d7
18,14,0.94,blind2,6000,419.2485,168.92911310751782,415.2060982706562,2.180865472516685,-0.009642018347933969,0.009642018347933969,410.0256396462692,428.47136035373074,0.030959507006776854,fc6ed5692c5e33a9fffe770a3a11e12d0b94dbf5a1eec4c0ae7c81aee87c07d7
18,14,1.0,blind2,6000,419.1095,169.5377047993792,418.44633139297235,2.188722357474083,-0.0015823277855254328,0.0015823277855254328,409.85341295086295,428.3655870491371,0.023156051643865916,fc6ed5692c5e33a9fffe770a3a11e12d0b94dbf5a1eec4c0ae7c81aee87c07d7
18,14,1.06,blind2,6000,423.14366666666666,169.26603968877183,411.3428606518009,2.1852151759769898,-0.027888414608275135,0.027888414608275135,413.9024114563525,432.3849218769808,0.04866511332966106,fc6ed5692c5e33a9fffe770a3a11e12d0b94dbf5a1eec4c0ae7c81aee87c07d7
18,14,1.275,blind2,6000,390.96316666666667,148.9796618107466,386.7784897923582,1.9233191637221154,-0.010703506701121836,0.010703506701121836,382.82946732289497,399.09686601043836,0.03086563004420584,fc6ed5692c5e33a9fffe770a3a11e12d0b94dbf5a1eec4c0ae7c81aee87c07d7
18,14,1.675,blind2,6000,347.46666666666664,122.26060484938957,345.6421220999225,1.5783776215964385,-0.0052509916540985895,0.0052509916540985895,340.7917219839765,354.14161134935677,0.02400025576505782,fc6ed5692c5e33a9fffe770a3a11e12d0b94dbf5a1eec4c0ae7c81aee87c07d7
18,14,1.875,blind2,6000,327.8321666666667,107.6330160452454,327.45950735913163,1.389536262151037,-0.0011367380795002094,0.0011367380795002094,321.95583038468817,333.7085029486452,0.018725910590522865,fc6ed5692c5e33a9fffe770a3a11e12d0b94dbf5a1eec4c0ae7c81aee87c07d7
18,28,0.325,blind2,6000,373.681,84.21385417221498,371.93820390238943,1.087196182429762,-0.004663860612689837,0.004663860612689837,369.08325717999566,378.2787428200043,0.016761552262617885,fc6ed5692c5e33a9fffe770a3a11e12d0b94dbf5a1eec4c0ae7c81aee87c07d7
18,28,0.525,blind2,6000,527.898,144.47047293106235,530.5263157894738,1.8651057856023796,0.004978832633337749,0.004978832633337749,520.0104845056602,535.7855154943398,0.020222344735626452,fc6ed5692c5e33a9fffe770a3a11e12d0b94dbf5a1eec4c0ae7c81aee87c07d7
18,28,0.725,blind2,6000,887.0506666666666,295.75521346310023,877.4753582260581,3.818183387655356,-0.010794545114982373,0.010794545114982373,870.9036036620682,903.197729671265,0.028479225091242233,fc6ed5692c5e33a9fffe770a3a11e12d0b94dbf5a1eec4c0ae7c81aee87c07d7
18,28,0.94,blind2,6000,1623.2863333333332,646.3861881238298,1640.81816415483,8.344809806073624,0.010800208479237286,0.010800208479237286,1587.9962081560814,1658.576458510585,0.033263275899180655,fc6ed5692c5e33a9fffe770a3a11e12d0b94dbf5a1eec4c0ae7c81aee87c07d7
18,28,1.0,blind2,6000,1678.183,684.4176123457189,1681.7219952149512,8.835793381553376,0.002108825566074277,0.002108825566074277,1640.8165097238043,1715.5494902761957,0.024929957279642645,fc6ed5692c5e33a9fffe770a3a11e12d0b94dbf5a1eec4c0ae7c81aee87c07d7
18,28,1.06,blind2,6000,1649.9193333333333,659.5515450159887,1624.0465560840676,8.514773832707652,-0.015681237698448515,0.015681237698448515,1613.9104318250525,1685.928234841614,0.036704811912329105,fc6ed5692c5e33a9fffe770a3a11e12d0b94dbf5a1eec4c0ae7c81aee87c07d7
18,28,1.275,blind2,6000,1440.8258333333333,506.3217219453041,1437.8175971597043,6.536585323057417,-0.0020878555228771205,0.0020878555228771205,1413.18267313637,1468.4689935302965,0.020873029328936865,fc6ed5692c5e33a9fffe770a3a11e12d0b94dbf5a1eec4c0ae7c81aee87c07d7
18,28,1.675,blind2,6000,1178.4766666666667,348.14392687679106,1172.6744569420184,4.494518769590215,-0.004923482907014081,0.004923482907014081,1159.46938745044,1197.4839458828933,0.020718013820705594,fc6ed5692c5e33a9fffe770a3a11e12d0b94dbf5a1eec4c0ae7c81aee87c07d7
18,28,1.875,blind2,6000,1076.3223333333333,300.9108760532096,1072.415291857607,3.884742705489217,-0.003629992015148845,0.003629992015148845,1059.893791575755,1092.7508750909117,0.018609532782678295,fc6ed5692c5e33a9fffe770a3a11e12d0b94dbf5a1eec4c0ae7c81aee87c07d7
18,56,0.325,blind2,6000,748.1571666666666,117.28454605259246,734.022461576132,1.514136978763958,-0.018892694904615204,0.018892694904615204,741.753895081352,754.5604382519813,0.027218464730840775,fc6ed5692c5e33a9fffe770a3a11e12d0b94dbf5a1eec4c0ae7c81aee87c07d7
18,56,0.525,blind2,6000,1057.9825,204.28571487657618,1057.4242148181688,2.637317238616854,-0.0005276884842908573,0.0005276884842908573,1046.8293092567942,1069.135690743206,0.010954152991465405,fc6ed5692c5e33a9fffe770a3a11e12d0b94dbf5a1eec4c0ae7c81aee87c07d7
18,56,0.725,blind2,6000,1843.9316666666666,471.3199876435834,1832.7272727272725,6.084714876260946,-0.006076360714412281,0.006076360714412281,1818.1994625012885,1869.6638708320447,0.0197557425594016,fc6ed5692c5e33a9fffe770a3a11e12d0b94dbf5a1eec4c0ae7c81aee87c07d7
18,56,0.94,blind2,6000,5722.879,2210.3357702836083,5691.985224141356,28.535312092783194,-0.005398292687761439,0.005398292687761439,5602.203423308805,5843.554576691195,0.025937868905069994,fc6ed5692c5e33a9fffe770a3a11e12d0b94dbf5a1eec4c0ae7c81aee87c07d7
18,56,1.0,blind2,6000,6781.027166666667,2766.655085987911,6742.761320145926,35.71736357577076,-0.0056430752421761455,0.0056430752421761455,6629.978759227475,6932.075574105858,0.027309894696921466,fc6ed5692c5e33a9fffe770a3a11e12d0b94dbf5a1eec4c0ae7c81aee87c07d7
18,56,1.06,blind2,6000,6398.678833333333,2409.81644672434,6279.092994632556,31.110596551933675,-0.018689145340098325,0.018689145340098325,6267.1124019621075,6530.245264704559,0.03845985256165807,fc6ed5692c5e33a9fffe770a3a11e12d0b94dbf5a1eec4c0ae7c81aee87c07d7
18,56,1.275,blind2,6000,4998.2565,1565.4114081780203,4994.876002214669,20.209374379455245,-0.0006763353952186125,0.0006763353952186125,4912.791238576566,5083.721761423435,0.017476518853362544,fc6ed5692c5e33a9fffe770a3a11e12d0b94dbf5a1eec4c0ae7c81aee87c07d7
18,56,1.675,blind2,6000,3643.9628333333335,909.4952028676744,3619.971632204629,11.74153258054013,-0.0065838215772246545,0.0065838215772246545,3594.307998271849,3693.617668394818,0.019938727502945452,fc6ed5692c5e33a9fffe770a3a11e12d0b94dbf5a1eec4c0ae7c81aee87c07d7
18,56,1.875,blind2,6000,3245.7361666666666,744.4575887240815,3200.7636621318466,9.610906143620326,-0.013855871896392077,0.013855871896392077,3205.0917315318693,3286.380601801464,0.026052046321928035,fc6ed5692c5e33a9fffe770a3a11e12d0b94dbf5a1eec4c0ae7c81aee87c07d7
18,112,0.325,blind2,6000,1489.9355,164.08666026959577,1482.8824602017933,2.118349675196462,-0.004733788676225771,0.004733788676225771,1480.9770183875776,1498.8939816124225,0.010682224097934512,fc6ed5692c5e33a9fffe770a3a11e12d0b94dbf5a1eec4c0ae7c81aee87c07d7
18,112,0.525,blind2,6000,2123.3098333333332,290.3115337605643,2121.1089206839147,3.7479057848886597,-0.001036548041584402,0.001036548041584402,2107.459973675058,2139.1596929916086,0.00843825375301921,fc6ed5692c5e33a9fffe770a3a11e12d0b94dbf5a1eec4c0ae7c81aee87c07d7
18,112,0.725,blind2,6000,3682.043833333333,679.6199799384168,3665.454545454545,8.773856213504358,-0.004505456379580886,0.004505456379580886,3644.9392747804923,3719.148391886174,0.014437134734599288,fc6ed5692c5e33a9fffe770a3a11e12d0b94dbf5a1eec4c0ae7c81aee87c07d7
18,112,0.94,blind2,6000,15929.071166666667,5476.083738337723,15562.105274477937,70.69593707006419,-0.02303749467556187,0.02303749467556187,15630.09868835927,16228.043644974063,0.04103626937818661,fc6ed5692c5e33a9fffe770a3a11e12d0b94dbf5a1eec4c0ae7c81aee87c07d7
18,112,1.0,blind2,6000,27200.46416666667,10789.032119088677,27002.791959155948,139.28580572975787,-0.007267236555211514,0.007267236555211514,26611.425754306456,27789.50257902688,0.028309633021811442,fc6ed5692c5e33a9fffe770a3a11e12d0b94dbf5a1eec4c0ae7c81aee87c07d7
18,112,1.06,blind2,6000,23658.088833333335,8548.411943010227,23397.80757272497,110.35952363933066,-0.011001787272082524,0.011001787272082524,23191.379406247383,24124.798260419288,0.03013458101687283,fc6ed5692c5e33a9fffe770a3a11e12d0b94dbf5a1eec4c0ae7c81aee87c07d7
18,112,1.275,blind2,6000,15918.285333333333,4150.2069070284615,15874.664964470658,53.57894078078742,-0.0027402680596089915,0.0027402680596089915,15691.700477481692,16144.870189184974,0.01673628970366825,fc6ed5692c5e33a9fffe770a3a11e12d0b94dbf5a1eec4c0ae7c81aee87c07d7
18,112,1.675,blind2,6000,10348.3035,2041.981857748083,10294.325281986195,26.361872427720026,-0.005216141758289609,0.005216141758289609,10236.819379989995,10459.787620010005,0.015818900348155585,fc6ed5692c5e33a9fffe770a3a11e12d0b94dbf5a1eec4c0ae7c81aee87c07d7
18,112,1.875,blind2,6000,8884.765333333333,1590.6696064543714,8868.929167116097,20.535456317053622,-0.0017823955527359178,0.0017823955527359178,8797.921074345746,8971.60959232092,0.01144503939323327,fc6ed5692c5e33a9fffe770a3a11e12d0b94dbf5a1eec4c0ae7c81aee87c07d7
18,128,0.3,boundary_confirmation,8000,1649.14725,167.35235334081378,1638.712241986488,1.871056191323118,-0.0063275174569839415,0.0063275174569839415,1641.2345702936984,1657.0599297063015,0.011072434611985038,fc6ed5692c5e33a9fffe770a3a11e12d0b94dbf5a1eec4c0ae7c81aee87c07d7
18,128,0.975,boundary_confirmation,8000,30580.668875,11611.494634184102,30664.315841774813,129.82045661204853,0.002735288986539976,0.002735288986539976,30031.65933842881,31129.67841157119,0.02106631858787944,fc6ed5692c5e33a9fffe770a3a11e12d0b94dbf5a1eec4c0ae7c81aee87c07d7
18,128,1.025,boundary_confirmation,8000,33372.3995,12861.179944365325,32850.21578564872,143.79236313228915,-0.015647173178281116,0.015647173178281116,32764.30289715376,33980.496102846235,0.03326261964441546,fc6ed5692c5e33a9fffe770a3a11e12d0b94dbf5a1eec4c0ae7c81aee87c07d7
18,128,1.9,boundary_confirmation,8000,10449.2135,1765.9647499610553,10516.0806503745,19.74408613390669,0.0063992519986792165,0.0063992519986792165,10365.715938357687,10532.711061642312,0.01450596494356926,fc6ed5692c5e33a9fffe770a3a11e12d0b94dbf5a1eec4c0ae7c81aee87c07d7
19,10,0.3,boundary_confirmation,8000,128.8055,43.84182857718898,129.17915790361516,0.49016654478243715,0.0029009468044079497,0.0029009468044079497,126.73259011648376,130.87840988351624,0.01930496161155304,fc6ed5692c5e33a9fffe770a3a11e12d0b94dbf5a1eec4c0ae7c81aee87c07d7
19,10,0.975,boundary_confirmation,8000,219.976375,90.06712262352777,217.9083130418874,1.0069810436200863,-0.009401291198259786,0.009401291198259786,215.71786127634292,224.23488872365706,0.02821405588479331,fc6ed5692c5e33a9fffe770a3a11e12d0b94dbf5a1eec4c0ae7c81aee87c07d7
19,10,1.025,boundary_confirmation,8000,220.419625,90.17585735947117,218.66537890868324,1.008196734925511,-0.007958665619346548,0.007958665619346548,216.15597012881022,224.68327987118977,0.026783928763887466,fc6ed5692c5e33a9fffe770a3a11e12d0b94dbf5a1eec4c0ae7c81aee87c07d7
19,10,1.9,boundary_confirmation,8000,183.989,64.48282238936127,185.09324273851917,0.7209398712182861,0.006001678027051408,0.006001678027051408,180.94015180671374,187.03784819328627,0.022952843193377426,fc6ed5692c5e33a9fffe770a3a11e12d0b94dbf5a1eec4c0ae7c81aee87c07d7
19,14,0.325,blind2,6000,194.54583333333332,59.533172257759524,195.9614526255519,0.7685699490040001,0.007276533596034836,0.007276533596034836,191.29555797198424,197.7961086946824,0.024391024564464736,fc6ed5692c5e33a9fffe770a3a11e12d0b94dbf5a1eec4c0ae7c81aee87c07d7
19,14,0.525,blind2,6000,262.43083333333334,91.34314868181087,260.8691906003058,1.1792349787826717,-0.005950683131215733,0.005950683131215733,257.443859276196,267.41780739047067,0.024488334767485798,fc6ed5692c5e33a9fffe770a3a11e12d0b94dbf5a1eec4c0ae7c81aee87c07d7
19,14,0.725,blind2,6000,354.7588333333333,131.8471436304916,353.51053994498847,1.7021393050863707,-0.0035187098136946035,0.0035187098136946035,347.56050161079384,361.9571650558728,0.02333597985159508,fc6ed5692c5e33a9fffe770a3a11e12d0b94dbf5a1eec4c0ae7c81aee87c07d7
19,14,0.94,blind2,6000,433.32166666666666,175.21124020356447,429.11159254415503,2.2619673845891755,-0.009715817247029638,0.009715817247029638,423.7558270604825,442.8875062728508,0.031104769345669525,fc6ed5692c5e33a9fffe770a3a11e12d0b94dbf5a1eec4c0ae7c81aee87c07d7
19,14,1.0,blind2,6000,433.97816666666665,173.30890538598,432.3319770225369,2.2374083476977917,-0.0037932545242401446,0.0037932545242401446,424.51618700531895,443.44014632801435,0.02504998565750227,fc6ed5692c5e33a9fffe770a3a11e12d0b94dbf5a1eec4c0ae7c81aee87c07d7
19,14,1.06,blind2,6000,429.1105,169.30186593789117,425.4387792358702,2.1856776908643107,-0.008556585690934657,0.008556585690934657,419.86728881841157,438.35371118158844,0.029462353383312045,fc6ed5692c5e33a9fffe770a3a11e12d0b94dbf5a1eec4c0ae7c81aee87c07d7
19,14,1.275,blind2,6000,404.15416666666664,151.564111888801,401.5913296701456,1.956684270760146,-0.006341236112096698,0.006341236112096698,395.8793665870738,412.4289667462595,0.02627758462654628,fc6ed5692c5e33a9fffe770a3a11e12d0b94dbf5a1eec4c0ae7c81aee87c07d7
19,14,1.675,blind2,6000,361.9531666666667,123.8388858621589,361.4433145091301,1.598753141856742,-0.0014086136121751202,0.0014086136121751202,355.1920540931261,368.71427924020725,0.01971978070949698,fc6ed5692c5e33a9fffe770a3a11e12d0b94dbf5a1eec4c0ae7c81aee87c07d7
19,14,1.875,blind2,6000,344.4071666666667,112.55293158794397,343.55352044739396,1.4530520986897657,-0.0024785959814213657,0.0024785959814213657,338.26222248657183,350.55211084676154,0.019964479410671365,fc6ed5692c5e33a9fffe770a3a11e12d0b94dbf5a1eec4c0ae7c81aee87c07d7
19,28,0.325,blind2,6000,392.7795,88.53397798186232,392.95521734321756,1.1429687409908231,0.00044736892637617414,0.00044736892637617414,387.94589553439613,397.61310446560384,0.012912423785077287,fc6ed5692c5e33a9fffe770a3a11e12d0b94dbf5a1eec4c0ae7c81aee87c07d7
19,28,0.525,blind2,6000,558.5711666666666,151.6516193041752,560.0,1.9578139866348592,0.0025580148396489974,0.0025580148396489974,550.2915890288598,566.8507443044734,0.017642303034784534,fc6ed5692c5e33a9fffe770a3a11e12d0b94dbf5a1eec4c0ae7c81aee87c07d7
19,28,0.725,blind2,6000,936.0346666666667,311.25675884475714,923.2854231977882,4.018307478000809,-0.013620482149747825,0.013620482149747825,919.0412806944514,953.028052638882,0.031208556095214668,fc6ed5692c5e33a9fffe770a3a11e12d0b94dbf5a1eec4c0ae7c81aee87c07d7
19,28,0.94,blind2,6000,1673.4996666666666,658.7989470812281,1699.8785348557944,8.505057835148593,0.015762697008282152,0.015762697008282152,1637.5318540241656,1709.4674793091676,0.038073568265810875,fc6ed5692c5e33a9fffe770a3a11e12d0b94dbf5a1eec4c0ae7c81aee87c07d7
19,28,1.0,blind2,6000,1739.6258333333333,686.2735208283967,1737.8640351820802,8.859753057038365,-0.0010127454522086755,0.0010127454522086755,1702.1580178062666,1777.0936488604,0.022075152709862267,fc6ed5692c5e33a9fffe770a3a11e12d0b94dbf5a1eec4c0ae7c81aee87c07d7
19,28,1.06,blind2,6000,1722.7868333333333,673.3570412573164,1681.9242647272577,8.693002022803624,-0.02371887677305541,0.02371887677305541,1686.0242064215058,1759.5494602451608,0.044116518047232156,fc6ed5692c5e33a9fffe770a3a11e12d0b94dbf5a1eec4c0ae7c81aee87c07d7
19,28,1.275,blind2,6000,1512.198,533.2113985358791,1500.5073704471424,6.883729555124752,-0.007730885474559331,0.007730885474559331,1483.086769986119,1541.3092300138812,0.0264722086731235,fc6ed5692c5e33a9fffe770a3a11e12d0b94dbf5a1eec4c0ae7c81aee87c07d7
19,28,1.675,blind2,6000,1249.716,373.70231590686234,1238.152527468465,4.824476153154737,-0.009252880279627451,0.009252880279627451,1229.3133339936903,1270.1186660063095,0.025167836197823146,fc6ed5692c5e33a9fffe770a3a11e12d0b94dbf5a1eec4c0ae7c81aee87c07d7
19,28,1.875,blind2,6000,1139.2698333333333,324.4034765934389,1137.2343785131768,4.1880308743272545,-0.0017866310162896505,0.0017866310162896505,1121.558688653483,1156.9809780131836,0.017067350177110474,fc6ed5692c5e33a9fffe770a3a11e12d0b94dbf5a1eec4c0ae7c81aee87c07d7
19,56,0.325,blind2,6000,789.4625,125.09480156523868,774.7262981964401,1.614966943864303,-0.018666120054543288,0.018666120054543288,782.6328194044502,796.2921805955498,0.02708287601540993,fc6ed5692c5e33a9fffe770a3a11e12d0b94dbf5a1eec4c0ae7c81aee87c07d7
19,56,0.525,blind2,6000,1118.3451666666667,212.66458504162694,1116.4837365213853,2.74548798731444,-0.0016644504762600642,0.0016644504762600642,1106.7345228058025,1129.955810527531,0.01192265563009598,fc6ed5692c5e33a9fffe770a3a11e12d0b94dbf5a1eec4c0ae7c81aee87c07d7
19,56,0.725,blind2,6000,1933.849,489.2115331698185,1934.5454545454543,6.315693735797681,0.0003601390519396003,0.0003601390519396003,1907.1399883272277,1960.5580116727722,0.014369928996279091,fc6ed5692c5e33a9fffe770a3a11e12d0b94dbf5a1eec4c0ae7c81aee87c07d7
19,56,0.94,blind2,6000,6039.455333333333,2291.039138919477,5934.283507875239,29.57718810181505,-0.01741412423031326,0.01741412423031326,5914.373672425439,6164.536994241228,0.03735130255217656,fc6ed5692c5e33a9fffe770a3a11e12d0b94dbf5a1eec4c0ae7c81aee87c07d7
19,56,1.0,blind2,6000,6995.761,2815.066665865638,6968.528394912186,36.342354384537515,-0.003892729481155029,0.003892729481155029,6842.069512084612,7149.452487915389,0.02530600676191863,fc6ed5692c5e33a9fffe770a3a11e12d0b94dbf5a1eec4c0ae7c81aee87c07d7
19,56,1.06,blind2,6000,6581.2035,2481.3746498893047,6518.61757596511,32.03440898240846,-0.009509799238830711,0.009509799238830711,6445.73027421771,6716.676725782289,0.029487670451209924,fc6ed5692c5e33a9fffe770a3a11e12d0b94dbf5a1eec4c0ae7c81aee87c07d7
19,56,1.275,blind2,6000,5282.890166666667,1664.4103150123246,5256.018554884525,21.487444770995246,-0.005086536144872647,0.005086536144872647,5192.0199571196745,5373.76037621366,0.021910508300724718,fc6ed5692c5e33a9fffe770a3a11e12d0b94dbf5a1eec4c0ae7c81aee87c07d7
19,56,1.675,blind2,6000,3916.338166666667,987.5958434847308,3864.5518178703537,12.749807515333432,-0.013223155558190819,0.013223155558190819,3862.4193460274596,3970.256987305874,0.026624263813020743,fc6ed5692c5e33a9fffe770a3a11e12d0b94dbf5a1eec4c0ae7c81aee87c07d7
19,56,1.875,blind2,6000,3466.348,796.5711178672645,3430.6674950588836,10.283688911899137,-0.010293399549357537,0.010293399549357537,3422.8583726245865,3509.8376273754134,0.022556636722745438,fc6ed5692c5e33a9fffe770a3a11e12d0b94dbf5a1eec4c0ae7c81aee87c07d7
19,112,0.325,blind2,6000,1576.1348333333333,178.38876294513736,1564.1242912924,2.302989026790199,-0.00762025036622822,0.00762025036622822,1566.3955135733897,1585.8741530932768,0.013714746380381726,fc6ed5692c5e33a9fffe770a3a11e12d0b94dbf5a1eec4c0ae7c81aee87c07d7
19,112,0.525,blind2,6000,2238.346,306.1375736271702,2237.745813304124,3.9522190810212567,-0.00026813848076923363,0.00026813848076923363,2221.6321012607323,2255.0598987392677,0.007677882722682217,fc6ed5692c5e33a9fffe770a3a11e12d0b94dbf5a1eec4c0ae7c81aee87c07d7
19,112,0.725,blind2,6000,3877.6343333333334,699.0164175085923,3869.0909090909086,9.02426314578783,-0.002203256807632161,0.002203256807632161,3839.4708061292117,3915.797860537455,0.011927824956760147,fc6ed5692c5e33a9fffe770a3a11e12d0b94dbf5a1eec4c0ae7c81aee87c07d7
19,112,0.94,blind2,6000,16437.83916666667,5525.986315861916,16346.443357309961,71.3401765756776,-0.005560086604451229,0.005560086604451229,16136.142205318249,16739.53612801509,0.023482895087352684,fc6ed5692c5e33a9fffe770a3a11e12d0b94dbf5a1eec4c0ae7c81aee87c07d7
19,112,1.0,blind2,6000,28087.193166666668,11148.472777024812,27908.258088016475,143.92616467021284,-0.006370699898292058,0.006370699898292058,27478.53071832701,28695.855615006327,0.027446385901732206,fc6ed5692c5e33a9fffe770a3a11e12d0b94dbf5a1eec4c0ae7c81aee87c07d7
19,112,1.06,blind2,6000,24730.425,8973.846561818451,24399.890762297848,115.85186095114516,-0.013365489582251481,0.013365489582251481,24240.488528109676,25220.361471890323,0.03253207573995087,fc6ed5692c5e33a9fffe770a3a11e12d0b94dbf5a1eec4c0ae7c81aee87c07d7
19,112,1.275,blind2,6000,16879.91083333333,4501.503719518488,16883.02759588163,58.11416312861949,0.0001846433064175121,0.0001846433064175121,16634.14656320131,17125.675103465353,0.014962056017403746,fc6ed5692c5e33a9fffe770a3a11e12d0b94dbf5a1eec4c0ae7c81aee87c07d7
19,112,1.675,blind2,6000,11142.158333333333,2212.8304931457783,11101.676567098357,28.56751882644515,-0.0036332068728433995,0.0036332068728433995,11021.346554656846,11262.97011200982,0.014320693680921148,fc6ed5692c5e33a9fffe770a3a11e12d0b94dbf5a1eec4c0ae7c81aee87c07d7
19,112,1.875,blind2,6000,9589.110666666667,1728.426694104315,9598.754284233408,22.31389267135451,0.0010056842497671071,0.0010056842497671071,9494.745416425647,9683.475916907688,0.010954360885530257,fc6ed5692c5e33a9fffe770a3a11e12d0b94dbf5a1eec4c0ae7c81aee87c07d7
19,128,0.3,boundary_confirmation,8000,1735.65225,178.75594054666433,1728.4335845791882,1.9985521722212618,-0.00415905053608056,0.00415905053608056,1727.2003909438927,1744.1041090561075,0.008984856119283013,fc6ed5692c5e33a9fffe770a3a11e12d0b94dbf5a1eec4c0ae7c81aee87c07d7
19,128,0.975,boundary_confirmation,8000,31692.697625,11912.663103331306,31962.05726473795,133.187622460512,0.008499107362999298,0.008499107362999298,31129.448374517255,32255.946875482747,0.026746663808610016,fc6ed5692c5e33a9fffe770a3a11e12d0b94dbf5a1eec4c0ae7c81aee87c07d7
19,128,1.025,boundary_confirmation,8000,34657.432625,13054.885543869432,34106.64487633052,145.9580575728568,-0.015892341323406896,0.015892341323406896,34040.1773199569,35274.6879300431,0.03311278206143298,fc6ed5692c5e33a9fffe770a3a11e12d0b94dbf5a1eec4c0ae7c81aee87c07d7
19,128,1.9,boundary_confirmation,8000,11350.760375,1926.0162001538997,11408.986857247897,21.533515746549803,0.005129742882788799,0.005129742882788799,11259.695331714176,11441.825418285824,0.013258931182021039,fc6ed5692c5e33a9fffe770a3a11e12d0b94dbf5a1eec4c0ae7c81aee87c07d7
20,10,0.3,boundary_confirmation,8000,134.370875,44.92592925165005,135.46933303208428,0.5022871587951788,0.008174822349592251,0.008174822349592251,132.24670714947493,136.4950428505251,0.024368288270247174,fc6ed5692c5e33a9fffe770a3a11e12d0b94dbf5a1eec4c0ae7c81aee87c07d7
20,10,0.975,boundary_confirmation,8000,227.303875,91.08785819044759,224.8249422425362,1.018393214193509,-0.01090580949164993,0.01090580949164993,222.99709931022994,231.61065068977007,0.029297911935504906,fc6ed5692c5e33a9fffe770a3a11e12d0b94dbf5a1eec4c0ae7c81aee87c07d7
20,10,1.025,boundary_confirmation,8000,226.360875,89.91154072130416,225.66035418708796,1.0052415850728829,-0.0030947080095534707,0.0030947080095534707,222.10971743080276,230.61203256919723,0.02147189947958794,fc6ed5692c5e33a9fffe770a3a11e12d0b94dbf5a1eec4c0ae7c81aee87c07d7
20,10,1.9,boundary_confirmation,8000,192.402625,66.09290281175912,192.94329816286967,0.7389411175869018,0.002810113234524041,0.002810113234524041,189.27764969867195,195.52760030132805,0.01936651511699017,fc6ed5692c5e33a9fffe770a3a11e12d0b94dbf5a1eec4c0ae7c81aee87c07d7
20,14,0.325,blind2,6000,203.4445,63.46756343480811,206.05822531094742,0.8193627206912487,0.012847362848085919,0.012847362848085919,199.97942246669035,206.90957753330966,0.03039714171226593,fc6ed5692c5e33a9fffe770a3a11e12d0b94dbf5a1eec4c0ae7c81aee87c07d7
20,14,0.525,blind2,6000,274.28883333333334,92.45586923823886,273.40331355395523,1.193600139396099,-0.003228420816905711,0.003228420816905711,269.2411091419185,279.3365575247482,0.021240485038437118,fc6ed5692c5e33a9fffe770a3a11e12d0b94dbf5a1eec4c0ae7c81aee87c07d7
20,14,0.725,blind2,6000,374.7848333333333,135.689828253831,368.09249830979184,1.751748150256107,-0.0178564723764831,0.0178564723764831,367.3767062533652,382.1929604133014,0.03689356833852042,fc6ed5692c5e33a9fffe770a3a11e12d0b94dbf5a1eec4c0ae7c81aee87c07d7
20,14,0.94,blind2,6000,445.4393333333333,179.0986712454782,442.8930719902625,2.312153903538714,-0.005716292102038878,0.005716292102038878,435.66125539253176,455.21741127413486,0.027073523504685393,fc6ed5692c5e33a9fffe770a3a11e12d0b94dbf5a1eec4c0ae7c81aee87c07d7
20,14,1.0,blind2,6000,447.79133333333334,174.851318617159,446.1054438938943,2.2573208168888788,-0.0037648996618344223,0.0037648996618344223,438.24514401991786,457.3375226467488,0.02455971398946477,fc6ed5692c5e33a9fffe770a3a11e12d0b94dbf5a1eec4c0ae7c81aee87c07d7
20,14,1.06,blind2,6000,444.8895,173.2052885116716,439.40532873290346,2.2360706596025164,-0.012327041359925425,0.012327041359925425,435.4331774095056,454.3458225904944,0.032883528613526836,fc6ed5692c5e33a9fffe770a3a11e12d0b94dbf5a1eec4c0ae7c81aee87c07d7
20,14,1.275,blind2,6000,421.0826666666667,156.9204612898441,416.21262491034673,2.025834444182506,-0.011565524163869523,0.011565524163869523,412.51543112924855,429.6499022040848,0.031274945542418275,fc6ed5692c5e33a9fffe770a3a11e12d0b94dbf5a1eec4c0ae7c81aee87c07d7
20,14,1.675,blind2,6000,378.1256666666667,128.66748007154027,376.98171889357593,1.661090025051834,-0.003025311090821019,0.003025311090821019,371.10093197803445,385.1504013552989,0.02120907165870367,fc6ed5692c5e33a9fffe770a3a11e12d0b94dbf5a1eec4c0ae7c81aee87c07d7
20,14,1.875,blind2,6000,360.15933333333334,121.3540168781307,359.37709754344985,1.56667362121458,-0.0021719159202227716,0.0021719159202227716,353.53388476237603,366.78478190429064,0.020196269655412658,fc6ed5692c5e33a9fffe770a3a11e12d0b94dbf5a1eec4c0ae7c81aee87c07d7
20,28,0.325,blind2,6000,417.0315,94.00115891517632,413.99232654161995,1.213549743342249,-0.007287635246690114,0.007287635246690114,411.8994091139741,422.1635908860259,0.01935568230139484,fc6ed5692c5e33a9fffe770a3a11e12d0b94dbf5a1eec4c0ae7c81aee87c07d7
20,28,0.525,blind2,6000,589.0885,158.96253913807766,589.4736842105264,2.052197555842065,0.0006538647597541016,0.0006538647597541016,580.4097751018716,597.7672248981283,0.015616396376273878,fc6ed5692c5e33a9fffe770a3a11e12d0b94dbf5a1eec4c0ae7c81aee87c07d7
20,28,0.725,blind2,6000,985.196,327.2188196655624,968.875965437567,4.224376797101238,-0.016565266771721647,0.016565266771721647,967.3311487415475,1003.0608512584525,0.03408057026450273,fc6ed5692c5e33a9fffe770a3a11e12d0b94dbf5a1eec4c0ae7c81aee87c07d7
20,28,0.94,blind2,6000,1747.6381666666666,682.3323668270292,1758.2804580448967,8.808872977664581,0.006089527901835945,0.006089527901835945,1710.385522534977,1784.8908107983561,0.0280024210208083,fc6ed5692c5e33a9fffe770a3a11e12d0b94dbf5a1eec4c0ae7c81aee87c07d7
20,28,1.0,blind2,6000,1796.855,700.4689725024036,1793.557360116381,9.043015550122767,-0.0018352287099510048,0.0018352287099510048,1758.6121690475923,1835.0978309524078,0.02263665191869768,fc6ed5692c5e33a9fffe770a3a11e12d0b94dbf5a1eec4c0ae7c81aee87c07d7
20,28,1.06,blind2,6000,1774.4968333333334,683.652810899617,1739.207974191673,8.825919837340349,-0.019886684765377374,0.019886684765377374,1737.172098186292,1811.8215684803747,0.04007767406677065,fc6ed5692c5e33a9fffe770a3a11e12d0b94dbf5a1eec4c0ae7c81aee87c07d7
20,28,1.275,blind2,6000,1569.7301666666667,559.2492604487951,1562.2287473424326,7.219876906989993,-0.004778795415624482,0.004778795415624482,1539.1973725427572,1600.2629607905762,0.023767477208466836,fc6ed5692c5e33a9fffe770a3a11e12d0b94dbf5a1eec4c0ae7c81aee87c07d7
20,28,1.675,blind2,6000,1299.3358333333333,394.8734774918543,1302.7241503750306,5.0977946739498705,0.002607730006956599,0.002607730006956599,1277.7773057752001,1320.8943608914665,0.019523624724807398,fc6ed5692c5e33a9fffe770a3a11e12d0b94dbf5a1eec4c0ae7c81aee87c07d7
20,28,1.875,blind2,6000,1210.8648333333333,341.24317045210194,1201.3682711198353,4.405430387226699,-0.0078427929790936,0.0078427929790936,1192.23430808017,1229.4953585864966,0.022876936679938287,fc6ed5692c5e33a9fffe770a3a11e12d0b94dbf5a1eec4c0ae7c81aee87c07d7
20,56,0.325,blind2,6000,829.0461666666666,129.98505191338623,815.4442706521666,1.6780998043881714,-0.01640668102861994,0.01640668102861994,821.9494977751027,836.1428355582306,0.024754819422981855,fc6ed5692c5e33a9fffe770a3a11e12d0b94dbf5a1eec4c0ae7c81aee87c07d7
20,56,0.525,blind2,6000,1176.7498333333333,222.48630656606065,1175.5830791706144,2.872285866965169,-0.0009915056961715455,0.0009915056961715455,1164.6029623865231,1188.8967042801435,0.011198302646141411,fc6ed5692c5e33a9fffe770a3a11e12d0b94dbf5a1eec4c0ae7c81aee87c07d7
20,56,0.725,blind2,6000,2041.9855,511.9479476209102,2036.3636363636363,6.609219584202841,-0.002753135924013046,0.002753135924013046,2014.03517016975,2069.93582983025,0.01621895373895088,fc6ed5692c5e33a9fffe770a3a11e12d0b94dbf5a1eec4c0ae7c81aee87c07d7
20,56,0.94,blind2,6000,6219.701166666667,2307.7267036245307,6173.856393131153,29.79262363578649,-0.007370896495994128,0.007370896495994128,6093.708430834578,6345.693902498755,0.027079388323464126,fc6ed5692c5e33a9fffe770a3a11e12d0b94dbf5a1eec4c0ae7c81aee87c07d7
20,56,1.0,blind2,6000,7194.9825,2772.3918573971905,7192.500609547133,35.79142497620122,-0.000344947392556889,0.000344947392556889,7043.620887568397,7346.344112431603,0.02113681646914012,fc6ed5692c5e33a9fffe770a3a11e12d0b94dbf5a1eec4c0ae7c81aee87c07d7
20,56,1.06,blind2,6000,6841.083833333333,2561.340721546813,6755.206812175311,33.066766528378984,-0.01255313094389876,0.01255313094389876,6701.244776828519,6980.922889838147,0.032333271864584234,fc6ed5692c5e33a9fffe770a3a11e12d0b94dbf5a1eec4c0ae7c81aee87c07d7
20,56,1.275,blind2,6000,5488.1106666666665,1712.3702053117959,5513.3173092629595,22.106604292381203,0.004592954502428587,0.004592954502428587,5394.622037105057,5581.599296228276,0.02200251868277303,fc6ed5692c5e33a9fffe770a3a11e12d0b94dbf5a1eec4c0ae7c81aee87c07d7
20,56,1.675,blind2,6000,4163.53,1057.6379311618125,4108.389536764715,13.65404697902322,-0.013243681019539934,0.013243681019539934,4105.787158849193,4221.272841150807,0.026741532384653377,fc6ed5692c5e33a9fffe770a3a11e12d0b94dbf5a1eec4c0ae7c81aee87c07d7
20,56,1.875,blind2,6000,3711.351,855.5496258698582,3661.0869091139434,11.045098176159824,-0.013543340655749534,0.013543340655749534,3664.641379734237,3758.060620265763,0.02580419023282332,fc6ed5692c5e33a9fffe770a3a11e12d0b94dbf5a1eec4c0ae7c81aee87c07d7
20,112,0.325,blind2,6000,1657.996,183.59320628743086,1645.3105966620942,2.3701781014268084,-0.007651045803431299,0.007651045803431299,1647.972538251255,1668.0194617487452,0.013614268662574869,fc6ed5692c5e33a9fffe770a3a11e12d0b94dbf5a1eec4c0ae7c81aee87c07d7
20,112,0.525,blind2,6000,2351.9268333333334,320.0139387070507,2354.341503876981,4.131362183888829,0.0010266775774759671,0.0010266775774759671,2334.455340032685,2369.398326633982,0.008518545419685442,fc6ed5692c5e33a9fffe770a3a11e12d0b94dbf5a1eec4c0ae7c81aee87c07d7
20,112,0.725,blind2,6000,4071.8703333333333,722.4059582958319,4072.7272727272725,9.326220818935889,0.00021045350755010826,0.00021045350755010826,4032.4298298611757,4111.310836805491,0.009993340136431828,fc6ed5692c5e33a9fffe770a3a11e12d0b94dbf5a1eec4c0ae7c81aee87c07d7
20,112,0.94,blind2,6000,17351.0915,5911.827159194337,17126.201787596256,76.32136044405456,-0.01296112768489193,0.01296112768489193,17028.329157135275,17673.853842864723,0.03098656694445645,fc6ed5692c5e33a9fffe770a3a11e12d0b94dbf5a1eec4c0ae7c81aee87c07d7
20,112,1.0,blind2,6000,28685.999833333335,11168.998627490744,28806.54477635174,144.19115226028384,0.004202222119458122,0.004202222119458122,28076.216754872516,29295.782911794155,0.02601233734073083,fc6ed5692c5e33a9fffe770a3a11e12d0b94dbf5a1eec4c0ae7c81aee87c07d7
20,112,1.06,blind2,6000,25773.7515,9035.389488687422,25387.519812906725,116.64637672061312,-0.014985466399537285,0.014985466399537285,25280.455028108307,26267.04797189169,0.03348408850229945,fc6ed5692c5e33a9fffe770a3a11e12d0b94dbf5a1eec4c0ae7c81aee87c07d7
20,112,1.275,blind2,6000,17830.3765,4732.853767641542,17884.252789052225,61.10087940703573,0.003021601313479087,0.003021601313479087,17571.981433746354,18088.771566253643,0.017770981404872543,fc6ed5692c5e33a9fffe770a3a11e12d0b94dbf5a1eec4c0ae7c81aee87c07d7
20,112,1.675,blind2,6000,12011.322333333334,2396.256793390725,11915.97712392528,30.93554218012888,-0.007937944446254256,0.007937944446254256,11880.496205316813,12142.148461349854,0.018626961953603915,fc6ed5692c5e33a9fffe770a3a11e12d0b94dbf5a1eec4c0ae7c81aee87c07d7
20,112,1.875,blind2,6000,10336.0115,1878.5870775494382,10337.923447584144,24.25245488583145,0.00018497924311940736,0.00018497924311940736,10233.448087691464,10438.574912308537,0.010209204072510136,fc6ed5692c5e33a9fffe770a3a11e12d0b94dbf5a1eec4c0ae7c81aee87c07d7
20,128,0.3,boundary_confirmation,8000,1828.0655,186.0973112000936,1818.0827555372418,2.0806311913667113,-0.005460824277225346,0.005460824277225346,1819.2665295144673,1836.8644704855326,0.010224877910195662,fc6ed5692c5e33a9fffe770a3a11e12d0b94dbf5a1eec4c0ae7c81aee87c07d7
20,128,0.975,boundary_confirmation,8000,33230.8945,12199.949554332625,33245.20008989733,136.39958262778006,0.0004304906657666185,0.0004304906657666185,32654.061899027383,33807.727100972625,0.018103052315447288,fc6ed5692c5e33a9fffe770a3a11e12d0b94dbf5a1eec4c0ae7c81aee87c07d7
20,128,1.025,boundary_confirmation,8000,35905.341375,13555.93824276997,35347.67260087679,151.55999704811347,-0.015531638267934899,0.015531638267934899,35264.395518594865,36546.28723140514,0.032797165494238056,fc6ed5692c5e33a9fffe770a3a11e12d0b94dbf5a1eec4c0ae7c81aee87c07d7
20,128,1.9,boundary_confirmation,8000,12231.830375,2106.478966618694,12315.42633324073,23.55115081266455,0.006834296722393062,0.006834296722393062,12132.232771272429,12331.42797872757,0.015099740123852623,fc6ed5692c5e33a9fffe770a3a11e12d0b94dbf5a1eec4c0ae7c81aee87c07d7
21,10,0.3,boundary_confirmation,8000,139.486375,46.13762726279447,141.72201856719812,0.5158343544007798,0.01602768418921282,0.01602768418921282,137.30491618181568,141.66783381818433,0.03217002353749243,fc6ed5692c5e33a9fffe770a3a11e12d0b94dbf5a1eec4c0ae7c81aee87c07d7
21,10,0.975,boundary_confirmation,8000,233.451,92.79029908320425,231.6856297846706,1.0374270820129055,-0.007562058913131226,0.007562058913131226,229.06373025541458,237.8382697445854,0.025869007399533017,fc6ed5692c5e33a9fffe770a3a11e12d0b94dbf5a1eec4c0ae7c81aee87c07d7
21,10,1.025,boundary_confirmation,8000,233.656625,92.53141345737093,232.59686089491586,1.0345326527241012,-0.004535561981536486,0.004535561981536486,229.281595770692,238.03165422930797,0.022832229402382387,fc6ed5692c5e33a9fffe770a3a11e12d0b94dbf5a1eec4c0ae7c81aee87c07d7
21,10,1.9,boundary_confirmation,8000,201.232,70.5329836936138,200.6700864505173,0.7885827309740232,-0.0027923667681219217,0.0027923667681219217,197.89709076474847,204.56690923525153,0.019049135558150798,fc6ed5692c5e33a9fffe770a3a11e12d0b94dbf5a1eec4c0ae7c81aee87c07d7
21,14,0.325,blind2,6000,215.23366666666666,66.04664583807391,216.12757814037124,0.8526585313457322,0.004153213981570001,0.004153213981570001,211.62778145131497,218.83955188201836,0.02126278817552807,fc6ed5692c5e33a9fffe770a3a11e12d0b94dbf5a1eec4c0ae7c81aee87c07d7
21,14,0.525,blind2,6000,287.4078333333333,97.32306065365351,285.858382117744,1.256435310378448,-0.005391123817395359,0.005391123817395359,282.09437977228237,292.72128689438426,0.023445185177518257,fc6ed5692c5e33a9fffe770a3a11e12d0b94dbf5a1eec4c0ae7c81aee87c07d7
21,14,0.725,blind2,6000,384.4513333333333,143.43409469674845,382.51676005918637,1.851726200129481,-0.005032036844230675,0.005032036844230675,376.62039998491787,392.28226668174875,0.024894081257272216,fc6ed5692c5e33a9fffe770a3a11e12d0b94dbf5a1eec4c0ae7c81aee87c07d7
21,14,0.94,blind2,6000,457.44866666666667,177.44555179603006,456.55432239644654,2.290812223215367,-0.0019550702305835355,0.0019550702305835355,447.7608424988817,467.13649083445165,0.02265326868192652,fc6ed5692c5e33a9fffe770a3a11e12d0b94dbf5a1eec4c0ae7c81aee87c07d7
21,14,1.0,blind2,6000,462.71133333333336,182.8134708723921,459.7685512778411,2.360111760503831,-0.006359865954206741,0.006359865954206741,452.73044204928465,472.69222461738207,0.027340566792698917,fc6ed5692c5e33a9fffe770a3a11e12d0b94dbf5a1eec4c0ae7c81aee87c07d7
21,14,1.06,blind2,6000,456.59816666666666,176.68836830199402,453.2466545511136,2.2810370263406177,-0.007340178652096525,0.007340178652096525,446.95168171803215,466.24465161530117,0.027878061483721295,fc6ed5692c5e33a9fffe770a3a11e12d0b94dbf5a1eec4c0ae7c81aee87c07d7
21,14,1.275,blind2,6000,436.528,160.1666406427874,430.65581259028073,2.067742439425012,-0.013452029216268573,0.013452029216268573,427.78353592982864,445.2724640701714,0.032826308966608764,fc6ed5692c5e33a9fffe770a3a11e12d0b94dbf5a1eec4c0ae7c81aee87c07d7
21,14,1.675,blind2,6000,394.38466666666665,133.9108050737809,392.2795665644453,1.728781059759937,-0.005337682420601231,0.005337682420601231,387.0736672046315,401.6956661287018,0.0234408791486429,fc6ed5692c5e33a9fffe770a3a11e12d0b94dbf5a1eec4c0ae7c81aee87c07d7
21,14,1.875,blind2,6000,376.5203333333333,125.82011247546811,374.95156869776673,1.6243306674514402,-0.00416648052358375,0.00416648052358375,369.6510536354439,383.3896130312228,0.022009058270362813,fc6ed5692c5e33a9fffe770a3a11e12d0b94dbf5a1eec4c0ae7c81aee87c07d7
21,28,0.325,blind2,6000,435.8275,98.84538167594432,435.048353940127,1.2760883902681606,-0.001787739552627981,0.001787739552627981,430.4309337418901,441.2240662581099,0.013996771233167893,fc6ed5692c5e33a9fffe770a3a11e12d0b94dbf5a1eec4c0ae7c81aee87c07d7
21,28,0.525,blind2,6000,614.2511666666667,165.25267064760232,618.9473684210527,2.13340280444821,0.0076454095803687875,0.0076454095803687875,605.229025506819,623.2733078265144,0.022666366509349167,fc6ed5692c5e33a9fffe770a3a11e12d0b94dbf5a1eec4c0ae7c81aee87c07d7
21,28,0.725,blind2,6000,1030.4071666666666,341.78284963022327,1014.2565436938706,4.412397615457229,-0.01567402042150262,0.01567402042150262,1011.7471770683466,1049.0671562649868,0.03318244438711915,fc6ed5692c5e33a9fffe770a3a11e12d0b94dbf5a1eec4c0ae7c81aee87c07d7
21,28,0.94,blind2,6000,1790.8213333333333,678.9389916901924,1816.0613292457967,8.765064693023238,0.014094089367074453,0.014094089367074453,1753.7539540410735,1827.8887126255931,0.035528002694535266,fc6ed5692c5e33a9fffe770a3a11e12d0b94dbf5a1eec4c0ae7c81aee87c07d7
21,28,1.0,blind2,6000,1859.7876666666666,725.8914209258281,1848.8092471010398,9.3712179480019,-0.005903049989197783,0.005903049989197783,1820.1568707427627,1899.4184625905705,0.026644584374791225,fc6ed5692c5e33a9fffe770a3a11e12d0b94dbf5a1eec4c0ae7c81aee87c07d7
21,28,1.06,blind2,6000,1821.9473333333333,694.0723571542931,1795.9252861565278,8.960435601071678,-0.014282546317734105,0.014282546317734105,1784.0537322383902,1859.8409344282763,0.034366190725550694,fc6ed5692c5e33a9fffe770a3a11e12d0b94dbf5a1eec4c0ae7c81aee87c07d7
21,28,1.275,blind2,6000,1627.838,569.5949319359164,1623.0610708463112,7.353438951573171,-0.0029345236772263567,0.0029345236772263567,1596.7403731978384,1658.9356268021616,0.02162504401994414,fc6ed5692c5e33a9fffe770a3a11e12d0b94dbf5a1eec4c0ae7c81aee87c07d7
21,28,1.675,blind2,6000,1369.3646666666666,406.7871978347843,1366.4349146455481,5.251600142215005,-0.002139497310274649,0.002139497310274649,1347.1556971746654,1391.5736361586678,0.0180649595967578,fc6ed5692c5e33a9fffe770a3a11e12d0b94dbf5a1eec4c0ae7c81aee87c07d7
21,28,1.875,blind2,6000,1267.8003333333334,363.22262628576686,1264.8251880560076,4.689183941901652,-0.0023466986078978292,0.0023466986078978292,1247.9698168644709,1287.6308498021958,0.017711335317642907,fc6ed5692c5e33a9fffe770a3a11e12d0b94dbf5a1eec4c0ae7c81aee87c07d7
21,56,0.325,blind2,6000,871.0835,138.42322068841736,856.1766932277998,1.7870360948487813,-0.01711294815273184,0.01711294815273184,863.5261405215874,878.6408594784125,0.025566949235604763,fc6ed5692c5e33a9fffe770a3a11e12d0b94dbf5a1eec4c0ae7c81aee87c07d7
21,56,0.525,blind2,6000,1241.9376666666667,238.78697476574217,1234.7212716829195,3.0827265885299004,-0.005810593540588792,0.005810593540588792,1228.9008438121443,1254.974489521189,0.01613835022733956,fc6ed5692c5e33a9fffe770a3a11e12d0b94dbf5a1eec4c0ae7c81aee87c07d7
21,56,0.725,blind2,6000,2129.6048333333333,545.3390322725783,2138.181818181818,7.040296633428549,0.004027500649056894,0.004027500649056894,2099.831482561714,2159.3781841049527,0.01826353016353388,fc6ed5692c5e33a9fffe770a3a11e12d0b94dbf5a1eec4c0ae7c81aee87c07d7
21,56,0.94,blind2,6000,6481.764166666667,2352.8442542796556,6410.877328294705,30.37508871014972,-0.010936349510601889,0.010936349510601889,6353.308191304458,6610.220142028876,0.030156758693513974,fc6ed5692c5e33a9fffe770a3a11e12d0b94dbf5a1eec4c0ae7c81aee87c07d7
21,56,1.0,blind2,6000,7452.228666666667,2882.576912299267,7414.707072383509,37.21390791832353,-0.005034949403926628,0.005034949403926628,7294.851386741544,7609.60594659179,0.025612216398087306,fc6ed5692c5e33a9fffe770a3a11e12d0b94dbf5a1eec4c0ae7c81aee87c07d7
21,56,1.06,blind2,6000,7087.844666666667,2690.039037301985,6989.049914290722,34.72825464039473,-0.013938617029880106,0.013938617029880106,6940.9791919670515,7234.710141366282,0.03395578015917122,fc6ed5692c5e33a9fffe770a3a11e12d0b94dbf5a1eec4c0ae7c81aee87c07d7
21,56,1.275,blind2,6000,5802.310666666666,1826.5059784100763,5767.024661805409,23.580090787101696,-0.006081371179238954,0.006081371179238954,5702.590676049011,5902.030657284322,0.022874499188222264,fc6ed5692c5e33a9fffe770a3a11e12d0b94dbf5a1eec4c0ae7c81aee87c07d7
21,56,1.675,blind2,6000,4375.083333333333,1122.9869674267777,4351.3241052781195,14.49769940950627,-0.005430577258767681,0.005430577258767681,4313.772693686247,4436.393972980419,0.019175453807847576,fc6ed5692c5e33a9fffe770a3a11e12d0b94dbf5a1eec4c0ae7c81aee87c07d7
21,56,1.875,blind2,6000,3931.508,930.0723337606621,3891.785960647031,12.007182198077702,-0.010103512278995426,0.010103512278995426,3880.72973510919,3982.2862648908094,0.02272571538657575,fc6ed5692c5e33a9fffe770a3a11e12d0b94dbf5a1eec4c0ae7c81aee87c07d7
21,112,0.325,blind2,6000,1743.3421666666666,196.82024571545685,1726.4452887577545,2.5409384461747204,-0.009692232673531621,0.009692232673531621,1732.5965609647926,1754.0877723685405,0.015758894193453332,fc6ed5692c5e33a9fffe770a3a11e12d0b94dbf5a1eec4c0ae7c81aee87c07d7
21,112,0.525,blind2,6000,2478.9481666666666,338.2694939271436,2470.900472245824,4.367040388366127,-0.0032464149630300667,0.0032464149630300667,2460.4799923713836,2497.4163409619496,0.010617320100465233,fc6ed5692c5e33a9fffe770a3a11e12d0b94dbf5a1eec4c0ae7c81aee87c07d7
21,112,0.725,blind2,6000,4271.098,763.1332863911343,4276.363636363636,9.85200836376466,0.0012328530892140796,0.0012328530892140796,4229.4339457573815,4312.762054242618,0.011095974356883032,fc6ed5692c5e33a9fffe770a3a11e12d0b94dbf5a1eec4c0ae7c81aee87c07d7
21,112,0.94,blind2,6000,18293.665333333334,6358.920948919242,17901.602661906843,82.09331645004562,-0.02143160838916758,0.02143160838916758,17946.49344073618,18640.83722593049,0.039656725449827235,fc6ed5692c5e33a9fffe770a3a11e12d0b94dbf5a1eec4c0ae7c81aee87c07d7
21,112,1.0,blind2,6000,29567.110166666665,11301.476759750847,29697.768457492733,145.90143759355064,0.004419041634084665,0.004419041634084665,28950.094307003827,30184.126026329504,0.025826311395055646,fc6ed5692c5e33a9fffe770a3a11e12d0b94dbf5a1eec4c0ae7c81aee87c07d7
21,112,1.06,blind2,6000,26656.939333333332,9407.396758665423,26361.773953046984,121.44896992492274,-0.011072740819770563,0.011072740819770563,26143.33273822803,27170.545928438634,0.029766497056105568,fc6ed5692c5e33a9fffe770a3a11e12d0b94dbf5a1eec4c0ae7c81aee87c07d7
21,112,1.275,blind2,6000,18860.168,5027.3965789299245,18878.233291947858,64.90341074991913,0.000957854243284374,0.000957854243284374,18585.6920630975,19134.643936902503,0.01574013105657812,fc6ed5692c5e33a9fffe770a3a11e12d0b94dbf5a1eec4c0ae7c81aee87c07d7
21,112,1.675,blind2,6000,12822.125,2570.8410352087217,12736.307940391906,33.18941505036671,-0.006692889018637277,0.006692889018637277,12681.767264005259,12962.482735994741,0.017448416341939277,fc6ed5692c5e33a9fffe770a3a11e12d0b94dbf5a1eec4c0ae7c81aee87c07d7
21,112,1.875,blind2,6000,11054.068666666666,2011.2469160476314,11085.538554625531,25.96508603654501,0.0028469054162619644,0.0028469054162619644,10944.262552715349,11163.874780617984,0.012908681716077064,fc6ed5692c5e33a9fffe770a3a11e12d0b94dbf5a1eec4c0ae7c81aee87c07d7
21,128,0.3,boundary_confirmation,8000,1917.947875,199.65827702961047,1907.6642530252122,2.232247398543469,-0.005361783867451466,0.005361783867451466,1908.5077209459366,1927.3880290540635,0.01023342250316428,fc6ed5692c5e33a9fffe770a3a11e12d0b94dbf5a1eec4c0ae7c81aee87c07d7
21,128,0.975,boundary_confirmation,8000,34306.294875,12660.428181489007,34514.66308632214,141.54789019031733,0.006073760284558969,0.006073760284558969,33707.69012792038,34904.89962207962,0.023940322084939902,fc6ed5692c5e33a9fffe770a3a11e12d0b94dbf5a1eec4c0ae7c81aee87c07d7
21,128,1.025,boundary_confirmation,8000,37142.7245,13804.209749826388,36574.27749161123,154.33575688138583,-0.015304397187900541,0.015304397187900541,36490.0399803713,37795.40901962869,0.03230899095134221,fc6ed5692c5e33a9fffe770a3a11e12d0b94dbf5a1eec4c0ae7c81aee87c07d7
21,128,1.9,boundary_confirmation,8000,13137.650125,2298.452637814954,13234.214340047103,25.697481706089704,0.007350189274971506,0.007350189274971506,13028.975707341255,13246.324542658745,0.015752476427614015,fc6ed5692c5e33a9fffe770a3a11e12d0b94dbf5a1eec4c0ae7c81aee87c07d7
22,10,0.3,boundary_confirmation,8000,147.419125,48.03313551078828,147.9388265665451,0.5370267808729083,0.0035253334093868797,0.0035253334093868797,145.14804360198565,149.69020639801437,0.019227148332857436,fc6ed5692c5e33a9fffe770a3a11e12d0b94dbf5a1eec4c0ae7c81aee87c07d7
22,10,0.975,boundary_confirmation,8000,238.7765,93.94446494105777,238.49119686233217,1.0503310485902548,-0.0011948543414775933,0.0011948543414775933,234.33465949749672,243.21834050250328,0.019435802540238356,fc6ed5692c5e33a9fffe770a3a11e12d0b94dbf5a1eec4c0ae7c81aee87c07d7
22,10,1.025,boundary_confirmation,8000,239.5895,92.21612232360484,239.47596508019956,1.0310075906850813,-0.0004738726855744062,0.0004738726855744062,235.22937822616498,243.949621773835,0.018338444885079408,fc6ed5692c5e33a9fffe770a3a11e12d0b94dbf5a1eec4c0ae7c81aee87c07d7
22,10,1.9,boundary_confirmation,8000,209.120625,73.455777808972,208.28324439819903,0.8212605626049098,-0.004004294659127759,0.004004294659127759,205.6475215104066,212.5937284895934,0.020275687914309115,fc6ed5692c5e33a9fffe770a3a11e12d0b94dbf5a1eec4c0ae7c81aee87c07d7
22,14,0.325,blind2,6000,223.26633333333334,67.9576272864689,226.17021770814347,0.8773291957608826,0.01300636926067432,0.01300636926067432,219.55611610135702,226.97655056530965,0.030124879799445337,fc6ed5692c5e33a9fffe770a3a11e12d0b94dbf5a1eec4c0ae7c81aee87c07d7
22,14,0.525,blind2,6000,298.56016666666665,102.13876721369581,298.23795763229697,1.318605814736,-0.0010792097216686454,0.0010792097216686454,292.98379460512285,304.13653872821044,0.019394516425350283,fc6ed5692c5e33a9fffe770a3a11e12d0b94dbf5a1eec4c0ae7c81aee87c07d7
22,14,0.725,blind2,6000,399.6345,144.0270467937117,396.79255708163754,1.859381178784939,-0.0071113552968086165,0.0071113552968086165,391.7711938161026,407.4978061838974,0.02627069137503224,fc6ed5692c5e33a9fffe770a3a11e12d0b94dbf5a1eec4c0ae7c81aee87c07d7
22,14,0.94,blind2,6000,472.0085,182.7944120059293,470.098472991015,2.359865711595804,-0.004046594518922912,0.004046594518922912,462.0286492545574,481.98835074544263,0.024668392370974845,fc6ed5692c5e33a9fffe770a3a11e12d0b94dbf5a1eec4c0ae7c81aee87c07d7
22,14,1.0,blind2,6000,480.38916666666665,182.7845664954522,473.3228643959201,2.3597386066020953,-0.014709537102550347,0.014709537102550347,470.4098534470926,490.3684798862407,0.03476083025213006,fc6ed5692c5e33a9fffe770a3a11e12d0b94dbf5a1eec4c0ae7c81aee87c07d7
22,14,1.06,blind2,6000,469.59183333333334,180.210458080284,466.96624192042395,2.3265070098578327,-0.005591220346129074,0.005591220346129074,459.7530562357559,479.4306104309108,0.02599827428474777,fc6ed5692c5e33a9fffe770a3a11e12d0b94dbf5a1eec4c0ae7c81aee87c07d7
22,14,1.275,blind2,6000,451.8995,167.17339967035093,444.93184921843454,2.158199309507152,-0.015418584843677528,0.015418584843677528,442.7724946445835,461.0265053554165,0.03491047900721933,fc6ed5692c5e33a9fffe770a3a11e12d0b94dbf5a1eec4c0ae7c81aee87c07d7
22,14,1.675,blind2,6000,405.22833333333335,139.09355137182945,407.3553289398247,1.7956900267598042,0.005248881757588523,0.005248881757588523,397.6343764551582,412.8222902115085,0.024446961983838333,fc6ed5692c5e33a9fffe770a3a11e12d0b94dbf5a1eec4c0ae7c81aee87c07d7
22,14,1.875,blind2,6000,388.174,126.60749306505006,390.29506877010414,1.6344957071533663,0.005464221637987499,0.005464221637987499,381.2617324411707,395.08626755882926,0.023693267800820594,fc6ed5692c5e33a9fffe770a3a11e12d0b94dbf5a1eec4c0ae7c81aee87c07d7
22,28,0.325,blind2,6000,456.80733333333336,104.3261594111394,456.1222663953521,1.346844926577077,-0.0014996846328677058,0.0014996846328677058,451.11153832328324,462.5031283433835,0.013796364947598727,fc6ed5692c5e33a9fffe770a3a11e12d0b94dbf5a1eec4c0ae7c81aee87c07d7
22,28,0.525,blind2,6000,652.5321666666666,179.23166562756936,648.421052631579,2.3138708536286416,-0.00630024732127535,0.00630024732127535,642.7468277594675,662.3175055738658,0.020981557674889184,fc6ed5692c5e33a9fffe770a3a11e12d0b94dbf5a1eec4c0ae7c81aee87c07d7
22,28,0.725,blind2,6000,1071.8221666666666,357.8210602994713,1059.4354514346671,4.619450024873774,-0.011556688802697333,0.011556688802697333,1052.2865543020562,1091.357779031277,0.029250103137529404,fc6ed5692c5e33a9fffe770a3a11e12d0b94dbf5a1eec4c0ae7c81aee87c07d7
22,28,0.94,blind2,6000,1841.4685,687.3349626634503,1873.251992655522,8.873456212205465,0.01725986225424001,0.01725986225424001,1803.9427339536994,1878.9942660463005,0.038420986097445375,fc6ed5692c5e33a9fffe770a3a11e12d0b94dbf5a1eec4c0ae7c81aee87c07d7
22,28,1.0,blind2,6000,1906.6408333333334,731.321834605167,1903.6259570222267,9.441324287145557,-0.0015812502587788828,0.0015812502587788828,1866.7135583354188,1946.568108331248,0.022060441206876003,fc6ed5692c5e33a9fffe770a3a11e12d0b94dbf5a1eec4c0ae7c81aee87c07d7
22,28,1.06,blind2,6000,1885.1108333333334,712.6424859409522,1852.099080629029,9.200174932830537,-0.017511836503497042,0.017511836503497042,1846.2033767732216,1924.0182898934452,0.03737969105709449,fc6ed5692c5e33a9fffe770a3a11e12d0b94dbf5a1eec4c0ae7c81aee87c07d7
22,28,1.275,blind2,6000,1692.3793333333333,583.6472962905766,1683.0696948570971,7.534854195307964,-0.005500917136526224,0.005500917136526224,1660.5145031066186,1724.244163560048,0.023879720501960633,fc6ed5692c5e33a9fffe770a3a11e12d0b94dbf5a1eec4c0ae7c81aee87c07d7
22,28,1.675,blind2,6000,1438.6763333333333,435.159400132652,1429.326701326087,5.61788369886457,-0.006498773762117674,0.006498773762117674,1414.9183539939029,1462.4343126727638,0.02263869977597066,fc6ed5692c5e33a9fffe770a3a11e12d0b94dbf5a1eec4c0ae7c81aee87c07d7
22,28,1.875,blind2,6000,1327.513,381.273492491955,1327.6164218293193,4.922219622572268,7.790645313406268e-05,7.790645313406268e-05,1306.6969777457753,1348.3290222542246,0.016009407261071917,fc6ed5692c5e33a9fffe770a3a11e12d0b94dbf5a1eec4c0ae7c81aee87c07d7
22,56,0.325,blind2,6000,914.8426666666667,144.86695500353954,896.9238625534558,1.8702243471482929,-0.01958676039728236,0.01958676039728236,906.9335048218551,922.7518285114783,0.02799015418878814,fc6ed5692c5e33a9fffe770a3a11e12d0b94dbf5a1eec4c0ae7c81aee87c07d7
22,56,0.525,blind2,6000,1291.1718333333333,248.60619155547764,1293.8974644050938,3.2094921321947196,0.002110974698637853,0.002110974698637853,1277.5989201414568,1304.7447465252098,0.01275716815871486,fc6ed5692c5e33a9fffe770a3a11e12d0b94dbf5a1eec4c0ae7c81aee87c07d7
22,56,0.725,blind2,6000,2240.992,568.8274554276907,2240.0,7.3435308724566255,-0.00044266110722402806,0.00044266110722402806,2209.9362743747874,2272.047725625213,0.014105216745125437,fc6ed5692c5e33a9fffe770a3a11e12d0b94dbf5a1eec4c0ae7c81aee87c07d7
22,56,0.94,blind2,6000,6726.4215,2457.9916435966747,6645.4926183701355,31.73253566922306,-0.012031491281042217,0.012031491281042217,6592.2248937282275,6860.618106271773,0.03135657524866109,fc6ed5692c5e33a9fffe770a3a11e12d0b94dbf5a1eec4c0ae7c81aee87c07d7
22,56,1.0,blind2,6000,7635.2995,2933.4747270876837,7635.172826966,37.87099588176982,-1.659044730338411e-05,1.659044730338411e-05,7475.143401021912,7795.455598978088,0.021408208158549824,fc6ed5692c5e33a9fffe770a3a11e12d0b94dbf5a1eec4c0ae7c81aee87c07d7
22,56,1.06,blind2,6000,7295.274833333333,2649.4770275257224,7220.302561546635,34.20460134588751,-0.010276826233349995,0.010276826233349995,7150.623883678877,7439.925782987789,0.029519544663113018,fc6ed5692c5e33a9fffe770a3a11e12d0b94dbf5a1eec4c0ae7c81aee87c07d7
22,56,1.275,blind2,6000,6012.137166666666,1885.7428822761021,6017.358668596948,24.34483592761506,0.0008684934800275309,0.0008684934800275309,5909.183075768167,6115.0912575651655,0.01830635325420471,fc6ed5692c5e33a9fffe770a3a11e12d0b94dbf5a1eec4c0ae7c81aee87c07d7
22,56,1.675,blind2,6000,4624.568333333334,1189.8210902071253,4593.223289659977,15.36052422446183,-0.006777939347857653,0.006777939347857653,4559.608815349481,4689.527851317186,0.020536089071346297,fc6ed5692c5e33a9fffe770a3a11e12d0b94dbf5a1eec4c0ae7c81aee87c07d7
22,56,1.875,blind2,6000,4162.416833333334,997.6144179179543,4122.556731190837,12.87914675510881,-0.009576191846835268,0.009576191846835268,4107.951038219204,4216.8826284474635,0.022368632368445662,fc6ed5692c5e33a9fffe770a3a11e12d0b94dbf5a1eec4c0ae7c81aee87c07d7
22,112,0.325,blind2,6000,1826.286,202.98838862929998,1807.5319171510607,2.620568828782526,-0.01026897367057478,0.01026897367057478,1815.2036381304665,1837.3683618695336,0.01623868427129882,fc6ed5692c5e33a9fffe770a3a11e12d0b94dbf5a1eec4c0ae7c81aee87c07d7
22,112,0.525,blind2,6000,2594.0071666666668,354.2719674013925,2587.4267810736983,4.5736314325791,-0.0025367646155829053,0.0025367646155829053,2574.6653207143654,2613.349012618968,0.009919161742308558,fc6ed5692c5e33a9fffe770a3a11e12d0b94dbf5a1eec4c0ae7c81aee87c07d7
22,112,0.725,blind2,6000,4478.838,797.9061507848172,4480.0,10.300924112753536,0.00025944229284476507,0.00025944229284476507,4435.275485116094,4522.400514883905,0.010083818927142607,fc6ed5692c5e33a9fffe770a3a11e12d0b94dbf5a1eec4c0ae7c81aee87c07d7
22,112,0.94,blind2,6000,19050.419666666665,6406.3183001554835,18672.837332303723,82.70521362335332,-0.019820158346622346,0.019820158346622346,18700.66006645922,19400.17926687411,0.03749150585491379,fc6ed5692c5e33a9fffe770a3a11e12d0b94dbf5a1eec4c0ae7c81aee87c07d7
22,112,1.0,blind2,6000,30660.353,11664.038844389119,30582.02930561819,150.58209397945154,-0.002554559446259745,0.002554559446259745,30023.54268682548,31297.16331317452,0.02284980272494197,fc6ed5692c5e33a9fffe770a3a11e12d0b94dbf5a1eec4c0ae7c81aee87c07d7
22,112,1.06,blind2,6000,27593.303,9649.515231617866,27323.547277549147,124.57470597010267,-0.00977613018821461,0.00977613018821461,27066.477695437094,28120.128304562906,0.02832778778198186,fc6ed5692c5e33a9fffe770a3a11e12d0b94dbf5a1eec4c0ae7c81aee87c07d7
22,112,1.275,blind2,6000,19830.053666666667,5361.680715609231,19864.902433504198,69.21900039745339,0.0017573712821619865,0.0017573712821619865,19537.327140186404,20122.78019314693,0.01676663808551382,fc6ed5692c5e33a9fffe770a3a11e12d0b94dbf5a1eec4c0ae7c81aee87c07d7
22,112,1.675,blind2,6000,13557.299166666666,2761.814013368758,13561.834733718057,35.65486559699823,0.0003345479800683678,0.0003345479800683678,13406.515062614306,13708.083270719026,0.011585387431285454,fc6ed5692c5e33a9fffe770a3a11e12d0b94dbf5a1eec4c0ae7c81aee87c07d7
22,112,1.875,blind2,6000,11821.6055,2198.07420831068,11840.780305666192,28.37701600838439,0.0016220136652498425,0.0016220136652498425,11701.599356017678,11941.611643982322,0.011894181762165612,fc6ed5692c5e33a9fffe770a3a11e12d0b94dbf5a1eec4c0ae7c81aee87c07d7
22,128,0.3,boundary_confirmation,8000,2010.990875,206.68761637572717,1997.1821647527422,2.310837801617623,-0.006866620042349894,0.006866620042349894,2001.2183628423163,2020.7633871576836,0.011669462419402699,fc6ed5692c5e33a9fffe770a3a11e12d0b94dbf5a1eec4c0ae7c81aee87c07d7
22,128,0.975,boundary_confirmation,8000,35475.81975,13070.336961275907,35771.22216421669,146.13080967120482,0.008326866476896254,0.008326866476896254,34857.83387789581,36093.80562210419,0.026203242849811126,fc6ed5692c5e33a9fffe770a3a11e12d0b94dbf5a1eec4c0ae7c81aee87c07d7
22,128,1.025,boundary_confirmation,8000,38103.870125,13869.2783433558,37787.26882019643,155.06324587304618,-0.008308901530604687,0.008308901530604687,37448.109061006915,38759.63118899309,0.02508698712986701,fc6ed5692c5e33a9fffe770a3a11e12d0b94dbf5a1eec4c0ae7c81aee87c07d7
22,128,1.9,boundary_confirmation,8000,14096.788625,2505.6932941914856,14164.277810674075,28.014502682887702,0.004787557469251334,0.004787557469251334,13978.315546591668,14215.26170340833,0.013303624708039363,fc6ed5692c5e33a9fffe770a3a11e12d0b94dbf5a1eec4c0ae7c81aee87c07d7
23,10,0.3,boundary_confirmation,8000,153.1545,50.545170209713824,154.1211572352776,0.565112182616087,0.006311647619087785,0.006311647619087785,150.76464569209276,155.54435430790727,0.022263253614775547,fc6ed5692c5e33a9fffe770a3a11e12d0b94dbf5a1eec4c0ae7c81aee87c07d7
23,10,0.975,boundary_confirmation,8000,245.81825,96.09448728073956,245.24235392650777,1.0743690291136128,-0.0023427718385117097,0.0023427718385117097,241.27475309532682,250.3617469046732,0.020447983933083336,fc6ed5692c5e33a9fffe770a3a11e12d0b94dbf5a1eec4c0ae7c81aee87c07d7
23,10,1.025,boundary_confirmation,8000,247.69725,95.12775227868153,246.2985842986338,1.063560603209462,-0.005646674322650672,0.005646674322650672,243.19946183069536,252.19503816930464,0.023380530852127213,fc6ed5692c5e33a9fffe770a3a11e12d0b94dbf5a1eec4c0ae7c81aee87c07d7
23,10,1.9,boundary_confirmation,8000,215.642,73.77119091878751,215.79081261870954,0.8247869883776202,0.0006900910708931552,0.0006900910708931552,212.15398328771616,219.13001671228383,0.01714240418508295,fc6ed5692c5e33a9fffe770a3a11e12d0b94dbf5a1eec4c0ae7c81aee87c07d7
23,14,0.325,blind2,6000,234.9025,71.55428938788343,236.18676112346665,0.9237619038299287,0.0054672092611472815,0.0054672092611472815,230.9959192656605,238.80908073433952,0.02247157384558096,fc6ed5692c5e33a9fffe770a3a11e12d0b94dbf5a1eec4c0ae7c81aee87c07d7
23,14,0.525,blind2,6000,311.9205,105.82659428404388,310.5451233277966,1.36621545749317,-0.004409382109234249,0.004409382109234249,306.1427871899443,317.69821281005574,0.02251535952622996,fc6ed5692c5e33a9fffe770a3a11e12d0b94dbf5a1eec4c0ae7c81aee87c07d7
23,14,0.725,blind2,6000,415.5991666666667,149.60041515096512,410.92772714095025,1.9313330548846788,-0.011240252388338371,0.011240252388338371,407.4315766496674,423.76675668366596,0.030297396716986502,fc6ed5692c5e33a9fffe770a3a11e12d0b94dbf5a1eec4c0ae7c81aee87c07d7
23,14,0.94,blind2,6000,484.578,182.8448211483446,483.5281378427439,2.360516490826041,-0.002166549363066599,0.002166549363066599,474.5953971150801,494.56060288491983,0.022307609983124976,fc6ed5692c5e33a9fffe770a3a11e12d0b94dbf5a1eec4c0ae7c81aee87c07d7
23,14,1.0,blind2,6000,489.23266666666666,187.74766327103208,486.76973962574345,2.423811910460217,-0.005034265307147393,0.005034265307147393,478.9823880247258,499.4829453086075,0.02545273227499112,fc6ed5692c5e33a9fffe770a3a11e12d0b94dbf5a1eec4c0ae7c81aee87c07d7
23,14,1.06,blind2,6000,481.907,182.63152720743943,480.567046275777,2.3577628778894657,-0.0027805234707588685,0.0027805234707588685,471.9360421192779,491.8779578807221,0.02299536180413253,fc6ed5692c5e33a9fffe770a3a11e12d0b94dbf5a1eec4c0ae7c81aee87c07d7
23,14,1.275,blind2,6000,465.65366666666665,169.42938383263555,459.04977120542526,2.1873239398066056,-0.01418198960724328,0.01418198960724328,456.40349351319435,474.90383982013896,0.03338374484552098,fc6ed5692c5e33a9fffe770a3a11e12d0b94dbf5a1eec4c0ae7c81aee87c07d7
23,14,1.675,blind2,6000,421.2296666666667,143.45828766557503,422.22445878796896,1.8520385300140165,0.002361638317581974,0.002361638317581974,413.39741247799503,429.0619208553383,0.021352446927673352,fc6ed5692c5e33a9fffe770a3a11e12d0b94dbf5a1eec4c0ae7c81aee87c07d7
23,14,1.875,blind2,6000,403.2795,130.99365736348298,405.42306249408676,1.6911208447585673,0.005315327196365746,0.005315327196365746,396.1277652465065,410.43123475349347,0.02346540198159519,fc6ed5692c5e33a9fffe770a3a11e12d0b94dbf5a1eec4c0ae7c81aee87c07d7
23,28,0.325,blind2,6000,478.7155,107.8941414104976,477.037037037037,1.392907376120684,-0.0035061805246811733,0.0035061805246811733,472.82490730754114,484.6060926924589,0.015618985748545589,fc6ed5692c5e33a9fffe770a3a11e12d0b94dbf5a1eec4c0ae7c81aee87c07d7
23,28,0.525,blind2,6000,677.3233333333334,181.1428973134104,677.8947368421053,2.338544748595329,0.000843619997497901,0.000843619997497901,667.4336487475364,687.2130179191304,0.01567360008624008,fc6ed5692c5e33a9fffe770a3a11e12d0b94dbf5a1eec4c0ae7c81aee87c07d7
23,28,0.725,blind2,6000,1119.041,361.1612606971731,1104.4198728393171,4.662571826584755,-0.01306576538364798,0.01306576538364798,1099.323025926062,1138.758974073938,0.03015484577194749,fc6ed5692c5e33a9fffe770a3a11e12d0b94dbf5a1eec4c0ae7c81aee87c07d7
23,28,0.94,blind2,6000,1906.3958333333333,719.084156516698,1929.8781123187766,9.283336542369264,0.012317630250158806,0.012317630250158806,1867.1366870788167,1945.6549795878498,0.033603016680112674,fc6ed5692c5e33a9fffe770a3a11e12d0b94dbf5a1eec4c0ae7c81aee87c07d7
23,28,1.0,blind2,6000,1950.7373333333333,721.2026762449832,1958.012915390392,9.310686514456798,0.0037296574647630986,0.0037296574647630986,1911.3625242942844,1990.112142372382,0.02440687755627713,fc6ed5692c5e33a9fffe770a3a11e12d0b94dbf5a1eec4c0ae7c81aee87c07d7
23,28,1.06,blind2,6000,1931.4776666666667,714.8222834971311,1907.7485148183412,9.228315998274486,-0.012285491185242197,0.012285491185242197,1892.451201795375,1970.5041315379583,0.031847493093372536,fc6ed5692c5e33a9fffe770a3a11e12d0b94dbf5a1eec4c0ae7c81aee87c07d7
23,28,1.275,blind2,6000,1742.7105,580.8492727630478,1742.308939882747,7.498731866893245,-0.00023042273358253373,0.00023042273358253373,1710.9984307733648,1774.422569226635,0.018299554544436214,fc6ed5692c5e33a9fffe770a3a11e12d0b94dbf5a1eec4c0ae7c81aee87c07d7
23,28,1.675,blind2,6000,1484.1986666666667,449.3862405515866,1491.4375873753768,5.801551418903516,0.004877325974808928,0.004877325974808928,1459.6639582007704,1508.733375132563,0.02176776990080076,fc6ed5692c5e33a9fffe770a3a11e12d0b94dbf5a1eec4c0ae7c81aee87c07d7
23,28,1.875,blind2,6000,1393.8741666666667,404.2229364633243,1389.7549786105787,5.218495670258379,-0.0029552079768711626,0.0029552079768711626,1371.8051956870854,1415.943137646248,0.01849520530831661,fc6ed5692c5e33a9fffe770a3a11e12d0b94dbf5a1eec4c0ae7c81aee87c07d7
23,56,0.325,blind2,6000,952.324,151.38813830263075,937.6860646463408,1.9544124615314469,-0.01537075129226938,0.01537075129226938,944.0588073810829,960.589192618917,0.023842791641381922,fc6ed5692c5e33a9fffe770a3a11e12d0b94dbf5a1eec4c0ae7c81aee87c07d7
23,56,0.525,blind2,6000,1356.461,262.8526977905863,1353.1109140296742,3.393413736828773,-0.0024697252411428235,0.0024697252411428235,1342.1102840060018,1370.8117159939982,0.012912642748671654,fc6ed5692c5e33a9fffe770a3a11e12d0b94dbf5a1eec4c0ae7c81aee87c07d7
23,56,0.725,blind2,6000,2351.5185,593.7114486053958,2341.8181818181815,7.664781843004596,-0.004125129435221794,0.004125129435221794,2319.1042069265873,2383.932793073413,0.017666022875140075,fc6ed5692c5e33a9fffe770a3a11e12d0b94dbf5a1eec4c0ae7c81aee87c07d7
23,56,0.94,blind2,6000,6966.612666666667,2481.341321227619,6877.82636579458,32.03397871123626,-0.01274454388671629,0.01274454388671629,6831.141260497272,7102.084072836062,0.03157632389895515,fc6ed5692c5e33a9fffe770a3a11e12d0b94dbf5a1eec4c0ae7c81aee87c07d7
23,56,1.0,blind2,6000,7885.864,3003.7551033038803,7853.919575336402,38.77831163727156,-0.0040508465101094316,0.0040508465101094316,7721.870870900069,8049.85712909993,0.024340500784196695,fc6ed5692c5e33a9fffe770a3a11e12d0b94dbf5a1eec4c0ae7c81aee87c07d7
23,56,1.06,blind2,6000,7496.444,2729.5112374678447,7449.094204785625,35.237838553329865,-0.006316300797334745,0.006316300797334745,7347.423499542613,7645.464500457388,0.025684547441167882,fc6ed5692c5e33a9fffe770a3a11e12d0b94dbf5a1eec4c0ae7c81aee87c07d7
23,56,1.275,blind2,6000,6251.0965,1928.2469553736892,6264.508091448426,24.893561151791516,0.002145478229047721,0.002145478229047721,6145.821855092587,6356.371144907413,0.019311694864291074,fc6ed5692c5e33a9fffe770a3a11e12d0b94dbf5a1eec4c0ae7c81aee87c07d7
23,56,1.675,blind2,6000,4852.908333333334,1247.3243031586042,4833.978122328736,16.10288751151015,-0.003900797151796747,0.003900797151796747,4784.809367724461,4921.007298942207,0.017685236238559887,fc6ed5692c5e33a9fffe770a3a11e12d0b94dbf5a1eec4c0ae7c81aee87c07d7
23,56,1.875,blind2,6000,4413.693666666667,1052.0202676757178,4353.216010650418,13.581523255269081,-0.013702277634941373,0.013702277634941373,4356.257527687519,4471.129805645815,0.026372259388780073,fc6ed5692c5e33a9fffe770a3a11e12d0b94dbf5a1eec4c0ae7c81aee87c07d7
23,112,0.325,blind2,6000,1911.3213333333333,215.42582356609915,1888.5737212932597,2.781135423381731,-0.011901511087307276,0.011901511087307276,1899.5599367878308,1923.0827298788358,0.017944630280024576,fc6ed5692c5e33a9fffe770a3a11e12d0b94dbf5a1eec4c0ae7c81aee87c07d7
23,112,0.525,blind2,6000,2707.4708333333333,363.5054270780902,2703.9241417259695,4.692834884431527,-0.0013099648438307295,0.0013099648438307295,2687.6248770615407,2727.316789605126,0.008577165648051888,fc6ed5692c5e33a9fffe770a3a11e12d0b94dbf5a1eec4c0ae7c81aee87c07d7
23,112,0.725,blind2,6000,4681.277333333333,842.6836049367681,4683.636363636363,10.878998560140444,0.0005039287645344119,0.0005039287645344119,4635.27014684107,4727.284519825597,0.01043439007071778,fc6ed5692c5e33a9fffe770a3a11e12d0b94dbf5a1eec4c0ae7c81aee87c07d7
23,112,0.94,blind2,6000,19751.789,6650.033228974881,19440.07087338,85.85155982515217,-0.01578176673616766,0.01578176673616766,19388.723530169063,20114.854469830938,0.033546531368795485,fc6ed5692c5e33a9fffe770a3a11e12d0b94dbf5a1eec4c0ae7c81aee87c07d7
23,112,1.0,blind2,6000,31630.929666666667,11972.06355816295,31459.414128895274,154.55867593500605,-0.005422399517777669,0.005422399517777669,30977.30242437688,32284.556908956452,0.02555843595401075,fc6ed5692c5e33a9fffe770a3a11e12d0b94dbf5a1eec4c0ae7c81aee87c07d7
23,112,1.06,blind2,6000,28685.411166666665,9871.922093277712,28273.58767474504,127.44596620773879,-0.014356548334931248,0.014356548334931248,28146.4433285341,29224.37900479923,0.0325341842130521,fc6ed5692c5e33a9fffe770a3a11e12d0b94dbf5a1eec4c0ae7c81aee87c07d7
23,112,1.275,blind2,6000,20911.7595,5625.513553455937,20844.22208208043,72.6250676879965,-0.003229638229129952,0.003229638229129952,20604.62874576155,21218.89025423845,0.017657293462045254,fc6ed5692c5e33a9fffe770a3a11e12d0b94dbf5a1eec4c0ae7c81aee87c07d7
23,112,1.675,blind2,6000,14478.0395,3002.0350589262366,14391.795358185069,38.75610595984038,-0.005956893667470097,0.005956893667470097,14314.14027850904,14641.938721490962,0.017084032931973803,fc6ed5692c5e33a9fffe770a3a11e12d0b94dbf5a1eec4c0ae7c81aee87c07d7
23,112,1.875,blind2,6000,12565.644,2386.6463168438436,12602.895163052643,30.81147146141159,0.0029645247830228493,0.0029645247830228493,12435.34256593051,12695.94543406949,0.013473902808369909,fc6ed5692c5e33a9fffe770a3a11e12d0b94dbf5a1eec4c0ae7c81aee87c07d7
23,128,0.3,boundary_confirmation,8000,2102.467375,216.96643574500035,2086.640224720021,2.425758495808305,-0.007527893401903265,0.007527893401903265,2092.2088642662325,2112.725885733768,0.01234692166640794,fc6ed5692c5e33a9fffe770a3a11e12d0b94dbf5a1eec4c0ae7c81aee87c07d7
23,128,0.975,boundary_confirmation,8000,36775.7425,13316.152233170844,37015.536318706225,148.8791079605282,0.006520434460466014,0.006520434460466014,36146.13409929318,37405.35090070682,0.024052426105231728,fc6ed5692c5e33a9fffe770a3a11e12d0b94dbf5a1eec4c0ae7c81aee87c07d7
23,128,1.025,boundary_confirmation,8000,39286.9045,14205.766400462448,38987.322488414866,158.82529671958267,-0.00762549290655188,0.00762549290655188,38615.233757010894,39958.5752429891,0.02430649112657346,fc6ed5692c5e33a9fffe770a3a11e12d0b94dbf5a1eec4c0ae7c81aee87c07d7
23,128,1.9,boundary_confirmation,8000,15008.501125,2672.2334226601315,15104.63652739788,29.876477924074905,0.006405396621368489,0.006405396621368489,14882.153770141342,15134.84847985866,0.014949634353524477,fc6ed5692c5e33a9fffe770a3a11e12d0b94dbf5a1eec4c0ae7c81aee87c07d7
24,10,0.3,boundary_confirmation,8000,158.897375,52.526697734164024,160.27022558453749,0.5872663338358747,0.008639856917318325,0.008639856917318325,156.4138309870053,161.38091901299472,0.02465507412738055,fc6ed5692c5e33a9fffe770a3a11e12d0b94dbf5a1eec4c0ae7c81aee87c07d7
24,10,0.975,boundary_confirmation,8000,254.373,96.54219502594475,251.93971983916973,1.0793745538752726,-0.00956579574416414,0.00956579574416414,249.80833477639302,258.937665223607,0.027025598529260453,fc6ed5692c5e33a9fffe770a3a11e12d0b94dbf5a1eec4c0ae7c81aee87c07d7
24,10,1.025,boundary_confirmation,8000,253.005625,95.31508518614658,253.0655134670538,1.0656550487870347,0.00023670804573527315,0.00023670804573527315,248.49897943929554,257.5122705607045,0.01837646994793296,fc6ed5692c5e33a9fffe770a3a11e12d0b94dbf5a1eec4c0ae7c81aee87c07d7
24,10,1.9,boundary_confirmation,8000,223.369,76.7209202333378,223.19954662696992,0.8577659646904117,-0.0007586252928118068,0.0007586252928118068,219.74151549523887,226.99648450476113,0.016726857625460556,fc6ed5692c5e33a9fffe770a3a11e12d0b94dbf5a1eec4c0ae7c81aee87c07d7
24,14,0.325,blind2,6000,244.72366666666667,75.78485686892861,246.17774060161037,0.9783782951602443,0.005941697240603456,0.005941697240603456,240.58611370748702,248.86121962584633,0.023241685930892375,fc6ed5692c5e33a9fffe770a3a11e12d0b94dbf5a1eec4c0ae7c81aee87c07d7
24,14,0.525,blind2,6000,325.1173333333333,109.36599892033261,322.7825485500206,1.4119089748659552,-0.007181360524137115,0.007181360524137115,319.14638305168165,331.08828361498496,0.02508616425286414,fc6ed5692c5e33a9fffe770a3a11e12d0b94dbf5a1eec4c0ae7c81aee87c07d7
24,14,0.725,blind2,6000,427.90133333333335,152.2697932833254,424.92895520165376,1.9657945783892177,-0.006946410071978253,0.006946410071978253,419.58800584519497,436.21466082147174,0.025871908107272024,fc6ed5692c5e33a9fffe770a3a11e12d0b94dbf5a1eec4c0ae7c81aee87c07d7
24,14,0.94,blind2,6000,500.293,187.41931103995603,496.84552168309875,2.419572901384725,-0.006890918555528968,0.006890918555528968,490.06064808909053,510.5253519109095,0.026795594335534467,fc6ed5692c5e33a9fffe770a3a11e12d0b94dbf5a1eec4c0ae7c81aee87c07d7
24,14,1.0,blind2,6000,498.99066666666664,188.0852092019527,500.11036007835185,2.428169609690336,0.0022439165428983407,0.0022439165428983407,488.72195935410423,509.25937397922905,0.023302412560504804,fc6ed5692c5e33a9fffe770a3a11e12d0b94dbf5a1eec4c0ae7c81aee87c07d7
24,14,1.06,blind2,6000,501.6268333333333,187.1737007319133,494.05159332381334,2.4164020859423707,-0.015101345275295892,0.015101345275295892,491.4078907722443,511.84577589442233,0.03476473463029883,fc6ed5692c5e33a9fffe770a3a11e12d0b94dbf5a1eec4c0ae7c81aee87c07d7
24,14,1.275,blind2,6000,477.93266666666665,172.79874044777915,473.0171080360382,2.230822146666222,-0.01028504426138499,0.01028504426138499,468.49853998989835,487.36679334343495,0.02944329712936533,fc6ed5692c5e33a9fffe770a3a11e12d0b94dbf5a1eec4c0ae7c81aee87c07d7
24,14,1.675,blind2,6000,437.83816666666667,145.52904095150768,436.8999705729337,1.8787718399824214,-0.002142791938116367,0.002142791938116367,429.89285755198574,445.7834757813476,0.01992784769072775,fc6ed5692c5e33a9fffe770a3a11e12d0b94dbf5a1eec4c0ae7c81aee87c07d7
24,14,1.875,blind2,6000,422.55216666666666,138.94639360326983,420.3487856760627,1.793790228136816,-0.005214459099773454,0.005214459099773454,414.9662440196813,430.138089313652,0.02275851379079119,fc6ed5692c5e33a9fffe770a3a11e12d0b94dbf5a1eec4c0ae7c81aee87c07d7
24,28,0.325,blind2,6000,494.85816666666665,110.88407428313211,497.77777777777777,1.4315072435273226,0.0058998947734407205,0.0058998947734407205,488.8043354841449,500.9119978491884,0.018357943336867022,fc6ed5692c5e33a9fffe770a3a11e12d0b94dbf5a1eec4c0ae7c81aee87c07d7
24,28,0.525,blind2,6000,706.1431666666666,186.89141429386657,707.3684210526316,2.4127577836976535,0.0017351359381536347,0.0017351359381536347,695.9396358268018,716.3466975065314,0.01642209271821682,fc6ed5692c5e33a9fffe770a3a11e12d0b94dbf5a1eec4c0ae7c81aee87c07d7
24,28,0.725,blind2,6000,1169.7828333333334,378.9058307945048,1149.2160198694444,4.8916532414933425,-0.01758173643673951,0.01758173643673951,1149.096076028168,1190.4695906384989,0.03465319155857516,fc6ed5692c5e33a9fffe770a3a11e12d0b94dbf5a1eec4c0ae7c81aee87c07d7
24,28,0.94,blind2,6000,1962.6846666666668,712.02680913552,1985.961213364503,9.192226579450253,0.011859544782284386,0.011859544782284386,1923.8108236210942,2001.5585097122394,0.03230587383141259,fc6ed5692c5e33a9fffe770a3a11e12d0b94dbf5a1eec4c0ae7c81aee87c07d7
24,28,1.0,blind2,6000,2015.0208333333333,752.9001643703435,2011.9748546496967,9.71989932654389,-0.001511636323182718,0.001511636323182718,1973.915467013976,2056.1261996526905,0.021473071550983436,fc6ed5692c5e33a9fffe770a3a11e12d0b94dbf5a1eec4c0ae7c81aee87c07d7
24,28,1.06,blind2,6000,1998.2203333333334,746.4254034622021,1962.889773234217,9.636310522650868,-0.017681013204474638,0.017681013204474638,1957.4684633094407,2038.9722033572261,0.037314108548285874,fc6ed5692c5e33a9fffe770a3a11e12d0b94dbf5a1eec4c0ae7c81aee87c07d7
24,28,1.275,blind2,6000,1802.1871666666666,612.5930662732915,1800.8243378138939,7.908542478928648,-0.0007562082773530292,0.0007562082773530292,1768.74201206915,1835.6323212641832,0.018962394073731237,fc6ed5692c5e33a9fffe770a3a11e12d0b94dbf5a1eec4c0ae7c81aee87c07d7
24,28,1.675,blind2,6000,1556.9423333333334,479.217519413722,1552.8019670433862,6.186671573000583,-0.0026592932835751938,0.0026592932835751938,1530.7789552198108,1583.105711446856,0.01914195886247816,fc6ed5692c5e33a9fffe770a3a11e12d0b94dbf5a1eec4c0ae7c81aee87c07d7
24,28,1.875,blind2,6000,1460.5415,421.97423221470785,1451.254653549689,5.447663912987416,-0.0063584954281073365,0.0063584954281073365,1437.503378595124,1483.579621404876,0.021788495466510183,fc6ed5692c5e33a9fffe770a3a11e12d0b94dbf5a1eec4c0ae7c81aee87c07d7
24,56,0.325,blind2,6000,996.786,158.5516508113234,978.4635796092001,2.0468930103531644,-0.018381498527065825,0.018381498527065825,988.1297079767558,1005.4422920232441,0.026832681127581193,fc6ed5692c5e33a9fffe770a3a11e12d0b94dbf5a1eec4c0ae7c81aee87c07d7
24,56,0.525,blind2,6000,1423.4681666666668,271.1243971435006,1412.3609700696413,3.5002009162910115,-0.007802911829798874,0.007802911829798874,1408.6658486567899,1438.2704846765437,0.018014354659255383,fc6ed5692c5e33a9fffe770a3a11e12d0b94dbf5a1eec4c0ae7c81aee87c07d7
24,56,0.725,blind2,6000,2438.1601666666666,615.7120293317455,2443.6363636363635,7.94880811887141,0.002246036599467436,0.002246036599467436,2404.544729042101,2471.775604291232,0.016257395473709968,fc6ed5692c5e33a9fffe770a3a11e12d0b94dbf5a1eec4c0ae7c81aee87c07d7
24,56,0.94,blind2,6000,7157.971166666666,2595.8602587740515,7107.984380455365,33.51241183771192,-0.006983373507297794,0.006983373507297794,7016.247480180284,7299.694853153049,0.026262806398664185,fc6ed5692c5e33a9fffe770a3a11e12d0b94dbf5a1eec4c0ae7c81aee87c07d7
24,56,1.0,blind2,6000,8019.708,3016.1252693385804,8070.966247271364,38.93800979407894,0.0063915353615574015,0.0063915353615574015,7855.039508839665,8184.376491160334,0.027488943650596065,fc6ed5692c5e33a9fffe770a3a11e12d0b94dbf5a1eec4c0ae7c81aee87c07d7
24,56,1.06,blind2,6000,7807.705833333333,2807.071722734459,7675.533506914079,36.23914011253441,-0.016928445978967685,0.016928445978967685,7654.450837640502,7960.960829026165,0.035853376023582406,fc6ed5692c5e33a9fffe770a3a11e12d0b94dbf5a1eec4c0ae7c81aee87c07d7
24,56,1.275,blind2,6000,6483.6973333333335,2010.9426371997552,6508.636782632568,25.96115781351025,0.0038464857344617234,0.0038464857344617234,6373.907831801694,6593.486834864973,0.02113757437135555,fc6ed5692c5e33a9fffe770a3a11e12d0b94dbf5a1eec4c0ae7c81aee87c07d7
24,56,1.675,blind2,6000,5111.667166666667,1319.4403981294524,5073.498654774431,17.033902294228845,-0.007466939972370263,0.007466939972370263,5039.630947964248,5183.703385369086,0.021259845018468115,fc6ed5692c5e33a9fffe770a3a11e12d0b94dbf5a1eec4c0ae7c81aee87c07d7
24,56,1.875,blind2,6000,4624.411833333334,1101.1688576396803,4583.602299002398,14.216028823335758,-0.00882480535941367,0.00882480535941367,4564.292376046986,4684.531290619681,0.021545163295073833,fc6ed5692c5e33a9fffe770a3a11e12d0b94dbf5a1eec4c0ae7c81aee87c07d7
24,112,0.325,blind2,6000,1991.6893333333333,224.1368102398763,1969.573673745783,2.8935937777703096,-0.011103970492494928,0.011103970492494928,1979.4523514244936,2003.926315242173,0.0171426669908461,fc6ed5692c5e33a9fffe770a3a11e12d0b94dbf5a1eec4c0ae7c81aee87c07d7
24,112,0.525,blind2,6000,2830.449666666667,383.10139595127924,2820.395967230213,4.945817754760394,-0.003551979586442799,0.003551979586442799,2809.5338481249028,2851.365485208431,0.010861293699062302,fc6ed5692c5e33a9fffe770a3a11e12d0b94dbf5a1eec4c0ae7c81aee87c07d7
24,112,0.725,blind2,6000,4883.142,881.796206573636,4887.272727272727,11.383940076028559,0.0008459158616987176,0.0008459158616987176,4834.999420405078,4931.2845795949215,0.01081144015179003,fc6ed5692c5e33a9fffe770a3a11e12d0b94dbf5a1eec4c0ae7c81aee87c07d7
24,112,0.94,blind2,6000,20662.262833333334,6912.081665092613,20203.44582110185,89.23459058843108,-0.02220555492553792,0.02220555492553792,20284.890557009607,21039.63510965706,0.03974352616844601,fc6ed5692c5e33a9fffe770a3a11e12d0b94dbf5a1eec4c0ae7c81aee87c07d7
24,112,1.0,blind2,6000,32233.524,12087.452429129215,32329.99864643061,156.04833985363945,0.002992990975191174,0.002992990975191174,31573.59698247479,32893.45101752521,0.023956778328920292,fc6ed5692c5e33a9fffe770a3a11e12d0b94dbf5a1eec4c0ae7c81aee87c07d7
24,112,1.06,blind2,6000,29339.53516666667,10139.06911615593,29212.526207869934,130.89481944305956,-0.004328935617938212,0.004328935617938212,28785.982159402527,29893.08817393081,0.02276653258776995,fc6ed5692c5e33a9fffe770a3a11e12d0b94dbf5a1eec4c0ae7c81aee87c07d7
24,112,1.275,blind2,6000,21775.75866666667,5809.425655647866,21816.174174390508,74.99936271784763,0.0018559862066117338,0.0018559862066117338,21458.58704022641,22092.930293106925,0.016664057772944663,fc6ed5692c5e33a9fffe770a3a11e12d0b94dbf5a1eec4c0ae7c81aee87c07d7
24,112,1.675,blind2,6000,15239.946833333333,3216.3197898900607,15225.490103694858,41.52250994107181,-0.000948607616324191,0.000948607616324191,15064.348514432453,15415.545152234214,0.01232879192156311,fc6ed5692c5e33a9fffe770a3a11e12d0b94dbf5a1eec4c0ae7c81aee87c07d7
24,112,1.875,blind2,6000,13366.559,2537.4854651012156,13371.18539265898,32.75879649193463,0.00034611695193803935,0.00034611695193803935,13228.02234599321,13505.09565400679,0.010822709768791183,fc6ed5692c5e33a9fffe770a3a11e12d0b94dbf5a1eec4c0ae7c81aee87c07d7
24,128,0.3,boundary_confirmation,8000,2192.600875,223.7160542593022,2176.041860236364,2.5012215249091554,-0.00755222482689023,0.00755222482689023,2182.023231798853,2203.178518201147,0.012317049090937893,fc6ed5692c5e33a9fffe770a3a11e12d0b94dbf5a1eec4c0ae7c81aee87c07d7
24,128,0.975,boundary_confirmation,8000,38159.59275,13681.016027221427,38248.168162959846,152.9584091906561,0.002321183392604279,0.002321183392604279,37512.73302129501,38806.452478704996,0.019604946972201276,fc6ed5692c5e33a9fffe770a3a11e12d0b94dbf5a1eec4c0ae7c81aee87c07d7
24,128,1.025,boundary_confirmation,8000,40383.8485,14782.254031983115,40175.00800660355,165.27062438092298,-0.005171386610081217,0.005171386610081217,39684.920524639754,41082.776475360246,0.022096083727474847,fc6ed5692c5e33a9fffe770a3a11e12d0b94dbf5a1eec4c0ae7c81aee87c07d7
24,128,1.9,boundary_confirmation,8000,15866.009,2867.94281810499,16054.388227784337,32.06457548432536,0.01187313254293104,0.01187313254293104,15730.40820035401,16001.60979964599,0.020595780052486967,fc6ed5692c5e33a9fffe770a3a11e12d0b94dbf5a1eec4c0ae7c81aee87c07d7
25,10,0.3,boundary_confirmation,8000,165.63975,54.82725575326727,166.38708469050601,0.6129873544203602,0.004511807645846015,0.004511807645846015,163.04743202364273,168.23206797635726,0.020482706323022848,fc6ed5692c5e33a9fffe770a3a11e12d0b94dbf5a1eec4c0ae7c81aee87c07d7
25,10,0.975,boundary_confirmation,8000,259.899125,98.93224523823292,258.58383703768396,1.1060961275968435,-0.005060763333912966,0.005060763333912966,255.22145448286545,264.5767955171346,0.02265111143906995,fc6ed5692c5e33a9fffe770a3a11e12d0b94dbf5a1eec4c0ae7c81aee87c07d7
25,10,1.025,boundary_confirmation,8000,260.66625,99.6648533652262,259.77744542486516,1.1142869354609721,-0.003409741672099197,0.003409741672099197,255.95394063050745,265.37855936949256,0.021106128384806078,fc6ed5692c5e33a9fffe770a3a11e12d0b94dbf5a1eec4c0ae7c81aee87c07d7
25,10,1.9,boundary_confirmation,8000,229.24875,78.15243501532663,230.5151603051729,0.8737707865070258,0.005524175399747704,0.005524175399747704,225.55358124856653,232.94391875143347,0.021997341071426257,fc6ed5692c5e33a9fffe770a3a11e12d0b94dbf5a1eec4c0ae7c81aee87c07d7
25,14,0.325,blind2,6000,252.77866666666668,76.70501257880527,256.1436090003091,0.9902574542944774,0.01331181297067159,0.01331181297067159,248.59087685097504,256.9664564823583,0.030382177515958286,fc6ed5692c5e33a9fffe770a3a11e12d0b94dbf5a1eec4c0ae7c81aee87c07d7
25,14,0.525,blind2,6000,335.6836666666667,109.96244005534818,334.9525437709511,1.419608996808983,-0.002178011527863833,0.002178011527863833,329.68015306187743,341.68718027145593,0.019709947839291142,fc6ed5692c5e33a9fffe770a3a11e12d0b94dbf5a1eec4c0ae7c81aee87c07d7
25,14,0.725,blind2,6000,445.344,157.6167477475932,438.8019670632344,2.0348234636993463,-0.01468984186778226,0.01468984186778226,436.73874998036575,453.94925001963423,0.03336778936355711,fc6ed5692c5e33a9fffe770a3a11e12d0b94dbf5a1eec4c0ae7c81aee87c07d7
25,14,0.94,blind2,6000,508.9146666666667,186.82795873722046,510.052500245151,2.4119385759839376,0.0022358042575919726,0.0022358042575919726,498.714600248812,519.1147330845213,0.022734245178870793,fc6ed5692c5e33a9fffe770a3a11e12d0b94dbf5a1eec4c0ae7c81aee87c07d7
25,14,1.0,blind2,6000,516.755,193.50369399126393,513.3457639081081,2.498121947525938,-0.006597393526703948,0.006597393526703948,506.19046488356565,527.3195351164344,0.02649962741327383,fc6ed5692c5e33a9fffe770a3a11e12d0b94dbf5a1eec4c0ae7c81aee87c07d7
25,14,1.06,blind2,6000,513.1376666666666,191.45122610354744,507.4220568351848,2.471624701033433,-0.011138550534811366,0.011138550534811366,502.6851881659376,523.5901451673957,0.03087928312142285,fc6ed5692c5e33a9fffe770a3a11e12d0b94dbf5a1eec4c0ae7c81aee87c07d7
25,14,1.275,blind2,6000,492.524,178.00564811018364,486.84019168462163,2.2980430355386634,-0.011540165180536119,0.011540165180536119,482.80559679231453,502.24240320768547,0.030666887990130065,fc6ed5692c5e33a9fffe770a3a11e12d0b94dbf5a1eec4c0ae7c81aee87c07d7
25,14,1.675,blind2,6000,450.80833333333334,151.80363078972246,451.3928965383515,1.9597764464747152,0.0012967000869213113,0.0012967000869213113,442.52045647061743,459.09621019604924,0.020049785129703235,fc6ed5692c5e33a9fffe770a3a11e12d0b94dbf5a1eec4c0ae7c81aee87c07d7
25,14,1.875,blind2,6000,435.9121666666667,145.48767265919196,435.0836118352026,1.8782377776250887,-0.0019007380266531273,0.0019007380266531273,427.96911609686344,443.8552172364699,0.019762312260022674,fc6ed5692c5e33a9fffe770a3a11e12d0b94dbf5a1eec4c0ae7c81aee87c07d7
25,28,0.325,blind2,6000,516.5786666666667,117.32751354986968,518.5185185185185,1.5146916867685678,0.003755191565244299,0.003755191565244299,510.1730492262188,522.9842841071145,0.01635811477097282,fc6ed5692c5e33a9fffe770a3a11e12d0b94dbf5a1eec4c0ae7c81aee87c07d7
25,28,0.525,blind2,6000,735.073,195.95502136816984,736.8421052631579,2.5297684478821343,0.002406706902794606,0.002406706902794606,724.3746321198543,745.7713678801457,0.017211360793817576,fc6ed5692c5e33a9fffe770a3a11e12d0b94dbf5a1eec4c0ae7c81aee87c07d7
25,28,0.725,blind2,6000,1220.3883333333333,396.9411777333248,1193.8292519703039,5.124488569283751,-0.021762811588411993,0.021762811588411993,1198.7169175333236,1242.059749133343,0.038831060419349694,fc6ed5692c5e33a9fffe770a3a11e12d0b94dbf5a1eec4c0ae7c81aee87c07d7
25,28,0.94,blind2,6000,2016.3363333333334,738.8511368200536,2041.5194821067023,9.538527160768284,0.012489557598625932,0.012489557598625932,1975.9979882622295,2056.674678404437,0.033158684489398293,fc6ed5692c5e33a9fffe770a3a11e12d0b94dbf5a1eec4c0ae7c81aee87c07d7
25,28,1.0,blind2,6000,2064.2213333333334,767.8080816323344,2065.515927417593,9.91235971081832,0.0006271585625796795,0.0006271585625796795,2022.302053790003,2106.140612876664,0.021368654374158913,fc6ed5692c5e33a9fffe770a3a11e12d0b94dbf5a1eec4c0ae7c81aee87c07d7
25,28,1.06,blind2,6000,2054.284,749.7167297540756,2017.5366396875738,9.678801362368738,-0.01788815972495832,0.01788815972495832,2013.3524365993405,2095.21556340066,0.03707443046433301,fc6ed5692c5e33a9fffe770a3a11e12d0b94dbf5a1eec4c0ae7c81aee87c07d7
25,28,1.275,blind2,6000,1870.4533333333334,636.1786803834684,1858.6543537776754,8.21303144779128,-0.006308085502796815,0.006308085502796815,1835.720497641104,1905.1861690255628,0.024423762887007983,fc6ed5692c5e33a9fffe770a3a11e12d0b94dbf5a1eec4c0ae7c81aee87c07d7
25,28,1.675,blind2,6000,1624.925,491.25184352898714,1613.4507875204588,6.34203402927153,-0.007061379743398105,0.007061379743398105,1598.1045954644183,1651.7454045355817,0.023184333923356726,fc6ed5692c5e33a9fffe770a3a11e12d0b94dbf5a1eec4c0ae7c81aee87c07d7
25,28,1.875,blind2,6000,1521.4345,443.10977205213834,1512.129413923322,5.720522558998988,-0.006115995185253115,0.006115995185253115,1497.2424618495997,1545.6265381504004,0.02167219790827557,fc6ed5692c5e33a9fffe770a3a11e12d0b94dbf5a1eec4c0ae7c81aee87c07d7
25,56,0.325,blind2,6000,1037.7566666666667,163.81860968268722,1019.2566847318708,2.114889156999669,-0.017826897700613055,0.017826897700613055,1028.8128195543923,1046.700513778941,0.026219370952622167,fc6ed5692c5e33a9fffe770a3a11e12d0b94dbf5a1eec4c0ae7c81aee87c07d7
25,56,0.525,blind2,6000,1473.0066666666667,283.5113549818117,1471.6470628856869,3.6601158543508525,-0.0009230126460028216,0.0009230126460028216,1457.5280698304302,1488.485263502903,0.011312305892495211,fc6ed5692c5e33a9fffe770a3a11e12d0b94dbf5a1eec4c0ae7c81aee87c07d7
25,56,0.725,blind2,6000,2534.697833333333,640.5781041995599,2545.454545454545,8.269827765033384,0.004243784793497822,0.004243784793497822,2499.724806529304,2569.6708601373625,0.018293909315855394,fc6ed5692c5e33a9fffe770a3a11e12d0b94dbf5a1eec4c0ae7c81aee87c07d7
25,56,0.94,blind2,6000,7421.453333333333,2629.3646987961624,7336.057298986939,33.944952298477396,-0.011506645735120271,0.011506645735120271,7277.900437151418,7565.0062295152475,0.03026420912054939,fc6ed5692c5e33a9fffe770a3a11e12d0b94dbf5a1eec4c0ae7c81aee87c07d7
25,56,1.0,blind2,6000,8301.299166666666,3057.962938715096,8286.329453240694,39.478131783210195,-0.0018032976676808942,0.0018032976676808942,8134.346504500594,8468.251828832737,0.021482872648240448,fc6ed5692c5e33a9fffe770a3a11e12d0b94dbf5a1eec4c0ae7c81aee87c07d7
25,56,1.06,blind2,6000,7983.8325,2825.409257203081,7899.712459337001,36.47587666455934,-0.010536298283186626,0.010536298283186626,7829.576347570331,8138.08865242967,0.029291422503919362,fc6ed5692c5e33a9fffe770a3a11e12d0b94dbf5a1eec4c0ae7c81aee87c07d7
25,56,1.275,blind2,6000,6738.601,2103.186698920019,6749.887429609436,27.152023529607288,0.0016748921043754793,0.0016748921043754793,6623.775338128339,6853.42666187166,0.019039306897255415,fc6ed5692c5e33a9fffe770a3a11e12d0b94dbf5a1eec4c0ae7c81aee87c07d7
25,56,1.675,blind2,6000,5292.283666666666,1362.9487783583897,5311.710492922705,17.595593067719292,0.0036707832534371627,0.0036707832534371627,5217.87206276458,5366.695270568753,0.017984041967561648,fc6ed5692c5e33a9fffe770a3a11e12d0b94dbf5a1eec4c0ae7c81aee87c07d7
25,56,1.875,blind2,6000,4839.59,1171.00735605631,4813.573123170658,15.117639960974893,-0.005375843166330709,0.005375843166330709,4775.657637369143,4903.522362630857,0.018343801212306388,fc6ed5692c5e33a9fffe770a3a11e12d0b94dbf5a1eec4c0ae7c81aee87c07d7
25,112,0.325,blind2,6000,2077.286833333333,233.5523503272078,2050.534515902632,3.0151478776162537,-0.012878489865442834,0.012878489865442834,2064.535800235903,2090.037866430763,0.018900782211947464,fc6ed5692c5e33a9fffe770a3a11e12d0b94dbf5a1eec4c0ae7c81aee87c07d7
25,112,0.525,blind2,6000,2952.035,395.42778307836653,2936.8454152604086,5.104950728300775,-0.005145462279272191,0.005145462279272191,2930.446209552755,2973.6237904472446,0.012368200478146019,fc6ed5692c5e33a9fffe770a3a11e12d0b94dbf5a1eec4c0ae7c81aee87c07d7
25,112,0.725,blind2,6000,5101.445166666666,920.7104667704043,5090.90909090909,11.886321014935444,-0.0020653119681497433,0.0020653119681497433,5051.178022625975,5151.712310707358,0.011802526253628987,fc6ed5692c5e33a9fffe770a3a11e12d0b94dbf5a1eec4c0ae7c81aee87c07d7
25,112,0.94,blind2,6000,21507.8895,7097.8723590214395,20963.085310987557,91.63313813331996,-0.02533043463015951,0.02533043463015951,21120.373787807777,21895.405212192225,0.042580618726595465,fc6ed5692c5e33a9fffe770a3a11e12d0b94dbf5a1eec4c0ae7c81aee87c07d7
25,112,1.0,blind2,6000,33245.210333333336,12145.016280152424,33193.84930010341,156.79148597482762,-0.0015449152739584685,0.0015449152739584685,32582.14055758461,33908.28010908206,0.0210695088833861,fc6ed5692c5e33a9fffe770a3a11e12d0b94dbf5a1eec4c0ae7c81aee87c07d7
25,112,1.06,blind2,6000,30510.047833333334,10327.269740510355,30140.899589176075,133.32447905596132,-0.012099235182252026,0.012099235182252026,29946.219817546527,31073.87584912014,0.030024457343980848,fc6ed5692c5e33a9fffe770a3a11e12d0b94dbf5a1eec4c0ae7c81aee87c07d7
25,112,1.275,blind2,6000,22832.5315,6190.043952673553,22780.754727226977,79.91312380332201,-0.0022676755213509405,0.0022676755213509405,22494.579622382385,23170.483377617616,0.01682004833645867,fc6ed5692c5e33a9fffe770a3a11e12d0b94dbf5a1eec4c0ae7c81aee87c07d7
25,112,1.675,blind2,6000,16088.764,3406.556760004231,16062.274065500867,43.978458664688944,-0.0016464866101045287,0.0016464866101045287,15902.779496165069,16274.74850383493,0.013055466773203572,fc6ed5692c5e33a9fffe770a3a11e12d0b94dbf5a1eec4c0ae7c81aee87c07d7
25,112,1.875,blind2,6000,14141.9205,2705.110906355295,14145.001397332624,34.922831633193695,0.0002178556535248422,0.0002178556535248422,13994.232160958109,14289.608839041892,0.010773669797699892,fc6ed5692c5e33a9fffe770a3a11e12d0b94dbf5a1eec4c0ae7c81aee87c07d7
25,128,0.3,boundary_confirmation,8000,2286.228375,236.40711444524976,2265.3902311682145,2.6431118913207547,-0.009114637916164259,0.009114637916164259,2275.050678722932,2297.4060712770683,0.013935647036510623,fc6ed5692c5e33a9fffe770a3a11e12d0b94dbf5a1eec4c0ae7c81aee87c07d7
25,128,0.975,boundary_confirmation,8000,39129.047125,14035.697209576876,39469.60031223789,156.92386536109004,0.008703334536871691,0.008703334536871691,38465.41751802436,39792.67673197563,0.026106119704614628,fc6ed5692c5e33a9fffe770a3a11e12d0b94dbf5a1eec4c0ae7c81aee87c07d7
25,128,1.025,boundary_confirmation,8000,41936.6115,15018.384976270907,41350.80907470299,167.91064859601656,-0.013968759142521714,0.013968759142521714,41226.51888611752,42646.70411388248,0.030386757103643136,fc6ed5692c5e33a9fffe770a3a11e12d0b94dbf5a1eec4c0ae7c81aee87c07d7
25,128,1.9,boundary_confirmation,8000,16911.8785,3089.032969122099,17012.696816593467,34.53643851847511,0.005961390781838215,0.005961390781838215,16765.82421394469,17057.93278605531,0.014724751941717518,fc6ed5692c5e33a9fffe770a3a11e12d0b94dbf5a1eec4c0ae7c81aee87c07d7
26,10,0.3,boundary_confirmation,8000,171.90675,56.75120608287971,172.47264590115645,0.634497773032093,0.0032918771436052756,0.0032918771436052756,169.2234646579311,174.5900353420689,0.019200536106462884,fc6ed5692c5e33a9fffe770a3a11e12d0b94dbf5a1eec4c0ae7c81aee87c07d7
26,10,0.975,boundary_confirmation,8000,268.1585,99.90724353075575,265.17518367106106,1.1169969398969797,-0.011125197705606722,0.011125197705606722,263.43473004626406,272.88226995373594,0.028243265068051193,fc6ed5692c5e33a9fffe770a3a11e12d0b94dbf5a1eec4c0ae7c81aee87c07d7
26,10,1.025,boundary_confirmation,8000,268.022625,101.74939670865717,266.43498742917643,1.1375928385507539,-0.0059235207133113265,0.0059235207133113265,263.21175517718126,272.83349482281875,0.02345205964464736,fc6ed5692c5e33a9fffe770a3a11e12d0b94dbf5a1eec4c0ae7c81aee87c07d7
26,10,1.9,boundary_confirmation,8000,235.88175,81.12286442075981,237.74251748606096,0.9069811968715902,0.007888560628624091,0.007888560628624091,232.046134723578,239.71736527642202,0.02454849234730272,fc6ed5692c5e33a9fffe770a3a11e12d0b94dbf5a1eec4c0ae7c81aee87c07d7
26,14,0.325,blind2,6000,265.0755,80.16570478153686,266.0847457217483,1.0349347985195751,0.00380738967482208,0.00380738967482208,260.698770099761,269.45222990023893,0.020659766135169066,fc6ed5692c5e33a9fffe770a3a11e12d0b94dbf5a1eec4c0ae7c81aee87c07d7
26,14,0.525,blind2,6000,351.5416666666667,116.40908803232807,347.05710766214276,1.5028348643213325,-0.01275683490678847,0.01275683490678847,345.1861916210836,357.8971417122498,0.030288126913353364,fc6ed5692c5e33a9fffe770a3a11e12d0b94dbf5a1eec4c0ae7c81aee87c07d7
26,14,0.725,blind2,6000,455.93233333333336,161.56949135891514,452.55168579097233,2.0858531642942717,-0.007414801046561073,0.007414801046561073,447.11127917153135,464.75338749513537,0.026254142589312024,fc6ed5692c5e33a9fffe770a3a11e12d0b94dbf5a1eec4c0ae7c81aee87c07d7
26,14,0.94,blind2,6000,527.7526666666666,195.53583525797487,523.15068205871,2.5243567784696457,-0.008719964670236887,0.008719964670236887,517.0771846875089,538.4281486458244,0.028374197421769387,fc6ed5692c5e33a9fffe770a3a11e12d0b94dbf5a1eec4c0ae7c81aee87c07d7
26,14,1.0,blind2,6000,529.3145,194.34094093449247,526.4768670668734,2.508930759085229,-0.005360958245289979,0.005360958245289979,518.704254517265,539.9247454827349,0.024906949585794647,fc6ed5692c5e33a9fffe770a3a11e12d0b94dbf5a1eec4c0ae7c81aee87c07d7
26,14,1.06,blind2,6000,523.2245,192.21492448805668,520.6803198216488,2.4814840047825326,-0.004862502001246524,0.004862502001246524,512.7303265929098,533.7186734070903,0.024429262521786455,fc6ed5692c5e33a9fffe770a3a11e12d0b94dbf5a1eec4c0ae7c81aee87c07d7
26,14,1.275,blind2,6000,504.01666666666665,181.92255227081205,500.5243916783152,2.3486100508146777,-0.006928887910488593,0.006928887910488593,494.08441600884134,513.948917324492,0.02612035008471647,fc6ed5692c5e33a9fffe770a3a11e12d0b94dbf5a1eec4c0ae7c81aee87c07d7
26,14,1.675,blind2,6000,466.936,156.0522816978459,465.71264692451234,2.0146262938447523,-0.00261995878554585,0.00261995878554585,458.41616362896394,475.455836371036,0.020492312221655595,fc6ed5692c5e33a9fffe770a3a11e12d0b94dbf5a1eec4c0ae7c81aee87c07d7
26,14,1.875,blind2,6000,452.2278333333333,145.88154154198537,449.6373551640665,1.8833226030372494,-0.005728259028579953,0.005728259028579953,444.2632790828627,460.1923875838039,0.02293612998501693,fc6ed5692c5e33a9fffe770a3a11e12d0b94dbf5a1eec4c0ae7c81aee87c07d7
26,28,0.325,blind2,6000,536.6728333333333,119.39850555664596,539.2592592592592,1.5414280786098118,0.004819371813291469,0.004819371813291469,530.1541479336638,543.1915187330028,0.017174460222717514,fc6ed5692c5e33a9fffe770a3a11e12d0b94dbf5a1eec4c0ae7c81aee87c07d7
26,28,0.525,blind2,6000,763.5941666666666,208.3092762978584,766.3157894736843,2.6892611932070833,0.0035642268181518394,0.0035642268181518394,752.2213054094179,774.9670279239153,0.01873715083966543,fc6ed5692c5e33a9fffe770a3a11e12d0b94dbf5a1eec4c0ae7c81aee87c07d7
26,28,0.725,blind2,6000,1257.5481666666667,404.39957243095097,1238.2641802230478,5.2207760307949105,-0.015334590717693317,0.015334590717693317,1235.469552063006,1279.6267812703275,0.032323956994880665,fc6ed5692c5e33a9fffe770a3a11e12d0b94dbf5a1eec4c0ae7c81aee87c07d7
26,28,0.94,blind2,6000,2084.8191666666667,758.6310934760301,2096.568387596001,9.79388530315929,0.00563560673135957,0.00563560673135957,2043.4009143215287,2126.2374190118044,0.026019110054144923,fc6ed5692c5e33a9fffe770a3a11e12d0b94dbf5a1eec4c0ae7c81aee87c07d7
26,28,1.0,blind2,6000,2129.5306666666665,786.4353049092405,2118.639797501525,10.152836129276801,-0.005114211002271552,0.005114211002271552,2086.594414525183,2172.4669188081502,0.024776957863255067,fc6ed5692c5e33a9fffe770a3a11e12d0b94dbf5a1eec4c0ae7c81aee87c07d7
26,28,1.06,blind2,6000,2104.591,745.8218556905782,2071.700939477803,9.628518754423736,-0.01562776830376877,0.01562776830376877,2063.8720812934503,2145.3099187065495,0.03431158294980852,fc6ed5692c5e33a9fffe770a3a11e12d0b94dbf5a1eec4c0ae7c81aee87c07d7
26,28,1.275,blind2,6000,1914.7426666666668,642.270152353605,1915.8317198456596,8.291672012772041,0.0005687726073857788,0.0005687726073857788,1879.6772607365679,1949.8080725967657,0.019234397236323586,fc6ed5692c5e33a9fffe770a3a11e12d0b94dbf5a1eec4c0ae7c81aee87c07d7
26,28,1.675,blind2,6000,1676.8123333333333,495.4828769272559,1673.4118361633548,6.396656435567338,-0.0020279533388322967,0.0020279533388322967,1649.7609311356769,1703.8637355309897,0.01787226216076776,fc6ed5692c5e33a9fffe770a3a11e12d0b94dbf5a1eec4c0ae7c81aee87c07d7
26,28,1.875,blind2,6000,1578.6025,446.71763818822,1572.3929977853913,5.767099910533622,-0.003933543887462879,0.003933543887462879,1554.213486651329,1602.9915133486709,0.019088382757160627,fc6ed5692c5e33a9fffe770a3a11e12d0b94dbf5a1eec4c0ae7c81aee87c07d7
26,56,0.325,blind2,6000,1081.4936666666667,171.9544736746474,1060.0656565014574,2.2199227094925704,-0.019813347803740576,0.019813347803740576,1072.1056336111023,1090.8816997222311,0.028248748905239096,fc6ed5692c5e33a9fffe770a3a11e12d0b94dbf5a1eec4c0ae7c81aee87c07d7
26,56,0.525,blind2,6000,1532.545,293.82768151770694,1530.9686931697504,3.793299057242719,-0.00102855500507305,0.00102855500507305,1516.5031726035968,1548.5868273964034,0.011376910816343289,fc6ed5692c5e33a9fffe770a3a11e12d0b94dbf5a1eec4c0ae7c81aee87c07d7
26,56,0.725,blind2,6000,2646.929833333333,667.98047044415,2647.272727272727,8.623590792073296,0.00012954402306995634,0.00012954402306995634,2610.4607458883247,2683.3989207783416,0.014101718036704458,fc6ed5692c5e33a9fffe770a3a11e12d0b94dbf5a1eec4c0ae7c81aee87c07d7
26,56,0.94,blind2,6000,7607.800666666667,2652.447634357442,7562.123092240854,34.242951715178776,-0.006004044588858352,0.006004044588858352,7462.987533647421,7752.613799685913,0.024571159142839916,fc6ed5692c5e33a9fffe770a3a11e12d0b94dbf5a1eec4c0ae7c81aee87c07d7
26,56,1.0,blind2,6000,8469.622,3178.679234377361,8500.023848474166,41.03657245892954,0.0035895165656940065,0.0035895165656940065,8296.07870631499,8643.16529368501,0.024583318140886545,fc6ed5692c5e33a9fffe770a3a11e12d0b94dbf5a1eec4c0ae7c81aee87c07d7
26,56,1.06,blind2,6000,8201.530833333334,2917.363082352798,8121.709540572758,37.66299544264241,-0.009732487066458392,0.009732487066458392,8042.254366330607,8360.80730033606,0.028597448927413005,fc6ed5692c5e33a9fffe770a3a11e12d0b94dbf5a1eec4c0ae7c81aee87c07d7
26,56,1.275,blind2,6000,7000.6945,2154.6426653482413,6988.384721905957,27.816317199738997,-0.0017583652727657928,0.0017583652727657928,6883.059546206989,7118.3294537930105,0.018254947699535395,fc6ed5692c5e33a9fffe770a3a11e12d0b94dbf5a1eec4c0ae7c81aee87c07d7
26,56,1.675,blind2,6000,5566.184,1443.2546205690685,5548.551978493953,18.63233703266969,-0.003167703673835942,0.003167703673835942,5487.388015249206,5644.979984750795,0.017082081161904794,fc6ed5692c5e33a9fffe770a3a11e12d0b94dbf5a1eec4c0ae7c81aee87c07d7
26,56,1.875,blind2,6000,5079.535166666667,1233.256480496962,5043.002656828634,15.921272701890354,-0.007192097040250692,0.007192097040250692,5012.204248444668,5146.866084888665,0.020179935974043772,fc6ed5692c5e33a9fffe770a3a11e12d0b94dbf5a1eec4c0ae7c81aee87c07d7
26,112,0.325,blind2,6000,2152.679166666667,244.69582186906854,2131.4587877400036,3.1590094766181305,-0.009857659820028862,0.009857659820028862,2139.3197441685243,2166.0385891648093,0.015964536180372968,fc6ed5692c5e33a9fffe770a3a11e12d0b94dbf5a1eec4c0ae7c81aee87c07d7
26,112,0.525,blind2,6000,3076.7001666666665,418.29214430383854,3053.2754233418177,5.400128362460521,-0.007613593153676541,0.007613593153676541,3053.863072674931,3099.537260658402,0.014925401253849557,fc6ed5692c5e33a9fffe770a3a11e12d0b94dbf5a1eec4c0ae7c81aee87c07d7
26,112,0.725,blind2,6000,5306.261,945.5506063685154,5294.545454545454,12.207005838205284,-0.0022078720693434364,0.0022078720693434364,5254.637682742828,5357.884317257173,0.011821618191290795,fc6ed5692c5e33a9fffe770a3a11e12d0b94dbf5a1eec4c0ae7c81aee87c07d7
26,112,0.94,blind2,6000,22233.7,7378.789375575657,21719.095720279918,95.25976122258915,-0.023145238071939557,0.023145238071939557,21830.847331572073,22636.55266842793,0.04052988816745151,fc6ed5692c5e33a9fffe770a3a11e12d0b94dbf5a1eec4c0ae7c81aee87c07d7
26,112,1.0,blind2,6000,33978.9225,12399.599682336822,34051.02471083279,160.07814356443097,0.0021219687243699045,0.0021219687243699045,33301.95347903811,34655.89152096189,0.022493312059491677,fc6ed5692c5e33a9fffe770a3a11e12d0b94dbf5a1eec4c0ae7c81aee87c07d7
26,112,1.06,blind2,6000,31302.252333333334,10594.282013829881,31059.16758365124,136.77159268195967,-0.007765727114251003,0.007765727114251003,30723.846505207035,31880.658161459633,0.02576767937625224,fc6ed5692c5e33a9fffe770a3a11e12d0b94dbf5a1eec4c0ae7c81aee87c07d7
26,112,1.275,blind2,6000,23703.410333333333,6559.987475184104,23737.969585978924,84.68907414239092,0.0014579865158471158,0.0014579865158471158,23345.261004938184,24061.559661728483,0.016821768707476537,fc6ed5692c5e33a9fffe770a3a11e12d0b94dbf5a1eec4c0ae7c81aee87c07d7
26,112,1.675,blind2,6000,16837.8155,3642.1083908520445,16901.55101262729,47.01941714284087,0.003785260185757986,0.003785260185757986,16638.970810271472,17036.66018972853,0.01578103630025729,fc6ed5692c5e33a9fffe770a3a11e12d0b94dbf5a1eec4c0ae7c81aee87c07d7
26,112,1.875,blind2,6000,14917.848,2904.446234577415,14923.735750719841,37.49623965491056,0.0003946782887076795,0.0003946782887076795,14759.276741715008,15076.419258284992,0.011142755290983297,fc6ed5692c5e33a9fffe770a3a11e12d0b94dbf5a1eec4c0ae7c81aee87c07d7
26,128,0.3,boundary_confirmation,8000,2374.480375,247.0695717536261,2354.6882629294123,2.7623217880643494,-0.008335344557475144,0.008335344557475144,2362.798541148054,2386.162208851946,0.013190195455185294,fc6ed5692c5e33a9fffe770a3a11e12d0b94dbf5a1eec4c0ae7c81aee87c07d7
26,128,0.975,boundary_confirmation,8000,40323.393,14444.610717025114,40680.248558089654,161.49565735895067,0.008849839548216026,0.008849839548216026,39640.42932602484,41006.356673975155,0.026231280784392297,fc6ed5692c5e33a9fffe770a3a11e12d0b94dbf5a1eec4c0ae7c81aee87c07d7
26,128,1.025,boundary_confirmation,8000,42971.17325,15190.722677449132,42515.139491904665,169.83744267061934,-0.010612550777755053,0.010612550777755053,42252.93224140707,43689.41425859293,0.026877786910528445,fc6ed5692c5e33a9fffe770a3a11e12d0b94dbf5a1eec4c0ae7c81aee87c07d7
26,128,1.9,boundary_confirmation,8000,17858.288375,3260.9521677870307,17978.78301712731,36.4585535927355,0.00674726712869026,0.00674726712869026,17704.105481684357,18012.471268315643,0.015514906174001197,fc6ed5692c5e33a9fffe770a3a11e12d0b94dbf5a1eec4c0ae7c81aee87c07d7
27,10,0.3,boundary_confirmation,8000,178.05975,59.50210704277888,178.52769635082316,0.6652537807606128,0.002628029921546868,0.002628029921546868,175.24639777948627,180.87310222051374,0.018723914516438622,fc6ed5692c5e33a9fffe770a3a11e12d0b94dbf5a1eec4c0ae7c81aee87c07d7
27,10,0.975,boundary_confirmation,8000,271.114,100.77961138176104,271.7141834086286,1.1267503089781459,0.00221376767200754,0.00221376767200754,266.34898313665514,275.8790168633448,0.02014349823599959,fc6ed5692c5e33a9fffe770a3a11e12d0b94dbf5a1eec4c0ae7c81aee87c07d7
27,10,1.025,boundary_confirmation,8000,272.155875,101.0410423516816,273.0386744965236,1.1296731960789763,0.0032437275018354942,0.0032437275018354942,267.37849727354813,276.9332527264518,0.02116915638576833,fc6ed5692c5e33a9fffe770a3a11e12d0b94dbf5a1eec4c0ae7c81aee87c07d7
27,10,1.9,boundary_confirmation,8000,243.311625,83.87806152987875,244.88578362675693,0.9377852370085944,0.006469722220452641,0.006469722220452641,239.34573971651218,247.2775102834878,0.02314661592392042,fc6ed5692c5e33a9fffe770a3a11e12d0b94dbf5a1eec4c0ae7c81aee87c07d7
27,14,0.325,blind2,6000,273.33566666666667,84.20039753892598,276.0014626230197,1.0870224580410144,0.0097528287795824,0.0097528287795824,268.73865852553075,277.9326748078026,0.0270255278393412,fc6ed5692c5e33a9fffe770a3a11e12d0b94dbf5a1eec4c0ae7c81aee87c07d7
27,14,0.525,blind2,6000,361.493,119.18894083877795,359.0979673832267,1.538722609735627,-0.0066253914094416165,0.0066253914094416165,354.98575600372396,368.000243996276,0.024190953017790395,fc6ed5692c5e33a9fffe770a3a11e12d0b94dbf5a1eec4c0ae7c81aee87c07d7
27,14,0.725,blind2,6000,467.0523333333333,159.98083605817666,466.18235891723265,2.065343712552191,-0.0018626915101605187,0.0018626915101605187,458.3180134574066,475.78665320926,0.020186136427419288,fc6ed5692c5e33a9fffe770a3a11e12d0b94dbf5a1eec4c0ae7c81aee87c07d7
27,14,0.94,blind2,6000,532.5826666666667,192.68260931095307,536.1414565548046,2.4875217898837048,0.006682136146885267,0.006682136146885267,522.0629595210054,543.102373812328,0.02696704827846097,fc6ed5692c5e33a9fffe770a3a11e12d0b94dbf5a1eec4c0ae7c81aee87c07d7
27,14,1.0,blind2,6000,542.1143333333333,195.29023095623612,539.5044817615491,2.521186040568342,-0.004814208758762907,0.004814208758762907,531.4522603760756,552.776406290591,0.024009571280553144,fc6ed5692c5e33a9fffe770a3a11e12d0b94dbf5a1eec4c0ae7c81aee87c07d7
27,14,1.06,blind2,6000,543.1553333333334,199.8140681113105,533.8280231508272,2.5795885271102,-0.017172454379237406,0.017172454379237406,532.2462767888373,554.0643898778294,0.03652349275048028,fc6ed5692c5e33a9fffe770a3a11e12d0b94dbf5a1eec4c0ae7c81aee87c07d7
27,14,1.275,blind2,6000,515.9333333333333,182.8885359765728,514.0742960298779,2.3610808468317415,-0.003603251008118657,0.003603251008118657,505.94834379197084,525.9183228746957,0.02252065830313299,fc6ed5692c5e33a9fffe770a3a11e12d0b94dbf5a1eec4c0ae7c81aee87c07d7
27,14,1.675,blind2,6000,479.77233333333334,159.61925808774131,479.86729609027935,2.060675761026019,0.0001979329576723216,0.0001979329576723216,471.05775418218144,488.48691248448523,0.018701617434134787,fc6ed5692c5e33a9fffe770a3a11e12d0b94dbf5a1eec4c0ae7c81aee87c07d7
27,14,1.875,blind2,6000,465.6383333333333,150.60771553238965,464.01852030517273,1.944337246890964,-0.003478693467019667,0.003478693467019667,457.41574870598396,473.8609179606827,0.020770646581000807,fc6ed5692c5e33a9fffe770a3a11e12d0b94dbf5a1eec4c0ae7c81aee87c07d7
27,28,0.325,blind2,6000,560.937,127.07402041898351,560.0,1.6405185493944812,-0.001670419316251222,0.001670419316251222,553.9992618958197,567.8747381041803,0.013867033653354066,fc6ed5692c5e33a9fffe770a3a11e12d0b94dbf5a1eec4c0ae7c81aee87c07d7
27,28,0.525,blind2,6000,796.3743333333333,215.81319027515056,795.7894736842105,2.7861363060918354,-0.0007344029367129163,0.0007344029367129163,784.591788100091,808.1568785665756,0.015303222938968353,fc6ed5692c5e33a9fffe770a3a11e12d0b94dbf5a1eec4c0ae7c81aee87c07d7
27,28,0.725,blind2,6000,1301.2285,412.0911624168942,1282.5247577928324,5.320074030532957,-0.01437391065993988,0.01437391065993988,1278.729955053762,1323.7270449462378,0.0311259691419834,fc6ed5692c5e33a9fffe770a3a11e12d0b94dbf5a1eec4c0ae7c81aee87c07d7
27,28,0.94,blind2,6000,2140.5625,776.9379770593764,2151.1211693602722,10.030226153956816,0.004932661092713823,0.004932661092713823,2098.144764334934,2182.980235665066,0.02524916579916292,fc6ed5692c5e33a9fffe770a3a11e12d0b94dbf5a1eec4c0ae7c81aee87c07d7
27,28,1.0,blind2,6000,2177.7105,790.4715482342452,2171.349713729099,10.204943806540083,-0.0029208594397193365,0.0029208594397193365,2134.55388496277,2220.86711503723,0.022296426910396572,fc6ed5692c5e33a9fffe770a3a11e12d0b94dbf5a1eec4c0ae7c81aee87c07d7
27,28,1.06,blind2,6000,2155.178,779.5209482757984,2125.3928854350706,10.063572168973268,-0.013820257336020155,0.013820257336020155,2112.619244339099,2197.7367556609006,0.03291744110821626,fc6ed5692c5e33a9fffe770a3a11e12d0b94dbf5a1eec4c0ae7c81aee87c07d7
27,28,1.275,blind2,6000,1976.2798333333333,665.4796869393738,1972.3844779053863,8.591305815851733,-0.0019710545856133858,0.0019710545856133858,1939.9472787606946,2012.612387905972,0.0199879073796424,fc6ed5692c5e33a9fffe770a3a11e12d0b94dbf5a1eec4c0ae7c81aee87c07d7
27,28,1.675,blind2,6000,1728.8515,518.7386465375912,1732.7100422058734,6.696887130247555,0.002231852883763233,0.002231852883763233,1700.530424910625,1757.172575089375,0.018923282302896638,fc6ed5692c5e33a9fffe770a3a11e12d0b94dbf5a1eec4c0ae7c81aee87c07d7
27,28,1.875,blind2,6000,1631.9966666666667,468.49559586273523,1632.058662224353,6.048252135159647,3.798755166141643e-05,3.798755166141643e-05,1606.41866310354,1657.5746702297934,0.01596096939715408,fc6ed5692c5e33a9fffe770a3a11e12d0b94dbf5a1eec4c0ae7c81aee87c07d7
27,56,0.325,blind2,6000,1119.3625,180.75048238726927,1100.8907718661726,2.3334786936828364,-0.01650200728881605,0.01650200728881605,1109.494239714597,1129.230760285403,0.025096720188588995,fc6ed5692c5e33a9fffe770a3a11e12d0b94dbf5a1eec4c0ae7c81aee87c07d7
27,56,0.525,blind2,6000,1588.3875,305.47728568983445,1590.3254227491732,3.94369480040458,0.0012200566607160658,0.0012200566607160658,1571.709650366344,1605.065349633656,0.011844282039300325,fc6ed5692c5e33a9fffe770a3a11e12d0b94dbf5a1eec4c0ae7c81aee87c07d7
27,56,0.725,blind2,6000,2751.5958333333333,693.3982230041045,2749.090909090909,8.95173256661571,-0.0009103532619431917,0.0009103532619431917,2713.739037292371,2789.4526293742956,0.014469405165141724,fc6ed5692c5e33a9fffe770a3a11e12d0b94dbf5a1eec4c0ae7c81aee87c07d7
27,56,0.94,blind2,6000,7833.821833333333,2720.881198160942,7786.249095439208,35.12642522495403,-0.006072736769644289,0.006072736769644289,7685.2724988337295,7982.371167832937,0.02456940027846044,fc6ed5692c5e33a9fffe770a3a11e12d0b94dbf5a1eec4c0ae7c81aee87c07d7
27,56,1.0,blind2,6000,8735.853166666666,3137.253271088336,8712.062428282203,40.501765572532896,-0.002723344581298741,0.002723344581298741,8564.571566466013,8907.134766867319,0.02190068340615481,fc6ed5692c5e33a9fffe770a3a11e12d0b94dbf5a1eec4c0ae7c81aee87c07d7
27,56,1.06,blind2,6000,8344.5425,2907.504070936818,8341.592170775702,37.53571615256188,-0.00035356392807599614,0.00035356392807599614,8185.804295963571,8503.280704036428,0.019031468280881203,fc6ed5692c5e33a9fffe770a3a11e12d0b94dbf5a1eec4c0ae7c81aee87c07d7
27,56,1.275,blind2,6000,7192.693666666667,2208.801007894396,7224.238015366817,28.51549839553718,0.004385609920569437,0.004385609920569437,7072.101881921878,7313.285451411456,0.021512152396141015,fc6ed5692c5e33a9fffe770a3a11e12d0b94dbf5a1eec4c0ae7c81aee87c07d7
27,56,1.675,blind2,6000,5775.801333333334,1522.5891154435922,5783.971899105338,19.656540957432384,0.0014146202925730844,0.0014146202925730844,5692.67399945034,5858.928667216328,0.016037788157869937,fc6ed5692c5e33a9fffe770a3a11e12d0b94dbf5a1eec4c0ae7c81aee87c07d7
27,56,1.875,blind2,6000,5312.664833333333,1284.86694162194,5271.779623834202,16.587560889980768,-0.007695800654053112,0.007695800654053112,5242.516188391582,5382.813478275085,0.020627475740895296,fc6ed5692c5e33a9fffe770a3a11e12d0b94dbf5a1eec4c0ae7c81aee87c07d7
27,112,0.325,blind2,6000,2240.484,252.34927072691545,2212.3488527739787,3.2578150765097678,-0.01255762024010045,0.01255762024010045,2226.7067295137763,2254.2612704862236,0.018592528852347634,fc6ed5692c5e33a9fffe770a3a11e12d0b94dbf5a1eec4c0ae7c81aee87c07d7
27,112,0.525,blind2,6000,3172.1413333333335,431.14814640165145,3169.688737931023,5.5660986358726445,-0.0007731671273717843,0.0007731671273717843,3148.6023525568144,3195.6803141098526,0.008133346775667571,fc6ed5692c5e33a9fffe770a3a11e12d0b94dbf5a1eec4c0ae7c81aee87c07d7
27,112,0.725,blind2,6000,5492.769166666667,977.3399126029627,5498.181818181818,12.617404016983624,0.000985413978071064,0.000985413978071064,5439.410279224172,5546.128054109162,0.010804763005674234,fc6ed5692c5e33a9fffe770a3a11e12d0b94dbf5a1eec4c0ae7c81aee87c07d7
27,112,0.94,fresh_precision_confirmation,20000,23139.05325,7616.349743025516,22471.568899753118,53.8557255118176,-0.028846657770964894,0.028846657770964894,22911.29787402481,23366.80862597519,0.038312451672450454,fc6ed5692c5e33a9fffe770a3a11e12d0b94dbf5a1eec4c0ae7c81aee87c07d7
27,112,1.0,blind2,6000,35015.25683333333,12671.492239819296,34901.57685986042,163.5882613880555,-0.003246584025186826,0.003246584025186826,34323.443555850165,35707.0701108165,0.02255836864957672,fc6ed5692c5e33a9fffe770a3a11e12d0b94dbf5a1eec4c0ae7c81aee87c07d7
27,112,1.06,blind2,6000,32229.65233333333,10725.069909448375,31967.726640220328,138.46005715401282,-0.00812685443839271,0.00812685443839271,31644.10600422968,32815.19866243698,0.025825594747556413,fc6ed5692c5e33a9fffe770a3a11e12d0b94dbf5a1eec4c0ae7c81aee87c07d7
27,112,1.275,blind2,6000,24746.8595,6685.990145754873,24687.831394957924,86.3157616247184,-0.00238527660619217,0.00238527660619217,24381.83092495817,25111.88807504183,0.01688669043190605,fc6ed5692c5e33a9fffe770a3a11e12d0b94dbf5a1eec4c0ae7c81aee87c07d7
27,112,1.675,blind2,6000,17731.048666666666,3851.469058850588,17742.768355080905,49.722251744538276,0.0006609698407896103,0.0006609698407896103,17520.77371385918,17941.32361947415,0.01267036746477257,fc6ed5692c5e33a9fffe770a3a11e12d0b94dbf5a1eec4c0ae7c81aee87c07d7
27,112,1.875,blind2,6000,15698.435333333333,3071.7333588365905,15706.818492108654,39.65590714254629,0.0005340123774960376,0.0005340123774960376,15530.730860780901,15866.139805885765,0.011338013188575635,fc6ed5692c5e33a9fffe770a3a11e12d0b94dbf5a1eec4c0ae7c81aee87c07d7
27,128,0.3,boundary_confirmation,8000,2468.213625,258.35820745581,2443.9386743935816,2.8885325720809205,-0.00983502820037237,0.00983502820037237,2455.9980468842336,2480.429203115766,0.01471137683605217,fc6ed5692c5e33a9fffe770a3a11e12d0b94dbf5a1eec4c0ae7c81aee87c07d7
27,128,0.975,boundary_confirmation,8000,41302.100375,14330.453961272193,41880.472538466165,160.2193460291788,0.014003456439620919,0.014003456439620919,40624.5342100921,41979.66653990791,0.030915759473792548,fc6ed5692c5e33a9fffe770a3a11e12d0b94dbf5a1eec4c0ae7c81aee87c07d7
27,128,1.025,boundary_confirmation,8000,43831.3965,15501.097407341576,43668.35560242983,173.30753764330754,-0.003719728564207898,0.003719728564207898,43098.480491160335,44564.31250883967,0.0201048070972063,fc6ed5692c5e33a9fffe770a3a11e12d0b94dbf5a1eec4c0ae7c81aee87c07d7
27,128,1.9,boundary_confirmation,8000,18834.028625,3476.045081120404,18951.916929435083,38.86336547119497,0.006259324905060462,0.006259324905060462,18669.67580400586,18998.38144599414,0.015117623272743907,fc6ed5692c5e33a9fffe770a3a11e12d0b94dbf5a1eec4c0ae7c81aee87c07d7
28,10,0.3,boundary_confirmation,8000,183.35675,60.07880376863611,184.55291412661347,0.6717014461677043,0.006523698345512056,0.006523698345512056,180.5161306608095,186.19736933919052,0.022362452879012285,fc6ed5692c5e33a9fffe770a3a11e12d0b94dbf5a1eec4c0ae7c81aee87c07d7
28,10,0.975,boundary_confirmation,8000,278.34175,101.39018050593153,278.201213438965,1.1335766793111846,-0.0005049065080426914,0.0005049065080426914,273.5478644782726,283.1356355217274,0.01742776769752019,fc6ed5692c5e33a9fffe770a3a11e12d0b94dbf5a1eec4c0ae7c81aee87c07d7
28,10,1.025,boundary_confirmation,8000,279.840125,103.89353107007746,279.58898027748774,1.1615649894758984,-0.0008974578699615188,0.0008974578699615188,274.9278771677867,284.7523728322133,0.018132921960822612,fc6ed5692c5e33a9fffe770a3a11e12d0b94dbf5a1eec4c0ae7c81aee87c07d7
28,10,1.9,boundary_confirmation,8000,251.676375,84.69387683567247,251.94854665376025,0.9469063294127921,0.0010814350522977733,0.0010814350522977733,247.67191669925026,255.68083330074975,0.01726731884464372,fc6ed5692c5e33a9fffe770a3a11e12d0b94dbf5a1eec4c0ae7c81aee87c07d7
28,14,0.325,blind2,6000,282.1263333333333,86.01937724779945,285.8940097221691,1.1105053851062017,0.013354571848435817,0.013354571848435817,277.4300161060807,286.82265056058594,0.0305085719810938,fc6ed5692c5e33a9fffe770a3a11e12d0b94dbf5a1eec4c0ae7c81aee87c07d7
28,14,0.525,blind2,6000,374.9483333333333,123.6433309002211,371.0766130958987,1.5962285381538974,-0.010326009994535963,0.010326009994535963,368.19789728601285,381.6987693806538,0.027828636445411226,fc6ed5692c5e33a9fffe770a3a11e12d0b94dbf5a1eec4c0ae7c81aee87c07d7
28,14,0.725,blind2,6000,481.5805,166.49611010129678,479.69766251904207,2.1494555387687964,-0.003909704568515343,0.003909704568515343,472.4904719719341,490.67052802806586,0.02236300100012556,fc6ed5692c5e33a9fffe770a3a11e12d0b94dbf5a1eec4c0ae7c81aee87c07d7
28,14,0.94,blind2,6000,543.1785,196.06657454725027,549.0260319272423,2.531208593231451,0.010765396508224015,0.010765396508224015,532.4740417582005,553.8829582417994,0.03108506494398866,fc6ed5692c5e33a9fffe770a3a11e12d0b94dbf5a1eec4c0ae7c81aee87c07d7
28,14,1.0,blind2,6000,554.0528333333333,202.86286073441283,552.4293315532483,2.618948270627918,-0.0029302291810648757,0.0029302291810648757,542.9773247895749,565.1283418770917,0.02247102009016788,fc6ed5692c5e33a9fffe770a3a11e12d0b94dbf5a1eec4c0ae7c81aee87c07d7
28,14,1.06,blind2,6000,554.7965,202.21244208267413,546.8666045467933,2.610551401940429,-0.01429334080731722,0.01429334080731722,543.7565017379575,565.8364982620426,0.033525397837564475,fc6ed5692c5e33a9fffe770a3a11e12d0b94dbf5a1eec4c0ae7c81aee87c07d7
28,14,1.275,blind2,6000,532.479,185.15411211530122,527.4938521840472,2.3903293090146085,-0.009362149147577301,0.009362149147577301,522.370318976667,542.5876810233331,0.027818229877277223,fc6ed5692c5e33a9fffe770a3a11e12d0b94dbf5a1eec4c0ae7c81aee87c07d7
28,14,1.675,blind2,6000,492.3745,164.0226035810235,493.8638111603478,2.11752270690295,0.003024752826045556,0.003024752826045556,483.4195156290094,501.3294843709906,0.02160503495136834,fc6ed5692c5e33a9fffe770a3a11e12d0b94dbf5a1eec4c0ae7c81aee87c07d7
28,14,1.875,blind2,6000,475.06733333333335,153.0465060204133,478.23450826867554,1.9758218967076462,0.006666791659025574,0.006666791659025574,466.71160040674005,483.42306625992666,0.02468956814420986,fc6ed5692c5e33a9fffe770a3a11e12d0b94dbf5a1eec4c0ae7c81aee87c07d7
28,28,0.325,blind2,6000,580.5905,130.8146343285379,580.7407407407406,1.6888096673154678,0.0002587723029237097,0.0002587723029237097,573.448539195005,587.7324608049951,0.012716400945012918,fc6ed5692c5e33a9fffe770a3a11e12d0b94dbf5a1eec4c0ae7c81aee87c07d7
28,28,0.525,blind2,6000,820.8695,219.6345791562511,825.2631578947369,2.8354702244114507,0.005352443835149024,0.005352443835149024,808.8783220724911,832.860677927509,0.020256242966513183,fc6ed5692c5e33a9fffe770a3a11e12d0b94dbf5a1eec4c0ae7c81aee87c07d7
28,28,0.725,blind2,6000,1353.002,432.6790375335049,1326.6143584172744,5.585862355401061,-0.01950303220743618,0.01950303220743618,1329.3794386323907,1376.6245613676092,0.03632813502953347,fc6ed5692c5e33a9fffe770a3a11e12d0b94dbf5a1eec4c0ae7c81aee87c07d7
28,28,0.94,blind2,6000,2167.8703333333333,771.4746142075037,2205.189223735889,9.959694442824846,0.017214539923692648,0.017214539923692648,2125.7508756365683,2209.9897910300983,0.0373695473960618,fc6ed5692c5e33a9fffe770a3a11e12d0b94dbf5a1eec4c0ae7c81aee87c07d7
28,28,1.0,blind2,6000,2227.3553333333334,792.6975576943273,2223.6485703447674,10.233681465098076,-0.0016641992110969736,0.0016641992110969736,2184.0771869980413,2270.6334796686256,0.020692423389579884,fc6ed5692c5e33a9fffe770a3a11e12d0b94dbf5a1eec4c0ae7c81aee87c07d7
28,28,1.06,blind2,6000,2201.101833333333,778.5639158680685,2178.6213517260962,10.051216933716873,-0.010213285576702574,0.010213285576702574,2158.595327850558,2243.6083388161082,0.028965388461831054,fc6ed5692c5e33a9fffe770a3a11e12d0b94dbf5a1eec4c0ae7c81aee87c07d7
28,28,1.275,blind2,6000,2033.464,679.9964913453895,2028.3368025412033,8.778716954867232,-0.002521410489094802,0.002521410489094802,1996.338885415909,2070.5891145840906,0.020405937491550286,fc6ed5692c5e33a9fffe770a3a11e12d0b94dbf5a1eec4c0ae7c81aee87c07d7
28,28,1.675,blind2,6000,1786.7096666666666,541.8521175801659,1791.3677718419135,6.995280758317352,0.0026070856738225185,0.0026070856738225185,1757.1266876236493,1816.292645709684,0.01948697521894238,fc6ed5692c5e33a9fffe770a3a11e12d0b94dbf5a1eec4c0ae7c81aee87c07d7
28,28,1.875,blind2,6000,1692.618,483.62221187269313,1691.1390345603315,6.243535908129784,-0.0008737739050798232,0.0008737739050798232,1666.214143127648,1719.021856872352,0.01622016741703991,fc6ed5692c5e33a9fffe770a3a11e12d0b94dbf5a1eec4c0ae7c81aee87c07d7
28,56,0.325,blind2,6000,1162.2886666666666,186.01789102355818,1141.732308989806,2.4014806467695564,-0.017686103518340542,0.017686103518340542,1152.1328267368503,1172.4445065964828,0.026195011733077367,fc6ed5692c5e33a9fffe770a3a11e12d0b94dbf5a1eec4c0ae7c81aee87c07d7
28,56,0.525,blind2,6000,1650.1388333333334,321.4935762633037,1649.7168665643223,4.150464222601464,-0.00025571591946520753,0.00025571591946520753,1632.5865576837787,1667.6911089828882,0.01077792063635108,fc6ed5692c5e33a9fffe770a3a11e12d0b94dbf5a1eec4c0ae7c81aee87c07d7
28,56,0.725,blind2,6000,2856.3196666666668,717.7698394357503,2850.9090909090905,9.266368781815443,-0.0018942472793636515,0.0018942472793636515,2817.132276918031,2895.5070564153025,0.015402471704360154,fc6ed5692c5e33a9fffe770a3a11e12d0b94dbf5a1eec4c0ae7c81aee87c07d7
28,56,0.94,blind2,6000,8052.361166666667,2790.092596881897,8008.493663030195,36.01994054033397,-0.005447781430627314,0.005447781430627314,7900.033163981648,8204.689169351685,0.023912606836389405,fc6ed5692c5e33a9fffe770a3a11e12d0b94dbf5a1eec4c0ae7c81aee87c07d7
28,56,1.0,blind2,6000,8911.904833333334,3175.0379685068674,8922.456769642617,40.98956391867775,0.00118402704097726,0.00118402704097726,8738.560338339777,9085.24932832689,0.021044248043468494,fc6ed5692c5e33a9fffe770a3a11e12d0b94dbf5a1eec4c0ae7c81aee87c07d7
28,56,1.06,blind2,6000,8610.546666666667,3000.802539344363,8559.418641109753,38.74019420045882,-0.00593783734485087,0.00593783734485087,8446.714735862182,8774.378597471152,0.02449859599440496,fc6ed5692c5e33a9fffe770a3a11e12d0b94dbf5a1eec4c0ae7c81aee87c07d7
28,56,1.275,blind2,6000,7457.2716666666665,2248.4985830201294,7457.543568471343,29.027991886693123,3.646129802294776e-05,3.646129802294776e-05,7334.512551584133,7580.0307817492,0.016774259505580646,fc6ed5692c5e33a9fffe770a3a11e12d0b94dbf5a1eec4c0ae7c81aee87c07d7
28,56,1.675,blind2,6000,5972.9011666666665,1539.2442581387165,6017.927628533278,19.871557925055466,0.007538457545203228,0.007538457545203228,5888.864527972779,6056.937805360554,0.021916466230023524,fc6ed5692c5e33a9fffe770a3a11e12d0b94dbf5a1eec4c0ae7c81aee87c07d7
28,56,1.875,blind2,6000,5503.3725,1354.3907176709026,5499.805461621897,17.48510897932439,-0.0006481549955238286,0.0006481549955238286,5429.428132308224,5577.316867691777,0.013897615629279936,fc6ed5692c5e33a9fffe770a3a11e12d0b94dbf5a1eec4c0ae7c81aee87c07d7
28,112,0.325,blind2,6000,2317.1976666666665,256.76482876509914,2293.2069191426376,3.314819685663427,-0.01035334527957643,0.01035334527957643,2303.179324204033,2331.2160091293,0.016304405013441214,fc6ed5692c5e33a9fffe770a3a11e12d0b94dbf5a1eec4c0ae7c81aee87c07d7
28,112,0.525,blind2,6000,3295.7975,446.29930839351385,3286.0879386299216,5.761699296106557,-0.002946043065473081,0.002946043065473081,3271.4313258008838,3320.1636741991165,0.010263269800219854,fc6ed5692c5e33a9fffe770a3a11e12d0b94dbf5a1eec4c0ae7c81aee87c07d7
28,112,0.725,blind2,6000,5687.920166666667,1031.2571885930347,5701.818181818181,13.313473056925016,0.0024434265503517176,0.0024434265503517176,5631.617609551357,5744.222723781976,0.012465436599914392,fc6ed5692c5e33a9fffe770a3a11e12d0b94dbf5a1eec4c0ae7c81aee87c07d7
28,112,0.94,blind2,6000,23774.171166666667,7740.118328369287,23220.58406517788,99.92449794483014,-0.023285232431781246,0.023285232431781246,23351.591368840658,24196.750964492676,0.04034289152073611,fc6ed5692c5e33a9fffe770a3a11e12d0b94dbf5a1eec4c0ae7c81aee87c07d7
28,112,1.0,blind2,6000,35638.82633333333,12732.470445732379,35745.55205509756,164.3754866413321,0.0029946474882763226,0.0029946474882763226,34943.68388737581,36333.96877929085,0.022947442241813665,fc6ed5692c5e33a9fffe770a3a11e12d0b94dbf5a1eec4c0ae7c81aee87c07d7
28,112,1.06,blind2,6000,33083.47266666667,11102.447489073185,32866.92068051994,143.33198075774266,-0.006545624406742313,0.006545624406742313,32477.323016717466,33689.62231661587,0.024420031437697776,fc6ed5692c5e33a9fffe770a3a11e12d0b94dbf5a1eec4c0ae7c81aee87c07d7
28,112,1.275,blind2,6000,25416.99233333333,7017.547248778547,25630.35743184164,90.5961454191433,0.008394584839547999,0.008394584839547999,25033.862053948043,25800.12261271862,0.023827541136407504,fc6ed5692c5e33a9fffe770a3a11e12d0b94dbf5a1eec4c0ae7c81aee87c07d7
28,112,1.675,blind2,6000,18603.807,3936.3377917322387,18585.412929792423,50.8179023747528,-0.0009887261358698194,0.0009887261358698194,18388.89855058931,18818.71544941069,0.012397366879022265,fc6ed5692c5e33a9fffe770a3a11e12d0b94dbf5a1eec4c0ae7c81aee87c07d7
28,112,1.875,blind2,6000,16447.399333333335,3231.8479965459933,16493.713357832985,41.722978226988126,0.0028158873972122353,0.0028158873972122353,16270.953235864883,16623.845430801786,0.013690662049048674,fc6ed5692c5e33a9fffe770a3a11e12d0b94dbf5a1eec4c0ae7c81aee87c07d7
28,128,0.3,boundary_confirmation,8000,2557.832,268.60227646813695,2533.1440016561937,3.0030647454697315,-0.009651923325615661,0.009651923325615661,2545.1320663591055,2570.5319336408943,0.014544822997683782,fc6ed5692c5e33a9fffe770a3a11e12d0b94dbf5a1eec4c0ae7c81aee87c07d7
28,128,0.975,boundary_confirmation,8000,42620.02675,14644.882429101463,43070.58443881151,163.73476316981555,0.010571501783759677,0.010571501783759677,41927.59391780712,43312.459582192874,0.027261056841111575,fc6ed5692c5e33a9fffe770a3a11e12d0b94dbf5a1eec4c0ae7c81aee87c07d7
28,128,1.025,boundary_confirmation,8000,45247.398,15799.449021311411,44810.766137033796,176.64321009347418,-0.009649877833112205,0.009649877833112205,44500.375462545264,45994.42053745474,0.025734738835486715,fc6ed5692c5e33a9fffe770a3a11e12d0b94dbf5a1eec4c0ae7c81aee87c07d7
28,128,1.9,boundary_confirmation,8000,19829.4305,3733.938121964139,19931.4120742433,41.746697322448576,0.005142940148649354,0.005142940148649354,19652.88409469142,20005.976905308577,0.01417237176029107,fc6ed5692c5e33a9fffe770a3a11e12d0b94dbf5a1eec4c0ae7c81aee87c07d7
29,10,0.3,boundary_confirmation,8000,189.819875,61.701432830494646,190.54888140104129,0.6898429905906164,0.003840516705857535,0.003840516705857535,186.90253523356532,192.73721476643468,0.019509345675376988,fc6ed5692c5e33a9fffe770a3a11e12d0b94dbf5a1eec4c0ae7c81aee87c07d7
29,10,0.975,boundary_confirmation,8000,285.672,102.52076486938475,284.6366110468853,1.1462169967660831,-0.003624397746767988,0.003624397746767988,280.8246586901085,290.51934130989156,0.020249014184330116,fc6ed5692c5e33a9fffe770a3a11e12d0b94dbf5a1eec4c0ae7c81aee87c07d7
29,10,1.025,boundary_confirmation,8000,288.514875,107.35889818902726,286.0863259848831,1.20030897170072,-0.008417413539308551,0.008417413539308551,283.43877921746144,293.5909707825386,0.02556156539028631,fc6ed5692c5e33a9fffe770a3a11e12d0b94dbf5a1eec4c0ae7c81aee87c07d7
29,10,1.9,boundary_confirmation,8000,258.7635,87.8789687974012,258.93391387027464,0.98251674011786,0.0006585699693914132,0.0006585699693914132,254.60844559453372,262.91855440546635,0.016988706975687995,fc6ed5692c5e33a9fffe770a3a11e12d0b94dbf5a1eec4c0ae7c81aee87c07d7
29,14,0.325,blind2,6000,293.35783333333336,89.7956067808354,295.7625805801624,1.1592562987492177,0.00819731731552783,0.00819731731552783,288.4553489333172,298.2603177333495,0.02533227993125009,fc6ed5692c5e33a9fffe770a3a11e12d0b94dbf5a1eec4c0ae7c81aee87c07d7
29,14,0.525,blind2,6000,382.6123333333333,124.77161018038808,382.99432757439325,1.6107945610270895,0.0009983845469172254,0.0009983845469172254,375.8002977070559,389.4243689596107,0.019143225567493483,fc6ed5692c5e33a9fffe770a3a11e12d0b94dbf5a1eec4c0ae7c81aee87c07d7
29,14,0.725,blind2,6000,503.6855,173.39156273808365,493.1007868803803,2.2384754495249215,-0.021014528152229248,0.021014528152229248,494.2190075746791,513.1519924253209,0.03907459357250509,fc6ed5692c5e33a9fffe770a3a11e12d0b94dbf5a1eec4c0ae7c81aee87c07d7
29,14,0.94,blind2,6000,561.827,203.63030870044102,561.8054652362454,2.6288559812662777,-3.832988402947909e-05,3.832988402947909e-05,550.7095918375837,572.9444081624163,0.020148320572440648,fc6ed5692c5e33a9fffe770a3a11e12d0b94dbf5a1eec4c0ae7c81aee87c07d7
29,14,1.0,blind2,6000,567.3353333333333,202.2501332614879,565.2520638056969,2.611037992966578,-0.003672025000446043,0.003672025000446043,556.2932772822433,578.3773893844234,0.0226933587301813,fc6ed5692c5e33a9fffe770a3a11e12d0b94dbf5a1eec4c0ae7c81aee87c07d7
29,14,1.06,blind2,6000,565.6893333333334,204.79762082880362,559.7973301512174,2.6439259160428588,-0.010415616549453551,0.010415616549453551,554.5081945530794,576.8704721135873,0.029596144694000293,fc6ed5692c5e33a9fffe770a3a11e12d0b94dbf5a1eec4c0ae7c81aee87c07d7
29,14,1.275,blind2,6000,543.661,193.28900861786067,540.7864780267963,2.4953503712730543,-0.005287342614613937,0.005287342614613937,533.1081858544655,554.2138141455343,0.02422771821276193,fc6ed5692c5e33a9fffe770a3a11e12d0b94dbf5a1eec4c0ae7c81aee87c07d7
29,14,1.675,blind2,6000,510.49966666666666,170.0488932755506,507.7082358802739,2.195321772324033,-0.005468036452637774,0.005468036452637774,501.2156707518318,519.7836625815015,0.023231639565689965,fc6ed5692c5e33a9fffe770a3a11e12d0b94dbf5a1eec4c0ae7c81aee87c07d7
29,14,1.875,blind2,6000,492.26466666666664,157.48350324352873,492.291786429581,2.0331032845486283,5.509183321648205e-05,5.509183321648205e-05,483.6666912690989,500.86264206423436,0.017832725131124105,fc6ed5692c5e33a9fffe770a3a11e12d0b94dbf5a1eec4c0ae7c81aee87c07d7
29,28,0.325,blind2,6000,602.6338333333333,136.4935377088537,601.4814814814814,1.7621239947044147,-0.0019121924261668638,0.0019121924261668638,595.18182690106,610.0858397656066,0.014103520723298457,fc6ed5692c5e33a9fffe770a3a11e12d0b94dbf5a1eec4c0ae7c81aee87c07d7
29,28,0.525,blind2,6000,848.7805,229.41968940219053,854.7368421052632,2.961795454489207,0.0070175293910065975,0.0070175293910065975,836.2550938173132,861.3059061826867,0.0221006107162649,fc6ed5692c5e33a9fffe770a3a11e12d0b94dbf5a1eec4c0ae7c81aee87c07d7
29,28,0.725,blind2,6000,1381.4365,437.8531015354016,1370.5358445223537,5.652659234439585,-0.00789081183076189,0.00789081183076189,1357.5314552352252,1405.3415447647749,0.02476671978572076,fc6ed5692c5e33a9fffe770a3a11e12d0b94dbf5a1eec4c0ae7c81aee87c07d7
29,28,0.94,blind2,6000,2237.5871666666667,798.566848738386,2258.782412543438,10.309453686657022,0.00947236657079419,0.00947236657079419,2193.9885802918875,2281.185753041446,0.029532438242194647,fc6ed5692c5e33a9fffe770a3a11e12d0b94dbf5a1eec4c0ae7c81aee87c07d7
29,28,1.0,blind2,6000,2284.9533333333334,820.0259434393165,2275.5389568034334,10.586489407994993,-0.004120161402231402,0.004120161402231402,2240.183165399263,2329.7235012674037,0.023257929292679225,fc6ed5692c5e33a9fffe770a3a11e12d0b94dbf5a1eec4c0ae7c81aee87c07d7
29,28,1.06,blind2,6000,2252.791,794.2255452253145,2231.394092681491,10.253407699300496,-0.009497954900613934,0.009497954900613934,2209.4294315987227,2296.1525684012777,0.02820303694578763,fc6ed5692c5e33a9fffe770a3a11e12d0b94dbf5a1eec4c0ae7c81aee87c07d7
29,28,1.275,blind2,6000,2103.153,696.4363614324386,2083.709655960436,8.990954765070414,-0.009244854767847954,0.009244854767847954,2065.1303336366022,2141.1756663633973,0.026838531422581635,fc6ed5692c5e33a9fffe770a3a11e12d0b94dbf5a1eec4c0ae7c81aee87c07d7
29,28,1.675,blind2,6000,1840.0163333333333,548.9163933919062,1849.405105421469,7.086480166890306,0.005102548231801424,0.005102548231801424,1810.0476728165108,1869.9849938501557,0.02174386520091831,fc6ed5692c5e33a9fffe770a3a11e12d0b94dbf5a1eec4c0ae7c81aee87c07d7
29,28,1.875,blind2,6000,1752.6435,499.978860771086,1749.6460336252635,6.454699337407242,-0.0017102544668875358,0.0017102544668875358,1725.3466348955567,1779.9403651044431,0.017019857559891882,fc6ed5692c5e33a9fffe770a3a11e12d0b94dbf5a1eec4c0ae7c81aee87c07d7
29,56,0.325,blind2,6000,1202.3883333333333,192.24612946152575,1182.5905476603095,2.4818868592577474,-0.0164653840395633,0.0164653840395633,1191.8924562583118,1212.8842104083549,0.024976549688816574,fc6ed5692c5e33a9fffe770a3a11e12d0b94dbf5a1eec4c0ae7c81aee87c07d7
29,56,0.525,blind2,6000,1712.8395,330.88061553482714,1709.1426856757173,4.271650378497482,-0.0021582958148050305,0.0021582958148050305,1694.7747291934907,1730.9042708065094,0.012572379361368347,fc6ed5692c5e33a9fffe770a3a11e12d0b94dbf5a1eec4c0ae7c81aee87c07d7
29,56,0.725,blind2,6000,2937.1141666666667,749.4887253038112,2952.7272727272725,9.675857837572954,0.00531579815241745,0.00531579815241745,2896.1950514057394,2978.033281927594,0.019519479979117405,fc6ed5692c5e33a9fffe770a3a11e12d0b94dbf5a1eec4c0ae7c81aee87c07d7
29,56,0.94,blind2,6000,8180.628,2785.720654374741,8228.907526265653,35.963499005264666,0.005901689487121729,0.005901689487121729,8028.538688056182,8332.717311943818,0.024957074505669974,fc6ed5692c5e33a9fffe770a3a11e12d0b94dbf5a1eec4c0ae7c81aee87c07d7
29,56,1.0,blind2,6000,9075.663166666667,3204.3869671669177,9131.217230375027,41.36845786213855,0.006121212597708557,0.006121212597708557,8900.71633261394,9250.610000719395,0.0258968929182124,fc6ed5692c5e33a9fffe770a3a11e12d0b94dbf5a1eec4c0ae7c81aee87c07d7
29,56,1.06,blind2,6000,8820.142833333333,3096.4023907420155,8775.239646230943,39.97438297500219,-0.005090981852662454,0.005090981852662454,8651.091529366588,8989.19413730008,0.023801298292284723,fc6ed5692c5e33a9fffe770a3a11e12d0b94dbf5a1eec4c0ae7c81aee87c07d7
29,56,1.275,blind2,6000,7744.2285,2400.060895617344,7688.386418853021,30.98465292869877,-0.007210799777793176,0.007210799777793176,7613.194683072065,7875.262316927935,0.02372948234031813,fc6ed5692c5e33a9fffe770a3a11e12d0b94dbf5a1eec4c0ae7c81aee87c07d7
29,56,1.675,blind2,6000,6244.945333333333,1638.633774455421,6250.383615533756,21.154671063329488,0.0008708294324683746,0.0008708294324683746,6155.482420785569,6334.408245881097,0.015417344776703201,fc6ed5692c5e33a9fffe770a3a11e12d0b94dbf5a1eec4c0ae7c81aee87c07d7
29,56,1.875,blind2,6000,5735.891833333333,1396.8748186612168,5726.9927188886695,18.03357636470466,-0.0015514787766651476,0.0015514787766651476,5659.62800203058,5812.155664636086,0.014652557615686068,fc6ed5692c5e33a9fffe770a3a11e12d0b94dbf5a1eec4c0ae7c81aee87c07d7
29,112,0.325,blind2,6000,2403.4615,270.9126392906723,2374.0350575299185,3.4974671341662367,-0.01224335920091975,0.01224335920091975,2388.670743129997,2418.252256870003,0.018284775384564522,fc6ed5692c5e33a9fffe770a3a11e12d0b94dbf5a1eec4c0ae7c81aee87c07d7
29,112,0.525,blind2,6000,3424.2475,471.4205477057789,3402.4754585005867,6.086013101081536,-0.006358197384801555,0.006358197384801555,3398.5098056536003,3449.9851943463996,0.013770997024470932,fc6ed5692c5e33a9fffe770a3a11e12d0b94dbf5a1eec4c0ae7c81aee87c07d7
29,112,0.725,blind2,6000,5931.711333333334,1053.5500723572893,5905.454545454545,13.601272948784668,-0.004426511406790519,0.004426511406790519,5874.191673078977,5989.23099358769,0.01398784722493418,fc6ed5692c5e33a9fffe770a3a11e12d0b94dbf5a1eec4c0ae7c81aee87c07d7
29,112,0.94,blind2,6000,24774.977,8203.841220383649,23966.209405729962,105.91113473825267,-0.03264453461531113,0.03264453461531113,24327.079769333654,25222.874230666344,0.04982242758870481,fc6ed5692c5e33a9fffe770a3a11e12d0b94dbf5a1eec4c0ae7c81aee87c07d7
29,112,1.0,blind2,6000,36557.237,12739.676387971662,36582.99172782268,164.46851495562035,0.0007045042223152018,0.0007045042223152018,35861.701138142955,37252.77286185705,0.020113116968468292,fc6ed5692c5e33a9fffe770a3a11e12d0b94dbf5a1eec4c0ae7c81aee87c07d7
29,112,1.06,blind2,6000,33771.98933333333,11151.38370657717,33757.04972076641,143.96374460914038,-0.000442366969249785,0.000442366969249785,33163.16795977192,34380.81070689474,0.018142707321419982,fc6ed5692c5e33a9fffe770a3a11e12d0b94dbf5a1eec4c0ae7c81aee87c07d7
29,112,1.275,blind2,6000,26747.9185,7256.071996518561,26565.56805634619,93.67548667132796,-0.0068173694956416755,0.0068173694956416755,26351.765714316967,27144.071285683032,0.02131232353644641,fc6ed5692c5e33a9fffe770a3a11e12d0b94dbf5a1eec4c0ae7c81aee87c07d7
29,112,1.675,blind2,6000,19388.116666666665,4193.00549326693,19429.00740815064,54.13146815326345,0.0021090620707000488,0.0021090620707000488,19159.19517755535,19617.03815577798,0.01408264951084015,fc6ed5692c5e33a9fffe770a3a11e12d0b94dbf5a1eec4c0ae7c81aee87c07d7
29,112,1.875,blind2,6000,17284.820333333333,3451.894159868614,17283.91471062083,44.56376198013928,-5.239410621800664e-05,5.239410621800664e-05,17096.360587072402,17473.280079594264,0.010970412246115613,fc6ed5692c5e33a9fffe770a3a11e12d0b94dbf5a1eec4c0ae7c81aee87c07d7
29,128,0.3,boundary_confirmation,8000,2652.61275,277.22351387827547,2622.3066183812134,3.0994531099659013,-0.011425011667755261,0.011425011667755261,2639.5051908376436,2665.720309162356,0.016285913654153883,fc6ed5692c5e33a9fffe770a3a11e12d0b94dbf5a1eec4c0ae7c81aee87c07d7
29,128,0.975,boundary_confirmation,8000,43848.780375,15158.240065014917,44250.85613322579,169.47427602317092,0.009169599582638027,0.009169599582638027,43132.07519487369,44565.48555512632,0.025938490863177233,fc6ed5692c5e33a9fffe770a3a11e12d0b94dbf5a1eec4c0ae7c81aee87c07d7
29,128,1.025,boundary_confirmation,8000,46330.96075,16216.97428876129,45942.64007181519,181.31128449518275,-0.00838145101890221,0.00838145101890221,45564.196968130906,47097.72453186909,0.024525271051519693,fc6ed5692c5e33a9fffe770a3a11e12d0b94dbf5a1eec4c0ae7c81aee87c07d7
29,128,1.9,boundary_confirmation,8000,20848.10775,3895.9129261099915,20916.62059226045,43.55763068601028,0.0032862858865668645,0.0032862858865668645,20663.902923879814,21032.312576120185,0.012229909776075631,fc6ed5692c5e33a9fffe770a3a11e12d0b94dbf5a1eec4c0ae7c81aee87c07d7
30,10,0.3,boundary_confirmation,8000,196.874125,63.615822733791134,196.5160958107068,0.7112465203866674,-0.001818569044018381,0.001818569044018381,193.8662698996882,199.88198010031178,0.016839358344938327,fc6ed5692c5e33a9fffe770a3a11e12d0b94dbf5a1eec4c0ae7c81aee87c07d7
30,10,0.975,boundary_confirmation,8000,290.681625,104.65247741925714,291.02067906236994,1.1700502676161035,0.0011664103720692336,0.0011664103720692336,285.73349300329517,295.6297569967048,0.018503907272130027,fc6ed5692c5e33a9fffe770a3a11e12d0b94dbf5a1eec4c0ae7c81aee87c07d7
30,10,1.025,boundary_confirmation,8000,293.0865,106.746276814237,292.5310877740439,1.193459656508218,-0.0018950454079464734,0.0018950454079464734,288.0393699094471,298.1336300905529,0.018792050782085012,fc6ed5692c5e33a9fffe770a3a11e12d0b94dbf5a1eec4c0ae7c81aee87c07d7
30,10,1.9,boundary_confirmation,8000,265.3825,90.19569197919849,265.8445901697953,1.0084184927156017,0.0017412232147760959,0.0017412232147760959,261.1179073171221,269.6470926828779,0.018101718496589925,fc6ed5692c5e33a9fffe770a3a11e12d0b94dbf5a1eec4c0ae7c81aee87c07d7
30,14,0.325,blind2,6000,303.6166666666667,93.14433799309677,305.6073172988704,1.2024882328025952,0.006556460335523007,0.006556460335523007,298.5313548086433,308.70197852469005,0.02370257722095137,fc6ed5692c5e33a9fffe770a3a11e12d0b94dbf5a1eec4c0ae7c81aee87c07d7
30,14,0.525,blind2,6000,400.3,132.94980108397323,394.85221165550075,1.7163745515993902,-0.013609263913313161,0.013609263913313161,393.04146754873835,407.55853245126167,0.03117667717404593,fc6ed5692c5e33a9fffe770a3a11e12d0b94dbf5a1eec4c0ae7c81aee87c07d7
30,14,0.725,blind2,6000,513.7563333333334,174.17676811498345,506.3945073950269,2.248612407351873,-0.014329411553025098,0.014329411553025098,504.24697180506786,523.2656948615988,0.03224210498078661,fc6ed5692c5e33a9fffe770a3a11e12d0b94dbf5a1eec4c0ae7c81aee87c07d7
30,14,0.94,blind2,6000,573.0996666666666,203.63355446481037,574.4806865693419,2.6288978839041053,0.00240973775243614,0.00240973775243614,561.982081298374,584.2172520349592,0.02224022026127903,fc6ed5692c5e33a9fffe770a3a11e12d0b94dbf5a1eec4c0ae7c81aee87c07d7
30,14,1.0,blind2,6000,575.2303333333333,202.57322856696595,577.9732600224038,2.6152091354244256,0.004768397162186892,0.004768397162186892,564.1706375585239,586.2900291081427,0.024465332906390413,fc6ed5692c5e33a9fffe770a3a11e12d0b94dbf5a1eec4c0ae7c81aee87c07d7
30,14,1.06,blind2,6000,573.5126666666666,207.74955953295444,572.6213202696215,2.6820352808435293,-0.0015541878128442505,0.0015541878128442505,562.170363727433,584.8549696059002,0.02091740683082899,fc6ed5692c5e33a9fffe770a3a11e12d0b94dbf5a1eec4c0ae7c81aee87c07d7
30,14,1.275,blind2,6000,559.5866666666667,198.10622109034,553.9551502023655,2.557540316876571,-0.010063707375028898,0.010063707375028898,548.7708518037862,570.4024815295472,0.028834606895604353,fc6ed5692c5e33a9fffe770a3a11e12d0b94dbf5a1eec4c0ae7c81aee87c07d7
30,14,1.675,blind2,6000,520.539,172.34429466908432,521.405839375844,2.2249552768907574,0.0016652726805177934,0.0016652726805177934,511.12968426243657,529.9483157375633,0.020104790290620622,fc6ed5692c5e33a9fffe770a3a11e12d0b94dbf5a1eec4c0ae7c81aee87c07d7
30,14,1.875,blind2,6000,504.113,160.9048361362973,506.19602920155603,2.0772725022670424,0.004132068011648242,0.004132068011648242,495.32823338028487,512.8977666197152,0.021940594314815653,fc6ed5692c5e33a9fffe770a3a11e12d0b94dbf5a1eec4c0ae7c81aee87c07d7
30,28,0.325,blind2,6000,622.9876666666667,138.12598227361883,622.2222222222222,1.7831987634142221,-0.0012286670915012498,0.0012286670915012498,615.4465352281758,630.5287981051575,0.013173983342074091,fc6ed5692c5e33a9fffe770a3a11e12d0b94dbf5a1eec4c0ae7c81aee87c07d7
30,28,0.525,blind2,6000,880.7975,241.80519456600427,884.2105263157895,3.1216916386019293,0.0038749273423113327,0.0038749273423113327,867.5958943012265,893.9991056987735,0.019150196679923903,fc6ed5692c5e33a9fffe770a3a11e12d0b94dbf5a1eec4c0ae7c81aee87c07d7
30,28,0.725,blind2,6000,1425.0506666666668,457.7065850366221,1414.2916263762593,5.90896660432102,-0.007549935270423707,0.007549935270423707,1400.0617003533882,1450.0396329799453,0.02465312381167195,fc6ed5692c5e33a9fffe770a3a11e12d0b94dbf5a1eec4c0ae7c81aee87c07d7
30,28,0.94,blind2,6000,2289.7205,799.5491449470846,2311.9093117202115,10.322135076181462,0.009690620195876118,0.009690620195876118,2246.068284143646,2333.372715856354,0.029313902894839483,fc6ed5692c5e33a9fffe770a3a11e12d0b94dbf5a1eec4c0ae7c81aee87c07d7
30,28,1.0,blind2,6000,2332.9708333333333,815.8934356473037,2327.0231991191317,10.533138961806534,-0.0025493821565285625,0.0025493821565285625,2288.4262839535504,2377.515382713116,0.02123737409276616,fc6ed5692c5e33a9fffe770a3a11e12d0b94dbf5a1eec4c0ae7c81aee87c07d7
30,28,1.06,blind2,6000,2307.62,812.6683718346802,2283.7179192872563,10.491503567017377,-0.010357892856165033,0.010357892856165033,2263.2515263281193,2351.9884736718805,0.029026738501843674,fc6ed5692c5e33a9fffe770a3a11e12d0b94dbf5a1eec4c0ae7c81aee87c07d7
30,28,1.275,blind2,6000,2152.0376666666666,698.0993413282592,2138.5213135312433,9.01242374320905,-0.0062807233092527755,0.0062807233092527755,2113.9242081889433,2190.15112514439,0.023573629700892385,fc6ed5692c5e33a9fffe770a3a11e12d0b94dbf5a1eec4c0ae7c81aee87c07d7
30,28,1.675,blind2,6000,1919.402,579.6558060938029,1906.8400914788513,7.483324278445781,-0.006544699089168804,0.006544699089168804,1887.755089325522,1951.048910674478,0.02265900098852147,fc6ed5692c5e33a9fffe770a3a11e12d0b94dbf5a1eec4c0ae7c81aee87c07d7
30,28,1.875,blind2,6000,1807.4065,517.8655289185508,1807.5908381045112,6.685615230254809,0.00010199039591325928,0.00010199039591325928,1779.1330936737215,1835.6799063262786,0.015995286992288804,fc6ed5692c5e33a9fffe770a3a11e12d0b94dbf5a1eec4c0ae7c81aee87c07d7
30,56,0.325,blind2,6000,1244.4218333333333,198.74489715628718,1223.4657694656887,2.5657855894333537,-0.016840000156145833,0.016840000156145833,1233.5711492874022,1255.2725173792644,0.025338520100783524,fc6ed5692c5e33a9fffe770a3a11e12d0b94dbf5a1eec4c0ae7c81aee87c07d7
30,56,0.525,blind2,6000,1768.2236666666668,338.7283436448057,1768.421052631579,4.372964112749185,0.0001116295232516025,0.0001116295232516025,1749.7304409945575,1786.716892338776,0.010681994894252256,fc6ed5692c5e33a9fffe770a3a11e12d0b94dbf5a1eec4c0ae7c81aee87c07d7
30,56,0.725,blind2,6000,3056.6145,769.4652500394368,3054.5454545454545,9.933753662960216,-0.0006769075572158774,0.0006769075572158774,3014.604745626605,3098.624254373395,0.01422528070827811,fc6ed5692c5e33a9fffe770a3a11e12d0b94dbf5a1eec4c0ae7c81aee87c07d7
30,56,0.94,blind2,6000,8522.762333333334,2904.182150194464,8447.534913641042,37.49283034018669,-0.00882664759969548,0.00882664759969548,8364.205493009467,8681.3191736572,0.026929577791075632,fc6ed5692c5e33a9fffe770a3a11e12d0b94dbf5a1eec4c0ae7c81aee87c07d7
30,56,1.0,blind2,6000,9284.510333333334,3287.711672207051,9338.353114535563,42.44417517863216,0.005799205264376983,0.005799205264376983,9105.0143004808,9464.006366185868,0.025627506597374783,fc6ed5692c5e33a9fffe770a3a11e12d0b94dbf5a1eec4c0ae7c81aee87c07d7
30,56,1.06,blind2,6000,9008.427,3093.4221571119824,8989.099513176225,39.935908324279104,-0.0021454896425063957,0.0021454896425063957,8839.538404983095,9177.315595016904,0.020508838329900803,fc6ed5692c5e33a9fffe770a3a11e12d0b94dbf5a1eec4c0ae7c81aee87c07d7
30,56,1.275,blind2,6000,7948.104166666667,2468.7277581998906,7916.841959467577,31.87113831276049,-0.00393329107716022,0.00393329107716022,7813.321411069265,8082.886922264069,0.020542779379868037,fc6ed5692c5e33a9fffe770a3a11e12d0b94dbf5a1eec4c0ae7c81aee87c07d7
30,56,1.675,blind2,6000,6446.594333333333,1671.6166979400593,6481.310154419746,21.580478774546947,0.00538514125309669,0.00538514125309669,6355.330683826967,6537.8579828397,0.019822646036872893,fc6ed5692c5e33a9fffe770a3a11e12d0b94dbf5a1eec4c0ae7c81aee87c07d7
30,56,1.875,blind2,6000,5964.635333333334,1454.4003260460843,5953.263661725672,18.776227471650405,-0.001906515817339403,0.001906515817339403,5885.230837217817,6044.0398294488505,0.015019121363311072,fc6ed5692c5e33a9fffe770a3a11e12d0b94dbf5a1eec4c0ae7c81aee87c07d7
30,112,0.325,blind2,6000,2495.9241666666667,281.9254914803377,2454.835216497266,3.6396424445822966,-0.016462419298690165,0.016462419298690165,2480.532151695126,2511.3161816382076,0.022490583047211965,fc6ed5692c5e33a9fffe770a3a11e12d0b94dbf5a1eec4c0ae7c81aee87c07d7
30,112,0.525,blind2,6000,3535.1025,474.57399782013397,3518.8536012304216,6.126723967001513,-0.0045964434608553265,0.0045964434608553265,3509.1926397699217,3561.0123602300782,0.011838981372401802,fc6ed5692c5e33a9fffe770a3a11e12d0b94dbf5a1eec4c0ae7c81aee87c07d7
30,112,0.725,blind2,6000,6101.1805,1085.167878167729,6109.090909090909,14.009457066609512,0.001296537463677499,0.001296537463677499,6041.934632804064,6160.426367195937,0.011115028607265431,fc6ed5692c5e33a9fffe770a3a11e12d0b94dbf5a1eec4c0ae7c81aee87c07d7
30,112,0.94,blind2,6000,25411.348833333333,8272.228364705301,24708.503456271817,106.79400897509414,-0.02765871979765036,0.02765871979765036,24959.717935506447,25862.97973116022,0.04463817730551234,fc6ed5692c5e33a9fffe770a3a11e12d0b94dbf5a1eec4c0ae7c81aee87c07d7
30,112,1.0,blind2,6000,37277.81883333333,13261.037695650853,37413.93309426031,171.1992604956151,0.0036513472404471627,0.0036513472404471627,36553.81870947839,38001.81895718827,0.023530082906465077,fc6ed5692c5e33a9fffe770a3a11e12d0b94dbf5a1eec4c0ae7c81aee87c07d7
30,112,1.06,blind2,6000,34636.5235,11478.618307669116,34638.3768235862,148.18832514358016,5.350778308330519e-05,5.350778308330519e-05,34009.83641357678,35263.21058642323,0.018481135938616555,fc6ed5692c5e33a9fffe770a3a11e12d0b94dbf5a1eec4c0ae7c81aee87c07d7
30,112,1.275,blind2,6000,27363.4705,7696.9858717367215,27493.48559757256,99.36766032410033,0.004751411103812989,0.004751411103812989,26943.245563434535,27783.695436565464,0.02042218829363196,fc6ed5692c5e33a9fffe770a3a11e12d0b94dbf5a1eec4c0ae7c81aee87c07d7
30,112,1.675,blind2,6000,20263.2965,4465.270090086076,20273.107185302077,57.64638898407156,0.00048416037844959276,0.00048416037844959276,20019.51044249348,20507.08255750652,0.012667479733685871,fc6ed5692c5e33a9fffe770a3a11e12d0b94dbf5a1eec4c0ae7c81aee87c07d7
30,112,1.875,blind2,6000,17966.7985,3592.963621370966,18076.944991892746,46.38496089699614,0.006130557533260306,0.006130557533260306,17770.636919995442,18162.96008000456,0.017236752586658577,fc6ed5692c5e33a9fffe770a3a11e12d0b94dbf5a1eec4c0ae7c81aee87c07d7
30,128,0.3,boundary_confirmation,8000,2743.884375,282.8664405399788,2711.4287533188267,3.162542948003974,-0.011828348882657783,0.011828348882657783,2730.5100094833333,2757.258740516667,0.016621576540637784,fc6ed5692c5e33a9fffe770a3a11e12d0b94dbf5a1eec4c0ae7c81aee87c07d7
30,128,0.975,boundary_confirmation,8000,44850.419875,15207.870965448868,45421.52508100669,170.0291663589451,0.012733553166244173,0.012733553166244173,44131.3680686636,45569.4716813364,0.029234466747909194,fc6ed5692c5e33a9fffe770a3a11e12d0b94dbf5a1eec4c0ae7c81aee87c07d7
30,128,1.025,boundary_confirmation,8000,47477.14125,16194.999650694937,47064.212960243254,181.06560057269613,-0.00869741266818053,0.00869741266818053,46711.41646321648,48242.86603678352,0.024431655358982618,fc6ed5692c5e33a9fffe770a3a11e12d0b94dbf5a1eec4c0ae7c81aee87c07d7
30,128,1.9,boundary_confirmation,8000,21791.858,4132.593201508847,21906.929341285864,46.20379660963634,0.005280474078248125,0.005280474078248125,21596.462562127756,21987.253437872245,0.014375816329409208,fc6ed5692c5e33a9fffe770a3a11e12d0b94dbf5a1eec4c0ae7c81aee87c07d7
31,10,0.3,boundary_confirmation,8000,201.025125,66.00033143252408,202.45498032601841,0.7379061381031995,0.007112818987270433,0.007112818987270433,197.90452661754543,204.14572338245458,0.022993176488917966,fc6ed5692c5e33a9fffe770a3a11e12d0b94dbf5a1eec4c0ae7c81aee87c07d7
31,10,0.975,boundary_confirmation,8000,298.3025,108.44572284373591,297.3536904066106,1.2124600407384765,-0.0031806960833026835,0.0031806960833026835,293.1750174564273,303.4299825435727,0.02002535176657938,fc6ed5692c5e33a9fffe770a3a11e12d0b94dbf5a1eec4c0ae7c81aee87c07d7
31,10,1.025,boundary_confirmation,8000,299.7665,109.50212014860548,298.9236028828323,1.2242709216631562,-0.002811845610392405,0.002811845610392405,294.58906934784585,304.94393065215417,0.01974240889611001,fc6ed5692c5e33a9fffe770a3a11e12d0b94dbf5a1eec4c0ae7c81aee87c07d7
31,10,1.9,boundary_confirmation,8000,271.330375,90.31767621949254,272.68294156277534,1.0097823179830077,0.004984943402578266,0.004984943402578266,267.0600147124043,275.6007352875957,0.021054918522438903,fc6ed5692c5e33a9fffe770a3a11e12d0b94dbf5a1eec4c0ae7c81aee87c07d7
31,14,0.325,blind2,6000,315.39433333333335,94.88994599814467,315.42831511301364,1.2250239352444514,0.00010774378639318938,0.00010774378639318938,310.21371819355613,320.57494847311057,0.016809691556592954,fc6ed5692c5e33a9fffe770a3a11e12d0b94dbf5a1eec4c0ae7c81aee87c07d7
31,14,0.525,blind2,6000,408.95733333333334,133.03455520415972,406.6512061579928,1.7174687225860727,-0.00563904101326101,0.00563904101326101,401.69417364286755,416.2204930237991,0.022990907526648674,fc6ed5692c5e33a9fffe770a3a11e12d0b94dbf5a1eec4c0ae7c81aee87c07d7
31,14,0.725,blind2,6000,523.0353333333334,178.45023068732903,519.5812435675707,2.303782571929657,-0.006603931982471534,0.006603931982471534,513.292657678174,532.7780089884927,0.024769726224205035,fc6ed5692c5e33a9fffe770a3a11e12d0b94dbf5a1eec4c0ae7c81aee87c07d7
31,14,0.94,blind2,6000,588.6721666666666,205.85412232594547,587.0525186019303,2.6575652917217707,-0.0027513583220819377,0.0027513583220819377,577.4333470900574,599.9109862432758,0.021433959264301916,fc6ed5692c5e33a9fffe770a3a11e12d0b94dbf5a1eec4c0ae7c81aee87c07d7
31,14,1.0,blind2,6000,589.067,209.5514936296416,590.5934444882174,2.7052981500016386,0.002591291802490052,0.002591291802490052,577.626318597548,600.507681402452,0.02244898730056666,fc6ed5692c5e33a9fffe770a3a11e12d0b94dbf5a1eec4c0ae7c81aee87c07d7
31,14,1.06,blind2,6000,587.71,215.03911009351677,585.3395705303193,2.776142973918179,-0.004033331863811648,0.004033331863811648,575.9697164781138,599.4502835218863,0.023539421665903282,fc6ed5692c5e33a9fffe770a3a11e12d0b94dbf5a1eec4c0ae7c81aee87c07d7
31,14,1.275,blind2,6000,569.1821666666667,195.84391009549535,567.0024750321702,2.528334007519987,-0.0038295149815771126,0.0038295149815771126,558.4898650218357,579.8744683114977,0.02219789623917867,fc6ed5692c5e33a9fffe770a3a11e12d0b94dbf5a1eec4c0ae7c81aee87c07d7
31,14,1.675,blind2,6000,535.2546666666667,174.2195919596664,534.9612372565363,2.249165260809465,-0.0005482052346368017,0.0005482052346368017,525.7429671261306,544.7663662072029,0.017998778116447012,fc6ed5692c5e33a9fffe770a3a11e12d0b94dbf5a1eec4c0ae7c81aee87c07d7
31,14,1.875,blind2,6000,523.0908333333333,169.18836652244536,519.9522347937684,2.184212419711558,-0.006000102352328667,0.006000102352328667,513.853818770194,532.3278478964726,0.02324810387359444,fc6ed5692c5e33a9fffe770a3a11e12d0b94dbf5a1eec4c0ae7c81aee87c07d7
31,28,0.325,blind2,6000,641.2508333333334,144.33827110433944,642.9629629629629,1.8633990673582597,0.0026699842567526914,0.0026699842567526914,633.3705355350079,649.1311311316589,0.015145048419172635,fc6ed5692c5e33a9fffe770a3a11e12d0b94dbf5a1eec4c0ae7c81aee87c07d7
31,28,0.525,blind2,6000,908.6495,244.11289294197488,913.6842105263158,3.151483896529276,0.005540871949322426,0.005540871949322426,895.3219031119721,921.9770968880279,0.02050916809978598,fc6ed5692c5e33a9fffe770a3a11e12d0b94dbf5a1eec4c0ae7c81aee87c07d7
31,28,0.725,blind2,6000,1488.1905,463.9991994453557,1457.8837135163633,5.990203907018121,-0.020364856840328335,0.020364856840328335,1462.8579818685414,1513.5230181314585,0.03676145255047758,fc6ed5692c5e33a9fffe770a3a11e12d0b94dbf5a1eec4c0ae7c81aee87c07d7
31,28,0.94,blind2,6000,2322.3115,800.7128917347643,2364.5774131066764,10.337158982607749,0.018199932742302933,0.018199932742302933,2278.5957481792852,2366.0272518207144,0.03773449722097255,fc6ed5692c5e33a9fffe770a3a11e12d0b94dbf5a1eec4c0ae7c81aee87c07d7
31,28,1.0,blind2,6000,2386.8051666666665,835.475450912923,2378.1033944312576,10.785941691836276,-0.0036457823859840062,0.0036457823859840062,2341.1915168286077,2432.4188165047253,0.022329798513693655,fc6ed5692c5e33a9fffe770a3a11e12d0b94dbf5a1eec4c0ae7c81aee87c07d7
31,28,1.06,blind2,6000,2357.146333333333,816.847656299604,2335.5988427266625,10.545457897456421,-0.009141346170137635,0.009141346170137635,2312.549687286132,2401.742979380534,0.02754005620989952,fc6ed5692c5e33a9fffe770a3a11e12d0b94dbf5a1eec4c0ae7c81aee87c07d7
31,28,1.275,blind2,6000,2201.3373333333334,720.2338601744431,2192.7877887737254,9.298179152767664,-0.0038837957409562397,0.0038837957409562397,2162.015417813718,2240.6592488529486,0.021364899684648497,fc6ed5692c5e33a9fffe770a3a11e12d0b94dbf5a1eec4c0ae7c81aee87c07d7
31,28,1.675,blind2,6000,1962.752,592.5893284403319,1963.6889758594873,7.650295333965476,0.0004773786293364355,0.0004773786293364355,1930.398970242259,1995.1050297577408,0.01724514265206545,fc6ed5692c5e33a9fffe770a3a11e12d0b94dbf5a1eec4c0ae7c81aee87c07d7
31,28,1.875,blind2,6000,1865.345,536.6295002250174,1864.9838858838248,6.9278570581836725,-0.00019359106019275707,0.00019359106019275707,1836.047155174889,1894.642844825111,0.01576034179044794,fc6ed5692c5e33a9fffe770a3a11e12d0b94dbf5a1eec4c0ae7c81aee87c07d7
31,56,0.325,blind2,6000,1282.0996666666667,203.6920759631817,1264.358257815683,2.629653393199396,-0.013837776666075998,0.013837776666075998,1270.9788862563992,1293.2204470769343,0.02231807371008443,fc6ed5692c5e33a9fffe770a3a11e12d0b94dbf5a1eec4c0ae7c81aee87c07d7
31,56,0.525,blind2,6000,1832.2785,349.2118627594601,1827.3684210526317,4.5083057625515295,-0.002679766720707698,0.002679766720707698,1813.212915715266,1851.3440842847338,0.012950409076098346,fc6ed5692c5e33a9fffe770a3a11e12d0b94dbf5a1eec4c0ae7c81aee87c07d7
31,56,0.725,blind2,6000,3152.2798333333335,793.5444778542836,3156.363636363636,10.244615157348337,0.001295507774125552,0.001295507774125552,3108.9554485124286,3195.6042181542384,0.01524891193725253,fc6ed5692c5e33a9fffe770a3a11e12d0b94dbf5a1eec4c0ae7c81aee87c07d7
31,56,0.94,blind2,6000,8629.954166666666,2936.8478099671975,8664.414480907564,37.9145421944956,0.003993105128414389,0.003993105128414389,8469.61391072601,8790.294422607323,0.022999935089704326,fc6ed5692c5e33a9fffe770a3a11e12d0b94dbf5a1eec4c0ae7c81aee87c07d7
31,56,1.0,blind2,6000,9462.444666666666,3377.2706721261907,9543.872810681807,43.600376895931554,0.008605402396907803,0.008605402396907803,9278.059067211434,9646.830266121899,0.02864971450869036,fc6ed5692c5e33a9fffe770a3a11e12d0b94dbf5a1eec4c0ae7c81aee87c07d7
31,56,1.06,blind2,6000,9202.398333333333,3149.088331387944,9201.037195449595,40.65455554400537,-0.0001479112112336313,0.0001479112112336313,9030.470585725561,9374.326080941104,0.01888789826674686,fc6ed5692c5e33a9fffe770a3a11e12d0b94dbf5a1eec4c0ae7c81aee87c07d7
31,56,1.275,blind2,6000,8172.940333333333,2472.8103479528536,8142.977264964357,31.9238443198359,-0.0036661308105690304,0.0036661308105690304,8037.934684508822,8307.945982157844,0.019856739264768164,fc6ed5692c5e33a9fffe770a3a11e12d0b94dbf5a1eec4c0ae7c81aee87c07d7
31,56,1.675,blind2,6000,6718.208333333333,1755.029655337028,6710.682383137407,22.657335424068176,-0.0011202317377663347,0.0011202317377663347,6622.390666798095,6814.0259998685715,0.015166307955554958,fc6ed5692c5e33a9fffe770a3a11e12d0b94dbf5a1eec4c0ae7c81aee87c07d7
31,56,1.875,blind2,6000,6179.3205,1537.6619294070922,6178.549063378733,19.851130148969443,-0.000124841658765997,0.000124841658765997,6095.370250186377,6263.270749813622,0.013646228166338537,fc6ed5692c5e33a9fffe770a3a11e12d0b94dbf5a1eec4c0ae7c81aee87c07d7
31,112,0.325,blind2,6000,2572.724833333333,287.9923263676424,2535.609235673287,3.7179649461913673,-0.014426571073268507,0.014426571073268507,2557.001593211044,2588.4480734556223,0.02041332732311474,fc6ed5692c5e33a9fffe770a3a11e12d0b94dbf5a1eec4c0ae7c81aee87c07d7
31,112,0.525,blind2,6000,3649.8921666666665,499.61160831706707,3635.224555733431,6.449958128613012,-0.004018642267623797,0.004018642267623797,3622.615352091322,3677.168981242011,0.011406716885339563,fc6ed5692c5e33a9fffe770a3a11e12d0b94dbf5a1eec4c0ae7c81aee87c07d7
31,112,0.725,blind2,6000,6305.504166666667,1143.7237118162764,6312.727272727272,14.765409628423232,0.0011455239533088553,0.0011455239533088553,6243.061382925664,6367.94695040767,0.011158930775875486,fc6ed5692c5e33a9fffe770a3a11e12d0b94dbf5a1eec4c0ae7c81aee87c07d7
31,112,0.94,blind2,6000,26130.145333333334,8468.98168406366,25447.51627203466,109.33408340571398,-0.026124196884120175,0.026124196884120175,25667.772483718538,26592.51818294813,0.0430572954030235,fc6ed5692c5e33a9fffe770a3a11e12d0b94dbf5a1eec4c0ae7c81aee87c07d7
31,112,1.0,blind2,6000,38012.984833333336,13398.253285165652,38238.40970864078,172.9707061390513,0.00593020717251777,0.00593020717251777,37281.49328187797,38744.4763847887,0.025667330960370993,fc6ed5692c5e33a9fffe770a3a11e12d0b94dbf5a1eec4c0ae7c81aee87c07d7
31,112,1.06,blind2,6000,35862.26733333334,11824.966774135186,35511.13374963824,152.65966461893873,-0.009791170770977,0.009791170770977,35216.6709927195,36507.86367394718,0.027301787176887693,fc6ed5692c5e33a9fffe770a3a11e12d0b94dbf5a1eec4c0ae7c81aee87c07d7
31,112,1.275,blind2,6000,28229.974166666667,7781.042726769891,28414.13355602941,100.45282965636045,0.00652354083909133,0.00652354083909133,27805.16005881223,28654.788274521103,0.02190145627391127,fc6ed5692c5e33a9fffe770a3a11e12d0b94dbf5a1eec4c0ae7c81aee87c07d7
31,112,1.675,blind2,6000,21118.181666666667,4584.269605615132,21117.297651013145,59.18266612357416,-4.1860405762010155e-05,4.1860405762010155e-05,20867.89870703536,21368.464626297973,0.011951320421816236,fc6ed5692c5e33a9fffe770a3a11e12d0b94dbf5a1eec4c0ae7c81aee87c07d7
31,112,1.875,blind2,6000,18751.405833333334,3775.9330016308254,18872.35256889896,48.747085439037235,0.0064500089561619275,0.0064500089561619275,18545.254850009816,18957.556816656852,0.017637812019012156,fc6ed5692c5e33a9fffe770a3a11e12d0b94dbf5a1eec4c0ae7c81aee87c07d7
31,128,0.3,boundary_confirmation,8000,2836.19075,296.5511531553068,2800.512505465707,3.315542686306086,-0.012579635038402582,0.012579635038402582,2822.1693499741896,2850.212150025811,0.0174371737765745,fc6ed5692c5e33a9fffe770a3a11e12d0b94dbf5a1eec4c0ae7c81aee87c07d7
31,128,0.975,boundary_confirmation,8000,45913.289,15637.341397468324,46582.799223455644,174.83079176055364,0.01458205757064468,0.01458205757064468,45173.93116327885,46652.64683672114,0.031187634635659878,fc6ed5692c5e33a9fffe770a3a11e12d0b94dbf5a1eec4c0ae7c81aee87c07d7
31,128,1.025,boundary_confirmation,8000,48594.4355,16553.656198708275,48175.692077165455,185.07550268236233,-0.008617106434635806,0.008617106434635806,47811.75287347091,49377.11812652909,0.024331635683657593,fc6ed5692c5e33a9fffe770a3a11e12d0b94dbf5a1eec4c0ae7c81aee87c07d7
31,128,1.9,boundary_confirmation,8000,22697.80825,4316.199448263667,22901.756691224255,48.25657685382323,0.008985380393468448,0.008985380393468448,22493.731623045885,22901.88487695411,0.01813950104038442,fc6ed5692c5e33a9fffe770a3a11e12d0b94dbf5a1eec4c0ae7c81aee87c07d7
32,10,0.3,boundary_confirmation,8000,206.91275,66.13465514776605,208.36589182422247,0.7394079228945565,0.0070229689771291745,0.0070229689771291745,203.78580058324889,210.0396994167511,0.022475026365257333,fc6ed5692c5e33a9fffe770a3a11e12d0b94dbf5a1eec4c0ae7c81aee87c07d7
32,10,0.975,boundary_confirmation,8000,305.04575,108.5142194549428,303.63589190945845,1.2132258561329115,-0.004621792273918084,0.004621792273918084,299.91502883005234,310.17647116994766,0.02108663895691043,fc6ed5692c5e33a9fffe770a3a11e12d0b94dbf5a1eec4c0ae7c81aee87c07d7
32,10,1.025,boundary_confirmation,8000,303.1655,107.44949178060587,305.2641747707393,1.2013218388461981,0.0069225382529981404,0.0069225382529981404,298.08512081146625,308.24587918853376,0.024083905763997215,fc6ed5692c5e33a9fffe770a3a11e12d0b94dbf5a1eec4c0ae7c81aee87c07d7
32,10,1.9,boundary_confirmation,8000,277.227,90.72966551809627,279.4510470931,1.0143884983714095,0.00802247650156735,0.00802247650156735,272.9371602172123,281.51683978278766,0.023865884992368747,fc6ed5692c5e33a9fffe770a3a11e12d0b94dbf5a1eec4c0ae7c81aee87c07d7
32,14,0.325,blind2,6000,323.4255,98.0939100332649,325.2256265774558,1.2663869330773454,0.005565815241704149,0.005565815241704149,318.06996111658435,328.78103888341565,0.02249714319375351,fc6ed5692c5e33a9fffe770a3a11e12d0b94dbf5a1eec4c0ae7c81aee87c07d7
32,14,0.525,blind2,6000,421.38783333333333,136.908916536543,418.3921108033688,1.7674865123111074,-0.007109181359763716,0.007109181359763716,413.9131488626142,428.86251780405246,0.024414367229610878,fc6ed5692c5e33a9fffe770a3a11e12d0b94dbf5a1eec4c0ae7c81aee87c07d7
32,14,0.725,blind2,6000,536.414,179.30936649308651,532.6631083606611,2.3148739674890875,-0.0069925312153278525,0.0069925312153278525,526.6244189333598,546.2035810666401,0.024790157324741213,fc6ed5692c5e33a9fffe770a3a11e12d0b94dbf5a1eec4c0ae7c81aee87c07d7
32,14,0.94,blind2,6000,604.6078333333334,212.87359684410006,599.5216925617847,2.748186318081571,-0.008412297180318842,0.008412297180318842,592.9857782560658,616.2298884106009,0.02711357589601915,fc6ed5692c5e33a9fffe770a3a11e12d0b94dbf5a1eec4c0ae7c81aee87c07d7
32,14,1.0,blind2,6000,599.297,210.6607512479549,603.1130915384549,2.719618604276242,0.006367613284322939,0.006367613284322939,587.7957575259729,610.7982424740271,0.026058939378794665,fc6ed5692c5e33a9fffe770a3a11e12d0b94dbf5a1eec4c0ae7c81aee87c07d7
32,14,1.06,blind2,6000,596.7193333333333,210.96430001827937,597.952969393444,2.723537402050337,0.002067363987051498,0.002067363987051498,585.2015182989717,608.237148367695,0.021789846225173104,fc6ed5692c5e33a9fffe770a3a11e12d0b94dbf5a1eec4c0ae7c81aee87c07d7
32,14,1.275,blind2,6000,587.2176666666667,200.25589968533265,579.9307459530013,2.5852925482035882,-0.012409232772286111,0.012409232772286111,576.284487868569,598.1508454647643,0.030460710120046697,fc6ed5692c5e33a9fffe770a3a11e12d0b94dbf5a1eec4c0ae7c81aee87c07d7
32,14,1.675,blind2,6000,547.59,178.82074556150877,548.3784907969022,2.308565898387058,0.001439929138410351,0.001439929138410351,537.8270957005254,557.3529042994746,0.019618563625236174,fc6ed5692c5e33a9fffe770a3a11e12d0b94dbf5a1eec4c0ae7c81aee87c07d7
32,14,1.875,blind2,6000,531.7621666666666,168.2811764905166,533.5648224465845,2.172500646759873,0.0033899662159451865,0.0033899662159451865,522.5746810853877,540.9496522479456,0.021030757438095238,fc6ed5692c5e33a9fffe770a3a11e12d0b94dbf5a1eec4c0ae7c81aee87c07d7
32,28,0.325,blind2,6000,662.218,148.64748956965008,663.7037037037037,1.9190308385293182,0.002243526608614889,0.002243526608614889,654.1024359446736,670.3335640553263,0.01467853845424627,fc6ed5692c5e33a9fffe770a3a11e12d0b94dbf5a1eec4c0ae7c81aee87c07d7
32,28,0.525,blind2,6000,941.248,252.19373725276813,943.1578947368422,3.2558071479926,0.0020291089456149153,0.0020291089456149153,927.4792210253104,955.0167789746897,0.016904609134207105,fc6ed5692c5e33a9fffe770a3a11e12d0b94dbf5a1eec4c0ae7c81aee87c07d7
32,28,0.725,blind2,6000,1527.3333333333333,490.3714485793593,1501.3137595206672,6.330668179344884,-0.017035949680924967,0.017035949680924967,1500.5609948742685,1554.105671792398,0.033969319609292836,fc6ed5692c5e33a9fffe770a3a11e12d0b94dbf5a1eec4c0ae7c81aee87c07d7
32,28,0.94,blind2,6000,2383.6576666666665,814.206569733743,2416.79328937391,10.511361616504848,0.013901166753353704,0.013901166753353704,2339.2052134831524,2428.1101198501806,0.03316856316989236,fc6ed5692c5e33a9fffe770a3a11e12d0b94dbf5a1eec4c0ae7c81aee87c07d7
32,28,1.0,blind2,6000,2429.7415,837.0827844021205,2428.781440081079,10.806692277954488,-0.00039512841959573095,0.00039512841959573095,2384.0400961209707,2475.4429038790295,0.018849743504417704,fc6ed5692c5e33a9fffe770a3a11e12d0b94dbf5a1eec4c0ae7c81aee87c07d7
32,28,1.06,blind2,6000,2403.616666666667,841.460132298572,2387.0421920264175,10.863203596299531,-0.00689563975408555,0.00689563975408555,2357.6762769335946,2449.557056399739,0.025520885177993446,fc6ed5692c5e33a9fffe770a3a11e12d0b94dbf5a1eec4c0ae7c81aee87c07d7
32,28,1.275,blind2,6000,2246.6785,737.8524038266204,2246.5231795644845,9.525633573265369,-6.913336087716938e-05,6.913336087716938e-05,2206.394681793802,2286.962318206198,0.018187361536811553,fc6ed5692c5e33a9fffe770a3a11e12d0b94dbf5a1eec4c0ae7c81aee87c07d7
32,28,1.675,blind2,6000,2015.5463333333332,604.0275267420069,2019.9664062436138,7.797961839075493,0.0021929899785388,0.0021929899785388,1982.5688232613704,2048.5238434052962,0.018863195337009087,fc6ed5692c5e33a9fffe770a3a11e12d0b94dbf5a1eec4c0ae7c81aee87c07d7
32,28,1.875,blind2,6000,1908.3193333333334,543.1888382922,1921.8348932595532,7.012537748504814,0.00708244143951089,0.00708244143951089,1878.6633746349314,1937.9752920317353,0.022979911785958373,fc6ed5692c5e33a9fffe770a3a11e12d0b94dbf5a1eec4c0ae7c81aee87c07d7
32,56,0.325,blind2,6000,1328.2395,209.3444115650704,1305.2682978636642,2.702624732043697,-0.017294472974441512,0.017294472974441512,1316.8101244579066,1339.6688755420932,0.02567841823189998,fc6ed5692c5e33a9fffe770a3a11e12d0b94dbf5a1eec4c0ae7c81aee87c07d7
32,56,0.525,blind2,6000,1877.8236666666667,366.65909060235015,1886.3157894736844,4.7335485054615285,0.004522321748182101,0.004522321748182101,1857.8055328598605,1897.8418004734729,0.015346200724214665,fc6ed5692c5e33a9fffe770a3a11e12d0b94dbf5a1eec4c0ae7c81aee87c07d7
32,56,0.725,blind2,6000,3247.439,819.8369822055472,3258.181818181818,10.58404992895677,0.0033080892918444862,0.0033080892918444862,3202.679148600713,3292.198851399287,0.017330074917231375,fc6ed5692c5e33a9fffe770a3a11e12d0b94dbf5a1eec4c0ae7c81aee87c07d7
32,56,0.94,blind2,6000,8802.662166666667,2927.8555540519537,8879.580087196366,37.798452669813685,0.00873802936808893,0.00873802936808893,8642.812852275669,8962.511481057665,0.027394696491473303,fc6ed5692c5e33a9fffe770a3a11e12d0b94dbf5a1eec4c0ae7c81aee87c07d7
32,56,1.0,blind2,6000,9772.1085,3397.558121248106,9747.783908178833,43.86228673788558,-0.002489185606275954,0.002489185606275954,9586.615286192553,9957.601713807448,0.021071118494092378,fc6ed5692c5e33a9fffe770a3a11e12d0b94dbf5a1eec4c0ae7c81aee87c07d7
32,56,1.06,blind2,6000,9482.019833333334,3228.1625002924943,9411.087083661207,41.67539867494709,-0.0074807636894797785,0.0074807636894797785,9305.774949360028,9658.26471730664,0.025592344057676963,fc6ed5692c5e33a9fffe770a3a11e12d0b94dbf5a1eec4c0ae7c81aee87c07d7
32,56,1.275,blind2,6000,8353.619666666667,2518.705187588169,8366.852210605037,32.51634415178402,0.001584049126772081,0.001584049126772081,8216.108341412992,8491.130991920343,0.01834735654984332,fc6ed5692c5e33a9fffe770a3a11e12d0b94dbf5a1eec4c0ae7c81aee87c07d7
32,56,1.675,blind2,6000,6947.265666666666,1822.6825219120956,6938.479465002705,23.530730175962937,-0.0012646992479527133,0.0012646992479527133,6847.754421626968,7046.776911706364,0.015368366000596878,fc6ed5692c5e33a9fffe770a3a11e12d0b94dbf5a1eec4c0ae7c81aee87c07d7
32,56,1.875,blind2,6000,6400.612666666667,1579.502314728681,6402.787154577514,20.391287200800825,0.0003397312138839022,0.0003397312138839022,6314.3780975674645,6486.847235765869,0.014001229518407987,fc6ed5692c5e33a9fffe770a3a11e12d0b94dbf5a1eec4c0ae7c81aee87c07d7
32,112,0.325,blind2,6000,2649.3848333333335,297.97965430943316,2616.3588571620776,3.846900795496926,-0.01246552624433355,0.01246552624433355,2633.1163246707697,2665.6533419958973,0.018492458886987473,fc6ed5692c5e33a9fffe770a3a11e12d0b94dbf5a1eec4c0ae7c81aee87c07d7
32,112,0.525,blind2,6000,3766.4373333333333,507.63279797752034,3751.590408649238,6.553511241852035,-0.003941901423050045,0.003941901423050045,3738.7225935789106,3794.152073087756,0.011217701246191925,fc6ed5692c5e33a9fffe770a3a11e12d0b94dbf5a1eec4c0ae7c81aee87c07d7
32,112,0.725,blind2,6000,6524.7755,1194.9134861875964,6516.363636363636,15.426266773877357,-0.001289218860689338,0.001289218860689338,6459.537957369419,6590.0130426305805,0.011175912064287141,fc6ed5692c5e33a9fffe770a3a11e12d0b94dbf5a1eec4c0ae7c81aee87c07d7
32,112,0.94,blind2,6000,26860.081,8688.120389326004,26183.290437407126,112.16315192568239,-0.025196892093991546,0.025196892093991546,26385.74404520787,27334.417954792127,0.04211275028020822,fc6ed5692c5e33a9fffe770a3a11e12d0b94dbf5a1eec4c0ae7c81aee87c07d7
32,112,1.0,blind2,6000,38836.26833333333,13562.546138168731,39056.45192842437,175.0917177509907,0.005669535322013791,0.005669535322013791,38095.80704295914,39576.72962370753,0.02521655163734815,fc6ed5692c5e33a9fffe770a3a11e12d0b94dbf5a1eec4c0ae7c81aee87c07d7
32,112,1.06,blind2,6000,36205.229,12004.975427577037,36375.52558737978,154.9835663421171,0.004703646188228232,0.004703646188228232,35549.80490002238,36860.65309997762,0.02322715102599293,fc6ed5692c5e33a9fffe770a3a11e12d0b94dbf5a1eec4c0ae7c81aee87c07d7
32,112,1.275,blind2,6000,29101.629333333334,8018.280044482826,29327.536032294658,103.51555025836417,0.007762682163729155,0.007762682163729155,28663.863007760407,29539.39565890626,0.023153649051231184,fc6ed5692c5e33a9fffe770a3a11e12d0b94dbf5a1eec4c0ae7c81aee87c07d7
32,112,1.675,blind2,6000,22077.009833333334,4812.04028155922,21961.19176934338,62.12317290586036,-0.005246093781010365,0.005246093781010365,21814.2914971215,22339.728169545167,0.01694453922307937,fc6ed5692c5e33a9fffe770a3a11e12d0b94dbf5a1eec4c0ae7c81aee87c07d7
32,112,1.875,blind2,6000,19525.072333333334,3989.758066935053,19669.70988296953,51.507555162120525,0.007407785598277747,0.007407785598277747,19307.24734852392,19742.897318142746,0.0187733925972271,fc6ed5692c5e33a9fffe770a3a11e12d0b94dbf5a1eec4c0ae7c81aee87c07d7
32,128,0.3,boundary_confirmation,8000,2927.87875,306.28944676822886,2889.5598572492318,3.4244201188228147,-0.013087595499222126,0.013087595499222126,2913.396908297053,2942.3605917029467,0.017945025026030348,fc6ed5692c5e33a9fffe770a3a11e12d0b94dbf5a1eec4c0ae7c81aee87c07d7
32,128,0.975,boundary_confirmation,8000,46800.06575,15408.459832214805,47734.86107253037,172.27181806703652,0.019974230966339438,0.019974230966339438,46071.52978987858,47528.601710121424,0.03610323534377646,fc6ed5692c5e33a9fffe770a3a11e12d0b94dbf5a1eec4c0ae7c81aee87c07d7
32,128,1.025,boundary_confirmation,8000,49908.6655,16836.22894246913,49277.26062951267,188.23476200055185,-0.012651207243506336,0.012651207243506336,49112.62239439503,50704.708605604974,0.02815217788145441,fc6ed5692c5e33a9fffe770a3a11e12d0b94dbf5a1eec4c0ae7c81aee87c07d7
32,128,1.9,boundary_confirmation,8000,23639.5615,4561.833207713169,23900.549862402102,51.00284577231282,0.011040321640572826,0.011040321640572826,23423.87092663415,23855.25207336585,0.020350135008041947,fc6ed5692c5e33a9fffe770a3a11e12d0b94dbf5a1eec4c0ae7c81aee87c07d7
33,10,0.3,boundary_confirmation,8000,213.403,68.93923533279894,214.24912854839863,0.7707640826049689,0.003964932772260178,0.003964932772260178,210.143445667502,216.662554332498,0.019537525274011314,fc6ed5692c5e33a9fffe770a3a11e12d0b94dbf5a1eec4c0ae7c81aee87c07d7
33,10,0.975,boundary_confirmation,8000,310.751375,109.7055352918374,309.867507534424,1.2265451721027534,-0.002844291406839228,0.002844291406839228,305.5643265633111,315.9384234366889,0.019215503566255565,fc6ed5692c5e33a9fffe770a3a11e12d0b94dbf5a1eec4c0ae7c81aee87c07d7
33,10,1.025,boundary_confirmation,8000,310.32525,109.26476243957322,311.5530774447852,1.2216171818012573,0.003956582472052118,0.003956582472052118,305.1590419897143,315.49145801028567,0.020953124683378732,fc6ed5692c5e33a9fffe770a3a11e12d0b94dbf5a1eec4c0ae7c81aee87c07d7
33,10,1.9,boundary_confirmation,8000,285.27775,95.88277240043125,286.1507415198305,1.0720019847925248,0.003060145839731503,0.003060145839731503,280.7442633043469,289.8112366956532,0.019257662300378398,fc6ed5692c5e33a9fffe770a3a11e12d0b94dbf5a1eec4c0ae7c81aee87c07d7
33,14,0.325,blind2,6000,331.0908333333333,98.18084077636948,334.99926536522497,1.2675092041450702,0.011804712297657484,0.011804712297657484,325.73054837572505,336.45111829094157,0.028455166504090412,fc6ed5692c5e33a9fffe770a3a11e12d0b94dbf5a1eec4c0ae7c81aee87c07d7
33,14,0.525,blind2,6000,432.0618333333333,138.68592204738943,430.07560058624455,1.7904275548098643,-0.00459710299279408,0.00459710299279408,424.49013140142665,439.63353526523997,0.021740686076709204,fc6ed5692c5e33a9fffe770a3a11e12d0b94dbf5a1eec4c0ae7c81aee87c07d7
33,14,0.725,blind2,6000,546.468,182.45940155242522,545.6419496681129,2.355540745238382,-0.0015116170240288872,0.0015116170240288872,536.5064394981564,556.4295605018435,0.019387199386030507,fc6ed5692c5e33a9fffe770a3a11e12d0b94dbf5a1eec4c0ae7c81aee87c07d7
33,14,0.94,blind2,6000,616.0576666666667,214.17463934192838,611.8888613568713,2.764982704504228,-0.006766907605178848,0.006766907605178848,604.3645798231689,627.7507535101645,0.02526781858022309,fc6ed5692c5e33a9fffe770a3a11e12d0b94dbf5a1eec4c0ae7c81aee87c07d7
33,14,1.0,blind2,6000,612.4766666666667,213.0363651375841,615.5326317091253,2.750287647714752,0.004989520758546401,0.004989520758546401,600.8457250853904,624.107608247943,0.02444372325632771,fc6ed5692c5e33a9fffe770a3a11e12d0b94dbf5a1eec4c0ae7c81aee87c07d7
33,14,1.06,blind2,6000,617.5333333333333,216.45464418915586,610.4623127328272,2.7944174405128424,-0.011450427400150271,0.011450427400150271,605.7157672575411,629.3508994091255,0.030012806359746458,fc6ed5692c5e33a9fffe770a3a11e12d0b94dbf5a1eec4c0ae7c81aee87c07d7
33,14,1.275,blind2,6000,599.1368333333334,203.30434054831818,592.741990407232,2.6246477505177253,-0.010673426453391675,0.010673426453391675,588.0372217406823,610.2364449259844,0.028668321376436823,fc6ed5692c5e33a9fffe770a3a11e12d0b94dbf5a1eec4c0ae7c81aee87c07d7
33,14,1.675,blind2,6000,559.6285,183.7895479093868,561.6611886374241,2.3727128608668178,0.003632210720905083,0.003632210720905083,549.5943187765141,569.662681223486,0.02195595814704343,fc6ed5692c5e33a9fffe770a3a11e12d0b94dbf5a1eec4c0ae7c81aee87c07d7
33,14,1.875,blind2,6000,547.266,175.394700017225,547.0377137056701,2.264335840599194,-0.00041713955248435885,0.00041713955248435885,537.6901442147761,556.8418557852239,0.017606690261687707,fc6ed5692c5e33a9fffe770a3a11e12d0b94dbf5a1eec4c0ae7c81aee87c07d7
33,28,0.325,blind2,6000,682.77,153.53940262364685,684.4444444444443,1.9821851644933988,0.002452428261997981,0.002452428261997981,674.387356871507,691.152643128493,0.014912924257050708,fc6ed5692c5e33a9fffe770a3a11e12d0b94dbf5a1eec4c0ae7c81aee87c07d7
33,28,0.525,blind2,6000,968.7026666666667,262.17217491775466,972.6315789473684,3.384628224318139,0.004055849556212383,0.004055849556212383,954.3891045255965,983.0162288077369,0.019114294510769625,fc6ed5692c5e33a9fffe770a3a11e12d0b94dbf5a1eec4c0ae7c81aee87c07d7
33,28,0.725,blind2,6000,1582.3028333333334,507.3543152395286,1544.5831010472934,6.549916045163874,-0.023838503914309684,0.023838503914309684,1554.6032976331803,1610.0023690334865,0.040633025916269605,fc6ed5692c5e33a9fffe770a3a11e12d0b94dbf5a1eec4c0ae7c81aee87c07d7
33,28,0.94,blind2,6000,2420.3243333333335,827.8650720804794,2468.5627297197484,10.687692123581666,0.019930550514269202,0.019930550514269202,2375.1261800305933,2465.5224866360736,0.03933961508013506,fc6ed5692c5e33a9fffe770a3a11e12d0b94dbf5a1eec4c0ae7c81aee87c07d7
33,28,1.0,blind2,6000,2490.2935,857.1888231135707,2479.059058212632,11.066260121579983,-0.004511292258269264,0.004511292258269264,2443.4943860585,2537.0926139415005,0.022874039130448054,fc6ed5692c5e33a9fffe770a3a11e12d0b94dbf5a1eec4c0ae7c81aee87c07d7
33,28,1.06,blind2,6000,2445.9591666666665,842.0982126406601,2438.052711167614,10.871441178094363,-0.0032324560470188093,0.0032324560470188093,2399.9839402747066,2491.9343930586265,0.021622431971364153,fc6ed5692c5e33a9fffe770a3a11e12d0b94dbf5a1eec4c0ae7c81aee87c07d7
33,28,1.275,blind2,6000,2309.6776666666665,749.7685949181541,2299.739952113907,9.67947093875782,-0.004302641314925032,0.004302641314925032,2268.7432716335147,2350.6120616998182,0.02164206949109404,fc6ed5692c5e33a9fffe770a3a11e12d0b94dbf5a1eec4c0ae7c81aee87c07d7
33,28,1.675,blind2,6000,2068.2276666666667,614.7242749045422,2075.6856134628442,7.936056264049073,0.003605960270417151,0.003605960270417151,2034.6661565207835,2101.78917681255,0.020160288610787447,fc6ed5692c5e33a9fffe770a3a11e12d0b94dbf5a1eec4c0ae7c81aee87c07d7
33,28,1.875,blind2,6000,1967.1481666666666,559.7182177612718,1978.1528863272226,7.2259311198610074,0.005594250523184292,0.005594250523184292,1936.589769331296,1997.706564002037,0.021462014131303775,fc6ed5692c5e33a9fffe770a3a11e12d0b94dbf5a1eec4c0ae7c81aee87c07d7
33,56,0.325,blind2,6000,1372.5365,221.31267372432268,1346.1961763664026,2.857134332129792,-0.019190982267937747,0.019190982267937747,1360.453704756938,1384.619295243062,0.027749951924448957,fc6ed5692c5e33a9fffe770a3a11e12d0b94dbf5a1eec4c0ae7c81aee87c07d7
33,56,0.525,blind2,6000,1944.6366666666668,376.45509656377834,1945.2631578947369,4.860014398621395,0.00032216364054473323,0.00032216364054473323,1924.083709741781,1965.1896235915526,0.01100755026702993,fc6ed5692c5e33a9fffe770a3a11e12d0b94dbf5a1eec4c0ae7c81aee87c07d7
33,56,0.725,blind2,6000,3371.1145,861.888929896227,3359.9999999999995,11.12693823922873,-0.003296980864933715,0.003296980864933715,3324.0587788478974,3418.170221152103,0.01701794158527803,fc6ed5692c5e33a9fffe770a3a11e12d0b94dbf5a1eec4c0ae7c81aee87c07d7
33,56,0.94,blind2,6000,9091.544666666667,3036.494200418703,9093.061446035405,39.200971563590144,0.00016683406663545075,0.00016683406663545075,8925.764112561994,9257.32522077134,0.018743194572883537,fc6ed5692c5e33a9fffe770a3a11e12d0b94dbf5a1eec4c0ae7c81aee87c07d7
33,56,1.0,blind2,6000,9983.587166666666,3457.778659526713,9950.09329560279,44.639730544061216,-0.0033548934370709956,0.0033548934370709956,9794.80615003617,10172.368183297163,0.021850849643777592,fc6ed5692c5e33a9fffe770a3a11e12d0b94dbf5a1eec4c0ae7c81aee87c07d7
33,56,1.06,blind2,6000,9604.5185,3190.2405169125377,9619.279671499675,41.18582797466133,0.0015368986482429778,0.0015368986482429778,9430.344006089223,9778.692993910778,0.02003486461241022,fc6ed5692c5e33a9fffe770a3a11e12d0b94dbf5a1eec4c0ae7c81aee87c07d7
33,56,1.275,blind2,6000,8554.989333333333,2623.8875767117183,8588.520418877592,33.87424295641674,0.003919477189014052,0.003919477189014052,8411.73546631931,8698.243200347357,0.021016466015381985,fc6ed5692c5e33a9fffe770a3a11e12d0b94dbf5a1eec4c0ae7c81aee87c07d7
33,56,1.675,blind2,6000,7149.6085,1886.4525007892562,7164.683918799996,24.353997063227077,0.0021085656368450847,0.0021085656368450847,7046.615666741875,7252.601333258125,0.01675531313781886,fc6ed5692c5e33a9fffe770a3a11e12d0b94dbf5a1eec4c0ae7c81aee87c07d7
33,56,1.875,blind2,6000,6615.2553333333335,1643.317260018406,6625.922713500076,21.215134601954965,0.0016125424687677076,0.0016125424687677076,6525.536721027715,6704.973945638952,0.015383561040868798,fc6ed5692c5e33a9fffe770a3a11e12d0b94dbf5a1eec4c0ae7c81aee87c07d7
33,112,0.325,blind2,6000,2731.933666666667,304.13781509098294,2697.085735461218,3.926402309330959,-0.012755775014101267,0.012755775014101267,2715.328946821322,2748.5383865120116,0.018720004531604384,fc6ed5692c5e33a9fffe770a3a11e12d0b94dbf5a1eec4c0ae7c81aee87c07d7
33,112,0.525,blind2,6000,3902.8561666666665,530.4543047616941,3867.953155106479,6.8481356275535825,-0.00894294077713796,0.00894294077713796,3873.8954630504777,3931.8168702828552,0.016242800029438342,fc6ed5692c5e33a9fffe770a3a11e12d0b94dbf5a1eec4c0ae7c81aee87c07d7
33,112,0.725,blind2,6000,6690.317166666667,1196.1935951556868,6719.999999999999,15.442792909593173,0.004436685525347274,0.004436685525347274,6625.0097351576505,6755.624598175683,0.014338132114471325,fc6ed5692c5e33a9fffe770a3a11e12d0b94dbf5a1eec4c0ae7c81aee87c07d7
33,112,0.94,blind2,6000,27803.704,8815.975076292372,26915.86193499643,113.81374883686674,-0.03193251032321352,0.03193251032321352,27322.38668580286,28285.021314197144,0.048405810410808936,fc6ed5692c5e33a9fffe770a3a11e12d0b94dbf5a1eec4c0ae7c81aee87c07d7
33,112,1.0,blind2,6000,39824.924166666664,13843.729394507127,39868.08730791567,178.72177798109396,0.0010838223085717024,0.0010838223085717024,39069.11138441927,40580.736948914055,0.0204503223949708,fc6ed5692c5e33a9fffe770a3a11e12d0b94dbf5a1eec4c0ae7c81aee87c07d7
33,112,1.06,blind2,6000,37498.35083333333,12192.81804927583,37231.73457267079,157.4086041606083,-0.007110079636503215,0.007110079636503215,36832.671270359795,38164.030396306865,0.02442865216159895,fc6ed5692c5e33a9fffe770a3a11e12d0b94dbf5a1eec4c0ae7c81aee87c07d7
33,112,1.275,blind2,6000,30145.9585,8229.125502417222,30233.717319496696,106.23755341570882,0.0029111305084791265,0.0029111305084791265,29696.680847699692,30595.23615230031,0.018084057088777472,fc6ed5692c5e33a9fffe770a3a11e12d0b94dbf5a1eec4c0ae7c81aee87c07d7
33,112,1.675,blind2,6000,22681.343,4997.6047902261025,22804.427913473024,64.5188004115737,0.005426703060441497,0.005426703060441497,22408.493576738925,22954.192423261076,0.017668940367553176,fc6ed5692c5e33a9fffe770a3a11e12d0b94dbf5a1eec4c0ae7c81aee87c07d7
33,112,1.875,blind2,6000,20332.16016666667,4123.003409493993,20468.611830287813,53.22774513775544,0.006711124765033517,0.006711124765033517,20107.060514012264,20557.259819321072,0.01798131139176662,fc6ed5692c5e33a9fffe770a3a11e12d0b94dbf5a1eec4c0ae7c81aee87c07d7
33,128,0.3,boundary_confirmation,8000,3017.027,308.5548132505755,2978.5726860462464,3.449747686065198,-0.012745763943694779,0.012745763943694779,3002.438048244315,3031.6159517556853,0.017496696993799632,fc6ed5692c5e33a9fffe770a3a11e12d0b94dbf5a1eec4c0ae7c81aee87c07d7
33,128,0.975,boundary_confirmation,8000,47882.8135,15846.77652536939,48877.87114226139,177.17234767486937,0.02078110222703175,0.02078110222703175,47133.553244500465,48632.07375549953,0.0370079864064663,fc6ed5692c5e33a9fffe770a3a11e12d0b94dbf5a1eec4c0ae7c81aee87c07d7
33,128,1.025,boundary_confirmation,8000,50805.778625,17040.13845269248,50369.081227318995,190.51453963114236,-0.008595427715108737,0.008595427715108737,50000.09436041962,51611.462889580376,0.024071816466806673,fc6ed5692c5e33a9fffe770a3a11e12d0b94dbf5a1eec4c0ae7c81aee87c07d7
33,128,1.9,boundary_confirmation,8000,24618.056625,4765.706564959862,24902.782687922925,53.282219200336336,0.011565740840557679,0.011565740840557679,24392.72660202775,24843.386647972253,0.020910171061105265,fc6ed5692c5e33a9fffe770a3a11e12d0b94dbf5a1eec4c0ae7c81aee87c07d7
34,10,0.3,boundary_confirmation,8000,220.166625,71.27883237751942,220.10493660895142,0.7969215727647319,-0.00028018956573727297,0.00028018956573727297,216.79645087825423,223.5367991217458,0.01535256175393862,fc6ed5692c5e33a9fffe770a3a11e12d0b94dbf5a1eec4c0ae7c81aee87c07d7
34,10,0.975,boundary_confirmation,8000,318.60975,113.0534324545753,316.04874111852985,1.2639758002905563,-0.008038074420102249,0.008038074420102249,313.264407775327,323.955092224673,0.02440570096258854,fc6ed5692c5e33a9fffe770a3a11e12d0b94dbf5a1eec4c0ae7c81aee87c07d7
34,10,1.025,boundary_confirmation,8000,316.545875,113.35146873736349,317.79055912049625,1.267307947230935,0.003932081315216099,0.003932081315216099,311.18644115606094,321.9053088439391,0.02122238340430571,fc6ed5692c5e33a9fffe770a3a11e12d0b94dbf5a1eec4c0ae7c81aee87c07d7
34,10,1.9,boundary_confirmation,8000,291.939875,96.45907320768164,292.7836506088047,1.0784452236950242,0.002890237617607802,0.002890237617607802,287.3791399053179,296.50061009468203,0.018806203906335694,fc6ed5692c5e33a9fffe770a3a11e12d0b94dbf5a1eec4c0ae7c81aee87c07d7
34,14,0.325,blind2,6000,343.0043333333333,104.60597042902054,344.7492096995082,1.3504572712848737,0.005087038840641115,0.005087038840641115,337.29326175019355,348.71540491647306,0.02210523836327538,fc6ed5692c5e33a9fffe770a3a11e12d0b94dbf5a1eec4c0ae7c81aee87c07d7
34,14,0.525,blind2,6000,448.5145,143.86735010240363,441.70223997198326,1.8573195033653374,-0.015188494525855323,0.015188494525855323,440.6599126228008,456.3690873771992,0.03213812637816438,fc6ed5692c5e33a9fffe770a3a11e12d0b94dbf5a1eec4c0ae7c81aee87c07d7
34,14,0.725,blind2,6000,560.8695,185.16914719231346,558.519385331063,2.3905234110241995,-0.004190127416336719,0.004190127416336719,550.7599981210244,570.9790018789756,0.02182149694981883,fc6ed5692c5e33a9fffe770a3a11e12d0b94dbf5a1eec4c0ae7c81aee87c07d7
34,14,0.94,blind2,6000,628.4938333333333,219.17707771085736,624.1546104464405,2.829563906148531,-0.006904161436046122,0.006904161436046122,616.5276331723257,640.4600334943409,0.025458923578631776,fc6ed5692c5e33a9fffe770a3a11e12d0b94dbf5a1eec4c0ae7c81aee87c07d7
34,14,1.0,blind2,6000,633.5636666666667,223.27648930941047,627.8524569687686,2.8824870823166835,-0.009014421120368462,0.009014421120368462,621.3736548724219,645.7536784609115,0.02772143944237171,fc6ed5692c5e33a9fffe770a3a11e12d0b94dbf5a1eec4c0ae7c81aee87c07d7
34,14,1.06,blind2,6000,625.563,219.7319618387569,622.8683160530318,2.8367274294366305,-0.004307614016443127,0.004307614016443127,613.566505363813,637.559494636187,0.023042835542020246,fc6ed5692c5e33a9fffe770a3a11e12d0b94dbf5a1eec4c0ae7c81aee87c07d7
34,14,1.275,blind2,6000,607.0813333333333,204.28774387761328,605.4380084045006,2.637343432907608,-0.002706927125908543,0.002706927125908543,595.9280318147089,618.2346348519577,0.02069865666863102,fc6ed5692c5e33a9fffe770a3a11e12d0b94dbf5a1eec4c0ae7c81aee87c07d7
34,14,1.675,blind2,6000,575.7828333333333,186.43953520830019,574.812514464113,2.4069240497879933,-0.0016852167397957574,0.0016852167397957574,565.6039733013966,585.96169336527,0.019027146360243385,fc6ed5692c5e33a9fffe770a3a11e12d0b94dbf5a1eec4c0ae7c81aee87c07d7
34,14,1.875,blind2,6000,555.3255,174.3717287857083,560.3744006122847,2.2511293387881492,0.00909178601069946,0.00909178601069946,545.8054943914603,564.8455056085397,0.02669248728810958,fc6ed5692c5e33a9fffe770a3a11e12d0b94dbf5a1eec4c0ae7c81aee87c07d7
34,28,0.325,blind2,6000,700.726,160.3422896981463,705.1851851851851,2.0700100589789523,0.006363664521061165,0.006363664521061165,691.9719461872494,709.4800538127506,0.019095050125572888,fc6ed5692c5e33a9fffe770a3a11e12d0b94dbf5a1eec4c0ae7c81aee87c07d7
34,28,0.525,blind2,6000,1000.0838333333334,264.9995671702232,1002.1052631578948,3.421129701341494,0.002021260375566619,0.002021260375566619,985.6159067761478,1014.551759890519,0.016730002294384816,fc6ed5692c5e33a9fffe770a3a11e12d0b94dbf5a1eec4c0ae7c81aee87c07d7
34,28,0.725,blind2,6000,1616.1745,511.42771476947,1587.6927919351006,6.602503406970248,-0.017622916377470082,0.017622916377470082,1588.2525728225078,1644.0964271774924,0.03430676833184476,fc6ed5692c5e33a9fffe770a3a11e12d0b94dbf5a1eec4c0ae7c81aee87c07d7
34,28,0.94,blind2,6000,2498.3026666666665,846.6083998461177,2519.890852210312,10.929667444544412,0.00864114097610492,0.00864114097610492,2452.0812019206423,2544.5241314126906,0.02765391710378773,fc6ed5692c5e33a9fffe770a3a11e12d0b94dbf5a1eec4c0ae7c81aee87c07d7
34,28,1.0,blind2,6000,2528.8071666666665,869.0804372724734,2528.9378167000764,11.219780200236498,5.1664688052157186e-05,5.1664688052157186e-05,2481.358817701371,2576.2555156319618,0.019174574293443047,fc6ed5692c5e33a9fffe770a3a11e12d0b94dbf5a1eec4c0ae7c81aee87c07d7
34,28,1.06,blind2,6000,2515.478833333333,874.534993274168,2488.6346397769953,11.29019821542156,-0.010671603831691084,0.010671603831691084,2467.732687218868,2563.2249794477984,0.02910019224565774,fc6ed5692c5e33a9fffe770a3a11e12d0b94dbf5a1eec4c0ae7c81aee87c07d7
34,28,1.275,blind2,6000,2358.358333333333,759.9381143138038,2352.4491754225483,9.810758869618768,-0.0025056234361267708,0.0025056234361267708,2316.8687228282874,2399.847943838379,0.01975073818219486,fc6ed5692c5e33a9fffe770a3a11e12d0b94dbf5a1eec4c0ae7c81aee87c07d7
34,28,1.675,blind2,6000,2126.2826666666665,639.6252276436533,2130.8585715348536,8.257526181593324,0.002152067991675181,0.002152067991675181,2091.3616631477166,2161.2036701856164,0.0188857379778542,fc6ed5692c5e33a9fffe770a3a11e12d0b94dbf5a1eec4c0ae7c81aee87c07d7
34,28,1.875,blind2,6000,2031.1621666666667,583.4726748206374,2033.9462392902426,7.532599841824748,0.001370679638123035,0.001370679638123035,1999.3068700804383,2063.017463252895,0.017325689081641782,fc6ed5692c5e33a9fffe770a3a11e12d0b94dbf5a1eec4c0ae7c81aee87c07d7
34,56,0.325,blind2,6000,1409.2516666666668,220.7601537977503,1387.1421815076178,2.850001330549583,-0.01568881249673808,0.01568881249673808,1397.1990368227575,1421.304296510576,0.02403575018159665,fc6ed5692c5e33a9fffe770a3a11e12d0b94dbf5a1eec4c0ae7c81aee87c07d7
34,56,0.525,blind2,6000,2004.9583333333333,392.44909858441366,2004.2105263157896,5.066496076838489,-0.0003729788320839573,0.0003729788320839573,1983.5321672592363,2026.3844994074302,0.010942628656173015,fc6ed5692c5e33a9fffe770a3a11e12d0b94dbf5a1eec4c0ae7c81aee87c07d7
34,56,0.725,blind2,6000,3449.1325,871.7208462667695,3461.8181818181815,11.253867733776781,0.0036779340365095756,0.0036779340365095756,3401.5399951637414,3496.725004836259,0.017720851949453165,fc6ed5692c5e33a9fffe770a3a11e12d0b94dbf5a1eec4c0ae7c81aee87c07d7
34,56,0.94,blind2,6000,9282.576,3121.3355504485176,9304.884674076458,40.29626868270756,0.002403284829174497,0.002403284829174497,9112.163444287356,9452.988555712642,0.02114988728718692,fc6ed5692c5e33a9fffe770a3a11e12d0b94dbf5a1eec4c0ae7c81aee87c07d7
34,56,1.0,blind2,6000,10047.702333333333,3412.0199596566554,10150.80724445031,44.04898826892509,0.010261541165976463,0.010261541165976463,9861.419560440145,10233.98510622652,0.02934543878155904,fc6ed5692c5e33a9fffe770a3a11e12d0b94dbf5a1eec4c0ae7c81aee87c07d7
34,56,1.06,blind2,6000,9858.7795,3207.001165880582,9825.642106632537,41.40220702241088,-0.0033612064624697234,0.0033612064624697234,9683.689941053799,10033.869058946202,0.020752408775756348,fc6ed5692c5e33a9fffe770a3a11e12d0b94dbf5a1eec4c0ae7c81aee87c07d7
34,56,1.275,blind2,6000,8794.517666666667,2694.0361256168985,8808.030062831574,34.77985682865133,0.001536456765118918,0.001536456765118918,8647.433966779741,8941.601366553592,0.018571531932916052,fc6ed5692c5e33a9fffe770a3a11e12d0b94dbf5a1eec4c0ae7c81aee87c07d7
34,56,1.675,blind2,6000,7410.538166666666,1946.144665928022,7389.281068875133,25.124619601498754,-0.002868495824925303,0.002868495824925303,7304.286377665748,7516.789955667585,0.016963210033068887,fc6ed5692c5e33a9fffe770a3a11e12d0b94dbf5a1eec4c0ae7c81aee87c07d7
34,56,1.875,blind2,6000,6846.086,1676.4294197899465,6847.906276688372,21.642610746462083,0.0002658857467422189,0.0002658857467422189,6754.559594946491,6937.612405053509,0.013819802820559834,fc6ed5692c5e33a9fffe770a3a11e12d0b94dbf5a1eec4c0ae7c81aee87c07d7
34,112,0.325,blind2,6000,2828.5436666666665,314.8040809161297,2777.7914461257164,4.064103209021008,-0.017942880337696757,0.017942880337696757,2811.356610962265,2845.7307223710677,0.023874105765265163,fc6ed5692c5e33a9fffe770a3a11e12d0b94dbf5a1eec4c0ae7c81aee87c07d7
34,112,0.525,blind2,6000,4012.5815,539.8164490431227,3984.3147080438234,6.969000390509463,-0.007044540268198004,0.007044540268198004,3983.1096603946926,4042.053339605307,0.014284480364408436,fc6ed5692c5e33a9fffe770a3a11e12d0b94dbf5a1eec4c0ae7c81aee87c07d7
34,112,0.725,blind2,6000,6933.135166666667,1246.4704067789983,6923.636363636363,16.091863756651485,-0.0013700588264848042,0.0013700588264848042,6865.082820417362,7001.187512915972,0.011076856481352704,fc6ed5692c5e33a9fffe770a3a11e12d0b94dbf5a1eec4c0ae7c81aee87c07d7
34,112,0.94,blind2,6000,28362.799166666668,8901.064723187166,27645.26089661935,114.91225145472742,-0.02529857035022841,0.02529857035022841,27876.83629483637,28848.762038496967,0.041717600924144116,fc6ed5692c5e33a9fffe770a3a11e12d0b94dbf5a1eec4c0ae7c81aee87c07d7
34,112,1.0,blind2,6000,40638.14483333333,13823.644882766293,40673.34093310125,178.46248804946413,0.0008660852977483927,0.0008660852977483927,39883.4285858611,41392.86108080557,0.01980552764012322,fc6ed5692c5e33a9fffe770a3a11e12d0b94dbf5a1eec4c0ae7c81aee87c07d7
34,112,1.06,blind2,6000,38420.757666666665,12355.617672471333,38079.92326079396,159.51033825862507,-0.008871100586556236,0.008871100586556236,37746.18988920628,39095.32544412705,0.025972470411692594,fc6ed5692c5e33a9fffe770a3a11e12d0b94dbf5a1eec4c0ae7c81aee87c07d7
34,112,1.275,blind2,6000,31113.546166666667,8490.36708979193,31132.701614575377,109.61016780650559,0.0006156626379423118,0.0006156626379423118,30650.005758618565,31577.08657471477,0.01574863834474427,fc6ed5692c5e33a9fffe770a3a11e12d0b94dbf5a1eec4c0ae7c81aee87c07d7
34,112,1.675,blind2,6000,23518.023666666668,5259.412643093487,23646.667915381462,67.89872525844602,0.005470028032037764,0.005470028032037764,23230.880571805188,23805.166761528148,0.01789804490153113,fc6ed5692c5e33a9fffe770a3a11e12d0b94dbf5a1eec4c0ae7c81aee87c07d7
34,112,1.875,blind2,6000,21194.417166666666,4370.533597681186,21268.674324917825,56.423346126197394,0.0035036187910817583,0.0035036187910817583,20955.803346341647,21433.030986991685,0.014930039827406372,fc6ed5692c5e33a9fffe770a3a11e12d0b94dbf5a1eec4c0ae7c81aee87c07d7
34,128,0.3,boundary_confirmation,8000,3108.580375,322.94015557509994,3067.5527742908307,3.6105807026514056,-0.01319817915570843,0.01319817915570843,3093.311261872173,3123.849488127827,0.018021583322420542,fc6ed5692c5e33a9fffe770a3a11e12d0b94dbf5a1eec4c0ae7c81aee87c07d7
34,128,0.975,boundary_confirmation,8000,48920.890125,16397.42389294255,50011.970842602204,183.32877240249385,0.02230296126694212,0.02230296126694212,48145.594405022406,49696.18584497759,0.038765259015788756,fc6ed5692c5e33a9fffe770a3a11e12d0b94dbf5a1eec4c0ae7c81aee87c07d7
34,128,1.025,boundary_confirmation,8000,51724.437,17324.85706952848,51451.298763713356,193.6977905396674,-0.005280642035536172,0.005280642035536172,50905.29079612525,52543.58320387475,0.020788160486185592,fc6ed5692c5e33a9fffe770a3a11e12d0b94dbf5a1eec4c0ae7c81aee87c07d7
34,128,1.9,boundary_confirmation,8000,25604.123,5044.655224434339,25907.953708224588,56.4009600244232,0.011866475888457038,0.011866475888457038,25365.603850296862,25842.642149703137,0.02138131073593108,fc6ed5692c5e33a9fffe770a3a11e12d0b94dbf5a1eec4c0ae7c81aee87c07d7
35,10,0.3,boundary_confirmation,8000,224.460875,71.74732175493905,225.93351566139447,0.8021594432379661,0.006560789987985563,0.006560789987985563,221.06854997140812,227.85320002859186,0.02200659338750599,fc6ed5692c5e33a9fffe770a3a11e12d0b94dbf5a1eec4c0ae7c81aee87c07d7
35,10,0.975,boundary_confirmation,8000,322.57,113.45730329052752,322.1797787122477,1.2684912135071504,-0.0012097259129872494,0.0012097259129872494,317.2055621336834,327.9344378663166,0.017548200157053384,fc6ed5692c5e33a9fffe770a3a11e12d0b94dbf5a1eec4c0ae7c81aee87c07d7
35,10,1.025,boundary_confirmation,8000,321.692875,113.77044987008854,323.97684533589637,1.2719922987012504,0.007099847442677604,0.007099847442677604,316.3136310760707,327.07211892392934,0.024226633021650512,fc6ed5692c5e33a9fffe770a3a11e12d0b94dbf5a1eec4c0ae7c81aee87c07d7
35,10,1.9,boundary_confirmation,8000,297.972625,97.92994771744682,299.3512204748738,1.0948901006460572,0.0046265843208711036,0.0046265843208711036,293.3423446694632,302.60290533053677,0.02048417459873164,fc6ed5692c5e33a9fffe770a3a11e12d0b94dbf5a1eec4c0ae7c81aee87c07d7
35,14,0.325,blind2,6000,353.13033333333334,106.02850727020484,354.47540544672466,1.3688221429357845,0.003808996244232747,0.003808996244232747,347.34159687412256,358.9190697925441,0.020538307639517805,fc6ed5692c5e33a9fffe770a3a11e12d0b94dbf5a1eec4c0ae7c81aee87c07d7
35,14,0.525,blind2,6000,460.232,148.52112284112428,453.2724952396702,1.9173994510790011,-0.015121731562189985,0.015121731562189985,452.12333506744244,468.3406649325576,0.03217352414840435,fc6ed5692c5e33a9fffe770a3a11e12d0b94dbf5a1eec4c0ae7c81aee87c07d7
35,14,0.725,blind2,6000,577.888,187.9483977657266,571.2968328322731,2.4264033816434214,-0.011405613488646405,0.011405613488646405,567.6267620498695,588.1492379501306,0.02865328054592553,fc6ed5692c5e33a9fffe770a3a11e12d0b94dbf5a1eec4c0ae7c81aee87c07d7
35,14,0.94,blind2,6000,635.9826666666667,219.4937659367643,636.3194669024898,2.83365233356479,0.0005295745520682134,0.0005295745520682134,623.9991765831023,647.966156750231,0.019744081052880613,fc6ed5692c5e33a9fffe770a3a11e12d0b94dbf5a1eec4c0ae7c81aee87c07d7
35,14,1.0,blind2,6000,642.04,223.14018909794154,640.0729251917113,2.880727454153005,-0.0030637885619099396,0.0030637885619099396,629.8574296573406,654.2225703426593,0.021628182506049698,fc6ed5692c5e33a9fffe770a3a11e12d0b94dbf5a1eec4c0ae7c81aee87c07d7
35,14,1.06,blind2,6000,641.137,222.67364495233693,635.1716247826342,2.874704395132347,-0.00930436898411058,0.00930436898411058,628.9799011194503,653.2940988805495,0.027740146633758123,fc6ed5692c5e33a9fffe770a3a11e12d0b94dbf5a1eec4c0ae7c81aee87c07d7
35,14,1.275,blind2,6000,619.7865,210.49848103847032,618.0204044515966,2.717523704879844,-0.002849522453947331,0.002849522453947331,608.2941168365685,631.2788831634316,0.021002569649399283,fc6ed5692c5e33a9fffe770a3a11e12d0b94dbf5a1eec4c0ae7c81aee87c07d7
35,14,1.675,blind2,6000,587.4711666666667,189.98067518775784,587.8353033762083,2.4526399703447557,0.0006198375855750762,0.0006198375855750762,577.0989744202717,597.8433589130617,0.018603964712849974,fc6ed5692c5e33a9fffe770a3a11e12d0b94dbf5a1eec4c0ae7c81aee87c07d7
35,14,1.875,blind2,6000,570.8765,181.63746477306069,573.5780031365978,2.344929587044668,0.004732202388078346,0.004732202388078346,560.9598139901622,580.7931860098378,0.022493927072388953,fc6ed5692c5e33a9fffe770a3a11e12d0b94dbf5a1eec4c0ae7c81aee87c07d7
35,28,0.325,blind2,6000,725.8723333333334,165.0946730709432,725.9259259259259,2.131363064504404,7.383198137116188e-05,7.383198137116188e-05,716.8588182152552,734.8858484514116,0.01264838693516368,fc6ed5692c5e33a9fffe770a3a11e12d0b94dbf5a1eec4c0ae7c81aee87c07d7
35,28,0.525,blind2,6000,1030.505,271.4963186064153,1031.578947368421,3.5050024017308976,0.001042156387810764,0.001042156387810764,1015.6823765516352,1045.3276234483649,0.015651123996811567,fc6ed5692c5e33a9fffe770a3a11e12d0b94dbf5a1eec4c0ae7c81aee87c07d7
35,28,0.725,blind2,6000,1667.7376666666667,523.0931423629576,1630.6436330449553,6.753103429623467,-0.022242127381971146,0.022242127381971146,1639.1788533558006,1696.2964799775327,0.03870363919722741,fc6ed5692c5e33a9fffe770a3a11e12d0b94dbf5a1eec4c0ae7c81aee87c07d7
35,28,0.94,blind2,6000,2529.6896666666667,851.1755414289953,2570.7821973314185,10.988628988845267,0.016244099506046862,0.016244099506046862,2483.2188540831994,2576.160479250134,0.035262032222507234,fc6ed5692c5e33a9fffe770a3a11e12d0b94dbf5a1eec4c0ae7c81aee87c07d7
35,28,1.0,blind2,6000,2574.2865,863.5469097248274,2578.419147040718,11.14834266677712,0.0016053562960913572,0.0016053562960913572,2527.1402597174338,2621.4327402825666,0.02029127078566595,fc6ed5692c5e33a9fffe770a3a11e12d0b94dbf5a1eec4c0ae7c81aee87c07d7
35,28,1.06,blind2,6000,2541.437,860.3586602119492,2538.7917805881675,11.107182542554018,-0.0010408361143055627,0.0010408361143055627,2494.4648255104116,2588.409174489588,0.019169068936407574,fc6ed5692c5e33a9fffe770a3a11e12d0b94dbf5a1eec4c0ae7c81aee87c07d7
35,28,1.275,blind2,6000,2427.8455,790.1599032739346,2404.660716044768,10.200920487402707,-0.009549530213200132,0.009549530213200132,2384.7058995430043,2470.9851004569955,0.02684127249490953,fc6ed5692c5e33a9fffe770a3a11e12d0b94dbf5a1eec4c0ae7c81aee87c07d7
35,28,1.675,blind2,6000,2176.996166666667,643.0827598824135,2185.496138532146,8.302162730858969,0.0039044496244997136,0.0039044496244997136,2141.886395584684,2212.1059377486495,0.020360436966852857,fc6ed5692c5e33a9fffe770a3a11e12d0b94dbf5a1eec4c0ae7c81aee87c07d7
35,28,1.875,blind2,6000,2100.7985,604.8794321341952,2089.2227161299625,7.808959890397125,-0.005510182851919122,0.005510182851919122,2067.7744792684935,2133.8225207315063,0.020901365586044274,fc6ed5692c5e33a9fffe770a3a11e12d0b94dbf5a1eec4c0ae7c81aee87c07d7
35,56,0.325,blind2,6000,1454.3346666666666,230.68829658203052,1428.1066027030163,2.9781731027572054,-0.01803440746122421,0.01803440746122421,1441.7399995576175,1466.9293337757158,0.026465304209831286,fc6ed5692c5e33a9fffe770a3a11e12d0b94dbf5a1eec4c0ae7c81aee87c07d7
35,56,0.525,blind2,6000,2057.7785,394.50288320690356,2063.157894736842,5.093010322303824,0.002614175790466363,0.002614175790466363,2036.2402054216955,2079.3167945783043,0.0132193094132389,fc6ed5692c5e33a9fffe770a3a11e12d0b94dbf5a1eec4c0ae7c81aee87c07d7
35,56,0.725,blind2,6000,3577.1341666666667,905.2611215089589,3563.6363636363635,11.686870825244156,-0.003773356659663973,0.003773356659663973,3527.710495673823,3626.5578376595104,0.017350191790614033,fc6ed5692c5e33a9fffe770a3a11e12d0b94dbf5a1eec4c0ae7c81aee87c07d7
35,56,0.94,blind2,6000,9534.650666666666,3147.2419042022834,9515.072755734338,40.63071827153854,-0.00205334328616498,0.00205334328616498,9362.823726668508,9706.477606664825,0.019719290425093128,fc6ed5692c5e33a9fffe770a3a11e12d0b94dbf5a1eec4c0ae7c81aee87c07d7
35,56,1.0,blind2,6000,10340.375166666667,3528.815202047991,10349.93148071062,45.55680836458477,0.0009241747895917124,0.0009241747895917124,10147.715836229665,10533.034497103668,0.01992720802833281,fc6ed5692c5e33a9fffe770a3a11e12d0b94dbf5a1eec4c0ae7c81aee87c07d7
35,56,1.06,blind2,6000,10119.210333333333,3369.3850089172465,10030.198649341377,43.49857342165808,-0.00879630732634792,0.00879630732634792,9935.255259849822,10303.165406816843,0.02649348493375292,fc6ed5692c5e33a9fffe770a3a11e12d0b94dbf5a1eec4c0ae7c81aee87c07d7
35,56,1.275,blind2,6000,8994.332666666667,2742.829767081451,9025.424550044487,35.40978003129476,0.003456830487607746,0.003456830487607746,8844.585027254463,9144.080306078871,0.020446354716786574,fc6ed5692c5e33a9fffe770a3a11e12d0b94dbf5a1eec4c0ae7c81aee87c07d7
35,56,1.675,blind2,6000,7591.686166666666,2011.6687478808494,7612.2585924449795,25.970531862094855,0.002709862516267054,0.002709862516267054,7481.8570223683655,7701.515310964967,0.017429037963002436,fc6ed5692c5e33a9fffe770a3a11e12d0b94dbf5a1eec4c0ae7c81aee87c07d7
35,56,1.875,blind2,6000,7023.479166666667,1739.3613579572527,7068.693454443394,22.455058574683857,0.00643759121423948,0.00643759121423948,6928.516927097546,7118.441406235788,0.02023182288804337,fc6ed5692c5e33a9fffe770a3a11e12d0b94dbf5a1eec4c0ae7c81aee87c07d7
35,112,0.325,blind2,6000,2902.7071666666666,334.21050481030636,2858.477493371025,4.314639064192968,-0.015237387292646825,0.015237387292646825,2884.460597097255,2920.9537362360784,0.021388987470085663,fc6ed5692c5e33a9fffe770a3a11e12d0b94dbf5a1eec4c0ae7c81aee87c07d7
35,112,0.525,blind2,6000,4121.242833333334,557.958793461643,4100.676906324864,7.203217049823091,-0.004990224512404111,0.004990224512404111,4090.780493594667,4151.705173072,0.012290917736188622,fc6ed5692c5e33a9fffe770a3a11e12d0b94dbf5a1eec4c0ae7c81aee87c07d7
35,112,0.725,blind2,6000,7081.805333333334,1285.9903969269706,7127.272727272727,16.602064635602744,0.0064203111776290935,0.0064203111776290935,7011.595352182557,7152.015314484111,0.01649801069226875,fc6ed5692c5e33a9fffe770a3a11e12d0b94dbf5a1eec4c0ae7c81aee87c07d7
35,112,0.94,blind2,6000,29240.584666666666,9187.176346137809,28371.512254203346,118.60593662420814,-0.029721444436575668,0.029721444436575668,28739.001233670137,29742.168099663195,0.04608459749359595,fc6ed5692c5e33a9fffe770a3a11e12d0b94dbf5a1eec4c0ae7c81aee87c07d7
35,112,1.0,blind2,6000,41862.01633333333,14294.492100250847,41472.235707937965,184.54109948921672,-0.009311081011761927,0.009311081011761927,41081.5936930735,42642.43897359317,0.027442221735484384,fc6ed5692c5e33a9fffe770a3a11e12d0b94dbf5a1eec4c0ae7c81aee87c07d7
35,112,1.06,blind2,6000,39084.77416666667,12613.29526778859,38920.23717688976,162.83694170980675,-0.004209746462274234,0.004209746462274234,38396.13821330589,39773.41012002745,0.021450837143785373,fc6ed5692c5e33a9fffe770a3a11e12d0b94dbf5a1eec4c0ae7c81aee87c07d7
35,112,1.275,blind2,6000,31864.379666666668,8725.061436232463,32024.512815882117,112.64005879054966,0.005025459490835933,0.005025459490835933,31388.02587705743,32340.733456275906,0.020278017525463987,fc6ed5692c5e33a9fffe770a3a11e12d0b94dbf5a1eec4c0ae7c81aee87c07d7
35,112,1.675,blind2,6000,24373.254,5398.200978701307,24487.59529948701,69.6904749666358,0.004691261145803866,0.004691261145803866,24078.533611831932,24667.97438816807,0.01698864616299023,fc6ed5692c5e33a9fffe770a3a11e12d0b94dbf5a1eec4c0ae7c81aee87c07d7
35,112,1.875,blind2,6000,21875.510166666667,4546.806121944105,22069.533007142978,58.699014629078164,0.008869408713126062,0.008869408713126062,21627.272564830157,22123.747768503177,0.020449200933085665,fc6ed5692c5e33a9fffe770a3a11e12d0b94dbf5a1eec4c0ae7c81aee87c07d7
35,128,0.3,boundary_confirmation,8000,3198.118875,337.50830467664065,3156.5018183807324,3.773457561138393,-0.013012979894084679,0.013012979894084679,3182.1609571111226,3214.0767928888777,0.017913378621049025,fc6ed5692c5e33a9fffe770a3a11e12d0b94dbf5a1eec4c0ae7c81aee87c07d7
35,128,0.975,boundary_confirmation,8000,50010.54725,16402.40481621481,51137.28493119824,183.3844608176313,0.0225300010328969,0.0225300010328969,49235.01602421859,50786.07847578142,0.038636504272567596,fc6ed5692c5e33a9fffe770a3a11e12d0b94dbf5a1eec4c0ae7c81aee87c07d7
35,128,1.025,boundary_confirmation,8000,53082.569,17628.558807888818,52524.042819080925,197.09327919896026,-0.010521837797998772,0.010521837797998772,52249.06330530293,53916.074694697076,0.02581849445640494,fc6ed5692c5e33a9fffe770a3a11e12d0b94dbf5a1eec4c0ae7c81aee87c07d7
35,128,1.9,boundary_confirmation,8000,26523.332875,5192.315280808374,26915.584527204493,58.051849642492165,0.014788927698231192,0.014788927698231192,26277.832128037084,26768.833621962916,0.024269597128865117,fc6ed5692c5e33a9fffe770a3a11e12d0b94dbf5a1eec4c0ae7c81aee87c07d7
36,10,0.3,boundary_confirmation,8000,231.808375,74.63137835514479,231.73502387465075,0.834404176283051,-0.00031643000538380997,0.00031643000538380997,228.2796872870675,235.33706271293252,0.01530587148814544,fc6ed5692c5e33a9fffe770a3a11e12d0b94dbf5a1eec4c0ae7c81aee87c07d7
36,10,0.975,boundary_confirmation,8000,328.016875,113.86074443755786,328.2607905877442,1.273001822655552,0.0007436068273749563,0.0007436068273749563,322.63336180840076,333.4003881915993,0.01744217878709442,fc6ed5692c5e33a9fffe770a3a11e12d0b94dbf5a1eec4c0ae7c81aee87c07d7
36,10,1.025,boundary_confirmation,8000,328.962375,113.25655870796477,330.11214161295345,1.266246820843525,0.0034951310554997127,0.0034951310554997127,323.60742864995365,334.31732135004637,0.020100629303031026,fc6ed5692c5e33a9fffe770a3a11e12d0b94dbf5a1eec4c0ae7c81aee87c07d7
36,10,1.9,boundary_confirmation,8000,305.30325,99.17209374345025,305.8547421068023,1.1087777154066816,0.0018063748315889203,0.0018063748315889203,300.61423907227703,309.99226092772295,0.017432650731042942,fc6ed5692c5e33a9fffe770a3a11e12d0b94dbf5a1eec4c0ae7c81aee87c07d7
36,14,0.325,blind2,6000,362.7928333333333,109.55072406042136,364.1777688991446,1.4142937661699204,0.003817428125816444,0.003817428125816444,356.8117977908316,368.77386887583503,0.020643855259043553,fc6ed5692c5e33a9fffe770a3a11e12d0b94dbf5a1eec4c0ae7c81aee87c07d7
36,14,0.525,blind2,6000,469.973,149.78323039318465,464.7867452386093,1.933693189513176,-0.011035218536789832,0.011035218536789832,461.79542899500814,478.1505710049919,0.027948990499570225,fc6ed5692c5e33a9fffe770a3a11e12d0b94dbf5a1eec4c0ae7c81aee87c07d7
36,14,0.725,blind2,6000,581.8688333333333,199.06809633841928,583.9755345827223,2.5699580729330385,0.0036205775747093307,0.0036205775747093307,571.0005038924292,592.7371627742375,0.02272332616494066,fc6ed5692c5e33a9fffe770a3a11e12d0b94dbf5a1eec4c0ae7c81aee87c07d7
36,14,0.94,blind2,6000,645.5185,225.85132822610007,648.3839070092911,2.9157281097950354,0.004438923143629596,0.004438923143629596,633.1879122012695,657.8490877987306,0.023999186521411753,fc6ed5692c5e33a9fffe770a3a11e12d0b94dbf5a1eec4c0ae7c81aee87c07d7
36,14,1.0,blind2,6000,648.6396666666667,222.01735392561002,652.1943640010156,2.8662317144097518,0.005480234276476456,0.005480234276476456,636.5183986762436,660.7609346570898,0.024627670397859847,fc6ed5692c5e33a9fffe770a3a11e12d0b94dbf5a1eec4c0ae7c81aee87c07d7
36,14,1.06,blind2,6000,650.266,220.6773270133937,647.3728229924728,2.848932041361473,-0.004449220791994552,0.004449220791994552,638.2178921703937,662.3141078296062,0.02255921270663519,fc6ed5692c5e33a9fffe770a3a11e12d0b94dbf5a1eec4c0ae7c81aee87c07d7
36,14,1.275,blind2,6000,632.3791666666667,208.8912388243744,630.4906141599389,2.6967742971181274,-0.002986424294593016,0.002986424294593016,620.9745325609467,643.7838007723867,0.020648526099133258,fc6ed5692c5e33a9fffe770a3a11e12d0b94dbf5a1eec4c0ae7c81aee87c07d7
36,14,1.675,blind2,6000,602.5216666666666,193.66712857375637,600.7320890760691,2.50023187891323,-0.00297014645215673,0.00297014645215673,591.9482086694833,613.09512466385,0.02016495498077786,fc6ed5692c5e33a9fffe770a3a11e12d0b94dbf5a1eec4c0ae7c81aee87c07d7
36,14,1.875,blind2,6000,586.5948333333333,182.66640589504317,586.6513177377473,2.3582131598102216,9.629202509841913e-05,9.629202509841913e-05,576.6219712144419,596.5676954522247,0.01739327848049599,fc6ed5692c5e33a9fffe770a3a11e12d0b94dbf5a1eec4c0ae7c81aee87c07d7
36,28,0.325,blind2,6000,750.6883333333334,167.8130360442834,746.6666666666666,2.166456979586715,-0.0053573054063716105,0.0053573054063716105,741.5264063658548,759.850260300812,0.01735025217853614,fc6ed5692c5e33a9fffe770a3a11e12d0b94dbf5a1eec4c0ae7c81aee87c07d7
36,28,0.525,blind2,6000,1052.7766666666666,289.9314341270559,1061.0526315789475,3.742998719720401,0.007861083147373013,0.007861083147373013,1036.9475589425954,1068.605774390738,0.023246182922628034,fc6ed5692c5e33a9fffe770a3a11e12d0b94dbf5a1eec4c0ae7c81aee87c07d7
36,28,0.725,blind2,6000,1706.9033333333334,527.3581601660658,1673.436198423187,6.808164572699188,-0.019606930431607925,0.019606930431607925,1678.1116669465193,1735.6949997201475,0.03586966679456849,fc6ed5692c5e33a9fffe770a3a11e12d0b94dbf5a1eec4c0ae7c81aee87c07d7
36,28,0.94,blind2,6000,2592.2708333333335,853.514676323586,2621.240806322659,11.018827090482874,0.011175519400522567,0.011175519400522567,2545.6723132512325,2638.8693534154345,0.02968508267072023,fc6ed5692c5e33a9fffe770a3a11e12d0b94dbf5a1eec4c0ae7c81aee87c07d7
36,28,1.0,blind2,6000,2639.6305,904.5736105329196,2627.5043597268073,11.677995096709038,-0.0045938779208654235,0.0045938779208654235,2590.244364382836,2689.0166356171644,0.022875379451209432,fc6ed5692c5e33a9fffe770a3a11e12d0b94dbf5a1eec4c0ae7c81aee87c07d7
36,28,1.06,blind2,6000,2611.3683333333333,890.4734883772824,2588.527556166496,11.495963302414795,-0.008746670040867646,0.008746670040867646,2562.75200852746,2659.9846581392067,0.026863727109876723,fc6ed5692c5e33a9fffe770a3a11e12d0b94dbf5a1eec4c0ae7c81aee87c07d7
36,28,1.275,blind2,6000,2451.2005,787.1019056437746,2456.383400819825,10.161441907754869,0.002114433649889161,0.002114433649889161,2408.227854099186,2494.173145900814,0.019996258509621834,fc6ed5692c5e33a9fffe770a3a11e12d0b94dbf5a1eec4c0ae7c81aee87c07d7
36,28,1.675,blind2,6000,2233.945333333333,653.6224545284019,2239.6081803963616,8.438229603652385,0.0025349085219461475,0.0025349085219461475,2198.2601366772574,2269.630529989409,0.018809440715966907,fc6ed5692c5e33a9fffe770a3a11e12d0b94dbf5a1eec4c0ae7c81aee87c07d7
36,28,1.875,blind2,6000,2146.0356666666667,615.7311043467207,2143.989513265367,7.949054376255836,-0.0009534573134462172,0.0009534573134462172,2112.4191876218506,2179.6521457114827,0.016361616469987128,fc6ed5692c5e33a9fffe770a3a11e12d0b94dbf5a1eec4c0ae7c81aee87c07d7
36,56,0.325,blind2,6000,1494.2216666666666,240.13805941267475,1469.0897303987247,3.100169016319522,-0.016819416307894016,0.016819416307894016,1481.1110799428177,1507.3322533905155,0.02537099760571704,fc6ed5692c5e33a9fffe770a3a11e12d0b94dbf5a1eec4c0ae7c81aee87c07d7
36,56,0.525,blind2,6000,2127.072833333333,410.4532671442517,2122.105263157895,5.2989288934870356,-0.002335402012376543,0.002335402012376543,2104.6637109803696,2149.4819556862967,0.012736414211795832,fc6ed5692c5e33a9fffe770a3a11e12d0b94dbf5a1eec4c0ae7c81aee87c07d7
36,56,0.725,blind2,6000,3656.0775,934.5435390774945,3665.454545454545,12.06490521050959,0.002564783009809056,0.002564783009809056,3605.055125011816,3707.0998749881837,0.016754090672200572,fc6ed5692c5e33a9fffe770a3a11e12d0b94dbf5a1eec4c0ae7c81aee87c07d7
36,56,0.94,blind2,6000,9706.041166666666,3177.265664265768,9723.645938345004,41.01832334725989,0.0018137952823441166,0.0018137952823441166,9532.575048309813,9879.50728502352,0.020043995359791955,fc6ed5692c5e33a9fffe770a3a11e12d0b94dbf5a1eec4c0ae7c81aee87c07d7
36,56,1.0,blind2,6000,10540.900333333333,3578.529615093454,10547.471246352718,46.19861867722329,0.0006233730337631059,0.0006233730337631059,10345.526792890421,10736.273873776245,0.019519977813123646,fc6ed5692c5e33a9fffe770a3a11e12d0b94dbf5a1eec4c0ae7c81aee87c07d7
36,56,1.06,blind2,6000,10263.776666666667,3352.4192335647926,10232.971056626922,43.279546203672915,-0.003001391304605324,0.003001391304605324,10080.747857306551,10446.805476026782,0.02046888112261347,fc6ed5692c5e33a9fffe770a3a11e12d0b94dbf5a1eec4c0ae7c81aee87c07d7
36,56,1.275,blind2,6000,9221.934666666666,2797.250381597575,9240.743106900052,36.112347143665836,0.0020395330170111235,0.0020395330170111235,9069.215877292128,9374.653456041204,0.01891312677178636,fc6ed5692c5e33a9fffe770a3a11e12d0b94dbf5a1eec4c0ae7c81aee87c07d7
36,56,1.675,blind2,6000,7806.490666666667,2043.6424086163586,7833.606145831923,26.3833100472479,0.003473453094748184,0.003473453094748184,7694.915887157616,7918.065446175717,0.018023622442159937,fc6ed5692c5e33a9fffe770a3a11e12d0b94dbf5a1eec4c0ae7c81aee87c07d7
36,56,1.875,blind2,6000,7279.659,1833.6123480967422,7288.244336312287,23.671833625263197,0.0011793596804859853,0.0011793596804859853,7179.551029749725,7379.766970250274,0.015139290202433653,fc6ed5692c5e33a9fffe770a3a11e12d0b94dbf5a1eec4c0ae7c81aee87c07d7
36,112,0.325,blind2,6000,2992.329166666667,341.30968127551597,2939.145316773892,4.406289038264783,-0.01777339554926695,0.01777339554926695,2973.6950101860316,3010.963323147302,0.02385216911189081,fc6ed5692c5e33a9fffe770a3a11e12d0b94dbf5a1eec4c0ae7c81aee87c07d7
36,112,0.525,blind2,6000,4251.340333333334,574.8413751702784,4217.041521838451,7.42117024248486,-0.008067764235659193,0.008067764235659193,4219.9562715146485,4282.724395152019,0.015336703288196474,fc6ed5692c5e33a9fffe770a3a11e12d0b94dbf5a1eec4c0ae7c81aee87c07d7
36,112,0.725,blind2,6000,7353.481,1302.224148880671,7330.90909090909,16.811641472146555,-0.0030695542819665525,0.0030695542819665525,7282.384720303449,7424.57727969655,0.012615962533464087,fc6ed5692c5e33a9fffe770a3a11e12d0b94dbf5a1eec4c0ae7c81aee87c07d7
36,112,0.94,blind2,6000,29997.619833333334,9495.395992048687,29094.63630557211,122.58503514283073,-0.03010183917184759,0.03010183917184759,29479.20882869909,30516.030837967577,0.046578617643386,fc6ed5692c5e33a9fffe770a3a11e12d0b94dbf5a1eec4c0ae7c81aee87c07d7
36,112,1.0,blind2,6000,42246.05216666667,14180.438806676739,42264.79260030185,183.06867780057462,0.00044360200951438453,0.00044360200951438453,41471.856384407605,43020.24794892573,0.019119863083639776,fc6ed5692c5e33a9fffe770a3a11e12d0b94dbf5a1eec4c0ae7c81aee87c07d7
36,112,1.06,blind2,6000,39767.599833333334,12818.628055265373,39752.80704329595,165.48777659756652,-0.0003719809618729873,0.0003719809618729873,39067.7535232134,40467.446143453264,0.017659604651699246,fc6ed5692c5e33a9fffe770a3a11e12d0b94dbf5a1eec4c0ae7c81aee87c07d7
36,112,1.275,blind2,6000,32648.376,8892.329805053958,32909.17438365188,114.79948414652608,0.00798809667138971,0.00798809667138971,32162.890020095918,33133.86197990408,0.02320327442868697,fc6ed5692c5e33a9fffe770a3a11e12d0b94dbf5a1eec4c0ae7c81aee87c07d7
36,112,1.675,blind2,6000,25162.875333333333,5643.204359525308,25326.913676059856,72.8534550122887,0.00651906193364239,0.00651906193364239,24854.778731166596,25470.97193550007,0.01899574122143477,fc6ed5692c5e33a9fffe770a3a11e12d0b94dbf5a1eec4c0ae7c81aee87c07d7
36,112,1.875,blind2,6000,22726.872,4762.440803063395,22870.842069850725,61.48284639187735,0.006334794768533296,0.006334794768533296,22466.861598822983,22986.882401177016,0.017981170589883577,fc6ed5692c5e33a9fffe770a3a11e12d0b94dbf5a1eec4c0ae7c81aee87c07d7
36,128,0.3,boundary_confirmation,8000,3288.416375,339.21929702375945,3245.4214365561447,3.792587037124091,-0.013074663771510706,0.013074663771510706,3272.3775587302366,3304.455191269763,0.017864897932216794,fc6ed5692c5e33a9fffe770a3a11e12d0b94dbf5a1eec4c0ae7c81aee87c07d7
36,128,0.975,boundary_confirmation,8000,51428.523125,17004.700318598116,52253.923599718175,190.1183292469886,0.016049468749316242,0.016049468749316242,50624.51443054983,52232.53181945017,0.03218616884520786,fc6ed5692c5e33a9fffe770a3a11e12d0b94dbf5a1eec4c0ae7c81aee87c07d7
36,128,1.025,boundary_confirmation,8000,53700.5955,17604.124064062024,53587.429679435474,196.82009045791273,-0.0021073475910435477,0.0021073475910435477,52868.245118017374,54532.94588198263,0.017338439859702293,fc6ed5692c5e33a9fffe770a3a11e12d0b94dbf5a1eec4c0ae7c81aee87c07d7
36,128,1.9,boundary_confirmation,8000,27560.178375,5442.330449554458,27925.218375615794,60.847104206103786,0.013245197315084296,0.013245197315084296,27302.856521775277,27817.500228224722,0.022794752385859596,fc6ed5692c5e33a9fffe770a3a11e12d0b94dbf5a1eec4c0ae7c81aee87c07d7
37,10,0.3,boundary_confirmation,8000,236.791375,75.7159921320618,237.50958228735016,0.846530526955647,0.0030330804377911493,0.0030330804377911493,233.211405059776,240.37134494022396,0.01843039034249827,fc6ed5692c5e33a9fffe770a3a11e12d0b94dbf5a1eec4c0ae7c81aee87c07d7
37,10,0.975,boundary_confirmation,8000,335.467125,116.79076560071252,334.29193297043145,1.3057604551371862,-0.0035031511048021877,0.0035031511048021877,329.94507584799203,340.989174152008,0.019640627002988076,fc6ed5692c5e33a9fffe770a3a11e12d0b94dbf5a1eec4c0ae7c81aee87c07d7
37,10,1.025,boundary_confirmation,8000,335.575,116.41214003828611,336.1966357425764,1.3015272926591634,0.0018524495048094043,0.0018524495048094043,330.0708528538156,341.07914714618437,0.01855899373057901,fc6ed5692c5e33a9fffe770a3a11e12d0b94dbf5a1eec4c0ae7c81aee87c07d7
37,10,1.9,boundary_confirmation,8000,311.254125,103.17703830377434,312.29537196948377,1.153554356821695,0.0033453274538410684,0.0033453274538410684,306.37575406081186,316.1324959391881,0.019321430727501143,fc6ed5692c5e33a9fffe770a3a11e12d0b94dbf5a1eec4c0ae7c81aee87c07d7
37,14,0.325,blind2,6000,371.21633333333335,112.75399968055628,373.85618927527486,1.4556478766035696,0.007111367967667115,0.007111367967667115,365.0604116319242,377.3722550347425,0.024094033105455104,fc6ed5692c5e33a9fffe770a3a11e12d0b94dbf5a1eec4c0ae7c81aee87c07d7
37,14,0.525,blind2,6000,476.7285,150.4006056441031,476.2452907847587,1.9416634697304018,-0.0010135941426646158,0.0010135941426646158,468.5172227520739,484.9397772479261,0.01792900246811946,fc6ed5692c5e33a9fffe770a3a11e12d0b94dbf5a1eec4c0ae7c81aee87c07d7
37,14,0.725,blind2,6000,596.0093333333333,196.73392764324242,596.5565795406185,2.5398240846541764,0.0009181839556514507,0.0009181839556514507,585.2684402562486,606.750226410418,0.019287114267476202,fc6ed5692c5e33a9fffe770a3a11e12d0b94dbf5a1eec4c0ae7c81aee87c07d7
37,14,0.94,blind2,6000,658.741,225.6819287725443,660.3483626736087,2.9135411722534417,0.002440052575456349,0.002440052575456349,646.4196607403484,671.0623392596516,0.021547460232425042,fc6ed5692c5e33a9fffe770a3a11e12d0b94dbf5a1eec4c0ae7c81aee87c07d7
37,14,1.0,blind2,6000,659.9666666666667,226.164161455516,664.2170740847864,2.919766769420596,0.006440336509095996,0.006440336509095996,647.618999412916,672.3143339204174,0.025629381915782457,fc6ed5692c5e33a9fffe770a3a11e12d0b94dbf5a1eec4c0ae7c81aee87c07d7
37,14,1.06,blind2,6000,658.9331666666667,228.0696918283839,659.4724408165584,2.9443670607532955,0.0008184049265872735,0.0008184049265872735,646.4814650034205,671.3848683299129,0.020094892918653517,fc6ed5692c5e33a9fffe770a3a11e12d0b94dbf5a1eec4c0ae7c81aee87c07d7
37,14,1.275,blind2,6000,649.9548333333333,219.20417926066048,642.8499265500573,2.829913785652011,-0.010931385411564873,0.010931385411564873,637.9871535350709,661.9225131315958,0.028813926408553403,fc6ed5692c5e33a9fffe770a3a11e12d0b94dbf5a1eec4c0ae7c81aee87c07d7
37,14,1.675,blind2,6000,612.646,195.7388591146239,613.5051435717598,2.526977805188594,0.0014023491082287114,0.0014023491082287114,601.9594337225593,623.3325662774406,0.019180212490069293,fc6ed5692c5e33a9fffe770a3a11e12d0b94dbf5a1eec4c0ae7c81aee87c07d7
37,14,1.875,blind2,6000,603.5345,187.83287609283653,599.5968585787579,2.424912003259324,-0.006524302125631791,0.006524302125631791,593.2795690755638,613.7894309244361,0.02312286857775092,fc6ed5692c5e33a9fffe770a3a11e12d0b94dbf5a1eec4c0ae7c81aee87c07d7
37,28,0.325,blind2,6000,770.858,176.09067973797409,767.4074074074074,2.2733209001583914,-0.004476301202805909,0.004476301202805909,761.2441464791849,780.471853520815,0.016739163692415127,fc6ed5692c5e33a9fffe770a3a11e12d0b94dbf5a1eec4c0ae7c81aee87c07d7
37,28,0.525,blind2,6000,1089.7626666666667,292.49791881591364,1090.5263157894738,3.7761318945812086,0.0007007481043031479,0.0007007481043031479,1073.7934390458536,1105.73189428748,0.01558295677284871,fc6ed5692c5e33a9fffe770a3a11e12d0b94dbf5a1eec4c0ae7c81aee87c07d7
37,28,0.725,blind2,6000,1748.8523333333333,551.521574557535,1716.0708582847774,7.120112911118085,-0.018744564320118437,0.018744564320118437,1718.7414402454353,1778.9632264212312,0.03535338291560719,fc6ed5692c5e33a9fffe770a3a11e12d0b94dbf5a1eec4c0ae7c81aee87c07d7
37,28,0.94,blind2,6000,2643.3101666666666,869.2377014719558,2671.270287110878,11.221810472321664,0.010577691864088152,0.010577691864088152,2595.8532316990904,2690.767101634243,0.029052896554719432,fc6ed5692c5e33a9fffe770a3a11e12d0b94dbf5a1eec4c0ae7c81aee87c07d7
37,28,1.0,blind2,6000,2665.712666666667,888.14857864878,2676.1946575107613,11.46594884688171,0.00393215329437651,0.00393215329437651,2617.2232727217124,2714.202060611621,0.022532042032364696,fc6ed5692c5e33a9fffe770a3a11e12d0b94dbf5a1eec4c0ae7c81aee87c07d7
37,28,1.06,blind2,6000,2647.3496666666665,883.4772023437084,2637.8450568632784,11.405641638103678,-0.0035902358963240295,0.0035902358963240295,2599.1153113620558,2695.5840219712773,0.021419835047758795,fc6ed5692c5e33a9fffe770a3a11e12d0b94dbf5a1eec4c0ae7c81aee87c07d7
37,28,1.275,blind2,6000,2518.031,814.7965500307364,2507.6251535848282,10.518978229387669,-0.004132533084450394,0.004132533084450394,2473.5463362295095,2562.5156637704904,0.02142055596448378,fc6ed5692c5e33a9fffe770a3a11e12d0b94dbf5a1eec4c0ae7c81aee87c07d7
37,28,1.675,blind2,6000,2284.0156666666667,659.242465404488,2293.2036796984085,8.510783632081004,0.004022745187711836,0.004022745187711836,2248.0236396807377,2320.0076936525957,0.020097671225595803,fc6ed5692c5e33a9fffe770a3a11e12d0b94dbf5a1eec4c0ae7c81aee87c07d7
37,28,1.875,blind2,6000,2194.7561666666666,619.6728207525609,2198.2533016570515,7.999941716240141,0.0015934047906999357,0.0015934047906999357,2160.924485521417,2228.587847811916,0.017274465806530692,fc6ed5692c5e33a9fffe770a3a11e12d0b94dbf5a1eec4c0ae7c81aee87c07d7
37,56,0.325,blind2,6000,1531.7126666666666,248.64585974195649,1510.0918558709789,3.2100042462800755,-0.014115448194823119,0.014115448194823119,1518.137587748956,1545.287745584377,0.022776269218447887,fc6ed5692c5e33a9fffe770a3a11e12d0b94dbf5a1eec4c0ae7c81aee87c07d7
37,56,0.525,blind2,6000,2180.836333333333,407.3885660977573,2181.0526315789475,5.259363773106445,9.918132888208122e-05,9.918132888208122e-05,2158.5945315165272,2203.078135150139,0.010404038245497738,fc6ed5692c5e33a9fffe770a3a11e12d0b94dbf5a1eec4c0ae7c81aee87c07d7
37,56,0.725,blind2,6000,3756.8341666666665,963.3706072018402,3767.272727272727,12.437061059728181,0.0027785524042234565,0.0027785524042234565,3704.2379479589035,3809.4303853744295,0.017016935790681753,fc6ed5692c5e33a9fffe770a3a11e12d0b94dbf5a1eec4c0ae7c81aee87c07d7
37,56,0.94,blind2,6000,9920.496,3253.40159945124,9930.622069630248,42.00123404399742,0.0010207221121049615,0.0010207221121049615,9742.873161198699,10098.1188388013,0.019270384138763585,fc6ed5692c5e33a9fffe770a3a11e12d0b94dbf5a1eec4c0ae7c81aee87c07d7
37,56,1.0,blind2,6000,10741.4875,3592.103610082539,10743.431352386277,46.37385819900405,0.000180966778230416,0.000180966778230416,10545.372873204808,10937.602126795191,0.018781552967626514,fc6ed5692c5e33a9fffe770a3a11e12d0b94dbf5a1eec4c0ae7c81aee87c07d7
37,56,1.06,blind2,6000,10500.0115,3400.0038995252953,10433.978905692471,43.89386159967248,-0.006288811617732943,0.006288811617732943,10314.384756387704,10685.638243612297,0.02355117515514471,fc6ed5692c5e33a9fffe770a3a11e12d0b94dbf5a1eec4c0ae7c81aee87c07d7
37,56,1.275,blind2,6000,9449.218166666667,2862.104185495596,9454.02127938546,36.94960615178329,0.0005083079503589906,0.0005083079503589906,9292.958616521195,9605.47771681214,0.017331688379406573,fc6ed5692c5e33a9fffe770a3a11e12d0b94dbf5a1eec4c0ae7c81aee87c07d7
37,56,1.675,blind2,6000,8026.0485,2143.9092360957166,8053.315054924325,27.67774922392992,0.003397257682198748,0.003397257682198748,7908.999548923109,8143.097451076891,0.018246998891391586,fc6ed5692c5e33a9fffe770a3a11e12d0b94dbf5a1eec4c0ae7c81aee87c07d7
37,56,1.875,blind2,6000,7490.534333333333,1896.7091465884662,7506.522974184242,24.48640979112137,0.00213451272491453,0.00213451272491453,7386.981527846836,7594.08713881983,0.01618271900190482,fc6ed5692c5e33a9fffe770a3a11e12d0b94dbf5a1eec4c0ae7c81aee87c07d7
37,112,0.325,blind2,6000,3057.0706666666665,349.5324879982545,3019.796297202301,4.512445016585612,-0.012192838677493923,0.012192838677493923,3037.987577514069,3076.153755819264,0.018320754777081505,fc6ed5692c5e33a9fffe770a3a11e12d0b94dbf5a1eec4c0ae7c81aee87c07d7
37,112,0.525,blind2,6000,4357.567333333333,596.7056209437782,4333.410265740752,7.703436441678695,-0.00554370494927094,0.00554370494927094,4324.989570311823,4390.145096354844,0.01292322448777361,fc6ed5692c5e33a9fffe770a3a11e12d0b94dbf5a1eec4c0ae7c81aee87c07d7
37,112,0.725,blind2,6000,7556.897,1343.3766265836032,7534.545454545454,17.34291767480865,-0.0029577676465017168,0.0029577676465017168,7483.553958048665,7630.240041951335,0.012541491077574074,fc6ed5692c5e33a9fffe770a3a11e12d0b94dbf5a1eec4c0ae7c81aee87c07d7
37,112,0.94,blind2,6000,30631.412333333334,9696.062475453762,29814.64920762605,125.17562830406361,-0.02666423333077838,0.02666423333077838,30102.045733656443,31160.778933010224,0.04319948895623238,fc6ed5692c5e33a9fffe770a3a11e12d0b94dbf5a1eec4c0ae7c81aee87c07d7
37,112,1.0,blind2,6000,42973.20133333333,14286.393096967655,43051.03085423157,184.43654180642775,0.0018111175915085371,0.0018111175915085371,42193.22086656811,43753.18180009855,0.020330516847154145,fc6ed5692c5e33a9fffe770a3a11e12d0b94dbf5a1eec4c0ae7c81aee87c07d7
37,112,1.06,blind2,6000,40781.203166666666,13219.502033469042,40577.75066139447,170.66303740260227,-0.004988879421745229,0.004988879421745229,40059.47072542105,41502.93560791228,0.022292036285294192,fc6ed5692c5e33a9fffe770a3a11e12d0b94dbf5a1eec4c0ae7c81aee87c07d7
37,112,1.275,blind2,6000,33840.965833333335,9324.537078516056,33786.709246301674,120.37925605395415,-0.001603281280412466,0.001603281280412466,33331.88304851102,34350.04861815565,0.01639995850125875,fc6ed5692c5e33a9fffe770a3a11e12d0b94dbf5a1eec4c0ae7c81aee87c07d7
37,112,1.675,blind2,6000,25988.176166666668,5731.610846694697,26164.34527505117,73.99477785396785,0.0067788176921189285,0.0067788176921189285,25675.252920527626,26301.09941280571,0.019049173772014205,fc6ed5692c5e33a9fffe770a3a11e12d0b94dbf5a1eec4c0ae7c81aee87c07d7
37,112,1.875,blind2,6000,23486.530833333334,4807.7662284475255,23672.273182716704,62.06799511745236,0.00790846254397669,0.00790846254397669,23224.0458434895,23749.015823177167,0.019300140132683108,fc6ed5692c5e33a9fffe770a3a11e12d0b94dbf5a1eec4c0ae7c81aee87c07d7
37,128,0.3,boundary_confirmation,8000,3387.878875,356.7600905006137,3334.313175895521,3.988699070091746,-0.015810984123356204,0.015810984123356204,3371.0107027169747,3404.747047283025,0.02068696158902905,fc6ed5692c5e33a9fffe770a3a11e12d0b94dbf5a1eec4c0ae7c81aee87c07d7
37,128,0.975,boundary_confirmation,8000,52403.296,17094.007631199183,53361.98425661641,191.11681535630763,0.018294426682940054,0.018294426682940054,51595.064716826484,53211.52728317352,0.03424590219020862,fc6ed5692c5e33a9fffe770a3a11e12d0b94dbf5a1eec4c0ae7c81aee87c07d7
37,128,1.025,boundary_confirmation,8000,54987.918625,17906.942319863236,54641.56403994438,200.20570148190987,-0.006298739681668,0.006298739681668,54141.25052462535,55834.58672537465,0.021367090819498946,fc6ed5692c5e33a9fffe770a3a11e12d0b94dbf5a1eec4c0ae7c81aee87c07d7
37,128,1.9,boundary_confirmation,8000,28543.886625,5641.985305638853,28936.418839995775,63.07931335731701,0.013751883902592946,0.013751883902592946,28277.124779468828,28810.64847053117,0.023315456068066842,fc6ed5692c5e33a9fffe770a3a11e12d0b94dbf5a1eec4c0ae7c81aee87c07d7
38,10,0.3,boundary_confirmation,8000,242.54175,77.77044610405294,243.25727863533066,0.8695000206457302,0.0029501256395266236,0.0029501256395266236,238.86464227875783,246.2188577212422,0.018389646599292764,fc6ed5692c5e33a9fffe770a3a11e12d0b94dbf5a1eec4c0ae7c81aee87c07d7
38,10,0.975,boundary_confirmation,8000,341.116625,118.11724465142623,340.27334953843587,1.3205909417778126,-0.0024721030866324176,0.0024721030866324176,335.53185785415513,346.70139214584486,0.018540573395519955,fc6ed5692c5e33a9fffe770a3a11e12d0b94dbf5a1eec4c0ae7c81aee87c07d7
38,10,1.025,boundary_confirmation,8000,340.2695,118.18725036152802,342.23049975484673,1.321373629410816,0.005763078250759292,0.005763078250759292,334.68142287523585,345.85757712476413,0.022556008083021162,fc6ed5692c5e33a9fffe770a3a11e12d0b94dbf5a1eec4c0ae7c81aee87c07d7
38,10,1.9,boundary_confirmation,8000,317.788875,104.62172821401005,318.67414939460133,1.1697064810501705,0.0027857312330436695,0.0027857312330436695,312.8421968735724,322.73555312642765,0.01864183469912728,fc6ed5692c5e33a9fffe770a3a11e12d0b94dbf5a1eec4c0ae7c81aee87c07d7
38,14,0.325,blind2,6000,380.3566666666667,114.0914235648064,383.51053096507826,1.4729139447053055,0.008291860179686373,0.008291860179686373,374.1277269194554,386.58560641387794,0.025079146426489896,fc6ed5692c5e33a9fffe770a3a11e12d0b94dbf5a1eec4c0ae7c81aee87c07d7
38,14,0.525,blind2,6000,492.72866666666664,152.05249106222692,487.6483628885293,1.9629892187778566,-0.01031055045468709,0.01031055045468709,484.4272030189456,501.0301303143877,0.026708508363482264,fc6ed5692c5e33a9fffe770a3a11e12d0b94dbf5a1eec4c0ae7c81aee87c07d7
38,14,0.725,blind2,6000,610.155,198.88211581486783,609.0409217650745,2.5675570746982594,-0.00182589380555023,0.00182589380555023,599.2968243589097,621.0131756410902,0.01927858271872651,fc6ed5692c5e33a9fffe770a3a11e12d0b94dbf5a1eec4c0ae7c81aee87c07d7
38,14,0.94,blind2,6000,674.8048333333334,225.77398741264295,672.2132268610258,2.914729644186697,-0.0038405274299916393,0.0038405274299916393,662.4784680366276,687.1311986300391,0.02171051438030447,fc6ed5692c5e33a9fffe770a3a11e12d0b94dbf5a1eec4c0ae7c81aee87c07d7
38,14,1.0,blind2,6000,672.1575,228.41011264173378,676.1413320701334,2.948761874555984,0.005926932408153471,0.005926932408153471,659.6872127089406,684.6277872910595,0.024942304541004656,fc6ed5692c5e33a9fffe770a3a11e12d0b94dbf5a1eec4c0ae7c81aee87c07d7
38,14,1.06,blind2,6000,669.8415,225.2290576261195,671.4709607982834,2.9076946308931713,0.0024326065170393136,0.0024326065170393136,657.5448857108693,682.1381142891307,0.021178896513442957,fc6ed5692c5e33a9fffe770a3a11e12d0b94dbf5a1eec4c0ae7c81aee87c07d7
38,14,1.275,blind2,6000,663.3271666666667,217.48776965681833,655.0995028532711,2.8077550329488408,-0.012403628596641071,0.012403628596641071,651.4531960331233,675.2011373002101,0.029771327885073307,fc6ed5692c5e33a9fffe770a3a11e12d0b94dbf5a1eec4c0ae7c81aee87c07d7
38,14,1.675,blind2,6000,627.8831666666666,199.20964902337494,626.1565107389392,2.5717855102378526,-0.0027499637183999353,0.0027499637183999353,617.0071090099326,638.7592243234006,0.019729990745434134,fc6ed5692c5e33a9fffe770a3a11e12d0b94dbf5a1eec4c0ae7c81aee87c07d7
38,14,1.875,blind2,6000,611.5156666666667,190.360838836973,612.4168926391907,2.457547861952235,0.001473757781933092,0.001473757781933092,601.1227189910637,621.9086143422696,0.01878846580126492,fc6ed5692c5e33a9fffe770a3a11e12d0b94dbf5a1eec4c0ae7c81aee87c07d7
38,28,0.325,blind2,6000,784.7115,181.5214870921053,788.1481481481482,2.3434323216217616,0.004379505268048386,0.004379505268048386,774.8011459120904,794.6218540879096,0.017226358410125764,fc6ed5692c5e33a9fffe770a3a11e12d0b94dbf5a1eec4c0ae7c81aee87c07d7
38,28,0.525,blind2,6000,1121.2808333333332,300.4502172098995,1120.0,3.878795625394473,-0.0011422948607135279,0.0011422948607135279,1104.8774417236743,1137.6842249429922,0.015544053925752754,fc6ed5692c5e33a9fffe770a3a11e12d0b94dbf5a1eec4c0ae7c81aee87c07d7
38,28,0.725,blind2,6000,1789.0115,553.4968218725866,1758.5477992420874,7.145613244304203,-0.017028230817919644,0.017028230817919644,1758.7927662337509,1819.2302337662493,0.033356104905168826,fc6ed5692c5e33a9fffe770a3a11e12d0b94dbf5a1eec4c0ae7c81aee87c07d7
38,28,0.94,blind2,6000,2682.6311666666666,896.845436563525,2720.873870079073,11.578224799775509,0.014255669541007206,0.014255669541007206,2633.6669587326464,2731.5953746006867,0.03311235350288633,fc6ed5692c5e33a9fffe770a3a11e12d0b94dbf5a1eec4c0ae7c81aee87c07d7
38,28,1.0,blind2,6000,2708.637166666667,927.0562315171096,2724.4911469010212,11.968244485545243,0.0058531206872069795,0.0058531206872069795,2658.0235690099007,2759.250764323433,0.02500639146547501,fc6ed5692c5e33a9fffe770a3a11e12d0b94dbf5a1eec4c0ae7c81aee87c07d7
38,28,1.06,blind2,6000,2686.339,891.1558927687882,2686.7470815601623,11.504773105227065,0.0001519099265440336,0.0001519099265440336,2637.685418617733,2734.992581382267,0.018600270751066184,fc6ed5692c5e33a9fffe770a3a11e12d0b94dbf5a1eec4c0ae7c81aee87c07d7
38,28,1.275,blind2,6000,2547.295,799.6813947007303,2558.393110624741,10.323842413159495,0.0043568218933185635,0.0043568218933185635,2503.6355638310115,2590.9544361689887,0.021871213041062765,fc6ed5692c5e33a9fffe770a3a11e12d0b94dbf5a1eec4c0ae7c81aee87c07d7
38,28,1.675,blind2,6000,2349.558666666667,692.9558522689267,2346.290831181008,8.946021584981734,-0.001390829491521063,0.001390829491521063,2311.7260223153694,2387.391311017964,0.01721564439280443,fc6ed5692c5e33a9fffe770a3a11e12d0b94dbf5a1eec4c0ae7c81aee87c07d7
38,28,1.875,blind2,6000,2245.6318333333334,638.6263729500555,2252.020267382685,8.24463102294804,0.0028448269901253853,0.0028448269901253853,2210.7653633236364,2280.4983033430303,0.01866091478700671,fc6ed5692c5e33a9fffe770a3a11e12d0b94dbf5a1eec4c0ae7c81aee87c07d7
38,56,0.325,blind2,6000,1575.2861666666668,252.67745036764347,1551.1132710320865,3.262051857453448,-0.015345082148299806,0.015345082148299806,1561.490978872161,1589.0813544611726,0.023893102340226235,fc6ed5692c5e33a9fffe770a3a11e12d0b94dbf5a1eec4c0ae7c81aee87c07d7
38,56,0.525,blind2,6000,2240.3591666666666,440.49662622119774,2240.0,5.686786991384174,-0.00016031655638547133,0.00016031655638547133,2216.309795926515,2264.408537406818,0.010779210996426758,fc6ed5692c5e33a9fffe770a3a11e12d0b94dbf5a1eec4c0ae7c81aee87c07d7
38,56,0.725,blind2,6000,3862.4978333333333,964.0629726481448,3869.0909090909086,12.445999459204938,0.001706946137464985,0.001706946137464985,3809.8638142150457,3915.131852451621,0.015545724929820315,fc6ed5692c5e33a9fffe770a3a11e12d0b94dbf5a1eec4c0ae7c81aee87c07d7
38,56,0.94,blind2,6000,10140.937666666667,3272.3436472868916,10136.016887032854,42.24577483003256,-0.0004852391164958031,0.0004852391164958031,9962.2806670935,10319.594666239833,0.017789243196493554,fc6ed5692c5e33a9fffe770a3a11e12d0b94dbf5a1eec4c0ae7c81aee87c07d7
38,56,1.0,blind2,6000,10836.549833333333,3601.756236548298,10937.81622484506,46.4984730708342,0.009344892338355868,0.009344892338355868,10639.90821137252,11033.191455294145,0.027999114988052298,fc6ed5692c5e33a9fffe770a3a11e12d0b94dbf5a1eec4c0ae7c81aee87c07d7
38,56,1.06,blind2,6000,10717.834666666668,3504.4935051235,10633.239867798766,45.242816607451246,-0.007892900151837426,0.007892900151837426,10526.503204530007,10909.166128803328,0.02529306619284477,fc6ed5692c5e33a9fffe770a3a11e12d0b94dbf5a1eec4c0ae7c81aee87c07d7
38,56,1.275,blind2,6000,9673.4505,2876.023875035007,9665.291363772063,37.12930857101835,-0.0008434566577807762,0.0008434566577807762,9516.43098994929,9830.470010050713,0.016802721142505916,fc6ed5692c5e33a9fffe770a3a11e12d0b94dbf5a1eec4c0ae7c81aee87c07d7
38,56,1.675,blind2,6000,8268.9945,2168.8134991592615,8271.378058035552,27.999261877578846,0.00028825246353128987,0.00028825246353128987,8150.585874819443,8387.403125180559,0.014820061412920804,fc6ed5692c5e33a9fffe770a3a11e12d0b94dbf5a1eec4c0ae7c81aee87c07d7
38,56,1.875,blind2,6000,7713.6686666666665,1950.1011124921308,7723.49693221747,25.1756971070086,0.0012741363384293322,0.0012741363384293322,7607.200871357028,7820.136461976305,0.015287628501874595,fc6ed5692c5e33a9fffe770a3a11e12d0b94dbf5a1eec4c0ae7c81aee87c07d7
38,112,0.325,blind2,6000,3152.8056666666666,359.43530506102155,3100.431762083623,4.640289835134396,-0.01661184041146952,0.01661184041146952,3133.1819229329944,3172.429410400339,0.02269479915949657,fc6ed5692c5e33a9fffe770a3a11e12d0b94dbf5a1eec4c0ae7c81aee87c07d7
38,112,0.525,blind2,6000,4476.341166666667,607.1117326170577,4449.784793967425,7.837778765709982,-0.005932606946270279,0.005932606946270279,4443.195271172177,4509.487062161157,0.013239259226329847,fc6ed5692c5e33a9fffe770a3a11e12d0b94dbf5a1eec4c0ae7c81aee87c07d7
38,112,0.725,blind2,6000,7728.604,1414.549511294668,7738.181818181817,18.261755665433633,0.0012392688487878067,0.0012392688487878067,7651.375200498725,7805.832799501276,0.011345230812551677,fc6ed5692c5e33a9fffe770a3a11e12d0b94dbf5a1eec4c0ae7c81aee87c07d7
38,112,0.94,fresh_precision_confirmation,20000,31471.3742,9873.672238815117,30531.563407401944,69.8174059527953,-0.029862400879782838,0.029862400879782838,31176.117021839764,31766.631378160233,0.03887941267853179,fc6ed5692c5e33a9fffe770a3a11e12d0b94dbf5a1eec4c0ae7c81aee87c07d7
38,112,1.0,blind2,6000,43730.373166666664,14530.063481750884,43830.96817386218,187.58231294719243,0.0023003464162568367,0.0023003464162568367,42937.08926220587,44523.65707112746,0.02081833973881242,fc6ed5692c5e33a9fffe770a3a11e12d0b94dbf5a1eec4c0ae7c81aee87c07d7
38,112,1.06,blind2,6000,41827.998166666664,13307.302291256297,41395.17450957329,171.79653385661146,-0.010347701923691308,0.010347701923691308,41101.4721791714,42554.52415416193,0.027243863434794235,fc6ed5692c5e33a9fffe770a3a11e12d0b94dbf5a1eec4c0ae7c81aee87c07d7
38,112,1.275,blind2,6000,34600.6935,9491.23702520396,34657.139740128405,122.53134311174054,0.0016313615254099918,0.0016313615254099918,34082.509558479505,35118.8774415205,0.01685997272773987,fc6ed5692c5e33a9fffe770a3a11e12d0b94dbf5a1eec4c0ae7c81aee87c07d7
38,112,1.675,blind2,6000,26853.704,6009.379284636235,26999.629604516584,77.58075296813325,0.005434095963692089,0.005434095963692089,26525.615697544243,27181.79230245576,0.01787004352235355,fc6ed5692c5e33a9fffe770a3a11e12d0b94dbf5a1eec4c0ae7c81aee87c07d7
38,112,1.875,blind2,6000,24171.9345,5053.191620959579,24473.514499029032,65.23642331057104,0.012476452765045862,0.012476452765045862,23896.05025599115,24447.818744008848,0.02416567745931575,fc6ed5692c5e33a9fffe770a3a11e12d0b94dbf5a1eec4c0ae7c81aee87c07d7
38,128,0.3,boundary_confirmation,8000,3470.504125,367.76075202409174,3423.1785185494978,4.111690204911563,-0.013636522172553869,0.013636522172553869,3453.1158243204804,3487.8924256795194,0.018553871287304347,fc6ed5692c5e33a9fffe770a3a11e12d0b94dbf5a1eec4c0ae7c81aee87c07d7
38,128,0.975,boundary_confirmation,8000,53296.741,17169.60943913564,54461.55305653954,191.96206926514662,0.021855221063883372,0.021855221063883372,52484.935145692725,54108.54685430728,0.03766067168340648,fc6ed5692c5e33a9fffe770a3a11e12d0b94dbf5a1eec4c0ae7c81aee87c07d7
38,128,1.025,boundary_confirmation,8000,55707.57175,18253.412793158066,55686.54044991911,204.0793591343287,-0.0003775303683181846,0.0003775303683181846,54844.52198645692,56570.62151354308,0.015627918519727002,fc6ed5692c5e33a9fffe770a3a11e12d0b94dbf5a1eec4c0ae7c81aee87c07d7
38,128,1.9,boundary_confirmation,8000,29577.679125,5873.453577860359,29948.768725021037,65.66720731392557,0.012546271749475469,0.012546271749475469,29299.97309933812,29855.385150661878,0.02214321574573641,fc6ed5692c5e33a9fffe770a3a11e12d0b94dbf5a1eec4c0ae7c81aee87c07d7
39,10,0.3,boundary_confirmation,8000,247.680875,80.2683151033804,248.9781707214273,0.8974270450526581,0.0052377710690310825,0.0052377710690310825,243.88566414518712,251.47608585481285,0.020880713075486668,fc6ed5692c5e33a9fffe770a3a11e12d0b94dbf5a1eec4c0ae7c81aee87c07d7
39,10,0.975,boundary_confirmation,8000,347.700625,120.05707481136173,346.2051727264221,1.3422789022899129,-0.004300976662259041,0.004300976662259041,342.024139665353,353.377110334647,0.02029542208162005,fc6ed5692c5e33a9fffe770a3a11e12d0b94dbf5a1eec4c0ae7c81aee87c07d7
39,10,1.025,boundary_confirmation,8000,347.242875,119.14943541716596,348.2138916247712,1.3321311853675204,0.002796361551755821,0.002796361551755821,341.6093042684149,352.87644573158514,0.0193337455210727,fc6ed5692c5e33a9fffe770a3a11e12d0b94dbf5a1eec4c0ae7c81aee87c07d7
39,10,1.9,boundary_confirmation,8000,324.508625,105.81628329957442,324.99201132816705,1.1830620129211207,0.0014895947008097472,0.0014895947008097472,319.50546645011303,329.51178354988696,0.017171990636068335,fc6ed5692c5e33a9fffe770a3a11e12d0b94dbf5a1eec4c0ae7c81aee87c07d7
39,14,0.325,blind2,6000,389.03516666666667,116.82280253088757,393.14063554539246,1.508175895531351,0.010552950556892553,0.010552950556892553,382.6571044484149,395.41322888491845,0.027396671785538063,fc6ed5692c5e33a9fffe770a3a11e12d0b94dbf5a1eec4c0ae7c81aee87c07d7
39,14,0.525,blind2,6000,504.45433333333335,162.18134514386767,498.9961299761115,2.0937521626923887,-0.010820014809180338,0.010820014809180338,495.59987437876526,513.3087922879015,0.027883142714147047,fc6ed5692c5e33a9fffe770a3a11e12d0b94dbf5a1eec4c0ae7c81aee87c07d7
39,14,0.725,blind2,6000,626.2788333333333,204.3316462410595,621.4293963969119,2.6379102099825626,-0.007743255365362657,0.007743255365362657,615.1231349195864,637.4345317470802,0.025108673209625842,fc6ed5692c5e33a9fffe770a3a11e12d0b94dbf5a1eec4c0ae7c81aee87c07d7
39,14,0.94,blind2,6000,685.7135,230.85354298949323,683.9788582298436,2.9803064247042843,-0.002529688813413142,0.002529688813413142,673.109811091736,698.3171889082639,0.020532690453798796,fc6ed5692c5e33a9fffe770a3a11e12d0b94dbf5a1eec4c0ae7c81aee87c07d7
39,14,1.0,blind2,6000,691.1643333333334,232.28117318986196,687.9673930237587,2.9987370513395204,-0.004625441671963169,0.004625441671963169,678.4827014717646,703.8459651949022,0.022559726071238462,fc6ed5692c5e33a9fffe770a3a11e12d0b94dbf5a1eec4c0ae7c81aee87c07d7
39,14,1.06,blind2,6000,685.3425,232.96957454610686,683.3688233415776,3.007624274633664,-0.00287983987338067,0.00287983987338067,672.6232841515199,698.06171584848,0.021048128228953966,fc6ed5692c5e33a9fffe770a3a11e12d0b94dbf5a1eec4c0ae7c81aee87c07d7
39,14,1.275,blind2,6000,672.2555,225.86076994684913,667.2403924435797,2.915850001885771,-0.007460121272968798,0.007460121272968798,659.9243967207204,684.5866032792795,0.025338227117809087,fc6ed5692c5e33a9fffe770a3a11e12d0b94dbf5a1eec4c0ae7c81aee87c07d7
39,14,1.675,blind2,6000,638.1818333333333,201.3360676547101,638.6880348206165,2.599237456725273,0.0007931931948598648,0.0007931931948598648,627.1896816432524,649.1739850234143,0.01833313511669732,fc6ed5692c5e33a9fffe770a3a11e12d0b94dbf5a1eec4c0ae7c81aee87c07d7
39,14,1.875,blind2,6000,628.1321666666666,193.89378750261935,625.1134697394167,2.503158033102415,-0.004805830822626684,0.004805830822626684,617.5463339898891,638.7179993434441,0.021299743576996266,fc6ed5692c5e33a9fffe770a3a11e12d0b94dbf5a1eec4c0ae7c81aee87c07d7
39,28,0.325,blind2,6000,812.3145,184.60376760759559,808.8888888888888,2.3832243919712064,-0.004217099548402931,0.004217099548402931,802.2358656065678,822.3931343934321,0.016420669069062144,fc6ed5692c5e33a9fffe770a3a11e12d0b94dbf5a1eec4c0ae7c81aee87c07d7
39,28,0.525,blind2,6000,1143.1278333333332,308.8040902465473,1149.4736842105265,3.9866436625520327,0.005551304667903059,0.005551304667903059,1126.2683533501993,1159.9873133164672,0.020603731598513475,fc6ed5692c5e33a9fffe770a3a11e12d0b94dbf5a1eec4c0ae7c81aee87c07d7
39,28,0.725,blind2,6000,1846.7518333333333,570.8275424859207,1800.8670421437953,7.369351885348259,-0.024846213964069688,0.024846213964069688,1815.5869108781956,1877.916755788471,0.041029355218850094,fc6ed5692c5e33a9fffe770a3a11e12d0b94dbf5a1eec4c0ae7c81aee87c07d7
39,28,0.94,blind2,6000,2716.1976666666665,897.7476215840946,2770.0544554571497,11.58987195830839,0.019828007899210312,0.019828007899210312,2667.1842030045786,2765.2111303287543,0.03856885937487475,fc6ed5692c5e33a9fffe770a3a11e12d0b94dbf5a1eec4c0ae7c81aee87c07d7
39,28,1.0,blind2,6000,2750.968,899.547292733764,2772.3948481643934,11.613105612946121,0.0077888394791918725,0.0077888394791918725,2701.856281422636,2800.0797185773636,0.026107445916633276,fc6ed5692c5e33a9fffe770a3a11e12d0b94dbf5a1eec4c0ae7c81aee87c07d7
39,28,1.06,blind2,6000,2759.895,893.7977937194051,2735.2361724523457,11.538879899840628,-0.008934697714099361,0.008934697714099361,2711.0971812918647,2808.6928187081353,0.026153321490520298,fc6ed5692c5e33a9fffe770a3a11e12d0b94dbf5a1eec4c0ae7c81aee87c07d7
39,28,1.275,blind2,6000,2613.8921666666665,827.5034289109917,2608.693718644264,10.683023330339347,-0.0019887767707845324,0.0019887767707845324,2568.713757648311,2659.070575685022,0.018945287688642787,fc6ed5692c5e33a9fffe770a3a11e12d0b94dbf5a1eec4c0ae7c81aee87c07d7
39,28,1.675,blind2,6000,2384.1136666666666,704.3657875046105,2398.8771257363856,9.093323215478762,0.0061924308711171295,0.0061924308711171295,2345.6580850525847,2422.5692482807485,0.022688319761065223,fc6ed5692c5e33a9fffe770a3a11e12d0b94dbf5a1eec4c0ae7c81aee87c07d7
39,28,1.875,blind2,6000,2313.536833333333,651.7314607715861,2305.2961501053546,8.41381697922595,-0.0035619416597337424,0.0035619416597337424,2277.954877445104,2349.118789221562,0.018654926825019902,fc6ed5692c5e33a9fffe770a3a11e12d0b94dbf5a1eec4c0ae7c81aee87c07d7
39,56,0.325,blind2,6000,1616.6475,262.1668581024902,1592.1542682456907,3.3845595845282253,-0.015150632252429403,0.015150632252429403,1602.3342281359803,1630.9607718640198,0.023793646228521648,fc6ed5692c5e33a9fffe770a3a11e12d0b94dbf5a1eec4c0ae7c81aee87c07d7
39,56,0.525,blind2,6000,2302.0673333333334,439.40058748132714,2298.947368421053,5.672637192096451,-0.0013552882954830162,0.0013552882954830162,2278.0778019663617,2326.056864700305,0.011654700575321031,fc6ed5692c5e33a9fffe770a3a11e12d0b94dbf5a1eec4c0ae7c81aee87c07d7
39,56,0.725,blind2,6000,3960.6808333333333,1010.6514123799213,3970.9090909090905,13.047453629894799,0.0025824493328711453,0.0025824493328711453,3905.5032699683484,4015.8583966983183,0.016747091583224405,fc6ed5692c5e33a9fffe770a3a11e12d0b94dbf5a1eec4c0ae7c81aee87c07d7
39,56,0.94,blind2,6000,10295.2475,3283.2672345596043,10339.844266721839,42.38679773532609,0.004331781894688713,0.004331781894688713,10115.994115836133,10474.500884163866,0.022128339372526895,fc6ed5692c5e33a9fffe770a3a11e12d0b94dbf5a1eec4c0ae7c81aee87c07d7
39,56,1.0,blind2,6000,11095.666333333333,3695.645650193642,11130.62994479629,47.71058018894619,0.00315110516237503,0.00315110516237503,10893.898721335541,11297.433945331124,0.021730624592379844,fc6ed5692c5e33a9fffe770a3a11e12d0b94dbf5a1eec4c0ae7c81aee87c07d7
39,56,1.06,blind2,6000,10884.963,3507.2721486389446,10830.769941243248,45.278688740985785,-0.004978708586951676,0.004978708586951676,10693.479834935146,11076.446165064854,0.022180058491727106,fc6ed5692c5e33a9fffe770a3a11e12d0b94dbf5a1eec4c0ae7c81aee87c07d7
39,56,1.275,blind2,6000,9812.752166666667,2921.8516149675743,9874.58277822104,37.72094214952887,0.006301046893287258,0.006301046893287258,9653.23064356474,9972.273689768594,0.022930368374018073,fc6ed5692c5e33a9fffe770a3a11e12d0b94dbf5a1eec4c0ae7c81aee87c07d7
39,56,1.675,blind2,6000,8471.765166666666,2261.562126325189,8487.78909162885,29.19664150556964,0.0018914505592332624,0.0018914505592332624,8348.29283387162,8595.237499461713,0.01670955493933457,fc6ed5692c5e33a9fffe770a3a11e12d0b94dbf5a1eec4c0ae7c81aee87c07d7
39,56,1.875,blind2,6000,7945.636166666666,2002.8094575069174,7939.136894324324,25.856158915170006,-0.0008179675240615213,0.0008179675240615213,7836.290704526218,8054.981628807114,0.014381750303252505,fc6ed5692c5e33a9fffe770a3a11e12d0b94dbf5a1eec4c0ae7c81aee87c07d7
39,112,0.325,blind2,6000,3240.5126666666665,363.2757089498384,3181.0529901021587,4.6898692361480565,-0.018348848679450056,0.018348848679450056,3220.6792520946356,3260.3460812386975,0.024320452234449008,fc6ed5692c5e33a9fffe770a3a11e12d0b94dbf5a1eec4c0ae7c81aee87c07d7
39,112,0.525,blind2,6000,4598.3095,629.8531587150616,4566.166712121816,8.131369314198569,-0.006990131455523863,0.006990131455523863,4563.922012731965,4632.696987268036,0.014361024545543,fc6ed5692c5e33a9fffe770a3a11e12d0b94dbf5a1eec4c0ae7c81aee87c07d7
39,112,0.725,blind2,6000,7933.850166666667,1396.1154947910904,7941.818181818181,18.023773535693405,0.001004306230156814,0.001004306230156814,7857.627791439119,8010.072541894215,0.010714479307710079,fc6ed5692c5e33a9fffe770a3a11e12d0b94dbf5a1eec4c0ae7c81aee87c07d7
39,112,0.94,blind2,6000,32266.892333333333,10054.4215589074,31245.38801982555,129.80202417799057,-0.031657970124768335,0.031657970124768335,31717.960747359026,32815.823919307644,0.047856055765770567,fc6ed5692c5e33a9fffe770a3a11e12d0b94dbf5a1eec4c0ae7c81aee87c07d7
39,112,1.0,blind2,6000,44499.639833333335,14891.908135094622,44604.620883462594,192.2537073349074,0.002359143816049976,0.002359143816049976,43686.60064426739,45312.67902239928,0.021013771400308467,fc6ed5692c5e33a9fffe770a3a11e12d0b94dbf5a1eec4c0ae7c81aee87c07d7
39,112,1.06,blind2,6000,42213.450666666664,13253.5331113967,42205.17510655724,171.1023767294933,-0.00019604083482233973,0.00019604083482233973,41489.86026338218,42937.04106995115,0.01724071468629118,fc6ed5692c5e33a9fffe770a3a11e12d0b94dbf5a1eec4c0ae7c81aee87c07d7
39,112,1.275,blind2,6000,35384.96466666667,9623.056585189473,35520.48757331423,124.23312631350149,0.0038299573823011635,0.0038299573823011635,34859.583899381374,35910.34543395196,0.01895902360282009,fc6ed5692c5e33a9fffe770a3a11e12d0b94dbf5a1eec4c0ae7c81aee87c07d7
39,112,1.675,blind2,6000,27615.7985,6235.161917538368,27832.522220445106,80.49559422510934,0.007847816547658575,0.007847816547658575,27275.38336023806,27956.213639761943,0.02042643554624579,fc6ed5692c5e33a9fffe770a3a11e12d0b94dbf5a1eec4c0ae7c81aee87c07d7
39,112,1.875,blind2,6000,25168.4335,5243.002469551872,25274.26973367945,67.68687082899586,0.00420511803722121,0.00420511803722121,24882.186335604092,25454.680664395906,0.01575759432017132,fc6ed5692c5e33a9fffe770a3a11e12d0b94dbf5a1eec4c0ae7c81aee87c07d7
39,128,0.3,boundary_confirmation,8000,3564.87825,372.79659177531704,3512.018887314765,4.167992604949239,-0.014827817102936203,0.014827817102936203,3547.2518469800702,3582.50465301993,0.01967499627551028,fc6ed5692c5e33a9fffe770a3a11e12d0b94dbf5a1eec4c0ae7c81aee87c07d7
39,128,0.975,boundary_confirmation,8000,54389.93825,17681.34457948417,55552.70621733997,197.68344206662016,0.021378365277698562,0.021378365277698562,53553.93676187459,55225.93973812541,0.037322549495340196,fc6ed5692c5e33a9fffe770a3a11e12d0b94dbf5a1eec4c0ae7c81aee87c07d7
39,128,1.025,boundary_confirmation,8000,56861.852875,18412.00851192394,56722.44454428324,205.85251317483338,-0.002451702216303486,0.002451702216303486,55991.30445906074,57732.401290939255,0.017493759553953048,fc6ed5692c5e33a9fffe770a3a11e12d0b94dbf5a1eec4c0ae7c81aee87c07d7
39,128,1.9,boundary_confirmation,8000,30563.8305,6171.218004249789,30961.86902456297,68.99631480736558,0.013023188456792728,0.013023188456792728,30272.04570886566,30855.61529113434,0.022787469414242034,fc6ed5692c5e33a9fffe770a3a11e12d0b94dbf5a1eec4c0ae7c81aee87c07d7
40,10,0.3,boundary_confirmation,8000,254.844125,80.96293876006453,254.67228938833773,0.9051931736282841,-0.0006742773123071216,0.0006742773123071216,251.0160712576983,258.6721787423017,0.015463160257171649,fc6ed5692c5e33a9fffe770a3a11e12d0b94dbf5a1eec4c0ae7c81aee87c07d7
40,10,0.975,boundary_confirmation,8000,354.128875,120.92795256866144,352.08752486368263,1.3520156116169864,-0.00576442724789771,0.00576442724789771,348.41121320969347,359.8465367903065,0.021562002502042432,fc6ed5692c5e33a9fffe770a3a11e12d0b94dbf5a1eec4c0ae7c81aee87c07d7
40,10,1.025,boundary_confirmation,8000,351.630875,119.45431674266916,354.14695675477384,1.3355398622119974,0.007155463111064511,0.007155463111064511,345.98288900487677,357.27886099512324,0.023596738478537826,fc6ed5692c5e33a9fffe770a3a11e12d0b94dbf5a1eec4c0ae7c81aee87c07d7
40,10,1.9,boundary_confirmation,8000,329.28475,106.95988836780103,331.2498048918118,1.1958479062809606,0.0059676462144444995,0.0059676462144444995,324.2275200227638,334.3419799772361,0.021658509643335933,fc6ed5692c5e33a9fffe770a3a11e12d0b94dbf5a1eec4c0ae7c81aee87c07d7
40,14,0.325,blind2,6000,399.6645,119.18360931159154,402.74632358897054,1.5386537800156175,0.007711026595983794,0.007711026595983794,393.1575470839872,406.17145291601275,0.024389145206806795,fc6ed5692c5e33a9fffe770a3a11e12d0b94dbf5a1eec4c0ae7c81aee87c07d7
40,14,0.525,blind2,6000,515.0008333333334,163.67276487440571,510.2887042419811,2.1130063086209856,-0.009149750420505339,0.009149750420505339,506.0649487698189,523.9367178968479,0.026048973451701762,fc6ed5692c5e33a9fffe770a3a11e12d0b94dbf5a1eec4c0ae7c81aee87c07d7
40,14,0.725,blind2,6000,637.1743333333334,206.9334704313273,633.7227334711334,2.6714996158447852,-0.005417041587571702,0.005417041587571702,625.8765856260669,648.4720810405998,0.02274476881995935,fc6ed5692c5e33a9fffe770a3a11e12d0b94dbf5a1eec4c0ae7c81aee87c07d7
40,14,0.94,blind2,6000,695.7276666666667,231.6153667489298,695.6455850999565,2.990141527147761,-0.00011797944891771956,0.00011797944891771956,683.082385199144,708.3729481341893,0.018391924858595088,fc6ed5692c5e33a9fffe770a3a11e12d0b94dbf5a1eec4c0ae7c81aee87c07d7
40,14,1.0,blind2,6000,694.8906666666667,240.62722059118153,699.695492635902,3.106484059979415,0.006914506410459823,0.006914506410459823,681.75337368031,708.0279596530233,0.026317609341241832,fc6ed5692c5e33a9fffe770a3a11e12d0b94dbf5a1eec4c0ae7c81aee87c07d7
40,14,1.06,blind2,6000,693.2465,235.8771609904814,695.1664314128371,3.045161054222734,0.002769478696015303,0.002769478696015303,680.3685414502202,706.1244585497798,0.021749815079743273,fc6ed5692c5e33a9fffe770a3a11e12d0b94dbf5a1eec4c0ae7c81aee87c07d7
40,14,1.275,blind2,6000,681.844,222.496024108576,679.2735464041311,2.8724113198995957,-0.0037698558553993463,0.0037698558553993463,669.6965985138652,693.9914014861349,0.021207546736870975,fc6ed5692c5e33a9fffe770a3a11e12d0b94dbf5a1eec4c0ae7c81aee87c07d7
40,14,1.675,blind2,6000,653.4196666666667,210.778825230184,651.1013847332694,2.721142932832221,-0.0035479218818492593,0.0035479218818492593,641.9119778209664,664.927355512367,0.020793204948597488,fc6ed5692c5e33a9fffe770a3a11e12d0b94dbf5a1eec4c0ae7c81aee87c07d7
40,14,1.875,blind2,6000,638.4881666666666,199.0555074407119,637.6884483062686,2.5697955509624792,-0.001252518687344078,0.001252518687344078,627.6205245297057,649.3558088036276,0.01796759240339274,fc6ed5692c5e33a9fffe770a3a11e12d0b94dbf5a1eec4c0ae7c81aee87c07d7
40,28,0.325,blind2,6000,828.596,187.45045406574746,829.6296296296296,2.4199749561188613,0.0012474470425026896,0.0012474470425026896,818.3619478032572,838.8300521967428,0.01376857985225044,fc6ed5692c5e33a9fffe770a3a11e12d0b94dbf5a1eec4c0ae7c81aee87c07d7
40,28,0.525,blind2,6000,1172.7503333333334,313.36233233289187,1178.9473684210527,4.04549031484668,0.005284189576911352,0.005284189576911352,1155.6419913900108,1189.858675276656,0.020166606271385223,fc6ed5692c5e33a9fffe770a3a11e12d0b94dbf5a1eec4c0ae7c81aee87c07d7
40,28,0.725,blind2,6000,1873.9521666666667,573.7004653266008,1843.0284578366848,7.406441159737902,-0.016501866685844045,0.016501866685844045,1842.6303940056691,1905.2739393276643,0.0326700954682374,fc6ed5692c5e33a9fffe770a3a11e12d0b94dbf5a1eec4c0ae7c81aee87c07d7
40,28,0.94,blind2,6000,2782.3241666666668,895.4590332501781,2818.8146537706793,11.56032640996311,0.013115109857141342,0.013115109857141342,2733.4356508612427,2831.212682472091,0.031235051347389797,fc6ed5692c5e33a9fffe770a3a11e12d0b94dbf5a1eec4c0ae7c81aee87c07d7
40,28,1.0,blind2,6000,2795.9065,918.0479158266788,2819.906704061838,11.851947630057186,0.008584051026684136,0.008584051026684136,2745.784720692995,2846.028279307005,0.026994826947006834,fc6ed5692c5e33a9fffe770a3a11e12d0b94dbf5a1eec4c0ae7c81aee87c07d7
40,28,1.06,blind2,6000,2806.4521666666665,909.9186474823697,2783.3146448757534,11.746999227009317,-0.008244402689533246,0.008244402689533246,2756.7742132067187,2856.130120126614,0.02549445304951048,fc6ed5692c5e33a9fffe770a3a11e12d0b94dbf5a1eec4c0ae7c81aee87c07d7
40,28,1.275,blind2,6000,2651.2348333333334,825.6240941720704,2658.5328182932253,10.658761223186708,0.002752673911845188,0.002752673911845188,2606.1590285466355,2696.3106381200314,0.02009616035434214,fc6ed5692c5e33a9fffe770a3a11e12d0b94dbf5a1eec4c0ae7c81aee87c07d7
40,28,1.675,blind2,6000,2434.334,709.0352082925311,2450.969424286562,9.153605178638934,0.006833665506279042,0.006833665506279042,2395.6234865090637,2473.044513490936,0.02310293670486141,fc6ed5692c5e33a9fffe770a3a11e12d0b94dbf5a1eec4c0ae7c81aee87c07d7
40,28,1.875,blind2,6000,2346.840166666667,670.2890298350594,2358.0862791250734,8.653394165655705,0.004792023171471419,0.004792023171471419,2310.245041024399,2383.4352923089345,0.02070829598208368,fc6ed5692c5e33a9fffe770a3a11e12d0b94dbf5a1eec4c0ae7c81aee87c07d7
40,56,0.325,blind2,6000,1660.1276666666668,266.96562039889716,1633.2151401529954,3.446511339382866,-0.01621111861096103,0.01621111861096103,1645.5524013918232,1674.7029319415103,0.024773224550587836,fc6ed5692c5e33a9fffe770a3a11e12d0b94dbf5a1eec4c0ae7c81aee87c07d7
40,56,0.525,blind2,6000,2350.5508333333332,451.1902860157837,2357.8947368421054,5.8248415456989715,0.0031243329880927344,0.0031243329880927344,2325.917631131917,2375.1840355347495,0.013748167726226335,fc6ed5692c5e33a9fffe770a3a11e12d0b94dbf5a1eec4c0ae7c81aee87c07d7
40,56,0.725,blind2,6000,4090.0471666666667,1018.8841735456599,4072.7272727272725,13.153738119522162,-0.004234644059987623,0.004234644059987623,4034.4201271565667,4145.674206176766,0.017595915603017764,fc6ed5692c5e33a9fffe770a3a11e12d0b94dbf5a1eec4c0ae7c81aee87c07d7
40,56,0.94,blind2,6000,10517.84,3338.515885557486,10542.116438659907,43.100054752710165,0.0023081201710528484,0.0023081201710528484,10335.570258362208,10700.109741637792,0.019984013957100144,fc6ed5692c5e33a9fffe770a3a11e12d0b94dbf5a1eec4c0ae7c81aee87c07d7
40,56,1.0,blind2,6000,11264.759833333334,3689.975697832585,11321.876283283811,47.63738141871898,0.005070365528918367,0.005070365528918367,11063.30177827263,11466.217888394038,0.023372272599397004,fc6ed5692c5e33a9fffe770a3a11e12d0b94dbf5a1eec4c0ae7c81aee87c07d7
40,56,1.06,blind2,6000,11110.987333333333,3598.577021213036,11026.58365048108,46.45742957734261,-0.007596416080777914,0.007596416080777914,10914.51928393519,11307.455382731476,0.024839517180791915,fc6ed5692c5e33a9fffe770a3a11e12d0b94dbf5a1eec4c0ae7c81aee87c07d7
40,56,1.275,blind2,6000,10127.785833333333,2988.088478959805,10081.922384458047,38.57605638668525,-0.004528477362182917,0.004528477362182917,9964.648039858399,10290.923626808268,0.020309279315392503,fc6ed5692c5e33a9fffe770a3a11e12d0b94dbf5a1eec4c0ae7c81aee87c07d7
40,56,1.675,blind2,6000,8691.729833333333,2259.665916793725,8702.543111209323,29.17216154578204,0.001244088125532897,0.001244088125532897,8568.361026066765,8815.098640599901,0.015660181070142665,fc6ed5692c5e33a9fffe770a3a11e12d0b94dbf5a1eec4c0ae7c81aee87c07d7
40,56,1.875,blind2,6000,8138.602666666667,2039.5843711062062,8153.41632125561,26.330921008264216,0.001820171741472928,0.001820171741472928,8027.249439929533,8249.955893403801,0.01571732413079019,fc6ed5692c5e33a9fffe770a3a11e12d0b94dbf5a1eec4c0ae7c81aee87c07d7
40,112,0.325,blind2,6000,3313.3575,375.35440788096423,3261.6612154026193,4.8458045688284015,-0.015602386581399919,0.015602386581399919,3292.8646363167572,3333.850363683243,0.021653385846888695,fc6ed5692c5e33a9fffe770a3a11e12d0b94dbf5a1eec4c0ae7c81aee87c07d7
40,112,0.525,blind2,6000,4722.3415,633.8745670126971,4682.557579827193,8.183285472082044,-0.008424617358318428,0.008424617358318428,4687.734459769944,4756.948540230057,0.015638378211101367,fc6ed5692c5e33a9fffe770a3a11e12d0b94dbf5a1eec4c0ae7c81aee87c07d7
40,112,0.725,blind2,6000,8150.215166666667,1452.1248361027974,8145.454545454545,18.74685102280103,-0.0005841098811221738,0.0005841098811221738,8070.934903287575,8229.495430045758,0.010212155205090778,fc6ed5692c5e33a9fffe770a3a11e12d0b94dbf5a1eec4c0ae7c81aee87c07d7
40,112,0.94,blind2,6000,32676.912,10172.762984937472,31956.129159589902,131.3298054185936,-0.022057862762861383,0.022057862762861383,32121.519440980494,33232.3045590195,0.03840165213830282,fc6ed5692c5e33a9fffe770a3a11e12d0b94dbf5a1eec4c0ae7c81aee87c07d7
40,112,1.0,blind2,6000,45440.207,14718.677694435159,45372.00406720817,190.01731196247317,-0.001500937986304405,0.001500937986304405,44636.62550673218,46243.78849326782,0.01885192486308873,fc6ed5692c5e33a9fffe770a3a11e12d0b94dbf5a1eec4c0ae7c81aee87c07d7
40,112,1.06,blind2,6000,43275.90783333333,13610.093674168516,43007.84017974775,175.7055538012586,-0.006194385444621507,0.006194385444621507,42532.85063585572,44018.96503081094,0.02297020955298379,fc6ed5692c5e33a9fffe770a3a11e12d0b94dbf5a1eec4c0ae7c81aee87c07d7
40,112,1.275,blind2,6000,36148.28566666667,9864.652152918397,36376.773807568046,127.35211168127364,0.0063208569006101235,0.0063208569006101235,35609.71473847746,36686.85659485588,0.021540724903975628,fc6ed5692c5e33a9fffe770a3a11e12d0b94dbf5a1eec4c0ae7c81aee87c07d7
40,112,1.675,blind2,6000,28470.779666666665,6397.679254106624,28662.79359680389,82.59368401843882,0.0067442455874165514,0.0067442455874165514,28121.491724149433,28820.067609183898,0.01924868986198236,fc6ed5692c5e33a9fffe770a3a11e12d0b94dbf5a1eec4c0ae7c81aee87c07d7
40,112,1.875,blind2,6000,25813.6235,5417.723392336834,26074.257303519684,69.9425082429297,0.01009675389120331,0.01009675389120331,25517.837265386544,26109.40973461346,0.02180514094303332,fc6ed5692c5e33a9fffe770a3a11e12d0b94dbf5a1eec4c0ae7c81aee87c07d7
40,128,0.3,boundary_confirmation,8000,3649.490625,378.03593752230313,3600.8356506339346,4.226570271188666,-0.013331990506501244,0.013331990506501244,3631.616497559475,3667.3647524405246,0.0181408467107933,fc6ed5692c5e33a9fffe770a3a11e12d0b94dbf5a1eec4c0ae7c81aee87c07d7
40,128,0.975,boundary_confirmation,8000,55621.88075,17666.657038136625,56635.511158278525,197.51923036224292,0.018223591051054637,0.018223591051054637,54786.57371168683,56457.18778831316,0.03374800286511226,fc6ed5692c5e33a9fffe770a3a11e12d0b94dbf5a1eec4c0ae7c81aee87c07d7
40,128,1.025,boundary_confirmation,8000,58118.921,18729.889028111847,57749.35409773458,209.4065253894278,-0.0063588052893381415,0.0063588052893381415,57233.34269855716,59004.49930144285,0.02127202532972905,fc6ed5692c5e33a9fffe770a3a11e12d0b94dbf5a1eec4c0ae7c81aee87c07d7
40,128,1.9,boundary_confirmation,8000,31491.72025,6323.381447185182,31975.33798236186,70.69755381783531,0.015356980454627953,0.015356980454627953,31192.740934480906,31790.69956551909,0.025089075997674293,fc6ed5692c5e33a9fffe770a3a11e12d0b94dbf5a1eec4c0ae7c81aee87c07d7
41,10,0.3,boundary_confirmation,8000,258.21675,81.3589081074012,260.33964114661825,0.9096202455165392,0.008221353365412035,0.008221353365412035,254.36997421073306,262.0635257892669,0.023468441801781204,fc6ed5692c5e33a9fffe770a3a11e12d0b94dbf5a1eec4c0ae7c81aee87c07d7
41,10,0.975,boundary_confirmation,8000,358.26725,121.85998649875268,357.92051917119574,1.3624360677420877,-0.0009677993978077945,0.0009677993978077945,352.5055201950107,364.02897980498926,0.01678014930862326,fc6ed5692c5e33a9fffe770a3a11e12d0b94dbf5a1eec4c0ae7c81aee87c07d7
41,10,1.025,boundary_confirmation,8000,357.99725,122.37877190474708,360.02982926788764,1.3682362649097795,0.005677639333507805,0.005677639333507805,352.210991213661,363.78350878633904,0.022199301694941997,fc6ed5692c5e33a9fffe770a3a11e12d0b94dbf5a1eec4c0ae7c81aee87c07d7
41,10,1.9,boundary_confirmation,8000,335.431875,107.35903014722908,337.44829812697304,1.2003104470382673,0.006011423711515348,0.006011423711515348,330.3557729782723,340.5079770217277,0.02146935434110686,fc6ed5692c5e33a9fffe770a3a11e12d0b94dbf5a1eec4c0ae7c81aee87c07d7
41,14,0.325,blind2,6000,411.5341666666667,124.68850937449648,412.3273962885331,1.609721734236174,0.0019274939631171097,0.0019274939631171097,404.7266680151826,418.3416653181508,0.01877990474565272,fc6ed5692c5e33a9fffe770a3a11e12d0b94dbf5a1eec4c0ae7c81aee87c07d7
41,14,0.525,blind2,6000,524.5185,163.8006443809057,521.5261472496604,2.114657225950971,-0.005704951780231949,0.005704951780231949,515.5756337220323,533.4613662779677,0.0223731647365224,fc6ed5692c5e33a9fffe770a3a11e12d0b94dbf5a1eec4c0ae7c81aee87c07d7
41,14,0.725,blind2,6000,646.484,209.79913415006035,645.9215698948948,2.708495175373065,-0.0008699830237179107,0.0008699830237179107,635.0297984061747,657.9382015938254,0.018264073540373293,fc6ed5692c5e33a9fffe770a3a11e12d0b94dbf5a1eec4c0ae7c81aee87c07d7
41,14,0.94,blind2,6000,709.5553333333334,239.45924996462583,707.2137088675529,3.091405624027716,-0.003300129469508775,0.003300129469508775,696.481806916207,722.6288597504597,0.021332044347398438,fc6ed5692c5e33a9fffe770a3a11e12d0b94dbf5a1eec4c0ae7c81aee87c07d7
41,14,1.0,blind2,6000,712.1798333333334,240.5224833651515,711.3258491345798,3.1051319082056072,-0.0011991131435953573,0.0011991131435953573,699.0482585845957,725.311408082071,0.01928214390626093,fc6ed5692c5e33a9fffe770a3a11e12d0b94dbf5a1eec4c0ae7c81aee87c07d7
41,14,1.06,blind2,6000,707.3088333333334,237.68179125521573,706.8641546126969,3.0684587307606606,-0.0006286910323752809,0.0006286910323752809,694.3323491202408,720.285317546426,0.018633120246636214,fc6ed5692c5e33a9fffe770a3a11e12d0b94dbf5a1eec4c0ae7c81aee87c07d7
41,14,1.275,blind2,6000,689.917,226.32017124931454,691.1998291329122,2.9217808471980193,0.0018593963229086743,0.0018593963229086743,677.5608152295492,702.2731847704508,0.020129578920147884,fc6ed5692c5e33a9fffe770a3a11e12d0b94dbf5a1eec4c0ae7c81aee87c07d7
41,14,1.675,blind2,6000,659.0408333333334,211.08804448948143,663.3980748823093,2.725134936304173,0.006611489498970249,0.006611489498970249,647.5162623410645,670.5654043256022,0.024527279799622104,fc6ed5692c5e33a9fffe770a3a11e12d0b94dbf5a1eec4c0ae7c81aee87c07d7
41,14,1.875,blind2,6000,649.5378333333333,202.59457790327178,650.1435175614613,2.615484754170976,0.0009324849101086247,0.0009324849101086247,638.4769719693381,660.5986946973285,0.01827246103510749,fc6ed5692c5e33a9fffe770a3a11e12d0b94dbf5a1eec4c0ae7c81aee87c07d7
41,28,0.325,blind2,6000,848.726,193.06402446750818,850.3703703703703,2.4924458383814683,0.0019374572834699596,0.0019374572834699596,838.1854690977877,859.2665309022123,0.014537237546838222,fc6ed5692c5e33a9fffe770a3a11e12d0b94dbf5a1eec4c0ae7c81aee87c07d7
41,28,0.525,blind2,6000,1198.7575,322.46440202836743,1208.421052631579,4.1629975293353345,0.00806130733828904,0.00806130733828904,1181.1522211096524,1216.3627788903475,0.023086636112243486,fc6ed5692c5e33a9fffe770a3a11e12d0b94dbf5a1eec4c0ae7c81aee87c07d7
41,28,0.725,blind2,6000,1933.9308333333333,595.844395632456,1885.0317811187126,7.692318070718418,-0.025284798903763304,0.025284798903763304,1901.4000898020297,1966.461576864637,0.04140929917164082,fc6ed5692c5e33a9fffe770a3a11e12d0b94dbf5a1eec4c0ae7c81aee87c07d7
41,28,0.94,blind2,6000,2823.5905,934.2610044381704,2867.156820508851,12.061257704000159,0.015429404691952066,0.015429404691952066,2772.5835502838468,2874.597449716153,0.034110160617277785,fc6ed5692c5e33a9fffe770a3a11e12d0b94dbf5a1eec4c0ae7c81aee87c07d7
41,28,1.0,blind2,6000,2872.7228333333333,943.5842403031098,2867.0275875054203,12.181620161459072,-0.0019825253455811103,0.0019825253455811103,2821.2068718734645,2924.238794793202,0.019564478588291023,fc6ed5692c5e33a9fffe770a3a11e12d0b94dbf5a1eec4c0ae7c81aee87c07d7
41,28,1.06,blind2,6000,2853.534,944.5022597098958,2830.9846129925427,12.193471741038998,-0.00790226680581252,0.00790226680581252,2801.967918317305,2905.1000816826954,0.02551219118317727,fc6ed5692c5e33a9fffe770a3a11e12d0b94dbf5a1eec4c0ae7c81aee87c07d7
41,28,1.275,blind2,6000,2709.2246666666665,846.7518758850048,2707.915715688562,10.93151971224171,-0.0004831459694757746,0.0004831459694757746,2662.9953686973076,2755.4539646360254,0.017252419948791564,fc6ed5692c5e33a9fffe770a3a11e12d0b94dbf5a1eec4c0ae7c81aee87c07d7
41,28,1.675,blind2,6000,2504.6441666666665,742.8574078543201,2502.5740228574678,9.590247897421975,-0.0008265221210858864,0.0008265221210858864,2464.0870950681538,2545.201238265179,0.016748072713011264,fc6ed5692c5e33a9fffe770a3a11e12d0b94dbf5a1eec4c0ae7c81aee87c07d7
41,28,1.875,blind2,6000,2399.8681666666666,680.9570643884696,2410.3956068848406,8.791117899529448,0.0043866743867002605,0.0043866743867002605,2362.6906085997866,2437.0457247335466,0.020190962841861726,fc6ed5692c5e33a9fffe770a3a11e12d0b94dbf5a1eec4c0ae7c81aee87c07d7
41,56,0.325,blind2,6000,1702.5883333333334,275.1234014248106,1674.2961795106548,3.551827839567431,-0.016617143010305993,0.016617143010305993,1687.5676855319714,1717.6089811346953,0.02521691613153243,fc6ed5692c5e33a9fffe770a3a11e12d0b94dbf5a1eec4c0ae7c81aee87c07d7
41,56,0.525,blind2,6000,2413.6693333333333,462.9459473321345,2416.842105263158,5.976606480705243,0.0013145014878417406,0.0013145014878417406,2388.3943185947405,2438.944348071926,0.011910841709402264,fc6ed5692c5e33a9fffe770a3a11e12d0b94dbf5a1eec4c0ae7c81aee87c07d7
41,56,0.725,blind2,6000,4172.606,1036.6106434119833,4174.545454545454,13.382585861453222,0.0004648065370788141,0.0004648065370788141,4116.01116545958,4229.200834540419,0.014221120092452022,fc6ed5692c5e33a9fffe770a3a11e12d0b94dbf5a1eec4c0ae7c81aee87c07d7
41,56,0.94,blind2,6000,10787.382333333333,3448.9745964246176,10742.844172996154,44.52607057814997,-0.004128727337266485,0.004128727337266485,10599.081983670432,10975.682682996234,0.021214034399955617,fc6ed5692c5e33a9fffe770a3a11e12d0b94dbf5a1eec4c0ae7c81aee87c07d7
41,56,1.0,blind2,6000,11507.2215,3753.236793912193,11511.558731955882,48.454078657316145,0.0003769139193055499,0.0003769139193055499,11302.309639705649,11712.13336029435,0.018513834686950004,fc6ed5692c5e33a9fffe770a3a11e12d0b94dbf5a1eec4c0ae7c81aee87c07d7
41,56,1.06,blind2,6000,11269.754,3595.7709523282483,11220.69421705028,46.4212033838123,-0.0043532257181230485,0.0043532257181230485,11073.43915084657,11466.068849153431,0.021400066171874288,fc6ed5692c5e33a9fffe770a3a11e12d0b94dbf5a1eec4c0ae7c81aee87c07d7
41,56,1.275,blind2,6000,10355.631166666666,3064.223029838299,10287.334767109454,39.55894921209655,-0.006595097725868064,0.006595097725868064,10188.33672832496,10522.925605008371,0.022388340157682762,fc6ed5692c5e33a9fffe770a3a11e12d0b94dbf5a1eec4c0ae7c81aee87c07d7
41,56,1.675,blind2,6000,8943.899166666666,2348.6154004113037,8915.635941151282,30.320494441464145,-0.0031600563678892066,0.0031600563678892066,8815.674069972833,9072.1242633605,0.017249358327379394,fc6ed5692c5e33a9fffe770a3a11e12d0b94dbf5a1eec4c0ae7c81aee87c07d7
41,56,1.875,blind2,6000,8363.556,2130.9626375946787,8366.311150462796,27.510609355981405,0.00032942332935840054,0.00032942332935840054,8247.213881912607,8479.898118087394,0.0144409094095872,fc6ed5692c5e33a9fffe770a3a11e12d0b94dbf5a1eec4c0ae7c81aee87c07d7
41,112,0.325,blind2,6000,3406.610833333333,386.67903463804487,3342.257631364151,4.992004871602362,-0.018890682005555964,0.018890682005555964,3385.4996898922836,3427.7219767743827,0.02493327813320989,fc6ed5692c5e33a9fffe770a3a11e12d0b94dbf5a1eec4c0ae7c81aee87c07d7
41,112,0.525,blind2,6000,4838.596666666666,655.4570552783057,4798.958914616428,8.461914197490108,-0.00819199341893999,0.00819199341893999,4802.811308077517,4874.382025255815,0.015473368777538354,fc6ed5692c5e33a9fffe770a3a11e12d0b94dbf5a1eec4c0ae7c81aee87c07d7
41,112,0.725,blind2,6000,8342.746666666666,1503.2856922313981,8349.090909090908,19.40733483534698,0.0007604500864913528,0.0007604500864913528,8260.673223219488,8424.820110113844,0.010703447949362177,fc6ed5692c5e33a9fffe770a3a11e12d0b94dbf5a1eec4c0ae7c81aee87c07d7
41,112,0.94,fresh_precision_confirmation,20000,33733.3926,10456.921967262484,32663.790233445092,73.94160433389875,-0.03170752432872427,0.03170752432872427,33420.69422419629,34046.09097580371,0.04060086496687698,fc6ed5692c5e33a9fffe770a3a11e12d0b94dbf5a1eec4c0ae7c81aee87c07d7
41,112,1.0,blind2,6000,46154.38016666667,15364.134678856632,46133.13169169193,198.3501258003319,-0.0004603782977478732,0.0004603782977478732,45315.559279062654,46993.201054270685,0.01830199567774693,fc6ed5692c5e33a9fffe770a3a11e12d0b94dbf5a1eec4c0ae7c81aee87c07d7
41,112,1.06,blind2,6000,44066.31333333333,14054.738200815807,43803.249670673795,181.44588995688272,-0.005969722510472556,0.005969722510472556,43298.980306184436,44833.64636048223,0.022982665329596252,fc6ed5692c5e33a9fffe770a3a11e12d0b94dbf5a1eec4c0ae7c81aee87c07d7
41,112,1.275,blind2,6000,37110.4425,10016.770270674559,37226.01885249499,129.31594813702708,0.003114388961947688,0.003114388961947688,36563.56652520556,37657.31847479443,0.018117825755120442,fc6ed5692c5e33a9fffe770a3a11e12d0b94dbf5a1eec4c0ae7c81aee87c07d7
41,112,1.675,blind2,6000,29311.124833333335,6729.132392097441,29490.228086160663,86.87272563006088,0.006110418956820363,0.006110418956820363,28943.740862551575,29678.508804115096,0.018881015629743647,fc6ed5692c5e33a9fffe770a3a11e12d0b94dbf5a1eec4c0ae7c81aee87c07d7
41,112,1.875,blind2,6000,26622.9685,5598.330695002114,26873.209523220667,72.27413849434994,0.009399441058598239,0.009399441058598239,26317.321822146747,26928.61517785325,0.021122502693496914,fc6ed5692c5e33a9fffe770a3a11e12d0b94dbf5a1eec4c0ae7c81aee87c07d7
41,128,0.3,boundary_confirmation,8000,3751.416375,389.7970173323541,3689.6301270943723,4.358063140909037,-0.0164701120135265,0.0164701120135265,3732.9861654029987,3769.846584597001,0.021278440833741197,fc6ed5692c5e33a9fffe770a3a11e12d0b94dbf5a1eec4c0ae7c81aee87c07d7
41,128,0.975,boundary_confirmation,8000,56624.104375,18221.398553682357,57710.027487076484,203.7214290557505,0.01917775343314614,0.01917775343314614,55762.56829452116,57485.640455478846,0.03492413014890983,fc6ed5692c5e33a9fffe770a3a11e12d0b94dbf5a1eec4c0ae7c81aee87c07d7
41,128,1.025,boundary_confirmation,8000,58987.99425,18839.13027736864,58767.33993091976,210.6278796858537,-0.0037406648909789025,0.0037406648909789025,58097.25085228675,59878.73764771326,0.01856080739931798,fc6ed5692c5e33a9fffe770a3a11e12d0b94dbf5a1eec4c0ae7c81aee87c07d7
41,128,1.9,boundary_confirmation,8000,32555.05,6546.2490282445315,32988.81022755183,73.18928912398356,0.013323899903450707,0.013323899903450707,32245.53315841308,32864.566841586915,0.023050543636144782,fc6ed5692c5e33a9fffe770a3a11e12d0b94dbf5a1eec4c0ae7c81aee87c07d7
42,10,0.3,boundary_confirmation,8000,264.571625,83.91798465393413,265.98021050245893,0.9382315911049043,0.005324023324341557,0.005324023324341557,260.6038520890769,268.53939791092307,0.020630387349548363,fc6ed5692c5e33a9fffe770a3a11e12d0b94dbf5a1eec4c0ae7c81aee87c07d7
42,10,0.975,boundary_confirmation,8000,361.301875,122.33868395026657,363.70426063816063,1.3677880679532928,0.006649247635818768,0.006649247635818768,355.51751163453525,367.08623836546474,0.023027695502215284,fc6ed5692c5e33a9fffe770a3a11e12d0b94dbf5a1eec4c0ae7c81aee87c07d7
42,10,1.025,boundary_confirmation,8000,365.04625,124.06268095014741,365.86263313976286,1.387062940376989,0.0022363827590692327,0.0022363827590692327,359.1803733734286,370.91212662657136,0.01860418959859733,fc6ed5692c5e33a9fffe770a3a11e12d0b94dbf5a1eec4c0ae7c81aee87c07d7
42,10,1.9,boundary_confirmation,8000,341.91175,110.38996877021088,343.58818922178773,1.2341973710213519,0.004903134278911871,0.004903134278911871,336.69234048331117,347.1311595166888,0.02048115715545462,fc6ed5692c5e33a9fffe770a3a11e12d0b94dbf5a1eec4c0ae7c81aee87c07d7
42,14,0.325,blind2,6000,420.34633333333335,125.46505874830918,421.88363691522244,1.6197469435437888,0.0036572308593685633,0.0036572308593685633,413.496438162382,427.1962285042847,0.020283605803508076,fc6ed5692c5e33a9fffe770a3a11e12d0b94dbf5a1eec4c0ae7c81aee87c07d7
42,14,0.525,blind2,6000,542.338,172.2616801179904,532.7084748805447,2.2238887276222874,-0.01775557884466007,0.01775557884466007,532.9331946896442,551.7428053103557,0.03449855665830415,fc6ed5692c5e33a9fffe770a3a11e12d0b94dbf5a1eec4c0ae7c81aee87c07d7
42,14,0.725,blind2,6000,659.656,210.45845225131887,658.0264598676081,2.717006935459823,-0.0024702877445090575,0.0024702877445090575,648.1658022497706,671.1461977502292,0.019548256291401556,fc6ed5692c5e33a9fffe770a3a11e12d0b94dbf5a1eec4c0ae7c81aee87c07d7
42,14,0.94,blind2,6000,723.1721666666666,242.13865252470526,718.683506955591,3.1259965623376265,-0.006206903304596536,0.006206903304596536,709.95235548436,736.3919778489732,0.02404761516428955,fc6ed5692c5e33a9fffe770a3a11e12d0b94dbf5a1eec4c0ae7c81aee87c07d7
42,14,1.0,blind2,6000,727.6685,240.6109124907228,722.8586649691179,3.1062735233077983,-0.006609926128288006,0.006609926128288006,714.532097371323,740.804902628677,0.024225322478129696,fc6ed5692c5e33a9fffe770a3a11e12d0b94dbf5a1eec4c0ae7c81aee87c07d7
42,14,1.06,blind2,6000,719.0748333333333,241.43843795025444,718.4623327153545,3.1169568310522275,-0.0008517898132237053,0.0008517898132237053,705.8932510928533,732.2564155738133,0.018837776720125432,fc6ed5692c5e33a9fffe770a3a11e12d0b94dbf5a1eec4c0ae7c81aee87c07d7
42,14,1.275,blind2,6000,701.686,227.13299988613034,703.0200283143618,2.9322744197770465,0.001901175617529375,0.001901175617529375,689.2854380060443,714.0865619939558,0.01992583848579299,fc6ed5692c5e33a9fffe770a3a11e12d0b94dbf5a1eec4c0ae7c81aee87c07d7
42,14,1.675,blind2,6000,673.7298333333333,209.11409874600665,675.5794830587689,2.6996514063348567,0.0027453878898078543,0.0027453878898078543,662.313031958764,685.1466347079026,0.02003048477057745,fc6ed5692c5e33a9fffe770a3a11e12d0b94dbf5a1eec4c0ae7c81aee87c07d7
42,14,1.875,blind2,6000,662.2581666666666,203.3915448998024,662.4802166942515,2.6257735538544424,0.00033529224517149996,0.00033529224517149996,651.1537940618894,673.3625392714439,0.01739438936799864,fc6ed5692c5e33a9fffe770a3a11e12d0b94dbf5a1eec4c0ae7c81aee87c07d7
42,28,0.325,blind2,6000,870.6973333333333,198.52789715103876,871.1111111111111,2.5629841314118402,0.0004752257322228263,0.0004752257322228263,859.8584966280314,881.5361700386352,0.013086588697102108,fc6ed5692c5e33a9fffe770a3a11e12d0b94dbf5a1eec4c0ae7c81aee87c07d7
42,28,0.525,blind2,6000,1235.2116666666666,328.7298963506078,1237.8947368421054,4.243884713221314,0.0021721541723123106,0.0021721541723123106,1217.2643166074238,1253.1590167259094,0.016948184509490538,fc6ed5692c5e33a9fffe770a3a11e12d0b94dbf5a1eec4c0ae7c81aee87c07d7
42,28,0.725,blind2,6000,1968.5781666666667,612.4748864002921,1926.8766231141049,7.907016783328703,-0.021183585319943767,0.021183585319943767,1935.1394642220398,2002.0168691112935,0.03753227415638305,fc6ed5692c5e33a9fffe770a3a11e12d0b94dbf5a1eec4c0ae7c81aee87c07d7
42,28,0.94,blind2,6000,2881.9468333333334,936.8908505001693,2915.0830859557027,12.095208870670863,0.011497870897237562,0.011497870897237562,2830.7963044404746,2933.097362226192,0.029774936961382004,fc6ed5692c5e33a9fffe770a3a11e12d0b94dbf5a1eec4c0ae7c81aee87c07d7
42,28,1.0,blind2,6000,2915.1646666666666,960.8036636924926,2913.7583082924434,12.403921961520318,-0.00048242845088790153,0.00048242845088790153,2862.708592905427,2967.620740427906,0.018150038986348482,fc6ed5692c5e33a9fffe770a3a11e12d0b94dbf5a1eec4c0ae7c81aee87c07d7
42,28,1.06,blind2,6000,2872.5505,926.8354653225745,2878.24801199858,11.965394406229109,0.0019834331889308863,0.0019834331889308863,2821.948955302878,2923.1520446971217,0.019950416392156,fc6ed5692c5e33a9fffe770a3a11e12d0b94dbf5a1eec4c0ae7c81aee87c07d7
42,28,1.275,blind2,6000,2770.1685,868.0945243030493,2756.847243913045,11.207052118531866,-0.0048088251985231745,0.0048088251985231745,2722.7739779770873,2817.563022022913,0.021549039945263138,fc6ed5692c5e33a9fffe770a3a11e12d0b94dbf5a1eec4c0ae7c81aee87c07d7
42,28,1.675,blind2,6000,2564.7275,760.6530013143212,2553.6967099759586,9.81998802111018,-0.004300959857934763,0.004300959857934763,2523.19885949679,2606.2561405032097,0.020166640458102902,fc6ed5692c5e33a9fffe770a3a11e12d0b94dbf5a1eec4c0ae7c81aee87c07d7
42,28,1.875,blind2,6000,2454.076666666667,692.1454341436415,2462.2287399222923,8.935559131972754,0.0033218494623064652,0.0033218494623064652,2416.2882679344943,2491.8650653988393,0.01901282748315003,fc6ed5692c5e33a9fffe770a3a11e12d0b94dbf5a1eec4c0ae7c81aee87c07d7
42,56,0.325,blind2,6000,1747.679,286.27352138675786,1715.397679040406,3.6957752693035535,-0.0184709668992956,0.0184709668992956,1732.0495998205272,1763.308400179473,0.027170925479734875,fc6ed5692c5e33a9fffe770a3a11e12d0b94dbf5a1eec4c0ae7c81aee87c07d7
42,56,0.525,blind2,6000,2468.2426666666665,479.29108876636826,2475.789473684211,6.187621349259217,0.0030575628237300514,0.0030575628237300514,2442.075271957938,2494.410061375395,0.013805553871909293,fc6ed5692c5e33a9fffe770a3a11e12d0b94dbf5a1eec4c0ae7c81aee87c07d7
42,56,0.725,blind2,6000,4264.783333333334,1070.3556729424051,4276.363636363636,13.818232319415227,0.002715332087281247,0.002715332087281247,4206.346153863337,4323.22051280333,0.016645677730538377,fc6ed5692c5e33a9fffe770a3a11e12d0b94dbf5a1eec4c0ae7c81aee87c07d7
42,56,0.94,blind2,6000,10917.596166666666,3429.678511007524,10942.036942137063,44.27695918659197,0.002238659050700101,0.002238659050700101,10730.34930682504,11104.843026508293,0.01972793515467197,fc6ed5692c5e33a9fffe770a3a11e12d0b94dbf5a1eec4c0ae7c81aee87c07d7
42,56,1.0,blind2,6000,11596.6015,3744.2229763971827,11699.680530001717,48.33771077357818,0.008888727443270003,0.008888727443270003,11392.181758433237,11801.021241566765,0.026992087915104435,fc6ed5692c5e33a9fffe770a3a11e12d0b94dbf5a1eec4c0ae7c81aee87c07d7
42,56,1.06,blind2,6000,11484.927666666666,3649.9483595806973,11413.113706897695,47.12063070391041,-0.0062528874236971515,0.0062528874236971515,11285.654945704022,11684.200387629311,0.02320113244708044,fc6ed5692c5e33a9fffe770a3a11e12d0b94dbf5a1eec4c0ae7c81aee87c07d7
42,56,1.275,blind2,6000,10525.335166666666,3090.4098069068027,10490.84247702262,39.897019050353755,-0.0032771108090964723,0.0032771108090964723,10356.611034037373,10694.05929929596,0.019002776830190027,fc6ed5692c5e33a9fffe770a3a11e12d0b94dbf5a1eec4c0ae7c81aee87c07d7
42,56,1.675,blind2,6000,9097.769166666667,2370.8791627193223,9127.064148404368,30.6079183769404,0.003220018138626236,0.003220018138626236,8968.32855674993,9227.209776583404,0.017699573632922627,fc6ed5692c5e33a9fffe770a3a11e12d0b94dbf5a1eec4c0ae7c81aee87c07d7
42,56,1.875,blind2,6000,8510.831166666667,2145.5633299895403,8577.799532897006,27.699103484276062,0.007868604713089178,0.007868604713089178,8393.691908615956,8627.970424717378,0.021934045981848227,fc6ed5692c5e33a9fffe770a3a11e12d0b94dbf5a1eec4c0ae7c81aee87c07d7
42,112,0.325,blind2,6000,3484.170833333333,401.38004265169775,3422.843393999641,5.181794068966827,-0.017601731449838093,0.017601731449838093,3462.2570730935868,3506.0845935730795,0.0237419256015744,fc6ed5692c5e33a9fffe770a3a11e12d0b94dbf5a1eec4c0ae7c81aee87c07d7
42,112,0.525,blind2,6000,4946.0,672.7808776649041,4915.372195420725,8.685563782809943,-0.006192439259861526,0.006192439259861526,4909.268829337815,4982.731170662185,0.013518484729431735,fc6ed5692c5e33a9fffe770a3a11e12d0b94dbf5a1eec4c0ae7c81aee87c07d7
42,112,0.725,blind2,6000,8543.376666666667,1540.2449622964314,8552.727272727272,19.884476960179832,0.0010944859890221071,0.0010944859890221071,8459.285393490112,8627.467939843222,0.011046072438821941,fc6ed5692c5e33a9fffe770a3a11e12d0b94dbf5a1eec4c0ae7c81aee87c07d7
42,112,0.94,blind2,6000,34543.21283333333,10587.853183548339,33368.37219823259,136.68859683990632,-0.03401075171464803,0.03401075171464803,33965.15799387224,35121.26767279442,0.049909800833289886,fc6ed5692c5e33a9fffe770a3a11e12d0b94dbf5a1eec4c0ae7c81aee87c07d7
42,112,1.0,blind2,6000,46942.878,14859.921037474907,46888.01671367075,191.8407556803252,-0.0011686817823407364,0.0011686817823407364,46131.58517974545,47754.17082025454,0.018137768737394033,fc6ed5692c5e33a9fffe770a3a11e12d0b94dbf5a1eec4c0ae7c81aee87c07d7
42,112,1.06,blind2,6000,44633.489166666666,13887.61082937981,44591.47660370404,179.2882848693259,-0.0009412789308437763,0.0009412789308437763,43875.280631913934,45391.6977014194,0.017629239227382687,fc6ed5692c5e33a9fffe770a3a11e12d0b94dbf5a1eec4c0ae7c81aee87c07d7
42,112,1.275,blind2,6000,37932.143,10331.943059679,38068.24246907513,133.38481134700024,0.003587972055128344,0.003587972055128344,37368.059839500194,38496.2261604998,0.018737462757828283,fc6ed5692c5e33a9fffe770a3a11e12d0b94dbf5a1eec4c0ae7c81aee87c07d7
42,112,1.675,blind2,6000,29995.582,6818.00465042216,30314.62296247442,88.02006155149915,0.01063626511645684,0.01063626511645684,29623.34595598603,30367.818044013966,0.023335547831614845,fc6ed5692c5e33a9fffe770a3a11e12d0b94dbf5a1eec4c0ae7c81aee87c07d7
42,112,1.875,blind2,6000,27425.6725,5889.986817814572,27670.87185118243,76.03940284925685,0.008940504601388694,0.008940504601388694,27104.102553252902,27747.2424467471,0.020910830632224986,fc6ed5692c5e33a9fffe770a3a11e12d0b94dbf5a1eec4c0ae7c81aee87c07d7
42,128,0.3,boundary_confirmation,8000,3843.866125,401.918413367514,3778.4035894882495,4.493584468493107,-0.01703038903618177,0.01703038903618177,3824.8627969346608,3862.8694530653393,0.021866093225092698,fc6ed5692c5e33a9fffe770a3a11e12d0b94dbf5a1eec4c0ae7c81aee87c07d7
42,128,0.975,boundary_confirmation,8000,57650.006125,18249.337829212818,58776.30785870263,204.03379965239154,0.01953688836147773,0.01953688836147773,56787.149032093876,58512.863217906124,0.03502832701611003,fc6ed5692c5e33a9fffe770a3a11e12d0b94dbf5a1eec4c0ae7c81aee87c07d7
42,128,1.025,boundary_confirmation,8000,60046.92575,19257.969566973235,59776.46669249394,215.31064530187172,-0.004504128298459388,0.004504128298459388,59136.37897885998,60957.47252114002,0.019374258475636674,fc6ed5692c5e33a9fffe770a3a11e12d0b94dbf5a1eec4c0ae7c81aee87c07d7
42,128,1.9,boundary_confirmation,8000,33427.1265,6758.197968742913,34001.93597356403,75.55895031755075,0.017195898473774986,0.017195898473774986,33107.588382662994,33746.664617337,0.027013371694851962,fc6ed5692c5e33a9fffe770a3a11e12d0b94dbf5a1eec4c0ae7c81aee87c07d7
43,10,0.3,boundary_confirmation,8000,269.74625,84.4749436990142,271.5939620235928,0.9444585825323164,0.006849815423171984,0.006849815423171984,265.7521431986638,273.74035680133613,0.021982207761771067,fc6ed5692c5e33a9fffe770a3a11e12d0b94dbf5a1eec4c0ae7c81aee87c07d7
43,10,0.975,boundary_confirmation,8000,371.1815,125.90880404529706,369.4388467951054,1.4077032240549237,-0.004694881627706722,0.004694881627706722,365.22833580048024,377.1346641995198,0.020406019745623283,fc6ed5692c5e33a9fffe770a3a11e12d0b94dbf5a1eec4c0ae7c81aee87c07d7
43,10,1.025,boundary_confirmation,8000,369.32225,126.5728534909544,371.6454831928829,1.415127522559478,0.0062905313527222475,0.0062905313527222475,363.3376885092695,375.30681149073047,0.02286521587589574,fc6ed5692c5e33a9fffe770a3a11e12d0b94dbf5a1eec4c0ae7c81aee87c07d7
43,10,1.9,boundary_confirmation,8000,347.387625,111.33274223828388,349.67011446539055,1.2447378988313242,0.0065704397656379965,0.0065704397656379965,342.1236396865594,352.65161031344064,0.022057741422793598,fc6ed5692c5e33a9fffe770a3a11e12d0b94dbf5a1eec4c0ae7c81aee87c07d7
43,14,0.325,blind2,6000,427.3615,125.57040842622406,431.41481212892575,1.621107002037431,0.009484504638171123,0.009484504638171123,420.50585315398297,434.217146846017,0.025942466420195265,fc6ed5692c5e33a9fffe770a3a11e12d0b94dbf5a1eec4c0ae7c81aee87c07d7
43,14,0.525,blind2,6000,551.4348333333334,171.11468705518303,543.8356617160772,2.209081110854059,-0.013780724680231773,0.013780724680231773,542.092649300331,560.7770173663357,0.030210502794538296,fc6ed5692c5e33a9fffe770a3a11e12d0b94dbf5a1eec4c0ae7c81aee87c07d7
43,14,0.725,blind2,6000,669.155,217.65077521492685,670.0378839733789,2.8098594256551523,0.0013194012947358481,0.0013194012947358481,657.2721299087393,681.0378700912606,0.01942232674069433,fc6ed5692c5e33a9fffe770a3a11e12d0b94dbf5a1eec4c0ae7c81aee87c07d7
43,14,0.94,blind2,6000,731.9966666666667,236.10249762999138,730.055235373489,3.0480701377297756,-0.0026522406201908424,0.0026522406201908424,719.106405629053,744.8869277042803,0.01991133389399402,fc6ed5692c5e33a9fffe770a3a11e12d0b94dbf5a1eec4c0ae7c81aee87c07d7
43,14,1.0,blind2,6000,737.4026666666666,247.05298363375945,734.2941282955655,3.189440304148013,-0.0042155236367028915,0.0042155236367028915,723.9145524741976,750.8907808591356,0.022102618631941295,fc6ed5692c5e33a9fffe770a3a11e12d0b94dbf5a1eec4c0ae7c81aee87c07d7
43,14,1.06,blind2,6000,728.8886666666667,236.52788668235004,729.9612787560883,3.053561886781256,0.0014715719127954177,0.0014715719127954177,715.9751810719963,741.8021522613371,0.01953433310795938,fc6ed5692c5e33a9fffe770a3a11e12d0b94dbf5a1eec4c0ae7c81aee87c07d7
43,14,1.275,blind2,6000,714.003,231.38799823086663,714.7348635222888,2.9872062122013925,0.0010250146319956506,0.0010250146319956506,701.3701319528309,726.6358680471692,0.0190551763763398,fc6ed5692c5e33a9fffe770a3a11e12d0b94dbf5a1eec4c0ae7c81aee87c07d7
43,14,1.675,blind2,6000,694.4131666666667,219.69659508578553,687.6468658847025,2.836270846619072,-0.009743911991824587,0.009743911991824587,682.4186029150846,706.4077304182488,0.02655812461514029,fc6ed5692c5e33a9fffe770a3a11e12d0b94dbf5a1eec4c0ae7c81aee87c07d7
43,14,1.875,blind2,6000,674.3408333333333,208.31895848445853,674.6999514826521,2.6893861896986073,0.0005325469429807535,0.0005325469429807535,662.9674434670528,685.7142231996138,0.017696959528273215,fc6ed5692c5e33a9fffe770a3a11e12d0b94dbf5a1eec4c0ae7c81aee87c07d7
43,28,0.325,blind2,6000,892.4845,203.158319979549,891.8518518518518,2.6227626330809026,-0.0007088617764769896,0.0007088617764769896,881.3928605519353,903.5761394480647,0.01297542850497857,fc6ed5692c5e33a9fffe770a3a11e12d0b94dbf5a1eec4c0ae7c81aee87c07d7
43,28,0.525,blind2,6000,1256.2418333333333,339.7042849060088,1267.3684210526317,4.385563460254239,0.008857042827315293,0.008857042827315293,1237.6953251346072,1274.7883415320593,0.023974475232664716,fc6ed5692c5e33a9fffe770a3a11e12d0b94dbf5a1eec4c0ae7c81aee87c07d7
43,28,0.725,blind2,6000,2011.9276666666667,624.8373399411932,1968.5624822692112,8.066615372269279,-0.021554047452064903,0.021554047452064903,1977.8140232332437,2046.0413101000897,0.037867675226502806,fc6ed5692c5e33a9fffe770a3a11e12d0b94dbf5a1eec4c0ae7c81aee87c07d7
43,28,0.94,blind2,6000,2919.3685,941.0763529906113,2962.5953809563066,12.149243475474167,0.014806928606754016,0.014806928606754016,2867.9894592522605,2970.7475407477395,0.032986844285233685,fc6ed5692c5e33a9fffe770a3a11e12d0b94dbf5a1eec4c0ae7c81aee87c07d7
43,28,1.0,blind2,6000,2970.462,959.7284001162333,2960.0996190471055,12.390040368441532,-0.0034884745042671663,0.0034884745042671663,2918.0646313703082,3022.8593686296917,0.020761716616355952,fc6ed5692c5e33a9fffe770a3a11e12d0b94dbf5a1eec4c0ae7c81aee87c07d7
43,28,1.06,blind2,6000,2941.6821666666665,954.0350777811639,2925.1066173966674,12.316539893147151,-0.005634717937179969,0.005634717937179969,2889.595630882061,2993.768702451272,0.022934999954533852,fc6ed5692c5e33a9fffe770a3a11e12d0b94dbf5a1eec4c0ae7c81aee87c07d7
43,28,1.275,blind2,6000,2815.282166666667,891.7493197961326,2805.3318161045827,11.512434215207378,-0.003534406135163894,0.003534406135163894,2766.5961865196005,2863.9681468137333,0.020473806866317834,fc6ed5692c5e33a9fffe770a3a11e12d0b94dbf5a1eec4c0ae7c81aee87c07d7
43,28,1.675,blind2,6000,2602.8355,763.4367797832844,2604.342817373012,9.855926446609597,0.0005791058916370354,0.0005791058916370354,2561.1548762204757,2644.5161237795246,0.016862682360025527,fc6ed5692c5e33a9fffe770a3a11e12d0b94dbf5a1eec4c0ae7c81aee87c07d7
43,28,1.875,blind2,6000,2505.258,698.1426045482262,2513.5899673348845,9.012982268977169,0.0033257921279503614,0.0033257921279503614,2467.142179521856,2543.3738204781434,0.01882655495032326,fc6ed5692c5e33a9fffe770a3a11e12d0b94dbf5a1eec4c0ae7c81aee87c07d7
43,56,0.325,blind2,6000,1783.6036666666666,287.1413321182747,1756.5199312900932,3.7069786576729693,-0.015184839481289932,0.015184839481289932,1767.9268874591328,1799.2804458742005,0.023765341685426766,fc6ed5692c5e33a9fffe770a3a11e12d0b94dbf5a1eec4c0ae7c81aee87c07d7
43,56,0.525,blind2,6000,2534.2085,493.98366471431433,2534.7368421052633,6.377301689123493,0.0002084840711658744,0.0002084840711658744,2507.238948849959,2561.1780511500415,0.010967400322142273,fc6ed5692c5e33a9fffe770a3a11e12d0b94dbf5a1eec4c0ae7c81aee87c07d7
43,56,0.725,blind2,6000,4356.723666666667,1100.063019898336,4378.181818181818,14.20175251948298,0.004925295510322992,0.004925295510322992,4296.664583740159,4416.782749593174,0.018972212713588066,fc6ed5692c5e33a9fffe770a3a11e12d0b94dbf5a1eec4c0ae7c81aee87c07d7
43,56,0.94,blind2,6000,11099.595,3470.1182528010586,11139.703062111384,44.7990340082296,0.0036134707718061022,0.0036134707718061022,10910.140290460698,11289.0497095393,0.021041230042789127,fc6ed5692c5e33a9fffe770a3a11e12d0b94dbf5a1eec4c0ae7c81aee87c07d7
43,56,1.0,blind2,6000,11878.7625,3829.8192872148074,11886.24468791811,49.44275439455637,0.0006298794102591956,0.0006298794102591956,11669.66953895707,12087.855461042931,0.018558807362800023,fc6ed5692c5e33a9fffe770a3a11e12d0b94dbf5a1eec4c0ae7c81aee87c07d7
43,56,1.06,blind2,6000,11624.627833333334,3694.5128626393143,11603.853157859045,47.695955964503845,-0.001787126071659555,0.001787126071659555,11422.92206704841,11826.333599618258,0.018812292067119984,fc6ed5692c5e33a9fffe770a3a11e12d0b94dbf5a1eec4c0ae7c81aee87c07d7
43,56,1.275,blind2,6000,10630.702166666666,3147.801646280998,10692.466243850591,40.637944510701985,0.005809971553675056,0.005809971553675056,10458.84466696846,10802.559666364872,0.0223372259863428,fc6ed5692c5e33a9fffe770a3a11e12d0b94dbf5a1eec4c0ae7c81aee87c07d7
43,56,1.675,blind2,6000,9314.1935,2426.671839391096,9336.824935964612,31.328198735574116,0.002429779450535685,0.002429779450535685,9181.70683096273,9446.680169037269,0.01689425592187166,fc6ed5692c5e33a9fffe770a3a11e12d0b94dbf5a1eec4c0ae7c81aee87c07d7
43,56,1.875,blind2,6000,8754.663166666667,2196.295700152962,8787.86160174397,28.354055566797935,0.00379208593697888,0.00379208593697888,8634.754122184098,8874.572211149236,0.017731539010070296,fc6ed5692c5e33a9fffe770a3a11e12d0b94dbf5a1eec4c0ae7c81aee87c07d7
43,112,0.325,blind2,6000,3574.3983333333335,411.17010406031187,3503.419625026879,5.308183218279861,-0.019857526130911823,0.019857526130911823,3551.950074524542,3596.8465921421252,0.025974687749917402,fc6ed5692c5e33a9fffe770a3a11e12d0b94dbf5a1eec4c0ae7c81aee87c07d7
43,112,0.525,blind2,6000,5070.971,691.2922985245339,5031.798865709307,8.924545198489886,-0.007724779788859404,0.007724779788859404,5033.229179092887,5108.7128209071125,0.015055447016524282,fc6ed5692c5e33a9fffe770a3a11e12d0b94dbf5a1eec4c0ae7c81aee87c07d7
43,112,0.725,blind2,6000,8778.25,1599.250288128997,8756.363636363636,20.64623244113673,-0.002493249068591572,0.002493249068591572,8690.93726978582,8865.56273021418,0.012317220821007724,fc6ed5692c5e33a9fffe770a3a11e12d0b94dbf5a1eec4c0ae7c81aee87c07d7
43,112,0.94,fresh_precision_confirmation,20000,35138.0208,10825.30200265285,34069.873789200436,76.54644454468144,-0.030398610578532156,0.030398610578532156,34814.30657850998,35461.735021490014,0.03924966534903329,fc6ed5692c5e33a9fffe770a3a11e12d0b94dbf5a1eec4c0ae7c81aee87c07d7
43,112,1.0,blind2,6000,47638.2205,15346.882568347255,47636.67117513181,198.1274020113661,-3.252272759004466e-05,3.252272759004466e-05,46800.34150928462,48476.09949071539,0.017870161603014578,fc6ed5692c5e33a9fffe770a3a11e12d0b94dbf5a1eec4c0ae7c81aee87c07d7
43,112,1.06,blind2,6000,45287.269,13974.265166528903,45372.58783944235,180.40698755150953,0.001883947549196413,0.001883947549196413,44524.32948172483,46050.20851827517,0.019051569503493404,fc6ed5692c5e33a9fffe770a3a11e12d0b94dbf5a1eec4c0ae7c81aee87c07d7
43,112,1.275,blind2,6000,38681.85666666667,10479.828578573934,38903.46377958027,135.29400518641796,0.005728967842036628,0.005728967842036628,38109.699542691786,39254.01379064155,0.02082840448530132,fc6ed5692c5e33a9fffe770a3a11e12d0b94dbf5a1eec4c0ae7c81aee87c07d7
43,112,1.675,blind2,6000,30977.374,7084.729839187451,31135.787538641835,91.46346893183916,0.005113846597901899,0.005113846597901899,30590.5758173259,31364.1721826741,0.01782286559663704,fc6ed5692c5e33a9fffe770a3a11e12d0b94dbf5a1eec4c0ae7c81aee87c07d7
43,112,1.875,blind2,6000,28240.06333333333,5922.496808052816,28467.002181072217,76.45910501851714,0.008036060155396926,0.008036060155396926,27916.718469909334,28563.40819675733,0.01971161874759808,fc6ed5692c5e33a9fffe770a3a11e12d0b94dbf5a1eec4c0ae7c81aee87c07d7
43,128,0.3,boundary_confirmation,8000,3927.98,410.4578493045991,3867.157268486979,4.5890582647172415,-0.01548448095790232,0.01548448095790232,3908.572914114148,3947.3870858858522,0.02032479097014339,fc6ed5692c5e33a9fffe770a3a11e12d0b94dbf5a1eec4c0ae7c81aee87c07d7
43,128,0.975,boundary_confirmation,8000,58674.16875,18584.663012991026,59834.398724911276,207.78284917986994,0.01977411865611269,0.01977411865611269,57795.45696055853,59552.88053944147,0.035278581943632537,fc6ed5692c5e33a9fffe770a3a11e12d0b94dbf5a1eec4c0ae7c81aee87c07d7
43,128,1.025,boundary_confirmation,8000,61359.4715,19600.77790533451,60776.7935366097,219.14335904101952,-0.009496137257151878,0.009496137257151878,60432.71621713037,62286.22678286963,0.024233820608877576,fc6ed5692c5e33a9fffe770a3a11e12d0b94dbf5a1eec4c0ae7c81aee87c07d7
43,128,1.9,boundary_confirmation,8000,34623.528125,7087.741521013063,35014.380271450136,79.24335923966481,0.011288628502533322,0.011288628502533322,34288.40867566296,34958.64757433703,0.02117250767319656,fc6ed5692c5e33a9fffe770a3a11e12d0b94dbf5a1eec4c0ae7c81aee87c07d7
44,10,0.3,boundary_confirmation,8000,277.548,85.66452006081431,277.1808421763465,0.957758450579376,-0.0013228624369604018,0.0013228624369604018,273.4976481770122,281.5983518229878,0.015687270958951283,fc6ed5692c5e33a9fffe770a3a11e12d0b94dbf5a1eec4c0ae7c81aee87c07d7
44,10,0.975,boundary_confirmation,8000,376.821125,126.75589043789824,375.1243683979051,1.4171739378382802,-0.004502817091517685,0.004502817091517685,370.8279092375687,382.8143407624313,0.02008799448111198,fc6ed5692c5e33a9fffe770a3a11e12d0b94dbf5a1eec4c0ae7c81aee87c07d7
44,10,1.025,boundary_confirmation,8000,374.34625,125.46479102784556,377.37848597253065,1.4027390076053419,0.008100083739400774,0.008100083739400774,368.4140794269359,380.27842057306407,0.024332421170056184,fc6ed5692c5e33a9fffe770a3a11e12d0b94dbf5a1eec4c0ae7c81aee87c07d7
44,10,1.9,boundary_confirmation,8000,354.8205,112.96712232366886,355.694655130293,1.2630108236912878,0.002463654524732902,0.002463654524732902,349.47923865263544,360.1617613473645,0.017784794603594056,fc6ed5692c5e33a9fffe770a3a11e12d0b94dbf5a1eec4c0ae7c81aee87c07d7
44,14,0.325,blind2,6000,442.14216666666664,130.00945234195575,440.9206731561585,1.6784148125664715,-0.002762671381734622,0.002762671381734622,435.0441656083664,449.24016772496685,0.018519035399126915,fc6ed5692c5e33a9fffe770a3a11e12d0b94dbf5a1eec4c0ae7c81aee87c07d7
44,14,0.525,blind2,6000,561.6298333333333,177.3607856452106,554.9076449262836,2.2897178969138805,-0.011969072880535473,0.011969072880535473,551.9466370615773,571.3130296050892,0.02871522935534232,fc6ed5692c5e33a9fffe770a3a11e12d0b94dbf5a1eec4c0ae7c81aee87c07d7
44,14,0.725,blind2,6000,691.7601666666667,222.79255687867803,681.9562571380784,2.8762395415002957,-0.014172411192494159,0.014172411192494159,679.596575666015,703.9237576673183,0.03120721568204554,fc6ed5692c5e33a9fffe770a3a11e12d0b94dbf5a1eec4c0ae7c81aee87c07d7
44,14,0.94,blind2,6000,741.0791666666667,241.16104648352533,741.3291309462996,3.113375722615488,0.0003372976746294413,0.0003372976746294413,727.9127289013686,754.2456044319647,0.018431333197291844,fc6ed5692c5e33a9fffe770a3a11e12d0b94dbf5a1eec4c0ae7c81aee87c07d7
44,14,1.0,blind2,6000,748.6013333333333,241.32736109710237,745.6324142913234,3.115522835044204,-0.003965954787697319,0.003965954787697319,735.4258154489984,761.7768512176682,0.021193131427580947,fc6ed5692c5e33a9fffe770a3a11e12d0b94dbf5a1eec4c0ae7c81aee87c07d7
44,14,1.06,blind2,6000,743.3835,245.7881568833088,741.3612817337967,3.1731114610135696,-0.00272028941482205,0.00272028941482205,729.9644403374252,756.8025596625748,0.02040331091858716,fc6ed5692c5e33a9fffe770a3a11e12d0b94dbf5a1eec4c0ae7c81aee87c07d7
44,14,1.275,blind2,6000,729.6985,235.29888126594264,726.344993670902,3.037695495080774,-0.0045957423909984306,0.0045957423909984306,716.8521132322932,742.5448867677068,0.021816718942504365,fc6ed5692c5e33a9fffe770a3a11e12d0b94dbf5a1eec4c0ae7c81aee87c07d7
44,14,1.675,blind2,6000,701.275,217.49839761975534,699.6013721912611,2.807892239360371,-0.00238654993938019,0.00238654993938019,689.4004491217835,713.1495508782165,0.018997668399666323,fc6ed5692c5e33a9fffe770a3a11e12d0b94dbf5a1eec4c0ae7c81aee87c07d7
44,14,1.875,blind2,6000,690.1043333333333,209.9566623883028,686.8040087485178,2.710528856183966,-0.004782355979239108,0.004782355979239108,678.6415313217567,701.56713534491,0.021043070367220307,fc6ed5692c5e33a9fffe770a3a11e12d0b94dbf5a1eec4c0ae7c81aee87c07d7
44,28,0.325,blind2,6000,914.5913333333333,208.6739269598729,912.5925925925925,2.6939688130109687,-0.0021853921723226474,0.0021853921723226474,903.1985635945222,925.9841030721444,0.01446192265625601,fc6ed5692c5e33a9fffe770a3a11e12d0b94dbf5a1eec4c0ae7c81aee87c07d7
44,28,0.525,blind2,6000,1289.6196666666667,351.25043747283746,1296.842105263158,4.534623648934564,0.005600440799076318,0.005600440799076318,1270.442784278508,1308.7965490548254,0.020779622121780417,fc6ed5692c5e33a9fffe770a3a11e12d0b94dbf5a1eec4c0ae7c81aee87c07d7
44,28,0.725,blind2,6000,2048.9155,616.8380791550832,2010.088754140539,7.963345359580698,-0.018949900988821145,0.018949900988821145,2015.2385845159888,2082.5924154840113,0.034814138764940106,fc6ed5692c5e33a9fffe770a3a11e12d0b94dbf5a1eec4c0ae7c81aee87c07d7
44,28,0.94,blind2,6000,2960.3731666666667,961.2703444015164,3009.6954592517386,12.409946783567136,0.01666083625552112,0.01666083625552112,2907.8916139874955,3012.854719345838,0.03500950474720166,fc6ed5692c5e33a9fffe770a3a11e12d0b94dbf5a1eec4c0ae7c81aee87c07d7
44,28,1.0,blind2,6000,3005.255166666667,965.8291814418287,3006.052220479008,12.468801116684482,0.00026522001232441534,0.00026522001232441534,2952.524719545177,3057.9856137881566,0.018129399757261577,fc6ed5692c5e33a9fffe770a3a11e12d0b94dbf5a1eec4c0ae7c81aee87c07d7
44,28,1.06,blind2,6000,2990.7138333333332,959.0397757603977,2971.5620617834493,12.381150266235052,-0.0064037459339726065,0.0064037459339726065,2938.354060865447,3043.0736058012194,0.023499774662513184,fc6ed5692c5e33a9fffe770a3a11e12d0b94dbf5a1eec4c0ae7c81aee87c07d7
44,28,1.275,blind2,6000,2866.273166666667,892.3150586576974,2853.3734714582283,11.519737872504521,-0.004500511451056223,0.004500511451056223,2817.5562994189645,2914.990033914369,0.02113782954290222,fc6ed5692c5e33a9fffe770a3a11e12d0b94dbf5a1eec4c0ae7c81aee87c07d7
44,28,1.675,blind2,6000,2659.189,767.2665720667765,2654.5172648470684,9.905368852387594,-0.001756827044986811,0.001756827044986811,2617.299284733729,2701.0787152662706,0.017238094601257137,fc6ed5692c5e33a9fffe770a3a11e12d0b94dbf5a1eec4c0ae7c81aee87c07d7
44,28,1.875,blind2,6000,2565.234,735.9148841386365,2564.483286873782,9.500620301650333,-0.00029264898493383486,0.00029264898493383486,2525.0559626931754,2605.4120373068245,0.015709127710697768,fc6ed5692c5e33a9fffe770a3a11e12d0b94dbf5a1eec4c0ae7c81aee87c07d7
44,56,0.325,blind2,6000,1829.2891666666667,296.06871048715556,1797.6632285054586,3.8222306168328624,-0.01728864891210005,0.01728864891210005,1813.1249879664906,1845.4533453668428,0.025896139277302832,fc6ed5692c5e33a9fffe770a3a11e12d0b94dbf5a1eec4c0ae7c81aee87c07d7
44,56,0.525,blind2,6000,2593.3706666666667,499.57706660781474,2593.684210526316,6.449512197064067,0.00012090206142886272,0.00012090206142886272,2566.0957379318083,2620.645595401525,0.010751147038942088,fc6ed5692c5e33a9fffe770a3a11e12d0b94dbf5a1eec4c0ae7c81aee87c07d7
44,56,0.725,blind2,6000,4472.152666666667,1120.3311325975608,4480.0,14.463412729293488,0.001754710520466688,0.001754710520466688,4410.987025080021,4533.318308253312,0.015645698916724182,fc6ed5692c5e33a9fffe770a3a11e12d0b94dbf5a1eec4c0ae7c81aee87c07d7
44,56,0.94,blind2,6000,11339.265833333333,3565.181120771186,11335.849816244656,46.02629035653299,-0.0003012555785256622,0.0003012555785256622,11144.621067799624,11533.910598867042,0.017172040733681504,fc6ed5692c5e33a9fffe770a3a11e12d0b94dbf5a1eec4c0ae7c81aee87c07d7
44,56,1.0,blind2,6000,12109.645333333334,3906.4736801426375,12071.254008543461,50.43235835196678,-0.0031703095947984276,0.0031703095947984276,11896.367346107123,12322.923320559545,0.0204228579103628,fc6ed5692c5e33a9fffe770a3a11e12d0b94dbf5a1eec4c0ae7c81aee87c07d7
44,56,1.06,blind2,6000,11839.885666666667,3746.5287744663337,11792.922690373864,48.36747849864998,-0.003966505894986832,0.003966505894986832,11635.340037659873,12044.431295673461,0.020881733568437033,fc6ed5692c5e33a9fffe770a3a11e12d0b94dbf5a1eec4c0ae7c81aee87c07d7
44,56,1.275,blind2,6000,10856.873333333333,3192.157462359844,10892.225162324867,41.21057563397135,0.0032561703453787825,0.0032561703453787825,10682.594181795217,11031.152484871449,0.0196236023724361,fc6ed5692c5e33a9fffe770a3a11e12d0b94dbf5a1eec4c0ae7c81aee87c07d7
44,56,1.675,blind2,6000,9523.7235,2557.847306529784,9544.91605275459,33.02166673443784,0.0022252381386954376,0.0022252381386954376,9384.07517011576,9663.37182988424,0.01713976920720306,fc6ed5692c5e33a9fffe770a3a11e12d0b94dbf5a1eec4c0ae7c81aee87c07d7
44,56,1.875,blind2,6000,8913.464,2236.7207081555166,8996.47926881294,28.87594017601192,0.009313468794280216,0.009313468794280216,8791.347910226377,9035.580089773623,0.023333322794329092,fc6ed5692c5e33a9fffe770a3a11e12d0b94dbf5a1eec4c0ae7c81aee87c07d7
44,112,0.325,blind2,6000,3653.348,417.829742652404,3583.9874146513976,5.3941587828096385,-0.01898548546390938,0.01898548546390938,3630.536151306603,3676.1598486933967,0.025073021260149986,fc6ed5692c5e33a9fffe770a3a11e12d0b94dbf5a1eec4c0ae7c81aee87c07d7
44,112,0.525,blind2,6000,5181.000666666667,705.0391521283726,5148.240336324037,9.102016315391282,-0.006323166594708563,0.006323166594708563,5142.5083220116985,5219.493011321635,0.013651263607987074,fc6ed5692c5e33a9fffe770a3a11e12d0b94dbf5a1eec4c0ae7c81aee87c07d7
44,112,0.725,blind2,6000,8960.063,1602.5855941141106,8960.0,20.689291056252898,-7.031200561882418e-06,7.031200561882418e-06,8872.56817529203,9047.55782470797,0.009854173332975558,fc6ed5692c5e33a9fffe770a3a11e12d0b94dbf5a1eec4c0ae7c81aee87c07d7
44,112,0.94,fresh_precision_confirmation,20000,35877.68155,10949.141849177098,34768.29172247005,77.4221244972654,-0.030921446972092616,0.030921446972092616,35550.26408591248,36205.09901408752,0.03968521922998758,fc6ed5692c5e33a9fffe770a3a11e12d0b94dbf5a1eec4c0ae7c81aee87c07d7
44,112,1.0,blind2,6000,48149.87383333333,15379.13494131489,48379.10628742871,198.5437783559638,0.004760811105940719,0.004760811105940719,47310.23399082346,48989.513675843205,0.022592834709136644,fc6ed5692c5e33a9fffe770a3a11e12d0b94dbf5a1eec4c0ae7c81aee87c07d7
44,112,1.06,blind2,6000,46171.01383333333,14357.951818395914,46146.644730445674,185.3603609276529,-0.0005278009050358587,0.0005278009050358587,45387.12654386192,46954.90112280474,0.017213461705417488,fc6ed5692c5e33a9fffe770a3a11e12d0b94dbf5a1eec4c0ae7c81aee87c07d7
44,112,1.275,blind2,6000,39174.03333333333,10657.831075790964,39731.70128195471,137.59200754410094,0.014235653088773332,0.014235653088773332,38592.15797817705,39755.90868848962,0.029527846160405158,fc6ed5692c5e33a9fffe770a3a11e12d0b94dbf5a1eec4c0ae7c81aee87c07d7
44,112,1.675,blind2,6000,31761.070333333333,7247.8297583083995,31953.542352209446,93.5690798335832,0.006059997879671992,0.006059997879671992,31365.367541204498,32156.77312546217,0.018752364697536716,fc6ed5692c5e33a9fffe770a3a11e12d0b94dbf5a1eec4c0ae7c81aee87c07d7
44,112,1.875,blind2,6000,28935.429333333333,6192.073429385242,29261.37017532423,79.9393242350083,0.011264420452729107,0.011264420452729107,28597.366654327143,29273.492012339524,0.02321904422261256,fc6ed5692c5e33a9fffe770a3a11e12d0b94dbf5a1eec4c0ae7c81aee87c07d7
44,128,0.3,boundary_confirmation,8000,4020.547125,423.8433400754932,3955.892355975749,4.738712601096818,-0.01608108722870671,0.01608108722870671,4000.50715227947,4040.58709772053,0.020960998908441053,fc6ed5692c5e33a9fffe770a3a11e12d0b94dbf5a1eec4c0ae7c81aee87c07d7
44,128,0.975,boundary_confirmation,8000,59553.86175,18832.913632272146,60884.34099039805,210.55837548071497,0.022340771887862567,0.022340771887862567,58663.41228494149,60444.3112150585,0.03785883941883572,fc6ed5692c5e33a9fffe770a3a11e12d0b94dbf5a1eec4c0ae7c81aee87c07d7
44,128,1.025,boundary_confirmation,8000,62254.723875,19814.697257592816,61768.37471191996,221.53505010778096,-0.007812245124668328,0.007812245124668328,61317.85415224585,63191.59359775416,0.022522281917650155,fc6ed5692c5e33a9fffe770a3a11e12d0b94dbf5a1eec4c0ae7c81aee87c07d7
44,128,1.9,boundary_confirmation,8000,35526.764625,7192.5250961940355,36025.82231058802,80.41487522481539,0.014047372195463845,0.014047372195463845,35186.69084516007,35866.83840483994,0.023847979030496624,fc6ed5692c5e33a9fffe770a3a11e12d0b94dbf5a1eec4c0ae7c81aee87c07d7
45,10,0.3,boundary_confirmation,8000,283.344375,88.01541978610561,282.74078096229863,0.9840423085495607,-0.002130248880717623,0.002130248880717623,279.18286897943733,287.5058810205627,0.016573922040653,fc6ed5692c5e33a9fffe770a3a11e12d0b94dbf5a1eec4c0ae7c81aee87c07d7
45,10,0.975,boundary_confirmation,8000,381.336375,127.2102788053646,380.76091003477285,1.4222541542274798,-0.0015090744102949185,0.0015090744102949185,375.3216750484177,387.35107495158223,0.017013415846678925,fc6ed5692c5e33a9fffe770a3a11e12d0b94dbf5a1eec4c0ae7c81aee87c07d7
45,10,1.025,boundary_confirmation,8000,382.308,127.78873436684034,383.06174052090864,1.4287214840145928,0.0019715530956941787,0.0019715530956941787,376.26594976925577,388.3500502307442,0.01806113669286402,fc6ed5692c5e33a9fffe770a3a11e12d0b94dbf5a1eec4c0ae7c81aee87c07d7
45,10,1.9,boundary_confirmation,8000,359.331125,113.17292518579151,361.66234344818236,1.2653117696396392,0.006487660784137109,0.006487660784137109,353.9801329730357,364.68211702696425,0.021702377505270487,fc6ed5692c5e33a9fffe770a3a11e12d0b94dbf5a1eec4c0ae7c81aee87c07d7
45,14,0.325,blind2,6000,448.19666666666666,133.3518170357645,450.4009568495366,1.721564555220048,0.004918131585546421,0.004918131585546421,440.9161857370454,455.4771475962879,0.021511505858276214,fc6ed5692c5e33a9fffe770a3a11e12d0b94dbf5a1eec4c0ae7c81aee87c07d7
45,14,0.525,blind2,6000,572.9661666666667,179.4111490832573,565.9243277273508,2.316187975077972,-0.012290147916207757,0.012290147916207757,563.1710286738205,582.7613046595129,0.028891720842720292,fc6ed5692c5e33a9fffe770a3a11e12d0b94dbf5a1eec4c0ae7c81aee87c07d7
45,14,0.725,blind2,6000,697.1561666666666,218.67855670786028,693.7819356123124,2.823128027674057,-0.004839993125912613,0.004839993125912613,685.2171837775045,709.0951495558288,0.021595428981721954,fc6ed5692c5e33a9fffe770a3a11e12d0b94dbf5a1eec4c0ae7c81aee87c07d7
45,14,0.94,blind2,6000,756.401,246.2208378316041,752.505413263113,3.178697348036799,-0.005150160743953158,0.005150160743953158,742.9583176717375,769.8436823282624,0.022521804702888115,fc6ed5692c5e33a9fffe770a3a11e12d0b94dbf5a1eec4c0ae7c81aee87c07d7
45,14,1.0,blind2,6000,756.7208333333333,249.30532369641872,756.8736863220204,3.218517889323597,0.00020199389517764417,0.00020199389517764417,743.1097502962118,770.3319163704548,0.018522077015302285,fc6ed5692c5e33a9fffe770a3a11e12d0b94dbf5a1eec4c0ae7c81aee87c07d7
45,14,1.06,blind2,6000,753.3523333333334,247.95448661490474,752.6626089842356,3.2010786575897865,-0.0009155402042043016,0.0009155402042043016,739.8150006494474,766.8896660172194,0.018551634822347896,fc6ed5692c5e33a9fffe770a3a11e12d0b94dbf5a1eec4c0ae7c81aee87c07d7
45,14,1.275,blind2,6000,741.547,238.93832756256666,737.8510234920261,3.084680544734911,-0.0049841432949953406,0.0049841432949953406,728.5019138823635,754.5920861176365,0.022185579379374265,fc6ed5692c5e33a9fffe770a3a11e12d0b94dbf5a1eec4c0ae7c81aee87c07d7
45,14,1.675,blind2,6000,710.2065,216.30270533322604,711.4440546462195,2.7924559183173154,0.0017425279073332203,0.0017425279073332203,698.3972291838274,722.0157708161726,0.01868109568195031,fc6ed5692c5e33a9fffe770a3a11e12d0b94dbf5a1eec4c0ae7c81aee87c07d7
45,14,1.875,blind2,6000,702.9001666666667,214.11989964007518,698.7935689673825,2.764276017992049,-0.0058423626768488645,0.0058423626768488645,691.2100683940357,714.5902649392976,0.022105949026967275,fc6ed5692c5e33a9fffe770a3a11e12d0b94dbf5a1eec4c0ae7c81aee87c07d7
45,28,0.325,blind2,6000,934.6276666666666,212.94816784432214,933.3333333333333,2.7491490255548046,-0.0013848652030060283,0.0013848652030060283,923.0015403082041,946.2537930251292,0.013654328032324026,fc6ed5692c5e33a9fffe770a3a11e12d0b94dbf5a1eec4c0ae7c81aee87c07d7
45,28,0.525,blind2,6000,1323.8878333333334,357.00359173644785,1326.3157894736842,4.608896551104981,0.0018339591007778347,0.0018339591007778347,1304.3968515138176,1343.3788151528493,0.01680388750894979,fc6ed5692c5e33a9fffe770a3a11e12d0b94dbf5a1eec4c0ae7c81aee87c07d7
45,28,0.725,blind2,6000,2098.594,632.7849468517408,2051.454740123119,8.169218536291792,-0.022462305656492473,0.022462305656492473,2064.0464487141417,2133.1415512858584,0.03829413529238068,fc6ed5692c5e33a9fffe770a3a11e12d0b94dbf5a1eec4c0ae7c81aee87c07d7
45,28,0.94,blind2,6000,3023.665,983.2417853761868,3056.384916905981,12.693596866857396,0.010821277127585523,0.010821277127585523,2969.983893684679,3077.346106315321,0.02909141137264193,fc6ed5692c5e33a9fffe770a3a11e12d0b94dbf5a1eec4c0ae7c81aee87c07d7
45,28,1.0,blind2,6000,3063.4875,981.3911608590049,3051.616766050667,12.669705407073634,-0.003874908563959554,0.003874908563959554,3009.9074304519672,3117.067569548033,0.02099755685015714,fc6ed5692c5e33a9fffe770a3a11e12d0b94dbf5a1eec4c0ae7c81aee87c07d7
45,28,1.06,blind2,6000,3031.025833333333,963.7184473210646,3017.6158495207774,12.441551656357843,-0.004424239366448521,0.004424239366448521,2978.4106239330486,3083.6410427336177,0.021411439365948248,fc6ed5692c5e33a9fffe770a3a11e12d0b94dbf5a1eec4c0ae7c81aee87c07d7
45,28,1.275,blind2,6000,2881.284166666667,879.7522553278459,2900.9759152295605,11.357552778910541,0.006834365312073662,0.006834365312073662,2833.2531787125404,2929.3151546207932,0.023902818507661294,fc6ed5692c5e33a9fffe770a3a11e12d0b94dbf5a1eec4c0ae7c81aee87c07d7
45,28,1.675,blind2,6000,2713.913,791.9537654173757,2704.224600027992,10.224079148092505,-0.0035699007197386315,0.0035699007197386315,2670.675461776456,2757.150538223544,0.01919588265559591,fc6ed5692c5e33a9fffe770a3a11e12d0b94dbf5a1eec4c0ae7c81aee87c07d7
45,28,1.875,blind2,6000,2606.474,738.7397907272452,2614.9124288085395,9.537089688891244,0.0032374881961375235,0.0032374881961375235,2566.1417339844597,2646.8062660155406,0.01900545639322626,fc6ed5692c5e33a9fffe770a3a11e12d0b94dbf5a1eec4c0ae7c81aee87c07d7
45,56,0.325,blind2,6000,1869.252,300.28456276078987,1838.8278625119417,3.8766570356523835,-0.016276102680675614,0.016276102680675614,1852.8576524670132,1885.6463475329867,0.02482887901132591,fc6ed5692c5e33a9fffe770a3a11e12d0b94dbf5a1eec4c0ae7c81aee87c07d7
45,56,0.525,blind2,6000,2656.3541666666665,513.0395644246972,2652.6315789473683,6.623312296541198,-0.0014013898319776724,0.0014013898319776724,2628.3442388834296,2684.3640944499034,0.011821241227352175,fc6ed5692c5e33a9fffe770a3a11e12d0b94dbf5a1eec4c0ae7c81aee87c07d7
45,56,0.725,blind2,6000,4573.9875,1162.197709340519,4581.818181818181,15.003907910920793,0.0017120033271146656,0.0017120033271146656,4510.536109179928,4637.438890820073,0.015803459037425416,fc6ed5692c5e33a9fffe770a3a11e12d0b94dbf5a1eec4c0ae7c81aee87c07d7
45,56,0.94,blind2,6000,11485.3435,3584.875664012466,11530.483563668418,46.28054581648179,0.003930231922834306,0.003930231922834306,11289.623490426331,11681.06350957367,0.021334641801503684,fc6ed5692c5e33a9fffe770a3a11e12d0b94dbf5a1eec4c0ae7c81aee87c07d7
45,56,1.0,blind2,6000,12224.745,3919.2564157142133,12254.711105727842,50.5973827585924,0.0024512663231699996,0.0024512663231699996,12010.76912605109,12438.720873948912,0.020310271317067308,fc6ed5692c5e33a9fffe770a3a11e12d0b94dbf5a1eec4c0ae7c81aee87c07d7
45,56,1.06,blind2,6000,12064.5785,3826.2537913539386,11980.331603977538,49.39672404092264,-0.006982995387900327,0.006982995387900327,11855.680200906165,12273.476799093834,0.023884446103971113,fc6ed5692c5e33a9fffe770a3a11e12d0b94dbf5a1eec4c0ae7c81aee87c07d7
45,56,1.275,blind2,6000,11057.786166666667,3216.3247072622707,11090.136855933519,41.52257342407407,0.0029256027182341503,0.0029256027182341503,10882.187579296744,11233.38475403659,0.019109142819077718,fc6ed5692c5e33a9fffe770a3a11e12d0b94dbf5a1eec4c0ae7c81aee87c07d7
45,56,1.675,blind2,6000,9721.800833333333,2579.7344689239494,9751.33571716749,33.3042287859323,0.0030380054416349524,0.0030380054416349524,9580.957551089565,9862.6441155771,0.017782999785710407,fc6ed5692c5e33a9fffe770a3a11e12d0b94dbf5a1eec4c0ae7c81aee87c07d7
45,56,1.875,blind2,6000,9165.869166666667,2276.453716998637,9203.636044910847,29.38889111449231,0.004120381554378469,0.004120381554378469,9041.583812014702,9290.154521318633,0.017922991841407887,fc6ed5692c5e33a9fffe770a3a11e12d0b94dbf5a1eec4c0ae7c81aee87c07d7
45,112,0.325,blind2,6000,3735.3938333333335,430.0458180584682,3664.54782409514,5.551867638155308,-0.018966141831147393,0.018966141831147393,3711.9150353174177,3758.8726313492493,0.025093908867098613,fc6ed5692c5e33a9fffe770a3a11e12d0b94dbf5a1eec4c0ae7c81aee87c07d7
45,112,0.525,blind2,6000,5311.584666666667,719.5545955433473,5264.697988046323,9.289409884087993,-0.008827248657935374,0.008827248657935374,5272.299836304965,5350.869497028369,0.01610420680786573,fc6ed5692c5e33a9fffe770a3a11e12d0b94dbf5a1eec4c0ae7c81aee87c07d7
45,112,0.725,blind2,6000,9186.132833333333,1680.2007289617432,9163.636363636362,21.691298138514643,-0.0024489597641500424,0.0024489597641500424,9094.400529739292,9277.865136927374,0.012311967419785352,fc6ed5692c5e33a9fffe770a3a11e12d0b94dbf5a1eec4c0ae7c81aee87c07d7
45,112,0.94,fresh_precision_confirmation,20000,36707.27,11266.036833398717,35463.6208749658,79.66291041993651,-0.03388018572435905,0.03388018572435905,36370.376272517125,37044.16372748287,0.042666447112813866,fc6ed5692c5e33a9fffe770a3a11e12d0b94dbf5a1eec4c0ae7c81aee87c07d7
45,112,1.0,blind2,6000,49070.73583333333,15844.710830776763,49115.332505961705,204.55433724356897,0.0009088242079728314,0.0009088242079728314,48205.677391663245,49935.79427500342,0.0188702900471176,fc6ed5692c5e33a9fffe770a3a11e12d0b94dbf5a1eec4c0ae7c81aee87c07d7
45,112,1.06,blind2,6000,46633.4095,14391.061471211488,46913.70369386299,185.78780470749766,0.00601058762094134,0.00601058762094134,45847.71455465057,47419.10444534943,0.023250649450405225,fc6ed5692c5e33a9fffe770a3a11e12d0b94dbf5a1eec4c0ae7c81aee87c07d7
45,112,1.275,blind2,6000,40562.067833333334,10704.13323532637,40552.97286720219,138.18976585334784,-0.00022422343378835217,0.00022422343378835217,39977.66456369496,41146.47110297171,0.014424037344156426,fc6ed5692c5e33a9fffe770a3a11e12d0b94dbf5a1eec4c0ae7c81aee87c07d7
45,112,1.675,blind2,6000,32461.6055,7301.454843956977,32767.718413355065,94.26137671243616,0.009429999183344888,0.009429999183344888,32062.97499063347,32860.236009366534,0.021979976060470863,fc6ed5692c5e33a9fffe770a3a11e12d0b94dbf5a1eec4c0ae7c81aee87c07d7
45,112,1.875,blind2,6000,29870.681166666665,6308.975018374674,30053.75663749436,81.4485172593458,0.006128935252805429,0.006128935252805429,29526.236124013703,30215.126209319627,0.017866161852293283,fc6ed5692c5e33a9fffe770a3a11e12d0b94dbf5a1eec4c0ae7c81aee87c07d7
45,128,0.3,boundary_confirmation,8000,4113.485125,427.7009969553309,4044.6100080875185,4.781842516182752,-0.016743737930128445,0.016743737930128445,4093.262756258753,4133.707493741247,0.021553892187250567,fc6ed5692c5e33a9fffe770a3a11e12d0b94dbf5a1eec4c0ae7c81aee87c07d7
45,128,0.975,boundary_confirmation,8000,60362.8035,18992.635262455402,61926.170588863766,212.34411759354919,0.02589951092751622,0.02589951092751622,59464.80214770132,61260.80485229869,0.04139202271368525,fc6ed5692c5e33a9fffe770a3a11e12d0b94dbf5a1eec4c0ae7c81aee87c07d7
45,128,1.025,boundary_confirmation,8000,62920.760375,20126.09561083003,62751.26007539596,225.0165895373805,-0.0026938692189006274,0.0026938692189006274,61969.16725349436,63872.35349650564,0.017552091941797743,fc6ed5692c5e33a9fffe770a3a11e12d0b94dbf5a1eec4c0ae7c81aee87c07d7
45,128,1.9,boundary_confirmation,8000,36603.84875,7470.341050902598,37035.95476119643,83.52095202462712,0.011804933796652532,0.011804933796652532,36250.63939947327,36957.05810052672,0.02166348993376843,fc6ed5692c5e33a9fffe770a3a11e12d0b94dbf5a1eec4c0ae7c81aee87c07d7
46,10,0.3,boundary_confirmation,8000,287.084375,90.045133247789,288.27369337912705,1.006735194925413,0.004142748553023933,0.004142748553023933,282.82690096824865,291.3418490317514,0.019258395832332464,fc6ed5692c5e33a9fffe770a3a11e12d0b94dbf5a1eec4c0ae7c81aee87c07d7
46,10,0.975,boundary_confirmation,8000,389.388875,128.7682979640348,386.3485506664202,1.4396733379726476,-0.007807938358741769,0.007807938358741769,383.3005094779448,395.4772405220552,0.023082718599898522,fc6ed5692c5e33a9fffe770a3a11e12d0b94dbf5a1eec4c0ae7c81aee87c07d7
46,10,1.025,boundary_confirmation,8000,389.509875,129.88306896564643,388.6953390632326,1.4521368566673936,-0.00209118173645126,0.00209118173645126,383.36880137013793,395.6509486298621,0.01758016653496408,fc6ed5692c5e33a9fffe770a3a11e12d0b94dbf5a1eec4c0ae7c81aee87c07d7
46,10,1.9,boundary_confirmation,8000,369.20675,116.94991412882415,367.57366781596147,1.3075397897740695,-0.004423218654692874,0.004423218654692874,363.67717605790966,374.73632394209034,0.0191138559795333,fc6ed5692c5e33a9fffe770a3a11e12d0b94dbf5a1eec4c0ae7c81aee87c07d7
46,14,0.325,blind2,6000,458.5953333333333,136.6639738623443,459.8553866413766,1.7643243159846174,0.0027476365685722964,0.0027476365685722964,451.1340217622716,466.05664490439506,0.01933209303310046,fc6ed5692c5e33a9fffe770a3a11e12d0b94dbf5a1eec4c0ae7c81aee87c07d7
46,14,0.525,blind2,6000,587.4018333333333,182.0294293481973,576.8855824621502,2.3499898279506928,-0.017902992933315372,0.017902992933315372,577.4637476104822,597.3399190561845,0.03424237346526715,fc6ed5692c5e33a9fffe770a3a11e12d0b94dbf5a1eec4c0ae7c81aee87c07d7
46,14,0.725,blind2,6000,706.3201666666666,229.60009297418526,705.5152231160107,2.96412445458898,-0.001139629857171856,0.001139629857171856,693.7849111636276,718.8554221697057,0.018557555027449824,fc6ed5692c5e33a9fffe770a3a11e12d0b94dbf5a1eec4c0ae7c81aee87c07d7
46,14,0.94,blind2,6000,767.9045,253.4480828523538,763.5842863859274,3.272000680051213,-0.005625977727793756,0.005625977727793756,754.0672387247319,781.7417612752681,0.02322694755326893,fc6ed5692c5e33a9fffe770a3a11e12d0b94dbf5a1eec4c0ae7c81aee87c07d7
46,14,1.0,blind2,6000,770.6875,252.36772724612769,768.0180969801311,3.2580533491482275,-0.003463664610972571,0.003463664610972571,756.9092218609438,784.4657781390562,0.020966728718164074,fc6ed5692c5e33a9fffe770a3a11e12d0b94dbf5a1eec4c0ae7c81aee87c07d7
46,14,1.06,blind2,6000,771.4481666666667,254.53341337250674,763.8655082705193,3.286012236816823,-0.009829122323164154,0.009829122323164154,757.5516506445945,785.3446826887389,0.027349996621461314,fc6ed5692c5e33a9fffe770a3a11e12d0b94dbf5a1eec4c0ae7c81aee87c07d7
46,14,1.275,blind2,6000,755.1215,241.23688553696329,749.2535091855273,3.1143548005853456,-0.007770922711739376,0.007770922711739376,741.9509217228248,768.2920782771752,0.024780379272346775,fc6ed5692c5e33a9fffe770a3a11e12d0b94dbf5a1eec4c0ae7c81aee87c07d7
46,14,1.675,blind2,6000,729.1543333333333,219.06959722721402,723.1758798934653,2.8281763390712213,-0.008199160543334397,0.008199160543334397,717.1940011809429,741.1146654857237,0.0242051418325413,fc6ed5692c5e33a9fffe770a3a11e12d0b94dbf5a1eec4c0ae7c81aee87c07d7
46,14,1.875,blind2,6000,714.6858333333333,217.63335186795192,710.6697173012071,2.809634491212922,-0.005619414636211304,0.005619414636211304,702.8039144877939,726.5677521788728,0.021881008109690625,fc6ed5692c5e33a9fffe770a3a11e12d0b94dbf5a1eec4c0ae7c81aee87c07d7
46,28,0.325,blind2,6000,952.8361666666667,219.16293723502113,954.074074074074,2.8293813533904606,0.001299181801356168,0.001299181801356168,940.8707385196216,964.8015948137119,0.014033102544167564,fc6ed5692c5e33a9fffe770a3a11e12d0b94dbf5a1eec4c0ae7c81aee87c07d7
46,28,0.525,blind2,6000,1345.5915,354.34248319055524,1355.7894736842106,4.574541787502674,0.007578803585048388,0.007578803585048388,1326.2458041649625,1364.9371958350375,0.022276164362947437,fc6ed5692c5e33a9fffe770a3a11e12d0b94dbf5a1eec4c0ae7c81aee87c07d7
46,28,0.725,blind2,6000,2144.7251666666666,655.574769455295,2092.659655247433,8.463433880980414,-0.024276076127811703,0.024276076127811703,2108.933381349785,2180.516951983548,0.04029195767370397,fc6ed5692c5e33a9fffe770a3a11e12d0b94dbf5a1eec4c0ae7c81aee87c07d7
46,28,0.94,blind2,6000,3069.236,982.0920145747623,3102.6652092585323,12.678753389637821,0.010891703752507925,0.010891703752507925,3015.617666615557,3122.8543333844427,0.02886557656384503,fc6ed5692c5e33a9fffe770a3a11e12d0b94dbf5a1eec4c0ae7c81aee87c07d7
46,28,1.0,blind2,6000,3096.319,980.6647943166591,3096.793866131982,12.660328055334476,0.00015336473147057946,0.00015336473147057946,3042.778587187638,3149.859412812362,0.017751958414519153,fc6ed5692c5e33a9fffe770a3a11e12d0b94dbf5a1eec4c0ae7c81aee87c07d7
46,28,1.06,blind2,6000,3060.020666666667,970.2849940788074,3063.269369599943,12.526325410473943,0.0010616604549978101,0.0010616604549978101,3007.046949827144,3112.9943835061895,0.018696887913915106,fc6ed5692c5e33a9fffe770a3a11e12d0b94dbf5a1eec4c0ae7c81aee87c07d7
46,28,1.275,blind2,6000,2952.9998333333333,907.6896835337346,2948.142553640053,11.718223426168116,-0.0016448628403061862,0.0016448628403061862,2903.443572474818,3002.5560941918484,0.01812240599169923,fc6ed5692c5e33a9fffe770a3a11e12d0b94dbf5a1eec4c0ae7c81aee87c07d7
46,28,1.675,blind2,6000,2751.2098333333333,793.4868367086988,2753.469033683226,10.243871013358648,0.0008211661366284665,0.0008211661366284665,2707.8885954906286,2794.531071176038,0.0168324643297737,fc6ed5692c5e33a9fffe770a3a11e12d0b94dbf5a1eec4c0ae7c81aee87c07d7
46,28,1.875,blind2,6000,2665.942,738.7748209086908,2664.880877717667,9.537541926589089,-0.0003980290202611852,0.0003980290202611852,2625.607821475327,2706.276178524673,0.01529603709166627,fc6ed5692c5e33a9fffe770a3a11e12d0b94dbf5a1eec4c0ae7c81aee87c07d7
46,56,0.325,blind2,6000,1908.5936666666666,309.67533110502154,1880.0141246055946,3.997891333670054,-0.014974136486047264,0.014974136486047264,1891.6866203841282,1925.500712949205,0.023623251883371554,fc6ed5692c5e33a9fffe770a3a11e12d0b94dbf5a1eec4c0ae7c81aee87c07d7
46,56,0.525,blind2,6000,2707.021166666667,522.0055137110108,2711.5789473684213,6.739062204103975,0.001683688608673377,0.001683688608673377,2678.5217335714965,2735.5205997618373,0.012341588788546742,fc6ed5692c5e33a9fffe770a3a11e12d0b94dbf5a1eec4c0ae7c81aee87c07d7
46,56,0.725,blind2,6000,4684.631666666667,1180.0056106663603,4683.636363636363,15.233806928473756,-0.00021246132057427304,0.00021246132057427304,4620.20803498118,4749.055298352154,0.013775146972596852,fc6ed5692c5e33a9fffe770a3a11e12d0b94dbf5a1eec4c0ae7c81aee87c07d7
46,56,0.94,blind2,6000,11668.738666666666,3631.0461342946955,11723.609834786424,46.87660402478058,0.004702407834062239,0.004702407834062239,11470.497932322434,11866.979401010898,0.022066339574566607,fc6ed5692c5e33a9fffe770a3a11e12d0b94dbf5a1eec4c0ae7c81aee87c07d7
46,56,1.0,blind2,6000,12517.637333333334,3994.7936903229765,12436.618420950841,51.57256478051786,-0.006472380547944697,0.006472380547944697,12299.537423435837,12735.737243230831,0.023486572984926735,fc6ed5692c5e33a9fffe770a3a11e12d0b94dbf5a1eec4c0ae7c81aee87c07d7
46,56,1.06,blind2,6000,12311.8385,3825.9491856635564,12166.088461678011,49.39279159836927,-0.011838202582172316,0.011838202582172316,12102.956831170148,12520.720168829852,0.028323587011767182,fc6ed5692c5e33a9fffe770a3a11e12d0b94dbf5a1eec4c0ae7c81aee87c07d7
46,56,1.275,blind2,6000,11241.890666666666,3325.599149776932,11286.21762113805,42.93330041082534,0.00394301597353351,0.00394301597353351,11060.326127632135,11423.455205701197,0.020423583436800063,fc6ed5692c5e33a9fffe770a3a11e12d0b94dbf5a1eec4c0ae7c81aee87c07d7
46,56,1.675,blind2,6000,9943.903,2616.6216525136124,9956.082552023046,33.78044027836984,0.0012248261093301292,0.0012248261093301292,9801.045823662836,10086.760176337164,0.015818386236487347,fc6ed5692c5e33a9fffe770a3a11e12d0b94dbf5a1eec4c0ae7c81aee87c07d7
46,56,1.875,blind2,6000,9412.961166666666,2373.1754339419053,9409.316881055825,30.637563110951863,-0.00038715612933215983,0.00038715612933215983,9283.39518943798,9542.527143895351,0.013959642014195861,fc6ed5692c5e33a9fffe770a3a11e12d0b94dbf5a1eec4c0ae7c81aee87c07d7
46,112,0.325,blind2,6000,3816.083666666667,433.07645884195716,3745.101887900378,5.590993042431273,-0.018600687240248846,0.018600687240248846,3792.4394076700223,3839.7279256633115,0.024643943423826475,fc6ed5692c5e33a9fffe770a3a11e12d0b94dbf5a1eec4c0ae7c81aee87c07d7
46,112,0.525,blind2,6000,5407.343333333333,730.5226779637934,5381.173173928286,9.43100721926872,-0.004839744360917963,0.004839744360917963,5367.459689122135,5447.226977544531,0.01212613388216488,fc6ed5692c5e33a9fffe770a3a11e12d0b94dbf5a1eec4c0ae7c81aee87c07d7
46,112,0.725,blind2,6000,9377.879166666668,1703.7607719475498,9367.272727272726,21.99545698558118,-0.0011310061907858235,0.0011310061907858235,9284.860578060003,9470.897755273332,0.01094141555301964,fc6ed5692c5e33a9fffe770a3a11e12d0b94dbf5a1eec4c0ae7c81aee87c07d7
46,112,0.94,blind2,6000,37301.789333333334,11478.888771211983,36155.85444464744,148.19181681290445,-0.030720641265910318,0.030720641265910318,36675.087480672126,37928.49118599454,0.046736284147302576,fc6ed5692c5e33a9fffe770a3a11e12d0b94dbf5a1eec4c0ae7c81aee87c07d7
46,112,1.0,blind2,6000,49980.58666666667,15800.6973190041,49845.3595966492,203.98612524989022,-0.0027055918914944787,0.0027055918914944787,49117.93118837743,50843.24214495591,0.01962665058734281,fc6ed5692c5e33a9fffe770a3a11e12d0b94dbf5a1eec4c0ae7c81aee87c07d7
46,112,1.06,blind2,6000,47480.7355,14327.128905238398,47673.81671313306,184.96243882985073,0.004066516895743125,0.004066516895743125,46698.53101948034,48262.939980519666,0.02088471890573773,fc6ed5692c5e33a9fffe770a3a11e12d0b94dbf5a1eec4c0ae7c81aee87c07d7
46,112,1.275,blind2,6000,41214.83316666666,11187.026096472073,41367.295838703336,144.42388588408036,0.003699218468752158,0.003699218468752158,40604.06585981627,41825.60047351706,0.018796885551365383,fc6ed5692c5e33a9fffe770a3a11e12d0b94dbf5a1eec4c0ae7c81aee87c07d7
46,112,1.675,blind2,6000,33378.892,7694.689272554774,33578.156509835455,99.33801135615168,0.0059697760439578135,0.0059697760439578135,32958.792448651766,33798.991551348234,0.0187920738342775,fc6ed5692c5e33a9fffe770a3a11e12d0b94dbf5a1eec4c0ae7c81aee87c07d7
46,112,1.875,blind2,6000,30375.513,6565.546992194591,30843.952920781372,84.76084719837283,0.015421629941900014,0.015421629941900014,30017.060144000407,30733.96585599959,0.027547427123579826,fc6ed5692c5e33a9fffe770a3a11e12d0b94dbf5a1eec4c0ae7c81aee87c07d7
46,128,0.3,boundary_confirmation,8000,4202.195375,436.0824941410987,4133.3113479705635,4.875550503485752,-0.016392390377479,0.016392390377479,4181.576716028193,4222.8140339718075,0.021195033757397397,fc6ed5692c5e33a9fffe770a3a11e12d0b94dbf5a1eec4c0ae7c81aee87c07d7
46,128,0.975,boundary_confirmation,8000,61645.89125,19358.372213328454,62959.91899016161,216.4331810137274,0.0213157391922955,0.0213157391922955,60730.59728548973,62561.18521451027,0.03670837772584412,fc6ed5692c5e33a9fffe770a3a11e12d0b94dbf5a1eec4c0ae7c81aee87c07d7
46,128,1.025,boundary_confirmation,8000,64081.646,20025.07352409448,63725.49554201211,223.88712827153265,-0.005557760766443004,0.005557760766443004,63134.829359969786,65028.462640030215,0.020036873779882725,fc6ed5692c5e33a9fffe770a3a11e12d0b94dbf5a1eec4c0ae7c81aee87c07d7
46,128,1.9,boundary_confirmation,8000,37496.080375,7713.432791279966,38044.48315420407,86.23880030588975,0.014625602828868281,0.014625602828868281,37131.37726867925,37860.783481320745,0.024591220490359555,fc6ed5692c5e33a9fffe770a3a11e12d0b94dbf5a1eec4c0ae7c81aee87c07d7
47,10,0.3,boundary_confirmation,8000,291.9915,90.38710862963703,293.7794807269281,1.0105585959276313,0.006123399917217248,0.006123399917217248,287.7178568399992,296.2651431600008,0.021067944664622695,fc6ed5692c5e33a9fffe770a3a11e12d0b94dbf5a1eec4c0ae7c81aee87c07d7
47,10,0.975,boundary_confirmation,8000,391.88775,129.13503158316587,391.88736410804046,1.4437735444827058,-9.847002350151096e-07,9.847002350151096e-07,385.7820447417069,397.99345525829307,0.015825825617211464,fc6ed5692c5e33a9fffe770a3a11e12d0b94dbf5a1eec4c0ae7c81aee87c07d7
47,10,1.025,boundary_confirmation,8000,394.515375,129.87225113091364,394.2793676174858,1.4520159095982341,-0.0005982210009286224,0.0005982210009286224,388.3748128541992,400.6559371458008,0.015915325188341267,fc6ed5692c5e33a9fffe770a3a11e12d0b94dbf5a1eec4c0ae7c81aee87c07d7
47,10,1.9,boundary_confirmation,8000,371.405875,117.06739720101538,373.429077345738,1.308853290452195,0.0054474161070769645,0.0054474161070769645,365.87074627542466,376.9410037245753,0.020658473374155717,fc6ed5692c5e33a9fffe770a3a11e12d0b94dbf5a1eec4c0ae7c81aee87c07d7
47,14,0.325,blind2,6000,468.73333333333335,136.73612306231996,469.2836734026018,1.7652557581511104,0.0011741005602370134,0.0011741005602370134,461.268082701776,476.1985839648907,0.017377293165129037,fc6ed5692c5e33a9fffe770a3a11e12d0b94dbf5a1eec4c0ae7c81aee87c07d7
47,14,0.525,blind2,6000,602.2588333333333,187.7695752978638,587.7912533501933,2.4240947935102204,-0.02402219640858736,0.02402219640858736,592.0073583815331,612.5103082851335,0.04035696150836554,fc6ed5692c5e33a9fffe770a3a11e12d0b94dbf5a1eec4c0ae7c81aee87c07d7
47,14,0.725,blind2,6000,719.479,225.66016332208872,717.1563762592615,2.913260181496318,-0.0032282022696125245,0.0032282022696125245,707.1588490477183,731.7991509522818,0.020009280789634487,fc6ed5692c5e33a9fffe770a3a11e12d0b94dbf5a1eec4c0ae7c81aee87c07d7
47,14,0.94,blind2,6000,781.146,253.5905960054455,774.5659403533504,3.273840516946345,-0.008423597697036921,0.008423597697036921,767.3009580711466,794.9910419288533,0.025692241167832974,fc6ed5692c5e33a9fffe770a3a11e12d0b94dbf5a1eec4c0ae7c81aee87c07d7
47,14,1.0,blind2,6000,776.5911666666667,249.15123067044306,779.0657890118841,3.216528556912362,0.0031865187906259035,0.0031865187906259035,762.9884964983155,790.1938368350179,0.02107147432412715,fc6ed5692c5e33a9fffe770a3a11e12d0b94dbf5a1eec4c0ae7c81aee87c07d7
47,14,1.06,blind2,6000,776.1105,252.21882102392053,774.9702096300059,3.2561309780857113,-0.0014692371382607125,0.0014692371382607125,762.3403515507762,789.8806484492238,0.018876825060205826,fc6ed5692c5e33a9fffe770a3a11e12d0b94dbf5a1eec4c0ae7c81aee87c07d7
47,14,1.275,blind2,6000,763.5031666666666,243.30653711276616,760.552963364908,3.141073887537134,-0.00386403544943859,0.00386403544943859,750.2195936124907,776.7867397208425,0.020898627030848327,fc6ed5692c5e33a9fffe770a3a11e12d0b94dbf5a1eec4c0ae7c81aee87c07d7
47,14,1.675,blind2,6000,738.6885,231.61828577669414,734.7977374228823,2.9901792116341555,-0.005267122172766597,0.005267122172766597,726.0430591651253,751.3339408348746,0.022009126053346484,fc6ed5692c5e33a9fffe770a3a11e12d0b94dbf5a1eec4c0ae7c81aee87c07d7
47,14,1.875,blind2,6000,722.9828333333334,219.13635175863126,722.4334532788888,2.8290381363660977,-0.0007598798050454699,0.0007598798050454699,711.0188566479793,734.9468100186874,0.017026207297206275,fc6ed5692c5e33a9fffe770a3a11e12d0b94dbf5a1eec4c0ae7c81aee87c07d7
47,28,0.325,blind2,6000,969.9201666666667,220.01939130160855,974.8148148148148,2.8404381278460766,0.005046444353218887,0.005046444353218887,957.9079795204756,981.9323538128577,0.017649748885903094,fc6ed5692c5e33a9fffe770a3a11e12d0b94dbf5a1eec4c0ae7c81aee87c07d7
47,28,0.525,blind2,6000,1383.3195,368.9439713950545,1385.2631578947369,4.763046189655572,0.0014050679504892514,0.0014050679504892514,1363.1766207535927,1403.4623792464074,0.016202256409689753,fc6ed5692c5e33a9fffe770a3a11e12d0b94dbf5a1eec4c0ae7c81aee87c07d7
47,28,0.725,blind2,6000,2190.3295,662.1754387232722,2133.7026351561726,8.548648154809412,-0.025853126136422492,0.025853126136422492,2154.17734429,2226.48165571,0.04167068716505595,fc6ed5692c5e33a9fffe770a3a11e12d0b94dbf5a1eec4c0ae7c81aee87c07d7
47,28,0.94,blind2,6000,3116.7615,991.5190707339024,3148.537665763876,12.800456161331526,0.010195250988526304,0.010195250988526304,3062.6284866950677,3170.8945133049324,0.028050799971992113,fc6ed5692c5e33a9fffe770a3a11e12d0b94dbf5a1eec4c0ae7c81aee87c07d7
47,28,1.0,blind2,6000,3177.7005,1013.9161887483851,3141.584091707866,13.089601711575305,-0.01136557969894712,0.01136557969894712,3122.3446927788873,3233.0563072211125,0.02829280000751644,fc6ed5692c5e33a9fffe770a3a11e12d0b94dbf5a1eec4c0ae7c81aee87c07d7
47,28,1.06,blind2,6000,3133.944,986.1592287935838,3108.5239069563618,12.731260899420999,-0.008111214828228644,0.008111214828228644,3080.1036128317014,3187.7843871682985,0.024863814670459505,fc6ed5692c5e33a9fffe770a3a11e12d0b94dbf5a1eec4c0ae7c81aee87c07d7
47,28,1.275,blind2,6000,3003.2128333333335,923.0319076386573,2994.876524432948,11.916290687675275,-0.0027757969091830622,0.0027757969091830622,2952.8189478177515,3053.6067188489155,0.019233057765246975,fc6ed5692c5e33a9fffe770a3a11e12d0b94dbf5a1eec4c0ae7c81aee87c07d7
47,28,1.675,blind2,6000,2806.95,810.9114284088741,2802.2544711218316,10.468821524922792,-0.0016728224151368073,0.0016728224151368073,2762.6774484789407,2851.222551521059,0.017174415365473372,fc6ed5692c5e33a9fffe770a3a11e12d0b94dbf5a1eec4c0ae7c81aee87c07d7
47,28,1.875,blind2,6000,2705.3745,758.8159059874887,2714.391892363943,9.796271222422789,0.0033331401489675996,0.0033331401489675996,2663.9461576238814,2746.8028423761184,0.01893646934105342,fc6ed5692c5e33a9fffe770a3a11e12d0b94dbf5a1eec4c0ae7c81aee87c07d7
47,56,0.325,blind2,6000,1941.985,310.02997737769186,1921.222305452239,4.002469797362876,-0.010691480391332029,0.010691480391332029,1925.0585914359244,1958.9114085640754,0.01923982010981462,fc6ed5692c5e33a9fffe770a3a11e12d0b94dbf5a1eec4c0ae7c81aee87c07d7
47,56,0.525,blind2,6000,2761.286,533.5184956508383,2770.5263157894738,6.887694161831103,0.003346381283747391,0.003346381283747391,2732.158003700224,2790.413996299776,0.014043225917859337,fc6ed5692c5e33a9fffe770a3a11e12d0b94dbf5a1eec4c0ae7c81aee87c07d7
47,56,0.725,blind2,6000,4803.1658333333335,1211.709254408351,4785.454545454545,15.643099209229831,-0.0036874196089326,0.0036874196089326,4737.011308295256,4869.320358371411,0.017223309773135576,fc6ed5692c5e33a9fffe770a3a11e12d0b94dbf5a1eec4c0ae7c81aee87c07d7
47,56,0.94,blind2,6000,11899.1865,3707.116439377143,11915.23341548815,47.85866744053137,0.0013485724833500392,0.0013485724833500392,11696.79262835495,12101.58037164505,0.01867527227965593,fc6ed5692c5e33a9fffe770a3a11e12d0b94dbf5a1eec4c0ae7c81aee87c07d7
47,56,1.0,blind2,6000,12561.255,4035.719793628366,12616.978238152118,52.10091850227432,0.004436120288308688,0.004436120288308688,12340.92068699303,12781.589313006969,0.022369283310445853,fc6ed5692c5e33a9fffe770a3a11e12d0b94dbf5a1eec4c0ae7c81aee87c07d7
47,56,1.06,blind2,6000,12419.4145,3877.7968298247197,12350.201163972704,50.062141806290185,-0.005572995089848758,0.005572995089848758,12207.702155196233,12631.126844803768,0.022240745761066605,fc6ed5692c5e33a9fffe770a3a11e12d0b94dbf5a1eec4c0ae7c81aee87c07d7
47,56,1.275,blind2,6000,11534.169833333333,3341.317794387491,11480.482554778398,43.136227240164175,-0.004654628753582299,0.004654628753582299,11351.74711857334,11716.592548093327,0.02015176275403996,fc6ed5692c5e33a9fffe770a3a11e12d0b94dbf5a1eec4c0ae7c81aee87c07d7
47,56,1.675,blind2,6000,10165.379833333332,2668.194856551034,10159.155529082589,34.44624747952814,-0.0006123041492589687,0.0006123041492589687,10019.7069643658,10311.052702300865,0.014731490334093711,fc6ed5692c5e33a9fffe770a3a11e12d0b94dbf5a1eec4c0ae7c81aee87c07d7
47,56,1.875,blind2,6000,9554.691833333334,2411.3279003985567,9613.508027829706,31.130109334963024,0.006155739559404822,0.006155739559404822,9423.042882579202,9686.340784087466,0.020212700676829787,fc6ed5692c5e33a9fffe770a3a11e12d0b94dbf5a1eec4c0ae7c81aee87c07d7
47,112,0.325,blind2,6000,3896.418833333333,443.25779969614837,3825.650616034289,5.722433587665752,-0.018162374304741442,0.018162374304741442,3872.2187134599894,3920.618953206677,0.024222791938174226,fc6ed5692c5e33a9fffe770a3a11e12d0b94dbf5a1eec4c0ae7c81aee87c07d7
47,112,0.525,blind2,6000,5535.762333333333,759.9287294171218,5497.66722141553,9.810637711123583,-0.006881637907107311,0.006881637907107311,5494.273235206468,5577.251431460199,0.014269431999380466,fc6ed5692c5e33a9fffe770a3a11e12d0b94dbf5a1eec4c0ae7c81aee87c07d7
47,112,0.725,blind2,6000,9591.537,1723.379635055904,9570.90909090909,22.248735419215105,-0.0021506364507492574,0.0021506364507492574,9497.447299188821,9685.626700811179,0.011844108124927089,fc6ed5692c5e33a9fffe770a3a11e12d0b94dbf5a1eec4c0ae7c81aee87c07d7
47,112,0.94,blind2,6000,38099.33216666667,11648.795114578827,36844.98409348861,150.38529827382038,-0.0329230986960841,0.0329230986960841,37463.35410075092,38735.310232582415,0.04880111009163279,fc6ed5692c5e33a9fffe770a3a11e12d0b94dbf5a1eec4c0ae7c81aee87c07d7
47,112,1.0,blind2,6000,50553.986833333336,16201.53767755331,50569.19669524979,209.16095202705318,0.0003008637472371363,0.0003008637472371363,49669.44705941836,51438.526607248314,0.01811475039686039,fc6ed5692c5e33a9fffe770a3a11e12d0b94dbf5a1eec4c0ae7c81aee87c07d7
47,112,1.06,blind2,6000,48871.27166666667,14886.22876032234,48427.03177887836,192.18038692187434,-0.009090000579856197,0.009090000579856197,48058.542548964135,49684.0007843692,0.025299271106329457,fc6ed5692c5e33a9fffe770a3a11e12d0b94dbf5a1eec4c0ae7c81aee87c07d7
47,112,1.275,blind2,6000,42167.59,11425.36297419395,42174.686932671764,147.50080174476003,0.00016830301830784538,0.00016830301830784538,41543.810443810595,42791.3695561894,0.01518581184830059,fc6ed5692c5e33a9fffe770a3a11e12d0b94dbf5a1eec4c0ae7c81aee87c07d7
47,112,1.675,blind2,6000,34136.610166666665,7778.13326628234,34384.706564110966,100.41526868297801,0.007267751432641037,0.007267751432641037,33711.95490382886,34561.26542950447,0.019955878032029917,fc6ed5692c5e33a9fffe770a3a11e12d0b94dbf5a1eec4c0ae7c81aee87c07d7
47,112,1.875,blind2,6000,31091.394666666667,6623.107330779417,31631.760370344506,85.50394797417647,0.01737991201331245,0.01737991201331245,30729.799244208778,31452.990089124556,0.029351351076779553,fc6ed5692c5e33a9fffe770a3a11e12d0b94dbf5a1eec4c0ae7c81aee87c07d7
47,128,0.3,boundary_confirmation,8000,4300.223625,451.96749628050816,4221.9974683190685,5.053150226517998,-0.018191183413381468,0.018191183413381468,4278.853898406172,4321.593351593827,0.02304610248394301,fc6ed5692c5e33a9fffe770a3a11e12d0b94dbf5a1eec4c0ae7c81aee87c07d7
47,128,0.975,boundary_confirmation,8000,62206.126,19219.737537724115,63985.61364795734,214.88319822027773,0.028606308773469404,0.028606308773469404,61297.38689870107,63114.86510129892,0.043855486918207065,fc6ed5692c5e33a9fffe770a3a11e12d0b94dbf5a1eec4c0ae7c81aee87c07d7
47,128,1.025,boundary_confirmation,8000,65142.102875,20326.69397051604,64691.12347952021,227.25934737954486,-0.00692300947584026,0.00692300947584026,64181.0251508693,66103.18059913069,0.021361409644924834,fc6ed5692c5e33a9fffe770a3a11e12d0b94dbf5a1eec4c0ae7c81aee87c07d7
47,128,1.9,boundary_confirmation,8000,38537.20275,7982.942955024189,39051.12529487307,89.25201553968566,0.013335751123583359,0.013335751123583359,38159.75678371506,38914.64871628494,0.023358862484637477,fc6ed5692c5e33a9fffe770a3a11e12d0b94dbf5a1eec4c0ae7c81aee87c07d7
48,10,0.3,boundary_confirmation,8000,298.87075,93.08942608907684,299.2580317784569,1.040771423608091,0.0012958169324261246,0.0012958169324261246,294.46933706506366,303.2721629349363,0.016262116664239157,fc6ed5692c5e33a9fffe770a3a11e12d0b94dbf5a1eec4c0ae7c81aee87c07d7
48,10,0.975,boundary_confirmation,8000,399.948375,131.30566193796253,397.37741946049135,1.468041929619455,-0.006428218490720572,0.006428218490720572,393.74003896051136,406.15671103948864,0.021615527554692315,fc6ed5692c5e33a9fffe770a3a11e12d0b94dbf5a1eec4c0ae7c81aee87c07d7
48,10,1.025,boundary_confirmation,8000,399.68175,131.04146652942066,399.8139065377669,1.46508813515524,0.000330654421341202,0.000330654421341202,393.4859055305786,405.87759446942147,0.016081900058543708,fc6ed5692c5e33a9fffe770a3a11e12d0b94dbf5a1eec4c0ae7c81aee87c07d7
48,10,1.9,boundary_confirmation,8000,376.4685,118.0712226135191,379.228985853665,1.3200763997516953,0.00733258122170909,0.00733258122170909,370.88590884772873,382.0510911522713,0.02249499591897841,fc6ed5692c5e33a9fffe770a3a11e12d0b94dbf5a1eec4c0ae7c81aee87c07d7
48,14,0.325,blind2,6000,475.65483333333333,139.94545657186615,478.6855162169184,1.8066880756007697,0.006371601151083478,0.006371601151083478,468.01436580610533,483.2953008605613,0.02280090354156794,fc6ed5692c5e33a9fffe770a3a11e12d0b94dbf5a1eec4c0ae7c81aee87c07d7
48,14,0.525,blind2,6000,607.3813333333334,184.83583788337666,598.6411589471742,2.386220406348706,-0.014389929203442531,0.014389929203442531,597.2900288222027,617.4726378444641,0.030497673488867005,fc6ed5692c5e33a9fffe770a3a11e12d0b94dbf5a1eec4c0ae7c81aee87c07d7
48,14,0.725,blind2,6000,733.632,235.00196643866266,728.7056093365238,3.033862341143116,-0.006715070585083703,0.006715070585083703,720.8018236056182,746.4621763943817,0.023787631335357107,fc6ed5692c5e33a9fffe770a3a11e12d0b94dbf5a1eec4c0ae7c81aee87c07d7
48,14,0.94,blind2,6000,788.3708333333333,252.65365811943514,785.4505525078999,3.2617447008498486,-0.0037041969362133992,0.0037041969362133992,774.5769445013253,802.1647221653412,0.020836330987385687,fc6ed5692c5e33a9fffe770a3a11e12d0b94dbf5a1eec4c0ae7c81aee87c07d7
48,14,1.0,blind2,6000,791.5145,253.4836071877933,790.0168961465814,3.272459297249687,-0.0018920738071362961,0.0018920738071362961,777.6752992367484,805.3537007632516,0.019043563842986222,fc6ed5692c5e33a9fffe770a3a11e12d0b94dbf5a1eec4c0ae7c81aee87c07d7
48,14,1.06,blind2,6000,787.6735,253.24549442090918,785.976927010559,3.269385274647482,-0.002153903856662612,0.002153903856662612,773.8472992505235,801.4997007494765,0.019367160991329402,fc6ed5692c5e33a9fffe770a3a11e12d0b94dbf5a1eec4c0ae7c81aee87c07d7
48,14,1.275,blind2,6000,773.7495,246.79853255039458,771.7498593997321,3.1861553547870245,-0.0025843513957267395,0.0025843513957267395,760.2752778286609,787.2237221713391,0.01965624553199008,fc6ed5692c5e33a9fffe770a3a11e12d0b94dbf5a1eec4c0ae7c81aee87c07d7
48,14,1.675,blind2,6000,747.3508333333333,228.66120296251015,746.310447353147,2.9520034366585195,-0.0013920985082012966,0.0013920985082012966,734.8668375054675,759.8348291611991,0.01779910750206337,fc6ed5692c5e33a9fffe770a3a11e12d0b94dbf5a1eec4c0ae7c81aee87c07d7
48,14,1.875,blind2,6000,741.366,225.0936632534839,734.0856993137224,2.9059466970585452,-0.009820116765912575,0.009820116765912575,729.076777707243,753.655222292757,0.02596614791509111,fc6ed5692c5e33a9fffe770a3a11e12d0b94dbf5a1eec4c0ae7c81aee87c07d7
48,28,0.325,blind2,6000,1000.611,231.61612354018152,995.5555555555555,2.990151297280809,-0.005052357454040029,0.005052357454040029,987.9656772146732,1013.2563227853268,0.017469190008224,fc6ed5692c5e33a9fffe770a3a11e12d0b94dbf5a1eec4c0ae7c81aee87c07d7
48,28,0.525,blind2,6000,1400.1635,373.7563101777007,1414.7368421052631,4.825173216193895,0.010408314532740647,0.010408314532740647,1379.757886120404,1420.5691138795962,0.02535151734715768,fc6ed5692c5e33a9fffe770a3a11e12d0b94dbf5a1eec4c0ae7c81aee87c07d7
48,28,0.725,blind2,6000,2223.2836666666667,670.9775671976691,2174.5827423574633,8.66228314478447,-0.021904953038322777,0.021904953038322777,2186.6509496120793,2259.916383721254,0.037759645435765044,fc6ed5692c5e33a9fffe770a3a11e12d0b94dbf5a1eec4c0ae7c81aee87c07d7
48,28,0.94,blind2,6000,3161.735,987.0181495694983,3194.0035030198806,12.742349518957093,0.010205948006357404,0.010205948006357404,3107.847719159998,3215.622280840002,0.027722009456489394,fc6ed5692c5e33a9fffe770a3a11e12d0b94dbf5a1eec4c0ae7c81aee87c07d7
48,28,1.0,blind2,6000,3190.5841666666665,1022.3630628539062,3185.9879776955254,13.198650387369284,-0.001440547790326112,0.001440547790326112,3134.7671935821472,3246.401139751186,0.01860927206928309,fc6ed5692c5e33a9fffe770a3a11e12d0b94dbf5a1eec4c0ae7c81aee87c07d7
48,28,1.06,blind2,6000,3166.5101666666665,1012.4841313568065,3153.380652450891,13.071113930147314,-0.00414636730176577,0.00414636730176577,3111.23254410596,3221.7877892273727,0.0212326637419179,fc6ed5692c5e33a9fffe770a3a11e12d0b94dbf5a1eec4c0ae7c81aee87c07d7
48,28,1.275,blind2,6000,3045.8366666666666,923.1257410800165,3041.18072370446,11.91750207219428,-0.0015286252914218236,0.0015286252914218236,2995.4376582169125,3096.2356751164207,0.017781253492562543,fc6ed5692c5e33a9fffe770a3a11e12d0b94dbf5a1eec4c0ae7c81aee87c07d7
48,28,1.675,blind2,6000,2843.9466666666667,827.9109969829948,2850.584540177977,10.688285011523726,0.0023340358625959876,0.0023340358625959876,2798.746006046183,2889.1473272871503,0.018522057385631285,fc6ed5692c5e33a9fffe770a3a11e12d0b94dbf5a1eec4c0ae7c81aee87c07d7
48,28,1.875,blind2,6000,2765.1031666666668,776.5684788158441,2763.448523811097,10.025455952144638,-0.0005984018518789992,0.0005984018518789992,2722.70560414191,2807.5007291914235,0.015690897217687905,fc6ed5692c5e33a9fffe770a3a11e12d0b94dbf5a1eec4c0ae7c81aee87c07d7
48,56,0.325,blind2,6000,1987.951,317.89640915476264,1962.452694993958,4.104024994918449,-0.012826425302254469,0.012826425302254469,1970.595115424197,2005.306884575803,0.021370389695196335,fc6ed5692c5e33a9fffe770a3a11e12d0b94dbf5a1eec4c0ae7c81aee87c07d7
48,56,0.525,blind2,6000,2826.1258333333335,560.4809302240618,2829.4736842105262,7.235777695415442,0.0011846078605934004,0.0011846078605934004,2795.525794919022,2856.725871747645,0.012143650884283153,fc6ed5692c5e33a9fffe770a3a11e12d0b94dbf5a1eec4c0ae7c81aee87c07d7
48,56,0.725,blind2,6000,4875.124833333333,1227.2541554395511,4887.272727272727,15.8437830186041,0.0024918118724536714,0.0024918118724536714,4808.12161828093,4942.128048385736,0.01646196067313621,fc6ed5692c5e33a9fffe770a3a11e12d0b94dbf5a1eec4c0ae7c81aee87c07d7
48,56,0.94,blind2,6000,12072.834166666667,3743.7494053779405,12105.3584216251,48.33159699800895,0.0026940032894871386,0.0026940032894871386,11868.440280201476,12277.22805313186,0.019962028356737216,fc6ed5692c5e33a9fffe770a3a11e12d0b94dbf5a1eec4c0ae7c81aee87c07d7
48,56,1.0,blind2,6000,12930.189,4058.5936775832774,12795.7926970005,52.3962190743425,-0.010393993699512136,0.010393993699512136,12708.605863545237,13151.772136454763,0.027067032165767335,fc6ed5692c5e33a9fffe770a3a11e12d0b94dbf5a1eec4c0ae7c81aee87c07d7
48,56,1.06,blind2,6000,12549.501666666667,3841.6632029662264,12532.677013974278,49.59565868942013,-0.0013406630111120125,0.0013406630111120125,12339.76207474403,12759.241258589303,0.01775687441151763,fc6ed5692c5e33a9fffe770a3a11e12d0b94dbf5a1eec4c0ae7c81aee87c07d7
48,56,1.275,blind2,6000,11765.81,3383.425568463056,11672.945666913003,43.67983626596593,-0.007892727579911314,0.007892727579911314,11581.088367587734,11950.531632412265,0.023227917722621894,fc6ed5692c5e33a9fffe770a3a11e12d0b94dbf5a1eec4c0ae7c81aee87c07d7
48,56,1.675,blind2,6000,10328.4725,2702.910516237428,10360.553921594563,34.894424718921506,0.003106114829134988,0.003106114829134988,10180.904293541578,10476.040706458421,0.01764574372503902,fc6ed5692c5e33a9fffe770a3a11e12d0b94dbf5a1eec4c0ae7c81aee87c07d7
48,56,1.875,blind2,6000,9834.008166666667,2477.4295813043186,9816.196910548397,31.983478365977465,-0.0018111898847758471,0.0018111898847758471,9698.750326000512,9969.26600733282,0.015354098954911577,fc6ed5692c5e33a9fffe770a3a11e12d0b94dbf5a1eec4c0ae7c81aee87c07d7
48,112,0.325,blind2,6000,3997.5288333333333,456.7200612749938,3906.194995816238,5.896230637322939,-0.022847574420354233,0.022847574420354233,3972.593727309272,4022.463939357395,0.02890490636933618,fc6ed5692c5e33a9fffe770a3a11e12d0b94dbf5a1eec4c0ae7c81aee87c07d7
48,112,0.525,blind2,6000,5647.077166666667,758.6908868937434,5614.1814342851185,9.794657232862678,-0.005825267020561364,0.005825267020561364,5605.655649837797,5688.498683495537,0.013064475065458048,fc6ed5692c5e33a9fffe770a3a11e12d0b94dbf5a1eec4c0ae7c81aee87c07d7
48,112,0.725,blind2,6000,9750.630333333333,1750.9809802161571,9774.545454545454,22.605067253010382,0.0024526743804824227,0.0024526743804824227,9655.033708420646,9846.22695824602,0.01237818010107783,fc6ed5692c5e33a9fffe770a3a11e12d0b94dbf5a1eec4c0ae7c81aee87c07d7
48,112,0.94,blind2,6000,38669.848333333335,11711.28125245453,37531.00007530694,151.19199084502512,-0.029450548867157318,0.029450548867157318,38030.458771831836,39309.237894834834,0.0452371481809255,fc6ed5692c5e33a9fffe770a3a11e12d0b94dbf5a1eec4c0ae7c81aee87c07d7
48,112,1.0,blind2,6000,51513.65266666667,16105.62583043343,51286.8523604388,207.92273540505556,-0.004402722278216998,0.004402722278216998,50634.3492996444,52392.95603368894,0.021111686703435995,fc6ed5692c5e33a9fffe770a3a11e12d0b94dbf5a1eec4c0ae7c81aee87c07d7
48,112,1.06,blind2,6000,49301.719666666664,14881.901432627988,49173.39327749937,192.12452136156168,-0.002602878561537487,0.002602878561537487,48489.2268039133,50114.21252942003,0.018773501656208724,fc6ed5692c5e33a9fffe770a3a11e12d0b94dbf5a1eec4c0ae7c81aee87c07d7
48,112,1.275,blind2,6000,42927.327333333335,11743.881430019632,42975.1623391697,151.6128573276686,0.0011143252750147501,0.0011143252750147501,42286.157931284164,43568.496735382505,0.016293852210578663,fc6ed5692c5e33a9fffe770a3a11e12d0b94dbf5a1eec4c0ae7c81aee87c07d7
48,112,1.675,blind2,6000,34853.104166666664,8068.923823963688,35187.22703831012,104.1693586400921,0.0095866029621261,0.0095866029621261,34412.57289136219,35293.635441971135,0.02251078840845322,fc6ed5692c5e33a9fffe770a3a11e12d0b94dbf5a1eec4c0ae7c81aee87c07d7
48,112,1.875,blind2,6000,32092.302666666666,7013.360545445835,32416.989797292903,90.54209531153295,0.010117289930818191,0.010117289930818191,31709.40096469749,32475.204368635845,0.022314796592442177,fc6ed5692c5e33a9fffe770a3a11e12d0b94dbf5a1eec4c0ae7c81aee87c07d7
48,128,0.3,boundary_confirmation,8000,4388.4215,463.3527987017647,4310.669433692544,5.1804417773096105,-0.017717547484319023,0.017717547484319023,4366.513458589438,4410.329541410562,0.02259697530133864,fc6ed5692c5e33a9fffe770a3a11e12d0b94dbf5a1eec4c0ae7c81aee87c07d7
48,128,0.975,boundary_confirmation,8000,63291.338875,19836.248911705803,65003.278395889036,221.776004925902,0.02704855911280538,0.02704855911280538,62353.45015649985,64229.22759350015,0.042496898451303444,fc6ed5692c5e33a9fffe770a3a11e12d0b94dbf5a1eec4c0ae7c81aee87c07d7
48,128,1.025,boundary_confirmation,8000,65925.274,20682.186543574204,65648.18305604275,231.23387517381667,-0.004203106443778405,0.004203106443778405,64947.38803378353,66903.15996621648,0.01875811113865844,fc6ed5692c5e33a9fffe770a3a11e12d0b94dbf5a1eec4c0ae7c81aee87c07d7
48,128,1.9,boundary_confirmation,8000,39518.0525,8118.839666906587,40055.610707231375,90.77138696812439,0.013602851689904945,0.013602851689904945,39134.18112568942,39901.923874310574,0.023545390628784357,fc6ed5692c5e33a9fffe770a3a11e12d0b94dbf5a1eec4c0ae7c81aee87c07d7
49,10,0.3,boundary_confirmation,8000,302.748,94.65668614540128,304.7092238293207,1.058293923729899,0.006478073610133562,0.006478073610133562,298.27248457056857,307.2235154294314,0.021580063840012986,fc6ed5692c5e33a9fffe770a3a11e12d0b94dbf5a1eec4c0ae7c81aee87c07d7
49,10,0.975,boundary_confirmation,8000,402.693875,131.93435298159255,402.81878149697394,1.4750709091714649,0.0003101772952815567,0.0003101772952815567,396.4558134695747,408.9319365304253,0.01604962725029524,fc6ed5692c5e33a9fffe770a3a11e12d0b94dbf5a1eec4c0ae7c81aee87c07d7
49,10,1.025,boundary_confirmation,8000,404.631375,132.72880003000122,405.29903099968345,1.4839530971952943,0.0016500351701186327,0.0016500351701186327,398.355750776776,410.906999223224,0.017429848092737066,fc6ed5692c5e33a9fffe770a3a11e12d0b94dbf5a1eec4c0ae7c81aee87c07d7
49,10,1.9,boundary_confirmation,8000,380.841125,119.312548875943,384.97377536712577,1.3339548492768731,0.010851376324250149,0.010851376324250149,375.1998420102403,386.4824079897597,0.026049939958713297,fc6ed5692c5e33a9fffe770a3a11e12d0b94dbf5a1eec4c0ae7c81aee87c07d7
49,14,0.325,blind2,6000,483.92083333333335,141.89833011228026,488.06060307912804,1.8318995645983462,0.008554642537869715,0.008554642537869715,476.1737466472143,491.6679200194524,0.02496327551783417,fc6ed5692c5e33a9fffe770a3a11e12d0b94dbf5a1eec4c0ae7c81aee87c07d7
49,14,0.525,blind2,6000,616.9381666666667,190.14258696357783,609.4350943488694,2.4547302423824413,-0.012161789824637724,0.012161789824637724,606.5571346787343,627.3191986545991,0.028508778854665073,fc6ed5692c5e33a9fffe770a3a11e12d0b94dbf5a1eec4c0ae7c81aee87c07d7
49,14,0.725,blind2,6000,740.22,230.27121343889928,740.163098576807,2.9727885825327682,-7.687096159660586e-05,7.687096159660586e-05,727.6481039782681,752.791896021732,0.017199240306015717,fc6ed5692c5e33a9fffe770a3a11e12d0b94dbf5a1eec4c0ae7c81aee87c07d7
49,14,0.94,blind2,6000,796.3473333333334,255.24630223640156,796.2382886710697,3.2952155924753606,-0.00013693103210039086,0.00013693103210039086,782.4118964034409,810.2827702632259,0.01767150056279232,fc6ed5692c5e33a9fffe770a3a11e12d0b94dbf5a1eec4c0ae7c81aee87c07d7
49,14,1.0,blind2,6000,796.5301666666667,260.3449698775242,800.8715438403977,3.3610391086817426,0.005450361273696571,0.005450361273696571,782.3163626822202,810.7439706511132,0.023718257783283514,fc6ed5692c5e33a9fffe770a3a11e12d0b94dbf5a1eec4c0ae7c81aee87c07d7
49,14,1.06,blind2,6000,801.0413333333333,257.7515294491534,796.8858597241193,3.3275579367202055,-0.005187589499186094,0.005187589499186094,786.9691209222194,815.1135457444473,0.022362143428349635,fc6ed5692c5e33a9fffe770a3a11e12d0b94dbf5a1eec4c0ae7c81aee87c07d7
49,14,1.275,blind2,6000,784.5605,245.54479913275878,782.8446352399584,3.1699697259634005,-0.002187039444429912,0.002187039444429912,771.1547267065301,797.96627329347,0.0189502220326927,fc6ed5692c5e33a9fffe770a3a11e12d0b94dbf5a1eec4c0ae7c81aee87c07d7
49,14,1.675,blind2,6000,756.8386666666667,232.28505195653315,757.714767280523,2.998787126001925,0.001157579088440273,0.001157579088440273,744.1568230398036,769.5205102935297,0.018219203024083752,fc6ed5692c5e33a9fffe770a3a11e12d0b94dbf5a1eec4c0ae7c81aee87c07d7
49,14,1.875,blind2,6000,742.378,226.5823574555582,745.6273082174957,2.925165656565976,0.004376891849564097,0.004376891849564097,730.0075009013534,754.7484990986467,0.021396776467168088,fc6ed5692c5e33a9fffe770a3a11e12d0b94dbf5a1eec4c0ae7c81aee87c07d7
49,28,0.325,blind2,6000,1009.7741666666667,228.81947008712794,1016.2962962962962,2.954046656451509,0.006458998303709317,0.006458998303709317,997.2815300807806,1022.2668032525528,0.019066598189154682,fc6ed5692c5e33a9fffe770a3a11e12d0b94dbf5a1eec4c0ae7c81aee87c07d7
49,28,0.525,blind2,6000,1424.2668333333334,381.1585902811712,1444.2105263157896,4.920736241409574,0.014002778493254885,0.014002778493254885,1403.457084284626,1445.0765823820407,0.029037896838816746,fc6ed5692c5e33a9fffe770a3a11e12d0b94dbf5a1eec4c0ae7c81aee87c07d7
49,28,0.725,blind2,6000,2280.1675,694.0295019680482,2215.2989718387284,8.959882342996261,-0.028449018837989563,0.028449018837989563,2242.2762386284526,2318.0587613715475,0.044330105537108255,fc6ed5692c5e33a9fffe770a3a11e12d0b94dbf5a1eec4c0ae7c81aee87c07d7
49,28,0.94,blind2,6000,3209.215166666667,1005.0432620189677,3239.063836238647,12.97505272005813,0.00930092499936156,0.00930092499936156,3154.343786094395,3264.0865472389387,0.02685821707758418,fc6ed5692c5e33a9fffe770a3a11e12d0b94dbf5a1eec4c0ae7c81aee87c07d7
49,28,1.0,blind2,6000,3217.8973333333333,1001.555981555826,3230.006025919662,12.930032122867123,0.0037629207311551094,0.0037629207311551094,3163.216344459296,3272.5783222073705,0.02111448417916617,fc6ed5692c5e33a9fffe770a3a11e12d0b94dbf5a1eec4c0ae7c81aee87c07d7
49,28,1.06,blind2,6000,3253.8325,1010.1953026694091,3197.8407116998146,13.041565278851941,-0.017207950409305138,0.017207950409305138,3198.6798384183053,3308.9851615816947,0.03358868186303776,fc6ed5692c5e33a9fffe770a3a11e12d0b94dbf5a1eec4c0ae7c81aee87c07d7
49,28,1.275,blind2,6000,3112.3603333333335,949.9139823806203,3087.057829533983,12.263336780299026,-0.008129683291603882,0.008129683291603882,3060.4987930316524,3164.2218736350146,0.02438642016350978,fc6ed5692c5e33a9fffe770a3a11e12d0b94dbf5a1eec4c0ae7c81aee87c07d7
49,28,1.675,blind2,6000,2896.220333333333,828.0188721653626,2898.462616191286,10.689677674139658,0.0007742100392521542,0.0007742100392521542,2851.0137831552456,2941.426883511421,0.016642793281598456,fc6ed5692c5e33a9fffe770a3a11e12d0b94dbf5a1eec4c0ae7c81aee87c07d7
49,28,1.875,blind2,6000,2811.212666666667,779.9384952988048,2812.053631932322,10.068962677861142,0.00029914679726178174,0.00029914679726178174,2768.6311145924456,2853.794218740888,0.015683749673624625,fc6ed5692c5e33a9fffe770a3a11e12d0b94dbf5a1eec4c0ae7c81aee87c07d7
49,56,0.325,blind2,6000,2033.2103333333334,328.0767468421456,2003.705582362042,4.2354525893251225,-0.014511411085994307,0.014511411085994307,2015.298642649765,2051.122024016902,0.02311731876487777,fc6ed5692c5e33a9fffe770a3a11e12d0b94dbf5a1eec4c0ae7c81aee87c07d7
49,56,0.525,blind2,6000,2885.77,564.1662388198807,2888.421052631579,7.283354824806248,0.0009186638684230569,0.0009186638684230569,2854.9687583359087,2916.5712416640913,0.011717219040662696,fc6ed5692c5e33a9fffe770a3a11e12d0b94dbf5a1eec4c0ae7c81aee87c07d7
49,56,0.725,blind2,6000,4979.066666666667,1260.8688761892383,4989.090909090909,16.277747197440604,0.0020132774062560058,0.0020132774062560058,4910.228221027889,5047.905112305444,0.01606090073884814,fc6ed5692c5e33a9fffe770a3a11e12d0b94dbf5a1eec4c0ae7c81aee87c07d7
49,56,0.94,blind2,6000,12284.905666666667,3737.14038329781,12293.988365036868,48.24627488983874,0.0007393380638522516,0.0007393380638522516,12080.872606625047,12488.938726708288,0.017640758689480007,fc6ed5692c5e33a9fffe770a3a11e12d0b94dbf5a1eec4c0ae7c81aee87c07d7
49,56,1.0,blind2,6000,12974.124666666667,4052.683021991441,12973.06380479479,52.31991283876799,-8.176751026616056e-05,8.176751026616056e-05,12752.864228591832,13195.385104741501,0.017266676117297042,fc6ed5692c5e33a9fffe770a3a11e12d0b94dbf5a1eec4c0ae7c81aee87c07d7
49,56,1.06,blind2,6000,12804.1365,3897.1123704617175,12713.522774878898,50.311504363657136,-0.00707691027201265,0.00707691027201265,12591.369603197027,13016.903396802974,0.023306666161368894,fc6ed5692c5e33a9fffe770a3a11e12d0b94dbf5a1eec4c0ae7c81aee87c07d7
49,56,1.275,blind2,6000,11844.922,3497.351665097591,11863.619981005231,45.15061584917917,0.0015785651442222041,0.0015785651442222041,11653.980454035964,12035.863545964037,0.017988662997685534,fc6ed5692c5e33a9fffe770a3a11e12d0b94dbf5a1eec4c0ae7c81aee87c07d7
49,56,1.675,blind2,6000,10578.336,2776.0412694384795,10560.27726360557,35.83853868306576,-0.0017071433914018904,0.0017071433914018904,10426.775144128287,10729.896855871712,0.01580812887062566,fc6ed5692c5e33a9fffe770a3a11e12d0b94dbf5a1eec4c0ae7c81aee87c07d7
49,56,1.875,blind2,6000,9951.5985,2509.6783005981397,10017.372018252388,32.399807541849086,0.006609342032075388,0.006609342032075388,9814.580007015471,10088.61699298453,0.020662321881523393,fc6ed5692c5e33a9fffe770a3a11e12d0b94dbf5a1eec4c0ae7c81aee87c07d7
49,112,0.325,blind2,6000,4069.489,463.959137452719,3986.735993686964,5.989686708917128,-0.020334987098634783,0.020334987098634783,4044.158669094632,4094.819330905368,0.02639514188151182,fc6ed5692c5e33a9fffe770a3a11e12d0b94dbf5a1eec4c0ae7c81aee87c07d7
49,112,0.525,blind2,6000,5779.988166666667,801.5670142329689,5730.7170944191075,10.348185656644974,-0.008524424415210214,0.008524424415210214,5736.2257831412035,5823.7505501921305,0.015974835283759536,fc6ed5692c5e33a9fffe770a3a11e12d0b94dbf5a1eec4c0ae7c81aee87c07d7
49,112,0.725,blind2,6000,9966.473,1786.7181612019642,9978.181818181818,23.066432275671822,0.001174820639339319,0.001174820639339319,9868.925266580289,10064.020733419711,0.011070764916166764,fc6ed5692c5e33a9fffe770a3a11e12d0b94dbf5a1eec4c0ae7c81aee87c07d7
49,112,0.94,fresh_precision_confirmation,20000,39428.2956,11919.339524724342,38213.89135026668,84.28245805197423,-0.030800323251439794,0.030800323251439794,39071.865847372705,39784.72535262729,0.039483344133652065,fc6ed5692c5e33a9fffe770a3a11e12d0b94dbf5a1eec4c0ae7c81aee87c07d7
49,112,1.0,blind2,6000,52011.905666666666,16453.871524207418,51998.33462141146,212.41856797963925,-0.0002609219001161467,0.0002609219001161467,51113.58946435873,52910.2218689746,0.0173093920095293,fc6ed5692c5e33a9fffe770a3a11e12d0b94dbf5a1eec4c0ae7c81aee87c07d7
49,112,1.06,blind2,6000,50412.021,15128.444436306158,49912.94233462944,195.30737785279334,-0.009899993205401508,0.009899993205401508,49586.067865939425,51237.974134060576,0.025860347170719167,fc6ed5692c5e33a9fffe770a3a11e12d0b94dbf5a1eec4c0ae7c81aee87c07d7
49,112,1.275,blind2,6000,43889.01416666667,11844.571473275437,43768.737723260354,152.9127601965307,-0.00274046810323807,0.00274046810323807,43242.347487144856,44535.68084618848,0.01722086893825414,fc6ed5692c5e33a9fffe770a3a11e12d0b94dbf5a1eec4c0ae7c81aee87c07d7
49,112,1.675,blind2,6000,35694.091166666665,8225.285600110747,35985.58438309581,106.18798049009534,0.008166427744807244,0.008166427744807244,35245.02315782031,36143.15917551302,0.021011795678482326,fc6ed5692c5e33a9fffe770a3a11e12d0b94dbf5a1eec4c0ae7c81aee87c07d7
49,112,1.875,blind2,6000,32743.724666666665,7009.407706903045,33199.460982416545,90.49106438537805,0.013918279621188696,0.013918279621188696,32361.038774022538,33126.41055931079,0.025908383666195522,fc6ed5692c5e33a9fffe770a3a11e12d0b94dbf5a1eec4c0ae7c81aee87c07d7
49,128,0.3,boundary_confirmation,8000,4482.331375,471.89184094907137,4399.328282646504,5.275911171948212,-0.01851783935842895,0.01851783935842895,4460.01959438319,4504.643155616809,0.023379182175393587,fc6ed5692c5e33a9fffe770a3a11e12d0b94dbf5a1eec4c0ae7c81aee87c07d7
49,128,0.975,boundary_confirmation,8000,64753.58575,20181.614715439948,66012.93379901089,225.63731199716898,0.019448313702239914,0.019448313702239914,63799.367598827375,65707.80390117262,0.034695738899835016,fc6ed5692c5e33a9fffe770a3a11e12d0b94dbf5a1eec4c0ae7c81aee87c07d7
49,128,1.025,boundary_confirmation,8000,66853.714875,20670.288048236733,66596.71054698828,231.10084595179393,-0.003844278937860957,0.003844278937860957,65876.39148815999,67831.03826184002,0.018197093048863744,fc6ed5692c5e33a9fffe770a3a11e12d0b94dbf5a1eec4c0ae7c81aee87c07d7
49,128,1.9,boundary_confirmation,8000,40381.723125,8351.179063517564,41057.68010686967,93.36902039149153,0.01673918123249171,0.01673918123249171,39986.8663824419,40776.579867558095,0.02677913578389246,fc6ed5692c5e33a9fffe770a3a11e12d0b94dbf5a1eec4c0ae7c81aee87c07d7
50,10,0.3,boundary_confirmation,8000,309.635375,95.09289540209546,310.1329236420833,1.0631708914818132,0.0016068856540803911,0.0016068856540803911,305.139234918066,314.131515081934,0.01636527903518603,fc6ed5692c5e33a9fffe770a3a11e12d0b94dbf5a1eec4c0ae7c81aee87c07d7
50,10,0.975,boundary_confirmation,8000,411.402125,133.50145598579874,408.21151101062355,1.4925916533972108,-0.007755463074908665,0.007755463074908665,405.0899684007482,417.7142815992518,0.022749451017681666,fc6ed5692c5e33a9fffe770a3a11e12d0b94dbf5a1eec4c0ae7c81aee87c07d7
50,10,1.025,boundary_confirmation,8000,411.895625,137.54596992492984,410.7348114350287,1.5378106939164238,-0.0028182226139724263,0.0028182226139724263,405.3922374874736,418.3990125125264,0.018317923437422667,fc6ed5692c5e33a9fffe770a3a11e12d0b94dbf5a1eec4c0ae7c81aee87c07d7
50,10,1.9,boundary_confirmation,8000,389.85925,120.3983457512808,390.6637992171359,1.3460944273919342,0.002063691491572664,0.002063691491572664,384.1666288442143,395.55187115578565,0.016912375737758945,fc6ed5692c5e33a9fffe770a3a11e12d0b94dbf5a1eec4c0ae7c81aee87c07d7
50,14,0.325,blind2,6000,493.6383333333333,144.2026996984532,497.4086115254782,1.861648848034195,0.007637733817561856,0.007637733817561856,485.76543719669564,501.511229469971,0.023968717074590806,fc6ed5692c5e33a9fffe770a3a11e12d0b94dbf5a1eec4c0ae7c81aee87c07d7
50,14,0.525,blind2,6000,628.9283333333333,192.02412628296133,620.172833169579,2.479020810546464,-0.013921300249505287,0.013921300249505287,618.4445767523837,639.4120899142829,0.030088978685534395,fc6ed5692c5e33a9fffe770a3a11e12d0b94dbf5a1eec4c0ae7c81aee87c07d7
50,14,0.725,blind2,6000,757.7306666666667,238.02071079918747,751.528985920234,3.0728341632590164,-0.008184545009527559,0.008184545009527559,744.7356787891216,770.7256545442118,0.024907265653859922,fc6ed5692c5e33a9fffe770a3a11e12d0b94dbf5a1eec4c0ae7c81aee87c07d7
50,14,0.94,blind2,6000,810.221,253.81589110369507,806.9293041865749,3.276749064158021,-0.004062713523131494,0.004062713523131494,796.3636578513011,824.0783421486989,0.020809960758596868,fc6ed5692c5e33a9fffe770a3a11e12d0b94dbf5a1eec4c0ae7c81aee87c07d7
50,14,1.0,blind2,6000,813.4291666666667,257.14447209541004,811.6298499450374,3.3197208599827364,-0.0022120140208429025,0.0022120140208429025,799.3900971821762,827.4682361511572,0.019140778478445974,fc6ed5692c5e33a9fffe770a3a11e12d0b94dbf5a1eec4c0ae7c81aee87c07d7
50,14,1.06,blind2,6000,810.901,258.80530628916256,807.6971937413243,3.3411621372267875,-0.003950921578189726,0.003950921578189726,796.7712555480163,825.0307444519837,0.021009581554652157,fc6ed5692c5e33a9fffe770a3a11e12d0b94dbf5a1eec4c0ae7c81aee87c07d7
50,14,1.275,blind2,6000,797.576,251.65463417115257,793.8376967937202,3.2488473571359795,-0.004687080862864294,0.004687080862864294,783.8366539178802,811.3153460821198,0.0215423625015847,fc6ed5692c5e33a9fffe770a3a11e12d0b94dbf5a1eec4c0ae7c81aee87c07d7
50,14,1.675,blind2,6000,773.8585,239.11137262616737,769.0113983225498,3.0869145468998074,-0.00626355034861059,0.00626355034861059,760.8039663074184,786.9130336925817,0.022749191592403406,fc6ed5692c5e33a9fffe770a3a11e12d0b94dbf5a1eec4c0ae7c81aee87c07d7
50,14,1.875,blind2,6000,755.7181666666667,229.5647165031016,757.0590698464546,2.9636677463111316,0.0017743429216507942,0.0017743429216507942,743.184842578803,768.2514907545303,0.01866860903608969,fc6ed5692c5e33a9fffe770a3a11e12d0b94dbf5a1eec4c0ae7c81aee87c07d7
50,28,0.325,blind2,6000,1036.7868333333333,240.37846345763714,1037.037037037037,3.103272619194523,0.0002413260813693,0.0002413260813693,1023.6631215010032,1049.9105451656635,0.01306476247422439,fc6ed5692c5e33a9fffe770a3a11e12d0b94dbf5a1eec4c0ae7c81aee87c07d7
50,28,0.525,blind2,6000,1471.2546666666667,389.3540033202935,1473.6842105263158,5.026538568795614,0.0016513414806381555,0.0016513414806381555,1449.9974805326012,1492.5118528007322,0.016335704242061322,fc6ed5692c5e33a9fffe770a3a11e12d0b94dbf5a1eec4c0ae7c81aee87c07d7
50,28,0.725,blind2,6000,2321.6493333333333,699.7633448693156,2255.8502561145715,9.033905936550855,-0.02834152267271563,0.02834152267271563,2283.4450268543096,2359.853639812357,0.04407196359264687,fc6ed5692c5e33a9fffe770a3a11e12d0b94dbf5a1eec4c0ae7c81aee87c07d7
50,28,0.94,blind2,6000,3244.174666666667,1005.2457707785529,3283.719689373509,12.97766709690258,0.01218954796520684,0.01218954796520684,3189.292229918371,3299.0571034149625,0.02960765356317152,fc6ed5692c5e33a9fffe770a3a11e12d0b94dbf5a1eec4c0ae7c81aee87c07d7
50,28,1.0,blind2,6000,3294.0911666666666,1044.3908771333392,3273.6387077870922,13.483028246894598,-0.0062088320707500205,0.0062088320707500205,3237.0715621868835,3351.1107711464497,0.023118323639553573,fc6ed5692c5e33a9fffe770a3a11e12d0b94dbf5a1eec4c0ae7c81aee87c07d7
50,28,1.06,blind2,6000,3275.7926666666667,1031.195363316659,3241.905112907468,13.312674896039091,-0.010344840839295764,0.010344840839295764,3219.4934849665233,3332.09184836681,0.027066101285157074,fc6ed5692c5e33a9fffe770a3a11e12d0b94dbf5a1eec4c0ae7c81aee87c07d7
50,28,1.275,blind2,6000,3133.668166666667,952.20475916188,3132.51032285404,12.292910581378019,-0.0003694851372403827,0.0003694851372403827,3081.681559027767,3185.6547743055667,0.016682426445003395,fc6ed5692c5e33a9fffe770a3a11e12d0b94dbf5a1eec4c0ae7c81aee87c07d7
50,28,1.675,blind2,6000,2969.1283333333336,853.6461439927834,2945.8918443463385,11.020524330794096,-0.007826030530956625,0.007826030530956625,2922.522635637311,3015.734031029356,0.02315926602425833,fc6ed5692c5e33a9fffe770a3a11e12d0b94dbf5a1eec4c0ae7c81aee87c07d7
50,28,1.875,blind2,6000,2879.9115,803.0119378708787,2860.2099004527927,10.36683954059886,-0.006841043395676387,0.006841043395676387,2836.070229368051,2923.7527706319493,0.021733325340439813,fc6ed5692c5e33a9fffe770a3a11e12d0b94dbf5a1eec4c0ae7c81aee87c07d7
50,56,0.325,blind2,6000,2071.9735,333.4805196818117,2044.9812557955634,4.305214996707504,-0.0130273115000924,0.0130273115000924,2053.766784726728,2090.180215273272,0.021624431782213294,fc6ed5692c5e33a9fffe770a3a11e12d0b94dbf5a1eec4c0ae7c81aee87c07d7
50,56,0.525,blind2,6000,2945.7116666666666,560.175801588516,2947.3684210526317,7.231838501669043,0.0005624292440813975,0.0005624292440813975,2915.128287067072,2976.295046266261,0.011059593544679558,fc6ed5692c5e33a9fffe770a3a11e12d0b94dbf5a1eec4c0ae7c81aee87c07d7
50,56,0.725,blind2,6000,5115.023666666667,1291.5437316024813,5090.90909090909,16.673757877983306,-0.004714460250638826,0.004714460250638826,5044.510495442447,5185.536837890887,0.018248399334539256,fc6ed5692c5e33a9fffe770a3a11e12d0b94dbf5a1eec4c0ae7c81aee87c07d7
50,56,0.94,blind2,6000,12453.741833333333,3811.7856070485286,12481.12621222372,49.209940584706935,0.002198887632076218,0.002198887632076218,12245.63343978607,12661.850226880597,0.019230754668234207,fc6ed5692c5e33a9fffe770a3a11e12d0b94dbf5a1eec4c0ae7c81aee87c07d7
50,56,1.0,blind2,6000,13168.923833333334,4168.271535656532,13148.793447162254,53.81215413356055,-0.0015286280356581643,0.0015286280356581643,12941.352720322617,13396.494946344052,0.018490022963013608,fc6ed5692c5e33a9fffe770a3a11e12d0b94dbf5a1eec4c0ae7c81aee87c07d7
50,56,1.06,blind2,6000,12975.429166666667,3996.0802047109933,12892.74472081753,51.58917360984934,-0.006372386206812243,0.006372386206812243,12757.25901818018,13193.599315153153,0.02280307194035247,fc6ed5692c5e33a9fffe770a3a11e12d0b94dbf5a1eec4c0ae7c81aee87c07d7
50,56,1.275,blind2,6000,12040.016666666666,3491.765017801954,12052.517623086862,45.07849254272204,0.0010382839796895774,0.0010382839796895774,11849.380129513163,12230.65320382017,0.017143301282718237,fc6ed5692c5e33a9fffe770a3a11e12d0b94dbf5a1eec4c0ae7c81aee87c07d7
50,56,1.675,blind2,6000,10667.585666666666,2817.189649203822,10758.325314987336,36.36976198158106,0.008506109175594183,0.008506109175594183,10513.778272271327,10821.393061062005,0.02325967282009067,fc6ed5692c5e33a9fffe770a3a11e12d0b94dbf5a1eec4c0ae7c81aee87c07d7
50,56,1.875,blind2,6000,10204.828,2521.166993791651,10217.022804795144,32.548125933209604,0.0011950034625909023,0.0011950034625909023,10067.182269880193,10342.473730119806,0.014884059004599104,fc6ed5692c5e33a9fffe770a3a11e12d0b94dbf5a1eec4c0ae7c81aee87c07d7
50,112,0.325,blind2,6000,4147.025833333333,469.8222465179706,4067.2745568363916,6.065379121472852,-0.01923095724552994,0.01923095724552994,4121.37539990003,4172.676266766636,0.02525997781560929,fc6ed5692c5e33a9fffe770a3a11e12d0b94dbf5a1eec4c0ae7c81aee87c07d7
50,112,0.525,blind2,6000,5897.008666666667,809.0238918193195,5847.2754634312805,10.444453532333783,-0.008433632379838133,0.008433632379838133,5852.839167165817,5941.178166167516,0.01580540090027449,fc6ed5692c5e33a9fffe770a3a11e12d0b94dbf5a1eec4c0ae7c81aee87c07d7
50,112,0.725,blind2,6000,10227.074166666667,1828.192539365809,10181.81818181818,23.601864195414752,-0.004425115542428636,0.004425115542428636,10127.262096502232,10326.886236831102,0.014047608512964271,fc6ed5692c5e33a9fffe770a3a11e12d0b94dbf5a1eec4c0ae7c81aee87c07d7
50,112,0.94,fresh_precision_confirmation,20000,40395.3203,12269.59051316204,38893.64568763092,86.7591065423901,-0.03717446974591962,0.03717446974591962,40028.41682331212,40762.223776687875,0.045840926130374826,fc6ed5692c5e33a9fffe770a3a11e12d0b94dbf5a1eec4c0ae7c81aee87c07d7
50,112,1.0,blind2,6000,53096.0615,16458.279971227847,52703.6510206768,212.47548078594846,-0.0073905760283783685,0.0073905760283783685,52197.50461394906,53994.61838605095,0.023909185840410685,fc6ed5692c5e33a9fffe770a3a11e12d0b94dbf5a1eec4c0ae7c81aee87c07d7
50,112,1.06,blind2,6000,51136.652,15391.529287897267,50645.71711950527,198.7037886822994,-0.009600450191669361,0.009600450191669361,50296.33547526761,51976.968524732394,0.025612332596766763,fc6ed5692c5e33a9fffe770a3a11e12d0b94dbf5a1eec4c0ae7c81aee87c07d7
50,112,1.275,blind2,6000,44621.9695,11860.959103534266,44555.42824599375,153.12432359345155,-0.0014912218073710566,0.0014912218073710566,43974.40812078655,45269.530879213446,0.015774465061832332,fc6ed5692c5e33a9fffe770a3a11e12d0b94dbf5a1eec4c0ae7c81aee87c07d7
50,112,1.675,blind2,6000,36530.58966666667,8387.165600473232,36779.652526851256,108.27784230838853,0.006817926084884784,0.006817926084884784,36072.68365109701,36988.495682236324,0.019598455235330103,fc6ed5692c5e33a9fffe770a3a11e12d0b94dbf5a1eec4c0ae7c81aee87c07d7
50,112,1.875,blind2,6000,33562.055,7184.339673280014,33979.00220788564,92.7494263603691,0.012423172773110632,0.012423172773110632,33169.818514994266,33954.291485005735,0.02439517998947105,fc6ed5692c5e33a9fffe770a3a11e12d0b94dbf5a1eec4c0ae7c81aee87c07d7
50,128,0.3,boundary_confirmation,8000,4574.8515,480.98779179385815,4487.9750296940765,5.377606993992911,-0.01899000881360264,0.01899000881360264,4552.109648671771,4597.593351328229,0.02384254396976715,fc6ed5692c5e33a9fffe770a3a11e12d0b94dbf5a1eec4c0ae7c81aee87c07d7
50,128,0.975,boundary_confirmation,8000,65273.814625,19908.192321408776,67014.59746630525,222.58035669904683,0.02666893073901223,0.02666893073901223,64332.52431012791,66215.1049398721,0.04169078059564191,fc6ed5692c5e33a9fffe770a3a11e12d0b94dbf5a1eec4c0ae7c81aee87c07d7
50,128,1.025,boundary_confirmation,8000,68171.90375,21002.684645582245,67536.73960678205,234.81715288756487,-0.009317095581593552,0.009317095581593552,67178.86413474877,69164.94336525122,0.023540881828975624,fc6ed5692c5e33a9fffe770a3a11e12d0b94dbf5a1eec4c0ae7c81aee87c07d7
50,128,1.9,boundary_confirmation,8000,41457.3205,8567.75587783216,42057.08490004454,95.79042278728046,0.014467032427832285,0.014467032427832285,41052.223668615705,41862.4173313843,0.024477632187243747,fc6ed5692c5e33a9fffe770a3a11e12d0b94dbf5a1eec4c0ae7c81aee87c07d7
