k,N,p_bias,repetitions,mc_mean,mc_sd,mc_se,batch_means_json,run_id,formula_sha256,validator_sha256,grid_sha256,formula_mean,signed_relative_error,absolute_relative_error,simultaneous_ci_low,simultaneous_ci_high,uncertainty_aware_error_upper
3,10,0.3,8000,21.452125,6.640630258541265,0.07424450335770136,"[21.72,21.845,21.415,20.24,22.12,21.345,21.585,21.805,21.295,21.72,20.98,21.41,21.265,21.485,22.08,21.135,21.015,21.465,21.8,21.46,21.56,21.87,22.07,21.67,20.79,21.68,20.915,21.255,21.42,21.035,21.43,21.335,21.22,22.19,21.605,21.83,20.44,21.835,21.28,21.47]",boundary-v1-9e4cfdbcfe51,fc6ed5692c5e33a9fffe770a3a11e12d0b94dbf5a1eec4c0ae7c81aee87c07d7,7bd17439943bee509526fbdfe1d93ff9932f73ad9df6491b8f1f8ec4403671a0,9e4cfdbcfe51b861989860b1103b492b54c14c8516d71574938533c2ca8332df,21.420989042189635,-0.0014514160163789547,0.0014514160163789547,21.16806076197674,21.736189238023258,0.014501170945008135
3,10,0.975,8000,99.001125,69.58946551345385,0.7780338770298005,"[99.505,102.835,93.035,101.055,98.04,97.59,97.125,94.675,97.235,98.635,102.845,102.965,97.25,104.245,99.405,100.73,88.815,92.835,106.05,101.09,101.51,107.515,93.025,102.99,98.55,97.415,90.91,96.11,91.2,92.695,98.44,113.27,100.305,101.61,95.79,96.805,99.915,96.0,104.77,105.26]",boundary-v1-9e4cfdbcfe51,fc6ed5692c5e33a9fffe770a3a11e12d0b94dbf5a1eec4c0ae7c81aee87c07d7,7bd17439943bee509526fbdfe1d93ff9932f73ad9df6491b8f1f8ec4403671a0,9e4cfdbcfe51b861989860b1103b492b54c14c8516d71574938533c2ca8332df,99.02822021965838,0.0002736859773904367,0.0002736859773904367,96.0243174191082,101.9779325808918,0.03128273005513105
3,10,1.025,8000,98.14525,68.24761438721644,0.763031525360043,"[92.97,110.115,93.935,88.655,95.295,93.545,99.77,109.175,94.04,100.875,97.75,99.575,97.12,103.425,87.98,98.505,104.84,103.775,97.95,97.585,96.995,90.895,95.64,100.625,92.405,95.835,94.625,95.96,107.67,87.42,99.375,97.875,94.175,97.085,105.615,101.6,107.225,99.885,95.56,102.465]",boundary-v1-9e4cfdbcfe51,fc6ed5692c5e33a9fffe770a3a11e12d0b94dbf5a1eec4c0ae7c81aee87c07d7,7bd17439943bee509526fbdfe1d93ff9932f73ad9df6491b8f1f8ec4403671a0,9e4cfdbcfe51b861989860b1103b492b54c14c8516d71574938533c2ca8332df,99.04047020074165,0.009121380818140942,0.009121380818140942,95.22584238008706,101.06465761991295,0.04005874587518776
3,10,1.9,8000,23.173875,5.923134974434204,0.06622266221370679,"[23.58,22.71,23.59,22.945,23.305,22.915,23.68,22.835,23.595,22.43,23.62,23.24,23.31,23.085,23.66,23.36,22.61,23.625,23.05,23.765,22.66,23.03,22.865,23.44,22.785,23.66,23.115,22.955,22.83,23.135,22.755,23.395,23.075,22.69,22.85,22.9,23.37,23.345,23.435,23.755]",boundary-v1-9e4cfdbcfe51,fc6ed5692c5e33a9fffe770a3a11e12d0b94dbf5a1eec4c0ae7c81aee87c07d7,7bd17439943bee509526fbdfe1d93ff9932f73ad9df6491b8f1f8ec4403671a0,9e4cfdbcfe51b861989860b1103b492b54c14c8516d71574938533c2ca8332df,23.200727519398285,0.0011587410132438375,0.0011587410132438375,22.920502841377335,23.427247158622663,0.012225939367921379
3,128,0.3,8000,274.289375,23.627117200216663,0.26415920086019484,"[274.445,275.425,273.965,273.585,274.295,273.93,273.215,274.465,275.25,273.435,270.3,275.835,273.51,269.385,275.975,273.055,274.29,275.015,274.3,277.99,273.555,275.195,271.955,273.8,273.495,274.985,276.525,274.85,277.405,274.105,273.055,273.95,274.845,275.585,275.205,274.915,273.765,272.335,274.855,275.53]",boundary-v1-9e4cfdbcfe51,fc6ed5692c5e33a9fffe770a3a11e12d0b94dbf5a1eec4c0ae7c81aee87c07d7,7bd17439943bee509526fbdfe1d93ff9932f73ad9df6491b8f1f8ec4403671a0,9e4cfdbcfe51b861989860b1103b492b54c14c8516d71574938533c2ca8332df,274.285714285712,-1.3346176052218443e-05,1.3346176052218443e-05,273.2786849325123,275.3000650674877,0.0036849904830609237
3,128,0.975,8000,7406.104875,3853.2794247454826,43.08097365016092,"[7415.805,7424.42,7649.335,7129.035,7732.305,7629.13,7645.365,7684.095,7045.67,7259.71,7388.16,7335.625,7445.06,7169.795,7359.255,7915.205,7285.83,7539.415,7471.18,7057.78,7253.39,7353.135,7270.88,7486.485,7297.375,7337.84,7663.74,7070.955,7007.73,7507.285,7626.44,7588.365,7631.81,6918.24,7246.265,7390.24,7078.15,7634.365,7566.225,7733.105]",boundary-v1-9e4cfdbcfe51,fc6ed5692c5e33a9fffe770a3a11e12d0b94dbf5a1eec4c0ae7c81aee87c07d7,7bd17439943bee509526fbdfe1d93ff9932f73ad9df6491b8f1f8ec4403671a0,9e4cfdbcfe51b861989860b1103b492b54c14c8516d71574938533c2ca8332df,7392.616995051632,-0.0018211840334447955,0.0018211840334447955,7241.274303041387,7570.935446958613,0.023553027648467784
3,128,1.025,8000,8256.709375,4044.92924826752,45.22368381651649,"[8423.64,8041.65,8161.77,8212.235,8156.1,8091.03,8017.18,8592.48,8489.27,8514.91,8296.92,8493.7,8085.35,7886.8,8259.315,8150.76,8294.845,8791.83,8166.59,8477.495,8817.16,8432.155,7595.37,7987.095,8125.72,8483.59,8191.655,7765.01,8119.265,8788.87,8147.69,7960.54,8468.785,8426.455,7552.64,8716.09,8124.82,8198.48,8352.5,8410.615]",boundary-v1-9e4cfdbcfe51,fc6ed5692c5e33a9fffe770a3a11e12d0b94dbf5a1eec4c0ae7c81aee87c07d7,7bd17439943bee509526fbdfe1d93ff9932f73ad9df6491b8f1f8ec4403671a0,9e4cfdbcfe51b861989860b1103b492b54c14c8516d71574938533c2ca8332df,8270.625688834052,0.001685455210060828,0.001685455210060828,8083.680656334445,8429.738093665555,0.0231262268324659
3,128,1.9,8000,387.783,30.590670712520023,0.34201409595253346,"[388.89,385.68,389.45,388.475,389.295,388.545,388.995,388.875,386.195,385.325,387.31,389.87,389.345,386.575,383.935,388.68,387.6,390.56,385.68,387.555,389.205,385.905,388.6,387.0,385.255,387.66,390.295,389.23,389.23,387.35,389.85,389.98,387.665,385.43,381.685,382.95,391.525,386.955,389.265,389.45]",boundary-v1-9e4cfdbcfe51,fc6ed5692c5e33a9fffe770a3a11e12d0b94dbf5a1eec4c0ae7c81aee87c07d7,7bd17439943bee509526fbdfe1d93ff9932f73ad9df6491b8f1f8ec4403671a0,9e4cfdbcfe51b861989860b1103b492b54c14c8516d71574938533c2ca8332df,388.0531417329754,0.0006966311905766613,0.0006966311905766613,386.4744321038435,389.0915678961565,0.004084900572950856
4,10,0.3,8000,28.395875,9.201928733745312,0.1028806908638154,"[28.61,29.625,29.8,27.915,28.87,27.245,30.22,28.695,28.43,28.825,28.385,28.16,27.71,28.44,28.205,28.71,27.58,28.005,28.55,28.01,29.25,30.49,27.89,27.495,27.81,27.715,28.565,28.87,29.165,27.64,28.79,27.655,28.775,27.685,28.61,27.99,28.185,27.24,28.11,27.915]",boundary-v1-9e4cfdbcfe51,fc6ed5692c5e33a9fffe770a3a11e12d0b94dbf5a1eec4c0ae7c81aee87c07d7,7bd17439943bee509526fbdfe1d93ff9932f73ad9df6491b8f1f8ec4403671a0,9e4cfdbcfe51b861989860b1103b492b54c14c8516d71574938533c2ca8332df,28.34856627312355,-0.0016660422288959787,0.0016660422288959787,28.002246869487294,28.789503130512706,0.015315889801579385
4,10,0.975,8000,105.052875,66.20010676729589,0.7401396942470873,"[110.12,104.375,102.36,96.895,110.325,111.35,107.695,106.345,104.235,106.65,106.92,109.13,105.895,99.285,103.735,106.555,106.28,103.025,100.24,102.745,98.395,105.39,107.675,110.035,102.38,109.845,97.605,110.145,109.8,107.68,105.855,106.525,102.41,95.635,105.55,106.09,110.055,101.07,105.39,100.425]",boundary-v1-9e4cfdbcfe51,fc6ed5692c5e33a9fffe770a3a11e12d0b94dbf5a1eec4c0ae7c81aee87c07d7,7bd17439943bee509526fbdfe1d93ff9932f73ad9df6491b8f1f8ec4403671a0,9e4cfdbcfe51b861989860b1103b492b54c14c8516d71574938533c2ca8332df,105.58725888517138,0.005086808763409662,0.005086808763409662,102.22105299609863,107.88469700390137,0.032930651665280974
4,10,1.025,8000,105.079625,65.76276779122684,0.7352500958485845,"[100.625,104.615,106.04,110.555,102.075,106.185,107.38,104.155,111.105,103.04,108.085,101.26,101.73,105.065,107.925,109.135,109.04,108.705,102.65,113.59,101.45,104.37,104.09,107.52,107.5,100.035,98.045,106.18,105.335,96.965,104.395,104.385,106.27,108.82,103.255,104.735,111.365,95.92,107.13,102.46]",boundary-v1-9e4cfdbcfe51,fc6ed5692c5e33a9fffe770a3a11e12d0b94dbf5a1eec4c0ae7c81aee87c07d7,7bd17439943bee509526fbdfe1d93ff9932f73ad9df6491b8f1f8ec4403671a0,9e4cfdbcfe51b861989860b1103b492b54c14c8516d71574938533c2ca8332df,104.65509843777068,-0.004040046414605282,0.004040046414605282,102.26651091359413,107.89273908640585,0.030007956754553367
4,10,1.9,8000,35.756625,10.363183297393803,0.11586391158131482,"[36.115,35.76,35.085,34.315,35.965,35.9,35.96,36.705,35.81,35.765,35.05,36.18,34.985,35.94,36.18,36.255,36.345,36.08,35.215,36.14,35.115,36.13,36.22,36.58,36.385,34.045,36.43,34.16,35.01,35.26,35.205,35.46,36.52,36.855,34.115,36.37,37.48,35.315,35.585,36.275]",boundary-v1-9e4cfdbcfe51,fc6ed5692c5e33a9fffe770a3a11e12d0b94dbf5a1eec4c0ae7c81aee87c07d7,7bd17439943bee509526fbdfe1d93ff9932f73ad9df6491b8f1f8ec4403671a0,9e4cfdbcfe51b861989860b1103b492b54c14c8516d71574938533c2ca8332df,35.353487423173966,-0.011274486247682304,0.011274486247682304,35.31332223320566,36.19992776679434,0.023382376591281506
4,128,0.3,8000,365.565,33.75509888650313,0.37739347848724225,"[363.495,362.16,365.055,367.16,364.985,362.96,366.48,369.18,367.135,363.545,364.145,364.835,369.075,368.975,365.35,367.09,368.995,360.74,366.135,367.15,363.91,365.765,367.625,369.22,362.485,366.175,366.5,362.705,362.155,363.59,363.195,365.44,364.095,363.7,366.98,365.475,370.1,364.67,366.005,368.165]",boundary-v1-9e4cfdbcfe51,fc6ed5692c5e33a9fffe770a3a11e12d0b94dbf5a1eec4c0ae7c81aee87c07d7,7bd17439943bee509526fbdfe1d93ff9932f73ad9df6491b8f1f8ec4403671a0,9e4cfdbcfe51b861989860b1103b492b54c14c8516d71574938533c2ca8332df,365.7142857142857,0.00040836982283786653,0.00040836982283786653,364.121068314109,367.008931685891,0.004375515560122389
4,128,0.975,8000,9450.281375,4703.788851542775,52.58995811927655,"[9769.84,9861.735,9191.075,9523.195,9274.215,9460.405,9432.665,9207.31,9472.385,9189.305,9746.61,8984.475,8946.16,9213.095,9774.31,9038.975,9582.87,9254.67,9457.575,9503.17,9539.81,9066.15,9818.155,9872.79,9834.235,9489.6,9211.19,9349.31,9445.82,9485.53,8647.25,9755.465,9363.36,10252.61,9745.52,9444.825,9556.085,9548.85,9292.07,9408.59]",boundary-v1-9e4cfdbcfe51,fc6ed5692c5e33a9fffe770a3a11e12d0b94dbf5a1eec4c0ae7c81aee87c07d7,7bd17439943bee509526fbdfe1d93ff9932f73ad9df6491b8f1f8ec4403671a0,9e4cfdbcfe51b861989860b1103b492b54c14c8516d71574938533c2ca8332df,9445.443959019638,-0.0005118806296243738,0.0005118806296243738,9249.068817770634,9651.493932229367,0.021349023752857854
4,128,1.025,8000,10916.912875,5336.183739986621,59.66034791519573,"[11326.02,11341.61,10489.32,10588.225,11023.625,10750.98,11290.61,10621.845,10421.685,10287.62,10960.89,10758.765,11242.395,10560.175,11217.485,11168.585,11073.22,10349.59,10690.19,10679.84,11004.96,11147.125,10825.355,11377.355,10668.635,11851.865,10903.63,10929.575,10878.77,10795.945,10639.49,10814.26,11236.89,10822.54,10923.11,11044.625,11283.24,11064.48,10583.515,11038.475]",boundary-v1-9e4cfdbcfe51,fc6ed5692c5e33a9fffe770a3a11e12d0b94dbf5a1eec4c0ae7c81aee87c07d7,7bd17439943bee509526fbdfe1d93ff9932f73ad9df6491b8f1f8ec4403671a0,9e4cfdbcfe51b861989860b1103b492b54c14c8516d71574938533c2ca8332df,10763.983466685615,-0.014008484822169565,0.014008484822169565,10688.648552332474,11145.177197667526,0.034202572486841
4,128,1.9,8000,723.71075,67.95921491084864,0.7598071211908743,"[729.43,726.405,732.265,720.93,720.95,723.345,719.895,726.145,721.315,725.91,719.61,722.545,727.51,731.87,730.235,720.57,724.195,717.855,727.205,719.55,720.6,727.365,722.25,719.975,722.38,718.29,718.03,729.365,726.515,725.54,719.165,723.155,724.3,720.955,723.41,727.01,723.31,717.655,718.255,733.17]",boundary-v1-9e4cfdbcfe51,fc6ed5692c5e33a9fffe770a3a11e12d0b94dbf5a1eec4c0ae7c81aee87c07d7,7bd17439943bee509526fbdfe1d93ff9932f73ad9df6491b8f1f8ec4403671a0,9e4cfdbcfe51b861989860b1103b492b54c14c8516d71574938533c2ca8332df,714.6205798830458,-0.012560501715573717,0.012560501715573717,720.803679157518,726.6178208424819,0.016511074481390775
5,10,0.3,8000,35.384625,11.795903167024377,0.1318822066873578,"[36.855,36.675,35.375,36.62,35.98,33.97,36.085,35.3,34.885,35.675,36.025,35.735,34.205,34.185,34.56,34.62,34.905,33.77,35.59,35.485,34.88,33.5,35.125,35.65,36.13,34.385,36.715,34.835,35.195,35.505,35.295,35.895,35.65,35.635,35.415,36.13,36.015,36.505,34.895,35.53]",boundary-v1-9e4cfdbcfe51,fc6ed5692c5e33a9fffe770a3a11e12d0b94dbf5a1eec4c0ae7c81aee87c07d7,7bd17439943bee509526fbdfe1d93ff9932f73ad9df6491b8f1f8ec4403671a0,9e4cfdbcfe51b861989860b1103b492b54c14c8516d71574938533c2ca8332df,35.55311154114847,0.004761574868985271,0.004761574868985271,34.88003520739303,35.88921479260697,0.019296893760381684
5,10,0.975,8000,114.479625,68.56780605986206,0.7666113770893679,"[113.195,110.055,112.01,109.98,111.43,116.72,118.985,113.035,128.055,117.02,116.075,120.37,118.365,119.14,120.12,103.64,115.76,110.325,111.74,110.675,118.86,118.675,125.67,116.0,116.975,111.645,107.38,114.685,114.935,115.395,112.03,110.705,107.735,117.15,108.635,119.155,114.695,105.685,116.155,110.325]",boundary-v1-9e4cfdbcfe51,fc6ed5692c5e33a9fffe770a3a11e12d0b94dbf5a1eec4c0ae7c81aee87c07d7,7bd17439943bee509526fbdfe1d93ff9932f73ad9df6491b8f1f8ec4403671a0,9e4cfdbcfe51b861989860b1103b492b54c14c8516d71574938533c2ca8332df,113.88678389521101,-0.0051785730848523314,0.0051785730848523314,111.54652063746319,117.41272936253681,0.030030350937833017
5,10,1.025,8000,114.2875,68.54515043718305,0.7663580795274536,"[115.565,110.445,115.62,114.3,109.205,117.045,115.665,116.31,109.825,107.52,112.765,115.94,112.035,110.92,117.975,114.75,109.765,116.38,123.84,118.1,109.19,112.61,121.83,130.46,114.26,117.19,106.96,112.845,108.78,115.4,112.12,106.075,111.545,109.185,122.315,115.24,116.9,111.3,118.44,114.885]",boundary-v1-9e4cfdbcfe51,fc6ed5692c5e33a9fffe770a3a11e12d0b94dbf5a1eec4c0ae7c81aee87c07d7,7bd17439943bee509526fbdfe1d93ff9932f73ad9df6491b8f1f8ec4403671a0,9e4cfdbcfe51b861989860b1103b492b54c14c8516d71574938533c2ca8332df,113.02455312248112,-0.011050612512469617,0.011050612512469617,111.3553647702025,117.21963522979749,0.03578822011425242
5,10,1.9,8000,48.498125,15.256288564948296,0.1705704915778855,"[46.945,46.01,48.06,48.015,48.64,49.28,48.96,47.81,48.49,48.7,48.225,50.58,50.265,50.355,48.7,49.57,49.505,49.14,47.38,46.59,47.89,47.355,49.505,48.97,48.74,48.365,47.71,51.265,47.025,49.14,51.075,49.3,48.02,48.015,49.035,46.755,47.315,48.79,47.8,46.635]",boundary-v1-9e4cfdbcfe51,fc6ed5692c5e33a9fffe770a3a11e12d0b94dbf5a1eec4c0ae7c81aee87c07d7,7bd17439943bee509526fbdfe1d93ff9932f73ad9df6491b8f1f8ec4403671a0,9e4cfdbcfe51b861989860b1103b492b54c14c8516d71574938533c2ca8332df,48.081442046751526,-0.008591733252542763,0.008591733252542763,47.84551134473876,49.15073865526124,0.02175545348381569
5,128,0.3,8000,458.062875,43.40890419435619,0.48532630303678087,"[460.36,457.22,459.58,455.65,456.185,458.4,461.89,456.485,456.91,461.825,454.5,458.955,458.29,458.27,451.045,458.55,455.745,455.72,457.33,462.235,454.675,457.02,456.05,462.685,462.575,456.615,454.135,462.76,456.19,460.945,458.605,458.11,453.6,461.34,458.175,458.07,456.445,458.63,458.345,462.4]",boundary-v1-9e4cfdbcfe51,fc6ed5692c5e33a9fffe770a3a11e12d0b94dbf5a1eec4c0ae7c81aee87c07d7,7bd17439943bee509526fbdfe1d93ff9932f73ad9df6491b8f1f8ec4403671a0,9e4cfdbcfe51b861989860b1103b492b54c14c8516d71574938533c2ca8332df,457.14285714285717,-0.0020084968840639013,0.0020084968840639013,456.20598539565344,459.9197646043466,0.0060378084944410215
5,128,0.975,8000,11447.360625,5604.958281980558,62.66533864779481,"[11543.79,10939.2,10917.125,11250.32,11203.35,11492.485,11727.84,11400.21,11511.84,11853.025,10544.11,11825.45,11946.21,11151.45,11059.97,11546.115,11559.615,12210.74,11808.78,11360.595,11030.395,11184.67,12322.645,11142.81,11710.45,11400.02,11325.58,12262.725,10764.99,11088.28,11064.8,11650.76,11321.31,11559.315,11584.48,11960.495,11182.275,11898.83,11226.855,11360.52]",boundary-v1-9e4cfdbcfe51,fc6ed5692c5e33a9fffe770a3a11e12d0b94dbf5a1eec4c0ae7c81aee87c07d7,7bd17439943bee509526fbdfe1d93ff9932f73ad9df6491b8f1f8ec4403671a0,9e4cfdbcfe51b861989860b1103b492b54c14c8516d71574938533c2ca8332df,11349.60659351301,-0.008539438451297095,0.008539438451297095,11207.599014801164,11687.122235198834,0.028879277113172286
5,128,1.025,8000,13299.208,6309.985952526055,70.5477876345851,"[12936.395,12739.795,13056.96,13608.065,13475.565,13592.585,13917.95,13924.165,12660.91,12598.845,13207.595,13482.7,12972.33,13019.155,14453.225,13740.525,13285.435,13940.025,13813.405,13871.655,13496.69,12581.41,13098.345,13444.665,13016.66,12917.8,13222.63,12967.84,13113.125,12547.055,13262.495,13024.01,13200.255,13622.23,13986.735,13019.225,12715.75,13259.42,13774.385,13400.31]",boundary-v1-9e4cfdbcfe51,fc6ed5692c5e33a9fffe770a3a11e12d0b94dbf5a1eec4c0ae7c81aee87c07d7,7bd17439943bee509526fbdfe1d93ff9932f73ad9df6491b8f1f8ec4403671a0,9e4cfdbcfe51b861989860b1103b492b54c14c8516d71574938533c2ca8332df,13253.908722842565,-0.0034061635217251603,0.0034061635217251603,13029.287633746162,13569.128366253839,0.023230647901837154
5,128,1.9,8000,1138.051375,119.06669494590014,1.3312061187763167,"[1153.145,1129.545,1135.65,1136.255,1139.385,1132.97,1135.545,1141.445,1142.0,1131.515,1132.91,1143.19,1130.31,1135.415,1130.265,1147.89,1126.975,1131.54,1142.57,1148.975,1128.355,1132.665,1135.25,1137.56,1143.325,1140.115,1144.32,1143.995,1142.595,1140.05,1128.225,1131.735,1137.765,1121.605,1131.94,1138.775,1158.715,1147.895,1133.905,1155.77]",boundary-v1-9e4cfdbcfe51,fc6ed5692c5e33a9fffe770a3a11e12d0b94dbf5a1eec4c0ae7c81aee87c07d7,7bd17439943bee509526fbdfe1d93ff9932f73ad9df6491b8f1f8ec4403671a0,9e4cfdbcfe51b861989860b1103b492b54c14c8516d71574938533c2ca8332df,1125.8379665112197,-0.010731860403736396,0.010731860403736396,1132.958094896014,1143.144655103986,0.015139543814944312
6,10,0.3,8000,42.569375,14.597322437254277,0.16320302629591735,"[42.285,40.55,42.505,42.08,44.21,42.775,42.82,42.965,42.48,43.47,41.79,42.425,42.085,42.78,43.785,44.085,42.43,42.37,42.925,41.9,43.305,41.49,42.17,41.59,41.745,42.815,43.51,42.35,42.885,42.895,43.235,43.585,42.475,41.25,42.02,43.99,42.375,42.4,42.095,41.88]",boundary-v1-9e4cfdbcfe51,fc6ed5692c5e33a9fffe770a3a11e12d0b94dbf5a1eec4c0ae7c81aee87c07d7,7bd17439943bee509526fbdfe1d93ff9932f73ad9df6491b8f1f8ec4403671a0,9e4cfdbcfe51b861989860b1103b492b54c14c8516d71574938533c2ca8332df,42.69509571158427,0.0029533135401746393,0.0029533135401746393,41.94494974006551,43.19380025993449,0.0178840593722831
6,10,0.975,8000,121.796125,66.96790199395198,0.7487239058451017,"[122.635,128.58,122.495,116.785,129.91,111.8,120.495,121.99,119.61,123.255,121.795,126.36,119.58,123.98,132.205,125.195,112.635,123.665,119.885,113.145,126.85,115.265,129.83,122.075,121.7,124.755,122.225,123.025,119.58,122.53,118.635,130.925,117.905,123.89,115.965,119.915,117.765,125.01,128.775,109.225]",boundary-v1-9e4cfdbcfe51,fc6ed5692c5e33a9fffe770a3a11e12d0b94dbf5a1eec4c0ae7c81aee87c07d7,7bd17439943bee509526fbdfe1d93ff9932f73ad9df6491b8f1f8ec4403671a0,9e4cfdbcfe51b861989860b1103b492b54c14c8516d71574938533c2ca8332df,121.95691783687009,0.00132018023455251,0.00132018023455251,118.93145925122407,124.66079074877594,0.025438673709158977
6,10,1.025,8000,121.999375,67.62539481483535,0.7560748990561681,"[124.405,116.07,122.14,123.795,121.255,131.85,130.17,126.035,117.215,118.83,126.1,125.205,113.35,119.235,119.665,115.73,124.465,116.19,121.425,123.475,120.535,120.89,120.595,120.485,127.475,120.89,113.555,121.14,126.605,117.865,126.245,123.495,120.83,127.49,117.795,126.55,128.84,119.72,127.2,115.17]",boundary-v1-9e4cfdbcfe51,fc6ed5692c5e33a9fffe770a3a11e12d0b94dbf5a1eec4c0ae7c81aee87c07d7,7bd17439943bee509526fbdfe1d93ff9932f73ad9df6491b8f1f8ec4403671a0,9e4cfdbcfe51b861989860b1103b492b54c14c8516d71574938533c2ca8332df,121.23542588863174,-0.006261910041492117,0.006261910041492117,119.10658387909847,124.89216612090154,0.02927918015874509
6,10,1.9,8000,60.407125,19.848712065413892,0.22191534722042858,"[61.275,59.225,60.515,60.295,58.87,59.2,60.235,61.22,61.21,62.32,60.87,61.775,57.995,59.375,61.915,60.51,59.3,61.75,59.76,61.245,61.5,60.58,60.73,59.045,58.795,59.855,59.235,60.095,60.495,62.65,59.455,62.59,59.545,61.615,60.44,62.115,59.215,60.735,59.615,59.12]",boundary-v1-9e4cfdbcfe51,fc6ed5692c5e33a9fffe770a3a11e12d0b94dbf5a1eec4c0ae7c81aee87c07d7,7bd17439943bee509526fbdfe1d93ff9932f73ad9df6491b8f1f8ec4403671a0,9e4cfdbcfe51b861989860b1103b492b54c14c8516d71574938533c2ca8332df,60.66022733949137,0.00418994182377278,0.00418994182377278,59.55806262954912,61.25618737045088,0.018505717971346813
6,128,0.3,8000,549.57975,52.6905084066098,0.5890977928310182,"[556.26,549.94,550.005,549.515,554.385,546.045,557.415,551.595,551.745,547.195,547.75,548.34,547.705,546.35,545.23,551.075,547.605,547.77,553.115,549.365,544.505,554.095,543.06,552.945,550.375,545.395,551.585,548.49,547.615,553.085,546.5,546.67,552.11,548.02,548.61,552.07,547.725,551.055,550.705,550.17]",boundary-v1-9e4cfdbcfe51,fc6ed5692c5e33a9fffe770a3a11e12d0b94dbf5a1eec4c0ae7c81aee87c07d7,7bd17439943bee509526fbdfe1d93ff9932f73ad9df6491b8f1f8ec4403671a0,9e4cfdbcfe51b861989860b1103b492b54c14c8516d71574938533c2ca8332df,548.5714285714286,-0.001834713576276118,0.001834713576276118,547.3258240112235,551.8336759887765,0.005911649758421511
6,128,0.975,8000,13236.757375,6262.0082770398685,70.0113809156374,"[13069.86,12726.845,14067.495,13251.14,12976.705,13587.17,13372.9,12573.005,12992.065,13405.91,12386.525,13143.635,13320.905,13144.89,13565.165,12410.39,13036.38,13512.94,13222.805,12283.405,13177.815,12315.845,13201.185,13173.53,13541.57,12907.45,13774.16,14030.065,12307.2,13632.125,13806.715,13704.24,13387.32,13818.325,13606.235,13377.17,13618.885,13612.795,13063.525,13364.005]",boundary-v1-9e4cfdbcfe51,fc6ed5692c5e33a9fffe770a3a11e12d0b94dbf5a1eec4c0ae7c81aee87c07d7,7bd17439943bee509526fbdfe1d93ff9932f73ad9df6491b8f1f8ec4403671a0,9e4cfdbcfe51b861989860b1103b492b54c14c8516d71574938533c2ca8332df,13139.765064671123,-0.007327497783714311,0.007327497783714311,12968.8893353023,13504.625414697699,0.02701743579125726
6,128,1.025,8000,15386.49325,7090.49117555288,79.27410131199318,"[14085.405,15363.925,14639.14,15967.745,15881.615,15060.865,15087.345,16246.49,14878.505,14858.195,15080.715,15033.975,15263.78,15416.33,15217.215,15828.85,16135.49,16217.85,15031.615,15243.465,15580.305,15584.145,15073.105,15822.2,15344.645,16496.515,15812.205,15352.535,15137.525,15999.19,16078.055,15634.655,15118.14,14641.06,15710.975,14940.665,14869.115,15058.545,15860.84,14806.795]",boundary-v1-9e4cfdbcfe51,fc6ed5692c5e33a9fffe770a3a11e12d0b94dbf5a1eec4c0ae7c81aee87c07d7,7bd17439943bee509526fbdfe1d93ff9932f73ad9df6491b8f1f8ec4403671a0,9e4cfdbcfe51b861989860b1103b492b54c14c8516d71574938533c2ca8332df,15344.226697988513,-0.0027469905796427044,0.0027469905796427044,15083.18544718965,15689.80105281035,0.022025413429951457
6,128,1.9,8000,1619.215625,183.4466583653612,2.05099599175064,"[1624.04,1645.995,1585.625,1630.845,1628.845,1626.01,1626.18,1618.27,1614.31,1632.285,1628.08,1618.08,1623.24,1627.535,1607.05,1605.51,1624.82,1604.34,1640.145,1610.64,1631.035,1608.92,1620.05,1613.025,1613.64,1597.8,1620.42,1611.625,1602.585,1624.625,1597.69,1619.26,1629.88,1634.875,1634.07,1637.065,1606.995,1599.71,1617.915,1625.595]",boundary-v1-9e4cfdbcfe51,fc6ed5692c5e33a9fffe770a3a11e12d0b94dbf5a1eec4c0ae7c81aee87c07d7,7bd17439943bee509526fbdfe1d93ff9932f73ad9df6491b8f1f8ec4403671a0,9e4cfdbcfe51b861989860b1103b492b54c14c8516d71574938533c2ca8332df,1606.352983107708,-0.00794374862352999,0.00794374862352999,1611.3683826152212,1627.0628673847789,0.012728386033637684
7,10,0.3,8000,49.4945,17.052201234616845,0.19064940563304553,"[49.61,49.705,51.17,47.155,48.26,51.49,50.63,49.175,48.415,49.37,49.54,48.86,48.5,50.365,49.155,48.855,47.985,49.53,49.9,45.78,48.7,51.61,47.89,48.565,49.475,49.14,51.645,51.195,51.105,49.095,50.735,49.7,49.86,51.08,50.345,49.27,50.92,48.425,50.235,47.34]",boundary-v1-9e4cfdbcfe51,fc6ed5692c5e33a9fffe770a3a11e12d0b94dbf5a1eec4c0ae7c81aee87c07d7,7bd17439943bee509526fbdfe1d93ff9932f73ad9df6491b8f1f8ec4403671a0,9e4cfdbcfe51b861989860b1103b492b54c14c8516d71574938533c2ca8332df,49.75918395774547,0.0053477448553974375,0.0053477448553974375,48.76506313004321,50.223936869956795,0.020385923115719295
7,10,0.975,8000,130.736,70.16340511211749,0.7844507168177547,"[131.55,139.56,135.26,116.915,137.635,131.29,128.325,134.1,131.78,136.28,124.66,133.09,128.74,128.7,125.74,140.755,128.655,119.295,132.805,128.9,136.31,139.425,128.325,126.035,134.65,127.425,133.44,128.27,125.735,125.4,133.105,124.68,132.735,130.53,132.13,131.93,134.345,130.44,133.71,126.785]",boundary-v1-9e4cfdbcfe51,fc6ed5692c5e33a9fffe770a3a11e12d0b94dbf5a1eec4c0ae7c81aee87c07d7,7bd17439943bee509526fbdfe1d93ff9932f73ad9df6491b8f1f8ec4403671a0,9e4cfdbcfe51b861989860b1103b492b54c14c8516d71574938533c2ca8332df,129.86458022176407,-0.00666549212333189,0.00666549212333189,127.73464117797319,133.73735882202678,0.028958090950610638
7,10,1.025,8000,129.49125,69.16644181264226,0.7733043282742593,"[123.655,124.985,130.97,131.465,123.915,131.14,136.355,131.37,130.85,120.97,128.555,131.25,130.695,129.715,126.86,128.03,125.315,130.545,132.475,140.285,129.15,132.405,123.01,129.51,128.96,133.125,133.465,128.17,137.28,125.01,132.075,118.245,128.13,133.375,133.53,128.465,132.48,130.08,127.78,126.005]",boundary-v1-9e4cfdbcfe51,fc6ed5692c5e33a9fffe770a3a11e12d0b94dbf5a1eec4c0ae7c81aee87c07d7,7bd17439943bee509526fbdfe1d93ff9932f73ad9df6491b8f1f8ec4403671a0,9e4cfdbcfe51b861989860b1103b492b54c14c8516d71574938533c2ca8332df,129.29940002367601,-0.001481567104526318,0.001481567104526318,126.53253797639093,132.4499620236091,0.023786809386713847
7,10,1.9,8000,72.410625,24.432010304113586,0.2731581793348664,"[69.81,70.54,72.715,74.315,71.49,72.15,73.285,70.285,71.44,73.08,70.415,72.29,74.09,73.83,75.68,73.43,72.395,73.955,71.115,70.155,72.865,71.15,71.845,71.175,71.4,70.8,76.18,73.695,75.97,71.605,71.99,72.16,71.41,74.1,72.855,75.435,71.605,72.35,69.56,71.81]",boundary-v1-9e4cfdbcfe51,fc6ed5692c5e33a9fffe770a3a11e12d0b94dbf5a1eec4c0ae7c81aee87c07d7,7bd17439943bee509526fbdfe1d93ff9932f73ad9df6491b8f1f8ec4403671a0,9e4cfdbcfe51b861989860b1103b492b54c14c8516d71574938533c2ca8332df,72.79244071450461,0.005272923890721997,0.005272923890721997,71.36550426293023,73.45574573706976,0.01999476450579185
7,128,0.3,8000,640.602,62.72711082382193,0.7013104191711433,"[643.055,639.12,641.245,639.83,634.91,641.49,644.15,645.83,636.43,639.885,647.715,638.795,646.535,643.825,638.38,637.895,641.39,636.36,639.945,635.975,643.64,636.27,641.13,645.32,636.98,642.22,635.67,640.9,649.055,635.125,641.68,642.615,653.105,645.005,636.515,637.955,635.34,638.82,636.775,637.2]",boundary-v1-9e4cfdbcfe51,fc6ed5692c5e33a9fffe770a3a11e12d0b94dbf5a1eec4c0ae7c81aee87c07d7,7bd17439943bee509526fbdfe1d93ff9932f73ad9df6491b8f1f8ec4403671a0,9e4cfdbcfe51b861989860b1103b492b54c14c8516d71574938533c2ca8332df,640.0,-0.0009397410560690966,0.0009397410560690966,637.918741296257,643.2852587037429,0.005107001379703435
7,128,0.975,8000,15234.844,7187.798351463866,80.36202861217065,"[15148.875,15585.74,14943.3,15292.205,15023.755,15019.615,14800.855,15091.62,15160.785,15522.155,15741.25,15294.77,15327.365,15966.555,15374.215,15514.085,15282.225,15166.65,15681.27,14504.67,15521.065,15858.51,15368.46,15100.93,14686.655,15627.39,14201.505,15145.8,15286.305,15188.445,15730.765,16176.23,15071.115,14645.795,14586.78,15570.07,15067.99,15525.15,14792.295,14800.545]",boundary-v1-9e4cfdbcfe51,fc6ed5692c5e33a9fffe770a3a11e12d0b94dbf5a1eec4c0ae7c81aee87c07d7,7bd17439943bee509526fbdfe1d93ff9932f73ad9df6491b8f1f8ec4403671a0,9e4cfdbcfe51b861989860b1103b492b54c14c8516d71574938533c2ca8332df,14840.04777083695,-0.02591403162139687,0.02591403162139687,14927.373717469627,15542.314282530371,0.045184166201218234
7,128,1.025,8000,17280.9105,7657.551573757296,85.61402930065904,"[18147.12,16605.865,17999.645,17597.44,16065.39,17619.0,17167.7,16990.085,18216.315,16574.74,17356.95,17753.405,18341.29,17150.525,17199.56,16925.545,16274.645,17408.94,18002.595,17802.52,17048.245,17988.925,16915.9,17461.955,16439.945,17422.62,16800.98,18045.95,17394.11,17437.305,16609.74,16720.355,17152.72,16985.845,17690.645,17354.695,16817.485,16995.105,16936.0,17818.62]",boundary-v1-9e4cfdbcfe51,fc6ed5692c5e33a9fffe770a3a11e12d0b94dbf5a1eec4c0ae7c81aee87c07d7,7bd17439943bee509526fbdfe1d93ff9932f73ad9df6491b8f1f8ec4403671a0,9e4cfdbcfe51b861989860b1103b492b54c14c8516d71574938533c2ca8332df,17192.717964348813,-0.005103465795461949,0.005103465795461949,16953.345725538216,17608.475274461787,0.023611204470154412
7,128,1.9,8000,2156.222,260.7059620834039,2.914781266789869,"[2153.795,2120.595,2159.62,2162.975,2173.425,2133.285,2156.465,2162.295,2156.62,2157.685,2188.825,2148.795,2139.24,2191.57,2167.83,2144.38,2158.585,2149.205,2174.255,2148.685,2141.405,2162.53,2177.49,2177.315,2147.17,2140.17,2166.48,2151.41,2135.365,2163.855,2150.3,2147.355,2160.635,2151.835,2147.5,2166.795,2124.03,2157.955,2170.155,2161.0]",boundary-v1-9e4cfdbcfe51,fc6ed5692c5e33a9fffe770a3a11e12d0b94dbf5a1eec4c0ae7c81aee87c07d7,7bd17439943bee509526fbdfe1d93ff9932f73ad9df6491b8f1f8ec4403671a0,9e4cfdbcfe51b861989860b1103b492b54c14c8516d71574938533c2ca8332df,2147.613500615797,-0.003992399383831183,0.003992399383831183,2145.069859678366,2167.3741403216345,0.009117318204647895
8,10,0.3,8000,56.43375,19.261820738309485,0.21535370270637597,"[56.755,56.74,56.18,54.765,56.565,56.43,56.415,56.945,54.905,54.555,57.24,56.705,56.605,56.495,57.97,56.525,56.785,54.415,55.95,57.225,55.27,56.28,56.89,57.825,56.07,56.93,55.295,57.245,55.53,54.86,58.94,54.375,58.215,61.2,55.12,55.99,57.105,56.305,55.865,55.87]",boundary-v1-9e4cfdbcfe51,fc6ed5692c5e33a9fffe770a3a11e12d0b94dbf5a1eec4c0ae7c81aee87c07d7,7bd17439943bee509526fbdfe1d93ff9932f73ad9df6491b8f1f8ec4403671a0,9e4cfdbcfe51b861989860b1103b492b54c14c8516d71574938533c2ca8332df,56.74109926760289,0.005446196072436932,0.005446196072436932,55.609792902865905,57.2577070971341,0.020343653620739977
8,10,0.975,8000,139.91625,71.48722640360207,0.7992514888068601,"[141.28,142.735,134.31,132.865,139.17,132.105,146.16,137.43,148.075,144.75,132.245,138.735,132.52,148.2,133.355,149.535,146.725,143.285,125.975,132.445,150.93,136.3,136.86,140.42,134.295,139.595,138.49,140.38,138.575,134.3,143.005,140.505,152.27,145.74,148.225,139.4,134.91,153.3,131.49,135.76]",boundary-v1-9e4cfdbcfe51,fc6ed5692c5e33a9fffe770a3a11e12d0b94dbf5a1eec4c0ae7c81aee87c07d7,7bd17439943bee509526fbdfe1d93ff9932f73ad9df6491b8f1f8ec4403671a0,9e4cfdbcfe51b861989860b1103b492b54c14c8516d71574938533c2ca8332df,137.644932736076,-0.01623340579756822,0.01623340579756822,136.85826247379848,142.9742375262015,0.03727458094783598
8,10,1.025,8000,136.31925,68.68109431296944,0.7678779782643693,"[135.15,139.91,134.18,129.465,135.83,146.24,138.05,131.87,145.665,123.2,135.8,139.155,140.83,134.305,139.03,128.175,142.08,131.925,127.405,135.78,132.045,142.605,133.805,137.045,146.95,142.525,131.67,140.6,132.085,133.415,129.625,143.02,133.345,144.82,141.725,130.335,136.24,132.29,137.685,136.895]",boundary-v1-9e4cfdbcfe51,fc6ed5692c5e33a9fffe770a3a11e12d0b94dbf5a1eec4c0ae7c81aee87c07d7,7bd17439943bee509526fbdfe1d93ff9932f73ad9df6491b8f1f8ec4403671a0,9e4cfdbcfe51b861989860b1103b492b54c14c8516d71574938533c2ca8332df,137.23258118259983,0.006699942837125491,0.006699942837125491,133.3812995400232,139.25720045997681,0.028874224916521918
8,10,1.9,8000,83.603875,28.52885726674823,0.31896232084418946,"[83.68,81.485,83.285,81.085,83.81,84.275,79.575,82.555,82.27,84.8,83.06,84.395,83.11,87.72,86.34,80.91,85.38,80.32,83.14,82.23,82.71,85.975,85.055,83.76,82.825,80.985,84.765,82.51,86.755,85.56,85.03,84.145,84.925,80.45,81.96,85.17,84.1,85.995,84.29,83.765]",boundary-v1-9e4cfdbcfe51,fc6ed5692c5e33a9fffe770a3a11e12d0b94dbf5a1eec4c0ae7c81aee87c07d7,7bd17439943bee509526fbdfe1d93ff9932f73ad9df6491b8f1f8ec4403671a0,9e4cfdbcfe51b861989860b1103b492b54c14c8516d71574938533c2ca8332df,84.34777690166781,0.008897935671855062,0.008897935671855062,82.38350467585349,84.82424532414652,0.02384302820744222
8,128,0.3,8000,732.06025,73.00100864608254,0.8161760887934522,"[738.335,726.77,746.58,739.125,730.53,725.64,735.16,734.7,737.81,731.055,732.655,733.71,729.495,724.585,730.62,741.345,729.735,731.8,730.265,729.16,734.965,736.27,725.96,728.905,729.575,732.1,729.27,734.55,737.305,727.835,720.51,735.045,729.2,733.23,727.96,736.04,731.335,722.185,729.725,741.37]",boundary-v1-9e4cfdbcfe51,fc6ed5692c5e33a9fffe770a3a11e12d0b94dbf5a1eec4c0ae7c81aee87c07d7,7bd17439943bee509526fbdfe1d93ff9932f73ad9df6491b8f1f8ec4403671a0,9e4cfdbcfe51b861989860b1103b492b54c14c8516d71574938533c2ca8332df,731.4285714285714,-0.0008628778456808051,0.0008628778456808051,728.9375078673075,735.1829921326924,0.005106783949435201
8,128,0.975,8000,16588.57675,7382.493682352914,82.53878858601928,"[17481.91,16407.5,18209.3,15897.37,16386.465,16163.945,16444.675,16095.075,16548.81,16885.96,15859.365,16358.83,16835.32,15899.785,17204.15,16760.22,16861.69,16959.155,16312.7,16942.405,16924.145,17007.71,16109.84,15642.07,16837.955,15754.255,16358.165,17415.55,16742.73,17200.505,17610.575,16657.705,16816.395,16835.435,15452.07,15999.745,16248.235,16775.99,16405.265,16234.1]",boundary-v1-9e4cfdbcfe51,fc6ed5692c5e33a9fffe770a3a11e12d0b94dbf5a1eec4c0ae7c81aee87c07d7,7bd17439943bee509526fbdfe1d93ff9932f73ad9df6491b8f1f8ec4403671a0,9e4cfdbcfe51b861989860b1103b492b54c14c8516d71574938533c2ca8332df,16468.55911686661,-0.007234956617564531,0.007234956617564531,16272.77804401245,16904.375455987552,0.02578127421836074
8,128,1.025,8000,19071.699875,8414.897398785026,94.08141303684737,"[18593.735,19173.855,19306.79,19839.255,18314.485,19222.36,18680.495,18901.545,19791.87,19459.48,18663.445,19705.515,19952.245,18205.715,19175.17,18554.81,19469.0,20077.805,18366.3,17941.815,19486.26,18928.505,19393.86,18596.45,19245.64,19572.16,18802.485,19491.625,20074.085,18410.505,19946.24,19514.56,18535.13,19507.63,18705.83,18477.685,18755.835,17902.535,19607.64,18517.645]",boundary-v1-9e4cfdbcfe51,fc6ed5692c5e33a9fffe770a3a11e12d0b94dbf5a1eec4c0ae7c81aee87c07d7,7bd17439943bee509526fbdfe1d93ff9932f73ad9df6491b8f1f8ec4403671a0,9e4cfdbcfe51b861989860b1103b492b54c14c8516d71574938533c2ca8332df,18889.02061729328,-0.009578551408843266,0.009578551408843266,18711.73834656597,19431.661403434027,0.02792559909698966
8,128,1.9,8000,2747.326,345.4323659038434,3.8620512589478717,"[2747.705,2769.155,2717.66,2784.83,2704.8,2789.03,2740.23,2710.775,2735.095,2765.495,2761.1,2772.355,2740.51,2736.305,2741.625,2747.005,2754.9,2742.17,2768.33,2753.82,2711.195,2727.175,2748.65,2722.315,2726.955,2800.8,2761.7,2753.585,2726.885,2763.88,2744.025,2730.265,2750.295,2765.735,2735.095,2763.93,2773.525,2723.74,2730.16,2750.235]",boundary-v1-9e4cfdbcfe51,fc6ed5692c5e33a9fffe770a3a11e12d0b94dbf5a1eec4c0ae7c81aee87c07d7,7bd17439943bee509526fbdfe1d93ff9932f73ad9df6491b8f1f8ec4403671a0,9e4cfdbcfe51b861989860b1103b492b54c14c8516d71574938533c2ca8332df,2742.0295886541853,-0.0019278423258887747,0.0019278423258887747,2732.549543852206,2762.102456147794,0.0072672421868099635
9,10,0.3,8000,63.180875,21.531386609100185,0.24072822053888351,"[63.12,62.055,62.78,61.53,64.055,61.905,63.03,62.81,64.115,62.645,63.42,59.63,63.465,65.325,64.74,59.835,62.205,63.8,64.265,61.695,65.115,64.745,65.84,64.18,64.97,62.09,62.055,62.855,60.445,65.255,61.72,65.66,64.355,63.57,63.58,64.19,61.55,64.46,64.315,59.86]",boundary-v1-9e4cfdbcfe51,fc6ed5692c5e33a9fffe770a3a11e12d0b94dbf5a1eec4c0ae7c81aee87c07d7,7bd17439943bee509526fbdfe1d93ff9932f73ad9df6491b8f1f8ec4403671a0,9e4cfdbcfe51b861989860b1103b492b54c14c8516d71574938533c2ca8332df,63.642121066215566,0.007300406431781223,0.007300406431781223,62.25983336802066,64.10191663197935,0.022201917727985965
9,10,0.975,8000,145.854125,71.75487747038157,0.8022439187047067,"[146.94,150.77,147.775,150.54,154.775,151.12,140.66,148.835,145.665,153.425,145.525,141.405,151.68,151.55,139.825,141.305,150.945,136.58,145.705,144.895,143.32,149.045,146.055,154.52,143.27,148.085,131.635,143.06,141.405,142.985,143.85,143.98,138.525,154.435,144.105,146.11,143.685,148.75,141.785,145.64]",boundary-v1-9e4cfdbcfe51,fc6ed5692c5e33a9fffe770a3a11e12d0b94dbf5a1eec4c0ae7c81aee87c07d7,7bd17439943bee509526fbdfe1d93ff9932f73ad9df6491b8f1f8ec4403671a0,9e4cfdbcfe51b861989860b1103b492b54c14c8516d71574938533c2ca8332df,145.31885775303599,-0.003669880759039385,0.003669880759039385,142.78468824482766,148.92356175517236,0.024205061708518882
9,10,1.025,8000,145.8665,71.8068517325782,0.8028250086214669,"[148.815,149.71,137.845,145.2,150.5,142.91,145.445,145.47,145.825,143.92,137.605,148.98,145.81,145.355,144.76,145.675,147.485,149.11,145.025,144.13,154.165,144.195,147.85,135.065,145.165,151.89,135.885,145.805,145.995,151.235,156.71,144.47,147.46,147.625,153.12,143.71,148.64,148.345,134.275,143.48]",boundary-v1-9e4cfdbcfe51,fc6ed5692c5e33a9fffe770a3a11e12d0b94dbf5a1eec4c0ae7c81aee87c07d7,7bd17439943bee509526fbdfe1d93ff9932f73ad9df6491b8f1f8ec4403671a0,9e4cfdbcfe51b861989860b1103b492b54c14c8516d71574938533c2ca8332df,145.05016569642123,-0.005596448146618795,0.005596448146618795,142.794839957487,148.938160042513,0.026104756128194295
9,10,1.9,8000,94.267125,33.325944796193625,0.3725953898934716,"[91.655,94.085,96.955,94.1,94.19,95.7,91.385,94.77,93.07,94.835,93.98,95.96,93.885,98.33,94.715,90.425,94.025,99.115,94.085,96.275,88.91,92.09,93.15,94.495,95.425,92.5,93.615,95.545,91.525,97.23,94.97,98.03,96.105,95.085,99.37,95.495,90.595,89.0,94.64,91.37]",boundary-v1-9e4cfdbcfe51,fc6ed5692c5e33a9fffe770a3a11e12d0b94dbf5a1eec4c0ae7c81aee87c07d7,7bd17439943bee509526fbdfe1d93ff9932f73ad9df6491b8f1f8ec4403671a0,9e4cfdbcfe51b861989860b1103b492b54c14c8516d71574938533c2ca8332df,95.31808071973506,0.011148698124983357,0.011148698124983357,92.84155110921459,95.6926988907854,0.026674797878023293
9,128,0.3,8000,822.021125,82.93606409503239,0.92725338551386,"[823.565,826.15,821.41,819.105,813.215,821.955,820.99,822.185,821.61,835.075,823.37,819.915,830.015,821.565,822.94,823.96,818.62,822.61,820.74,816.25,828.215,826.57,816.56,814.93,822.41,823.945,821.5,815.495,821.95,818.19,824.995,819.645,823.44,827.91,822.27,815.165,823.075,828.83,825.185,815.32]",boundary-v1-9e4cfdbcfe51,fc6ed5692c5e33a9fffe770a3a11e12d0b94dbf5a1eec4c0ae7c81aee87c07d7,7bd17439943bee509526fbdfe1d93ff9932f73ad9df6491b8f1f8ec4403671a0,9e4cfdbcfe51b861989860b1103b492b54c14c8516d71574938533c2ca8332df,822.8571428571429,0.0010170272170838747,0.0010170272170838747,818.4733939963801,825.5688560036199,0.005356006551854087
9,128,0.975,8000,18008.21875,7961.273660001559,89.00974545621017,"[17608.145,17577.85,18299.15,18580.065,17840.795,18644.295,18128.675,17350.195,17951.62,18308.5,17667.93,17685.875,18325.175,18374.275,18123.39,17780.355,17383.005,17961.47,16701.065,17830.295,17496.075,17157.845,17391.57,17685.545,18520.17,18620.83,18260.035,18445.51,18380.41,18461.375,18245.14,16880.77,18640.3,17708.095,17840.425,18199.26,18217.54,18905.565,18724.225,18425.94]",boundary-v1-9e4cfdbcfe51,fc6ed5692c5e33a9fffe770a3a11e12d0b94dbf5a1eec4c0ae7c81aee87c07d7,7bd17439943bee509526fbdfe1d93ff9932f73ad9df6491b8f1f8ec4403671a0,9e4cfdbcfe51b861989860b1103b492b54c14c8516d71574938533c2ca8332df,18038.852973756555,0.001701124591045686,0.001701124591045686,17667.66174744528,18348.77575255472,0.02100964075593925
9,128,1.025,8000,20670.041375,9031.479998720255,100.97501607284102,"[20245.64,21907.705,20133.775,20445.355,20157.81,20526.085,21389.205,20677.095,20298.88,20293.905,20312.57,21251.665,20786.03,21102.775,20146.92,21270.47,19048.26,21035.095,20115.625,20901.91,20351.15,20630.57,21412.955,20663.745,20904.38,19741.47,20655.095,21107.64,20366.405,20151.17,20495.945,20512.115,20181.71,22299.61,20527.49,20693.405,21801.335,20096.37,21302.25,20860.07]",boundary-v1-9e4cfdbcfe51,fc6ed5692c5e33a9fffe770a3a11e12d0b94dbf5a1eec4c0ae7c81aee87c07d7,7bd17439943bee509526fbdfe1d93ff9932f73ad9df6491b8f1f8ec4403671a0,9e4cfdbcfe51b861989860b1103b492b54c14c8516d71574938533c2ca8332df,20483.247607738547,-0.00903693243146464,0.00903693243146464,20283.704478624997,21056.378271375004,0.02721886243920668
9,128,1.9,8000,3383.476625,447.64535683875556,5.004827238518039,"[3391.63,3396.54,3346.25,3438.075,3414.04,3408.045,3382.34,3390.005,3397.51,3365.58,3326.365,3383.505,3387.75,3408.075,3362.695,3385.775,3411.425,3346.015,3387.095,3382.975,3302.06,3432.51,3345.77,3383.375,3387.52,3371.21,3395.17,3372.16,3400.51,3421.135,3349.745,3414.81,3338.85,3416.72,3411.57,3420.58,3390.72,3332.175,3372.215,3368.57]",boundary-v1-9e4cfdbcfe51,fc6ed5692c5e33a9fffe770a3a11e12d0b94dbf5a1eec4c0ae7c81aee87c07d7,7bd17439943bee509526fbdfe1d93ff9932f73ad9df6491b8f1f8ec4403671a0,9e4cfdbcfe51b861989860b1103b492b54c14c8516d71574938533c2ca8332df,3382.9325143739134,-0.0001608140638732569,0.0001608140638732569,3364.3278345623007,3402.625415437699,0.005787560680185044
10,10,0.3,8000,70.24925,24.16875339188111,0.27021487757837387,"[68.845,70.0,69.055,71.5,72.59,73.8,67.735,68.95,70.91,70.88,70.015,67.795,71.79,70.26,71.99,70.46,69.96,71.57,67.985,69.715,68.815,69.215,70.4,71.665,68.75,68.635,72.97,70.435,71.28,69.505,71.205,69.525,70.66,68.49,71.94,66.685,71.85,68.43,69.8,73.91]",boundary-v1-9e4cfdbcfe51,fc6ed5692c5e33a9fffe770a3a11e12d0b94dbf5a1eec4c0ae7c81aee87c07d7,7bd17439943bee509526fbdfe1d93ff9932f73ad9df6491b8f1f8ec4403671a0,9e4cfdbcfe51b861989860b1103b492b54c14c8516d71574938533c2ca8332df,70.46611804593151,0.0030871225804048517,0.0030871225804048517,69.21539052447713,71.28310947552288,0.018070078229379893
10,10,0.975,8000,153.4225,72.92412484732398,0.8153165017914894,"[149.635,154.625,146.56,148.555,153.42,148.865,144.605,153.085,153.57,158.8,156.87,149.78,155.85,143.795,153.53,156.745,150.705,152.65,163.29,150.6,151.79,150.515,161.275,158.555,157.825,151.81,161.045,154.17,158.525,167.265,148.215,155.0,148.9,153.01,147.805,145.63,154.09,155.38,155.84,154.72]",boundary-v1-9e4cfdbcfe51,fc6ed5692c5e33a9fffe770a3a11e12d0b94dbf5a1eec4c0ae7c81aee87c07d7,7bd17439943bee509526fbdfe1d93ff9932f73ad9df6491b8f1f8ec4403671a0,9e4cfdbcfe51b861989860b1103b492b54c14c8516d71574938533c2ca8332df,152.89984783010158,-0.0034066200843972405,0.0034066200843972405,150.30304670238206,156.54195329761797,0.023266002440840983
10,10,1.025,8000,153.799875,72.69147701992506,0.8127154200070813,"[157.735,150.195,148.62,156.26,147.24,147.88,158.605,152.17,156.235,150.875,153.055,150.585,149.475,151.655,161.715,151.535,151.08,152.86,153.345,157.42,154.605,152.15,154.2,159.38,151.765,145.225,161.74,142.405,152.53,149.555,165.34,152.345,163.595,152.965,153.775,156.475,156.83,152.845,161.85,153.88]",boundary-v1-9e4cfdbcfe51,fc6ed5692c5e33a9fffe770a3a11e12d0b94dbf5a1eec4c0ae7c81aee87c07d7,7bd17439943bee509526fbdfe1d93ff9932f73ad9df6491b8f1f8ec4403671a0,9e4cfdbcfe51b861989860b1103b492b54c14c8516d71574938533c2ca8332df,152.7646895442781,-0.0067307301499555,0.0067307301499555,150.69037360833747,156.9093763916625,0.02641452628706409
10,10,1.9,8000,104.14675,36.58212672791171,0.4090006106256126,"[104.85,105.17,104.155,98.655,102.29,101.96,103.86,104.82,105.07,103.775,110.14,99.12,107.76,102.745,102.8,103.97,103.395,104.475,102.625,110.7,104.295,102.115,99.835,101.805,101.675,100.52,106.795,106.72,107.43,108.115,108.235,101.27,106.62,107.755,102.305,103.59,105.115,104.95,104.065,100.325]",boundary-v1-9e4cfdbcfe51,fc6ed5692c5e33a9fffe770a3a11e12d0b94dbf5a1eec4c0ae7c81aee87c07d7,7bd17439943bee509526fbdfe1d93ff9932f73ad9df6491b8f1f8ec4403671a0,9e4cfdbcfe51b861989860b1103b492b54c14c8516d71574938533c2ca8332df,105.75405924946675,0.015433119607349746,0.015433119607349746,102.58188739665468,105.71161260334532,0.030923313396898244
10,128,0.3,8000,915.326,91.26958141166959,1.020424941572222,"[912.125,913.35,909.525,918.42,909.435,915.93,924.04,916.165,903.38,909.055,915.395,918.705,908.895,913.06,918.02,918.37,906.235,920.76,912.42,922.18,921.025,910.355,921.21,919.175,911.915,909.795,911.695,929.505,918.735,915.105,917.13,913.87,913.965,921.025,915.54,915.975,907.95,917.06,918.435,918.11]",boundary-v1-9e4cfdbcfe51,fc6ed5692c5e33a9fffe770a3a11e12d0b94dbf5a1eec4c0ae7c81aee87c07d7,7bd17439943bee509526fbdfe1d93ff9932f73ad9df6491b8f1f8ec4403671a0,9e4cfdbcfe51b861989860b1103b492b54c14c8516d71574938533c2ca8332df,914.2857142857143,-0.001136519354072415,0.001136519354072415,911.4217886391791,919.2302113608209,0.005378954057424612
10,128,0.975,8000,19591.286375,8507.23856625152,95.11381867473123,"[19239.75,21570.19,19580.26,20402.125,18904.62,19929.58,18926.02,19276.975,19101.045,20455.145,19364.935,20550.56,19234.66,20135.545,19434.255,19285.725,19717.175,19646.375,19189.095,19523.72,18349.385,19612.56,20067.445,18876.35,19646.525,18237.705,19462.195,19337.92,19733.48,19758.975,21022.555,20611.415,18952.695,20565.4,19960.245,18052.315,19934.605,18786.435,19971.775,19243.72]",boundary-v1-9e4cfdbcfe51,fc6ed5692c5e33a9fffe770a3a11e12d0b94dbf5a1eec4c0ae7c81aee87c07d7,7bd17439943bee509526fbdfe1d93ff9932f73ad9df6491b8f1f8ec4403671a0,9e4cfdbcfe51b861989860b1103b492b54c14c8516d71574938533c2ca8332df,19561.145562367594,-0.0015384805293269504,0.0015384805293269504,19227.37479629163,19955.197953708368,0.019746854541603076
10,128,1.025,8000,22245.281125,9544.521894318103,106.7109988421517,"[21754.81,22602.14,22877.595,22701.79,21685.855,21578.255,22314.43,22232.17,21828.34,22329.095,22572.835,21685.455,21428.765,22600.69,22386.62,23103.785,20522.915,21694.05,21619.19,22723.47,22119.465,21545.07,22465.575,22185.9,23996.12,21976.135,21782.105,22870.085,23169.475,22149.775,21018.16,23693.3,22843.07,21518.92,22260.355,22295.53,23429.815,22300.705,21683.34,22266.09]",boundary-v1-9e4cfdbcfe51,fc6ed5692c5e33a9fffe770a3a11e12d0b94dbf5a1eec4c0ae7c81aee87c07d7,7bd17439943bee509526fbdfe1d93ff9932f73ad9df6491b8f1f8ec4403671a0,9e4cfdbcfe51b861989860b1103b492b54c14c8516d71574938533c2ca8332df,22004.632595672767,-0.01081795855826634,0.01081795855826634,21836.99799016976,22653.564259830244,0.028645896809632587
10,128,1.9,8000,4055.035,559.8918584303956,6.259781277495266,"[4035.0,4010.45,3971.59,4042.475,4036.62,4105.485,4099.315,4014.31,4086.94,3985.535,4064.335,4041.905,4109.695,4103.865,4111.5,4032.38,4083.27,4067.325,4051.875,4034.425,4058.765,4047.32,4090.91,4031.255,4092.125,4068.45,3971.955,4086.47,4018.69,4068.25,4056.5,4100.08,4007.98,4130.505,4048.785,4037.965,4046.88,4034.17,4064.895,4051.155]",boundary-v1-9e4cfdbcfe51,fc6ed5692c5e33a9fffe770a3a11e12d0b94dbf5a1eec4c0ae7c81aee87c07d7,7bd17439943bee509526fbdfe1d93ff9932f73ad9df6491b8f1f8ec4403671a0,9e4cfdbcfe51b861989860b1103b492b54c14c8516d71574938533c2ca8332df,4064.534633432178,0.002342676063752383,0.002342676063752383,4031.0846748127346,4078.985325187265,0.00829800446228468
11,10,0.3,8000,77.1165,26.460219115673553,0.29583424321092716,"[79.59,77.055,76.165,76.625,80.13,80.49,78.51,74.115,77.37,77.77,76.83,74.645,77.88,78.1,79.47,76.74,79.265,75.76,74.145,75.635,74.78,75.815,73.07,73.3,76.545,78.535,75.845,75.955,76.5,79.73,76.645,76.92,81.635,78.9,81.575,74.545,72.8,77.54,80.16,77.575]",boundary-v1-9e4cfdbcfe51,fc6ed5692c5e33a9fffe770a3a11e12d0b94dbf5a1eec4c0ae7c81aee87c07d7,7bd17439943bee509526fbdfe1d93ff9932f73ad9df6491b8f1f8ec4403671a0,9e4cfdbcfe51b861989860b1103b492b54c14c8516d71574938533c2ca8332df,77.21797909757043,0.0013159193891117069,0.0013159193891117069,75.98461918622414,78.24838081377587,0.01623170484441805
11,10,0.975,8000,162.14925,75.84964812428316,0.8480248463766829,"[165.635,161.55,158.17,162.415,162.865,160.08,158.065,161.1,166.095,167.685,159.1,159.61,158.685,160.7,151.04,166.56,165.17,171.01,165.04,153.125,170.955,169.265,164.45,160.205,165.075,159.265,171.15,156.84,166.62,156.035,155.345,167.17,157.225,157.06,160.62,168.665,157.04,162.54,160.67,166.075]",boundary-v1-9e4cfdbcfe51,fc6ed5692c5e33a9fffe770a3a11e12d0b94dbf5a1eec4c0ae7c81aee87c07d7,7bd17439943bee509526fbdfe1d93ff9932f73ad9df6491b8f1f8ec4403671a0,9e4cfdbcfe51b861989860b1103b492b54c14c8516d71574938533c2ca8332df,160.39716777904874,-0.010805367406579135,0.010805367406579135,158.90465247538344,165.39384752461655,0.030210795748155772
11,10,1.025,8000,160.690375,73.38727559248085,0.8204946845414917,"[166.945,155.075,168.66,161.27,166.49,164.205,159.3,162.57,156.68,157.275,163.57,160.35,154.915,164.045,161.845,157.53,159.055,157.08,155.395,165.93,160.81,162.465,162.395,161.615,156.335,157.745,156.445,165.88,165.405,170.03,163.71,153.49,156.4,155.385,164.29,158.195,168.68,162.45,154.74,152.965]",boundary-v1-9e4cfdbcfe51,fc6ed5692c5e33a9fffe770a3a11e12d0b94dbf5a1eec4c0ae7c81aee87c07d7,7bd17439943bee509526fbdfe1d93ff9932f73ad9df6491b8f1f8ec4403671a0,9e4cfdbcfe51b861989860b1103b492b54c14c8516d71574938533c2ca8332df,160.3860567701999,-0.0018938174100352223,0.0018938174100352223,157.55110964262406,163.82964035737592,0.021019295285421125
11,10,1.9,8000,114.5375,40.45379348622238,0.4522871609146572,"[115.495,117.145,116.43,113.695,115.92,113.68,115.885,114.025,111.24,116.045,115.355,117.475,117.28,107.865,113.295,110.675,117.26,112.76,108.75,113.04,113.54,115.385,107.87,112.71,119.935,113.76,115.795,119.035,116.04,113.165,116.325,112.415,114.13,115.105,119.585,113.445,114.015,117.96,112.955,115.015]",boundary-v1-9e4cfdbcfe51,fc6ed5692c5e33a9fffe770a3a11e12d0b94dbf5a1eec4c0ae7c81aee87c07d7,7bd17439943bee509526fbdfe1d93ff9932f73ad9df6491b8f1f8ec4403671a0,9e4cfdbcfe51b861989860b1103b492b54c14c8516d71574938533c2ca8332df,115.72483186122493,0.010366315496889085,0.010366315496889085,112.80702027527303,116.26797972472696,0.02586551421030192
11,128,0.3,8000,1005.43075,100.93628669207074,1.1285019921993877,"[999.525,993.59,1013.665,987.35,1005.59,1001.875,1019.07,1005.72,1003.215,1005.775,1022.715,1005.905,1014.39,1000.835,1016.015,1010.67,1001.385,1004.915,1004.845,1000.15,997.09,1004.655,988.205,1005.47,999.325,998.1,1014.315,986.895,1016.62,1010.55,999.205,1020.91,1006.275,1004.705,998.84,1007.915,1012.99,1005.47,1001.165,1021.33]",boundary-v1-9e4cfdbcfe51,fc6ed5692c5e33a9fffe770a3a11e12d0b94dbf5a1eec4c0ae7c81aee87c07d7,7bd17439943bee509526fbdfe1d93ff9932f73ad9df6491b8f1f8ec4403671a0,9e4cfdbcfe51b861989860b1103b492b54c14c8516d71574938533c2ca8332df,1005.7142857142858,0.000282004219868738,0.000282004219868738,1001.1130289024879,1009.748471097512,0.004596141173831558
11,128,0.975,8000,21213.278375,8936.955140358485,99.91819602853873,"[22321.62,20367.185,21603.995,20691.25,20792.36,21002.175,20622.73,22213.72,20394.395,21959.1,21075.3,22554.53,22419.75,21932.89,20856.92,20281.945,20486.815,20277.585,21729.7,20236.22,20764.555,20741.76,21727.63,21113.625,20295.63,20338.15,21823.34,22233.425,21570.4,21595.345,21431.47,21028.175,20931.445,21330.505,20783.715,21265.145,21338.845,21661.57,21669.62,21066.6]",boundary-v1-9e4cfdbcfe51,fc6ed5692c5e33a9fffe770a3a11e12d0b94dbf5a1eec4c0ae7c81aee87c07d7,7bd17439943bee509526fbdfe1d93ff9932f73ad9df6491b8f1f8ec4403671a0,9e4cfdbcfe51b861989860b1103b492b54c14c8516d71574938533c2ca8332df,21043.21887835712,-0.008016653231840854,0.008016653231840854,20830.98493998625,21595.571810013753,0.025577138522468346
11,128,1.025,8000,23881.10825,10080.617540447683,112.70473037808877,"[22265.315,24172.34,23636.735,23548.4,23898.645,23043.835,24114.885,23572.405,24362.69,24590.935,24255.615,24285.445,23114.245,23068.365,24645.015,23968.385,24229.065,24531.59,23281.775,23410.97,23641.61,24554.805,23082.685,23173.81,24315.66,23855.235,23675.875,25064.315,25904.655,23564.39,24018.86,23721.42,23988.51,23884.48,24259.785,23219.87,24420.09,24478.555,24172.825,22250.24]",boundary-v1-9e4cfdbcfe51,fc6ed5692c5e33a9fffe770a3a11e12d0b94dbf5a1eec4c0ae7c81aee87c07d7,7bd17439943bee509526fbdfe1d93ff9932f73ad9df6491b8f1f8ec4403671a0,9e4cfdbcfe51b861989860b1103b492b54c14c8516d71574938533c2ca8332df,23471.192687675164,-0.017164846707850633,0.017164846707850633,23449.892713380108,24312.323786619894,0.03459690263781534
11,128,1.9,8000,4769.04625,668.9021310091231,7.478553176154346,"[4723.325,4844.945,4752.13,4755.21,4806.395,4834.925,4723.16,4746.135,4701.855,4718.4,4797.535,4723.3,4821.17,4761.855,4729.435,4787.655,4763.655,4762.75,4800.65,4829.71,4713.77,4734.08,4817.02,4878.945,4821.72,4804.45,4797.405,4823.53,4759.56,4771.1,4777.975,4701.82,4785.9,4736.805,4757.82,4760.24,4687.61,4793.665,4721.71,4732.53]",boundary-v1-9e4cfdbcfe51,fc6ed5692c5e33a9fffe770a3a11e12d0b94dbf5a1eec4c0ae7c81aee87c07d7,7bd17439943bee509526fbdfe1d93ff9932f73ad9df6491b8f1f8ec4403671a0,9e4cfdbcfe51b861989860b1103b492b54c14c8516d71574938533c2ca8332df,4781.864752785366,0.002687854575821326,0.002687854575821326,4740.432825255738,4797.659674744263,0.008740114891806927
12,10,0.3,8000,82.738,28.473148684760933,0.31833947996292083,"[80.58,79.015,81.865,81.855,85.04,84.895,82.51,82.095,81.82,86.86,81.63,81.91,80.915,85.28,83.095,82.005,86.305,82.785,80.86,77.11,83.37,86.33,81.715,82.94,81.62,81.76,84.445,81.49,81.425,83.135,83.87,81.915,85.125,82.64,84.315,81.845,80.79,84.33,82.5,85.53]",boundary-v1-9e4cfdbcfe51,fc6ed5692c5e33a9fffe770a3a11e12d0b94dbf5a1eec4c0ae7c81aee87c07d7,7bd17439943bee509526fbdfe1d93ff9932f73ad9df6491b8f1f8ec4403671a0,9e4cfdbcfe51b861989860b1103b492b54c14c8516d71574938533c2ca8332df,83.90280167443471,0.014078194716269588,0.014078194716269588,81.5200127050657,83.9559872949343,0.029229497031481033
12,10,0.975,8000,169.269,76.81040371437221,0.858766420422693,"[162.605,175.65,163.65,174.07,174.905,165.6,162.415,166.0,163.085,173.395,172.325,167.135,165.075,168.035,167.2,170.665,165.185,164.965,172.28,172.93,172.37,166.46,178.64,177.545,177.63,173.49,168.855,171.155,166.91,168.11,161.26,165.27,172.86,168.435,164.565,158.33,164.845,177.04,169.895,179.925]",boundary-v1-9e4cfdbcfe51,fc6ed5692c5e33a9fffe770a3a11e12d0b94dbf5a1eec4c0ae7c81aee87c07d7,7bd17439943bee509526fbdfe1d93ff9932f73ad9df6491b8f1f8ec4403671a0,9e4cfdbcfe51b861989860b1103b492b54c14c8516d71574938533c2ca8332df,167.81747707933698,-0.008575243669325298,0.008575243669325298,165.98330452323137,172.55469547676864,0.027453430834453507
12,10,1.025,8000,169.434,77.46842139568349,0.866123281751737,"[173.67,171.98,164.085,166.345,165.025,170.575,169.82,164.14,165.345,171.08,159.125,172.155,169.97,165.735,168.355,170.425,166.67,166.13,158.635,173.785,169.995,173.62,163.96,172.695,177.94,178.505,167.595,176.825,166.48,165.28,173.005,169.985,167.41,171.255,170.34,176.12,176.095,173.68,173.825,159.7]",boundary-v1-9e4cfdbcfe51,fc6ed5692c5e33a9fffe770a3a11e12d0b94dbf5a1eec4c0ae7c81aee87c07d7,7bd17439943bee509526fbdfe1d93ff9932f73ad9df6491b8f1f8ec4403671a0,9e4cfdbcfe51b861989860b1103b492b54c14c8516d71574938533c2ca8332df,167.92201343317436,-0.008923749464839648,0.008923749464839648,166.1201566993095,172.7478433006905,0.02793568808333058
12,10,1.9,8000,124.870625,44.75958628807867,0.500427387924557,"[129.355,121.525,122.09,128.105,132.305,121.355,121.65,127.46,126.865,122.945,130.015,128.735,121.43,122.835,128.51,123.92,129.19,124.79,126.235,124.295,126.735,125.37,127.99,115.66,120.29,123.675,123.905,126.335,126.36,120.745,126.065,120.665,123.55,124.055,129.285,126.955,125.645,122.235,119.97,125.725]",boundary-v1-9e4cfdbcfe51,fc6ed5692c5e33a9fffe770a3a11e12d0b94dbf5a1eec4c0ae7c81aee87c07d7,7bd17439943bee509526fbdfe1d93ff9932f73ad9df6491b8f1f8ec4403671a0,9e4cfdbcfe51b861989860b1103b492b54c14c8516d71574938533c2ca8332df,125.29851391282911,0.00342665789355266,0.00342665789355266,122.95595767504155,126.78529232495846,0.019051994568483277
12,128,0.3,8000,1100.50775,112.16090093432649,1.2539969945338685,"[1106.2,1108.48,1113.57,1097.23,1089.25,1092.82,1097.89,1097.965,1093.31,1098.305,1113.705,1101.31,1107.11,1095.08,1090.31,1112.5,1086.8,1103.675,1086.1,1096.915,1104.675,1113.41,1087.915,1095.65,1092.16,1114.68,1102.86,1102.015,1103.675,1085.51,1107.345,1091.705,1099.6,1096.67,1104.98,1098.265,1114.11,1105.44,1105.335,1105.785]",boundary-v1-9e4cfdbcfe51,fc6ed5692c5e33a9fffe770a3a11e12d0b94dbf5a1eec4c0ae7c81aee87c07d7,7bd17439943bee509526fbdfe1d93ff9932f73ad9df6491b8f1f8ec4403671a0,9e4cfdbcfe51b861989860b1103b492b54c14c8516d71574938533c2ca8332df,1097.142857142857,-0.00305758215436727,0.00305758215436727,1095.709876963938,1105.305623036062,0.007385075876826908
12,128,0.975,8000,22673.092625,9374.317398196568,104.80805472513245,"[22870.505,22087.21,23571.35,21945.875,23979.065,21990.635,22129.115,23237.265,22685.52,23621.835,22589.07,22756.53,22836.015,23236.955,22244.51,22379.895,22454.105,23438.665,22271.02,22987.43,22978.61,22752.805,22334.58,22235.755,21748.885,22521.035,23114.445,23949.625,23198.55,22494.43,21856.91,22048.265,23659.7,22896.085,23572.25,21792.83,22437.475,22565.04,21151.755,22302.105]",boundary-v1-9e4cfdbcfe51,fc6ed5692c5e33a9fffe770a3a11e12d0b94dbf5a1eec4c0ae7c81aee87c07d7,7bd17439943bee509526fbdfe1d93ff9932f73ad9df6491b8f1f8ec4403671a0,9e4cfdbcfe51b861989860b1103b492b54c14c8516d71574938533c2ca8332df,22491.07131297683,-0.008028076056217807,0.008028076056217807,22272.090276573537,23074.094973426465,0.025267455175211895
12,128,1.025,8000,25448.63175,10543.247154848119,117.87708670910823,"[25069.755,24965.085,26074.385,25425.45,25437.08,25748.15,25432.315,26198.6,26408.23,26078.95,24505.07,25978.75,26327.275,25963.59,25514.855,25246.23,24826.155,26355.69,26301.53,25878.56,24876.205,24620.11,25375.1,25654.625,25831.15,25500.435,25443.825,24494.295,24247.25,25940.86,24850.095,25360.03,25603.285,24549.635,25783.855,25110.89,25338.43,24730.355,25525.105,25374.03]",boundary-v1-9e4cfdbcfe51,fc6ed5692c5e33a9fffe770a3a11e12d0b94dbf5a1eec4c0ae7c81aee87c07d7,7bd17439943bee509526fbdfe1d93ff9932f73ad9df6491b8f1f8ec4403671a0,9e4cfdbcfe51b861989860b1103b492b54c14c8516d71574938533c2ca8332df,24894.633265755423,-0.021769283696149104,0.021769283696149104,24997.62644587534,25899.63705412466,0.03880377884327091
12,128,1.9,8000,5518.8685,809.5494603474475,9.051038122425815,"[5485.985,5602.59,5490.81,5487.04,5412.02,5565.66,5586.065,5527.495,5463.38,5491.6,5559.4,5617.22,5469.075,5462.145,5446.02,5537.71,5542.135,5396.58,5631.895,5493.09,5473.55,5485.945,5454.82,5580.96,5534.31,5436.815,5490.585,5475.03,5489.21,5521.635,5641.72,5493.635,5612.0,5478.425,5627.145,5576.065,5488.12,5510.115,5521.005,5595.735]",boundary-v1-9e4cfdbcfe51,fc6ed5692c5e33a9fffe770a3a11e12d0b94dbf5a1eec4c0ae7c81aee87c07d7,7bd17439943bee509526fbdfe1d93ff9932f73ad9df6491b8f1f8ec4403671a0,9e4cfdbcfe51b861989860b1103b492b54c14c8516d71574938533c2ca8332df,5530.682638822645,0.0021406813412287256,0.0021406813412287256,5484.238646862196,5553.498353137803,0.008468630734554505
13,10,0.3,8000,89.385375,30.609430381222513,0.34222383542480417,"[87.59,88.565,89.855,90.8,89.625,89.38,87.63,87.205,93.04,91.675,92.005,88.405,89.355,92.285,93.37,89.275,89.055,87.93,90.64,88.83,88.895,89.61,89.53,92.945,85.2,88.69,88.745,89.895,87.195,89.08,90.59,88.84,90.47,88.06,91.5,87.305,89.02,89.065,87.28,86.985]",boundary-v1-9e4cfdbcfe51,fc6ed5692c5e33a9fffe770a3a11e12d0b94dbf5a1eec4c0ae7c81aee87c07d7,7bd17439943bee509526fbdfe1d93ff9932f73ad9df6491b8f1f8ec4403671a0,9e4cfdbcfe51b861989860b1103b492b54c14c8516d71574938533c2ca8332df,90.52548847438959,0.012755033744497843,0.012755033744497843,88.07600462715259,90.69474537284741,0.027811023644933375
13,10,0.975,8000,176.972875,78.15364443358771,0.8737843082142509,"[171.23,183.76,180.305,167.53,177.875,182.84,180.53,181.535,175.39,181.115,186.14,169.315,180.115,172.735,177.925,172.105,179.0,181.83,181.68,180.945,175.645,180.805,178.43,185.165,165.825,175.925,172.325,179.89,175.46,182.96,180.73,168.625,174.335,172.295,174.32,178.77,169.695,169.865,175.635,178.315]",boundary-v1-9e4cfdbcfe51,fc6ed5692c5e33a9fffe770a3a11e12d0b94dbf5a1eec4c0ae7c81aee87c07d7,7bd17439943bee509526fbdfe1d93ff9932f73ad9df6491b8f1f8ec4403671a0,9e4cfdbcfe51b861989860b1103b492b54c14c8516d71574938533c2ca8332df,175.16573567776894,-0.010211391560605274,0.010211391560605274,173.6297201200527,180.31602987994728,0.02856259759937796
13,10,1.025,8000,177.058375,78.26108750258018,0.8749855582441426,"[178.775,171.7,176.545,174.965,183.58,175.65,172.655,176.09,185.995,177.88,175.785,183.605,180.67,182.235,175.63,181.135,178.655,170.585,180.785,184.335,175.98,175.53,167.93,181.545,177.765,176.79,171.335,177.24,170.355,177.96,169.83,173.66,176.45,175.43,172.48,173.98,183.8,176.345,181.33,179.345]",boundary-v1-9e4cfdbcfe51,fc6ed5692c5e33a9fffe770a3a11e12d0b94dbf5a1eec4c0ae7c81aee87c07d7,7bd17439943bee509526fbdfe1d93ff9932f73ad9df6491b8f1f8ec4403671a0,9e4cfdbcfe51b861989860b1103b492b54c14c8516d71574938533c2ca8332df,175.3786365992803,-0.009486918654481686,0.009486918654481686,173.71062406029094,180.40612593970909,0.027867619872891436
13,10,1.9,8000,132.949875,46.81668599703895,0.5234264618532081,"[135.43,135.815,136.595,130.89,137.02,132.545,135.19,134.915,133.56,131.55,131.24,133.57,133.385,131.93,133.345,137.495,134.625,136.84,133.09,132.875,135.055,129.5,129.1,139.375,129.625,131.64,130.235,130.19,125.56,132.415,130.33,134.685,137.505,128.9,131.62,130.49,135.085,131.105,128.26,135.415]",boundary-v1-9e4cfdbcfe51,fc6ed5692c5e33a9fffe770a3a11e12d0b94dbf5a1eec4c0ae7c81aee87c07d7,7bd17439943bee509526fbdfe1d93ff9932f73ad9df6491b8f1f8ec4403671a0,9e4cfdbcfe51b861989860b1103b492b54c14c8516d71574938533c2ca8332df,134.53489593274654,0.011921943760733472,0.011921943760733472,130.94721174112968,134.9525382588703,0.027397942605371206
13,128,0.3,8000,1188.55375,119.70683805373068,1.338363136298502,"[1190.355,1185.365,1187.245,1170.175,1197.235,1179.945,1196.95,1192.485,1179.4,1195.715,1202.54,1196.695,1196.71,1189.36,1176.525,1175.98,1181.995,1180.825,1196.965,1202.56,1187.85,1193.505,1192.18,1190.965,1189.22,1172.165,1179.215,1191.27,1191.57,1190.365,1172.445,1188.38,1196.12,1183.01,1176.915,1189.97,1188.185,1206.055,1195.885,1191.855]",boundary-v1-9e4cfdbcfe51,fc6ed5692c5e33a9fffe770a3a11e12d0b94dbf5a1eec4c0ae7c81aee87c07d7,7bd17439943bee509526fbdfe1d93ff9932f73ad9df6491b8f1f8ec4403671a0,9e4cfdbcfe51b861989860b1103b492b54c14c8516d71574938533c2ca8332df,1188.5714285714287,1.4874019310134265e-05,1.4874019310134265e-05,1183.4330866873318,1193.6744133126683,0.0043418947314377565
13,128,0.975,8000,23958.226875,9723.363193649982,108.71050535460405,"[25299.665,22128.105,24191.78,23483.125,24406.185,23952.415,23430.81,24671.35,23548.51,23634.91,24292.785,24250.745,24513.71,25136.0,23570.405,24674.6,24059.195,24244.345,24087.69,23885.635,23143.875,23312.285,24192.205,22499.245,23976.085,24257.6,22883.95,24294.645,24102.315,24259.665,24486.52,23163.76,23781.635,24331.65,23951.475,24795.165,23492.645,24527.355,23641.96,23773.075]",boundary-v1-9e4cfdbcfe51,fc6ed5692c5e33a9fffe770a3a11e12d0b94dbf5a1eec4c0ae7c81aee87c07d7,7bd17439943bee509526fbdfe1d93ff9932f73ad9df6491b8f1f8ec4403671a0,9e4cfdbcfe51b861989860b1103b492b54c14c8516d71574938533c2ca8332df,23909.382257994337,-0.0020387408993372412,0.0020387408993372412,23542.293499839565,24374.160250160436,0.019068471996406045
13,128,1.025,8000,26537.095875,10809.414953670623,120.85293316705126,"[28096.54,26623.77,27620.02,27291.81,26660.815,26753.345,27013.34,26720.78,25537.67,27559.23,25707.98,27491.845,25752.675,25627.5,26456.905,27419.74,26984.08,25851.175,26380.55,26810.26,25592.99,26048.275,27143.795,25491.285,25504.25,26725.67,25092.47,26229.705,26950.49,27112.63,26607.49,25770.285,26942.135,26245.835,27626.195,26065.785,25961.21,26949.41,26220.36,26843.54]",boundary-v1-9e4cfdbcfe51,fc6ed5692c5e33a9fffe770a3a11e12d0b94dbf5a1eec4c0ae7c81aee87c07d7,7bd17439943bee509526fbdfe1d93ff9932f73ad9df6491b8f1f8ec4403671a0,9e4cfdbcfe51b861989860b1103b492b54c14c8516d71574938533c2ca8332df,26282.918216705493,-0.009578201755451352,0.009578201755451352,26074.704791210585,26999.486958789414,0.02654008734231328
13,128,1.9,8000,6279.934125,949.6540336530134,10.617454871775054,"[6302.025,6270.53,6345.415,6162.9,6221.29,6343.415,6328.16,6256.695,6318.465,6259.745,6328.555,6220.615,6426.085,6316.995,6275.645,6215.305,6311.325,6220.97,6268.765,6316.475,6316.565,6262.795,6208.645,6414.34,6341.675,6262.78,6168.97,6258.67,6237.515,6323.035,6250.565,6261.985,6288.9,6191.355,6339.8,6220.285,6188.885,6356.765,6306.385,6288.075]",boundary-v1-9e4cfdbcfe51,fc6ed5692c5e33a9fffe770a3a11e12d0b94dbf5a1eec4c0ae7c81aee87c07d7,7bd17439943bee509526fbdfe1d93ff9932f73ad9df6491b8f1f8ec4403671a0,9e4cfdbcfe51b861989860b1103b492b54c14c8516d71574938533c2ca8332df,6307.383568852365,0.004370976399750885,0.004370976399750885,6239.311060779794,6320.557189220205,0.010910260349171086
14,10,0.3,8000,96.483375,33.63611001730896,0.37606314248682227,"[99.47,99.195,99.505,94.235,96.755,101.19,99.54,91.725,103.515,95.15,93.465,100.155,93.22,96.01,95.06,100.25,101.085,97.97,94.095,95.525,96.985,99.535,94.335,91.435,95.54,95.605,96.22,92.665,90.665,99.1,95.175,95.26,96.485,96.7,96.205,94.87,98.01,96.5,94.93,96.0]",boundary-v1-9e4cfdbcfe51,fc6ed5692c5e33a9fffe770a3a11e12d0b94dbf5a1eec4c0ae7c81aee87c07d7,7bd17439943bee509526fbdfe1d93ff9932f73ad9df6491b8f1f8ec4403671a0,9e4cfdbcfe51b861989860b1103b492b54c14c8516d71574938533c2ca8332df,97.09056334113893,0.006293191351763312,0.006293191351763312,95.04453326508427,97.92221673491572,0.021527067425836766
14,10,0.975,8000,183.945625,80.07489411134267,0.8952645326202991,"[189.93,182.975,183.19,188.79,173.435,183.235,189.39,184.265,186.935,175.59,182.12,185.465,183.135,180.285,188.035,189.985,181.46,174.68,191.575,189.525,185.97,185.495,182.23,178.93,182.735,178.92,175.15,182.885,183.2,177.565,196.685,183.79,181.325,188.08,188.655,196.34,187.635,185.81,177.67,174.755]",boundary-v1-9e4cfdbcfe51,fc6ed5692c5e33a9fffe770a3a11e12d0b94dbf5a1eec4c0ae7c81aee87c07d7,7bd17439943bee509526fbdfe1d93ff9932f73ad9df6491b8f1f8ec4403671a0,9e4cfdbcfe51b861989860b1103b492b54c14c8516d71574938533c2ca8332df,182.44574409189232,-0.008153936295618253,0.008153936295618253,180.52028540195883,187.37096459804118,0.026285932383999455
14,10,1.025,8000,183.917625,80.22965592018022,0.8969948222447071,"[190.855,182.945,184.51,179.0,181.495,173.245,180.575,185.805,190.55,189.25,182.255,196.63,188.94,171.065,180.36,187.48,188.72,181.055,192.205,187.95,191.2,187.695,177.13,168.75,183.165,188.105,176.58,176.685,177.45,190.95,185.125,183.505,179.415,184.59,183.525,184.605,185.515,177.31,195.28,185.235]",boundary-v1-9e4cfdbcfe51,fc6ed5692c5e33a9fffe770a3a11e12d0b94dbf5a1eec4c0ae7c81aee87c07d7,7bd17439943bee509526fbdfe1d93ff9932f73ad9df6491b8f1f8ec4403671a0,9e4cfdbcfe51b861989860b1103b492b54c14c8516d71574938533c2ca8332df,182.7607345787083,-0.0062902640314742965,0.0062902640314742965,180.4856652027321,187.34958479726788,0.024493516884626088
14,10,1.9,8000,142.963,50.673443298555966,0.5665463193477616,"[140.785,144.705,143.555,144.67,138.975,147.45,140.34,145.715,151.3,138.535,145.855,143.49,136.91,139.365,145.895,139.965,146.84,140.925,140.25,147.11,138.9,150.745,142.3,145.76,144.29,141.99,147.525,140.175,140.365,142.35,138.595,142.77,135.8,143.66,144.885,146.93,141.055,144.905,145.625,137.26]",boundary-v1-9e4cfdbcfe51,fc6ed5692c5e33a9fffe770a3a11e12d0b94dbf5a1eec4c0ae7c81aee87c07d7,7bd17439943bee509526fbdfe1d93ff9932f73ad9df6491b8f1f8ec4403671a0,9e4cfdbcfe51b861989860b1103b492b54c14c8516d71574938533c2ca8332df,143.48383120563258,0.0036431188883318723,0.0036431188883318723,140.7953573970852,145.13064260291478,0.019094903825309206
14,128,0.3,8000,1281.04225,130.06526664192802,1.4541738886149342,"[1285.56,1278.04,1282.09,1275.525,1299.255,1275.005,1267.88,1283.205,1273.85,1277.34,1262.575,1289.325,1274.95,1277.03,1267.675,1285.395,1262.455,1275.355,1279.06,1293.335,1283.515,1281.16,1279.24,1279.95,1288.8,1270.615,1280.46,1287.57,1282.62,1289.25,1281.99,1274.315,1290.64,1284.26,1287.7,1282.74,1287.705,1287.235,1286.465,1290.555]",boundary-v1-9e4cfdbcfe51,fc6ed5692c5e33a9fffe770a3a11e12d0b94dbf5a1eec4c0ae7c81aee87c07d7,7bd17439943bee509526fbdfe1d93ff9932f73ad9df6491b8f1f8ec4403671a0,9e4cfdbcfe51b861989860b1103b492b54c14c8516d71574938533c2ca8332df,1278.9964856309425,-0.0015969530818030798,0.0015969530818030798,1275.478487311299,1286.606012688701,0.005914419008392735
14,128,0.975,8000,25158.438375,10291.557096627143,115.0631063118933,"[23853.61,25736.925,24071.275,25380.72,24661.215,25093.18,24720.905,24120.405,24823.84,26641.66,25608.995,24955.48,24676.205,25112.735,26138.99,24433.98,25713.545,24977.465,25258.085,25912.025,25549.57,24650.935,25516.245,25181.38,25225.155,24870.685,24881.105,25420.01,25191.425,24538.465,25040.475,26231.81,26118.48,25720.605,25411.715,23979.235,25150.455,24995.28,25068.91,25704.355]",boundary-v1-9e4cfdbcfe51,fc6ed5692c5e33a9fffe770a3a11e12d0b94dbf5a1eec4c0ae7c81aee87c07d7,7bd17439943bee509526fbdfe1d93ff9932f73ad9df6491b8f1f8ec4403671a0,9e4cfdbcfe51b861989860b1103b492b54c14c8516d71574938533c2ca8332df,25301.84475418078,0.005700130391371259,0.005700130391371259,24718.199540596284,25598.67720940372,0.02361196302448887
14,128,1.025,8000,27939.654375,11148.386442730309,124.64274962691017,"[27871.73,29312.21,29318.29,29067.24,29249.325,27779.885,28179.435,28750.935,27431.375,28250.855,27556.705,29179.71,27688.125,27794.185,27657.215,27091.855,28018.97,27618.165,27416.48,28032.115,26473.24,27666.615,27473.36,28309.755,26994.015,28812.275,27621.015,28358.28,27102.87,27467.46,28576.71,28255.885,28096.385,27540.805,28128.02,27046.28,27155.45,27654.15,27269.205,28319.595]",boundary-v1-9e4cfdbcfe51,fc6ed5692c5e33a9fffe770a3a11e12d0b94dbf5a1eec4c0ae7c81aee87c07d7,7bd17439943bee509526fbdfe1d93ff9932f73ad9df6491b8f1f8ec4403671a0,9e4cfdbcfe51b861989860b1103b492b54c14c8516d71574938533c2ca8332df,27641.681174253146,-0.010664884996339614,0.010664884996339614,27462.763210043213,28416.545539956784,0.02726807044910129
14,128,1.9,8000,7069.33275,1104.40869239943,12.347664555733903,"[7066.81,7036.185,7075.36,7133.3,7110.865,7046.65,6987.985,7110.21,6892.76,7046.585,6992.94,6977.695,7161.105,7138.845,7200.28,6996.39,7056.72,7131.31,7135.05,7169.28,7001.07,6997.665,7081.31,7057.7,7081.945,7004.845,7072.61,7124.795,7113.565,7183.53,7070.54,7090.265,7080.55,7030.215,7107.18,7097.54,7106.875,7059.345,7023.855,6921.585]",boundary-v1-9e4cfdbcfe51,fc6ed5692c5e33a9fffe770a3a11e12d0b94dbf5a1eec4c0ae7c81aee87c07d7,7bd17439943bee509526fbdfe1d93ff9932f73ad9df6491b8f1f8ec4403671a0,9e4cfdbcfe51b861989860b1103b492b54c14c8516d71574938533c2ca8332df,7108.902816393934,0.0055974259231091105,0.0055974259231091105,7022.089792410365,7116.5757075896345,0.01236284732180426
15,10,0.3,8000,102.190625,34.64640073290216,0.3873585360723388,"[100.78,102.265,100.73,103.125,104.615,99.535,105.94,98.26,102.065,103.485,96.7,105.785,101.315,104.29,102.55,103.135,105.235,101.835,106.145,102.165,102.955,98.82,104.02,101.995,101.73,98.66,100.52,100.21,103.775,108.115,99.385,102.545,103.13,100.825,103.415,104.76,98.975,104.365,102.575,96.895]",boundary-v1-9e4cfdbcfe51,fc6ed5692c5e33a9fffe770a3a11e12d0b94dbf5a1eec4c0ae7c81aee87c07d7,7bd17439943bee509526fbdfe1d93ff9932f73ad9df6491b8f1f8ec4403671a0,9e4cfdbcfe51b861989860b1103b492b54c14c8516d71574938533c2ca8332df,103.60210367798881,0.013812212989095728,0.013812212989095728,100.70856636380628,103.67268363619371,0.028731789346794212
15,10,0.975,8000,191.471125,82.86722837422934,0.9264837787588809,"[191.735,191.295,193.345,195.005,188.59,189.315,185.825,191.055,189.505,183.945,199.465,197.9,189.45,193.71,194.365,184.31,193.755,196.84,180.145,194.695,188.51,190.665,181.28,188.87,202.46,186.45,196.585,199.09,188.98,184.245,196.075,195.62,188.38,192.745,193.53,183.76,202.34,194.51,194.48,186.02]",boundary-v1-9e4cfdbcfe51,fc6ed5692c5e33a9fffe770a3a11e12d0b94dbf5a1eec4c0ae7c81aee87c07d7,7bd17439943bee509526fbdfe1d93ff9932f73ad9df6491b8f1f8ec4403671a0,9e4cfdbcfe51b861989860b1103b492b54c14c8516d71574938533c2ca8332df,189.66048280718877,-0.009456476493838064,0.009456476493838064,187.92633856125076,195.01591143874924,0.02746149579308821
15,10,1.025,8000,191.292875,80.62274711676262,0.9013897154292819,"[191.28,197.375,191.195,193.18,181.745,190.795,196.66,200.52,186.77,196.85,197.96,198.57,183.785,196.25,193.295,185.84,190.705,184.795,186.42,192.98,187.21,188.815,198.48,189.265,185.16,187.855,194.255,179.08,190.1,198.465,206.365,184.535,193.07,187.675,188.74,174.775,198.035,192.15,198.775,191.94]",boundary-v1-9e4cfdbcfe51,fc6ed5692c5e33a9fffe770a3a11e12d0b94dbf5a1eec4c0ae7c81aee87c07d7,7bd17439943bee509526fbdfe1d93ff9932f73ad9df6491b8f1f8ec4403671a0,9e4cfdbcfe51b861989860b1103b492b54c14c8516d71574938533c2ca8332df,190.07215202474467,-0.006381434620893965,0.006381434620893965,187.84410005915637,194.74164994084364,0.023977910824507398
15,10,1.9,8000,150.589,53.08541312484842,0.593512961804103,"[148.365,155.405,151.12,153.32,150.37,151.995,156.26,155.11,146.63,147.93,145.61,146.64,148.935,152.65,148.78,148.325,152.81,155.065,153.11,146.54,151.35,147.445,149.49,146.995,153.43,150.61,149.145,156.79,153.62,147.735,143.125,155.095,148.415,149.08,154.35,144.935,148.535,146.025,158.685,153.735]",boundary-v1-9e4cfdbcfe51,fc6ed5692c5e33a9fffe770a3a11e12d0b94dbf5a1eec4c0ae7c81aee87c07d7,7bd17439943bee509526fbdfe1d93ff9932f73ad9df6491b8f1f8ec4403671a0,9e4cfdbcfe51b861989860b1103b492b54c14c8516d71574938533c2ca8332df,152.18592549838604,0.010604529536593259,0.010604529536593259,148.31818129117875,152.85981870882125,0.02607734381271931
15,128,0.3,8000,1373.06425,140.4357384945809,1.5701192887213342,"[1399.075,1371.52,1346.015,1370.125,1363.305,1389.885,1375.15,1368.485,1362.75,1377.705,1371.425,1363.98,1360.12,1383.385,1375.74,1392.14,1375.285,1381.545,1377.76,1370.505,1360.345,1373.045,1362.475,1361.98,1378.25,1377.065,1374.39,1377.09,1370.675,1373.91,1365.195,1383.61,1372.92,1369.82,1361.7,1390.415,1371.585,1372.78,1377.875,1371.545]",boundary-v1-9e4cfdbcfe51,fc6ed5692c5e33a9fffe770a3a11e12d0b94dbf5a1eec4c0ae7c81aee87c07d7,7bd17439943bee509526fbdfe1d93ff9932f73ad9df6491b8f1f8ec4403671a0,9e4cfdbcfe51b861989860b1103b492b54c14c8516d71574938533c2ca8332df,1369.0624824967813,-0.00291447942309955,0.00291447942309955,1367.0568727641742,1379.0716272358256,0.007257886059991225
15,128,0.975,8000,26649.29575,10437.922235081325,116.69951830749191,"[25865.3,25831.215,24705.115,25922.84,26268.82,25930.835,25581.12,26142.56,26659.41,25808.95,27167.98,25818.635,26375.38,25423.995,26733.25,27969.205,27313.7,28319.17,27508.57,26464.35,26691.765,27565.08,26271.705,27301.565,26966.995,26444.645,26671.335,26597.375,27278.805,26705.945,27864.335,26831.0,27974.18,27264.195,26831.815,27434.065,26733.015,27190.1,25858.72,25684.79]",boundary-v1-9e4cfdbcfe51,fc6ed5692c5e33a9fffe770a3a11e12d0b94dbf5a1eec4c0ae7c81aee87c07d7,7bd17439943bee509526fbdfe1d93ff9932f73ad9df6491b8f1f8ec4403671a0,9e4cfdbcfe51b861989860b1103b492b54c14c8516d71574938533c2ca8332df,26671.405528167004,0.0008296571276936367,0.0008296571276936367,26202.795898206456,27095.795601793547,0.01788395527641473
15,128,1.025,8000,29095.24675,11497.362216639389,128.54441739171668,"[29397.41,28748.385,29618.795,28741.81,28936.225,30639.59,30265.985,29679.39,29007.55,29226.385,28964.72,29252.38,28963.11,29585.79,29929.925,29106.595,28896.675,28421.315,27421.655,29531.6,30744.57,28436.425,29835.865,29109.255,27883.71,29276.09,29654.38,28326.975,29152.205,28366.765,29630.895,29363.15,29188.79,27927.965,30196.31,28412.745,27421.57,28083.545,28552.51,29910.86]",boundary-v1-9e4cfdbcfe51,fc6ed5692c5e33a9fffe770a3a11e12d0b94dbf5a1eec4c0ae7c81aee87c07d7,7bd17439943bee509526fbdfe1d93ff9932f73ad9df6491b8f1f8ec4403671a0,9e4cfdbcfe51b861989860b1103b492b54c14c8516d71574938533c2ca8332df,28975.03910748459,-0.004131521672536021,0.004131521672536021,28603.42755359973,29587.065946400267,0.020685621211120497
15,128,1.9,8000,7902.496375,1233.698614642503,13.79316983043977,"[8003.18,7993.055,7994.64,7942.06,7883.08,7990.175,7928.145,8006.56,8048.29,7946.245,7897.155,7954.29,7921.82,7960.14,7884.715,7842.355,7852.405,7820.855,7916.185,7842.13,7954.845,7809.55,7985.845,7846.04,7823.98,7812.885,7874.72,7838.99,7883.635,8009.33,7913.28,7766.65,7961.845,7983.41,7812.73,8027.545,7759.915,7651.935,7870.97,7884.275]",boundary-v1-9e4cfdbcfe51,fc6ed5692c5e33a9fffe770a3a11e12d0b94dbf5a1eec4c0ae7c81aee87c07d7,7bd17439943bee509526fbdfe1d93ff9932f73ad9df6491b8f1f8ec4403671a0,9e4cfdbcfe51b861989860b1103b492b54c14c8516d71574938533c2ca8332df,7932.62672585937,0.0038127636419662495,0.0038127636419662495,7849.722821395201,7955.269928604798,0.010561379853847308
16,10,0.3,8000,109.653375,37.45899922831993,0.41880434321817767,"[109.825,103.25,111.405,110.7,108.67,105.685,111.875,109.69,107.035,106.75,106.81,105.855,110.56,110.05,107.585,106.13,105.145,110.39,111.54,113.88,112.235,107.32,109.67,107.95,117.31,114.04,107.205,108.345,113.49,113.065,107.26,107.31,116.865,110.755,106.27,108.16,115.705,110.8,110.85,108.7]",boundary-v1-9e4cfdbcfe51,fc6ed5692c5e33a9fffe770a3a11e12d0b94dbf5a1eec4c0ae7c81aee87c07d7,7bd17439943bee509526fbdfe1d93ff9932f73ad9df6491b8f1f8ec4403671a0,9e4cfdbcfe51b861989860b1103b492b54c14c8516d71574938533c2ca8332df,110.06373336400502,0.0037423231524339345,0.0037423231524339345,108.05100268613411,111.25574731386588,0.018627598336292017
16,10,0.975,8000,197.46225,84.52532100603875,0.9450218179474678,"[195.595,194.715,199.055,195.715,190.475,198.22,202.175,191.85,195.35,185.305,204.475,197.63,188.99,198.145,198.59,195.89,191.615,199.895,188.465,195.915,197.56,199.23,201.07,197.64,188.505,200.095,187.615,205.26,196.71,207.825,203.15,200.77,196.955,196.305,210.365,198.945,197.68,191.955,210.325,202.465]",boundary-v1-9e4cfdbcfe51,fc6ed5692c5e33a9fffe770a3a11e12d0b94dbf5a1eec4c0ae7c81aee87c07d7,7bd17439943bee509526fbdfe1d93ff9932f73ad9df6491b8f1f8ec4403671a0,9e4cfdbcfe51b861989860b1103b492b54c14c8516d71574938533c2ca8332df,196.81233485525348,-0.003291338697632228,0.003291338697632228,193.84653583275377,201.07796416724625,0.02121380793593497
16,10,1.025,8000,198.38675,83.25522568291399,0.9308217205454101,"[202.415,201.58,184.205,199.62,196.94,196.54,197.24,200.54,198.005,193.08,208.865,198.42,191.295,197.69,189.93,201.715,194.585,199.535,199.915,197.045,197.07,203.07,202.835,208.665,208.19,202.165,198.96,210.62,206.98,189.25,205.075,194.71,188.58,204.045,194.55,190.865,189.98,188.86,203.405,198.435]",boundary-v1-9e4cfdbcfe51,fc6ed5692c5e33a9fffe770a3a11e12d0b94dbf5a1eec4c0ae7c81aee87c07d7,7bd17439943bee509526fbdfe1d93ff9932f73ad9df6491b8f1f8ec4403671a0,9e4cfdbcfe51b861989860b1103b492b54c14c8516d71574938533c2ca8332df,197.3159971115331,-0.005397300416821682,0.005397300416821682,194.8253663173815,201.9481336826185,0.02293725862485696
16,10,1.9,8000,159.782,56.31687513350772,0.629641805394454,"[161.7,159.465,156.37,163.615,153.795,164.635,162.47,167.485,160.075,163.38,157.055,162.76,164.885,163.45,156.79,161.96,155.735,159.985,153.985,161.965,166.2,162.875,157.45,160.775,155.48,161.875,150.885,165.3,153.25,156.45,156.86,156.51,166.975,155.82,165.55,159.31,152.92,165.04,153.755,156.44]",boundary-v1-9e4cfdbcfe51,fc6ed5692c5e33a9fffe770a3a11e12d0b94dbf5a1eec4c0ae7c81aee87c07d7,7bd17439943bee509526fbdfe1d93ff9932f73ad9df6491b8f1f8ec4403671a0,9e4cfdbcfe51b861989860b1103b492b54c14c8516d71574938533c2ca8332df,160.67394639639917,0.005582270821489048,0.005582270821489048,157.372950015313,162.19104998468703,0.020975627518992068
16,128,0.3,8000,1463.722875,147.66532584798503,1.6509485325787565,"[1483.125,1474.985,1473.4,1443.73,1462.69,1448.895,1470.675,1449.095,1464.92,1467.705,1461.365,1475.94,1470.535,1457.28,1454.455,1459.975,1468.055,1465.795,1467.315,1458.045,1471.43,1467.105,1463.415,1475.4,1452.395,1462.955,1446.535,1465.48,1464.78,1460.745,1468.185,1486.975,1477.91,1461.25,1468.16,1463.28,1448.475,1438.795,1450.125,1477.54]",boundary-v1-9e4cfdbcfe51,fc6ed5692c5e33a9fffe770a3a11e12d0b94dbf5a1eec4c0ae7c81aee87c07d7,7bd17439943bee509526fbdfe1d93ff9932f73ad9df6491b8f1f8ec4403671a0,9e4cfdbcfe51b861989860b1103b492b54c14c8516d71574938533c2ca8332df,1459.0325671812268,-0.0032043687359693245,0.0032043687359693245,1457.4062398861097,1470.0395101138902,0.007487515034075964
16,128,0.975,8000,27986.8965,11053.160898449756,123.57809567588151,"[27324.07,27471.63,28099.805,27985.125,26994.825,28568.345,27891.275,29431.66,28953.52,27884.49,28057.285,28094.46,28227.57,27433.445,28336.38,28548.465,29005.925,27054.805,27959.245,27811.68,26357.59,28245.91,27454.23,27965.58,27803.3,28601.025,27766.51,27703.43,28382.045,27888.405,27394.68,27817.835,28756.86,26933.755,28452.25,28983.525,28596.11,28749.73,27907.835,26581.25]",boundary-v1-9e4cfdbcfe51,fc6ed5692c5e33a9fffe770a3a11e12d0b94dbf5a1eec4c0ae7c81aee87c07d7,7bd17439943bee509526fbdfe1d93ff9932f73ad9df6491b8f1f8ec4403671a0,9e4cfdbcfe51b861989860b1103b492b54c14c8516d71574938533c2ca8332df,28020.439972429045,0.0011985420544591728,0.0011985420544591728,27514.078769434716,28459.71423056528,0.018403712776923653
16,128,1.025,8000,30742.641125,12096.388107033777,135.24173044773764,"[30489.53,30836.765,31869.585,30835.585,31531.445,31594.965,31050.615,30437.88,30587.355,31893.445,30595.82,30325.575,31649.085,31097.65,30519.48,29006.065,30800.835,31702.495,30679.935,31215.605,28555.14,30280.825,31270.585,29943.965,31967.18,30138.295,30039.105,31053.185,31499.52,30037.15,31435.415,30443.78,30735.645,30848.175,30917.665,29947.31,30370.57,30437.56,30366.17,30698.69]",boundary-v1-9e4cfdbcfe51,fc6ed5692c5e33a9fffe770a3a11e12d0b94dbf5a1eec4c0ae7c81aee87c07d7,7bd17439943bee509526fbdfe1d93ff9932f73ad9df6491b8f1f8ec4403671a0,9e4cfdbcfe51b861989860b1103b492b54c14c8516d71574938533c2ca8332df,30286.0834266651,-0.01485095885153551,0.01485095885153551,30225.197578728385,31260.084671271612,0.03115798485029797
16,128,1.9,8000,8737.30525,1420.402877483791,15.88058694745031,"[8851.24,8806.17,8738.0,8490.28,8733.18,8718.855,8718.74,8626.435,8692.375,8802.995,8784.025,8870.055,8678.195,8705.29,8828.305,8776.51,8612.77,8823.6,8624.73,8911.205,8757.47,8551.965,8747.74,8748.11,8721.91,8594.025,8835.695,8824.405,8795.615,8904.95,8735.31,8655.675,8598.82,8656.03,8812.99,8873.36,8764.095,8719.315,8628.84,8772.935]",boundary-v1-9e4cfdbcfe51,fc6ed5692c5e33a9fffe770a3a11e12d0b94dbf5a1eec4c0ae7c81aee87c07d7,7bd17439943bee509526fbdfe1d93ff9932f73ad9df6491b8f1f8ec4403671a0,9e4cfdbcfe51b861989860b1103b492b54c14c8516d71574938533c2ca8332df,8776.313917641299,0.0044646108296719205,0.0044646108296719205,8676.545104446117,8798.065395553882,0.011498679715738147
17,10,0.3,8000,115.836875,39.55955491448942,0.4422892697421711,"[119.37,119.165,114.215,115.59,120.83,115.125,110.975,117.985,114.03,115.6,115.45,113.29,116.55,115.035,110.16,119.63,118.965,113.92,114.33,116.825,115.72,117.965,115.61,114.74,115.755,115.48,113.415,112.22,117.66,120.48,112.155,113.61,118.315,114.205,113.84,117.815,116.23,115.395,118.305,117.52]",boundary-v1-9e4cfdbcfe51,fc6ed5692c5e33a9fffe770a3a11e12d0b94dbf5a1eec4c0ae7c81aee87c07d7,7bd17439943bee509526fbdfe1d93ff9932f73ad9df6491b8f1f8ec4403671a0,9e4cfdbcfe51b861989860b1103b492b54c14c8516d71574938533c2ca8332df,116.47864558379658,0.005540296074083242,0.005540296074083242,114.14464784898976,117.52910215101025,0.020447719440114476
17,10,0.975,8000,205.475625,85.93128609011106,0.9607409854573522,"[200.95,203.76,202.49,203.575,219.445,213.17,207.17,203.95,202.185,211.075,202.43,203.7,205.205,202.875,208.79,198.93,205.81,200.555,208.175,224.42,204.925,202.125,196.44,199.81,205.375,206.74,206.88,206.26,204.525,206.425,197.415,205.755,213.595,212.945,199.77,210.59,203.805,200.165,198.25,208.57]",boundary-v1-9e4cfdbcfe51,fc6ed5692c5e33a9fffe770a3a11e12d0b94dbf5a1eec4c0ae7c81aee87c07d7,7bd17439943bee509526fbdfe1d93ff9932f73ad9df6491b8f1f8ec4403671a0,9e4cfdbcfe51b861989860b1103b492b54c14c8516d71574938533c2ca8332df,203.90323703592952,-0.007652430618329967,0.007652430618329967,201.79976828833477,209.15148171166524,0.02509303129380125
17,10,1.025,8000,204.06025,84.27455366234148,0.9422181538122469,"[200.94,202.35,203.91,205.48,203.36,203.585,201.745,208.015,205.795,207.6,207.045,210.205,206.095,206.29,208.335,217.72,194.98,201.825,196.405,201.005,197.995,206.985,199.615,199.305,205.51,200.4,200.5,206.23,205.89,201.935,201.12,207.42,199.07,198.15,207.005,201.785,207.11,203.81,209.575,210.315]",boundary-v1-9e4cfdbcfe51,fc6ed5692c5e33a9fffe770a3a11e12d0b94dbf5a1eec4c0ae7c81aee87c07d7,7bd17439943bee509526fbdfe1d93ff9932f73ad9df6491b8f1f8ec4403671a0,9e4cfdbcfe51b861989860b1103b492b54c14c8516d71574938533c2ca8332df,204.49480991734524,0.0021295667203447997,0.0021295667203447997,200.45526283179376,207.66523716820623,0.02015186345564368
17,10,1.9,8000,168.6725,59.38367449349647,0.6639296646058925,"[165.36,172.37,168.915,179.04,163.82,170.1,171.075,172.925,174.365,164.615,164.685,166.365,162.825,171.925,170.625,166.23,165.705,166.63,170.515,164.195,166.57,172.85,169.21,165.195,176.42,165.675,170.89,179.33,170.315,163.465,170.095,156.02,167.575,163.655,171.14,172.345,165.455,172.6,170.285,165.525]",boundary-v1-9e4cfdbcfe51,fc6ed5692c5e33a9fffe770a3a11e12d0b94dbf5a1eec4c0ae7c81aee87c07d7,7bd17439943bee509526fbdfe1d93ff9932f73ad9df6491b8f1f8ec4403671a0,9e4cfdbcfe51b861989860b1103b492b54c14c8516d71574938533c2ca8332df,168.97429268896235,0.0017892228369315495,0.0017892228369315495,166.1322624639138,171.21273753608622,0.017107033774766522
17,128,0.3,8000,1554.2015,160.11803418371977,1.7901740442921623,"[1573.38,1564.31,1543.815,1550.34,1552.285,1573.39,1557.535,1551.0,1546.33,1560.21,1556.425,1558.51,1550.5,1537.41,1538.635,1569.435,1556.56,1544.305,1545.585,1563.03,1554.47,1554.48,1576.395,1567.34,1537.72,1563.21,1554.675,1580.63,1543.07,1573.69,1553.33,1538.93,1559.115,1539.595,1552.26,1546.795,1558.38,1543.255,1532.11,1545.62]",boundary-v1-9e4cfdbcfe51,fc6ed5692c5e33a9fffe770a3a11e12d0b94dbf5a1eec4c0ae7c81aee87c07d7,7bd17439943bee509526fbdfe1d93ff9932f73ad9df6491b8f1f8ec4403671a0,9e4cfdbcfe51b861989860b1103b492b54c14c8516d71574938533c2ca8332df,1548.9137501154232,-0.0034022293020413825,0.0034022293020413825,1547.3521791368667,1561.0508208631331,0.007774936334871585
17,128,0.975,8000,29371.24975,11256.664464306587,125.8533347104789,"[28991.31,28766.335,30249.9,27999.06,29486.715,30717.45,29699.805,28097.675,28223.535,30234.665,30224.93,29592.52,27950.27,29014.01,28644.745,29546.03,29600.355,29224.065,28452.75,28569.045,29694.385,29305.82,28133.645,28793.265,29112.86,30214.145,29435.215,29764.57,29423.3,29896.84,28868.945,29880.415,29368.51,29586.48,30540.43,29511.255,29945.875,30032.69,30551.75,29504.425]",boundary-v1-9e4cfdbcfe51,fc6ed5692c5e33a9fffe770a3a11e12d0b94dbf5a1eec4c0ae7c81aee87c07d7,7bd17439943bee509526fbdfe1d93ff9932f73ad9df6491b8f1f8ec4403671a0,9e4cfdbcfe51b861989860b1103b492b54c14c8516d71574938533c2ca8332df,29350.881127514604,-0.0006934884507389905,0.0006934884507389905,28889.726808766532,29852.772691233466,0.016812226083986026
17,128,1.025,8000,32155.206375,12436.59208495721,139.0453265520008,"[32826.15,31983.49,31747.93,32739.475,31022.545,31373.435,33320.315,31681.005,31545.025,32176.695,31969.45,32111.74,32825.46,32972.335,31565.83,35152.845,31136.975,32364.965,31927.985,32752.96,33059.1,30947.635,32511.515,32800.345,32601.98,31305.1,33426.18,31820.775,30909.41,30979.935,31077.315,33574.63,32617.775,31203.545,31434.675,31487.015,31647.595,31018.12,33056.105,33532.895]",boundary-v1-9e4cfdbcfe51,fc6ed5692c5e33a9fffe770a3a11e12d0b94dbf5a1eec4c0ae7c81aee87c07d7,7bd17439943bee509526fbdfe1d93ff9932f73ad9df6491b8f1f8ec4403671a0,9e4cfdbcfe51b861989860b1103b492b54c14c8516d71574938533c2ca8332df,31577.18898880305,-0.017975856831892355,0.017975856831892355,31623.21002575656,32687.20272424344,0.033958664031447316
17,128,1.9,8000,9542.73225,1561.5015278371063,17.458117816067748,"[9534.245,9664.42,9554.085,9521.375,9486.085,9454.035,9523.015,9704.635,9725.675,9625.74,9618.195,9374.55,9427.315,9579.31,9564.45,9465.155,9299.72,9526.415,9581.195,9447.895,9490.85,9476.11,9642.16,9369.665,9538.085,9568.57,9606.425,9493.66,9679.195,9695.735,9498.735,9411.98,9614.885,9596.205,9588.525,9628.335,9583.4,9470.055,9545.235,9533.97]",boundary-v1-9e4cfdbcfe51,fc6ed5692c5e33a9fffe770a3a11e12d0b94dbf5a1eec4c0ae7c81aee87c07d7,7bd17439943bee509526fbdfe1d93ff9932f73ad9df6491b8f1f8ec4403671a0,9e4cfdbcfe51b861989860b1103b492b54c14c8516d71574938533c2ca8332df,9638.027867174791,0.009986198363135666,0.009986198363135666,9475.936370029618,9609.52812997038,0.017105591554818167
18,10,0.3,8000,121.651875,41.47246592214023,0.46367626498224523,"[120.54,115.34,122.2,124.8,126.53,123.25,123.205,120.865,118.785,120.88,117.62,128.36,123.555,121.605,122.94,121.245,123.93,122.87,121.99,127.48,122.03,122.42,119.77,120.35,119.675,118.52,118.92,119.855,119.67,124.34,123.465,116.0,125.14,117.585,123.835,120.1,121.875,120.94,120.955,122.64]",boundary-v1-9e4cfdbcfe51,fc6ed5692c5e33a9fffe770a3a11e12d0b94dbf5a1eec4c0ae7c81aee87c07d7,7bd17439943bee509526fbdfe1d93ff9932f73ad9df6491b8f1f8ec4403671a0,9e4cfdbcfe51b861989860b1103b492b54c14c8516d71574938533c2ca8332df,122.84963893660684,0.009845832105808751,0.009845832105808751,119.87781983167231,123.4259301683277,0.024790400001496904
18,10,0.975,8000,212.1355,85.83924327899705,0.9597119155448967,"[222.705,202.01,213.735,197.635,209.015,214.825,207.45,211.38,204.86,213.715,207.05,215.52,205.635,212.82,208.145,211.37,216.9,213.17,217.075,215.695,211.86,215.925,221.0,210.935,211.5,216.765,203.085,209.35,212.94,218.475,210.825,214.645,218.35,212.85,210.085,207.875,220.54,211.32,212.33,214.055]",boundary-v1-9e4cfdbcfe51,fc6ed5692c5e33a9fffe770a3a11e12d0b94dbf5a1eec4c0ae7c81aee87c07d7,7bd17439943bee509526fbdfe1d93ff9932f73ad9df6491b8f1f8ec4403671a0,9e4cfdbcfe51b861989860b1103b492b54c14c8516d71574938533c2ca8332df,210.93478576140336,-0.005660128731856035,0.005660128731856035,208.4635805759094,215.80741942409063,0.022578619751306483
18,10,1.025,8000,212.76775,87.47300869893441,0.9779779682362388,"[214.35,202.685,221.385,207.735,203.425,207.645,205.84,223.8,211.35,215.53,208.515,214.87,222.255,216.67,206.965,215.52,206.04,219.43,212.445,221.085,216.75,206.525,214.8,219.31,206.94,207.3,215.875,210.305,197.475,210.62,195.575,215.76,211.405,221.42,229.32,221.48,214.665,209.08,218.395,210.17]",boundary-v1-9e4cfdbcfe51,fc6ed5692c5e33a9fffe770a3a11e12d0b94dbf5a1eec4c0ae7c81aee87c07d7,7bd17439943bee509526fbdfe1d93ff9932f73ad9df6491b8f1f8ec4403671a0,9e4cfdbcfe51b861989860b1103b492b54c14c8516d71574938533c2ca8332df,211.61068771230757,-0.005438146935766536,0.005438146935766536,209.02594348521853,216.50955651478148,0.022626570768202847
18,10,1.9,8000,177.66325,61.9392820330511,0.6925022255171681,"[170.65,180.855,179.225,167.49,183.105,188.85,173.93,176.0,180.86,179.31,174.015,180.29,176.185,170.16,182.325,170.325,174.95,172.395,183.81,174.56,181.785,176.825,174.815,182.94,175.685,176.61,179.065,181.93,173.235,173.99,182.545,178.785,185.225,172.35,178.59,178.565,186.925,178.01,178.075,171.29]",boundary-v1-9e4cfdbcfe51,fc6ed5692c5e33a9fffe770a3a11e12d0b94dbf5a1eec4c0ae7c81aee87c07d7,7bd17439943bee509526fbdfe1d93ff9932f73ad9df6491b8f1f8ec4403671a0,9e4cfdbcfe51b861989860b1103b492b54c14c8516d71574938533c2ca8332df,177.1082879779052,-0.003123673703451888,0.003123673703451888,175.01369201086248,180.31280798913753,0.01777200436823856
18,128,0.3,8000,1649.14725,167.35235334081378,1.871056191323118,"[1647.295,1690.055,1644.835,1651.11,1642.115,1655.49,1668.56,1669.04,1664.04,1645.785,1655.195,1639.97,1648.645,1645.425,1654.6,1652.5,1633.47,1614.725,1653.995,1626.195,1636.445,1658.595,1629.21,1655.855,1654.705,1649.25,1637.825,1637.825,1646.275,1644.53,1671.385,1662.6,1656.93,1642.675,1646.835,1643.05,1658.345,1636.8,1652.965,1640.745]",boundary-v1-9e4cfdbcfe51,fc6ed5692c5e33a9fffe770a3a11e12d0b94dbf5a1eec4c0ae7c81aee87c07d7,7bd17439943bee509526fbdfe1d93ff9932f73ad9df6491b8f1f8ec4403671a0,9e4cfdbcfe51b861989860b1103b492b54c14c8516d71574938533c2ca8332df,1638.712241986488,-0.0063275174569839415,0.0063275174569839415,1641.9884688478628,1656.3060311521372,0.010622305802636567
18,128,0.975,8000,30580.668875,11611.494634184102,129.82045661204853,"[31188.89,29646.315,31254.91,30518.67,30059.02,30082.42,30644.48,30307.39,30279.4,31034.34,31194.155,30487.65,29391.01,31581.53,29857.17,31683.92,30822.82,31403.84,30012.5,30366.775,31364.975,30596.52,31337.865,31647.51,30337.14,30018.325,31168.49,30155.9,31231.53,29344.325,28802.46,30573.115,29566.685,30150.09,30606.63,29944.605,31211.09,31235.625,30514.555,31602.115]",boundary-v1-9e4cfdbcfe51,fc6ed5692c5e33a9fffe770a3a11e12d0b94dbf5a1eec4c0ae7c81aee87c07d7,7bd17439943bee509526fbdfe1d93ff9932f73ad9df6491b8f1f8ec4403671a0,9e4cfdbcfe51b861989860b1103b492b54c14c8516d71574938533c2ca8332df,30664.315841774813,0.002735288986539976,0.002735288986539976,30083.967470592153,31077.370279407845,0.01929095195804753
18,128,1.025,8000,33372.3995,12861.179944365325,143.79236313228915,"[34368.88,33171.185,33604.075,34667.795,32965.04,32771.595,33462.635,32848.64,34077.82,33689.225,34227.695,34478.24,32713.98,32654.935,33304.52,31258.225,32728.15,35356.105,32294.02,32996.815,31668.93,34116.595,33142.68,35390.645,33516.165,33546.285,33775.025,34521.44,33961.98,32916.875,33379.305,31679.33,33772.04,32565.355,33188.605,31623.845,32594.82,33729.465,35144.42,33022.6]",boundary-v1-9e4cfdbcfe51,fc6ed5692c5e33a9fffe770a3a11e12d0b94dbf5a1eec4c0ae7c81aee87c07d7,7bd17439943bee509526fbdfe1d93ff9932f73ad9df6491b8f1f8ec4403671a0,9e4cfdbcfe51b861989860b1103b492b54c14c8516d71574938533c2ca8332df,32850.21578564872,-0.015647173178281116,0.015647173178281116,32822.24068393324,33922.55831606676,0.03161148756608223
18,128,1.9,8000,10449.2135,1765.9647499610553,19.74408613390669,"[10230.31,10391.51,10614.215,10481.635,10353.775,10340.38,10575.97,10607.355,10403.675,10391.725,10647.615,10270.385,10394.245,10499.135,10556.775,10528.03,10565.005,10390.1,10208.9,10498.92,10525.615,10443.005,10289.27,10499.28,10377.67,10607.475,10385.63,10631.595,10571.025,10368.955,10396.915,10519.895,10480.27,10564.7,10259.78,10649.97,10543.51,10414.665,10336.435,10153.22]",boundary-v1-9e4cfdbcfe51,fc6ed5692c5e33a9fffe770a3a11e12d0b94dbf5a1eec4c0ae7c81aee87c07d7,7bd17439943bee509526fbdfe1d93ff9932f73ad9df6491b8f1f8ec4403671a0,9e4cfdbcfe51b861989860b1103b492b54c14c8516d71574938533c2ca8332df,10516.0806503745,0.0063992519986792165,0.0063992519986792165,10373.671358434687,10524.755641565313,0.013727954840599743
19,10,0.3,8000,128.8055,43.84182857718898,0.49016654478243715,"[129.69,128.475,133.74,128.705,129.365,130.175,128.745,126.55,132.135,124.67,128.615,129.64,125.585,117.57,127.21,131.45,129.915,135.15,133.195,127.07,127.815,135.505,132.65,128.315,130.305,124.54,131.84,131.325,121.705,131.415,128.31,131.37,126.375,127.58,126.21,125.985,128.285,128.075,125.045,131.92]",boundary-v1-9e4cfdbcfe51,fc6ed5692c5e33a9fffe770a3a11e12d0b94dbf5a1eec4c0ae7c81aee87c07d7,7bd17439943bee509526fbdfe1d93ff9932f73ad9df6491b8f1f8ec4403671a0,9e4cfdbcfe51b861989860b1103b492b54c14c8516d71574938533c2ca8332df,129.17915790361516,0.0029009468044079497,0.0029009468044079497,126.93009131988154,130.68090868011845,0.017718939302309833
19,10,0.975,8000,219.976375,90.06712262352777,1.0069810436200863,"[218.455,210.3,225.155,217.82,222.42,224.57,222.52,211.425,220.64,226.13,215.37,230.235,218.43,215.755,217.14,218.24,216.655,224.505,230.375,219.295,214.375,212.935,223.25,225.855,231.57,221.895,235.13,207.29,226.74,211.455,212.395,224.495,215.905,215.61,230.01,215.405,225.005,216.22,214.135,213.945]",boundary-v1-9e4cfdbcfe51,fc6ed5692c5e33a9fffe770a3a11e12d0b94dbf5a1eec4c0ae7c81aee87c07d7,7bd17439943bee509526fbdfe1d93ff9932f73ad9df6491b8f1f8ec4403671a0,9e4cfdbcfe51b861989860b1103b492b54c14c8516d71574938533c2ca8332df,217.9083130418874,-0.009401291198259786,0.009401291198259786,216.12360085614634,223.82914914385364,0.026452480048346882
19,10,1.025,8000,220.419625,90.17585735947117,1.008196734925511,"[216.34,208.795,215.825,226.935,210.205,216.125,222.445,216.4,218.935,224.1,215.755,216.945,226.42,222.47,222.335,217.2,211.98,218.695,220.715,223.03,215.79,228.78,217.31,225.905,223.025,224.65,222.19,216.345,216.625,218.99,232.295,225.33,228.815,215.985,225.62,228.04,211.68,224.87,223.38,219.51]",boundary-v1-9e4cfdbcfe51,fc6ed5692c5e33a9fffe770a3a11e12d0b94dbf5a1eec4c0ae7c81aee87c07d7,7bd17439943bee509526fbdfe1d93ff9932f73ad9df6491b8f1f8ec4403671a0,9e4cfdbcfe51b861989860b1103b492b54c14c8516d71574938533c2ca8332df,218.66537890868324,-0.007958665619346548,0.007958665619346548,216.56219954313693,224.27705045686307,0.025021158146803613
19,10,1.9,8000,183.989,64.48282238936127,0.7209398712182861,"[182.66,192.3,185.4,180.07,181.99,191.335,180.465,184.94,188.085,180.82,184.915,185.11,178.285,191.3,183.81,173.515,181.105,179.695,190.41,186.515,192.425,184.87,183.805,180.99,180.55,180.81,181.57,175.96,187.645,188.9,186.665,178.98,184.7,179.41,181.515,186.415,183.805,194.565,181.275,181.98]",boundary-v1-9e4cfdbcfe51,fc6ed5692c5e33a9fffe770a3a11e12d0b94dbf5a1eec4c0ae7c81aee87c07d7,7bd17439943bee509526fbdfe1d93ff9932f73ad9df6491b8f1f8ec4403671a0,9e4cfdbcfe51b861989860b1103b492b54c14c8516d71574938533c2ca8332df,185.09324273851917,0.006001678027051408,0.006001678027051408,181.2306377520698,186.7473622479302,0.021313200871331484
19,128,0.3,8000,1735.65225,178.75594054666433,1.9985521722212618,"[1739.68,1751.355,1748.055,1710.41,1727.76,1737.57,1750.145,1725.325,1740.3,1733.94,1736.53,1719.865,1691.825,1729.74,1741.055,1720.19,1732.505,1744.48,1741.4,1739.595,1750.99,1744.035,1729.825,1751.285,1757.315,1727.66,1755.775,1712.04,1728.655,1714.19,1714.725,1743.59,1744.53,1755.125,1741.235,1717.15,1747.125,1735.115,1743.75,1750.25]",boundary-v1-9e4cfdbcfe51,fc6ed5692c5e33a9fffe770a3a11e12d0b94dbf5a1eec4c0ae7c81aee87c07d7,7bd17439943bee509526fbdfe1d93ff9932f73ad9df6491b8f1f8ec4403671a0,9e4cfdbcfe51b861989860b1103b492b54c14c8516d71574938533c2ca8332df,1728.4335845791882,-0.00415905053608056,0.00415905053608056,1728.0056610368204,1743.2988389631798,0.008527083281276493
19,128,0.975,8000,31692.697625,11912.663103331306,133.187622460512,"[30715.545,31700.11,32179.365,30235.93,32326.655,31128.28,31999.09,32018.875,32710.94,32611.925,31977.58,31580.65,32451.69,30958.24,31590.11,31223.515,32607.35,31759.215,32230.46,32512.685,31554.975,31587.495,32378.295,30793.43,29896.105,31442.24,32230.585,31118.985,30542.165,32653.545,31680.165,31348.81,31696.65,32714.165,30540.52,31548.92,31848.06,31831.665,31893.72,31889.2]",boundary-v1-9e4cfdbcfe51,fc6ed5692c5e33a9fffe770a3a11e12d0b94dbf5a1eec4c0ae7c81aee87c07d7,7bd17439943bee509526fbdfe1d93ff9932f73ad9df6491b8f1f8ec4403671a0,9e4cfdbcfe51b861989860b1103b492b54c14c8516d71574938533c2ca8332df,31962.05726473795,0.008499107362999298,0.008499107362999298,31183.113227807717,32202.282022192285,0.024979675096571397
19,128,1.025,8000,34657.432625,13054.885543869432,145.9580575728568,"[35905.265,33733.725,34350.425,36328.195,34358.805,34372.255,33067.855,35293.35,36826.295,33577.96,33955.61,36568.245,35252.905,34412.205,35346.5,33888.03,32845.725,33443.95,34225.8,34853.705,34409.115,34337.115,34284.28,35367.78,34894.615,35552.215,33927.445,35322.555,34311.745,34552.09,34807.88,35529.085,34067.655,33644.3,34205.91,34472.37,35186.51,35584.715,35599.345,33633.775]",boundary-v1-9e4cfdbcfe51,fc6ed5692c5e33a9fffe770a3a11e12d0b94dbf5a1eec4c0ae7c81aee87c07d7,7bd17439943bee509526fbdfe1d93ff9932f73ad9df6491b8f1f8ec4403671a0,9e4cfdbcfe51b861989860b1103b492b54c14c8516d71574938533c2ca8332df,34106.64487633052,-0.015892341323406896,0.015892341323406896,34098.98772291705,35215.87752708295,0.03149808349655259
19,128,1.9,8000,11350.760375,1926.0162001538997,21.533515746549803,"[11090.315,11212.285,11369.325,11280.14,11162.68,11344.03,11292.935,11203.62,11295.115,11294.75,11349.54,11580.955,11541.755,11280.525,11620.625,11709.67,11124.305,11133.95,11129.01,11384.99,11310.32,11250.36,11258.905,11453.76,11444.1,11411.915,11587.745,11280.125,11498.77,11269.855,11509.01,11369.4,11185.63,11426.46,11332.02,11424.135,11132.55,11650.52,11527.625,11306.69]",boundary-v1-9e4cfdbcfe51,fc6ed5692c5e33a9fffe770a3a11e12d0b94dbf5a1eec4c0ae7c81aee87c07d7,7bd17439943bee509526fbdfe1d93ff9932f73ad9df6491b8f1f8ec4403671a0,9e4cfdbcfe51b861989860b1103b492b54c14c8516d71574938533c2ca8332df,11408.986857247897,0.005129742882788799,0.005129742882788799,11268.371760814853,11433.148989185147,0.012478741331735765
20,10,0.3,8000,134.370875,44.92592925165005,0.5022871587951788,"[131.365,130.635,141.355,133.335,128.695,127.525,133.61,129.775,135.17,139.6,140.335,139.09,129.545,133.355,133.825,136.465,132.215,130.01,140.08,135.325,133.19,135.475,132.725,134.81,132.025,143.39,133.885,139.425,131.485,133.7,130.07,137.45,142.05,134.31,136.84,131.71,136.175,133.485,129.295,132.03]",boundary-v1-9e4cfdbcfe51,fc6ed5692c5e33a9fffe770a3a11e12d0b94dbf5a1eec4c0ae7c81aee87c07d7,7bd17439943bee509526fbdfe1d93ff9932f73ad9df6491b8f1f8ec4403671a0,9e4cfdbcfe51b861989860b1103b492b54c14c8516d71574938533c2ca8332df,135.46933303208428,0.008174822349592251,0.008174822349592251,132.4490920722512,136.29265792774882,0.022803032565791526
20,10,0.975,8000,227.303875,91.08785819044759,1.018393214193509,"[216.44,239.505,230.055,227.56,218.005,217.2,238.6,229.965,228.445,222.795,223.59,228.915,230.165,234.91,232.125,227.235,232.585,219.29,237.915,219.67,223.825,224.105,235.465,224.31,220.34,223.195,215.79,229.825,226.68,218.32,231.27,218.645,230.38,236.89,230.76,231.685,226.995,234.68,225.27,228.755]",boundary-v1-9e4cfdbcfe51,fc6ed5692c5e33a9fffe770a3a11e12d0b94dbf5a1eec4c0ae7c81aee87c07d7,7bd17439943bee509526fbdfe1d93ff9932f73ad9df6491b8f1f8ec4403671a0,9e4cfdbcfe51b861989860b1103b492b54c14c8516d71574938533c2ca8332df,224.8249422425362,-0.01090580949164993,0.01090580949164993,223.40743715861294,231.20031284138707,0.02757509503555322
20,10,1.025,8000,226.360875,89.91154072130416,1.0052415850728829,"[228.28,226.8,231.36,214.325,221.43,232.4,231.905,224.875,231.705,218.12,222.8,219.48,227.765,222.37,235.32,227.665,216.29,237.16,215.56,222.18,232.535,234.175,224.655,217.535,220.965,230.19,223.445,236.785,237.355,232.01,222.36,219.505,230.205,225.54,230.555,234.75,222.515,236.96,209.67,224.935]",boundary-v1-9e4cfdbcfe51,fc6ed5692c5e33a9fffe770a3a11e12d0b94dbf5a1eec4c0ae7c81aee87c07d7,7bd17439943bee509526fbdfe1d93ff9932f73ad9df6491b8f1f8ec4403671a0,9e4cfdbcfe51b861989860b1103b492b54c14c8516d71574938533c2ca8332df,225.66035418708796,-0.0030947080095534707,0.0030947080095534707,222.51475613626056,230.20699386373943,0.019750223919533183
20,10,1.9,8000,192.402625,66.09290281175912,0.7389411175869018,"[184.89,194.84,187.525,192.445,190.99,196.14,199.225,189.37,189.335,187.44,198.88,193.54,189.47,186.59,193.395,193.8,197.485,191.935,195.895,191.18,195.625,191.62,188.64,189.83,192.725,188.665,191.835,188.535,196.23,187.335,196.585,188.96,189.385,195.2,184.56,195.74,200.585,199.985,195.145,194.55]",boundary-v1-9e4cfdbcfe51,fc6ed5692c5e33a9fffe770a3a11e12d0b94dbf5a1eec4c0ae7c81aee87c07d7,7bd17439943bee509526fbdfe1d93ff9932f73ad9df6491b8f1f8ec4403671a0,9e4cfdbcfe51b861989860b1103b492b54c14c8516d71574938533c2ca8332df,192.94329816286967,0.002810113234524041,0.002810113234524041,189.57538882737626,195.22986117262374,0.017765540961438564
20,128,0.3,8000,1828.0655,186.0973112000936,2.0806311913667113,"[1814.77,1839.495,1831.55,1828.615,1833.42,1840.53,1832.04,1811.435,1811.67,1836.035,1810.83,1815.335,1824.645,1816.47,1838.095,1810.455,1813.435,1826.45,1819.365,1816.68,1810.605,1831.925,1848.545,1841.485,1847.865,1861.205,1797.785,1833.325,1833.81,1832.245,1838.13,1843.565,1817.9,1822.67,1819.365,1843.865,1826.035,1836.455,1818.075,1846.445]",boundary-v1-9e4cfdbcfe51,fc6ed5692c5e33a9fffe770a3a11e12d0b94dbf5a1eec4c0ae7c81aee87c07d7,7bd17439943bee509526fbdfe1d93ff9932f73ad9df6491b8f1f8ec4403671a0,9e4cfdbcfe51b861989860b1103b492b54c14c8516d71574938533c2ca8332df,1818.0827555372418,-0.005460824277225346,0.005460824277225346,1820.1048714382398,1836.02612856176,0.009772939908308409
20,128,0.975,8000,33230.8945,12199.949554332625,136.39958262778006,"[33880.32,32859.67,33887.09,33432.865,32930.545,31670.11,32178.64,33117.355,33572.115,31835.385,32344.295,34031.63,31407.93,34109.93,32945.42,33235.515,33875.24,32272.185,32829.295,33817.745,34401.785,32715.68,32505.28,33496.135,33558.915,32821.13,33045.415,33556.19,32663.91,34226.345,32797.38,33659.24,34119.325,33595.195,32849.67,34228.865,32894.4,34117.905,33691.965,34057.77]",boundary-v1-9e4cfdbcfe51,fc6ed5692c5e33a9fffe770a3a11e12d0b94dbf5a1eec4c0ae7c81aee87c07d7,7bd17439943bee509526fbdfe1d93ff9932f73ad9df6491b8f1f8ec4403671a0,9e4cfdbcfe51b861989860b1103b492b54c14c8516d71574938533c2ca8332df,33245.20008989733,0.0004304906657666185,0.0004304906657666185,32709.020936927245,33752.76806307276,0.016392393829335106
20,128,1.025,8000,35905.341375,13555.93824276997,151.55999704811347,"[36554.98,35410.245,35554.86,36447.735,34067.065,34651.33,37208.205,35935.565,36153.83,36917.975,34792.72,34809.36,33646.735,35045.05,36941.865,35659.52,35846.48,34861.115,36469.15,34497.07,35681.59,37655.115,35746.24,35740.9,34620.56,38173.69,35641.625,38033.28,37884.77,35021.335,35627.2,36908.565,34509.94,36077.145,35765.965,37096.74,36352.63,36523.125,36653.36,35029.025]",boundary-v1-9e4cfdbcfe51,fc6ed5692c5e33a9fffe770a3a11e12d0b94dbf5a1eec4c0ae7c81aee87c07d7,7bd17439943bee509526fbdfe1d93ff9932f73ad9df6491b8f1f8ec4403671a0,9e4cfdbcfe51b861989860b1103b492b54c14c8516d71574938533c2ca8332df,35347.67260087679,-0.015531638267934899,0.015531638267934899,35325.46309271348,36485.21965728653,0.03117829814634432
20,128,1.9,8000,12231.830375,2106.478966618694,23.55115081266455,"[12362.375,12274.02,12410.1,12175.52,12298.225,12433.14,12030.36,12408.485,12181.565,12197.56,12015.04,11895.79,12306.14,12116.25,12271.795,11990.85,11949.12,12145.69,11964.105,12027.665,12278.79,12474.92,12194.325,12227.61,12465.985,12407.19,12381.225,12277.77,12453.91,12247.315,12032.74,12316.58,12193.005,12593.555,12287.92,12232.07,12207.375,12241.99,11852.67,12452.475]",boundary-v1-9e4cfdbcfe51,fc6ed5692c5e33a9fffe770a3a11e12d0b94dbf5a1eec4c0ae7c81aee87c07d7,7bd17439943bee509526fbdfe1d93ff9932f73ad9df6491b8f1f8ec4403671a0,9e4cfdbcfe51b861989860b1103b492b54c14c8516d71574938533c2ca8332df,12315.42633324073,0.006834296722393062,0.006834296722393062,12141.722159474082,12321.938590525917,0.014306386811125282
21,10,0.3,8000,139.486375,46.13762726279447,0.5158343544007798,"[134.2,138.205,146.175,135.125,140.39,143.045,140.785,140.285,139.59,139.94,139.43,139.625,136.755,138.715,139.985,139.625,139.16,137.89,139.085,138.1,138.34,138.13,139.04,141.265,139.235,143.95,136.93,137.765,142.89,137.46,143.315,144.48,137.445,137.36,137.4,142.82,137.68,137.95,141.055,138.835]",boundary-v1-9e4cfdbcfe51,fc6ed5692c5e33a9fffe770a3a11e12d0b94dbf5a1eec4c0ae7c81aee87c07d7,7bd17439943bee509526fbdfe1d93ff9932f73ad9df6491b8f1f8ec4403671a0,9e4cfdbcfe51b861989860b1103b492b54c14c8516d71574938533c2ca8332df,141.72201856719812,0.01602768418921282,0.01602768418921282,137.51275963182775,141.45999036817227,0.030609951735679708
21,10,0.975,8000,233.451,92.79029908320425,1.0374270820129055,"[223.555,227.025,243.36,229.06,232.795,222.655,237.725,242.49,222.495,226.495,238.795,234.76,224.685,237.175,236.295,232.515,227.26,240.505,232.88,247.915,227.13,232.105,223.545,244.77,224.95,231.39,235.42,225.615,227.41,235.92,228.895,233.035,235.0,246.57,234.085,231.59,242.615,243.435,226.48,247.64]",boundary-v1-9e4cfdbcfe51,fc6ed5692c5e33a9fffe770a3a11e12d0b94dbf5a1eec4c0ae7c81aee87c07d7,7bd17439943bee509526fbdfe1d93ff9932f73ad9df6491b8f1f8ec4403671a0,9e4cfdbcfe51b861989860b1103b492b54c14c8516d71574938533c2ca8332df,231.6856297846706,-0.007562058913131226,0.007562058913131226,229.481737357931,237.420262642069,0.02415393190784154
21,10,1.025,8000,233.656625,92.53141345737093,1.0345326527241012,"[247.05,239.33,226.56,246.195,237.7,246.34,241.7,232.84,235.495,237.02,231.025,230.965,236.78,229.965,228.15,234.045,225.62,228.83,225.825,222.55,243.24,221.425,239.58,218.17,240.82,222.25,240.9,236.735,225.54,247.41,227.295,222.24,229.625,236.465,228.24,239.985,221.88,246.19,240.325,233.965]",boundary-v1-9e4cfdbcfe51,fc6ed5692c5e33a9fffe770a3a11e12d0b94dbf5a1eec4c0ae7c81aee87c07d7,7bd17439943bee509526fbdfe1d93ff9932f73ad9df6491b8f1f8ec4403671a0,9e4cfdbcfe51b861989860b1103b492b54c14c8516d71574938533c2ca8332df,232.59686089491586,-0.004535561981536486,0.004535561981536486,229.6984366302778,237.61481336972219,0.021118011977639295
21,10,1.9,8000,201.232,70.5329836936138,0.7885827309740232,"[195.835,208.07,193.635,197.44,194.895,202.625,204.435,197.835,201.445,194.18,197.68,206.565,198.81,202.635,193.33,212.42,201.93,204.975,188.065,207.965,205.66,196.16,203.165,203.04,212.14,203.19,208.425,194.58,200.15,202.96,197.82,206.75,205.57,206.255,200.15,194.325,204.445,196.285,199.3,204.14]",boundary-v1-9e4cfdbcfe51,fc6ed5692c5e33a9fffe770a3a11e12d0b94dbf5a1eec4c0ae7c81aee87c07d7,7bd17439943bee509526fbdfe1d93ff9932f73ad9df6491b8f1f8ec4403671a0,9e4cfdbcfe51b861989860b1103b492b54c14c8516d71574938533c2ca8332df,200.6700864505173,-0.0027923667681219217,0.0027923667681219217,198.21483182644255,204.24916817355745,0.017523115296111724
21,128,0.3,8000,1917.947875,199.65827702961047,2.232247398543469,"[1908.085,1903.88,1919.595,1926.545,1906.95,1929.905,1940.46,1923.44,1916.0,1895.535,1908.725,1928.27,1925.435,1932.185,1910.735,1904.765,1948.94,1928.105,1919.75,1907.505,1891.65,1946.83,1939.685,1912.35,1902.98,1914.395,1931.58,1933.545,1898.1,1910.65,1919.735,1918.96,1910.035,1923.355,1902.745,1903.06,1933.385,1939.585,1917.995,1882.485]",boundary-v1-9e4cfdbcfe51,fc6ed5692c5e33a9fffe770a3a11e12d0b94dbf5a1eec4c0ae7c81aee87c07d7,7bd17439943bee509526fbdfe1d93ff9932f73ad9df6491b8f1f8ec4403671a0,9e4cfdbcfe51b861989860b1103b492b54c14c8516d71574938533c2ca8332df,1907.6642530252122,-0.005361783867451466,0.005361783867451466,1909.4071530923914,1926.4885969076088,0.00977132380259782
21,128,0.975,8000,34306.294875,12660.428181489007,141.54789019031733,"[33453.68,33284.22,32826.0,33730.17,34031.795,34428.595,35206.28,33783.7,33796.835,33486.48,34827.925,34675.925,34404.125,33545.74,34428.64,33421.68,34302.32,35580.77,34369.47,34015.055,34944.575,34320.435,34555.015,34261.97,33727.265,34718.24,36250.285,35041.11,33899.975,33448.345,35538.11,34161.52,36494.545,33804.06,33956.38,34051.995,33745.925,34378.645,35390.805,33963.19]",boundary-v1-9e4cfdbcfe51,fc6ed5692c5e33a9fffe770a3a11e12d0b94dbf5a1eec4c0ae7c81aee87c07d7,7bd17439943bee509526fbdfe1d93ff9932f73ad9df6491b8f1f8ec4403671a0,9e4cfdbcfe51b861989860b1103b492b54c14c8516d71574938533c2ca8332df,34514.66308632214,0.006073760284558969,0.006073760284558969,33764.72355655516,34847.86619344484,0.02221074099750453
21,128,1.025,8000,37142.7245,13804.209749826388,154.33575688138583,"[36086.415,36389.24,37813.665,38296.03,36245.18,37627.43,40310.445,38807.3,37077.93,38968.075,38067.025,38221.225,37405.985,38492.825,35671.435,35696.975,35536.955,36410.52,36848.52,35736.69,37704.305,36975.745,38604.805,36524.06,36770.87,36837.33,37995.99,35882.685,36697.695,34620.72,36200.0,36418.32,36031.035,37833.385,38002.04,37358.53,37823.145,37725.105,36323.05,37670.3]",boundary-v1-9e4cfdbcfe51,fc6ed5692c5e33a9fffe770a3a11e12d0b94dbf5a1eec4c0ae7c81aee87c07d7,7bd17439943bee509526fbdfe1d93ff9932f73ad9df6491b8f1f8ec4403671a0,9e4cfdbcfe51b861989860b1103b492b54c14c8516d71574938533c2ca8332df,36574.27749161123,-0.015304397187900541,0.015304397187900541,36552.2259823248,37733.22301767519,0.03071419384241525
21,128,1.9,8000,13137.650125,2298.452637814954,25.697481706089704,"[13425.33,12836.785,12957.32,13273.005,13267.485,12877.385,13133.05,12810.93,13237.735,13108.325,13033.895,13319.11,13169.195,13264.92,13520.12,13237.11,13028.73,13319.31,13153.62,13238.265,12850.375,13025.935,13119.37,13194.955,13027.14,12834.04,13170.015,13122.565,12962.56,13250.765,13172.255,13188.625,13150.425,13219.435,13143.295,13209.655,13073.885,13301.75,13062.89,13214.445]",boundary-v1-9e4cfdbcfe51,fc6ed5692c5e33a9fffe770a3a11e12d0b94dbf5a1eec4c0ae7c81aee87c07d7,7bd17439943bee509526fbdfe1d93ff9932f73ad9df6491b8f1f8ec4403671a0,9e4cfdbcfe51b861989860b1103b492b54c14c8516d71574938533c2ca8332df,13234.214340047103,0.007350189274971506,0.007350189274971506,13039.329909632841,13235.97034036716,0.014945893060830606
22,10,0.3,8000,147.419125,48.03313551078828,0.5370267808729083,"[142.88,150.59,155.35,148.185,142.575,143.02,149.215,145.32,141.53,136.23,149.68,147.235,150.74,143.96,144.955,151.63,150.505,142.815,140.925,146.655,147.415,144.19,144.84,146.06,147.625,155.575,152.175,146.28,148.355,154.18,150.13,141.975,149.475,153.96,152.325,147.945,153.095,144.105,143.535,149.53]",boundary-v1-9e4cfdbcfe51,fc6ed5692c5e33a9fffe770a3a11e12d0b94dbf5a1eec4c0ae7c81aee87c07d7,7bd17439943bee509526fbdfe1d93ff9932f73ad9df6491b8f1f8ec4403671a0,9e4cfdbcfe51b861989860b1103b492b54c14c8516d71574938533c2ca8332df,147.9388265665451,0.0035253334093868797,0.0035253334093868797,145.36442604711218,149.47382395288784,0.017709976157430418
22,10,0.975,8000,238.7765,93.94446494105777,1.0503310485902548,"[243.46,225.86,235.62,234.255,250.08,232.825,228.055,230.41,232.02,238.725,237.26,246.88,236.765,244.945,244.455,235.25,244.27,237.2,243.775,236.53,247.58,226.57,244.17,239.74,233.99,247.18,230.3,248.61,232.745,239.495,244.47,235.215,239.385,237.985,254.57,244.03,242.395,233.43,230.14,240.42]",boundary-v1-9e4cfdbcfe51,fc6ed5692c5e33a9fffe770a3a11e12d0b94dbf5a1eec4c0ae7c81aee87c07d7,7bd17439943bee509526fbdfe1d93ff9932f73ad9df6491b8f1f8ec4403671a0,9e4cfdbcfe51b861989860b1103b492b54c14c8516d71574938533c2ca8332df,238.49119686233217,-0.0011948543414775933,0.0011948543414775933,234.75786595307952,242.79513404692048,0.017726620434479368
22,10,1.025,8000,239.5895,92.21612232360484,1.0310075906850813,"[235.505,227.99,240.155,239.93,235.465,244.07,246.38,247.59,238.925,233.645,227.02,237.4,263.56,249.805,226.22,236.055,239.455,242.57,241.375,236.375,235.71,235.53,233.345,245.035,230.11,231.405,234.68,252.24,251.89,249.615,246.08,238.88,245.25,238.97,238.825,240.885,245.145,235.26,230.84,234.395]",boundary-v1-9e4cfdbcfe51,fc6ed5692c5e33a9fffe770a3a11e12d0b94dbf5a1eec4c0ae7c81aee87c07d7,7bd17439943bee509526fbdfe1d93ff9932f73ad9df6491b8f1f8ec4403671a0,9e4cfdbcfe51b861989860b1103b492b54c14c8516d71574938533c2ca8332df,239.47596508019956,-0.0004738726855744062,0.0004738726855744062,235.6447987440278,243.53420125597216,0.016663927098712117
22,10,1.9,8000,209.120625,73.455777808972,0.8212605626049098,"[203.49,218.635,213.545,210.3,211.84,213.155,209.23,215.34,207.175,209.215,208.02,210.66,211.81,213.53,204.49,210.925,214.605,210.66,216.25,215.045,210.045,209.89,209.22,203.57,207.48,202.41,204.28,205.895,212.595,204.965,208.73,209.305,203.575,206.65,210.825,209.805,208.115,208.395,201.895,199.26]",boundary-v1-9e4cfdbcfe51,fc6ed5692c5e33a9fffe770a3a11e12d0b94dbf5a1eec4c0ae7c81aee87c07d7,7bd17439943bee509526fbdfe1d93ff9932f73ad9df6491b8f1f8ec4403671a0,9e4cfdbcfe51b861989860b1103b492b54c14c8516d71574938533c2ca8332df,208.28324439819903,-0.004004294659127759,0.004004294659127759,205.97842934396672,212.26282065603326,0.018748343424131897
22,128,0.3,8000,2010.990875,206.68761637572717,2.310837801617623,"[2010.765,2005.395,2045.79,2007.225,2016.93,2009.72,2028.145,1986.15,2027.725,2007.2,2001.55,2026.02,2008.44,2000.215,2008.645,2041.95,1968.205,2009.71,2013.06,2003.58,1992.305,2009.575,2011.075,2021.98,1987.7,1998.9,2017.69,2017.23,2018.365,1992.52,2015.995,2032.29,2030.62,2016.175,1991.365,2013.045,2006.38,2005.66,2016.365,2017.98]",boundary-v1-9e4cfdbcfe51,fc6ed5692c5e33a9fffe770a3a11e12d0b94dbf5a1eec4c0ae7c81aee87c07d7,7bd17439943bee509526fbdfe1d93ff9932f73ad9df6491b8f1f8ec4403671a0,9e4cfdbcfe51b861989860b1103b492b54c14c8516d71574938533c2ca8332df,1997.1821647527422,-0.006866620042349894,0.006866620042349894,2002.1494611629478,2019.8322888370521,0.011213863749722996
22,128,0.975,8000,35475.81975,13070.336961275907,146.13080967120482,"[34188.025,35725.04,35321.435,34938.49,35743.935,35365.81,35979.805,36424.11,35202.45,35180.23,35426.75,36905.39,34493.17,34880.525,35570.095,35363.53,35799.365,34711.0,34649.68,35855.72,34043.95,36381.14,35002.395,35081.85,34871.995,36190.74,35940.485,35879.75,35406.55,34935.68,34340.535,36246.165,36558.295,35377.47,35937.19,36066.725,33987.135,36335.8,36689.275,36035.11]",boundary-v1-9e4cfdbcfe51,fc6ed5692c5e33a9fffe770a3a11e12d0b94dbf5a1eec4c0ae7c81aee87c07d7,7bd17439943bee509526fbdfe1d93ff9932f73ad9df6491b8f1f8ec4403671a0,9e4cfdbcfe51b861989860b1103b492b54c14c8516d71574938533c2ca8332df,35771.22216421669,0.008326866476896254,0.008326866476896254,34916.71388729418,36034.925612705825,0.024472757650698007
22,128,1.025,8000,38103.870125,13869.2783433558,155.06324587304618,"[38385.665,37876.84,38645.76,38283.355,37957.035,36835.96,39343.38,38940.965,37981.93,37589.435,38666.975,38241.405,36874.635,38442.635,38103.6,37908.18,39342.115,39009.005,38782.72,37895.44,38719.24,38557.325,38073.355,37277.725,38171.46,38117.25,39446.925,36522.895,37600.755,37240.335,37138.055,37025.865,38532.73,39158.17,36622.265,37912.655,37334.665,37146.075,39367.14,39082.885]",boundary-v1-9e4cfdbcfe51,fc6ed5692c5e33a9fffe770a3a11e12d0b94dbf5a1eec4c0ae7c81aee87c07d7,7bd17439943bee509526fbdfe1d93ff9932f73ad9df6491b8f1f8ec4403671a0,9e4cfdbcfe51b861989860b1103b492b54c14c8516d71574938533c2ca8332df,37787.26882019643,-0.008308901530604687,0.008308901530604687,37510.58818772146,38697.15206227854,0.023512925204877133
22,128,1.9,8000,14096.788625,2505.6932941914856,28.014502682887702,"[14605.515,13967.11,14239.52,13957.055,14176.535,13921.565,13895.82,14096.755,14269.565,14258.57,13858.29,14070.165,14050.965,14090.825,14102.845,14078.105,14200.135,14170.47,14252.225,14047.575,14114.36,14010.31,13997.16,14057.525,13947.845,14125.495,13826.08,14075.5,14465.45,13933.97,14259.145,14006.085,14241.93,14109.725,14472.995,14065.92,14064.585,14135.955,13580.245,14071.655]",boundary-v1-9e4cfdbcfe51,fc6ed5692c5e33a9fffe770a3a11e12d0b94dbf5a1eec4c0ae7c81aee87c07d7,7bd17439943bee509526fbdfe1d93ff9932f73ad9df6491b8f1f8ec4403671a0,9e4cfdbcfe51b861989860b1103b492b54c14c8516d71574938533c2ca8332df,14164.277810674075,0.004787557469251334,0.004787557469251334,13989.603338570447,14203.973911429552,0.012486020359278927
23,10,0.3,8000,153.1545,50.545170209713824,0.565112182616087,"[149.51,159.245,150.905,156.135,151.55,152.3,154.495,153.93,156.26,154.405,152.38,144.83,160.35,153.7,153.325,152.095,154.175,156.595,152.09,156.66,154.16,151.0,152.94,149.625,152.02,160.93,150.875,150.03,152.625,155.18,148.445,155.815,149.865,154.265,154.59,149.3,152.605,148.555,156.77,151.65]",boundary-v1-9e4cfdbcfe51,fc6ed5692c5e33a9fffe770a3a11e12d0b94dbf5a1eec4c0ae7c81aee87c07d7,7bd17439943bee509526fbdfe1d93ff9932f73ad9df6491b8f1f8ec4403671a0,9e4cfdbcfe51b861989860b1103b492b54c14c8516d71574938533c2ca8332df,154.1211572352776,0.006311647619087785,0.006311647619087785,150.99234449632462,155.3166555036754,0.020721664726711664
23,10,0.975,8000,245.81825,96.09448728073956,1.0743690291136128,"[242.58,250.3,241.51,252.875,245.515,252.335,244.175,250.84,251.58,241.55,253.4,237.515,240.775,244.86,250.295,252.055,243.88,248.645,247.89,247.015,243.325,255.99,241.325,246.62,251.375,245.31,240.805,250.005,228.0,242.92,240.52,249.45,258.105,239.69,244.92,253.94,241.475,241.89,242.8,234.675]",boundary-v1-9e4cfdbcfe51,fc6ed5692c5e33a9fffe770a3a11e12d0b94dbf5a1eec4c0ae7c81aee87c07d7,7bd17439943bee509526fbdfe1d93ff9932f73ad9df6491b8f1f8ec4403671a0,9e4cfdbcfe51b861989860b1103b492b54c14c8516d71574938533c2ca8332df,245.24235392650777,-0.0023427718385117097,0.0023427718385117097,241.707645095815,249.92885490418502,0.01875134017428237
23,10,1.025,8000,247.69725,95.12775227868153,1.063560603209462,"[258.165,257.28,265.13,235.915,242.29,247.205,245.76,244.18,242.77,243.245,238.095,240.575,237.955,244.64,242.495,235.165,255.065,245.315,246.25,250.59,251.48,264.615,243.825,246.34,256.105,251.05,249.19,255.575,249.855,249.725,251.475,237.035,245.145,240.14,256.215,241.14,244.925,242.245,248.625,265.1]",boundary-v1-9e4cfdbcfe51,fc6ed5692c5e33a9fffe770a3a11e12d0b94dbf5a1eec4c0ae7c81aee87c07d7,7bd17439943bee509526fbdfe1d93ff9932f73ad9df6491b8f1f8ec4403671a0,9e4cfdbcfe51b861989860b1103b492b54c14c8516d71574938533c2ca8332df,246.2985842986338,-0.005646674322650672,0.005646674322650672,243.62799882746972,251.76650117253027,0.02171820654626888
23,10,1.9,8000,215.642,73.77119091878751,0.8247869883776202,"[233.345,222.505,213.925,213.37,214.75,212.32,207.425,215.17,222.12,212.125,219.56,212.51,218.5,219.985,214.95,201.4,217.38,212.82,221.18,221.6,214.265,214.98,208.6,207.785,218.265,226.135,225.97,213.36,210.125,222.27,219.35,214.905,205.685,211.515,223.115,217.59,217.83,209.13,211.575,206.29]",boundary-v1-9e4cfdbcfe51,fc6ed5692c5e33a9fffe770a3a11e12d0b94dbf5a1eec4c0ae7c81aee87c07d7,7bd17439943bee509526fbdfe1d93ff9932f73ad9df6491b8f1f8ec4403671a0,9e4cfdbcfe51b861989860b1103b492b54c14c8516d71574938533c2ca8332df,215.79081261870954,0.0006900910708931552,0.0006900910708931552,212.48631201248403,218.79768798751596,0.01555159282933638
23,128,0.3,8000,2102.467375,216.96643574500035,2.425758495808305,"[2094.855,2101.34,2110.14,2080.51,2107.655,2103.64,2117.825,2092.625,2086.04,2097.65,2119.955,2102.275,2100.945,2072.43,2130.78,2110.725,2115.265,2108.54,2111.155,2126.775,2091.9,2100.85,2123.395,2119.28,2083.535,2098.185,2086.46,2105.83,2100.505,2114.93,2079.705,2098.605,2126.24,2105.465,2110.185,2085.19,2107.745,2106.34,2086.765,2076.46]",boundary-v1-9e4cfdbcfe51,fc6ed5692c5e33a9fffe770a3a11e12d0b94dbf5a1eec4c0ae7c81aee87c07d7,7bd17439943bee509526fbdfe1d93ff9932f73ad9df6491b8f1f8ec4403671a0,9e4cfdbcfe51b861989860b1103b492b54c14c8516d71574938533c2ca8332df,2086.640224720021,-0.007527893401903265,0.007527893401903265,2093.1862672064663,2111.748482793534,0.011889795720510632
23,128,0.975,8000,36775.7425,13316.152233170844,148.8791079605282,"[35546.55,38406.125,36833.195,37531.165,37201.59,36498.225,35459.91,37584.625,35690.27,36635.77,37323.1,37377.475,37448.41,36716.44,36136.295,37533.025,35632.49,35742.605,34130.48,37308.05,37047.4,36597.91,37936.71,36735.275,35423.025,38119.8,37156.725,38093.505,38334.625,35180.975,36546.325,37996.935,35999.845,36743.92,37779.315,36303.51,35143.21,37279.17,36705.765,37169.96]",boundary-v1-9e4cfdbcfe51,fc6ed5692c5e33a9fffe770a3a11e12d0b94dbf5a1eec4c0ae7c81aee87c07d7,7bd17439943bee509526fbdfe1d93ff9932f73ad9df6491b8f1f8ec4403671a0,9e4cfdbcfe51b861989860b1103b492b54c14c8516d71574938533c2ca8332df,37015.536318706225,0.006520434460466014,0.006520434460466014,36206.12147153631,37345.36352846369,0.022355745776477143
23,128,1.025,8000,39286.9045,14205.766400462448,158.82529671958267,"[40426.25,40322.455,41071.37,38553.89,37831.83,38782.025,40290.9,39483.4,37968.315,40074.125,38869.525,40336.525,37628.145,37190.06,40140.245,39212.07,39603.73,39628.235,40530.24,38670.76,39849.635,39287.315,38265.665,38183.06,40003.1,38593.55,38801.91,39489.595,40580.23,41582.56,39882.24,39013.715,37232.945,38269.79,38676.355,38303.9,38492.15,39215.85,40493.02,40645.5]",boundary-v1-9e4cfdbcfe51,fc6ed5692c5e33a9fffe770a3a11e12d0b94dbf5a1eec4c0ae7c81aee87c07d7,7bd17439943bee509526fbdfe1d93ff9932f73ad9df6491b8f1f8ec4403671a0,9e4cfdbcfe51b861989860b1103b492b54c14c8516d71574938533c2ca8332df,38987.322488414866,-0.00762549290655188,0.00762549290655188,38679.22871457384,39894.58028542616,0.022741379669125594
23,128,1.9,8000,15008.501125,2672.2334226601315,29.876477924074905,"[14982.09,15210.27,15114.62,15117.795,15145.025,15008.755,15103.95,14736.275,15125.735,15028.3,15181.465,14795.825,15098.7,14874.575,15083.2,14817.22,15022.505,14783.905,15053.015,14704.69,15209.125,14988.515,15231.37,14867.44,15001.395,15187.34,14947.395,14835.37,15208.355,14917.85,14814.605,14772.345,15254.43,14824.395,14915.155,15085.605,14682.14,15285.6,15078.67,15245.03]",boundary-v1-9e4cfdbcfe51,fc6ed5692c5e33a9fffe770a3a11e12d0b94dbf5a1eec4c0ae7c81aee87c07d7,7bd17439943bee509526fbdfe1d93ff9932f73ad9df6491b8f1f8ec4403671a0,9e4cfdbcfe51b861989860b1103b492b54c14c8516d71574938533c2ca8332df,15104.63652739788,0.006405396621368489,0.006405396621368489,14894.191801716734,15122.810448283268,0.014129314868692067
24,10,0.3,8000,158.897375,52.526697734164024,0.5872663338358747,"[157.595,156.295,167.405,156.205,154.205,159.14,153.99,160.145,165.445,159.2,163.19,153.35,158.105,160.605,164.885,157.44,154.48,157.415,152.145,162.135,161.89,156.555,161.355,159.62,163.095,155.215,159.86,160.2,157.13,160.075,160.74,163.02,155.68,157.985,158.02,155.065,159.215,161.27,159.475,157.055]",boundary-v1-9e4cfdbcfe51,fc6ed5692c5e33a9fffe770a3a11e12d0b94dbf5a1eec4c0ae7c81aee87c07d7,7bd17439943bee509526fbdfe1d93ff9932f73ad9df6491b8f1f8ec4403671a0,9e4cfdbcfe51b861989860b1103b492b54c14c8516d71574938533c2ca8332df,160.27022558453749,0.008639856917318325,0.008639856917318325,156.65045629096002,161.14429370904,0.023107301308169514
24,10,0.975,8000,254.373,96.54219502594475,1.0793745538752726,"[246.97,245.155,247.29,252.765,251.395,250.265,256.91,253.175,246.91,254.69,240.075,265.21,266.475,250.31,252.74,248.415,259.46,250.445,266.115,266.835,258.045,260.18,242.735,241.72,263.245,259.585,265.045,249.15,254.36,267.85,247.47,259.845,247.59,245.815,252.69,246.69,261.505,257.73,262.795,259.27]",boundary-v1-9e4cfdbcfe51,fc6ed5692c5e33a9fffe770a3a11e12d0b94dbf5a1eec4c0ae7c81aee87c07d7,7bd17439943bee509526fbdfe1d93ff9932f73ad9df6491b8f1f8ec4403671a0,9e4cfdbcfe51b861989860b1103b492b54c14c8516d71574938533c2ca8332df,251.93971983916973,-0.00956579574416414,0.00956579574416414,250.24324363660895,258.50275636339103,0.0253886520072355
24,10,1.025,8000,253.005625,95.31508518614658,1.0656550487870347,"[251.13,266.105,253.89,245.13,238.185,248.045,247.185,243.81,255.89,256.575,248.635,257.255,263.16,260.66,251.185,264.43,248.145,253.63,252.695,252.36,263.47,248.185,266.19,256.16,257.035,262.125,253.88,245.65,246.64,257.065,248.82,258.07,263.745,251.96,241.665,245.995,249.09,249.13,252.145,245.105]",boundary-v1-9e4cfdbcfe51,fc6ed5692c5e33a9fffe770a3a11e12d0b94dbf5a1eec4c0ae7c81aee87c07d7,7bd17439943bee509526fbdfe1d93ff9932f73ad9df6491b8f1f8ec4403671a0,9e4cfdbcfe51b861989860b1103b492b54c14c8516d71574938533c2ca8332df,253.0655134670538,0.00023670804573527315,0.00023670804573527315,248.92836034417917,257.08288965582085,0.016619854472003093
24,10,1.9,8000,223.369,76.7209202333378,0.8577659646904117,"[224.625,229.46,219.385,224.56,228.97,224.72,228.235,222.88,215.075,219.32,223.8,221.29,226.92,223.645,214.845,223.68,219.26,234.0,223.71,228.53,217.845,223.105,234.225,211.25,227.025,217.46,223.275,231.855,221.92,226.415,217.565,224.515,223.215,229.695,226.42,222.83,226.14,212.725,221.38,218.99]",boundary-v1-9e4cfdbcfe51,fc6ed5692c5e33a9fffe770a3a11e12d0b94dbf5a1eec4c0ae7c81aee87c07d7,7bd17439943bee509526fbdfe1d93ff9932f73ad9df6491b8f1f8ec4403671a0,9e4cfdbcfe51b861989860b1103b492b54c14c8516d71574938533c2ca8332df,223.19954662696992,-0.0007586252928118068,0.0007586252928118068,220.08713233111496,226.65086766888504,0.015227477738832929
24,128,0.3,8000,2192.600875,223.7160542593022,2.5012215249091554,"[2184.795,2186.295,2178.655,2161.095,2200.505,2198.175,2193.385,2204.61,2209.82,2189.945,2211.265,2193.14,2189.965,2172.07,2195.975,2185.37,2182.86,2157.48,2202.41,2230.095,2204.775,2206.695,2182.55,2180.925,2185.705,2184.515,2189.02,2216.725,2191.235,2211.28,2195.72,2183.805,2212.69,2204.3,2199.46,2174.83,2196.625,2185.525,2174.4,2195.345]",boundary-v1-9e4cfdbcfe51,fc6ed5692c5e33a9fffe770a3a11e12d0b94dbf5a1eec4c0ae7c81aee87c07d7,7bd17439943bee509526fbdfe1d93ff9932f73ad9df6491b8f1f8ec4403671a0,9e4cfdbcfe51b861989860b1103b492b54c14c8516d71574938533c2ca8332df,2176.041860236364,-0.00755222482689023,0.00755222482689023,2183.0310408106925,2202.1707091893077,0.011865042452845365
24,128,0.975,8000,38159.59275,13681.016027221427,152.9584091906561,"[38669.485,38676.415,38702.175,39662.195,38416.51,37446.725,37137.05,37282.23,38497.66,36599.345,38262.45,37957.615,36971.8,39821.52,35734.555,38288.17,38644.795,38549.995,38940.47,39587.895,38242.305,37983.595,36691.65,36978.29,37506.225,38056.355,40877.525,37684.08,38137.095,39107.68,36460.855,38393.42,36679.295,39505.78,37891.83,38697.255,39009.36,38255.875,38385.305,37990.88]",boundary-v1-9e4cfdbcfe51,fc6ed5692c5e33a9fffe770a3a11e12d0b94dbf5a1eec4c0ae7c81aee87c07d7,7bd17439943bee509526fbdfe1d93ff9932f73ad9df6491b8f1f8ec4403671a0,9e4cfdbcfe51b861989860b1103b492b54c14c8516d71574938533c2ca8332df,38248.168162959846,0.002321183392604279,0.002321183392604279,37574.36405304642,38744.82144695359,0.01793254861112681
24,128,1.025,8000,40383.8485,14782.254031983115,165.27062438092298,"[40128.555,39297.565,40071.1,40951.98,38528.915,40135.62,40448.57,42923.71,39985.83,41690.93,40796.15,38645.16,41221.455,38382.735,41555.15,41839.605,40860.54,39323.55,41641.705,40697.81,40839.71,38665.05,39732.075,42790.88,40760.33,39075.405,42584.18,40789.46,39634.39,41991.45,41229.55,41730.64,40343.47,40071.43,39455.395,38947.54,38919.35,39743.705,40225.59,38697.705]",boundary-v1-9e4cfdbcfe51,fc6ed5692c5e33a9fffe770a3a11e12d0b94dbf5a1eec4c0ae7c81aee87c07d7,7bd17439943bee509526fbdfe1d93ff9932f73ad9df6491b8f1f8ec4403671a0,9e4cfdbcfe51b861989860b1103b492b54c14c8516d71574938533c2ca8332df,40175.00800660355,-0.005171386610081217,0.005171386610081217,39751.51247700571,41016.18452299429,0.02050840482052063
24,128,1.9,8000,15866.009,2867.94281810499,32.06457548432536,"[15710.465,16281.565,15654.495,16015.795,15747.45,15861.245,15932.555,16116.755,15809.015,16283.045,15970.445,15639.915,16220.27,15503.725,15844.69,15922.88,15438.81,15933.325,15824.395,15854.405,16062.185,15571.61,15730.61,16150.62,15642.65,16033.67,15956.655,15787.805,15778.36,15697.42,15869.28,15785.08,15724.28,15585.265,15869.215,15969.21,15557.235,15967.655,16186.91,16149.4]",boundary-v1-9e4cfdbcfe51,fc6ed5692c5e33a9fffe770a3a11e12d0b94dbf5a1eec4c0ae7c81aee87c07d7,7bd17439943bee509526fbdfe1d93ff9932f73ad9df6491b8f1f8ec4403671a0,9e4cfdbcfe51b861989860b1103b492b54c14c8516d71574938533c2ca8332df,16054.388227784337,0.01187313254293104,0.01187313254293104,15743.327874925852,15988.690125074148,0.01975823379464181
25,10,0.3,8000,165.63975,54.82725575326727,0.6129873544203602,"[162.435,164.94,166.505,171.205,167.81,163.805,165.105,163.015,162.505,169.68,163.815,169.715,173.21,161.685,168.57,164.78,157.26,166.5,162.325,159.35,163.36,167.45,170.06,159.605,163.635,167.87,172.775,165.215,169.0,159.545,164.705,170.6,164.515,163.705,167.66,173.92,161.995,166.16,164.66,164.94]",boundary-v1-9e4cfdbcfe51,fc6ed5692c5e33a9fffe770a3a11e12d0b94dbf5a1eec4c0ae7c81aee87c07d7,7bd17439943bee509526fbdfe1d93ff9932f73ad9df6491b8f1f8ec4403671a0,9e4cfdbcfe51b861989860b1103b492b54c14c8516d71574938533c2ca8332df,166.38708469050601,0.004511807645846015,0.004511807645846015,163.29442101433239,167.9850789856676,0.01893918761561486
25,10,0.975,8000,259.899125,98.93224523823292,1.1060961275968435,"[276.115,255.33,263.135,258.61,257.295,249.975,272.93,266.175,266.905,253.485,258.58,250.615,246.265,265.47,260.765,265.25,260.48,265.145,255.055,249.665,266.465,269.095,250.16,255.17,270.265,257.14,265.3,252.555,242.325,262.065,259.025,250.005,265.97,262.1,252.985,268.4,253.915,267.325,272.54,255.915]",boundary-v1-9e4cfdbcfe51,fc6ed5692c5e33a9fffe770a3a11e12d0b94dbf5a1eec4c0ae7c81aee87c07d7,7bd17439943bee509526fbdfe1d93ff9932f73ad9df6491b8f1f8ec4403671a0,9e4cfdbcfe51b861989860b1103b492b54c14c8516d71574938533c2ca8332df,258.58383703768396,-0.005060763333912966,0.005060763333912966,255.66713017942072,264.13111982057933,0.021002003802745972
25,10,1.025,8000,260.66625,99.6648533652262,1.1142869354609721,"[253.09,260.115,262.49,259.92,253.045,264.055,263.645,256.73,257.06,259.585,272.605,264.87,258.84,266.965,259.005,256.12,261.81,258.055,260.43,251.34,259.79,275.175,260.345,265.66,253.915,264.405,260.06,256.945,272.33,252.925,251.635,255.56,261.225,259.795,260.67,250.7,268.105,264.875,260.595,272.165]",boundary-v1-9e4cfdbcfe51,fc6ed5692c5e33a9fffe770a3a11e12d0b94dbf5a1eec4c0ae7c81aee87c07d7,7bd17439943bee509526fbdfe1d93ff9932f73ad9df6491b8f1f8ec4403671a0,9e4cfdbcfe51b861989860b1103b492b54c14c8516d71574938533c2ca8332df,259.77744542486516,-0.003409741672099197,0.003409741672099197,256.40291662249734,264.92958337750264,0.019447197579653075
25,10,1.9,8000,229.24875,78.15243501532663,0.8737707865070258,"[231.31,232.945,223.27,220.965,225.48,226.19,231.07,231.3,223.135,232.405,227.91,231.91,234.405,218.88,227.55,226.44,234.325,230.075,240.15,231.35,225.67,223.185,233.68,227.085,230.05,235.785,236.775,230.54,231.61,226.835,236.92,227.78,228.625,219.47,234.225,230.77,235.27,223.505,225.26,225.845]",boundary-v1-9e4cfdbcfe51,fc6ed5692c5e33a9fffe770a3a11e12d0b94dbf5a1eec4c0ae7c81aee87c07d7,7bd17439943bee509526fbdfe1d93ff9932f73ad9df6491b8f1f8ec4403671a0,9e4cfdbcfe51b861989860b1103b492b54c14c8516d71574938533c2ca8332df,230.5151603051729,0.005524175399747704,0.005524175399747704,225.90564685497296,232.59185314502705,0.020404595964611527
25,128,0.3,8000,2286.228375,236.40711444524976,2.6431118913207547,"[2279.695,2281.7,2276.875,2285.23,2294.935,2316.85,2265.8,2261.85,2292.73,2283.025,2285.815,2300.445,2279.795,2286.605,2297.74,2289.88,2308.045,2279.25,2291.445,2278.195,2303.265,2285.62,2308.41,2271.73,2281.7,2273.805,2275.775,2276.545,2276.63,2288.39,2280.705,2319.625,2251.56,2324.245,2277.0,2276.84,2283.115,2311.06,2260.325,2286.885]",boundary-v1-9e4cfdbcfe51,fc6ed5692c5e33a9fffe770a3a11e12d0b94dbf5a1eec4c0ae7c81aee87c07d7,7bd17439943bee509526fbdfe1d93ff9932f73ad9df6491b8f1f8ec4403671a0,9e4cfdbcfe51b861989860b1103b492b54c14c8516d71574938533c2ca8332df,2265.3902311682145,-0.009114637916164259,0.009114637916164259,2276.1156591562303,2296.34109084377,0.013478337255282358
25,128,0.975,8000,39129.047125,14035.697209576876,156.92386536109004,"[39581.425,40202.805,41569.465,38794.46,37526.94,38895.305,38448.285,37698.9,39277.095,40523.14,38461.285,41036.525,38194.695,39275.39,37888.435,38200.905,39074.33,40366.9,38301.76,37940.97,39595.16,39613.32,38654.86,40100.825,37677.255,40216.22,39017.125,38750.055,39318.21,39395.26,39364.24,39456.225,37215.18,40209.75,39611.96,39718.43,38266.285,38604.75,37593.865,41523.895]",boundary-v1-9e4cfdbcfe51,fc6ed5692c5e33a9fffe770a3a11e12d0b94dbf5a1eec4c0ae7c81aee87c07d7,7bd17439943bee509526fbdfe1d93ff9932f73ad9df6491b8f1f8ec4403671a0,9e4cfdbcfe51b861989860b1103b492b54c14c8516d71574938533c2ca8332df,39469.60031223789,0.008703334536871691,0.008703334536871691,38528.64633806634,39729.447911933654,0.024422191371978874
25,128,1.025,8000,41936.6115,15018.384976270907,167.91064859601656,"[41558.09,41682.53,43741.58,43820.95,39956.425,42377.665,42912.395,43545.33,40396.26,43199.385,42445.365,40300.015,40859.53,42176.15,41731.585,42111.975,40876.155,41016.26,42996.785,40884.545,41219.04,42856.555,42835.51,42877.885,41585.57,41415.865,41716.715,41953.175,41616.465,43904.89,42239.34,41866.45,40522.4,41675.99,41957.125,41127.485,42881.91,41429.75,41612.485,41580.88]",boundary-v1-9e4cfdbcfe51,fc6ed5692c5e33a9fffe770a3a11e12d0b94dbf5a1eec4c0ae7c81aee87c07d7,7bd17439943bee509526fbdfe1d93ff9932f73ad9df6491b8f1f8ec4403671a0,9e4cfdbcfe51b861989860b1103b492b54c14c8516d71574938533c2ca8332df,41350.80907470299,-0.013968759142521714,0.013968759142521714,41294.17457480948,42579.048425190515,0.028846096752149886
25,128,1.9,8000,16911.8785,3089.032969122099,34.53643851847511,"[16891.185,17303.4,17042.04,16725.15,16818.96,17086.435,17000.77,16758.39,16587.935,16867.75,17104.135,17251.705,16283.42,17067.35,16847.005,17274.89,16725.635,16858.94,16573.71,16892.235,16703.985,17054.01,17060.7,17062.08,16949.535,17233.025,16656.415,16753.7,16939.515,17045.885,16992.18,16709.785,16970.515,16499.215,16992.885,17299.21,16624.24,16997.07,17082.37,16887.78]",boundary-v1-9e4cfdbcfe51,fc6ed5692c5e33a9fffe770a3a11e12d0b94dbf5a1eec4c0ae7c81aee87c07d7,7bd17439943bee509526fbdfe1d93ff9932f73ad9df6491b8f1f8ec4403671a0,9e4cfdbcfe51b861989860b1103b492b54c14c8516d71574938533c2ca8332df,17012.696816593467,0.005961390781838215,0.005961390781838215,16779.739868207667,17044.01713179233,0.013883227643306961
26,10,0.3,8000,171.90675,56.75120608287971,0.634497773032093,"[175.82,172.165,164.885,171.915,173.66,172.56,171.03,175.0,180.69,166.47,171.495,167.0,170.31,175.355,168.965,170.555,175.01,165.565,168.785,176.545,171.435,169.33,171.68,175.815,167.31,171.91,169.405,177.24,166.31,172.715,171.49,169.28,176.605,175.965,178.64,172.62,171.54,169.59,171.46,172.15]",boundary-v1-9e4cfdbcfe51,fc6ed5692c5e33a9fffe770a3a11e12d0b94dbf5a1eec4c0ae7c81aee87c07d7,7bd17439943bee509526fbdfe1d93ff9932f73ad9df6491b8f1f8ec4403671a0,9e4cfdbcfe51b861989860b1103b492b54c14c8516d71574938533c2ca8332df,172.47264590115645,0.0032918771436052756,0.0032918771436052756,169.4791207712684,174.33437922873156,0.01766309098291896
26,10,0.975,8000,268.1585,99.90724353075575,1.1169969398969797,"[269.975,259.945,282.08,265.3,266.625,266.35,273.35,263.325,263.935,268.24,274.34,266.195,272.41,266.535,251.705,275.72,276.875,268.22,269.845,276.615,264.08,262.79,260.22,276.84,260.925,267.315,263.96,274.725,270.895,273.83,261.885,259.985,270.005,278.71,270.255,266.265,280.735,273.08,256.805,255.45]",boundary-v1-9e4cfdbcfe51,fc6ed5692c5e33a9fffe770a3a11e12d0b94dbf5a1eec4c0ae7c81aee87c07d7,7bd17439943bee509526fbdfe1d93ff9932f73ad9df6491b8f1f8ec4403671a0,9e4cfdbcfe51b861989860b1103b492b54c14c8516d71574938533c2ca8332df,265.17518367106106,-0.011125197705606722,0.011125197705606722,263.88479797148165,272.43220202851836,0.026637887530996163
26,10,1.025,8000,268.022625,101.74939670865717,1.1375928385507539,"[268.56,267.67,261.85,268.325,269.785,269.065,268.98,272.165,259.045,262.385,278.685,272.985,271.675,279.8,265.43,275.195,280.555,269.5,283.54,280.91,268.6,278.675,264.205,261.025,265.86,268.615,251.725,268.035,256.825,252.6,259.89,257.88,266.7,263.975,274.69,272.465,263.24,268.99,259.905,270.9]",boundary-v1-9e4cfdbcfe51,fc6ed5692c5e33a9fffe770a3a11e12d0b94dbf5a1eec4c0ae7c81aee87c07d7,7bd17439943bee509526fbdfe1d93ff9932f73ad9df6491b8f1f8ec4403671a0,9e4cfdbcfe51b861989860b1103b492b54c14c8516d71574938533c2ca8332df,266.43498742917643,-0.0059235207133113265,0.0059235207133113265,263.67012174050967,272.37512825949034,0.02180867566092437
26,10,1.9,8000,235.88175,81.12286442075981,0.9069811968715902,"[236.08,231.93,238.74,238.9,224.645,235.915,244.905,243.535,235.505,238.09,228.77,244.505,235.735,243.64,231.725,235.275,231.23,229.285,237.23,237.345,236.985,232.505,235.93,236.345,240.885,232.405,228.085,229.295,238.575,247.995,233.625,246.365,243.29,231.44,232.62,231.955,227.91,233.925,238.275,233.875]",boundary-v1-9e4cfdbcfe51,fc6ed5692c5e33a9fffe770a3a11e12d0b94dbf5a1eec4c0ae7c81aee87c07d7,7bd17439943bee509526fbdfe1d93ff9932f73ad9df6491b8f1f8ec4403671a0,9e4cfdbcfe51b861989860b1103b492b54c14c8516d71574938533c2ca8332df,237.74251748606096,0.007888560628624091,0.007888560628624091,232.4115816920585,239.35191830794153,0.02293747908426469
26,128,0.3,8000,2374.480375,247.0695717536261,2.7623217880643494,"[2361.055,2382.91,2383.855,2401.84,2362.25,2364.005,2360.33,2381.705,2377.515,2369.515,2360.915,2378.6,2354.315,2378.45,2390.305,2376.34,2342.695,2386.395,2389.975,2356.555,2367.32,2380.595,2376.405,2371.47,2382.185,2389.3,2350.54,2395.61,2371.035,2358.19,2367.135,2377.12,2342.61,2389.88,2359.45,2376.585,2371.555,2384.25,2401.005,2407.45]",boundary-v1-9e4cfdbcfe51,fc6ed5692c5e33a9fffe770a3a11e12d0b94dbf5a1eec4c0ae7c81aee87c07d7,7bd17439943bee509526fbdfe1d93ff9932f73ad9df6491b8f1f8ec4403671a0,9e4cfdbcfe51b861989860b1103b492b54c14c8516d71574938533c2ca8332df,2354.6882629294123,-0.008335344557475144,0.008335344557475144,2363.911554435317,2385.049195564683,0.01272968821428544
26,128,0.975,8000,40323.393,14444.610717025114,161.49565735895067,"[40246.7,40986.435,41874.235,39534.315,39007.48,38637.445,39884.45,40612.38,40721.455,40367.21,42188.66,39435.84,39610.005,40636.685,38931.47,40488.72,41446.12,39928.37,39352.96,39717.235,41828.98,42100.575,41199.81,38884.86,41208.78,38364.055,40729.935,39672.115,41625.885,41348.335,39774.62,40995.38,41224.89,40834.47,39687.19,40961.045,39744.425,39180.455,39968.755,39992.99]",boundary-v1-9e4cfdbcfe51,fc6ed5692c5e33a9fffe770a3a11e12d0b94dbf5a1eec4c0ae7c81aee87c07d7,7bd17439943bee509526fbdfe1d93ff9932f73ad9df6491b8f1f8ec4403671a0,9e4cfdbcfe51b861989860b1103b492b54c14c8516d71574938533c2ca8332df,40680.248558089654,0.008849839548216026,0.008849839548216026,39705.50024327005,40941.28575672994,0.02454945306940992
26,128,1.025,8000,42971.17325,15190.722677449132,169.83744267061934,"[45180.02,42784.6,42275.65,42650.965,42943.475,42285.765,43096.275,41822.675,44055.67,40938.105,43503.115,43696.005,42918.755,42637.08,44287.48,42979.07,42907.945,43525.065,43350.245,43023.11,40852.19,44272.185,42985.8,41608.54,42169.36,43353.42,42965.96,43989.005,43016.43,43403.22,43455.495,43068.715,41985.625,44047.865,42855.09,42640.675,42476.34,42459.955,42947.03,43432.96]",boundary-v1-9e4cfdbcfe51,fc6ed5692c5e33a9fffe770a3a11e12d0b94dbf5a1eec4c0ae7c81aee87c07d7,7bd17439943bee509526fbdfe1d93ff9932f73ad9df6491b8f1f8ec4403671a0,9e4cfdbcfe51b861989860b1103b492b54c14c8516d71574938533c2ca8332df,42515.139491904665,-0.010612550777755053,0.010612550777755053,42321.36428693628,43620.98221306372,0.025351165082841076
26,128,1.9,8000,17858.288375,3260.9521677870307,36.4585535927355,"[17685.64,17657.125,18060.84,18002.01,17947.31,17667.1,18052.755,17723.295,17616.495,17701.47,17341.005,18224.54,17821.21,17797.88,17744.375,17757.115,17843.32,17926.185,18180.71,18012.985,17790.535,17757.425,18171.605,17618.38,18044.62,17834.195,17895.505,18259.1,17674.505,18010.17,18082.77,17769.8,18270.27,17527.295,17925.215,17778.545,17755.495,18006.815,17825.065,17570.86]",boundary-v1-9e4cfdbcfe51,fc6ed5692c5e33a9fffe770a3a11e12d0b94dbf5a1eec4c0ae7c81aee87c07d7,7bd17439943bee509526fbdfe1d93ff9932f73ad9df6491b8f1f8ec4403671a0,9e4cfdbcfe51b861989860b1103b492b54c14c8516d71574938533c2ca8332df,17978.78301712731,0.00674726712869026,0.00674726712869026,17718.79560749028,17997.78114250972,0.01467297300540693
27,10,0.3,8000,178.05975,59.50210704277888,0.6652537807606128,"[181.585,171.4,174.93,185.595,175.02,180.18,185.355,180.28,171.655,185.53,185.085,179.585,178.735,176.72,182.565,183.405,175.425,169.045,178.23,176.745,184.91,176.56,174.88,168.695,173.91,178.59,180.495,176.29,180.56,174.27,186.585,175.3,175.71,178.765,172.56,177.575,181.28,165.84,179.555,182.99]",boundary-v1-9e4cfdbcfe51,fc6ed5692c5e33a9fffe770a3a11e12d0b94dbf5a1eec4c0ae7c81aee87c07d7,7bd17439943bee509526fbdfe1d93ff9932f73ad9df6491b8f1f8ec4403671a0,9e4cfdbcfe51b861989860b1103b492b54c14c8516d71574938533c2ca8332df,178.52769635082316,0.002628029921546868,0.002628029921546868,175.51444631046763,180.60505368953238,0.017168102704351762
27,10,0.975,8000,271.114,100.77961138176104,1.1267503089781459,"[273.53,276.93,273.585,265.675,258.455,268.445,282.745,253.185,266.675,266.23,269.44,274.005,255.48,278.54,262.075,267.845,260.065,284.385,270.34,270.735,280.0,287.335,275.495,271.77,268.065,268.295,277.31,265.76,263.815,264.27,277.745,282.815,272.805,277.77,274.36,270.56,278.935,269.685,270.075,269.33]",boundary-v1-9e4cfdbcfe51,fc6ed5692c5e33a9fffe770a3a11e12d0b94dbf5a1eec4c0ae7c81aee87c07d7,7bd17439943bee509526fbdfe1d93ff9932f73ad9df6491b8f1f8ec4403671a0,9e4cfdbcfe51b861989860b1103b492b54c14c8516d71574938533c2ca8332df,271.7141834086286,0.00221376767200754,0.00221376767200754,266.8029809549901,275.42501904500983,0.018407599630481775
27,10,1.025,8000,272.155875,101.0410423516816,1.1296731960789763,"[268.46,260.075,283.45,282.655,271.405,271.215,276.685,280.13,266.005,279.695,281.015,266.705,263.045,262.84,268.8,269.73,267.085,269.065,265.53,274.395,277.785,265.84,275.53,267.855,284.805,267.875,280.565,281.73,279.47,267.225,266.695,270.19,277.505,272.86,260.15,272.66,270.63,273.21,266.99,278.68]",boundary-v1-9e4cfdbcfe51,fc6ed5692c5e33a9fffe770a3a11e12d0b94dbf5a1eec4c0ae7c81aee87c07d7,7bd17439943bee509526fbdfe1d93ff9932f73ad9df6491b8f1f8ec4403671a0,9e4cfdbcfe51b861989860b1103b492b54c14c8516d71574938533c2ca8332df,273.0386744965236,0.0032437275018354942,0.0032437275018354942,267.8336728012269,276.47807719877306,0.019433709140670885
27,10,1.9,8000,243.311625,83.87806152987875,0.9377852370085944,"[238.215,242.735,237.985,241.235,239.795,250.595,238.525,244.045,238.385,248.08,232.695,243.675,240.315,236.85,244.98,237.37,251.305,248.855,255.74,239.78,252.485,241.5,242.6,242.83,246.715,238.5,243.135,251.12,240.385,247.225,248.78,237.735,241.175,242.83,242.48,246.65,237.065,244.935,244.665,248.495]",boundary-v1-9e4cfdbcfe51,fc6ed5692c5e33a9fffe770a3a11e12d0b94dbf5a1eec4c0ae7c81aee87c07d7,7bd17439943bee509526fbdfe1d93ff9932f73ad9df6491b8f1f8ec4403671a0,9e4cfdbcfe51b861989860b1103b492b54c14c8516d71574938533c2ca8332df,244.88578362675693,0.006469722220452641,0.006469722220452641,239.72359845617808,246.8996515438219,0.021533904896402944
27,128,0.3,8000,2468.213625,258.35820745581,2.8885325720809205,"[2465.61,2470.96,2459.05,2444.495,2490.07,2471.225,2436.63,2469.57,2467.155,2459.67,2480.865,2454.285,2463.225,2505.68,2473.28,2455.605,2500.615,2483.745,2465.26,2460.93,2474.62,2448.715,2487.19,2441.725,2486.795,2480.845,2487.675,2468.09,2482.65,2462.905,2447.83,2469.79,2469.18,2442.9,2452.045,2487.97,2444.685,2474.81,2474.35,2465.85]",boundary-v1-9e4cfdbcfe51,fc6ed5692c5e33a9fffe770a3a11e12d0b94dbf5a1eec4c0ae7c81aee87c07d7,7bd17439943bee509526fbdfe1d93ff9932f73ad9df6491b8f1f8ec4403671a0,9e4cfdbcfe51b861989860b1103b492b54c14c8516d71574938533c2ca8332df,2443.9386743935816,-0.00983502820037237,0.00983502820037237,2457.161913870082,2479.2653361299176,0.014248842679936868
27,128,0.975,8000,41302.100375,14330.453961272193,160.2193460291788,"[41014.605,41343.16,40263.285,42231.025,40259.245,42961.185,40406.425,40136.58,42290.005,38620.015,40976.0,39695.39,42979.855,41723.84,42341.13,40912.755,40755.98,40760.325,41090.03,40581.81,40250.14,41128.73,42430.07,42136.19,40872.825,41448.11,41533.405,40638.6,42373.575,41464.15,41534.5,40881.98,43326.22,42049.385,40584.285,40800.755,42258.34,41943.445,42522.32,40564.345]",boundary-v1-9e4cfdbcfe51,fc6ed5692c5e33a9fffe770a3a11e12d0b94dbf5a1eec4c0ae7c81aee87c07d7,7bd17439943bee509526fbdfe1d93ff9932f73ad9df6491b8f1f8ec4403671a0,9e4cfdbcfe51b861989860b1103b492b54c14c8516d71574938533c2ca8332df,41880.472538466165,0.014003456439620919,0.014003456439620919,40689.09086738583,41915.109882614175,0.029280125106832644
27,128,1.025,8000,43831.3965,15501.097407341576,173.30753764330754,"[44158.93,45255.885,43189.255,45327.675,43657.04,47100.835,45322.935,43599.075,43441.17,43382.365,44732.28,43495.315,42212.305,42383.805,43751.63,44299.8,41725.65,42333.07,43888.25,42648.415,41651.45,42253.72,44953.715,44706.045,44004.635,46339.045,42947.68,42320.16,43172.89,43233.46,43764.455,44739.4,46190.95,42747.635,44224.59,44862.25,42646.115,43473.03,43924.2,45194.75]",boundary-v1-9e4cfdbcfe51,fc6ed5692c5e33a9fffe770a3a11e12d0b94dbf5a1eec4c0ae7c81aee87c07d7,7bd17439943bee509526fbdfe1d93ff9932f73ad9df6491b8f1f8ec4403671a0,9e4cfdbcfe51b861989860b1103b492b54c14c8516d71574938533c2ca8332df,43668.35560242983,-0.003719728564207898,0.003719728564207898,43168.31073071218,44494.48226928782,0.018566946388051897
27,128,1.9,8000,18834.028625,3476.045081120404,38.86336547119497,"[19125.065,18790.46,18966.205,19154.81,18911.935,19105.93,18778.97,19184.0,18724.83,18779.61,18838.915,18628.23,18699.905,18595.735,18998.64,18552.685,19161.445,19070.16,18521.67,19107.365,18649.925,18734.385,18468.55,18690.44,18586.845,18561.925,18766.83,18835.285,19026.905,18854.87,18761.335,18745.05,19023.435,19170.18,18372.33,19273.39,18666.375,18965.315,19023.795,18487.415]",boundary-v1-9e4cfdbcfe51,fc6ed5692c5e33a9fffe770a3a11e12d0b94dbf5a1eec4c0ae7c81aee87c07d7,7bd17439943bee509526fbdfe1d93ff9932f73ad9df6491b8f1f8ec4403671a0,9e4cfdbcfe51b861989860b1103b492b54c14c8516d71574938533c2ca8332df,18951.916929435083,0.006259324905060462,0.006259324905060462,18685.334892799965,18982.722357200033,0.01426691242969591
28,10,0.3,8000,183.35675,60.07880376863611,0.6717014461677043,"[179.95,182.51,182.845,181.59,178.79,184.065,177.79,179.095,191.19,182.02,178.865,182.525,185.605,183.93,175.265,180.275,188.405,185.61,182.685,183.54,185.94,193.16,180.59,187.555,186.815,185.425,180.99,187.29,187.94,183.935,178.5,187.82,183.205,179.615,178.75,178.8,185.715,189.06,187.01,179.605]",boundary-v1-9e4cfdbcfe51,fc6ed5692c5e33a9fffe770a3a11e12d0b94dbf5a1eec4c0ae7c81aee87c07d7,7bd17439943bee509526fbdfe1d93ff9932f73ad9df6491b8f1f8ec4403671a0,9e4cfdbcfe51b861989860b1103b492b54c14c8516d71574938533c2ca8332df,184.55291412661347,0.006523698345512056,0.006523698345512056,180.7867771285341,185.9267228714659,0.02083192730075467
28,10,0.975,8000,278.34175,101.39018050593153,1.1335766793111846,"[282.165,281.14,270.37,280.91,286.8,277.29,270.235,262.345,274.445,285.735,271.88,280.115,276.385,267.015,278.315,266.37,286.0,286.88,280.825,286.82,272.8,281.44,279.745,274.195,278.1,275.09,279.325,279.86,278.605,280.66,289.11,282.32,274.645,264.895,287.19,280.135,285.835,277.7,280.985,278.995]",boundary-v1-9e4cfdbcfe51,fc6ed5692c5e33a9fffe770a3a11e12d0b94dbf5a1eec4c0ae7c81aee87c07d7,7bd17439943bee509526fbdfe1d93ff9932f73ad9df6491b8f1f8ec4403671a0,9e4cfdbcfe51b861989860b1103b492b54c14c8516d71574938533c2ca8332df,278.201213438965,-0.0005049065080426914,0.0005049065080426914,274.00461282368855,282.67888717631143,0.015840142085155606
28,10,1.025,8000,279.840125,103.89353107007746,1.1615649894758984,"[285.97,278.075,270.195,270.32,294.835,286.22,286.68,293.31,278.31,279.92,277.9,264.72,273.315,284.175,282.695,280.035,276.96,280.77,276.405,276.79,277.875,289.755,279.425,279.875,279.02,287.28,276.475,283.785,285.94,275.34,277.5,272.485,276.2,286.18,283.235,284.51,279.495,277.925,280.165,263.54]",boundary-v1-9e4cfdbcfe51,fc6ed5692c5e33a9fffe770a3a11e12d0b94dbf5a1eec4c0ae7c81aee87c07d7,7bd17439943bee509526fbdfe1d93ff9932f73ad9df6491b8f1f8ec4403671a0,9e4cfdbcfe51b861989860b1103b492b54c14c8516d71574938533c2ca8332df,279.58898027748774,-0.0008974578699615188,0.0008974578699615188,275.3959027515157,284.2843472484843,0.016516445651833633
28,10,1.9,8000,251.676375,84.69387683567247,0.9469063294127921,"[253.97,250.14,242.42,244.13,251.105,249.14,241.295,250.205,250.455,251.875,254.29,249.085,259.705,245.48,255.335,251.0,254.76,258.88,245.525,258.555,257.035,250.575,241.19,255.595,244.335,261.85,247.675,260.59,248.11,258.705,241.46,251.78,248.7,244.99,262.705,259.385,249.75,258.795,251.405,255.075]",boundary-v1-9e4cfdbcfe51,fc6ed5692c5e33a9fffe770a3a11e12d0b94dbf5a1eec4c0ae7c81aee87c07d7,7bd17439943bee509526fbdfe1d93ff9932f73ad9df6491b8f1f8ec4403671a0,9e4cfdbcfe51b861989860b1103b492b54c14c8516d71574938533c2ca8332df,251.94854665376025,0.0010814350522977733,0.0010814350522977733,248.05345057085916,255.29929942914086,0.015702648255595975
28,128,0.3,8000,2557.832,268.60227646813695,3.0030647454697315,"[2558.255,2562.955,2549.75,2568.63,2532.74,2565.62,2558.615,2558.265,2588.135,2521.91,2515.94,2563.315,2528.765,2565.265,2536.355,2557.835,2579.475,2565.195,2594.8,2550.965,2531.745,2546.08,2581.265,2532.52,2555.355,2558.94,2553.42,2563.365,2566.93,2579.725,2582.79,2548.09,2566.3,2577.21,2527.815,2580.48,2557.425,2568.655,2578.115,2534.27]",boundary-v1-9e4cfdbcfe51,fc6ed5692c5e33a9fffe770a3a11e12d0b94dbf5a1eec4c0ae7c81aee87c07d7,7bd17439943bee509526fbdfe1d93ff9932f73ad9df6491b8f1f8ec4403671a0,9e4cfdbcfe51b861989860b1103b492b54c14c8516d71574938533c2ca8332df,2533.1440016561937,-0.009651923325615661,0.009651923325615661,2546.34208141914,2569.32191858086,0.014080725604305955
28,128,0.975,8000,42620.02675,14644.882429101463,163.73476316981555,"[41975.445,42305.535,41821.33,42591.185,42286.995,44358.495,43421.8,40815.55,42248.885,42431.125,43320.775,42026.555,42387.155,43476.33,42413.99,42092.115,41499.035,42364.34,41304.71,42657.805,40255.115,41857.98,43419.84,44368.43,43069.885,42159.755,42474.43,41624.7,44303.48,43069.88,41343.43,42540.015,42263.14,44391.635,44307.96,44549.82,43297.0,43044.53,42243.54,42417.35]",boundary-v1-9e4cfdbcfe51,fc6ed5692c5e33a9fffe770a3a11e12d0b94dbf5a1eec4c0ae7c81aee87c07d7,7bd17439943bee509526fbdfe1d93ff9932f73ad9df6491b8f1f8ec4403671a0,9e4cfdbcfe51b861989860b1103b492b54c14c8516d71574938533c2ca8332df,43070.58443881151,0.010571501783759677,0.010571501783759677,41993.56703063643,43246.48646936356,0.025647199900626028
28,128,1.025,8000,45247.398,15799.449021311411,176.64321009347418,"[43964.34,44984.6,44439.68,45233.35,43470.26,44558.58,44081.07,45488.705,45094.245,47244.655,44197.6,47108.99,47841.34,45363.35,44591.85,45719.695,45429.14,45975.8,45482.555,46011.795,43396.21,46164.97,46774.545,44482.47,44451.82,43215.12,43817.2,45384.035,44664.205,45153.285,44430.19,45922.35,47072.335,46575.7,45301.97,44870.445,46161.305,47449.075,43551.795,44775.295]",boundary-v1-9e4cfdbcfe51,fc6ed5692c5e33a9fffe770a3a11e12d0b94dbf5a1eec4c0ae7c81aee87c07d7,7bd17439943bee509526fbdfe1d93ff9932f73ad9df6491b8f1f8ec4403671a0,9e4cfdbcfe51b861989860b1103b492b54c14c8516d71574938533c2ca8332df,44810.766137033796,-0.009649877833112205,0.009649877833112205,44571.54973369221,45923.24626630779,0.024224771106614473
28,128,1.9,8000,19829.4305,3733.938121964139,41.746697322448576,"[19699.84,19789.335,19878.855,19424.775,20072.76,19986.445,19954.565,19769.565,19530.69,20038.925,19703.37,19792.37,20125.3,19867.855,20118.26,20133.375,19773.195,19802.735,19660.42,19696.67,19796.345,19948.475,19676.05,19682.175,19882.48,19859.51,19576.865,19347.105,19744.58,19761.5,19829.785,19653.98,20418.44,19729.38,19941.245,19861.27,20119.115,19606.56,19845.815,20077.24]",boundary-v1-9e4cfdbcfe51,fc6ed5692c5e33a9fffe770a3a11e12d0b94dbf5a1eec4c0ae7c81aee87c07d7,7bd17439943bee509526fbdfe1d93ff9932f73ad9df6491b8f1f8ec4403671a0,9e4cfdbcfe51b861989860b1103b492b54c14c8516d71574938533c2ca8332df,19931.4120742433,0.005142940148649354,0.005142940148649354,19669.704954961937,19989.15604503806,0.013305086165786406
29,10,0.3,8000,189.819875,61.701432830494646,0.6898429905906164,"[186.15,185.855,189.295,192.01,192.46,196.205,187.355,188.315,184.73,187.725,188.07,199.72,189.25,185.94,187.52,190.3,195.06,187.725,192.275,191.29,186.225,194.475,193.97,189.76,188.74,193.03,187.58,191.59,185.865,188.325,193.215,187.685,189.31,186.235,187.995,188.72,184.56,192.485,189.975,195.805]",boundary-v1-9e4cfdbcfe51,fc6ed5692c5e33a9fffe770a3a11e12d0b94dbf5a1eec4c0ae7c81aee87c07d7,7bd17439943bee509526fbdfe1d93ff9932f73ad9df6491b8f1f8ec4403671a0,9e4cfdbcfe51b861989860b1103b492b54c14c8516d71574938533c2ca8332df,190.54888140104129,0.003840516705857535,0.003840516705857535,187.1804914144745,192.4592585855255,0.01799541160039042
29,10,0.975,8000,285.672,102.52076486938475,1.1462169967660831,"[272.54,284.68,281.055,273.3,284.41,281.66,271.435,272.95,294.215,291.785,286.76,282.205,283.815,279.555,285.595,279.995,287.015,282.695,289.165,292.785,283.485,289.575,299.005,278.815,275.37,305.89,300.695,303.38,272.11,292.59,272.275,285.025,283.85,287.55,284.09,290.695,298.575,283.48,301.395,281.415]",boundary-v1-9e4cfdbcfe51,fc6ed5692c5e33a9fffe770a3a11e12d0b94dbf5a1eec4c0ae7c81aee87c07d7,7bd17439943bee509526fbdfe1d93ff9932f73ad9df6491b8f1f8ec4403671a0,9e4cfdbcfe51b861989860b1103b492b54c14c8516d71574938533c2ca8332df,284.6366110468853,-0.003624397746767988,0.003624397746767988,281.28650015731176,290.0574998426883,0.018689014415220973
29,10,1.025,8000,288.514875,107.35889818902726,1.20030897170072,"[294.46,295.29,283.475,280.95,278.3,291.7,289.865,291.975,296.38,298.96,282.56,294.8,285.535,289.475,275.14,281.915,287.965,291.805,280.87,275.335,290.49,288.67,301.58,282.44,285.965,272.475,276.65,281.915,290.905,291.03,296.21,292.415,295.275,291.425,291.97,300.09,302.675,274.03,301.22,286.41]",boundary-v1-9e4cfdbcfe51,fc6ed5692c5e33a9fffe770a3a11e12d0b94dbf5a1eec4c0ae7c81aee87c07d7,7bd17439943bee509526fbdfe1d93ff9932f73ad9df6491b8f1f8ec4403671a0,9e4cfdbcfe51b861989860b1103b492b54c14c8516d71574938533c2ca8332df,286.0863259848831,-0.008417413539308551,0.008417413539308551,283.9224157872834,293.10733421271664,0.023953710495480784
29,10,1.9,8000,258.7635,87.8789687974012,0.98251674011786,"[257.745,252.18,270.665,250.61,255.505,261.355,258.075,250.64,256.065,250.26,257.3,260.835,257.08,255.525,264.375,264.06,270.53,257.08,257.785,255.88,260.61,260.485,256.74,262.2,256.27,247.34,256.425,266.275,263.81,259.425,257.69,263.93,266.005,254.64,248.58,256.955,262.065,258.91,263.76,264.875]",boundary-v1-9e4cfdbcfe51,fc6ed5692c5e33a9fffe770a3a11e12d0b94dbf5a1eec4c0ae7c81aee87c07d7,7bd17439943bee509526fbdfe1d93ff9932f73ad9df6491b8f1f8ec4403671a0,9e4cfdbcfe51b861989860b1103b492b54c14c8516d71574938533c2ca8332df,258.93391387027464,0.0006585699693914132,0.0006585699693914132,255.00432785250763,262.5226721474924,0.015409879710119423
29,128,0.3,8000,2652.61275,277.22351387827547,3.0994531099659013,"[2682.55,2644.975,2621.01,2646.235,2647.52,2656.04,2642.215,2689.72,2663.9,2655.98,2641.135,2625.665,2672.095,2688.085,2695.87,2644.93,2646.515,2692.085,2635.15,2662.63,2629.51,2624.115,2580.81,2669.945,2643.695,2657.93,2644.73,2663.935,2684.67,2639.945,2619.76,2649.405,2617.52,2664.52,2683.66,2647.845,2658.08,2673.695,2625.78,2670.655]",boundary-v1-9e4cfdbcfe51,fc6ed5692c5e33a9fffe770a3a11e12d0b94dbf5a1eec4c0ae7c81aee87c07d7,7bd17439943bee509526fbdfe1d93ff9932f73ad9df6491b8f1f8ec4403671a0,9e4cfdbcfe51b861989860b1103b492b54c14c8516d71574938533c2ca8332df,2622.3066183812134,-0.011425011667755261,0.011425011667755261,2640.754043346264,2664.4714566537355,0.015824841421073543
29,128,0.975,8000,43848.780375,15158.240065014917,169.47427602317092,"[45056.905,44078.73,42525.435,44097.3,43256.915,44532.035,44128.27,45184.3,44839.365,44411.185,43979.605,44349.005,43548.095,45711.02,42337.845,42638.61,44173.05,44575.57,44404.845,42541.955,44797.22,43922.39,44989.59,42568.525,44145.785,43468.06,43205.435,45179.57,45176.42,42212.395,43765.265,44853.54,42006.845,43072.59,43236.085,42505.185,43137.94,43951.835,44319.545,43066.955]",boundary-v1-9e4cfdbcfe51,fc6ed5692c5e33a9fffe770a3a11e12d0b94dbf5a1eec4c0ae7c81aee87c07d7,7bd17439943bee509526fbdfe1d93ff9932f73ad9df6491b8f1f8ec4403671a0,9e4cfdbcfe51b861989860b1103b492b54c14c8516d71574938533c2ca8332df,44250.85613322579,0.009169599582638027,0.009169599582638027,43200.36091085294,44497.19983914706,0.02431681588356671
29,128,1.025,8000,46330.96075,16216.97428876129,181.31128449518275,"[46504.75,45989.375,45052.89,46775.685,47099.755,46767.705,46586.385,46011.62,45462.885,49019.775,47601.0,44518.805,47921.54,45208.655,45245.79,46301.52,47903.12,45598.165,46448.615,46999.365,45367.92,45793.22,48048.185,46711.52,46222.065,46147.805,46545.22,45145.07,45931.215,47043.615,46800.535,46303.06,46711.765,45035.045,46027.12,46537.875,45636.56,47629.32,46071.77,44512.145]",boundary-v1-9e4cfdbcfe51,fc6ed5692c5e33a9fffe770a3a11e12d0b94dbf5a1eec4c0ae7c81aee87c07d7,7bd17439943bee509526fbdfe1d93ff9932f73ad9df6491b8f1f8ec4403671a0,9e4cfdbcfe51b861989860b1103b492b54c14c8516d71574938533c2ca8332df,45942.64007181519,-0.00838145101890221,0.00838145101890221,45637.25213123529,47024.669368764706,0.023009822535152824
29,128,1.9,8000,20848.10775,3895.9129261099915,43.55763068601028,"[20377.12,20841.905,21385.795,20984.495,20870.405,20952.345,20560.265,20470.735,21006.62,20754.36,20799.87,20822.885,20977.31,20889.25,21088.16,20946.71,20801.465,20765.61,20439.22,21169.995,20891.31,20847.8,20431.615,20688.81,21234.065,20843.485,20767.26,20951.865,20998.855,20932.54,20476.1,20738.94,21117.89,20610.085,20941.44,20780.745,20589.24,21234.01,20963.39,20980.345]",boundary-v1-9e4cfdbcfe51,fc6ed5692c5e33a9fffe770a3a11e12d0b94dbf5a1eec4c0ae7c81aee87c07d7,7bd17439943bee509526fbdfe1d93ff9932f73ad9df6491b8f1f8ec4403671a0,9e4cfdbcfe51b861989860b1103b492b54c14c8516d71574938533c2ca8332df,20916.62059226045,0.0032862858865668645,0.0032862858865668645,20681.453457610063,21014.762042389935,0.01137091912482835
30,10,0.3,8000,196.874125,63.615822733791134,0.7112465203866674,"[193.0,193.095,195.93,198.595,198.15,191.6,190.1,201.07,189.58,196.445,202.24,207.25,198.635,193.68,205.515,195.705,196.5,200.125,194.58,193.94,197.735,200.855,196.485,193.28,195.78,199.355,196.105,193.2,202.375,204.065,196.31,192.925,196.13,191.28,195.52,199.38,201.59,201.2,190.19,195.47]",boundary-v1-9e4cfdbcfe51,fc6ed5692c5e33a9fffe770a3a11e12d0b94dbf5a1eec4c0ae7c81aee87c07d7,7bd17439943bee509526fbdfe1d93ff9932f73ad9df6491b8f1f8ec4403671a0,9e4cfdbcfe51b861989860b1103b492b54c14c8516d71574938533c2ca8332df,196.5160958107068,-0.001818569044018381,0.001818569044018381,194.15285013488398,199.595399865116,0.01542773058141711
30,10,0.975,8000,290.681625,104.65247741925714,1.1700502676161035,"[281.905,293.285,297.33,286.7,283.715,282.855,284.265,290.635,285.55,286.375,287.07,298.56,288.355,287.355,302.935,286.77,279.975,297.31,281.435,294.6,308.52,290.025,296.17,291.29,287.55,277.82,292.025,291.325,310.795,289.58,302.97,283.545,279.155,293.99,291.055,292.985,289.995,294.52,280.745,306.225]",boundary-v1-9e4cfdbcfe51,fc6ed5692c5e33a9fffe770a3a11e12d0b94dbf5a1eec4c0ae7c81aee87c07d7,7bd17439943bee509526fbdfe1d93ff9932f73ad9df6491b8f1f8ec4403671a0,9e4cfdbcfe51b861989860b1103b492b54c14c8516d71574938533c2ca8332df,291.02067906236994,0.0011664103720692336,0.0011664103720692336,286.2049375324044,295.1583124675956,0.016826200035141792
30,10,1.025,8000,293.0865,106.746276814237,1.193459656508218,"[291.165,291.9,301.545,295.365,290.25,285.91,306.49,281.1,313.575,284.035,289.62,285.7,303.895,286.245,290.265,293.235,292.27,301.355,284.645,292.505,279.51,287.37,301.745,290.875,294.37,280.34,287.735,304.425,302.515,285.315,294.655,294.345,304.215,281.675,294.785,306.19,293.295,292.07,288.025,298.935]",boundary-v1-9e4cfdbcfe51,fc6ed5692c5e33a9fffe770a3a11e12d0b94dbf5a1eec4c0ae7c81aee87c07d7,7bd17439943bee509526fbdfe1d93ff9932f73ad9df6491b8f1f8ec4403671a0,9e4cfdbcfe51b861989860b1103b492b54c14c8516d71574938533c2ca8332df,292.5310877740439,-0.0018950454079464734,0.0018950454079464734,288.52024670709085,297.65275329290915,0.017206847449602547
30,10,1.9,8000,265.3825,90.19569197919849,1.0084184927156017,"[265.275,274.505,263.28,265.36,270.96,265.635,261.5,259.05,262.76,260.825,267.09,267.54,254.315,262.225,271.935,267.69,261.945,253.94,270.16,270.84,260.47,257.885,264.48,271.925,254.265,269.11,263.57,269.875,267.385,264.365,277.425,264.6,262.715,270.6,269.82,269.89,268.95,271.025,257.545,262.57]",boundary-v1-9e4cfdbcfe51,fc6ed5692c5e33a9fffe770a3a11e12d0b94dbf5a1eec4c0ae7c81aee87c07d7,7bd17439943bee509526fbdfe1d93ff9932f73ad9df6491b8f1f8ec4403671a0,9e4cfdbcfe51b861989860b1103b492b54c14c8516d71574938533c2ca8332df,265.8445901697953,0.0017412232147760959,0.0017412232147760959,261.5242260835902,269.2407739164098,0.016519938328100503
30,128,0.3,8000,2743.884375,282.8664405399788,3.162542948003974,"[2760.85,2730.03,2767.465,2768.275,2730.775,2758.715,2737.065,2746.81,2746.08,2719.975,2729.475,2767.385,2739.175,2761.74,2752.28,2744.815,2753.445,2732.135,2754.74,2743.73,2743.815,2742.705,2726.62,2712.17,2734.22,2719.2,2729.995,2723.75,2771.42,2742.865,2715.36,2770.74,2754.795,2751.035,2758.05,2731.265,2744.105,2734.495,2734.815,2768.995]",boundary-v1-9e4cfdbcfe51,fc6ed5692c5e33a9fffe770a3a11e12d0b94dbf5a1eec4c0ae7c81aee87c07d7,7bd17439943bee509526fbdfe1d93ff9932f73ad9df6491b8f1f8ec4403671a0,9e4cfdbcfe51b861989860b1103b492b54c14c8516d71574938533c2ca8332df,2711.4287533188267,-0.011828348882657783,0.011828348882657783,2731.784282574136,2755.9844674258643,0.016166895943594883
30,128,0.975,8000,44850.419875,15207.870965448868,170.0291663589451,"[45238.22,42870.72,44443.605,43585.82,42763.19,46747.005,43637.275,44480.915,45175.385,43176.83,43551.85,44528.71,45447.61,44904.73,43264.09,45206.755,44846.885,44700.295,46856.765,45370.67,45959.505,44691.785,44565.365,43356.635,45499.49,44458.92,44935.11,44975.295,45358.215,44423.665,44787.42,44715.84,45131.435,47464.18,47255.26,44305.195,44400.435,47352.05,44520.905,45062.765]",boundary-v1-9e4cfdbcfe51,fc6ed5692c5e33a9fffe770a3a11e12d0b94dbf5a1eec4c0ae7c81aee87c07d7,7bd17439943bee509526fbdfe1d93ff9932f73ad9df6491b8f1f8ec4403671a0,9e4cfdbcfe51b861989860b1103b492b54c14c8516d71574938533c2ca8332df,45421.52508100669,0.012733553166244173,0.012733553166244173,44199.877364791755,45500.962385208244,0.027639165288455336
30,128,1.025,8000,47477.14125,16194.999650694937,181.06560057269613,"[47936.445,48552.82,46956.22,48229.395,45901.91,47626.275,47782.27,47471.905,46221.29,49112.945,45132.43,46966.62,47618.63,46971.96,45518.27,46643.66,47149.72,46512.43,47538.725,47614.14,46735.735,48791.82,47010.915,46858.28,47702.52,49572.92,47797.465,46640.63,45854.385,48603.355,48158.965,48802.44,47852.63,48635.77,48242.575,47884.435,47476.45,49288.2,46628.435,47089.665]",boundary-v1-9e4cfdbcfe51,fc6ed5692c5e33a9fffe770a3a11e12d0b94dbf5a1eec4c0ae7c81aee87c07d7,7bd17439943bee509526fbdfe1d93ff9932f73ad9df6491b8f1f8ec4403671a0,9e4cfdbcfe51b861989860b1103b492b54c14c8516d71574938533c2ca8332df,47064.212960243254,-0.00869741266818053,0.00869741266818053,46784.3726337012,48169.9098662988,0.022954099543149198
30,128,1.9,8000,21791.858,4132.593201508847,46.20379660963634,"[22005.715,21715.14,22277.115,21975.585,22007.495,21530.155,21645.215,21763.24,21644.695,21741.135,21816.025,20980.52,21924.96,21635.925,22131.32,21676.405,21909.71,21890.79,22209.805,21966.375,21579.165,21767.925,22233.6,21903.46,21822.845,21592.61,21750.615,21881.825,21872.12,21951.395,21964.975,21578.41,21352.395,21726.62,21603.74,21954.035,21449.53,21608.12,21869.94,21763.67]",boundary-v1-9e4cfdbcfe51,fc6ed5692c5e33a9fffe770a3a11e12d0b94dbf5a1eec4c0ae7c81aee87c07d7,7bd17439943bee509526fbdfe1d93ff9932f73ad9df6491b8f1f8ec4403671a0,9e4cfdbcfe51b861989860b1103b492b54c14c8516d71574938533c2ca8332df,21906.929341285864,0.005280474078248125,0.005280474078248125,21615.079306842556,21968.636693157445,0.013502149601223978
31,10,0.3,8000,201.025125,66.00033143252408,0.7379061381031995,"[197.94,193.635,191.295,204.61,202.5,206.075,203.94,201.68,203.465,191.265,204.63,192.43,205.685,208.58,202.605,198.995,197.635,202.0,209.46,197.665,202.99,204.49,198.08,203.245,199.485,203.86,202.005,200.055,206.105,203.515,203.715,201.905,194.06,199.14,196.25,201.7,202.63,202.045,196.12,203.52]",boundary-v1-9e4cfdbcfe51,fc6ed5692c5e33a9fffe770a3a11e12d0b94dbf5a1eec4c0ae7c81aee87c07d7,7bd17439943bee509526fbdfe1d93ff9932f73ad9df6491b8f1f8ec4403671a0,9e4cfdbcfe51b861989860b1103b492b54c14c8516d71574938533c2ca8332df,202.45498032601841,0.007112818987270433,0.007112818987270433,198.20184872535,203.84840127465,0.021458586930548806
31,10,0.975,8000,298.3025,108.44572284373591,1.2124600407384765,"[296.48,285.98,297.29,290.63,295.01,306.69,298.635,308.99,297.355,295.88,289.455,296.23,313.005,288.61,298.635,298.585,296.465,302.425,283.84,292.57,295.295,294.555,304.71,311.72,306.355,306.575,306.525,301.625,297.38,306.865,281.32,298.62,299.855,298.14,304.5,303.68,295.975,300.095,290.27,295.28]",boundary-v1-9e4cfdbcfe51,fc6ed5692c5e33a9fffe770a3a11e12d0b94dbf5a1eec4c0ae7c81aee87c07d7,7bd17439943bee509526fbdfe1d93ff9932f73ad9df6491b8f1f8ec4403671a0,9e4cfdbcfe51b861989860b1103b492b54c14c8516d71574938533c2ca8332df,297.3536904066106,-0.0031806960833026835,0.0031806960833026835,293.6635500167714,302.9414499832286,0.01844501495892137
31,10,1.025,8000,299.7665,109.50212014860548,1.2242709216631562,"[302.055,293.775,311.82,283.6,310.175,287.33,302.61,282.045,299.815,285.035,305.925,294.75,297.725,302.56,304.685,288.02,307.8,299.715,301.255,305.74,297.755,301.15,311.46,310.36,300.155,296.275,301.085,295.655,303.665,287.625,300.5,288.25,302.52,306.945,309.39,295.05,307.535,298.475,312.105,298.27]",boundary-v1-9e4cfdbcfe51,fc6ed5692c5e33a9fffe770a3a11e12d0b94dbf5a1eec4c0ae7c81aee87c07d7,7bd17439943bee509526fbdfe1d93ff9932f73ad9df6491b8f1f8ec4403671a0,9e4cfdbcfe51b861989860b1103b492b54c14c8516d71574938533c2ca8332df,298.9236028828323,-0.002811845610392405,0.002811845610392405,295.0823608278278,304.4506391721722,0.018154129366810934
31,10,1.9,8000,271.330375,90.31767621949254,1.0097823179830077,"[274.43,267.745,258.945,261.125,270.78,276.2,274.33,277.255,272.7,279.975,282.195,270.325,280.765,272.265,268.935,273.025,291.99,271.6,267.405,267.01,273.56,273.47,262.53,284.96,274.635,261.985,269.4,273.52,271.24,261.78,261.575,262.535,279.575,274.04,268.375,265.17,274.665,263.04,261.615,276.545]",boundary-v1-9e4cfdbcfe51,fc6ed5692c5e33a9fffe770a3a11e12d0b94dbf5a1eec4c0ae7c81aee87c07d7,7bd17439943bee509526fbdfe1d93ff9932f73ad9df6491b8f1f8ec4403671a0,9e4cfdbcfe51b861989860b1103b492b54c14c8516d71574938533c2ca8332df,272.68294156277534,0.004984943402578266,0.004984943402578266,267.46688300052864,275.19386699947137,0.019501698691558822
31,128,0.3,8000,2836.19075,296.5511531553068,3.315542686306086,"[2875.065,2855.98,2857.42,2821.805,2819.695,2852.285,2827.705,2849.015,2848.975,2828.995,2806.875,2854.365,2832.51,2839.175,2848.355,2837.595,2829.62,2852.475,2829.0,2820.12,2841.67,2837.48,2796.995,2802.815,2839.545,2839.205,2824.91,2843.095,2820.63,2826.6,2825.185,2876.04,2842.64,2826.515,2846.185,2850.895,2805.5,2852.65,2852.81,2809.235]",boundary-v1-9e4cfdbcfe51,fc6ed5692c5e33a9fffe770a3a11e12d0b94dbf5a1eec4c0ae7c81aee87c07d7,7bd17439943bee509526fbdfe1d93ff9932f73ad9df6491b8f1f8ec4403671a0,9e4cfdbcfe51b861989860b1103b492b54c14c8516d71574938533c2ca8332df,2800.512505465707,-0.012579635038402582,0.012579635038402582,2823.505270749348,2848.8762292506526,0.016976421540667253
31,128,0.975,8000,45913.289,15637.341397468324,174.83079176055364,"[46635.945,47298.48,45136.695,44315.12,47110.76,45978.755,46986.82,44721.135,45623.375,47153.49,47572.125,44202.135,47348.925,45820.21,48020.135,46504.82,44595.045,46516.365,45660.66,46321.585,46438.295,45706.52,46226.55,46454.88,46587.81,47802.495,45132.575,46226.385,45511.495,46736.205,45815.945,44800.375,45842.89,43891.15,44646.73,44000.47,44814.06,45013.965,46307.8,45052.385]",boundary-v1-9e4cfdbcfe51,fc6ed5692c5e33a9fffe770a3a11e12d0b94dbf5a1eec4c0ae7c81aee87c07d7,7bd17439943bee509526fbdfe1d93ff9932f73ad9df6491b8f1f8ec4403671a0,9e4cfdbcfe51b861989860b1103b492b54c14c8516d71574938533c2ca8332df,46582.799223455644,0.01458205757064468,0.01458205757064468,45244.37516263222,46582.202837367775,0.029582109511125276
31,128,1.025,8000,48594.4355,16553.656198708275,185.07550268236233,"[47279.305,48523.38,45990.915,47614.555,46837.63,49376.075,48108.325,47654.575,49406.675,49560.015,48455.395,47812.725,50606.985,48498.1,49711.825,50271.615,49304.525,49096.32,47424.925,49576.245,49128.175,48416.86,49378.1,47969.57,48982.925,48810.065,47529.88,48049.425,48463.92,48878.28,47668.16,49230.775,49175.49,47669.945,47398.59,50333.2,48950.2,49746.955,49454.71,47432.085]",boundary-v1-9e4cfdbcfe51,fc6ed5692c5e33a9fffe770a3a11e12d0b94dbf5a1eec4c0ae7c81aee87c07d7,7bd17439943bee509526fbdfe1d93ff9932f73ad9df6491b8f1f8ec4403671a0,9e4cfdbcfe51b861989860b1103b492b54c14c8516d71574938533c2ca8332df,48175.692077165455,-0.008617106434635806,0.008617106434635806,47886.32474070318,49302.54625929682,0.022855902334230405
31,128,1.9,8000,22697.80825,4316.199448263667,48.25657685382323,"[22946.4,22830.515,22612.115,22518.515,22719.95,22536.495,22715.955,22845.57,22588.71,22348.7,22634.62,22499.33,22222.36,22542.825,22458.865,22704.305,22876.335,22475.705,23230.63,22750.055,22848.265,22993.425,22497.175,22220.125,22778.055,23105.925,22849.255,22713.985,22855.56,22674.13,23033.06,22637.825,22526.57,22787.245,22334.105,22789.6,22278.625,22762.845,22609.46,23559.14]",boundary-v1-9e4cfdbcfe51,fc6ed5692c5e33a9fffe770a3a11e12d0b94dbf5a1eec4c0ae7c81aee87c07d7,7bd17439943bee509526fbdfe1d93ff9932f73ad9df6491b8f1f8ec4403671a0,9e4cfdbcfe51b861989860b1103b492b54c14c8516d71574938533c2ca8332df,22901.756691224255,0.008985380393468448,0.008985380393468448,22513.175487793364,22882.441012206633,0.01726016854626211
32,10,0.3,8000,206.91275,66.13465514776605,0.7394079228945565,"[213.5,208.74,208.845,201.965,202.66,212.005,217.705,211.725,203.315,206.73,196.56,199.1,206.16,207.46,204.49,200.35,209.225,201.04,209.825,204.28,213.59,200.605,210.145,212.015,208.32,202.63,207.98,212.125,208.435,209.565,202.97,212.505,210.635,204.785,200.315,211.105,205.725,207.59,202.79,207.0]",boundary-v1-9e4cfdbcfe51,fc6ed5692c5e33a9fffe770a3a11e12d0b94dbf5a1eec4c0ae7c81aee87c07d7,7bd17439943bee509526fbdfe1d93ff9932f73ad9df6491b8f1f8ec4403671a0,9e4cfdbcfe51b861989860b1103b492b54c14c8516d71574938533c2ca8332df,208.36589182422247,0.0070229689771291745,0.0070229689771291745,204.0837278002897,209.74177219971028,0.02098238830742627
32,10,0.975,8000,305.04575,108.5142194549428,1.2132258561329115,"[300.945,315.21,293.675,298.545,306.395,298.795,304.77,304.42,300.955,307.78,302.6,300.48,304.275,313.02,314.52,296.895,303.165,306.675,323.885,302.885,286.905,312.5,316.505,314.505,312.165,306.88,302.105,312.545,297.58,311.67,295.39,296.08,309.925,298.33,307.915,304.17,315.735,305.635,298.125,297.275]",boundary-v1-9e4cfdbcfe51,fc6ed5692c5e33a9fffe770a3a11e12d0b94dbf5a1eec4c0ae7c81aee87c07d7,7bd17439943bee509526fbdfe1d93ff9932f73ad9df6491b8f1f8ec4403671a0,9e4cfdbcfe51b861989860b1103b492b54c14c8516d71574938533c2ca8332df,303.63589190945845,-0.004621792273918084,0.004621792273918084,300.4038699578896,309.6876300421104,0.01954142673321846
32,10,1.025,8000,303.1655,107.44949178060587,1.2013218388461981,"[293.19,306.1,310.74,297.47,294.33,301.87,305.86,300.4,317.96,291.21,307.0,314.38,288.705,303.055,312.29,312.94,307.08,314.07,297.12,304.87,313.965,298.29,295.63,304.42,302.75,301.935,298.76,296.99,308.525,301.695,303.94,288.145,312.94,304.305,309.53,305.015,300.945,311.665,290.295,296.24]",boundary-v1-9e4cfdbcfe51,fc6ed5692c5e33a9fffe770a3a11e12d0b94dbf5a1eec4c0ae7c81aee87c07d7,7bd17439943bee509526fbdfe1d93ff9932f73ad9df6491b8f1f8ec4403671a0,9e4cfdbcfe51b861989860b1103b492b54c14c8516d71574938533c2ca8332df,305.2641747707393,0.0069225382529981404,0.0069225382529981404,298.5691654925358,307.76183450746424,0.022423646015686582
32,10,1.9,8000,277.227,90.72966551809627,1.0143884983714095,"[276.12,276.94,280.62,272.8,274.855,279.045,283.48,278.435,283.8,276.505,277.02,281.205,272.51,282.44,263.895,282.035,270.77,277.355,284.005,278.965,279.07,279.1,262.015,294.835,271.475,275.905,279.895,261.295,281.58,282.03,278.055,283.05,280.135,269.195,285.1,277.465,273.585,272.06,270.71,279.725]",boundary-v1-9e4cfdbcfe51,fc6ed5692c5e33a9fffe770a3a11e12d0b94dbf5a1eec4c0ae7c81aee87c07d7,7bd17439943bee509526fbdfe1d93ff9932f73ad9df6491b8f1f8ec4403671a0,9e4cfdbcfe51b861989860b1103b492b54c14c8516d71574938533c2ca8332df,279.4510470931,0.00802247650156735,0.00802247650156735,273.3458844585416,281.10811554145835,0.02233493526581465
32,128,0.3,8000,2927.87875,306.28944676822886,3.4244201188228147,"[2915.23,2942.095,2901.925,2878.905,2933.555,2911.465,2900.1,2944.455,2908.905,2912.52,2941.4,2937.685,2921.0,2931.795,2895.39,2948.905,2947.985,2962.34,2956.465,2943.01,2918.165,2892.66,2939.47,2916.685,2902.085,2924.645,2951.86,2916.9,2921.34,2947.38,2924.275,2963.1,2957.62,2939.12,2906.845,2942.375,2963.825,2889.595,2927.295,2934.78]",boundary-v1-9e4cfdbcfe51,fc6ed5692c5e33a9fffe770a3a11e12d0b94dbf5a1eec4c0ae7c81aee87c07d7,7bd17439943bee509526fbdfe1d93ff9932f73ad9df6491b8f1f8ec4403671a0,9e4cfdbcfe51b861989860b1103b492b54c14c8516d71574938533c2ca8332df,2889.5598572492318,-0.013087595499222126,0.013087595499222126,2914.776698700144,2940.9808012998556,0.017484284163941766
32,128,0.975,8000,46800.06575,15408.459832214805,172.27181806703652,"[47620.325,47487.37,48063.375,47212.44,48671.805,45935.73,46693.7,47261.48,48386.77,46109.98,47938.635,47286.67,46646.02,45815.37,46365.36,47615.57,46253.825,45273.585,48026.29,43990.68,47525.38,48196.51,47524.13,45540.91,44679.865,44790.905,46396.34,48232.345,46040.055,45816.695,46547.775,47068.115,45639.52,48543.56,46819.63,46818.535,46141.16,47985.435,45993.045,47047.74]",boundary-v1-9e4cfdbcfe51,fc6ed5692c5e33a9fffe770a3a11e12d0b94dbf5a1eec4c0ae7c81aee87c07d7,7bd17439943bee509526fbdfe1d93ff9932f73ad9df6491b8f1f8ec4403671a0,9e4cfdbcfe51b861989860b1103b492b54c14c8516d71574938533c2ca8332df,47734.86107253037,0.019974230966339438,0.019974230966339438,46140.942710327625,47459.18878967238,0.03454455562837877
32,128,1.025,8000,49908.6655,16836.22894246913,188.23476200055185,"[49322.645,47953.185,48732.395,50547.16,51635.775,49079.23,50783.33,50742.375,48924.34,48622.415,50079.135,52658.295,50005.9,50358.79,50140.32,49204.39,48367.05,52475.605,48957.07,50127.925,48572.97,48891.725,50573.63,48571.335,51955.69,48113.78,50320.995,51378.51,49637.09,48713.31,48493.98,49972.22,49511.68,49851.425,50854.415,50568.23,48890.09,53254.605,48366.08,51137.53]",boundary-v1-9e4cfdbcfe51,fc6ed5692c5e33a9fffe770a3a11e12d0b94dbf5a1eec4c0ae7c81aee87c07d7,7bd17439943bee509526fbdfe1d93ff9932f73ad9df6491b8f1f8ec4403671a0,9e4cfdbcfe51b861989860b1103b492b54c14c8516d71574938533c2ca8332df,49277.26062951267,-0.012651207243506336,0.012651207243506336,49188.46721165587,50628.86378834413,0.026696296493673888
32,128,1.9,8000,23639.5615,4561.833207713169,51.00284577231282,"[23730.675,24083.66,23629.275,23290.595,23827.925,24105.545,23267.405,23416.465,23743.31,23753.405,24131.075,23721.645,24021.22,23759.365,23949.385,23486.845,23859.415,23512.0,23582.95,23230.225,23039.18,24093.765,23506.62,23527.835,23555.86,23533.285,23467.645,23310.2,23422.79,24002.095,24041.32,23594.945,24123.425,23813.475,23370.3,23371.88,23307.735,23523.955,23431.405,23442.36]",boundary-v1-9e4cfdbcfe51,fc6ed5692c5e33a9fffe770a3a11e12d0b94dbf5a1eec4c0ae7c81aee87c07d7,7bd17439943bee509526fbdfe1d93ff9932f73ad9df6491b8f1f8ec4403671a0,9e4cfdbcfe51b861989860b1103b492b54c14c8516d71574938533c2ca8332df,23900.549862402102,0.011040321640572826,0.011040321640572826,23444.42133653863,23834.70166346137,0.019455738289116287
33,10,0.3,8000,213.403,68.93923533279894,0.7707640826049689,"[212.675,207.065,210.05,211.92,220.37,210.955,218.115,208.745,211.52,217.72,216.345,216.505,210.855,214.405,212.455,205.39,207.38,221.52,209.635,215.945,215.74,210.815,216.45,208.595,220.82,214.59,206.275,210.91,215.095,211.3,216.57,213.605,221.95,205.755,216.84,214.925,220.25,214.99,213.63,207.445]",boundary-v1-9e4cfdbcfe51,fc6ed5692c5e33a9fffe770a3a11e12d0b94dbf5a1eec4c0ae7c81aee87c07d7,7bd17439943bee509526fbdfe1d93ff9932f73ad9df6491b8f1f8ec4403671a0,9e4cfdbcfe51b861989860b1103b492b54c14c8516d71574938533c2ca8332df,214.24912854839863,0.003964932772260178,0.003964932772260178,210.45400711946286,216.35199288053713,0.018033020520162868
33,10,0.975,8000,310.751375,109.7055352918374,1.2265451721027534,"[296.215,307.775,303.185,310.285,302.86,313.77,305.51,316.92,310.58,317.62,306.055,312.35,315.39,314.435,317.22,313.585,308.27,304.655,303.35,317.09,309.175,318.21,308.205,318.23,315.12,308.22,314.85,310.72,315.925,315.215,313.685,305.985,307.5,306.36,322.805,317.015,290.905,307.21,313.52,314.08]",boundary-v1-9e4cfdbcfe51,fc6ed5692c5e33a9fffe770a3a11e12d0b94dbf5a1eec4c0ae7c81aee87c07d7,7bd17439943bee509526fbdfe1d93ff9932f73ad9df6491b8f1f8ec4403671a0,9e4cfdbcfe51b861989860b1103b492b54c14c8516d71574938533c2ca8332df,309.867507534424,-0.002844291406839228,0.002844291406839228,306.0585343995876,315.4442156004124,0.017678904193483946
33,10,1.025,8000,310.32525,109.26476243957322,1.2216171818012573,"[316.31,297.245,300.565,307.605,300.77,299.32,305.545,305.505,304.975,314.555,313.39,316.555,310.67,325.76,309.465,304.035,324.98,314.8,299.69,311.43,294.285,310.27,321.805,313.58,313.51,328.64,299.475,309.245,318.555,320.745,298.615,319.775,300.98,312.52,309.53,301.62,310.345,295.81,319.755,330.78]",boundary-v1-9e4cfdbcfe51,fc6ed5692c5e33a9fffe770a3a11e12d0b94dbf5a1eec4c0ae7c81aee87c07d7,7bd17439943bee509526fbdfe1d93ff9932f73ad9df6491b8f1f8ec4403671a0,9e4cfdbcfe51b861989860b1103b492b54c14c8516d71574938533c2ca8332df,311.5530774447852,0.003956582472052118,0.003956582472052118,305.6512642069696,314.9992357930304,0.019308977023629215
33,10,1.9,8000,285.27775,95.88277240043125,1.0720019847925248,"[290.985,281.63,277.755,290.395,282.35,300.39,274.245,284.07,285.19,273.495,294.025,275.08,285.735,282.52,280.245,287.375,282.115,283.115,288.595,278.555,292.57,280.88,286.415,278.63,298.94,279.42,288.945,278.555,293.355,292.4,291.64,287.315,288.14,287.49,281.655,276.885,273.885,291.125,296.905,288.095]",boundary-v1-9e4cfdbcfe51,fc6ed5692c5e33a9fffe770a3a11e12d0b94dbf5a1eec4c0ae7c81aee87c07d7,7bd17439943bee509526fbdfe1d93ff9932f73ad9df6491b8f1f8ec4403671a0,9e4cfdbcfe51b861989860b1103b492b54c14c8516d71574938533c2ca8332df,286.1507415198305,0.003060145839731503,0.003060145839731503,281.1762015594053,289.37929844059477,0.017691895447894845
33,128,0.3,8000,3017.027,308.5548132505755,3.449747686065198,"[3012.535,3010.85,3043.645,3026.885,3024.665,3000.91,3041.21,2993.205,3022.145,3048.23,3000.92,2957.57,3004.3,3062.72,3031.68,3044.08,2992.58,3036.115,3006.465,3008.67,3003.305,3012.715,2992.03,3050.11,2997.75,2986.895,3029.47,2990.295,3033.305,3001.905,3049.46,3042.34,2983.39,3015.175,2988.65,2987.31,3019.86,3053.1,3032.805,3041.83]",boundary-v1-9e4cfdbcfe51,fc6ed5692c5e33a9fffe770a3a11e12d0b94dbf5a1eec4c0ae7c81aee87c07d7,7bd17439943bee509526fbdfe1d93ff9932f73ad9df6491b8f1f8ec4403671a0,9e4cfdbcfe51b861989860b1103b492b54c14c8516d71574938533c2ca8332df,2978.5726860462464,-0.012745763943694779,0.012745763943694779,3003.828043801272,3030.225956198728,0.017046012706352087
33,128,0.975,8000,47882.8135,15846.77652536939,177.17234767486937,"[45666.095,48365.375,48624.295,46736.995,46227.185,47372.14,50894.91,48046.43,46912.06,48463.56,48541.14,47037.98,48297.03,48537.585,47952.65,48069.36,48502.52,46931.89,48446.975,48176.795,48060.055,47438.88,50664.925,48775.665,48758.495,48097.445,47559.32,45982.81,47665.91,49104.665,48511.685,48663.055,48418.795,48031.98,46813.97,47036.97,45982.44,46631.34,46789.025,48522.14]",boundary-v1-9e4cfdbcfe51,fc6ed5692c5e33a9fffe770a3a11e12d0b94dbf5a1eec4c0ae7c81aee87c07d7,7bd17439943bee509526fbdfe1d93ff9932f73ad9df6491b8f1f8ec4403671a0,9e4cfdbcfe51b861989860b1103b492b54c14c8516d71574938533c2ca8332df,48877.87114226139,0.02078110222703175,0.02078110222703175,47204.94071932319,48560.686280676804,0.03543973146551149
33,128,1.025,8000,50805.778625,17040.13845269248,190.51453963114236,"[49093.505,49321.575,51006.145,51325.75,50107.855,51996.19,51528.12,53448.31,51010.91,49741.24,51542.94,51288.625,49358.79,50045.165,50995.06,52054.875,50359.97,51830.815,51279.39,50833.525,52671.575,49624.27,50701.885,51065.755,50529.845,50065.86,50014.325,51522.015,49009.165,52183.615,49554.02,50367.41,52164.96,51819.925,50896.045,51476.505,50976.385,47844.215,51251.195,50323.42]",boundary-v1-9e4cfdbcfe51,fc6ed5692c5e33a9fffe770a3a11e12d0b94dbf5a1eec4c0ae7c81aee87c07d7,7bd17439943bee509526fbdfe1d93ff9932f73ad9df6491b8f1f8ec4403671a0,9e4cfdbcfe51b861989860b1103b492b54c14c8516d71574938533c2ca8332df,50369.081227318995,-0.008595427715108737,0.008595427715108737,50076.85776102793,51534.699488972066,0.02261812474335867
33,128,1.9,8000,24618.056625,4765.706564959862,53.282219200336336,"[24287.84,24603.77,24561.51,24510.61,24704.405,23526.685,24379.985,24512.805,24356.195,24969.575,25468.2,24787.585,24428.09,23723.895,24303.67,24681.905,24599.645,24881.54,24022.02,24527.56,24696.165,24895.895,24665.495,25137.505,24985.25,24769.595,25093.305,24551.86,24815.765,24883.65,24043.165,24728.775,25101.33,24156.805,24987.08,24643.63,24713.69,24990.9,24341.935,24682.98]",boundary-v1-9e4cfdbcfe51,fc6ed5692c5e33a9fffe770a3a11e12d0b94dbf5a1eec4c0ae7c81aee87c07d7,7bd17439943bee509526fbdfe1d93ff9932f73ad9df6491b8f1f8ec4403671a0,9e4cfdbcfe51b861989860b1103b492b54c14c8516d71574938533c2ca8332df,24902.782687922925,0.011565740840557679,0.011565740840557679,24414.195432415676,24821.917817584326,0.020012425019688918
34,10,0.3,8000,220.166625,71.27883237751942,0.7969215727647319,"[216.41,220.805,218.745,228.835,226.84,225.075,213.585,224.245,211.37,219.78,216.575,223.995,219.9,214.795,220.825,218.63,222.38,217.54,218.795,232.165,220.41,223.915,217.635,218.905,217.715,216.335,223.005,223.94,225.535,224.685,221.84,215.465,219.705,219.095,216.21,219.36,218.47,209.91,220.325,222.915]",boundary-v1-9e4cfdbcfe51,fc6ed5692c5e33a9fffe770a3a11e12d0b94dbf5a1eec4c0ae7c81aee87c07d7,7bd17439943bee509526fbdfe1d93ff9932f73ad9df6491b8f1f8ec4403671a0,9e4cfdbcfe51b861989860b1103b492b54c14c8516d71574938533c2ca8332df,220.10493660895142,-0.00028018956573727297,0.00028018956573727297,217.117551882209,223.21569811779102,0.013936123377837228
34,10,0.975,8000,318.60975,113.0534324545753,1.2639758002905563,"[325.52,324.51,323.035,314.405,338.64,304.225,326.75,320.525,337.195,317.035,306.07,319.855,310.225,307.635,327.8,307.91,333.17,320.305,313.645,308.8,313.305,312.445,329.19,311.555,316.27,324.03,321.24,317.735,307.845,322.395,313.335,316.44,328.88,310.19,310.855,312.735,323.39,311.91,327.12,326.27]",boundary-v1-9e4cfdbcfe51,fc6ed5692c5e33a9fffe770a3a11e12d0b94dbf5a1eec4c0ae7c81aee87c07d7,7bd17439943bee509526fbdfe1d93ff9932f73ad9df6491b8f1f8ec4403671a0,9e4cfdbcfe51b861989860b1103b492b54c14c8516d71574938533c2ca8332df,316.04874111852985,-0.008038074420102249,0.008038074420102249,313.773697412248,323.44580258775204,0.022869554682860227
34,10,1.025,8000,316.545875,113.35146873736349,1.267307947230935,"[314.35,308.62,312.855,305.32,321.66,320.82,334.835,314.105,304.82,322.98,306.58,313.925,323.61,306.405,320.025,301.71,308.37,316.015,328.935,321.595,317.62,316.94,326.52,319.74,327.595,313.885,307.845,318.58,335.77,307.4,316.68,316.85,318.28,328.77,311.0,312.175,307.715,306.685,308.19,336.06]",boundary-v1-9e4cfdbcfe51,fc6ed5692c5e33a9fffe770a3a11e12d0b94dbf5a1eec4c0ae7c81aee87c07d7,7bd17439943bee509526fbdfe1d93ff9932f73ad9df6491b8f1f8ec4403671a0,9e4cfdbcfe51b861989860b1103b492b54c14c8516d71574938533c2ca8332df,317.79055912049625,0.003932081315216099,0.003932081315216099,311.6970734040549,321.39467659594516,0.019549383797204722
34,10,1.9,8000,291.939875,96.45907320768164,1.0784452236950242,"[295.095,291.62,297.83,293.785,294.89,289.99,290.325,280.42,284.445,295.225,298.015,305.42,285.475,281.7,294.875,287.77,285.625,289.355,306.595,289.355,280.83,286.185,290.86,289.04,295.055,287.4,291.855,288.205,291.215,295.015,285.805,289.485,295.685,298.125,296.785,302.41,289.29,296.34,293.185,297.015]",boundary-v1-9e4cfdbcfe51,fc6ed5692c5e33a9fffe770a3a11e12d0b94dbf5a1eec4c0ae7c81aee87c07d7,7bd17439943bee509526fbdfe1d93ff9932f73ad9df6491b8f1f8ec4403671a0,9e4cfdbcfe51b861989860b1103b492b54c14c8516d71574938533c2ca8332df,292.7836506088047,0.002890237617607802,0.002890237617607802,287.81367431356256,296.0660756864374,0.017268033935828653
34,128,0.3,8000,3108.580375,322.94015557509994,3.6105807026514056,"[3070.32,3138.28,3088.98,3109.46,3093.535,3149.13,3087.945,3119.81,3112.915,3109.04,3099.45,3146.745,3063.425,3077.895,3119.205,3117.545,3149.655,3106.03,3114.71,3148.165,3127.93,3101.54,3080.83,3099.66,3087.755,3083.065,3099.65,3083.975,3130.465,3089.22,3110.655,3110.55,3135.9,3099.06,3145.525,3125.495,3104.25,3104.755,3105.275,3095.42]",boundary-v1-9e4cfdbcfe51,fc6ed5692c5e33a9fffe770a3a11e12d0b94dbf5a1eec4c0ae7c81aee87c07d7,7bd17439943bee509526fbdfe1d93ff9932f73ad9df6491b8f1f8ec4403671a0,9e4cfdbcfe51b861989860b1103b492b54c14c8516d71574938533c2ca8332df,3067.5527742908307,-0.01319817915570843,0.01319817915570843,3094.766061350695,3122.394688649305,0.017564055741523754
34,128,0.975,8000,48920.890125,16397.42389294255,183.32877240249385,"[48910.31,50011.1,49055.48,50467.89,49718.515,49053.4,49041.185,48590.84,47769.775,51578.3,49773.48,48513.75,49972.3,48138.075,48930.72,48170.21,49640.31,48486.995,49967.095,51259.37,50131.995,47562.455,49302.39,50005.07,47716.435,48870.335,49897.97,48843.89,47506.005,49812.655,46795.37,48056.24,49419.915,48335.195,47992.26,48383.59,47492.135,48485.26,47930.21,47247.13]",boundary-v1-9e4cfdbcfe51,fc6ed5692c5e33a9fffe770a3a11e12d0b94dbf5a1eec4c0ae7c81aee87c07d7,7bd17439943bee509526fbdfe1d93ff9932f73ad9df6491b8f1f8ec4403671a0,9e4cfdbcfe51b861989860b1103b492b54c14c8516d71574938533c2ca8332df,50011.970842602204,0.02230296126694212,0.02230296126694212,48219.462467933554,49622.31778206644,0.037173960117466764
34,128,1.025,8000,51724.437,17324.85706952848,193.6977905396674,"[50107.19,52091.185,51652.88,51673.69,52878.165,52074.87,51435.22,53473.4,53080.97,52421.87,50110.59,51191.23,49704.46,51993.225,52632.675,52709.11,51069.985,51872.17,49304.31,51413.28,53179.625,51196.525,53675.91,51983.635,51436.55,50525.375,51675.745,51577.26,52494.365,50843.365,51673.9,53181.42,50915.04,51269.88,50125.745,51715.385,50714.755,53011.34,52358.965,52532.22]",boundary-v1-9e4cfdbcfe51,fc6ed5692c5e33a9fffe770a3a11e12d0b94dbf5a1eec4c0ae7c81aee87c07d7,7bd17439943bee509526fbdfe1d93ff9932f73ad9df6491b8f1f8ec4403671a0,9e4cfdbcfe51b861989860b1103b492b54c14c8516d71574938533c2ca8332df,51451.298763713356,-0.005280642035536172,0.005280642035536172,50983.3368136152,52465.5371863848,0.019331516974053664
34,128,1.9,8000,25604.123,5044.655224434339,56.4009600244232,"[25652.705,25818.64,25613.405,25550.685,25581.18,25992.805,24927.8,25438.95,25651.06,25348.695,25730.825,25751.605,25320.615,25275.45,25591.975,25563.58,25216.455,25870.22,25605.975,25852.89,25601.04,26124.325,26078.96,25884.15,25651.1,25393.0,25340.99,25617.545,25858.675,26003.905,25998.085,24861.155,25628.45,25584.005,25080.82,25359.205,25123.205,26031.155,25994.885,25594.75]",boundary-v1-9e4cfdbcfe51,fc6ed5692c5e33a9fffe770a3a11e12d0b94dbf5a1eec4c0ae7c81aee87c07d7,7bd17439943bee509526fbdfe1d93ff9932f73ad9df6491b8f1f8ec4403671a0,9e4cfdbcfe51b861989860b1103b492b54c14c8516d71574938533c2ca8332df,25907.953708224588,0.011866475888457038,0.011866475888457038,25388.329304729006,25819.916695270993,0.0204670578067061
35,10,0.3,8000,224.460875,71.74732175493905,0.8021594432379661,"[223.405,226.025,218.765,230.14,225.17,219.64,221.425,219.82,216.41,223.835,218.02,229.485,225.515,223.545,230.45,231.55,235.895,233.555,221.015,229.915,223.66,219.575,217.1,224.22,223.365,233.915,232.055,226.175,221.46,224.86,219.385,219.3,217.675,227.515,221.225,225.95,222.14,228.65,225.155,221.475]",boundary-v1-9e4cfdbcfe51,fc6ed5692c5e33a9fffe770a3a11e12d0b94dbf5a1eec4c0ae7c81aee87c07d7,7bd17439943bee509526fbdfe1d93ff9932f73ad9df6491b8f1f8ec4403671a0,9e4cfdbcfe51b861989860b1103b492b54c14c8516d71574938533c2ca8332df,225.93351566139447,0.006560789987985563,0.006560789987985563,221.39176145338863,227.52998854661135,0.020514558347565437
35,10,0.975,8000,322.57,113.45730329052752,1.2684912135071504,"[329.17,312.12,315.215,328.68,323.4,324.785,323.195,311.025,320.32,307.335,318.61,327.23,304.98,313.215,330.77,317.37,311.7,320.99,312.26,326.26,318.335,331.19,328.56,314.86,321.66,326.985,320.585,326.69,335.33,330.645,327.49,303.005,332.86,309.64,332.43,333.175,321.325,332.92,338.35,338.135]",boundary-v1-9e4cfdbcfe51,fc6ed5692c5e33a9fffe770a3a11e12d0b94dbf5a1eec4c0ae7c81aee87c07d7,7bd17439943bee509526fbdfe1d93ff9932f73ad9df6491b8f1f8ec4403671a0,9e4cfdbcfe51b861989860b1103b492b54c14c8516d71574938533c2ca8332df,322.1797787122477,-0.0012097259129872494,0.0012097259129872494,317.7166711512896,327.4233288487104,0.016014589293011472
35,10,1.025,8000,321.692875,113.77044987008854,1.2719922987012504,"[319.985,324.835,331.6,328.225,307.96,322.715,324.25,336.68,328.605,329.555,321.375,306.7,328.535,312.49,323.275,318.73,321.12,321.015,314.04,319.92,320.02,316.3,316.4,322.73,320.04,314.5,315.775,338.55,319.935,317.065,327.215,327.725,324.3,315.175,324.225,321.64,320.785,327.815,316.02,319.89]",boundary-v1-9e4cfdbcfe51,fc6ed5692c5e33a9fffe770a3a11e12d0b94dbf5a1eec4c0ae7c81aee87c07d7,7bd17439943bee509526fbdfe1d93ff9932f73ad9df6491b8f1f8ec4403671a0,9e4cfdbcfe51b861989860b1103b492b54c14c8516d71574938533c2ca8332df,323.97684533589637,0.007099847442677604,0.007099847442677604,316.8261507744881,326.55959922551193,0.0225697738142141
35,10,1.9,8000,297.972625,97.92994771744682,1.0948901006460572,"[297.665,301.935,311.435,297.83,302.355,287.11,293.225,295.89,281.36,303.315,289.95,303.25,291.44,297.205,295.35,297.895,292.51,304.665,292.36,293.495,304.055,294.56,290.42,303.2,288.15,302.97,294.325,308.325,306.42,302.52,299.255,299.015,285.805,292.845,302.435,293.295,299.395,305.695,307.395,308.585]",boundary-v1-9e4cfdbcfe51,fc6ed5692c5e33a9fffe770a3a11e12d0b94dbf5a1eec4c0ae7c81aee87c07d7,7bd17439943bee509526fbdfe1d93ff9932f73ad9df6491b8f1f8ec4403671a0,9e4cfdbcfe51b861989860b1103b492b54c14c8516d71574938533c2ca8332df,299.3512204748738,0.0046265843208711036,0.0046265843208711036,293.78350515821484,302.16174484178515,0.018951762842030595
35,128,0.3,8000,3198.118875,337.50830467664065,3.773457561138393,"[3272.46,3200.075,3198.125,3194.09,3186.315,3196.13,3209.96,3161.595,3218.065,3188.72,3199.485,3198.39,3185.545,3158.3,3230.945,3203.965,3196.74,3233.695,3211.18,3170.56,3164.01,3162.815,3231.185,3207.9,3180.425,3214.22,3243.565,3180.67,3181.585,3223.74,3197.45,3184.765,3188.47,3208.24,3152.97,3215.045,3170.475,3188.555,3213.555,3200.775]",boundary-v1-9e4cfdbcfe51,fc6ed5692c5e33a9fffe770a3a11e12d0b94dbf5a1eec4c0ae7c81aee87c07d7,7bd17439943bee509526fbdfe1d93ff9932f73ad9df6491b8f1f8ec4403671a0,9e4cfdbcfe51b861989860b1103b492b54c14c8516d71574938533c2ca8332df,3156.5018183807324,-0.013012979894084679,0.013012979894084679,3183.681384029745,3212.5563659702552,0.01744858025941387
35,128,0.975,8000,50010.54725,16402.40481621481,183.3844608176313,"[49828.7,50313.355,49612.58,49027.505,50778.275,51078.325,48793.455,49810.33,51406.94,50290.965,50933.805,49267.53,50501.3,50537.37,49133.285,50442.955,50622.275,50172.875,51438.87,48686.8,49767.41,47592.425,48405.505,52267.53,50877.47,48956.58,50503.9,49038.905,49690.85,49342.475,52961.975,49924.69,48650.035,49382.88,48918.66,49620.445,49222.78,50994.25,51669.385,49956.245]",boundary-v1-9e4cfdbcfe51,fc6ed5692c5e33a9fffe770a3a11e12d0b94dbf5a1eec4c0ae7c81aee87c07d7,7bd17439943bee509526fbdfe1d93ff9932f73ad9df6491b8f1f8ec4403671a0,9e4cfdbcfe51b861989860b1103b492b54c14c8516d71574938533c2ca8332df,51137.28493119824,0.0225300010328969,0.0225300010328969,49308.906525480794,50712.18797451921,0.03708008419883768
35,128,1.025,8000,53082.569,17628.558807888818,197.09327919896026,"[53568.18,54867.43,55593.77,52478.59,54457.66,51768.69,54396.495,55503.32,55926.24,53386.675,51839.745,51815.015,55198.32,53682.725,52889.56,52116.065,53442.345,53304.21,53673.35,53430.135,51514.77,52486.4,53596.225,51380.765,50821.375,52430.56,52800.915,53357.8,52951.565,52246.115,52906.635,51519.08,53139.84,52699.205,52343.65,53994.655,52212.15,52623.86,50034.89,54903.785]",boundary-v1-9e4cfdbcfe51,fc6ed5692c5e33a9fffe770a3a11e12d0b94dbf5a1eec4c0ae7c81aee87c07d7,7bd17439943bee509526fbdfe1d93ff9932f73ad9df6491b8f1f8ec4403671a0,9e4cfdbcfe51b861989860b1103b492b54c14c8516d71574938533c2ca8332df,52524.042819080925,-0.010521837797998772,0.010521837797998772,52328.47745593756,53836.66054406245,0.02438148487882552
35,128,1.9,8000,26523.332875,5192.315280808374,58.051849642492165,"[26062.09,25747.33,27146.015,26431.725,26707.11,26305.185,26449.855,26434.22,26366.865,26492.78,26131.265,26544.93,26572.87,26614.755,26467.145,26646.52,26862.405,25862.37,26872.42,26382.3,26894.565,26085.375,26579.935,26663.72,26517.385,27088.595,26080.985,26644.825,27046.56,26764.745,26997.495,26736.095,26753.975,26175.42,26774.665,26974.14,25943.27,26311.665,26345.34,26454.405]",boundary-v1-9e4cfdbcfe51,fc6ed5692c5e33a9fffe770a3a11e12d0b94dbf5a1eec4c0ae7c81aee87c07d7,7bd17439943bee509526fbdfe1d93ff9932f73ad9df6491b8f1f8ec4403671a0,9e4cfdbcfe51b861989860b1103b492b54c14c8516d71574938533c2ca8332df,26915.584527204493,0.014788927698231192,0.014788927698231192,26301.222770025815,26745.442979974185,0.02335867661175195
36,10,0.3,8000,231.808375,74.63137835514479,0.834404176283051,"[227.685,241.34,233.42,223.805,241.575,231.84,226.375,229.975,236.17,236.455,236.385,231.405,231.835,224.95,231.46,238.735,238.315,235.475,228.5,221.195,221.265,226.375,233.99,244.245,228.65,229.61,229.345,225.425,230.85,224.79,234.345,235.405,231.675,236.665,230.09,233.97,238.69,232.055,230.26,227.74]",boundary-v1-9e4cfdbcfe51,fc6ed5692c5e33a9fffe770a3a11e12d0b94dbf5a1eec4c0ae7c81aee87c07d7,7bd17439943bee509526fbdfe1d93ff9932f73ad9df6491b8f1f8ec4403671a0,9e4cfdbcfe51b861989860b1103b492b54c14c8516d71574938533c2ca8332df,231.73502387465075,-0.00031643000538380997,0.00031643000538380997,228.61589103391682,235.0008589660832,0.01389711980543784
36,10,0.975,8000,328.016875,113.86074443755786,1.273001822655552,"[334.45,325.175,325.755,315.055,328.435,314.9,337.135,330.16,323.955,324.75,338.105,331.465,324.315,333.59,328.58,325.84,333.615,334.185,320.63,337.495,334.26,322.915,327.165,321.365,338.915,318.885,333.005,337.66,329.86,339.89,314.135,306.605,334.6,325.295,327.045,322.76,333.235,332.81,320.47,332.21]",boundary-v1-9e4cfdbcfe51,fc6ed5692c5e33a9fffe770a3a11e12d0b94dbf5a1eec4c0ae7c81aee87c07d7,7bd17439943bee509526fbdfe1d93ff9932f73ad9df6491b8f1f8ec4403671a0,9e4cfdbcfe51b861989860b1103b492b54c14c8516d71574938533c2ca8332df,328.2607905877442,0.0007436068273749563,0.0007436068273749563,323.1462882710047,332.88746172899533,0.01582720427984685
36,10,1.025,8000,328.962375,113.25655870796477,1.266246820843525,"[316.845,325.78,318.37,318.655,337.74,342.26,325.305,328.885,335.59,334.995,308.87,333.405,328.55,331.755,327.675,328.685,326.735,325.3,328.51,328.78,328.92,319.825,344.3,332.835,332.52,332.98,333.775,320.635,344.355,327.695,319.33,324.12,332.365,322.94,333.235,333.65,329.36,330.5,340.57,321.895]",boundary-v1-9e4cfdbcfe51,fc6ed5692c5e33a9fffe770a3a11e12d0b94dbf5a1eec4c0ae7c81aee87c07d7,7bd17439943bee509526fbdfe1d93ff9932f73ad9df6491b8f1f8ec4403671a0,9e4cfdbcfe51b861989860b1103b492b54c14c8516d71574938533c2ca8332df,330.11214161295345,0.0034951310554997127,0.0034951310554997127,324.1176333417614,333.8071166582386,0.01849485388803651
36,10,1.9,8000,305.30325,99.17209374345025,1.1087777154066816,"[304.59,307.65,304.43,315.485,300.93,300.44,300.595,320.03,299.05,305.415,304.65,308.995,304.59,308.27,301.22,307.325,299.495,298.95,299.75,301.535,313.83,299.835,301.125,309.31,309.505,306.49,306.475,301.56,307.96,313.605,297.705,303.715,316.075,313.725,298.615,316.105,295.81,297.56,315.255,294.475]",boundary-v1-9e4cfdbcfe51,fc6ed5692c5e33a9fffe770a3a11e12d0b94dbf5a1eec4c0ae7c81aee87c07d7,7bd17439943bee509526fbdfe1d93ff9932f73ad9df6491b8f1f8ec4403671a0,9e4cfdbcfe51b861989860b1103b492b54c14c8516d71574938533c2ca8332df,305.8547421068023,0.0018063748315889203,0.0018063748315889203,301.06099525224164,309.54550474775834,0.015922842647033253
36,128,0.3,8000,3288.416375,339.21929702375945,3.792587037124091,"[3326.21,3253.325,3286.985,3259.3,3312.2,3296.85,3287.21,3262.495,3279.66,3268.82,3277.305,3275.11,3300.85,3294.28,3243.36,3316.84,3314.815,3276.47,3268.025,3282.12,3297.385,3331.835,3313.575,3286.895,3282.415,3264.22,3293.58,3297.55,3273.295,3255.23,3272.25,3269.445,3340.415,3296.65,3328.63,3296.365,3269.125,3304.06,3280.925,3300.58]",boundary-v1-9e4cfdbcfe51,fc6ed5692c5e33a9fffe770a3a11e12d0b94dbf5a1eec4c0ae7c81aee87c07d7,7bd17439943bee509526fbdfe1d93ff9932f73ad9df6491b8f1f8ec4403671a0,9e4cfdbcfe51b861989860b1103b492b54c14c8516d71574938533c2ca8332df,3245.4214365561447,-0.013074663771510706,0.013074663771510706,3273.9056934260784,3302.927056573921,0.01741050257326182
36,128,0.975,8000,51428.523125,17004.700318598116,190.1183292469886,"[52430.75,52213.895,52392.84,51808.845,50243.625,51421.525,50742.93,49752.69,50496.295,50641.63,51389.21,49991.88,52014.87,52547.905,53563.755,52668.945,52531.195,50949.275,52499.305,52676.475,49367.96,52078.48,51136.975,48577.695,50628.23,52202.92,50831.005,51463.47,51445.155,47904.605,51443.43,52443.54,51500.26,53075.525,51853.4,49749.49,51766.75,51188.025,52704.09,52802.08]",boundary-v1-9e4cfdbcfe51,fc6ed5692c5e33a9fffe770a3a11e12d0b94dbf5a1eec4c0ae7c81aee87c07d7,7bd17439943bee509526fbdfe1d93ff9932f73ad9df6491b8f1f8ec4403671a0,9e4cfdbcfe51b861989860b1103b492b54c14c8516d71574938533c2ca8332df,52253.923599718175,0.016049468749316242,0.016049468749316242,50701.11818740338,52155.92806259662,0.03062665021657418
36,128,1.025,8000,53700.5955,17604.124064062024,196.82009045791273,"[55206.225,53569.82,52674.05,53455.56,54022.805,54459.755,54487.125,53204.615,53621.59,54222.71,55738.63,53680.23,51921.57,52330.74,51463.52,53393.125,53307.135,53837.885,54967.61,55064.845,53849.035,52434.55,53528.975,51883.015,52892.175,53819.39,52192.135,55249.1,54854.785,54769.415,54096.625,54194.115,52773.31,54276.245,56485.095,52529.265,53527.32,52499.87,52993.0,54546.855]",boundary-v1-9e4cfdbcfe51,fc6ed5692c5e33a9fffe770a3a11e12d0b94dbf5a1eec4c0ae7c81aee87c07d7,7bd17439943bee509526fbdfe1d93ff9932f73ad9df6491b8f1f8ec4403671a0,9e4cfdbcfe51b861989860b1103b492b54c14c8516d71574938533c2ca8332df,53587.429679435474,-0.0021073475910435477,0.0021073475910435477,52947.54919360571,54453.6418063943,0.01590733141483125
36,128,1.9,8000,27560.178375,5442.330449554458,60.847104206103786,"[27768.34,27900.32,27318.88,27680.465,27821.645,27452.48,27555.035,28123.53,27705.44,27696.14,27461.48,27367.645,27820.26,27528.77,27207.855,27576.48,27588.94,28112.875,27040.695,27849.1,27583.165,27245.945,26990.235,27070.895,27468.97,26988.14,28040.83,28084.485,27408.555,27679.355,28074.845,27402.985,27510.38,28165.95,27237.0,27115.61,27702.895,27001.05,27590.88,27468.59]",boundary-v1-9e4cfdbcfe51,fc6ed5692c5e33a9fffe770a3a11e12d0b94dbf5a1eec4c0ae7c81aee87c07d7,7bd17439943bee509526fbdfe1d93ff9932f73ad9df6491b8f1f8ec4403671a0,9e4cfdbcfe51b861989860b1103b492b54c14c8516d71574938533c2ca8332df,27925.218375615794,0.013245197315084296,0.013245197315084296,27327.37344654686,27792.98330345314,0.02187714564805643
37,10,0.3,8000,236.791375,75.7159921320618,0.846530526955647,"[236.085,232.685,240.345,244.82,238.155,238.46,227.76,238.525,240.355,246.14,234.945,232.95,234.88,245.5,224.725,246.785,239.585,236.475,235.38,239.74,240.245,236.17,237.715,234.165,232.62,236.63,224.58,237.22,235.87,234.985,232.015,230.605,239.935,233.305,240.505,239.935,236.95,230.465,243.55,239.895]",boundary-v1-9e4cfdbcfe51,fc6ed5692c5e33a9fffe770a3a11e12d0b94dbf5a1eec4c0ae7c81aee87c07d7,7bd17439943bee509526fbdfe1d93ff9932f73ad9df6491b8f1f8ec4403671a0,9e4cfdbcfe51b861989860b1103b492b54c14c8516d71574938533c2ca8332df,237.50958228735016,0.0030330804377911493,0.0030330804377911493,233.55249483745743,240.03025516254255,0.01694303224055349
37,10,0.975,8000,335.467125,116.79076560071252,1.3057604551371862,"[339.245,335.5,336.88,333.965,321.215,330.16,334.345,330.32,347.55,321.405,347.86,333.86,336.78,330.82,346.335,342.53,341.935,349.19,337.025,333.0,337.86,321.62,332.795,335.24,328.81,342.885,334.675,338.175,332.375,329.72,344.455,332.285,325.87,326.48,337.15,322.47,337.535,343.455,344.325,340.585]",boundary-v1-9e4cfdbcfe51,fc6ed5692c5e33a9fffe770a3a11e12d0b94dbf5a1eec4c0ae7c81aee87c07d7,7bd17439943bee509526fbdfe1d93ff9932f73ad9df6491b8f1f8ec4403671a0,9e4cfdbcfe51b861989860b1103b492b54c14c8516d71574938533c2ca8332df,334.29193297043145,-0.0035031511048021877,0.0035031511048021877,330.4712016392847,340.46304836071533,0.01812565392925014
37,10,1.025,8000,335.575,116.41214003828611,1.3015272926591634,"[347.165,355.805,344.29,333.73,323.885,336.445,337.175,336.67,332.0,331.22,334.12,356.175,348.6,342.525,332.895,325.385,328.175,334.5,332.685,329.83,344.385,326.64,338.735,339.065,343.21,337.4,324.425,320.885,336.26,342.785,323.445,326.85,327.845,338.755,331.85,324.155,352.97,324.65,340.14,335.275]",boundary-v1-9e4cfdbcfe51,fc6ed5692c5e33a9fffe770a3a11e12d0b94dbf5a1eec4c0ae7c81aee87c07d7,7bd17439943bee509526fbdfe1d93ff9932f73ad9df6491b8f1f8ec4403671a0,9e4cfdbcfe51b861989860b1103b492b54c14c8516d71574938533c2ca8332df,336.1966357425764,0.0018524495048094043,0.0018524495048094043,330.59527299079036,340.5547270092096,0.016943263287197974
37,10,1.9,8000,311.254125,103.17703830377434,1.153554356821695,"[311.43,313.15,312.53,306.51,307.375,307.84,304.515,310.555,317.865,308.625,309.575,294.8,305.54,317.785,316.775,317.475,328.485,313.235,309.335,300.77,318.525,300.885,316.09,310.845,315.04,307.53,316.14,308.63,310.625,299.135,314.35,310.25,306.965,329.22,317.12,308.465,312.09,302.585,316.9,314.605]",boundary-v1-9e4cfdbcfe51,fc6ed5692c5e33a9fffe770a3a11e12d0b94dbf5a1eec4c0ae7c81aee87c07d7,7bd17439943bee509526fbdfe1d93ff9932f73ad9df6491b8f1f8ec4403671a0,9e4cfdbcfe51b861989860b1103b492b54c14c8516d71574938533c2ca8332df,312.29537196948377,0.0033453274538410684,0.0033453274538410684,306.8405519465145,315.6676980534855,0.017777376518081978
37,128,0.3,8000,3387.878875,356.7600905006137,3.988699070091746,"[3381.615,3403.8,3370.845,3351.545,3403.73,3368.995,3384.36,3442.555,3408.56,3351.2,3407.69,3384.67,3399.415,3347.54,3386.83,3417.35,3336.14,3438.795,3345.02,3412.125,3431.215,3386.15,3386.44,3402.525,3395.105,3376.275,3397.125,3409.29,3439.62,3344.36,3380.925,3315.71,3391.32,3357.005,3391.4,3330.425,3369.185,3404.92,3402.355,3461.025]",boundary-v1-9e4cfdbcfe51,fc6ed5692c5e33a9fffe770a3a11e12d0b94dbf5a1eec4c0ae7c81aee87c07d7,7bd17439943bee509526fbdfe1d93ff9932f73ad9df6491b8f1f8ec4403671a0,9e4cfdbcfe51b861989860b1103b492b54c14c8516d71574938533c2ca8332df,3334.313175895521,-0.015810984123356204,0.015810984123356204,3372.617856193115,3403.1398938068846,0.020224475060991787
37,128,0.975,8000,52403.296,17094.007631199183,191.11681535630763,"[52987.53,50712.14,52292.4,51412.74,51580.865,51595.155,52533.825,52586.39,52776.1,51859.245,53153.525,49811.895,53912.605,52744.75,51969.83,51631.12,52984.08,52856.345,52938.27,51730.415,49938.37,52185.745,53157.675,54330.765,51473.69,54278.13,53531.635,53655.835,52277.33,52376.66,51342.65,52817.71,51331.035,51325.3,53569.41,53501.54,51810.135,53356.76,53108.69,52693.55]",boundary-v1-9e4cfdbcfe51,fc6ed5692c5e33a9fffe770a3a11e12d0b94dbf5a1eec4c0ae7c81aee87c07d7,7bd17439943bee509526fbdfe1d93ff9932f73ad9df6491b8f1f8ec4403671a0,9e4cfdbcfe51b861989860b1103b492b54c14c8516d71574938533c2ca8332df,53361.98425661641,0.018294426682940054,0.018294426682940054,51672.07079042373,53134.521209576276,0.032704581804874566
37,128,1.025,8000,54987.918625,17906.942319863236,200.20570148190987,"[55887.735,56679.805,56795.71,55679.035,54649.385,54472.755,54075.23,55508.075,53323.895,55884.01,55836.425,51912.235,55314.895,52775.965,55163.39,54463.41,53810.19,56763.69,59498.66,55244.52,55119.65,52639.555,55433.43,55187.235,54686.28,54474.39,55738.35,53193.265,54651.68,54866.44,53942.805,56131.095,56421.72,55463.32,53422.78,54811.77,52845.375,57276.995,55287.14,54184.455]",boundary-v1-9e4cfdbcfe51,fc6ed5692c5e33a9fffe770a3a11e12d0b94dbf5a1eec4c0ae7c81aee87c07d7,7bd17439943bee509526fbdfe1d93ff9932f73ad9df6491b8f1f8ec4403671a0,9e4cfdbcfe51b861989860b1103b492b54c14c8516d71574938533c2ca8332df,54641.56403994438,-0.006298739681668,0.006298739681668,54221.91875339507,55753.91849660493,0.01995114400305842
37,128,1.9,8000,28543.886625,5641.985305638853,63.07931335731701,"[28563.89,28701.915,27823.715,28026.955,29268.365,29351.015,28958.865,28853.985,28382.825,28334.685,28721.275,28869.325,29169.06,28992.45,28232.675,28471.69,29100.705,28368.85,28779.55,28648.69,28671.76,28811.615,28461.415,27671.795,28254.415,27437.075,28244.17,28551.78,28610.84,28748.535,28449.31,27512.29,28317.95,29044.605,29294.88,28032.18,28026.42,28108.47,29089.06,28796.415]",boundary-v1-9e4cfdbcfe51,fc6ed5692c5e33a9fffe770a3a11e12d0b94dbf5a1eec4c0ae7c81aee87c07d7,7bd17439943bee509526fbdfe1d93ff9932f73ad9df6491b8f1f8ec4403671a0,9e4cfdbcfe51b861989860b1103b492b54c14c8516d71574938533c2ca8332df,28936.418839995775,0.013751883902592946,0.013751883902592946,28302.54112097599,28785.232129024007,0.02239649494051954
38,10,0.3,8000,242.54175,77.77044610405294,0.8695000206457302,"[233.82,236.29,245.97,246.16,235.865,237.115,248.15,241.0,239.82,242.21,250.28,239.79,246.4,248.485,243.42,243.62,243.62,240.92,241.945,242.925,235.59,246.83,234.63,239.58,239.545,247.495,246.47,249.98,245.375,246.63,243.98,241.465,240.585,237.145,235.39,240.555,247.35,253.79,245.77,235.71]",boundary-v1-9e4cfdbcfe51,fc6ed5692c5e33a9fffe770a3a11e12d0b94dbf5a1eec4c0ae7c81aee87c07d7,7bd17439943bee509526fbdfe1d93ff9932f73ad9df6491b8f1f8ec4403671a0,9e4cfdbcfe51b861989860b1103b492b54c14c8516d71574938533c2ca8332df,243.25727863533066,0.0029501256395266236,0.0029501256395266236,239.21498707943806,245.86851292056195,0.016898153436140095
38,10,0.975,8000,341.116625,118.11724465142623,1.3205909417778126,"[347.16,347.715,347.605,340.18,345.425,342.84,340.52,339.335,343.32,334.13,342.875,347.205,333.74,331.265,326.74,344.025,331.36,347.81,334.54,351.14,358.275,354.095,342.025,336.47,342.5,346.445,330.005,360.105,328.25,338.21,332.455,337.15,324.195,345.395,346.805,331.055,343.37,329.185,344.04,355.705]",boundary-v1-9e4cfdbcfe51,fc6ed5692c5e33a9fffe770a3a11e12d0b94dbf5a1eec4c0ae7c81aee87c07d7,7bd17439943bee509526fbdfe1d93ff9932f73ad9df6491b8f1f8ec4403671a0,9e4cfdbcfe51b861989860b1103b492b54c14c8516d71574938533c2ca8332df,340.27334953843587,-0.0024721030866324176,0.0024721030866324176,336.0639592449449,346.1692907550551,0.017031959142762676
38,10,1.025,8000,340.2695,118.18725036152802,1.321373629410816,"[342.475,349.32,335.9,336.98,341.875,337.17,352.84,336.655,336.17,346.125,334.035,333.73,353.51,347.93,341.51,334.37,339.825,339.48,348.16,345.15,333.44,336.68,329.03,343.65,339.785,322.615,336.435,346.185,332.815,328.53,347.73,351.375,336.875,327.715,338.885,355.575,346.48,342.12,340.855,340.795]",boundary-v1-9e4cfdbcfe51,fc6ed5692c5e33a9fffe770a3a11e12d0b94dbf5a1eec4c0ae7c81aee87c07d7,7bd17439943bee509526fbdfe1d93ff9932f73ad9df6491b8f1f8ec4403671a0,9e4cfdbcfe51b861989860b1103b492b54c14c8516d71574938533c2ca8332df,342.23049975484673,0.005763078250759292,0.005763078250759292,335.21383963179477,345.3251603682052,0.02093189270096718
38,10,1.9,8000,317.788875,104.62172821401005,1.1697064810501705,"[315.17,329.77,311.655,315.83,316.84,310.16,319.955,325.845,324.63,312.115,319.86,322.255,309.0,323.66,309.925,316.165,319.4,318.155,329.07,315.125,318.03,334.305,315.925,316.485,330.9,297.19,312.46,317.47,313.0,324.74,319.09,325.32,314.345,326.865,307.545,319.225,324.41,310.575,311.755,307.335]",boundary-v1-9e4cfdbcfe51,fc6ed5692c5e33a9fffe770a3a11e12d0b94dbf5a1eec4c0ae7c81aee87c07d7,7bd17439943bee509526fbdfe1d93ff9932f73ad9df6491b8f1f8ec4403671a0,9e4cfdbcfe51b861989860b1103b492b54c14c8516d71574938533c2ca8332df,318.67414939460133,0.0027857312330436695,0.0027857312330436695,313.3135028818846,322.26424711811546,0.01710952915660857
38,128,0.3,8000,3470.504125,367.76075202409174,4.111690204911563,"[3478.86,3520.53,3465.995,3508.05,3442.125,3419.39,3489.695,3520.885,3433.185,3492.625,3463.9,3459.725,3508.705,3499.995,3488.43,3460.63,3490.405,3454.055,3449.025,3401.075,3457.56,3453.665,3488.505,3425.435,3474.19,3489.33,3470.215,3470.955,3485.285,3493.625,3447.7,3479.635,3453.59,3429.475,3489.985,3478.36,3437.28,3511.08,3437.975,3499.035]",boundary-v1-9e4cfdbcfe51,fc6ed5692c5e33a9fffe770a3a11e12d0b94dbf5a1eec4c0ae7c81aee87c07d7,7bd17439943bee509526fbdfe1d93ff9932f73ad9df6491b8f1f8ec4403671a0,9e4cfdbcfe51b861989860b1103b492b54c14c8516d71574938533c2ca8332df,3423.1785185494978,-0.013636522172553869,0.013636522172553869,3454.7725342124813,3486.2357157875185,0.01808747381953102
38,128,0.975,8000,53296.741,17169.60943913564,191.96206926514662,"[55008.36,51797.985,52462.37,52726.0,54192.865,53057.085,55148.76,53114.86,52732.645,53582.435,53866.485,50356.96,54901.94,55122.14,52056.67,51126.975,53794.79,53638.16,53337.6,53737.105,54394.03,51732.085,55053.25,51690.95,52139.475,53428.61,52449.01,54740.105,54139.245,53559.17,52704.695,54129.545,55987.105,53768.15,55025.65,51488.135,53669.9,53628.75,51784.14,50595.45]",boundary-v1-9e4cfdbcfe51,fc6ed5692c5e33a9fffe770a3a11e12d0b94dbf5a1eec4c0ae7c81aee87c07d7,7bd17439943bee509526fbdfe1d93ff9932f73ad9df6491b8f1f8ec4403671a0,9e4cfdbcfe51b861989860b1103b492b54c14c8516d71574938533c2ca8332df,54461.55305653954,0.021855221063883372,0.021855221063883372,52562.28179468409,54031.200205315916,0.03613372930182668
38,128,1.025,8000,55707.57175,18253.412793158066,204.0793591343287,"[58401.45,56193.245,55859.445,53503.825,55517.11,54532.24,54550.45,56068.98,58401.245,54242.84,54971.375,56715.75,56985.875,54574.695,53917.67,53870.21,54909.895,56976.65,57003.045,54555.195,55215.39,58470.105,54142.98,55910.7,55182.525,55596.35,57112.82,55223.28,56602.65,57974.855,54822.56,56562.11,54621.13,56066.76,55574.775,55528.385,56016.705,55206.495,55984.665,54736.44]",boundary-v1-9e4cfdbcfe51,fc6ed5692c5e33a9fffe770a3a11e12d0b94dbf5a1eec4c0ae7c81aee87c07d7,7bd17439943bee509526fbdfe1d93ff9932f73ad9df6491b8f1f8ec4403671a0,9e4cfdbcfe51b861989860b1103b492b54c14c8516d71574938533c2ca8332df,55686.54044991911,-0.0003775303683181846,0.0003775303683181846,54926.751015440466,56488.39248455954,0.014194987666883985
38,128,1.9,8000,29577.679125,5873.453577860359,65.66720731392557,"[29701.365,30143.16,29332.385,29691.91,29473.01,29865.445,29712.095,30438.01,29847.175,29930.98,30121.715,29562.01,28827.55,30059.175,30054.82,29308.645,29056.765,29244.955,29398.205,30276.03,28785.315,29137.2,29525.495,29249.67,30265.955,29876.11,29878.105,29300.175,29639.79,29248.46,29392.59,29225.345,30022.195,29994.865,29468.04,29182.86,29400.75,29380.74,29337.895,28750.205]",boundary-v1-9e4cfdbcfe51,fc6ed5692c5e33a9fffe770a3a11e12d0b94dbf5a1eec4c0ae7c81aee87c07d7,7bd17439943bee509526fbdfe1d93ff9932f73ad9df6491b8f1f8ec4403671a0,9e4cfdbcfe51b861989860b1103b492b54c14c8516d71574938533c2ca8332df,29948.768725021037,0.012546271749475469,0.012546271749475469,29326.43217249667,29828.92607750333,0.021221011436502568
39,10,0.3,8000,247.680875,80.2683151033804,0.8974270450526581,"[259.305,247.585,245.04,252.97,252.32,246.87,245.43,241.05,249.345,245.73,238.36,254.355,254.18,259.24,249.76,237.065,257.69,236.38,249.125,257.025,239.52,245.71,244.5,246.9,247.51,244.935,253.61,242.515,249.69,242.62,248.55,249.795,247.84,249.145,247.865,228.935,247.435,246.585,252.735,252.015]",boundary-v1-9e4cfdbcfe51,fc6ed5692c5e33a9fffe770a3a11e12d0b94dbf5a1eec4c0ae7c81aee87c07d7,7bd17439943bee509526fbdfe1d93ff9932f73ad9df6491b8f1f8ec4403671a0,9e4cfdbcfe51b861989860b1103b492b54c14c8516d71574938533c2ca8332df,248.9781707214273,0.0052377710690310825,0.0052377710690310825,244.2472614905104,251.11448850948958,0.019369344008389966
39,10,0.975,8000,347.700625,120.05707481136173,1.3422789022899129,"[338.43,364.97,348.655,339.885,347.04,342.5,348.58,349.385,349.015,355.745,343.105,347.705,351.185,330.235,336.885,339.52,347.32,357.94,347.67,343.72,342.215,343.1,348.04,339.285,336.8,360.965,361.19,341.625,349.975,361.11,335.67,337.59,361.09,348.975,350.255,361.19,349.77,346.675,346.565,356.45]",boundary-v1-9e4cfdbcfe51,fc6ed5692c5e33a9fffe770a3a11e12d0b94dbf5a1eec4c0ae7c81aee87c07d7,7bd17439943bee509526fbdfe1d93ff9932f73ad9df6491b8f1f8ec4403671a0,9e4cfdbcfe51b861989860b1103b492b54c14c8516d71574938533c2ca8332df,346.2051727264221,-0.004300976662259041,0.004300976662259041,342.5649797151679,352.8362702848321,0.01879369587785551
39,10,1.025,8000,347.242875,119.14943541716596,1.3321311853675204,"[331.36,356.57,350.41,348.45,347.61,343.875,329.435,344.765,340.73,349.42,349.88,345.98,347.21,332.655,339.13,345.255,349.85,369.335,364.59,344.255,358.935,340.87,342.325,340.835,347.675,345.195,338.5,354.005,344.54,348.415,345.24,337.745,355.23,347.79,354.515,360.13,347.9,336.715,351.91,360.48]",boundary-v1-9e4cfdbcfe51,fc6ed5692c5e33a9fffe770a3a11e12d0b94dbf5a1eec4c0ae7c81aee87c07d7,7bd17439943bee509526fbdfe1d93ff9932f73ad9df6491b8f1f8ec4403671a0,9e4cfdbcfe51b861989860b1103b492b54c14c8516d71574938533c2ca8332df,348.2138916247712,0.002796361551755821,0.002796361551755821,342.146055531826,352.33969446817406,0.017734636991542763
39,10,1.9,8000,324.508625,105.81628329957442,1.1830620129211207,"[329.675,326.005,316.3,319.98,324.635,323.625,316.815,308.26,319.755,335.91,339.49,325.915,322.69,325.685,338.335,320.19,322.895,319.645,313.2,324.38,330.415,316.935,329.095,323.78,320.255,329.265,321.835,331.375,320.91,328.175,331.32,313.205,330.725,335.23,318.05,318.85,335.355,320.925,329.04,322.22]",boundary-v1-9e4cfdbcfe51,fc6ed5692c5e33a9fffe770a3a11e12d0b94dbf5a1eec4c0ae7c81aee87c07d7,7bd17439943bee509526fbdfe1d93ff9932f73ad9df6491b8f1f8ec4403671a0,9e4cfdbcfe51b861989860b1103b492b54c14c8516d71574938533c2ca8332df,324.99201132816705,0.0014895947008097472,0.0014895947008097472,319.98215375921905,329.03509624078094,0.01565667806810822
39,128,0.3,8000,3564.87825,372.79659177531704,4.167992604949239,"[3522.195,3578.115,3595.425,3555.535,3554.82,3552.21,3557.095,3520.62,3597.045,3585.74,3556.51,3564.315,3524.92,3548.625,3576.33,3552.35,3587.765,3524.39,3564.625,3537.52,3550.575,3568.475,3543.91,3555.36,3600.785,3583.79,3550.0,3550.31,3584.635,3589.745,3603.035,3557.14,3606.37,3563.485,3583.235,3521.955,3584.655,3544.44,3556.865,3640.215]",boundary-v1-9e4cfdbcfe51,fc6ed5692c5e33a9fffe770a3a11e12d0b94dbf5a1eec4c0ae7c81aee87c07d7,7bd17439943bee509526fbdfe1d93ff9932f73ad9df6491b8f1f8ec4403671a0,9e4cfdbcfe51b861989860b1103b492b54c14c8516d71574938533c2ca8332df,3512.018887314765,-0.014827817102936203,0.014827817102936203,3548.9312426140496,3580.825257385951,0.019215226972961963
39,128,0.975,8000,54389.93825,17681.34457948417,197.68344206662016,"[52743.16,54438.395,54469.985,54013.725,53026.305,55451.435,52388.645,52964.845,57222.625,53819.12,52730.09,55699.755,54070.98,55566.22,53997.34,53621.335,53017.395,54945.005,52888.075,53943.42,53964.23,54384.205,54521.82,54232.23,55351.55,56816.13,52928.995,53551.265,53673.665,53978.895,56307.715,56257.825,54999.45,55352.43,54325.25,55299.63,53024.545,56348.545,54981.705,54279.595]",boundary-v1-9e4cfdbcfe51,fc6ed5692c5e33a9fffe770a3a11e12d0b94dbf5a1eec4c0ae7c81aee87c07d7,7bd17439943bee509526fbdfe1d93ff9932f73ad9df6491b8f1f8ec4403671a0,9e4cfdbcfe51b861989860b1103b492b54c14c8516d71574938533c2ca8332df,55552.70621733997,0.021378365277698562,0.021378365277698562,53633.58870490408,55146.287795095915,0.03578200822986144
39,128,1.025,8000,56861.852875,18412.00851192394,205.85251317483338,"[57532.45,55888.13,53819.405,57038.73,57214.11,58498.505,55964.785,55727.95,55300.615,57372.395,57036.96,56389.19,57874.635,57526.795,57960.09,58431.56,56810.27,58214.47,58325.81,53916.595,56273.755,56244.8,58199.405,54846.5,58902.44,54954.995,59051.86,56006.5,55915.64,57690.18,58407.935,57488.435,55152.16,58238.99,57377.225,57572.745,54717.555,55848.22,56950.155,57791.17]",boundary-v1-9e4cfdbcfe51,fc6ed5692c5e33a9fffe770a3a11e12d0b94dbf5a1eec4c0ae7c81aee87c07d7,7bd17439943bee509526fbdfe1d93ff9932f73ad9df6491b8f1f8ec4403671a0,9e4cfdbcfe51b861989860b1103b492b54c14c8516d71574938533c2ca8332df,56722.44454428324,-0.002451702216303486,0.002451702216303486,56074.24793920489,57649.4578107951,0.016080173200488934
39,128,1.9,8000,30563.8305,6171.218004249789,68.99631480736558,"[30842.68,29870.625,30871.81,30416.4,31155.9,30331.35,30860.645,30224.035,29823.515,30562.12,31066.785,30361.895,31427.835,30209.355,31251.045,31113.395,30426.68,30425.56,30059.735,30288.835,30090.555,30751.89,31282.36,30722.33,29835.93,29924.065,30267.395,30479.165,30682.64,30131.075,30939.465,30496.36,30481.85,30393.83,30807.41,30339.325,31047.87,30582.475,30362.285,31344.745]",boundary-v1-9e4cfdbcfe51,fc6ed5692c5e33a9fffe770a3a11e12d0b94dbf5a1eec4c0ae7c81aee87c07d7,7bd17439943bee509526fbdfe1d93ff9932f73ad9df6491b8f1f8ec4403671a0,9e4cfdbcfe51b861989860b1103b492b54c14c8516d71574938533c2ca8332df,30961.86902456297,0.013023188456792728,0.013023188456792728,30299.846168422755,30827.814831577245,0.021849050073070808
40,10,0.3,8000,254.844125,80.96293876006453,0.9051931736282841,"[272.415,253.96,258.315,253.33,243.975,248.29,253.825,253.31,259.44,259.39,254.6,254.735,254.05,257.46,247.995,248.25,257.425,253.15,256.055,256.275,253.875,265.12,254.235,251.085,252.78,257.47,257.535,258.49,244.415,259.265,250.75,255.72,247.04,253.485,257.72,252.6,245.625,255.905,265.665,258.74]",boundary-v1-9e4cfdbcfe51,fc6ed5692c5e33a9fffe770a3a11e12d0b94dbf5a1eec4c0ae7c81aee87c07d7,7bd17439943bee509526fbdfe1d93ff9932f73ad9df6491b8f1f8ec4403671a0,9e4cfdbcfe51b861989860b1103b492b54c14c8516d71574938533c2ca8332df,254.67228938833773,-0.0006742773123071216,0.0006742773123071216,251.3807977838189,258.30745221618105,0.014073007947138172
40,10,0.975,8000,354.128875,120.92795256866144,1.3520156116169864,"[362.55,336.085,353.515,352.975,339.835,345.83,368.315,353.285,365.34,362.96,356.595,357.595,352.385,361.145,363.16,345.675,354.22,357.89,345.405,355.21,366.745,356.895,352.305,352.69,360.655,353.83,350.21,358.96,346.38,354.94,347.285,340.24,368.21,341.56,366.015,348.495,359.67,351.755,355.105,343.24]",boundary-v1-9e4cfdbcfe51,fc6ed5692c5e33a9fffe770a3a11e12d0b94dbf5a1eec4c0ae7c81aee87c07d7,7bd17439943bee509526fbdfe1d93ff9932f73ad9df6491b8f1f8ec4403671a0,9e4cfdbcfe51b861989860b1103b492b54c14c8516d71574938533c2ca8332df,352.08752486368263,-0.00576442724789771,0.00576442724789771,348.95597643996547,359.3017735600345,0.020078522365396756
40,10,1.025,8000,351.630875,119.45431674266916,1.3355398622119974,"[347.115,340.465,343.945,365.75,355.76,371.98,361.665,339.47,348.5,343.76,343.095,350.635,353.965,357.41,344.18,362.745,357.48,329.88,342.01,356.465,359.32,363.655,335.76,342.525,341.58,333.2,357.525,349.0,358.39,352.79,355.76,354.885,360.46,366.86,348.73,359.0,350.685,365.435,342.92,350.48]",boundary-v1-9e4cfdbcfe51,fc6ed5692c5e33a9fffe770a3a11e12d0b94dbf5a1eec4c0ae7c81aee87c07d7,7bd17439943bee509526fbdfe1d93ff9932f73ad9df6491b8f1f8ec4403671a0,9e4cfdbcfe51b861989860b1103b492b54c14c8516d71574938533c2ca8332df,354.14695675477384,0.007155463111064511,0.007155463111064511,346.52101371530483,356.7407362846952,0.022007158982093822
40,10,1.9,8000,329.28475,106.95988836780103,1.1958479062809606,"[332.18,335.97,324.47,328.145,331.205,326.835,335.57,336.3,328.76,324.45,327.005,333.195,322.17,326.255,321.385,332.515,327.795,344.665,323.135,328.81,325.49,329.92,319.925,322.675,324.735,323.895,335.355,330.025,339.415,318.99,328.415,330.35,331.17,330.23,311.645,333.11,330.905,341.28,342.04,331.005]",boundary-v1-9e4cfdbcfe51,fc6ed5692c5e33a9fffe770a3a11e12d0b94dbf5a1eec4c0ae7c81aee87c07d7,7bd17439943bee509526fbdfe1d93ff9932f73ad9df6491b8f1f8ec4403671a0,9e4cfdbcfe51b861989860b1103b492b54c14c8516d71574938533c2ca8332df,331.2498048918118,0.0059676462144444995,0.0059676462144444995,324.70935911008064,333.8601408899193,0.020142461552867807
40,128,0.3,8000,3649.490625,378.03593752230313,4.226570271188666,"[3647.895,3630.365,3668.73,3631.24,3641.845,3692.73,3667.925,3681.36,3680.17,3650.625,3624.92,3634.49,3626.445,3629.31,3650.99,3674.35,3611.15,3652.76,3619.465,3654.185,3667.375,3606.01,3625.585,3677.81,3628.695,3663.075,3672.315,3692.3,3630.595,3642.385,3604.8,3686.56,3639.6,3659.605,3666.8,3626.58,3687.44,3651.49,3639.9,3639.755]",boundary-v1-9e4cfdbcfe51,fc6ed5692c5e33a9fffe770a3a11e12d0b94dbf5a1eec4c0ae7c81aee87c07d7,7bd17439943bee509526fbdfe1d93ff9932f73ad9df6491b8f1f8ec4403671a0,9e4cfdbcfe51b861989860b1103b492b54c14c8516d71574938533c2ca8332df,3600.8356506339346,-0.013331990506501244,0.013331990506501244,3633.319495701006,3665.661754298994,0.01768469324509625
40,128,0.975,8000,55621.88075,17666.657038136625,197.51923036224292,"[56183.895,53481.71,53265.79,55768.01,56906.61,55365.025,55234.335,54969.355,56885.75,53751.23,54409.34,56242.19,54171.515,56405.02,56532.575,55157.68,53266.735,57888.91,56100.71,57547.69,56588.46,53742.285,56420.565,53207.205,56247.51,53668.345,56880.305,56489.565,56333.23,56588.275,55924.98,56341.79,53999.44,56655.405,55159.52,54065.395,57617.91,55316.63,56404.69,57689.65]",boundary-v1-9e4cfdbcfe51,fc6ed5692c5e33a9fffe770a3a11e12d0b94dbf5a1eec4c0ae7c81aee87c07d7,7bd17439943bee509526fbdfe1d93ff9932f73ad9df6491b8f1f8ec4403671a0,9e4cfdbcfe51b861989860b1103b492b54c14c8516d71574938533c2ca8332df,56635.511158278525,0.018223591051054637,0.018223591051054637,54866.159489431135,56377.60201056886,0.03224850591534878
40,128,1.025,8000,58118.921,18729.889028111847,209.4065253894278,"[59730.9,60173.515,58110.26,58573.775,56529.89,57893.435,60001.385,59518.84,59185.375,57464.515,57839.99,58982.425,57515.275,58554.435,58846.855,59931.145,56463.635,58729.575,60803.285,58388.715,56768.44,58312.795,54990.48,57947.455,58676.315,57611.49,56306.2,58099.02,58311.515,59069.975,56471.99,59021.23,55560.405,56379.5,57912.555,58157.79,60084.73,58317.945,56670.15,56849.635]",boundary-v1-9e4cfdbcfe51,fc6ed5692c5e33a9fffe770a3a11e12d0b94dbf5a1eec4c0ae7c81aee87c07d7,7bd17439943bee509526fbdfe1d93ff9932f73ad9df6491b8f1f8ec4403671a0,9e4cfdbcfe51b861989860b1103b492b54c14c8516d71574938533c2ca8332df,57749.35409773458,-0.0063588052893381415,0.0063588052893381415,57317.71818522387,58920.12381477613,0.01987045581781255
40,128,1.9,8000,31491.72025,6323.381447185182,70.69755381783531,"[32122.08,30697.96,31210.44,31637.07,30916.785,31489.31,32251.35,31526.99,31731.435,31020.825,31871.12,31666.505,31591.16,31991.74,32395.085,31910.51,31610.425,32016.575,31637.415,31053.145,31311.495,30814.97,31620.36,30950.805,31899.485,31245.145,30904.88,31176.615,30790.17,31499.66,31849.55,31112.8,31587.4,31573.22,31550.145,30684.02,31670.495,31494.905,31859.925,31724.84]",boundary-v1-9e4cfdbcfe51,fc6ed5692c5e33a9fffe770a3a11e12d0b94dbf5a1eec4c0ae7c81aee87c07d7,7bd17439943bee509526fbdfe1d93ff9932f73ad9df6491b8f1f8ec4403671a0,9e4cfdbcfe51b861989860b1103b492b54c14c8516d71574938533c2ca8332df,31975.33798236186,0.015356980454627953,0.015356980454627953,31221.226868710666,31762.21363128933,0.024153795006913947
41,10,0.3,8000,258.21675,81.3589081074012,0.9096202455165392,"[259.07,257.985,258.295,247.745,257.61,256.185,255.935,251.295,256.63,258.965,258.755,261.04,264.05,254.625,257.56,255.46,269.76,257.46,249.93,249.225,255.155,262.525,264.685,258.025,245.315,274.725,263.375,256.28,256.385,273.135,269.61,262.085,254.63,249.54,253.19,255.725,264.685,257.88,262.83,251.31]",boundary-v1-9e4cfdbcfe51,fc6ed5692c5e33a9fffe770a3a11e12d0b94dbf5a1eec4c0ae7c81aee87c07d7,7bd17439943bee509526fbdfe1d93ff9932f73ad9df6491b8f1f8ec4403671a0,9e4cfdbcfe51b861989860b1103b492b54c14c8516d71574938533c2ca8332df,260.33964114661825,0.008221353365412035,0.008221353365412035,254.7364845224563,261.6970154775437,0.02199589365718846
41,10,0.975,8000,358.26725,121.85998649875268,1.3624360677420877,"[361.51,368.945,357.095,350.09,358.995,369.22,358.445,356.725,363.84,360.43,351.185,359.475,357.515,362.22,365.52,361.63,364.4,350.85,356.195,354.955,355.725,364.82,343.455,359.695,366.455,349.005,344.26,359.425,368.345,362.735,357.165,357.51,349.32,351.645,358.85,357.405,354.625,359.455,361.28,360.275]",boundary-v1-9e4cfdbcfe51,fc6ed5692c5e33a9fffe770a3a11e12d0b94dbf5a1eec4c0ae7c81aee87c07d7,7bd17439943bee509526fbdfe1d93ff9932f73ad9df6491b8f1f8ec4403671a0,9e4cfdbcfe51b861989860b1103b492b54c14c8516d71574938533c2ca8332df,357.92051917119574,-0.0009677993978077945,0.0009677993978077945,353.05448210560183,363.48001789439815,0.015295197671134741
41,10,1.025,8000,357.99725,122.37877190474708,1.3682362649097795,"[352.045,358.195,351.27,367.315,368.665,353.48,359.0,346.235,349.39,368.23,347.09,353.955,362.215,367.445,358.53,359.975,357.845,364.465,353.685,354.965,361.045,346.48,344.995,360.055,364.49,366.405,356.485,359.94,349.47,360.78,379.57,354.45,357.215,348.01,354.31,359.96,370.36,365.34,357.57,348.965]",boundary-v1-9e4cfdbcfe51,fc6ed5692c5e33a9fffe770a3a11e12d0b94dbf5a1eec4c0ae7c81aee87c07d7,7bd17439943bee509526fbdfe1d93ff9932f73ad9df6491b8f1f8ec4403671a0,9e4cfdbcfe51b861989860b1103b492b54c14c8516d71574938533c2ca8332df,360.02982926788764,0.005677639333507805,0.005677639333507805,352.76229017873436,363.23220982126566,0.02060180266283851
41,10,1.9,8000,335.431875,107.35903014722908,1.2003104470382673,"[327.54,326.725,335.23,343.235,352.48,329.02,336.42,341.835,325.64,340.32,338.825,325.895,335.5,339.025,333.46,337.235,338.035,325.3,329.065,344.845,331.94,339.175,333.415,318.73,333.455,335.015,344.6,328.775,338.465,338.5,343.54,325.94,335.01,337.1,341.805,338.565,327.88,345.99,338.745,335.0]",boundary-v1-9e4cfdbcfe51,fc6ed5692c5e33a9fffe770a3a11e12d0b94dbf5a1eec4c0ae7c81aee87c07d7,7bd17439943bee509526fbdfe1d93ff9932f73ad9df6491b8f1f8ec4403671a0,9e4cfdbcfe51b861989860b1103b492b54c14c8516d71574938533c2ca8332df,337.44829812697304,0.006011423711515348,0.006011423711515348,330.83941014254714,340.02433985745284,0.019976120685194054
41,128,0.3,8000,3751.416375,389.7970173323541,4.358063140909037,"[3780.91,3700.635,3703.81,3807.335,3743.895,3781.83,3732.38,3745.315,3762.785,3718.13,3808.465,3759.375,3765.11,3750.645,3676.76,3794.62,3762.74,3758.24,3750.835,3774.905,3750.6,3776.79,3747.075,3784.13,3749.175,3713.795,3746.305,3704.09,3732.64,3730.77,3713.13,3764.525,3714.1,3710.725,3745.395,3759.985,3790.51,3750.11,3767.685,3826.4]",boundary-v1-9e4cfdbcfe51,fc6ed5692c5e33a9fffe770a3a11e12d0b94dbf5a1eec4c0ae7c81aee87c07d7,7bd17439943bee509526fbdfe1d93ff9932f73ad9df6491b8f1f8ec4403671a0,9e4cfdbcfe51b861989860b1103b492b54c14c8516d71574938533c2ca8332df,3689.6301270943723,-0.0164701120135265,0.0164701120135265,3734.742145536639,3768.0906044633607,0.020822343623067563
41,128,0.975,8000,56624.104375,18221.398553682357,203.7214290557505,"[56699.535,54477.025,55639.285,58791.27,58875.635,57636.37,59850.975,59126.335,57025.91,55911.035,56927.68,56954.11,55183.655,54671.11,54715.45,56221.485,56266.39,57408.775,56389.255,56698.485,57735.985,57643.135,57362.07,56132.79,56556.125,56134.075,56457.905,55484.68,55700.46,55599.38,56049.75,56018.845,56931.42,56647.285,56329.58,54518.935,57545.37,58612.055,55684.735,56349.825]",boundary-v1-9e4cfdbcfe51,fc6ed5692c5e33a9fffe770a3a11e12d0b94dbf5a1eec4c0ae7c81aee87c07d7,7bd17439943bee509526fbdfe1d93ff9932f73ad9df6491b8f1f8ec4403671a0,9e4cfdbcfe51b861989860b1103b492b54c14c8516d71574938533c2ca8332df,57710.027487076484,0.01917775343314614,0.01917775343314614,55844.65310390832,57403.555646091685,0.03340291826501862
41,128,1.025,8000,58987.99425,18839.13027736864,210.6278796858537,"[57969.845,58045.855,59678.045,58220.175,60573.68,61014.165,57952.9,58410.805,57617.46,59630.57,59052.5,59942.275,58515.46,59641.43,60872.49,58579.195,59313.39,61326.09,57531.335,56822.025,58607.065,59586.22,58134.03,58177.725,58210.285,58256.665,61595.355,57953.925,57546.53,56986.565,58861.19,60343.065,58108.255,60039.52,60517.965,59572.17,59652.15,58543.395,59170.875,58947.13]",boundary-v1-9e4cfdbcfe51,fc6ed5692c5e33a9fffe770a3a11e12d0b94dbf5a1eec4c0ae7c81aee87c07d7,7bd17439943bee509526fbdfe1d93ff9932f73ad9df6491b8f1f8ec4403671a0,9e4cfdbcfe51b861989860b1103b492b54c14c8516d71574938533c2ca8332df,58767.33993091976,-0.0037406648909789025,0.0037406648909789025,58182.118455247175,59793.87004475283,0.01716781524702715
41,128,1.9,8000,32555.05,6546.2490282445315,73.18928912398356,"[32483.575,32208.925,32946.915,33655.795,32621.295,32688.97,32805.25,33314.27,32729.655,31992.25,32094.615,32139.33,32602.6,33090.44,32404.89,32815.3,32527.275,31813.76,32498.81,33089.615,32421.285,33343.265,33220.695,31577.005,33053.805,32751.205,33080.545,32162.54,32873.815,32187.45,32466.595,32072.355,32969.505,32125.535,32056.79,32597.8,32157.595,31611.74,32383.885,32565.055]",boundary-v1-9e4cfdbcfe51,fc6ed5692c5e33a9fffe770a3a11e12d0b94dbf5a1eec4c0ae7c81aee87c07d7,7bd17439943bee509526fbdfe1d93ff9932f73ad9df6491b8f1f8ec4403671a0,9e4cfdbcfe51b861989860b1103b492b54c14c8516d71574938533c2ca8332df,32988.81022755183,0.013323899903450707,0.013323899903450707,32275.02307940357,32835.07692059643,0.022115774987741865
42,10,0.3,8000,264.571625,83.91798465393413,0.9382315911049043,"[270.28,247.98,268.19,270.785,253.875,268.595,274.715,267.48,266.91,263.585,255.735,265.365,265.59,263.985,268.565,269.22,260.63,272.39,270.79,269.625,259.565,258.575,262.23,263.455,265.6,268.64,257.35,266.425,261.48,261.08,259.935,261.115,268.94,262.505,266.54,269.85,257.605,266.505,273.805,257.375]",boundary-v1-9e4cfdbcfe51,fc6ed5692c5e33a9fffe770a3a11e12d0b94dbf5a1eec4c0ae7c81aee87c07d7,7bd17439943bee509526fbdfe1d93ff9932f73ad9df6491b8f1f8ec4403671a0,9e4cfdbcfe51b861989860b1103b492b54c14c8516d71574938533c2ca8332df,265.98021050245893,0.005324023324341557,0.005324023324341557,260.98189067673957,268.1613593232604,0.019151979521484952
42,10,0.975,8000,361.301875,122.33868395026657,1.3677880679532928,"[358.545,363.665,373.155,350.435,361.8,357.01,365.585,359.91,359.87,359.64,348.615,359.415,357.565,364.685,371.18,369.215,372.37,365.87,365.425,355.385,360.94,356.53,344.22,371.13,359.71,367.18,358.03,356.685,356.33,357.12,357.67,367.085,360.765,364.62,358.03,364.085,365.24,366.895,356.385,364.085]",boundary-v1-9e4cfdbcfe51,fc6ed5692c5e33a9fffe770a3a11e12d0b94dbf5a1eec4c0ae7c81aee87c07d7,7bd17439943bee509526fbdfe1d93ff9932f73ad9df6491b8f1f8ec4403671a0,9e4cfdbcfe51b861989860b1103b492b54c14c8516d71574938533c2ca8332df,363.70426063816063,0.006649247635818768,0.006649247635818768,356.0686300090743,366.5351199909257,0.021444266597963946
42,10,1.025,8000,365.04625,124.06268095014741,1.387062940376989,"[349.255,364.705,363.47,358.015,385.935,366.85,357.65,359.965,363.43,355.875,361.615,363.395,370.89,369.455,367.62,360.21,366.025,360.975,356.9,360.735,366.905,388.91,367.22,369.085,357.97,373.21,364.19,374.8,354.415,363.485,387.12,379.28,355.665,371.925,365.485,348.275,346.56,363.99,375.625,364.765]",boundary-v1-9e4cfdbcfe51,fc6ed5692c5e33a9fffe770a3a11e12d0b94dbf5a1eec4c0ae7c81aee87c07d7,7bd17439943bee509526fbdfe1d93ff9932f73ad9df6491b8f1f8ec4403671a0,9e4cfdbcfe51b861989860b1103b492b54c14c8516d71574938533c2ca8332df,365.86263313976286,0.0022363827590692327,0.0022363827590692327,359.73925810929836,370.3532418907016,0.017021703615689443
42,10,1.9,8000,341.91175,110.38996877021088,1.2341973710213519,"[345.22,339.33,349.23,350.175,348.44,333.38,331.55,346.33,342.78,345.87,356.865,357.76,345.245,334.825,328.8,344.58,334.675,332.215,348.675,344.535,340.39,339.195,346.64,339.415,328.085,331.0,339.46,341.295,349.685,353.365,334.815,332.1,325.56,342.94,348.175,343.375,348.15,332.65,347.945,351.75]",boundary-v1-9e4cfdbcfe51,fc6ed5692c5e33a9fffe770a3a11e12d0b94dbf5a1eec4c0ae7c81aee87c07d7,7bd17439943bee509526fbdfe1d93ff9932f73ad9df6491b8f1f8ec4403671a0,9e4cfdbcfe51b861989860b1103b492b54c14c8516d71574938533c2ca8332df,343.58818922178773,0.004903134278911871,0.004903134278911871,337.18963159508075,346.6338684049192,0.01897613991402558
42,128,0.3,8000,3843.866125,401.918413367514,4.493584468493107,"[3889.08,3829.49,3802.82,3819.31,3889.27,3876.525,3856.035,3805.01,3900.13,3787.895,3844.815,3792.61,3830.545,3902.915,3863.14,3820.765,3804.045,3865.97,3829.835,3838.835,3834.805,3899.295,3835.0,3832.96,3828.77,3861.82,3812.865,3804.39,3858.015,3913.42,3819.225,3860.66,3851.11,3849.97,3858.845,3882.565,3799.84,3837.82,3842.11,3822.12]",boundary-v1-9e4cfdbcfe51,fc6ed5692c5e33a9fffe770a3a11e12d0b94dbf5a1eec4c0ae7c81aee87c07d7,7bd17439943bee509526fbdfe1d93ff9932f73ad9df6491b8f1f8ec4403671a0,9e4cfdbcfe51b861989860b1103b492b54c14c8516d71574938533c2ca8332df,3778.4035894882495,-0.01703038903618177,0.01703038903618177,3826.6733822337674,3861.0588677662327,0.0214074120879183
42,128,0.975,8000,57650.006125,18249.337829212818,204.03379965239154,"[58608.125,58040.42,59535.81,57722.28,56686.585,57568.425,56723.855,57478.315,54581.89,57497.305,58178.38,55577.49,58880.845,57467.405,56984.66,56694.76,56909.385,59899.99,54821.965,57006.83,57248.895,56968.52,57763.675,58297.79,59268.585,57585.6,58225.44,56923.835,58023.71,57371.265,57402.41,58713.745,59799.235,58321.435,58497.445,59477.985,58022.025,58395.225,57921.04,54907.665]",boundary-v1-9e4cfdbcfe51,fc6ed5692c5e33a9fffe770a3a11e12d0b94dbf5a1eec4c0ae7c81aee87c07d7,7bd17439943bee509526fbdfe1d93ff9932f73ad9df6491b8f1f8ec4403671a0,9e4cfdbcfe51b861989860b1103b492b54c14c8516d71574938533c2ca8332df,58776.30785870263,0.01953688836147773,0.01953688836147773,56869.359703944305,58430.652546055695,0.033532084143125473
42,128,1.025,8000,60046.92575,19257.969566973235,215.31064530187172,"[60922.575,60535.14,63723.525,59988.585,63254.27,61058.915,59006.325,57800.315,62039.34,58944.435,60908.78,60642.66,60170.15,59827.11,59519.085,59743.82,58313.61,60063.1,59487.485,57868.035,63224.465,58288.995,58133.32,59020.46,59091.915,60124.28,59376.335,60745.495,61053.51,60622.31,61227.725,60774.33,56793.42,59872.78,59242.635,60651.375,60576.69,59070.985,61210.785,58957.96]",boundary-v1-9e4cfdbcfe51,fc6ed5692c5e33a9fffe770a3a11e12d0b94dbf5a1eec4c0ae7c81aee87c07d7,7bd17439943bee509526fbdfe1d93ff9932f73ad9df6491b8f1f8ec4403671a0,9e4cfdbcfe51b861989860b1103b492b54c14c8516d71574938533c2ca8332df,59776.46669249394,-0.004504128298459388,0.004504128298459388,59223.133393260796,60870.71810673921,0.017976647036206383
42,128,1.9,8000,33427.1265,6758.197968742913,75.55895031755075,"[33656.89,32755.605,33597.385,33580.62,33100.1,33767.3,33490.535,32755.11,34145.555,33392.095,33633.21,33138.305,33693.545,33074.38,33881.435,33495.73,33900.01,34830.715,33480.765,33324.875,33528.575,33460.49,32904.77,33794.145,32444.18,33333.24,33725.125,32968.135,33450.28,33585.26,34023.62,33802.375,33343.065,32905.67,33277.31,32861.52,33502.98,33759.525,32675.645,33044.985]",boundary-v1-9e4cfdbcfe51,fc6ed5692c5e33a9fffe770a3a11e12d0b94dbf5a1eec4c0ae7c81aee87c07d7,7bd17439943bee509526fbdfe1d93ff9932f73ad9df6491b8f1f8ec4403671a0,9e4cfdbcfe51b861989860b1103b492b54c14c8516d71574938533c2ca8332df,34001.93597356403,0.017195898473774986,0.017195898473774986,33138.03310349112,33716.219896508876,0.02606982941247349
43,10,0.3,8000,269.74625,84.4749436990142,0.9444585825323164,"[262.905,276.61,269.93,277.345,274.595,263.18,268.61,268.425,268.77,268.355,272.985,277.775,263.795,269.565,265.73,267.625,266.78,275.0,266.595,274.125,270.64,269.945,264.455,265.35,276.33,267.525,269.44,270.745,266.7,265.905,263.645,269.455,266.465,271.99,271.77,272.615,269.525,270.515,276.24,271.895]",boundary-v1-9e4cfdbcfe51,fc6ed5692c5e33a9fffe770a3a11e12d0b94dbf5a1eec4c0ae7c81aee87c07d7,7bd17439943bee509526fbdfe1d93ff9932f73ad9df6491b8f1f8ec4403671a0,9e4cfdbcfe51b861989860b1103b492b54c14c8516d71574938533c2ca8332df,271.5939620235928,0.006849815423171984,0.006849815423171984,266.13269080762456,273.3598091923754,0.020520858220743454
43,10,0.975,8000,371.1815,125.90880404529706,1.4077032240549237,"[390.015,355.045,376.745,378.79,380.045,362.455,366.465,375.14,392.54,388.725,373.83,370.07,366.865,371.27,363.31,371.61,369.435,361.905,368.51,359.375,355.095,359.735,379.105,373.245,367.92,367.11,374.27,362.84,362.955,376.535,383.71,373.73,354.51,373.85,388.29,372.385,370.12,367.135,362.16,380.415]",boundary-v1-9e4cfdbcfe51,fc6ed5692c5e33a9fffe770a3a11e12d0b94dbf5a1eec4c0ae7c81aee87c07d7,7bd17439943bee509526fbdfe1d93ff9932f73ad9df6491b8f1f8ec4403671a0,9e4cfdbcfe51b861989860b1103b492b54c14c8516d71574938533c2ca8332df,369.4388467951054,-0.004694881627706722,0.004694881627706722,365.7955370583735,376.56746294162656,0.01893051537388457
43,10,1.025,8000,369.32225,126.5728534909544,1.415127522559478,"[391.655,376.65,369.79,394.595,384.665,359.845,352.605,359.94,365.88,360.225,369.275,361.67,363.42,370.635,363.035,371.315,367.71,384.04,359.115,366.865,359.83,366.14,361.935,373.57,374.19,373.215,383.775,370.39,363.67,371.035,378.25,359.99,375.58,378.16,361.74,369.82,366.955,363.72,361.485,366.51]",boundary-v1-9e4cfdbcfe51,fc6ed5692c5e33a9fffe770a3a11e12d0b94dbf5a1eec4c0ae7c81aee87c07d7,7bd17439943bee509526fbdfe1d93ff9932f73ad9df6491b8f1f8ec4403671a0,9e4cfdbcfe51b861989860b1103b492b54c14c8516d71574938533c2ca8332df,371.6454831928829,0.0062905313527222475,0.0062905313527222475,363.9078812154871,374.73661878451287,0.02126252927403338
43,10,1.9,8000,347.387625,111.33274223828388,1.2447378988313242,"[359.06,341.61,351.42,343.095,344.13,349.41,334.865,347.105,344.235,344.08,346.26,353.96,339.145,346.895,331.885,349.645,359.745,341.43,345.34,352.025,350.54,348.055,330.505,353.855,353.885,346.91,359.315,351.205,357.88,359.1,349.6,345.295,329.59,344.575,352.96,339.905,351.065,349.235,360.48,336.21]",boundary-v1-9e4cfdbcfe51,fc6ed5692c5e33a9fffe770a3a11e12d0b94dbf5a1eec4c0ae7c81aee87c07d7,7bd17439943bee509526fbdfe1d93ff9932f73ad9df6491b8f1f8ec4403671a0,9e4cfdbcfe51b861989860b1103b492b54c14c8516d71574938533c2ca8332df,349.67011446539055,0.0065704397656379965,0.0065704397656379965,342.6251778587395,352.1500721412605,0.020561643048765177
43,128,0.3,8000,3927.98,410.4578493045991,4.5890582647172415,"[3919.09,3912.955,3900.68,3943.51,3935.05,3923.16,3928.695,3885.415,3933.44,3926.87,3887.365,3991.82,3937.77,3931.15,3916.625,3879.04,3983.375,3910.705,3928.315,3931.245,3915.535,3894.17,3920.405,3949.84,3947.495,3962.15,3899.715,3962.285,3943.5,3913.205,3969.495,3921.89,3894.005,3918.95,3946.36,3934.7,3922.78,3959.515,3903.62,3933.31]",boundary-v1-9e4cfdbcfe51,fc6ed5692c5e33a9fffe770a3a11e12d0b94dbf5a1eec4c0ae7c81aee87c07d7,7bd17439943bee509526fbdfe1d93ff9932f73ad9df6491b8f1f8ec4403671a0,9e4cfdbcfe51b861989860b1103b492b54c14c8516d71574938533c2ca8332df,3867.157268486979,-0.01548448095790232,0.01548448095790232,3910.4219683578362,3945.538031642164,0.019865671684467845
43,128,0.975,8000,58674.16875,18584.663012991026,207.78284917986994,"[57504.395,60535.635,57612.37,60538.315,58367.525,59195.85,57609.19,58893.64,57369.04,57839.705,59307.075,58951.4,59037.155,57994.715,59206.035,57962.685,57819.54,59255.06,55145.32,59727.87,59303.405,59964.715,59355.74,56379.4,59156.455,60339.07,57467.725,60289.79,59889.705,58591.01,60164.885,58432.635,59896.04,57297.515,57833.34,55834.08,59811.7,58447.515,58818.6,59820.905]",boundary-v1-9e4cfdbcfe51,fc6ed5692c5e33a9fffe770a3a11e12d0b94dbf5a1eec4c0ae7c81aee87c07d7,7bd17439943bee509526fbdfe1d93ff9932f73ad9df6491b8f1f8ec4403671a0,9e4cfdbcfe51b861989860b1103b492b54c14c8516d71574938533c2ca8332df,59834.398724911276,0.01977411865611269,0.01977411865611269,57879.17822467838,59469.15927532162,0.03378106877473308
43,128,1.025,8000,61359.4715,19600.77790533451,219.14335904101952,"[62886.13,61204.59,60815.135,62641.72,62031.51,59794.045,60899.74,61612.935,62142.105,60603.77,60746.76,63020.8,63371.195,61452.275,63132.12,61761.59,60989.29,60909.845,61666.805,61126.765,62017.28,61602.805,60614.01,62434.27,61152.025,61660.475,61548.135,60668.825,61440.47,59439.54,60016.24,60922.265,60413.645,59309.93,62931.845,60165.97,61071.27,62110.02,60512.795,61537.92]",boundary-v1-9e4cfdbcfe51,fc6ed5692c5e33a9fffe770a3a11e12d0b94dbf5a1eec4c0ae7c81aee87c07d7,7bd17439943bee509526fbdfe1d93ff9932f73ad9df6491b8f1f8ec4403671a0,9e4cfdbcfe51b861989860b1103b492b54c14c8516d71574938533c2ca8332df,60776.7935366097,-0.009496137257151878,0.009496137257151878,60521.01493434789,62197.92806565211,0.022848583115861132
43,128,1.9,8000,34623.528125,7087.741521013063,79.24335923966481,"[33536.645,34409.8,35194.215,34763.225,35813.4,33936.665,34213.725,34001.29,35232.68,33777.275,34499.925,34547.255,35440.62,34996.075,34800.025,34028.65,34343.31,34114.03,35226.905,35901.505,34097.66,34803.445,35051.23,34616.49,33960.35,34495.78,34951.445,34260.925,33725.35,34298.52,35442.575,35371.69,35232.325,33653.65,34284.64,34610.755,34958.495,34077.095,35157.635,35113.85]",boundary-v1-9e4cfdbcfe51,fc6ed5692c5e33a9fffe770a3a11e12d0b94dbf5a1eec4c0ae7c81aee87c07d7,7bd17439943bee509526fbdfe1d93ff9932f73ad9df6491b8f1f8ec4403671a0,9e4cfdbcfe51b861989860b1103b492b54c14c8516d71574938533c2ca8332df,35014.380271450136,0.011288628502533322,0.011288628502533322,34320.33794333271,34926.71830666728,0.020222479430807905
44,10,0.3,8000,277.548,85.66452006081431,0.957758450579376,"[281.88,270.96,276.42,276.51,277.205,279.575,267.74,281.445,279.595,282.39,277.93,279.39,280.065,271.14,274.69,290.24,277.13,275.06,287.78,283.865,267.6,285.135,288.45,272.675,277.485,271.11,280.665,273.32,270.24,290.785,280.385,274.695,276.545,280.88,278.52,272.88,272.2,268.22,273.64,275.48]",boundary-v1-9e4cfdbcfe51,fc6ed5692c5e33a9fffe770a3a11e12d0b94dbf5a1eec4c0ae7c81aee87c07d7,7bd17439943bee509526fbdfe1d93ff9932f73ad9df6491b8f1f8ec4403671a0,9e4cfdbcfe51b861989860b1103b492b54c14c8516d71574938533c2ca8332df,277.1808421763465,-0.0013228624369604018,0.0013228624369604018,273.8835546583241,281.2124453416759,0.014336503352228802
44,10,0.975,8000,376.821125,126.75589043789824,1.4171739378382802,"[370.44,371.435,369.075,384.97,375.915,369.68,364.83,368.635,374.7,379.825,383.38,359.85,363.56,386.38,394.745,385.245,383.135,377.89,381.105,389.1,392.755,374.95,378.105,366.86,381.35,364.12,378.655,369.82,369.695,376.17,367.315,390.825,372.695,384.715,393.12,381.39,372.835,384.35,368.835,370.39]",boundary-v1-9e4cfdbcfe51,fc6ed5692c5e33a9fffe770a3a11e12d0b94dbf5a1eec4c0ae7c81aee87c07d7,7bd17439943bee509526fbdfe1d93ff9932f73ad9df6491b8f1f8ec4403671a0,9e4cfdbcfe51b861989860b1103b492b54c14c8516d71574938533c2ca8332df,375.1243683979051,-0.004502817091517685,0.004502817091517685,371.39892649920426,382.2433235007957,0.018624145054232266
44,10,1.025,8000,374.34625,125.46479102784556,1.4027390076053419,"[372.105,368.155,351.96,369.435,377.74,382.315,380.45,361.69,386.98,372.33,367.14,365.2,367.72,390.405,373.46,387.94,375.955,370.615,355.235,377.405,376.9,378.755,383.015,372.84,373.595,373.795,391.135,368.405,367.79,371.615,368.135,372.51,371.755,377.155,367.14,380.12,387.935,380.55,374.655,381.815]",boundary-v1-9e4cfdbcfe51,fc6ed5692c5e33a9fffe770a3a11e12d0b94dbf5a1eec4c0ae7c81aee87c07d7,7bd17439943bee509526fbdfe1d93ff9932f73ad9df6491b8f1f8ec4403671a0,9e4cfdbcfe51b861989860b1103b492b54c14c8516d71574938533c2ca8332df,377.37848597253065,0.008100083739400774,0.008100083739400774,368.9792804693245,379.7132195306755,0.02276335270783436
44,10,1.9,8000,354.8205,112.96712232366886,1.2630108236912878,"[353.95,351.62,371.845,357.755,356.21,360.26,344.495,353.64,356.55,350.29,359.935,360.27,349.995,353.355,352.74,356.775,359.39,355.165,349.91,361.64,351.93,350.055,356.02,353.835,338.38,344.875,359.295,347.605,353.165,356.555,361.8,360.315,356.43,349.22,360.82,338.51,360.875,348.985,359.995,368.365]",boundary-v1-9e4cfdbcfe51,fc6ed5692c5e33a9fffe770a3a11e12d0b94dbf5a1eec4c0ae7c81aee87c07d7,7bd17439943bee509526fbdfe1d93ff9932f73ad9df6491b8f1f8ec4403671a0,9e4cfdbcfe51b861989860b1103b492b54c14c8516d71574938533c2ca8332df,355.694655130293,0.002463654524732902,0.002463654524732902,349.98813947469006,359.6528605253099,0.01630488297165744
44,128,0.3,8000,4020.547125,423.8433400754932,4.738712601096818,"[3995.68,4023.13,4061.005,3979.6,4002.055,4062.575,4001.255,3977.94,4028.615,4040.38,4046.995,3976.795,4024.65,4046.165,3966.355,4030.495,4035.615,4039.005,4059.545,4034.95,4029.605,4022.23,4009.925,4004.655,4044.99,4014.275,4002.64,4055.47,4062.62,4031.53,4053.815,3938.415,4045.73,3958.28,4036.32,4041.255,4008.01,3983.225,4020.97,4025.12]",boundary-v1-9e4cfdbcfe51,fc6ed5692c5e33a9fffe770a3a11e12d0b94dbf5a1eec4c0ae7c81aee87c07d7,7bd17439943bee509526fbdfe1d93ff9932f73ad9df6491b8f1f8ec4403671a0,9e4cfdbcfe51b861989860b1103b492b54c14c8516d71574938533c2ca8332df,3955.892355975749,-0.01608108722870671,0.01608108722870671,4002.4165062556544,4038.6777437443457,0.020498141476334886
44,128,0.975,8000,59553.86175,18832.913632272146,210.55837548071497,"[59073.11,60605.5,59683.845,58195.17,59332.74,59400.95,58270.85,59056.545,59865.26,60462.015,59143.06,60346.185,58002.365,60118.74,58708.61,60589.96,57648.18,60859.535,60894.14,58063.495,59000.67,59251.955,60055.5,59068.715,60925.7,59473.77,58982.635,58779.13,60749.52,59578.485,59443.42,58804.23,61533.235,59034.225,58685.685,59377.945,58647.905,60529.395,60835.805,61076.29]",boundary-v1-9e4cfdbcfe51,fc6ed5692c5e33a9fffe770a3a11e12d0b94dbf5a1eec4c0ae7c81aee87c07d7,7bd17439943bee509526fbdfe1d93ff9932f73ad9df6491b8f1f8ec4403671a0,9e4cfdbcfe51b861989860b1103b492b54c14c8516d71574938533c2ca8332df,60884.34099039805,0.022340771887862567,0.022340771887862567,58748.25188279977,60359.47161720022,0.036360045433516675
44,128,1.025,8000,62254.723875,19814.697257592816,221.53505010778096,"[61772.775,62523.275,61922.805,61874.635,62135.73,62145.03,62761.275,63198.84,64112.185,64845.165,63214.005,63361.2,62278.985,59535.455,62422.07,62327.47,62222.755,62386.085,64068.01,61531.85,62659.415,63363.35,61997.65,63619.06,61817.905,62398.215,61102.95,60850.02,62097.78,60435.84,60812.33,58934.775,65766.875,63251.05,60553.915,61644.64,62223.57,62441.515,60782.04,62796.46]",boundary-v1-9e4cfdbcfe51,fc6ed5692c5e33a9fffe770a3a11e12d0b94dbf5a1eec4c0ae7c81aee87c07d7,7bd17439943bee509526fbdfe1d93ff9932f73ad9df6491b8f1f8ec4403671a0,9e4cfdbcfe51b861989860b1103b492b54c14c8516d71574938533c2ca8332df,61768.37471191996,-0.007812245124668328,0.007812245124668328,61407.116545725796,63102.33120427421,0.02113957546252898
44,128,1.9,8000,35526.764625,7192.5250961940355,80.41487522481539,"[35602.19,36280.265,35466.105,35552.485,35808.075,35648.45,36326.56,34356.165,34583.675,34984.45,36161.705,35102.62,36019.39,36446.165,35453.77,35792.21,36639.595,35140.905,35731.885,35403.015,34859.59,36612.73,35297.365,35237.64,35688.425,34900.815,35604.795,35374.355,35100.08,35325.465,35413.955,35230.315,35582.42,36226.04,35447.355,35100.215,35268.595,35683.765,35864.515,34752.47]",boundary-v1-9e4cfdbcfe51,fc6ed5692c5e33a9fffe770a3a11e12d0b94dbf5a1eec4c0ae7c81aee87c07d7,7bd17439943bee509526fbdfe1d93ff9932f73ad9df6491b8f1f8ec4403671a0,9e4cfdbcfe51b861989860b1103b492b54c14c8516d71574938533c2ca8332df,36025.82231058802,0.014047372195463845,0.014047372195463845,35219.092147935706,35834.4371020643,0.022906046506357747
45,10,0.3,8000,283.344375,88.01541978610561,0.9840423085495607,"[278.105,287.345,292.0,269.755,275.715,277.64,291.5,287.69,268.94,285.955,294.5,281.405,289.32,277.76,279.09,273.315,277.175,292.55,278.625,283.295,286.6,274.225,289.265,278.835,286.32,277.895,274.81,274.58,294.54,282.34,296.65,275.115,297.005,287.335,281.55,285.955,289.595,287.965,282.48,289.035]",boundary-v1-9e4cfdbcfe51,fc6ed5692c5e33a9fffe770a3a11e12d0b94dbf5a1eec4c0ae7c81aee87c07d7,7bd17439943bee509526fbdfe1d93ff9932f73ad9df6491b8f1f8ec4403671a0,9e4cfdbcfe51b861989860b1103b492b54c14c8516d71574938533c2ca8332df,282.74078096229863,-0.002130248880717623,0.002130248880717623,279.5793659297119,287.1093840702881,0.015215814426044694
45,10,0.975,8000,381.336375,127.2102788053646,1.4222541542274798,"[405.055,386.69,351.02,374.61,379.435,390.215,385.83,389.94,382.94,371.685,384.385,388.56,374.8,365.14,383.08,370.315,373.875,387.88,382.06,388.825,371.055,379.895,380.845,379.325,385.055,392.91,386.255,376.75,389.48,385.26,390.23,374.83,383.6,391.64,375.125,381.845,385.135,377.18,380.55,370.15]",boundary-v1-9e4cfdbcfe51,fc6ed5692c5e33a9fffe770a3a11e12d0b94dbf5a1eec4c0ae7c81aee87c07d7,7bd17439943bee509526fbdfe1d93ff9932f73ad9df6491b8f1f8ec4403671a0,9e4cfdbcfe51b861989860b1103b492b54c14c8516d71574938533c2ca8332df,380.76091003477285,-0.0015090744102949185,0.0015090744102949185,375.89473926503433,386.7780107349656,0.015556987556657909
45,10,1.025,8000,382.308,127.78873436684034,1.4287214840145928,"[384.89,374.42,378.11,370.26,391.305,388.07,388.9,376.99,374.73,377.795,385.835,389.61,389.775,380.085,378.31,378.315,392.275,384.06,383.085,372.815,389.675,381.94,368.685,379.935,386.315,393.975,383.17,375.105,381.705,388.855,389.975,383.35,371.545,381.81,380.535,384.29,377.815,377.275,387.9,388.83]",boundary-v1-9e4cfdbcfe51,fc6ed5692c5e33a9fffe770a3a11e12d0b94dbf5a1eec4c0ae7c81aee87c07d7,7bd17439943bee509526fbdfe1d93ff9932f73ad9df6491b8f1f8ec4403671a0,9e4cfdbcfe51b861989860b1103b492b54c14c8516d71574938533c2ca8332df,383.06174052090864,0.0019715530956941787,0.0019715530956941787,376.84161984592,387.77438015408,0.016505928080693177
45,10,1.9,8000,359.331125,113.17292518579151,1.2653117696396392,"[360.67,353.875,360.49,359.265,353.22,355.255,359.005,352.73,352.325,366.035,349.725,364.965,355.195,367.755,353.37,364.815,357.21,366.275,364.04,351.685,362.39,354.175,350.655,354.4,359.87,370.8,355.05,356.03,372.87,368.555,354.46,362.985,357.4,345.42,378.15,371.94,363.97,348.47,356.1,361.65]",boundary-v1-9e4cfdbcfe51,fc6ed5692c5e33a9fffe770a3a11e12d0b94dbf5a1eec4c0ae7c81aee87c07d7,7bd17439943bee509526fbdfe1d93ff9932f73ad9df6491b8f1f8ec4403671a0,9e4cfdbcfe51b861989860b1103b492b54c14c8516d71574938533c2ca8332df,361.66234344818236,0.006487660784137109,0.006487660784137109,354.4899609077189,364.17228909228106,0.020232963782945035
45,128,0.3,8000,4113.485125,427.7009969553309,4.781842516182752,"[4151.22,4107.73,4118.53,4136.08,4094.04,4157.615,4078.505,4147.655,4111.145,4203.165,4138.42,4138.07,4127.35,4081.155,4078.345,4169.56,4085.58,4096.065,4072.49,4093.665,4122.375,4149.85,4112.98,4112.825,4133.1,4050.535,4119.99,4072.845,4077.295,4050.385,4097.205,4067.15,4097.635,4117.585,4122.415,4068.585,4138.885,4139.04,4171.74,4130.6]",boundary-v1-9e4cfdbcfe51,fc6ed5692c5e33a9fffe770a3a11e12d0b94dbf5a1eec4c0ae7c81aee87c07d7,7bd17439943bee509526fbdfe1d93ff9932f73ad9df6491b8f1f8ec4403671a0,9e4cfdbcfe51b861989860b1103b492b54c14c8516d71574938533c2ca8332df,4044.6100080875185,-0.016743737930128445,0.016743737930128445,4095.1894884306193,4131.780761569381,0.021097623158677026
45,128,0.975,8000,60362.8035,18992.635262455402,212.34411759354919,"[59405.83,59877.45,58343.305,58857.605,63220.88,60897.38,61464.45,60969.795,59281.77,59669.14,63509.695,62439.315,59217.18,62232.485,60651.915,58701.835,57533.08,61656.305,60953.81,59250.815,63522.575,61278.935,61799.28,60209.87,59053.62,61308.46,60964.775,60443.895,60660.78,61065.2,58766.335,58984.145,59963.68,60313.325,59151.735,59715.205,59963.07,58545.17,60361.99,60306.055]",boundary-v1-9e4cfdbcfe51,fc6ed5692c5e33a9fffe770a3a11e12d0b94dbf5a1eec4c0ae7c81aee87c07d7,7bd17439943bee509526fbdfe1d93ff9932f73ad9df6491b8f1f8ec4403671a0,9e4cfdbcfe51b861989860b1103b492b54c14c8516d71574938533c2ca8332df,61926.170588863766,0.02589951092751622,0.02589951092751622,59550.36126879103,61175.245731208975,0.03989580028489015
45,128,1.025,8000,62920.760375,20126.09561083003,225.0165895373805,"[62783.865,63579.665,63062.87,62474.97,63002.535,62178.49,63955.35,66497.905,60733.69,60905.16,62988.42,62234.38,62356.905,62648.635,62277.745,62349.88,60689.27,62668.145,61303.585,62978.025,63059.955,61811.41,61621.39,62227.345,62468.685,63420.13,63694.19,61847.29,62352.68,61338.325,62759.505,66415.64,64723.25,63455.315,64424.345,64388.07,62445.985,64326.57,64814.79,63566.055]",boundary-v1-9e4cfdbcfe51,fc6ed5692c5e33a9fffe770a3a11e12d0b94dbf5a1eec4c0ae7c81aee87c07d7,7bd17439943bee509526fbdfe1d93ff9932f73ad9df6491b8f1f8ec4403671a0,9e4cfdbcfe51b861989860b1103b492b54c14c8516d71574938533c2ca8332df,62751.26007539596,-0.0026938692189006274,0.0026938692189006274,62059.832452274546,63781.68829772545,0.01615554949752296
45,128,1.9,8000,36603.84875,7470.341050902598,83.52095202462712,"[37212.0,36451.62,35971.785,37082.765,36163.57,35729.27,36075.725,36241.5,37232.015,36694.03,36531.66,37066.08,36491.54,37380.33,37109.835,36046.445,36279.1,36550.52,36856.305,36451.92,37179.185,35261.265,36733.7,37688.375,36684.565,37121.84,36407.435,36964.68,35929.505,37258.045,36516.175,36798.945,35933.02,36609.205,37678.31,35954.255,36822.47,35596.915,36955.7,36442.345]",boundary-v1-9e4cfdbcfe51,fc6ed5692c5e33a9fffe770a3a11e12d0b94dbf5a1eec4c0ae7c81aee87c07d7,7bd17439943bee509526fbdfe1d93ff9932f73ad9df6491b8f1f8ec4403671a0,9e4cfdbcfe51b861989860b1103b492b54c14c8516d71574938533c2ca8332df,37035.95476119643,0.011804933796652532,0.011804933796652532,36284.292223619224,36923.40527638077,0.02071592117450516
46,10,0.3,8000,287.084375,90.045133247789,1.006735194925413,"[283.595,280.08,284.96,284.705,284.065,281.95,298.24,297.865,288.275,285.075,276.92,288.21,289.305,282.42,301.365,286.38,294.495,290.71,280.75,284.825,282.23,285.085,287.305,288.87,287.545,287.455,292.13,288.785,297.21,275.165,290.825,294.83,276.71,282.395,289.26,294.925,276.36,289.475,289.785,282.84]",boundary-v1-9e4cfdbcfe51,fc6ed5692c5e33a9fffe770a3a11e12d0b94dbf5a1eec4c0ae7c81aee87c07d7,7bd17439943bee509526fbdfe1d93ff9932f73ad9df6491b8f1f8ec4403671a0,9e4cfdbcfe51b861989860b1103b492b54c14c8516d71574938533c2ca8332df,288.27369337912705,0.004142748553023933,0.004142748553023933,283.23254148904124,290.9362085109588,0.017798632401428538
46,10,0.975,8000,389.388875,128.7682979640348,1.4396733379726476,"[383.795,383.7,384.42,403.38,385.555,387.385,380.32,389.17,393.13,376.785,393.545,404.085,387.445,391.17,394.285,390.17,389.735,374.64,386.15,398.48,376.55,375.185,387.03,387.09,383.745,395.53,398.925,399.535,379.56,391.755,382.3,393.64,396.105,396.76,382.31,395.415,411.93,385.63,382.87,396.345]",boundary-v1-9e4cfdbcfe51,fc6ed5692c5e33a9fffe770a3a11e12d0b94dbf5a1eec4c0ae7c81aee87c07d7,7bd17439943bee509526fbdfe1d93ff9932f73ad9df6491b8f1f8ec4403671a0,9e4cfdbcfe51b861989860b1103b492b54c14c8516d71574938533c2ca8332df,386.3485506664202,-0.007807938358741769,0.007807938358741769,383.88059234931967,394.8971576506803,0.021647679196065694
46,10,1.025,8000,389.509875,129.88306896564643,1.4521368566673936,"[392.495,388.58,411.22,398.215,399.815,391.92,384.985,389.665,385.945,390.51,383.395,384.21,381.705,387.6,389.4,397.51,383.01,393.7,394.43,393.875,375.83,384.035,390.035,393.395,387.71,388.775,393.19,394.745,380.255,387.205,394.135,379.605,388.375,386.07,392.515,382.765,396.35,387.62,405.15,370.45]",boundary-v1-9e4cfdbcfe51,fc6ed5692c5e33a9fffe770a3a11e12d0b94dbf5a1eec4c0ae7c81aee87c07d7,7bd17439943bee509526fbdfe1d93ff9932f73ad9df6491b8f1f8ec4403671a0,9e4cfdbcfe51b861989860b1103b492b54c14c8516d71574938533c2ca8332df,388.6953390632326,-0.00209118173645126,0.00209118173645126,383.9539061263538,395.06584387364626,0.016125172320518577
46,10,1.9,8000,369.20675,116.94991412882415,1.3075397897740695,"[368.965,369.96,365.165,387.0,373.15,373.72,376.58,373.19,371.195,375.41,368.97,378.955,361.445,367.665,357.7,367.78,362.12,378.275,348.525,374.865,369.88,360.83,375.61,358.07,361.82,372.09,382.675,381.675,368.87,363.15,353.405,360.19,367.935,378.21,382.34,362.685,368.775,367.185,372.965,359.275]",boundary-v1-9e4cfdbcfe51,fc6ed5692c5e33a9fffe770a3a11e12d0b94dbf5a1eec4c0ae7c81aee87c07d7,7bd17439943bee509526fbdfe1d93ff9932f73ad9df6491b8f1f8ec4403671a0,9e4cfdbcfe51b861989860b1103b492b54c14c8516d71574938533c2ca8332df,367.57366781596147,-0.004423218654692874,0.004423218654692874,364.2040187906904,374.2094812093096,0.017732884190704068
46,128,0.3,8000,4202.195375,436.0824941410987,4.875550503485752,"[4195.805,4198.055,4198.605,4179.15,4190.52,4191.75,4178.54,4215.0,4204.205,4237.06,4179.775,4185.065,4191.485,4267.51,4208.085,4183.985,4202.605,4168.05,4201.44,4259.155,4199.39,4228.935,4146.265,4226.025,4166.0,4244.19,4253.945,4227.54,4153.595,4158.33,4225.0,4197.975,4189.265,4228.085,4222.57,4212.63,4189.62,4196.07,4169.545,4216.995]",boundary-v1-9e4cfdbcfe51,fc6ed5692c5e33a9fffe770a3a11e12d0b94dbf5a1eec4c0ae7c81aee87c07d7,7bd17439943bee509526fbdfe1d93ff9932f73ad9df6491b8f1f8ec4403671a0,9e4cfdbcfe51b861989860b1103b492b54c14c8516d71574938533c2ca8332df,4133.3113479705635,-0.016392390377479,0.016392390377479,4183.541205653026,4220.849544346975,0.0207394732877062
46,128,0.975,8000,61645.89125,19358.372213328454,216.4331810137274,"[61501.75,59463.605,61971.51,60260.335,61741.855,62462.14,60465.885,64348.07,61568.4,60875.025,61867.325,64504.405,61968.125,61555.885,62914.8,63041.585,59535.385,64585.955,61722.395,59091.28,61036.85,63117.335,61166.09,59060.645,61759.16,60981.685,60185.94,59804.5,58835.845,63258.075,61866.41,62166.95,62130.65,61273.605,61393.835,62972.185,60032.575,63151.885,63652.85,62542.865]",boundary-v1-9e4cfdbcfe51,fc6ed5692c5e33a9fffe770a3a11e12d0b94dbf5a1eec4c0ae7c81aee87c07d7,7bd17439943bee509526fbdfe1d93ff9932f73ad9df6491b8f1f8ec4403671a0,9e4cfdbcfe51b861989860b1103b492b54c14c8516d71574938533c2ca8332df,62959.91899016161,0.0213157391922955,0.0213157391922955,60817.80399953505,62473.97850046495,0.03522184047689292
46,128,1.025,8000,64081.646,20025.07352409448,223.88712827153265,"[64571.375,64638.805,65747.97,64814.97,65568.66,63262.74,64833.05,65444.3,63847.055,65877.085,64099.51,61984.195,64399.25,62685.795,63313.435,64435.055,65521.245,62427.665,65635.385,64115.975,64668.575,65058.555,62666.605,63465.635,62820.855,60645.34,63553.59,60034.335,63531.97,66199.655,64577.435,63764.53,63601.24,64110.775,62233.135,65178.395,66584.03,64981.965,65837.285,62528.415]",boundary-v1-9e4cfdbcfe51,fc6ed5692c5e33a9fffe770a3a11e12d0b94dbf5a1eec4c0ae7c81aee87c07d7,7bd17439943bee509526fbdfe1d93ff9932f73ad9df6491b8f1f8ec4403671a0,9e4cfdbcfe51b861989860b1103b492b54c14c8516d71574938533c2ca8332df,63725.49554201211,-0.005557760766443004,0.005557760766443004,63225.03946861465,64938.252531385355,0.018675540873033247
46,128,1.9,8000,37496.080375,7713.432791279966,86.23880030588975,"[38133.8,37630.525,36136.995,37247.51,36912.98,36865.01,38035.32,36389.305,37577.68,37933.01,37690.745,38120.325,38203.555,37954.295,37570.71,37367.175,36932.645,37402.8,37991.98,37117.36,36503.415,37645.225,37133.005,38194.88,37926.32,38156.96,38173.005,37086.66,38076.005,37180.38,37644.56,37686.835,37039.655,37357.34,37575.74,37354.25,37157.705,37801.585,37585.4,37350.565]",boundary-v1-9e4cfdbcfe51,fc6ed5692c5e33a9fffe770a3a11e12d0b94dbf5a1eec4c0ae7c81aee87c07d7,7bd17439943bee509526fbdfe1d93ff9932f73ad9df6491b8f1f8ec4403671a0,9e4cfdbcfe51b861989860b1103b492b54c14c8516d71574938533c2ca8332df,38044.48315420407,0.014625602828868281,0.014625602828868281,37166.12518654777,37826.03556345223,0.023633294115207537
47,10,0.3,8000,291.9915,90.38710862963703,1.0105585959276313,"[286.59,298.56,297.03,286.275,299.095,281.895,291.975,296.14,295.595,286.32,291.37,287.48,295.74,302.885,293.86,284.955,285.43,295.95,283.865,299.885,285.585,288.58,290.31,286.725,291.765,296.62,280.975,292.34,317.085,277.62,288.21,290.845,294.625,294.535,291.05,300.73,304.03,292.18,284.935,290.02]",boundary-v1-9e4cfdbcfe51,fc6ed5692c5e33a9fffe770a3a11e12d0b94dbf5a1eec4c0ae7c81aee87c07d7,7bd17439943bee509526fbdfe1d93ff9932f73ad9df6491b8f1f8ec4403671a0,9e4cfdbcfe51b861989860b1103b492b54c14c8516d71574938533c2ca8332df,293.7794807269281,0.006123399917217248,0.006123399917217248,288.1250379112579,295.85796208874206,0.019624961637008997
47,10,0.975,8000,391.88775,129.13503158316587,1.4437735444827058,"[390.53,378.645,398.98,412.67,405.55,382.76,393.245,395.935,372.05,400.25,387.03,378.665,381.19,395.025,383.475,393.775,385.29,382.935,400.6,402.35,395.86,394.46,389.61,393.765,395.605,396.385,383.475,397.905,380.02,389.7,397.2,388.105,392.14,396.4,386.715,411.275,389.765,392.215,387.08,396.88]",boundary-v1-9e4cfdbcfe51,fc6ed5692c5e33a9fffe770a3a11e12d0b94dbf5a1eec4c0ae7c81aee87c07d7,7bd17439943bee509526fbdfe1d93ff9932f73ad9df6491b8f1f8ec4403671a0,9e4cfdbcfe51b861989860b1103b492b54c14c8516d71574938533c2ca8332df,391.88736410804046,-9.847002350151096e-07,9.847002350151096e-07,386.3637796958862,397.41172030411377,0.01429633082195747
47,10,1.025,8000,394.515375,129.87225113091364,1.4520159095982341,"[387.495,406.51,395.96,396.17,384.985,386.84,396.415,391.515,397.535,373.945,391.635,394.515,396.105,388.14,402.42,387.415,393.98,407.53,394.465,379.955,398.7,409.65,399.62,405.08,400.945,404.635,383.5,392.41,396.055,386.955,384.22,381.705,395.595,398.88,391.105,404.23,405.955,404.07,387.2,396.575]",boundary-v1-9e4cfdbcfe51,fc6ed5692c5e33a9fffe770a3a11e12d0b94dbf5a1eec4c0ae7c81aee87c07d7,7bd17439943bee509526fbdfe1d93ff9932f73ad9df6491b8f1f8ec4403671a0,9e4cfdbcfe51b861989860b1103b492b54c14c8516d71574938533c2ca8332df,394.2793676174858,-0.0005982210009286224,0.0005982210009286224,388.9598688776079,400.0708811223921,0.014476218535721341
47,10,1.9,8000,371.405875,117.06739720101538,1.308853290452195,"[366.19,375.45,358.71,381.51,388.945,368.8,383.755,378.48,366.58,363.675,374.66,380.325,373.65,370.945,368.055,372.47,371.51,369.615,363.8,376.555,366.23,362.79,370.68,383.155,392.415,375.425,368.26,356.525,378.485,370.21,375.885,367.2,360.055,374.56,357.73,370.575,356.495,371.465,378.13,366.285]",boundary-v1-9e4cfdbcfe51,fc6ed5692c5e33a9fffe770a3a11e12d0b94dbf5a1eec4c0ae7c81aee87c07d7,7bd17439943bee509526fbdfe1d93ff9932f73ad9df6491b8f1f8ec4403671a0,9e4cfdbcfe51b861989860b1103b492b54c14c8516d71574938533c2ca8332df,373.429077345738,0.0054474161070769645,0.0054474161070769645,366.39811825273944,376.4136317472605,0.01918939738699388
47,128,0.3,8000,4300.223625,451.96749628050816,5.053150226517998,"[4296.16,4238.585,4257.595,4308.79,4291.455,4347.98,4318.885,4316.965,4332.545,4253.595,4371.35,4233.245,4345.21,4263.055,4286.33,4294.03,4281.9,4347.69,4301.09,4277.83,4266.175,4323.44,4280.26,4314.53,4274.21,4300.545,4332.715,4308.7,4282.68,4301.89,4324.09,4287.145,4319.67,4342.87,4232.275,4288.575,4327.62,4326.02,4338.06,4273.19]",boundary-v1-9e4cfdbcfe51,fc6ed5692c5e33a9fffe770a3a11e12d0b94dbf5a1eec4c0ae7c81aee87c07d7,7bd17439943bee509526fbdfe1d93ff9932f73ad9df6491b8f1f8ec4403671a0,9e4cfdbcfe51b861989860b1103b492b54c14c8516d71574938533c2ca8332df,4221.9974683190685,-0.018191183413381468,0.018191183413381468,4280.8899477067835,4319.557302293216,0.022585609391581274
47,128,0.975,8000,62206.126,19219.737537724115,214.88319822027773,"[60526.32,62167.93,62306.925,63087.505,60326.375,61407.815,63301.39,62576.505,62745.115,63188.825,62657.23,62901.485,62942.85,64132.99,61616.635,61357.13,61258.44,61475.095,61190.665,64235.16,63811.1,62426.345,61890.14,61332.115,61739.97,62390.865,60500.43,62907.98,61990.78,62159.71,63064.76,62587.575,62739.84,63895.875,59593.145,62373.07,63708.4,61481.74,60432.34,61816.475]",boundary-v1-9e4cfdbcfe51,fc6ed5692c5e33a9fffe770a3a11e12d0b94dbf5a1eec4c0ae7c81aee87c07d7,7bd17439943bee509526fbdfe1d93ff9932f73ad9df6491b8f1f8ec4403671a0,9e4cfdbcfe51b861989860b1103b492b54c14c8516d71574938533c2ca8332df,63985.61364795734,0.028606308773469404,0.028606308773469404,61383.969083246746,63028.28291675325,0.04238312711878134
47,128,1.025,8000,65142.102875,20326.69397051604,227.25934737954486,"[64963.075,64434.255,64063.18,63222.355,66186.125,66276.465,64545.88,66576.705,65343.32,64424.755,64010.855,64431.825,65837.86,65547.045,65569.035,65480.97,63798.76,68338.915,66856.615,63745.24,66461.74,64920.895,63730.055,65253.83,65202.84,63423.77,65883.305,66705.695,66924.605,63932.12,65085.715,64903.79,66327.125,63043.77,64618.915,65584.275,65033.74,64958.445,65238.29,64797.96]",boundary-v1-9e4cfdbcfe51,fc6ed5692c5e33a9fffe770a3a11e12d0b94dbf5a1eec4c0ae7c81aee87c07d7,7bd17439943bee509526fbdfe1d93ff9932f73ad9df6491b8f1f8ec4403671a0,9e4cfdbcfe51b861989860b1103b492b54c14c8516d71574938533c2ca8332df,64691.12347952021,-0.00692300947584026,0.00692300947584026,64272.594016734634,66011.61173326535,0.020003878394620478
47,128,1.9,8000,38537.20275,7982.942955024189,89.25201553968566,"[38718.89,38512.565,37394.655,38668.725,38310.065,39090.835,38283.67,39537.065,38599.295,38512.95,38164.245,38742.525,38976.18,38666.86,39055.485,38159.505,38136.23,39160.835,39085.57,38899.325,38417.985,38539.875,38762.96,37884.025,39324.0,38855.735,38096.47,38802.695,38391.71,38544.52,38282.175,37799.1,38235.495,38084.185,38512.35,38891.215,38210.56,38476.48,38160.475,38540.625]",boundary-v1-9e4cfdbcfe51,fc6ed5692c5e33a9fffe770a3a11e12d0b94dbf5a1eec4c0ae7c81aee87c07d7,7bd17439943bee509526fbdfe1d93ff9932f73ad9df6491b8f1f8ec4403671a0,9e4cfdbcfe51b861989860b1103b492b54c14c8516d71574938533c2ca8332df,39051.12529487307,0.013335751123583359,0.013335751123583359,38195.718806546676,38878.68669345332,0.0223953499254419
48,10,0.3,8000,298.87075,93.08942608907684,1.040771423608091,"[279.225,284.95,293.59,300.145,304.37,296.36,315.835,292.36,307.51,304.2,303.21,286.91,297.9,298.185,297.855,303.025,298.005,304.705,297.56,293.695,300.53,306.555,300.925,296.945,296.045,308.49,303.445,301.65,287.215,290.805,287.465,303.135,304.725,301.285,307.82,307.39,286.215,304.29,299.31,300.995]",boundary-v1-9e4cfdbcfe51,fc6ed5692c5e33a9fffe770a3a11e12d0b94dbf5a1eec4c0ae7c81aee87c07d7,7bd17439943bee509526fbdfe1d93ff9932f73ad9df6491b8f1f8ec4403671a0,9e4cfdbcfe51b861989860b1103b492b54c14c8516d71574938533c2ca8332df,299.2580317784569,0.0012958169324261246,0.0012958169324261246,294.88869169220544,302.85280830779453,0.014816912989026987
48,10,0.975,8000,399.948375,131.30566193796253,1.468041929619455,"[392.565,392.0,399.575,413.145,380.21,394.095,407.5,401.305,413.1,394.595,394.71,397.715,400.545,397.46,403.8,407.07,397.395,383.1,396.155,406.605,387.225,412.715,419.94,391.995,399.85,395.465,413.635,400.265,389.85,400.57,406.765,405.975,391.74,391.715,391.84,406.97,413.59,405.8,396.915,402.47]",boundary-v1-9e4cfdbcfe51,fc6ed5692c5e33a9fffe770a3a11e12d0b94dbf5a1eec4c0ae7c81aee87c07d7,7bd17439943bee509526fbdfe1d93ff9932f73ad9df6491b8f1f8ec4403671a0,9e4cfdbcfe51b861989860b1103b492b54c14c8516d71574938533c2ca8332df,397.37741946049135,-0.006428218490720572,0.006428218490720572,394.33155229577363,405.56519770422636,0.02018856225850585
48,10,1.025,8000,399.68175,131.04146652942066,1.46508813515524,"[393.975,400.845,405.37,390.075,395.13,396.805,412.31,399.65,398.69,394.66,372.095,386.505,399.9,406.85,429.065,380.525,402.67,376.555,390.37,404.65,395.22,414.415,409.01,392.57,411.185,396.67,401.955,413.315,410.865,394.445,396.39,406.84,380.175,414.01,403.5,401.745,414.235,396.575,401.16,396.295]",boundary-v1-9e4cfdbcfe51,fc6ed5692c5e33a9fffe770a3a11e12d0b94dbf5a1eec4c0ae7c81aee87c07d7,7bd17439943bee509526fbdfe1d93ff9932f73ad9df6491b8f1f8ec4403671a0,9e4cfdbcfe51b861989860b1103b492b54c14c8516d71574938533c2ca8332df,399.8139065377669,0.000330654421341202,0.000330654421341202,394.0762287030942,405.2872712969058,0.014559817154045085
48,10,1.9,8000,376.4685,118.0712226135191,1.3200763997516953,"[364.365,374.945,377.09,366.715,366.945,364.06,375.85,376.59,378.625,376.015,391.705,388.57,374.2,371.53,376.825,389.335,376.445,377.675,383.915,364.13,371.59,384.455,379.95,373.145,379.92,379.92,386.045,366.625,383.025,369.035,378.57,373.94,380.885,370.19,375.83,383.21,369.815,375.87,370.17,391.02]",boundary-v1-9e4cfdbcfe51,fc6ed5692c5e33a9fffe770a3a11e12d0b94dbf5a1eec4c0ae7c81aee87c07d7,7bd17439943bee509526fbdfe1d93ff9932f73ad9df6491b8f1f8ec4403671a0,9e4cfdbcfe51b861989860b1103b492b54c14c8516d71574938533c2ca8332df,379.228985853665,0.00733258122170909,0.00733258122170909,371.41780291578203,381.519197084218,0.02103071763540143
48,128,0.3,8000,4388.4215,463.3527987017647,5.1804417773096105,"[4415.465,4392.725,4363.87,4406.08,4356.735,4412.005,4357.565,4397.495,4365.445,4370.805,4392.755,4380.39,4396.265,4405.82,4373.225,4431.03,4363.715,4357.39,4398.885,4341.25,4376.385,4397.595,4394.44,4334.11,4402.925,4392.71,4418.725,4357.92,4399.52,4390.78,4376.675,4393.82,4380.16,4381.265,4442.915,4368.33,4429.475,4368.23,4392.235,4459.73]",boundary-v1-9e4cfdbcfe51,fc6ed5692c5e33a9fffe770a3a11e12d0b94dbf5a1eec4c0ae7c81aee87c07d7,7bd17439943bee509526fbdfe1d93ff9932f73ad9df6491b8f1f8ec4403671a0,9e4cfdbcfe51b861989860b1103b492b54c14c8516d71574938533c2ca8332df,4310.669433692544,-0.017717547484319023,0.017717547484319023,4368.600797058459,4408.242202941542,0.022134167034626562
48,128,0.975,8000,63291.338875,19836.248911705803,221.776004925902,"[63873.765,63220.105,62492.175,64871.76,64615.425,62293.48,63244.16,62210.37,63209.275,63046.28,61869.625,62818.885,63578.625,63246.245,63085.295,63009.325,64141.04,66827.94,62459.22,63039.985,64185.61,63678.21,67069.05,62824.9,63519.585,62791.96,63350.08,60665.77,63881.28,64384.79,60846.105,65565.735,63003.025,65544.195,61002.83,63395.35,62307.32,63750.025,60926.335,61808.42]",boundary-v1-9e4cfdbcfe51,fc6ed5692c5e33a9fffe770a3a11e12d0b94dbf5a1eec4c0ae7c81aee87c07d7,7bd17439943bee509526fbdfe1d93ff9932f73ad9df6491b8f1f8ec4403671a0,9e4cfdbcfe51b861989860b1103b492b54c14c8516d71574938533c2ca8332df,65003.278395889036,0.02704855911280538,0.02704855911280538,62442.80963711691,64139.868112883094,0.041005021613411685
48,128,1.025,8000,65925.274,20682.186543574204,231.23387517381667,"[65662.45,66544.85,67392.885,64939.64,67860.225,65279.92,64971.365,64042.81,64706.205,65383.61,66950.055,64316.0,64748.11,66676.055,67025.23,65035.075,65877.56,64662.75,65266.13,66317.85,66814.545,65204.965,66696.665,67212.65,67006.235,63878.24,66046.975,63743.105,66166.655,65761.15,65044.845,65796.9,65878.775,67356.95,66564.43,65251.32,67692.7,66591.38,66596.33,68047.37]",boundary-v1-9e4cfdbcfe51,fc6ed5692c5e33a9fffe770a3a11e12d0b94dbf5a1eec4c0ae7c81aee87c07d7,7bd17439943bee509526fbdfe1d93ff9932f73ad9df6491b8f1f8ec4403671a0,9e4cfdbcfe51b861989860b1103b492b54c14c8516d71574938533c2ca8332df,65648.18305604275,-0.004203106443778405,0.004203106443778405,65040.558343139164,66809.98965686085,0.017389713825510134
48,128,1.9,8000,39518.0525,8118.839666906587,90.77138696812439,"[40219.55,40180.055,39994.925,39272.395,40380.61,38565.645,39305.585,39551.63,38470.56,39926.065,39807.92,39810.875,39087.68,38482.745,40020.285,39915.625,39363.33,38590.175,40180.065,39698.63,39291.14,40256.39,40132.635,39161.5,38979.21,39373.28,39629.4,39608.59,39375.67,39382.255,39107.115,39256.06,39318.85,39489.05,39568.69,39082.495,40498.54,40066.245,38737.975,39582.66]",boundary-v1-9e4cfdbcfe51,fc6ed5692c5e33a9fffe770a3a11e12d0b94dbf5a1eec4c0ae7c81aee87c07d7,7bd17439943bee509526fbdfe1d93ff9932f73ad9df6491b8f1f8ec4403671a0,9e4cfdbcfe51b861989860b1103b492b54c14c8516d71574938533c2ca8332df,40055.610707231375,0.013602851689904945,0.013602851689904945,39170.75534388346,39865.34965611654,0.022589693652310228
49,10,0.3,8000,302.748,94.65668614540128,1.058293923729899,"[308.835,301.315,304.445,303.955,294.81,303.745,296.17,296.12,308.59,310.2,294.055,301.57,298.71,298.2,291.855,311.945,298.975,300.445,305.75,309.58,302.26,304.755,302.835,299.97,299.42,305.655,307.13,300.745,299.145,312.38,305.85,302.47,300.19,304.345,303.28,291.775,297.57,307.885,316.94,306.05]",boundary-v1-9e4cfdbcfe51,fc6ed5692c5e33a9fffe770a3a11e12d0b94dbf5a1eec4c0ae7c81aee87c07d7,7bd17439943bee509526fbdfe1d93ff9932f73ad9df6491b8f1f8ec4403671a0,9e4cfdbcfe51b861989860b1103b492b54c14c8516d71574938533c2ca8332df,304.7092238293207,0.006478073610133562,0.006478073610133562,298.6988994813985,306.7971005186015,0.02012168226383615
49,10,0.975,8000,402.693875,131.93435298159255,1.4750709091714649,"[406.57,401.575,385.29,399.67,415.21,393.155,397.375,406.675,395.48,403.09,391.345,372.81,391.91,390.31,395.475,414.27,395.185,395.345,415.725,414.26,412.19,410.695,407.065,395.195,418.645,419.77,397.56,407.58,406.935,409.085,417.99,397.2,391.01,400.185,413.735,424.295,400.745,421.61,387.39,388.15]",boundary-v1-9e4cfdbcfe51,fc6ed5692c5e33a9fffe770a3a11e12d0b94dbf5a1eec4c0ae7c81aee87c07d7,7bd17439943bee509526fbdfe1d93ff9932f73ad9df6491b8f1f8ec4403671a0,9e4cfdbcfe51b861989860b1103b492b54c14c8516d71574938533c2ca8332df,402.81878149697394,0.0003101772952815567,0.0003101772952815567,397.05015896858816,408.3375910314118,0.014528699707288428
49,10,1.025,8000,404.631375,132.72880003000122,1.4839530971952943,"[401.04,407.215,404.715,392.7,404.705,402.475,401.425,401.88,402.63,394.65,414.635,394.535,407.095,399.345,408.065,398.165,406.625,389.535,410.805,415.565,392.32,421.74,407.455,397.645,417.485,403.03,407.455,402.61,405.135,412.03,399.835,400.685,398.445,417.685,390.32,407.155,408.355,406.565,417.935,413.565]",boundary-v1-9e4cfdbcfe51,fc6ed5692c5e33a9fffe770a3a11e12d0b94dbf5a1eec4c0ae7c81aee87c07d7,7bd17439943bee509526fbdfe1d93ff9932f73ad9df6491b8f1f8ec4403671a0,9e4cfdbcfe51b861989860b1103b492b54c14c8516d71574938533c2ca8332df,405.29903099968345,0.0016500351701186327,0.0016500351701186327,398.95367514677156,410.3090748532284,0.01590499410884605
49,10,1.9,8000,380.841125,119.312548875943,1.3339548492768731,"[367.73,387.49,367.865,382.02,391.215,377.42,374.05,382.765,380.565,379.995,377.905,373.86,379.585,393.795,382.805,381.09,393.03,389.595,381.66,381.025,388.425,366.025,375.575,381.66,387.145,388.155,371.69,379.895,388.645,384.04,383.4,385.715,372.96,383.86,366.945,377.445,384.44,374.35,369.05,398.76]",boundary-v1-9e4cfdbcfe51,fc6ed5692c5e33a9fffe770a3a11e12d0b94dbf5a1eec4c0ae7c81aee87c07d7,7bd17439943bee509526fbdfe1d93ff9932f73ad9df6491b8f1f8ec4403671a0,9e4cfdbcfe51b861989860b1103b492b54c14c8516d71574938533c2ca8332df,384.97377536712577,0.010851376324250149,0.010851376324250149,375.73732807658826,385.9449219234117,0.02458219239972559
49,128,0.3,8000,4482.331375,471.89184094907137,5.275911171948212,"[4495.09,4429.355,4503.125,4477.355,4473.32,4423.565,4476.75,4525.635,4495.975,4364.78,4547.26,4500.79,4524.095,4437.96,4468.21,4479.725,4486.065,4527.02,4503.505,4488.875,4485.5,4443.93,4484.97,4499.865,4499.375,4486.225,4446.105,4558.385,4489.84,4508.655,4520.52,4430.41,4439.815,4485.845,4482.77,4462.25,4499.985,4513.2,4473.105,4454.05]",boundary-v1-9e4cfdbcfe51,fc6ed5692c5e33a9fffe770a3a11e12d0b94dbf5a1eec4c0ae7c81aee87c07d7,7bd17439943bee509526fbdfe1d93ff9932f73ad9df6491b8f1f8ec4403671a0,9e4cfdbcfe51b861989860b1103b492b54c14c8516d71574938533c2ca8332df,4399.328282646504,-0.01851783935842895,0.01851783935842895,4462.145400023275,4502.517349976724,0.022918083220879515
49,128,0.975,8000,64753.58575,20181.614715439948,225.63731199716898,"[63173.925,63023.665,64565.705,66884.135,64087.545,63083.09,65253.885,63199.705,64446.16,66266.855,66361.325,62695.255,64517.295,62837.145,63062.58,62278.955,62179.525,63809.265,64618.855,66826.735,66992.845,65334.15,68181.81,67931.19,64925.465,64351.165,64895.375,65059.77,66648.985,64840.565,66691.55,64844.88,64023.97,65528.445,64096.24,64134.755,63960.255,64001.705,65535.14,64993.565]",boundary-v1-9e4cfdbcfe51,fc6ed5692c5e33a9fffe770a3a11e12d0b94dbf5a1eec4c0ae7c81aee87c07d7,7bd17439943bee509526fbdfe1d93ff9932f73ad9df6491b8f1f8ec4403671a0,9e4cfdbcfe51b861989860b1103b492b54c14c8516d71574938533c2ca8332df,66012.93379901089,0.019448313702239914,0.019448313702239914,63890.282903278974,65616.88859672102,0.0332233760640146
49,128,1.025,8000,66853.714875,20670.288048236733,231.10084595179393,"[66962.88,67317.72,66338.97,64119.35,67851.285,67436.35,65414.185,65651.965,66422.59,65489.225,68358.08,66848.72,66067.135,66786.885,66754.02,68811.625,69792.205,66721.835,67669.87,65912.58,68325.835,67335.36,66437.14,66837.725,67790.13,66988.91,66794.93,67594.755,66062.97,65040.39,69453.92,66657.56,65720.105,66412.385,68185.95,65011.54,65331.37,68041.645,66093.595,67304.905]",boundary-v1-9e4cfdbcfe51,fc6ed5692c5e33a9fffe770a3a11e12d0b94dbf5a1eec4c0ae7c81aee87c07d7,7bd17439943bee509526fbdfe1d93ff9932f73ad9df6491b8f1f8ec4403671a0,9e4cfdbcfe51b861989860b1103b492b54c14c8516d71574938533c2ca8332df,66596.71054698828,-0.003844278937860957,0.003844278937860957,65969.5081964861,67737.92155351391,0.01684744645765457
49,128,1.9,8000,40381.723125,8351.179063517564,93.36902039149153,"[39808.3,40746.195,41252.23,41605.365,40707.1,40838.11,40285.745,40133.8,39619.29,41325.485,40066.405,40395.295,40710.385,40097.59,40855.35,39330.68,40667.105,40631.77,41011.205,39633.86,39794.975,39697.945,40614.8,40291.59,40413.045,40313.575,41008.94,40947.585,40379.635,39731.08,39575.535,40258.995,40144.495,40219.395,39557.735,40953.075,41067.63,40062.51,40461.425,40053.695]",boundary-v1-9e4cfdbcfe51,fc6ed5692c5e33a9fffe770a3a11e12d0b94dbf5a1eec4c0ae7c81aee87c07d7,7bd17439943bee509526fbdfe1d93ff9932f73ad9df6491b8f1f8ec4403671a0,9e4cfdbcfe51b861989860b1103b492b54c14c8516d71574938533c2ca8332df,41057.68010686967,0.01673918123249171,0.01673918123249171,40024.487256578825,40738.95899342117,0.0258140183949771
50,10,0.3,8000,309.635375,95.09289540209546,1.0631708914818132,"[314.125,303.775,315.78,314.275,310.035,304.85,310.525,306.305,312.255,308.915,314.345,312.37,300.15,297.42,300.305,305.05,330.275,307.375,305.375,314.06,296.7,307.05,315.3,304.61,310.545,320.49,308.59,321.925,315.345,310.205,308.835,310.4,304.17,313.29,303.85,310.505,313.055,311.355,300.415,311.215]",boundary-v1-9e4cfdbcfe51,fc6ed5692c5e33a9fffe770a3a11e12d0b94dbf5a1eec4c0ae7c81aee87c07d7,7bd17439943bee509526fbdfe1d93ff9932f73ad9df6491b8f1f8ec4403671a0,9e4cfdbcfe51b861989860b1103b492b54c14c8516d71574938533c2ca8332df,310.1329236420833,0.0016068856540803911,0.0016068856540803911,305.567614889568,313.703135110432,0.014940420810514166
50,10,0.975,8000,411.402125,133.50145598579874,1.4925916533972108,"[404.46,429.945,404.905,395.25,407.085,415.0,415.64,416.375,404.35,412.205,416.085,411.44,410.31,418.205,413.685,431.715,407.515,415.455,408.445,407.405,410.98,406.69,419.13,404.11,412.44,412.455,426.67,406.265,414.505,396.67,411.75,409.08,413.98,428.265,395.915,392.7,410.38,413.235,415.705,409.685]",boundary-v1-9e4cfdbcfe51,fc6ed5692c5e33a9fffe770a3a11e12d0b94dbf5a1eec4c0ae7c81aee87c07d7,7bd17439943bee509526fbdfe1d93ff9932f73ad9df6491b8f1f8ec4403671a0,9e4cfdbcfe51b861989860b1103b492b54c14c8516d71574938533c2ca8332df,408.21151101062355,-0.007755463074908665,0.007755463074908665,405.69137347595233,417.1128765240477,0.021340423694426347
50,10,1.025,8000,411.895625,137.54596992492984,1.5378106939164238,"[422.135,420.145,426.815,408.235,410.76,406.705,428.5,416.925,399.04,402.92,411.465,424.295,397.115,412.54,404.655,418.0,415.285,425.755,414.11,401.555,428.07,405.805,409.79,411.245,397.7,419.99,429.625,403.78,419.075,410.535,407.975,413.76,376.57,401.96,406.625,414.035,419.01,427.03,397.975,408.315]",boundary-v1-9e4cfdbcfe51,fc6ed5692c5e33a9fffe770a3a11e12d0b94dbf5a1eec4c0ae7c81aee87c07d7,7bd17439943bee509526fbdfe1d93ff9932f73ad9df6491b8f1f8ec4403671a0,9e4cfdbcfe51b861989860b1103b492b54c14c8516d71574938533c2ca8332df,410.7348114350287,-0.0028182226139724263,0.0028182226139724263,406.01186252284043,417.77938747715956,0.016861952152955384
50,10,1.9,8000,389.85925,120.3983457512808,1.3460944273919342,"[405.975,380.205,400.05,380.865,402.465,386.03,387.885,389.165,394.695,396.82,374.225,393.32,384.495,387.48,388.92,378.99,397.145,396.615,396.755,384.465,383.395,400.905,376.4,385.185,380.24,402.58,392.335,401.445,371.955,399.895,379.83,388.655,385.91,388.165,394.04,398.65,394.74,388.85,383.565,391.065]",boundary-v1-9e4cfdbcfe51,fc6ed5692c5e33a9fffe770a3a11e12d0b94dbf5a1eec4c0ae7c81aee87c07d7,7bd17439943bee509526fbdfe1d93ff9932f73ad9df6491b8f1f8ec4403671a0,9e4cfdbcfe51b861989860b1103b492b54c14c8516d71574938533c2ca8332df,390.6637992171359,0.002063691491572664,0.002063691491572664,384.7090062710845,395.00949372891546,0.01547869389326273
50,128,0.3,8000,4574.8515,480.98779179385815,5.377606993992911,"[4534.62,4576.08,4539.505,4593.355,4587.02,4550.525,4558.7,4565.395,4627.62,4576.47,4600.61,4613.83,4577.375,4594.6,4611.235,4584.645,4597.945,4603.445,4552.98,4531.64,4617.32,4604.73,4546.205,4570.605,4585.88,4512.165,4529.25,4596.245,4549.265,4548.665,4506.5,4563.605,4612.22,4553.775,4575.185,4571.405,4609.05,4581.41,4613.13,4569.855]",boundary-v1-9e4cfdbcfe51,fc6ed5692c5e33a9fffe770a3a11e12d0b94dbf5a1eec4c0ae7c81aee87c07d7,7bd17439943bee509526fbdfe1d93ff9932f73ad9df6491b8f1f8ec4403671a0,9e4cfdbcfe51b861989860b1103b492b54c14c8516d71574938533c2ca8332df,4487.9750296940765,-0.01899000881360264,0.01899000881360264,4554.27643027696,4595.426569723039,0.023382277662079787
50,128,0.975,8000,65273.814625,19908.192321408776,222.58035669904683,"[63734.075,64707.275,64898.6,63513.045,65593.705,65378.515,62377.67,64899.5,63403.94,67788.19,64922.615,64577.595,66030.165,65581.985,65954.615,64296.865,62637.895,65977.415,64918.015,63800.275,64895.545,67103.355,63806.6,67104.775,65831.98,65993.105,62845.86,64934.725,65751.465,63983.84,67266.295,69474.15,65434.22,66137.41,64164.795,66671.54,66090.835,64552.75,68440.29,65477.095]",boundary-v1-9e4cfdbcfe51,fc6ed5692c5e33a9fffe770a3a11e12d0b94dbf5a1eec4c0ae7c81aee87c07d7,7bd17439943bee509526fbdfe1d93ff9932f73ad9df6491b8f1f8ec4403671a0,9e4cfdbcfe51b861989860b1103b492b54c14c8516d71574938533c2ca8332df,67014.59746630525,0.02666893073901223,0.02666893073901223,64422.20788557528,66125.42136442472,0.040240619901362074
50,128,1.025,8000,68171.90375,21002.684645582245,234.81715288756487,"[66962.02,66502.12,67142.025,65650.74,68946.27,67894.85,70543.08,66266.13,68191.93,67690.28,67802.07,67932.68,69872.81,69638.31,67286.245,65917.35,67245.465,69339.37,66640.28,68067.0,67334.655,68356.175,68435.63,67938.815,68574.7,67865.405,70162.135,70621.135,68767.635,66807.36,69145.37,68729.175,66685.995,69100.125,67568.03,68095.405,68224.28,71491.9,69558.9,67882.3]",boundary-v1-9e4cfdbcfe51,fc6ed5692c5e33a9fffe770a3a11e12d0b94dbf5a1eec4c0ae7c81aee87c07d7,7bd17439943bee509526fbdfe1d93ff9932f73ad9df6491b8f1f8ec4403671a0,9e4cfdbcfe51b861989860b1103b492b54c14c8516d71574938533c2ca8332df,67536.73960678205,-0.009317095581593552,0.009317095581593552,67273.47824247886,69070.32925752114,0.022203305923463423
50,128,1.9,8000,41457.3205,8567.75587783216,95.79042278728046,"[41493.7,42192.23,41329.5,40893.215,41288.425,41391.235,40842.32,43459.76,41625.585,41754.15,41957.64,41276.625,41925.965,41013.715,41889.005,42025.905,41785.05,40670.54,41133.2,41511.22,40544.495,41618.41,41704.285,39995.98,40607.775,41429.165,41062.02,41328.765,42623.33,40476.11,41415.365,41884.27,41057.015,41162.1,42235.725,41144.11,42233.745,41299.305,41735.415,41276.45]",boundary-v1-9e4cfdbcfe51,fc6ed5692c5e33a9fffe770a3a11e12d0b94dbf5a1eec4c0ae7c81aee87c07d7,7bd17439943bee509526fbdfe1d93ff9932f73ad9df6491b8f1f8ec4403671a0,9e4cfdbcfe51b861989860b1103b492b54c14c8516d71574938533c2ca8332df,42057.08490004454,0.014467032427832285,0.014467032427832285,41090.82019050373,41823.820809496276,0.02351534247944076
