experiment_id,stage,regime,alpha,scale,seed,block,block_size,mean_tau,normalized_mean
network-phase-closure-20260728,primary,zero,,25,202607280025,0,200,595.835,0.9533360000000001
network-phase-closure-20260728,primary,zero,,25,202607280025,1,200,618.375,0.9894
network-phase-closure-20260728,primary,zero,,25,202607280025,2,200,617.35,0.9877600000000001
network-phase-closure-20260728,primary,zero,,25,202607280025,3,200,632.935,1.0126959999999998
network-phase-closure-20260728,primary,zero,,25,202607280025,4,200,633.125,1.013
network-phase-closure-20260728,primary,zero,,25,202607280025,5,200,595.09,0.9521440000000001
network-phase-closure-20260728,primary,zero,,25,202607280025,6,200,606.99,0.971184
network-phase-closure-20260728,primary,zero,,25,202607280025,7,200,583.745,0.933992
network-phase-closure-20260728,primary,zero,,25,202607280025,8,200,589.015,0.9424239999999999
network-phase-closure-20260728,primary,zero,,25,202607280025,9,200,613.885,0.982216
network-phase-closure-20260728,primary,zero,,25,202607280025,10,200,599.02,0.958432
network-phase-closure-20260728,primary,zero,,25,202607280025,11,200,587.095,0.9393520000000001
network-phase-closure-20260728,primary,zero,,25,202607280025,12,200,632.595,1.012152
network-phase-closure-20260728,primary,zero,,25,202607280025,13,200,605.28,0.968448
network-phase-closure-20260728,primary,zero,,25,202607280025,14,200,595.01,0.952016
network-phase-closure-20260728,primary,zero,,25,202607280025,15,200,599.345,0.958952
network-phase-closure-20260728,primary,zero,,25,202607280025,16,200,587.95,0.9407200000000001
network-phase-closure-20260728,primary,zero,,25,202607280025,17,200,545.335,0.8725360000000001
network-phase-closure-20260728,primary,zero,,25,202607280025,18,200,633.565,1.0137040000000002
network-phase-closure-20260728,primary,zero,,25,202607280025,19,200,594.46,0.9511360000000001
network-phase-closure-20260728,primary,zero,,25,202607280025,20,200,582.83,0.932528
network-phase-closure-20260728,primary,zero,,25,202607280025,21,200,595.335,0.952536
network-phase-closure-20260728,primary,zero,,25,202607280025,22,200,646.07,1.0337120000000002
network-phase-closure-20260728,primary,zero,,25,202607280025,23,200,583.43,0.9334879999999999
network-phase-closure-20260728,primary,zero,,25,202607280025,24,200,600.305,0.9604879999999999
network-phase-closure-20260728,primary,zero,,25,202607280025,25,200,621.03,0.993648
network-phase-closure-20260728,primary,zero,,25,202607280025,26,200,565.24,0.904384
network-phase-closure-20260728,primary,zero,,25,202607280025,27,200,575.62,0.920992
network-phase-closure-20260728,primary,zero,,25,202607280025,28,200,608.305,0.9732879999999999
network-phase-closure-20260728,primary,zero,,25,202607280025,29,200,597.73,0.956368
network-phase-closure-20260728,primary,zero,,25,202607280025,30,200,572.77,0.916432
network-phase-closure-20260728,primary,zero,,25,202607280025,31,200,577.105,0.9233680000000001
network-phase-closure-20260728,primary,zero,,25,202607280025,32,200,616.915,0.9870639999999999
network-phase-closure-20260728,primary,zero,,25,202607280025,33,200,627.735,1.004376
network-phase-closure-20260728,primary,zero,,25,202607280025,34,200,590.405,0.9446479999999999
network-phase-closure-20260728,primary,zero,,25,202607280025,35,200,598.555,0.9576879999999999
network-phase-closure-20260728,primary,zero,,25,202607280025,36,200,569.12,0.910592
network-phase-closure-20260728,primary,zero,,25,202607280025,37,200,608.67,0.973872
network-phase-closure-20260728,primary,zero,,25,202607280025,38,200,607.4,0.9718399999999999
network-phase-closure-20260728,primary,zero,,25,202607280025,39,200,590.655,0.945048
network-phase-closure-20260728,primary,zero,,50,202607280050,0,200,2352.43,0.9409719999999999
network-phase-closure-20260728,primary,zero,,50,202607280050,1,200,2269.26,0.9077040000000001
network-phase-closure-20260728,primary,zero,,50,202607280050,2,200,2724.09,1.089636
network-phase-closure-20260728,primary,zero,,50,202607280050,3,200,2341.58,0.936632
network-phase-closure-20260728,primary,zero,,50,202607280050,4,200,2486.715,0.9946860000000001
network-phase-closure-20260728,primary,zero,,50,202607280050,5,200,2322.15,0.92886
network-phase-closure-20260728,primary,zero,,50,202607280050,6,200,2351.715,0.940686
network-phase-closure-20260728,primary,zero,,50,202607280050,7,200,2473.03,0.9892120000000001
network-phase-closure-20260728,primary,zero,,50,202607280050,8,200,2319.665,0.927866
network-phase-closure-20260728,primary,zero,,50,202607280050,9,200,2566.85,1.02674
network-phase-closure-20260728,primary,zero,,50,202607280050,10,200,2374.125,0.94965
network-phase-closure-20260728,primary,zero,,50,202607280050,11,200,2362.15,0.94486
network-phase-closure-20260728,primary,zero,,50,202607280050,12,200,2500.21,1.000084
network-phase-closure-20260728,primary,zero,,50,202607280050,13,200,2442.345,0.976938
network-phase-closure-20260728,primary,zero,,50,202607280050,14,200,2222.65,0.8890600000000001
network-phase-closure-20260728,primary,zero,,50,202607280050,15,200,2333.635,0.9334540000000001
network-phase-closure-20260728,primary,zero,,50,202607280050,16,200,2507.22,1.002888
network-phase-closure-20260728,primary,zero,,50,202607280050,17,200,2343.615,0.9374459999999999
network-phase-closure-20260728,primary,zero,,50,202607280050,18,200,2255.02,0.902008
network-phase-closure-20260728,primary,zero,,50,202607280050,19,200,2722.375,1.08895
network-phase-closure-20260728,primary,zero,,50,202607280050,20,200,2282.02,0.912808
network-phase-closure-20260728,primary,zero,,50,202607280050,21,200,2223.725,0.88949
network-phase-closure-20260728,primary,zero,,50,202607280050,22,200,2424.665,0.969866
network-phase-closure-20260728,primary,zero,,50,202607280050,23,200,2424.965,0.969986
network-phase-closure-20260728,primary,zero,,50,202607280050,24,200,2501.12,1.000448
network-phase-closure-20260728,primary,zero,,50,202607280050,25,200,2525.735,1.010294
network-phase-closure-20260728,primary,zero,,50,202607280050,26,200,2380.855,0.952342
network-phase-closure-20260728,primary,zero,,50,202607280050,27,200,2243.97,0.8975879999999999
network-phase-closure-20260728,primary,zero,,50,202607280050,28,200,2616.21,1.046484
network-phase-closure-20260728,primary,zero,,50,202607280050,29,200,2302.665,0.9210659999999999
network-phase-closure-20260728,primary,zero,,50,202607280050,30,200,2327.13,0.930852
network-phase-closure-20260728,primary,zero,,50,202607280050,31,200,2453.815,0.981526
network-phase-closure-20260728,primary,zero,,50,202607280050,32,200,2545.86,1.0183440000000001
network-phase-closure-20260728,primary,zero,,50,202607280050,33,200,2470.59,0.988236
network-phase-closure-20260728,primary,zero,,50,202607280050,34,200,2436.68,0.974672
network-phase-closure-20260728,primary,zero,,50,202607280050,35,200,2523.17,1.009268
network-phase-closure-20260728,primary,zero,,50,202607280050,36,200,2331.475,0.9325899999999999
network-phase-closure-20260728,primary,zero,,50,202607280050,37,200,2388.83,0.9555319999999999
network-phase-closure-20260728,primary,zero,,50,202607280050,38,200,2170.255,0.868102
network-phase-closure-20260728,primary,zero,,50,202607280050,39,200,2465.11,0.986044
network-phase-closure-20260728,primary,zero,,100,202607280100,0,200,10425.845,1.0425845
network-phase-closure-20260728,primary,zero,,100,202607280100,1,200,9620.915,0.9620915000000001
network-phase-closure-20260728,primary,zero,,100,202607280100,2,200,10371.55,1.0371549999999998
network-phase-closure-20260728,primary,zero,,100,202607280100,3,200,9491.695,0.9491695
network-phase-closure-20260728,primary,zero,,100,202607280100,4,200,9392.265,0.9392265
network-phase-closure-20260728,primary,zero,,100,202607280100,5,200,9090.945,0.9090944999999999
network-phase-closure-20260728,primary,zero,,100,202607280100,6,200,9682.915,0.9682915000000001
network-phase-closure-20260728,primary,zero,,100,202607280100,7,200,9684.015,0.9684014999999999
network-phase-closure-20260728,primary,zero,,100,202607280100,8,200,9402.24,0.940224
network-phase-closure-20260728,primary,zero,,100,202607280100,9,200,9960.21,0.9960209999999999
network-phase-closure-20260728,primary,zero,,100,202607280100,10,200,9514.38,0.9514379999999999
network-phase-closure-20260728,primary,zero,,100,202607280100,11,200,10034.465,1.0034465
network-phase-closure-20260728,primary,zero,,100,202607280100,12,200,9671.21,0.9671209999999999
network-phase-closure-20260728,primary,zero,,100,202607280100,13,200,9341.325,0.9341325
network-phase-closure-20260728,primary,zero,,100,202607280100,14,200,9246.375,0.9246375
network-phase-closure-20260728,primary,zero,,100,202607280100,15,200,10016.57,1.001657
network-phase-closure-20260728,primary,zero,,100,202607280100,16,200,9439.37,0.943937
network-phase-closure-20260728,primary,zero,,100,202607280100,17,200,9753.355,0.9753354999999999
network-phase-closure-20260728,primary,zero,,100,202607280100,18,200,9028.675,0.9028674999999999
network-phase-closure-20260728,primary,zero,,100,202607280100,19,200,9006.91,0.900691
network-phase-closure-20260728,primary,zero,,100,202607280100,20,200,9596.79,0.9596790000000001
network-phase-closure-20260728,primary,zero,,100,202607280100,21,200,9167.55,0.9167549999999999
network-phase-closure-20260728,primary,zero,,100,202607280100,22,200,9262.355,0.9262355
network-phase-closure-20260728,primary,zero,,100,202607280100,23,200,9275.695,0.9275694999999999
network-phase-closure-20260728,primary,zero,,100,202607280100,24,200,9680.405,0.9680405000000001
network-phase-closure-20260728,primary,zero,,100,202607280100,25,200,9550.405,0.9550405000000001
network-phase-closure-20260728,primary,zero,,100,202607280100,26,200,9259.525,0.9259525
network-phase-closure-20260728,primary,zero,,100,202607280100,27,200,9342.665,0.9342665000000001
network-phase-closure-20260728,primary,zero,,100,202607280100,28,200,9801.14,0.9801139999999999
network-phase-closure-20260728,primary,zero,,100,202607280100,29,200,9282.965,0.9282965
network-phase-closure-20260728,primary,zero,,100,202607280100,30,200,8697.745,0.8697745000000001
network-phase-closure-20260728,primary,zero,,100,202607280100,31,200,9379.655,0.9379655000000001
network-phase-closure-20260728,primary,zero,,100,202607280100,32,200,9252.28,0.925228
network-phase-closure-20260728,primary,zero,,100,202607280100,33,200,9253.66,0.925366
network-phase-closure-20260728,primary,zero,,100,202607280100,34,200,9564.095,0.9564094999999999
network-phase-closure-20260728,primary,zero,,100,202607280100,35,200,9406.755,0.9406754999999999
network-phase-closure-20260728,primary,zero,,100,202607280100,36,200,9371.3,0.9371299999999999
network-phase-closure-20260728,primary,zero,,100,202607280100,37,200,9929.615,0.9929614999999999
network-phase-closure-20260728,primary,zero,,100,202607280100,38,200,9428.78,0.9428780000000001
network-phase-closure-20260728,primary,zero,,100,202607280100,39,200,9882.11,0.9882110000000001
network-phase-closure-20260728,primary,zero,,200,202607280200,0,200,40659.03,1.01647575
network-phase-closure-20260728,primary,zero,,200,202607280200,1,200,39704.865,0.992621625
network-phase-closure-20260728,primary,zero,,200,202607280200,2,200,39903.28,0.997582
network-phase-closure-20260728,primary,zero,,200,202607280200,3,200,37890.81,0.94727025
network-phase-closure-20260728,primary,zero,,200,202607280200,4,200,39655.375,0.991384375
network-phase-closure-20260728,primary,zero,,200,202607280200,5,200,38763.685,0.969092125
network-phase-closure-20260728,primary,zero,,200,202607280200,6,200,38327.815,0.9581953750000001
network-phase-closure-20260728,primary,zero,,200,202607280200,7,200,42299.425,1.057485625
network-phase-closure-20260728,primary,zero,,200,202607280200,8,200,38109.18,0.9527295
network-phase-closure-20260728,primary,zero,,200,202607280200,9,200,37173.26,0.9293315000000001
network-phase-closure-20260728,primary,zero,,200,202607280200,10,200,39402.645,0.9850661249999999
network-phase-closure-20260728,primary,zero,,200,202607280200,11,200,42329.185,1.0582296249999998
network-phase-closure-20260728,primary,zero,,200,202607280200,12,200,35312.845,0.882821125
network-phase-closure-20260728,primary,zero,,200,202607280200,13,200,42153.965,1.053849125
network-phase-closure-20260728,primary,zero,,200,202607280200,14,200,39751.885,0.9937971250000001
network-phase-closure-20260728,primary,zero,,200,202607280200,15,200,37708.975,0.942724375
network-phase-closure-20260728,primary,zero,,200,202607280200,16,200,39400.365,0.9850091249999999
network-phase-closure-20260728,primary,zero,,200,202607280200,17,200,40786.525,1.0196631250000001
network-phase-closure-20260728,primary,zero,,200,202607280200,18,200,39778.78,0.9944695
network-phase-closure-20260728,primary,zero,,200,202607280200,19,200,39317.135,0.9829283750000001
network-phase-closure-20260728,primary,zero,,200,202607280200,20,200,35806.105,0.895152625
network-phase-closure-20260728,primary,zero,,200,202607280200,21,200,39645.855,0.9911463750000001
network-phase-closure-20260728,primary,zero,,200,202607280200,22,200,39267.475,0.981686875
network-phase-closure-20260728,primary,zero,,200,202607280200,23,200,39855.545,0.9963886249999999
network-phase-closure-20260728,primary,zero,,200,202607280200,24,200,36631.23,0.91578075
network-phase-closure-20260728,primary,zero,,200,202607280200,25,200,41035.975,1.025899375
network-phase-closure-20260728,primary,zero,,200,202607280200,26,200,38144.76,0.9536190000000001
network-phase-closure-20260728,primary,zero,,200,202607280200,27,200,38626.88,0.965672
network-phase-closure-20260728,primary,zero,,200,202607280200,28,200,37423.87,0.9355967500000001
network-phase-closure-20260728,primary,zero,,200,202607280200,29,200,37214.97,0.9303742500000001
network-phase-closure-20260728,primary,zero,,200,202607280200,30,200,39519.525,0.987988125
network-phase-closure-20260728,primary,zero,,200,202607280200,31,200,37605.01,0.94012525
network-phase-closure-20260728,primary,zero,,200,202607280200,32,200,38858.34,0.9714584999999999
network-phase-closure-20260728,primary,zero,,200,202607280200,33,200,37948.685,0.9487171249999999
network-phase-closure-20260728,primary,zero,,200,202607280200,34,200,37790.48,0.9447620000000001
network-phase-closure-20260728,primary,zero,,200,202607280200,35,200,37914.945,0.9478736249999999
network-phase-closure-20260728,primary,zero,,200,202607280200,36,200,37536.505,0.9384126249999999
network-phase-closure-20260728,primary,zero,,200,202607280200,37,200,36612.585,0.9153146249999999
network-phase-closure-20260728,primary,zero,,200,202607280200,38,200,40792.635,1.0198158750000001
network-phase-closure-20260728,primary,zero,,200,202607280200,39,200,41608.895,1.040222375
network-phase-closure-20260728,primary,zero,,400,202607280400,0,200,158728.215,0.9920513437499999
network-phase-closure-20260728,primary,zero,,400,202607280400,1,200,156424.62,0.977653875
network-phase-closure-20260728,primary,zero,,400,202607280400,2,200,162135.48,1.01334675
network-phase-closure-20260728,primary,zero,,400,202607280400,3,200,150771.075,0.94231921875
network-phase-closure-20260728,primary,zero,,400,202607280400,4,200,153265.285,0.95790803125
network-phase-closure-20260728,primary,zero,,400,202607280400,5,200,144073.135,0.90045709375
network-phase-closure-20260728,primary,zero,,400,202607280400,6,200,160364.12,1.00227575
network-phase-closure-20260728,primary,zero,,400,202607280400,7,200,158558.415,0.99099009375
network-phase-closure-20260728,primary,zero,,400,202607280400,8,200,150098.23,0.9381139375
network-phase-closure-20260728,primary,zero,,400,202607280400,9,200,157240.035,0.98275021875
network-phase-closure-20260728,primary,zero,,400,202607280400,10,200,164878.295,1.03048934375
network-phase-closure-20260728,primary,zero,,400,202607280400,11,200,141382.22,0.883638875
network-phase-closure-20260728,primary,zero,,400,202607280400,12,200,169019.005,1.05636878125
network-phase-closure-20260728,primary,zero,,400,202607280400,13,200,160209.105,1.00130690625
network-phase-closure-20260728,primary,zero,,400,202607280400,14,200,155464.16,0.971651
network-phase-closure-20260728,primary,zero,,400,202607280400,15,200,145354.69,0.9084668125
network-phase-closure-20260728,primary,zero,,400,202607280400,16,200,152147.26,0.950920375
network-phase-closure-20260728,primary,zero,,400,202607280400,17,200,157864.6,0.98665375
network-phase-closure-20260728,primary,zero,,400,202607280400,18,200,156183.16,0.97614475
network-phase-closure-20260728,primary,zero,,400,202607280400,19,200,144149.675,0.90093546875
network-phase-closure-20260728,primary,zero,,400,202607280400,20,200,140069.3,0.8754331249999999
network-phase-closure-20260728,primary,zero,,400,202607280400,21,200,157400.77,0.9837548125
network-phase-closure-20260728,primary,zero,,400,202607280400,22,200,161017.29,1.0063580625000002
network-phase-closure-20260728,primary,zero,,400,202607280400,23,200,154053.235,0.9628327187499999
network-phase-closure-20260728,primary,zero,,400,202607280400,24,200,158250.99,0.9890686875
network-phase-closure-20260728,primary,zero,,400,202607280400,25,200,168013.675,1.0500854687499999
network-phase-closure-20260728,primary,zero,,400,202607280400,26,200,158325.02,0.9895313749999999
network-phase-closure-20260728,primary,zero,,400,202607280400,27,200,158696.73,0.9918545625
network-phase-closure-20260728,primary,zero,,400,202607280400,28,200,157302.2,0.9831387500000001
network-phase-closure-20260728,primary,zero,,400,202607280400,29,200,152224.485,0.9514030312499999
network-phase-closure-20260728,primary,zero,,400,202607280400,30,200,148742.25,0.9296390625
network-phase-closure-20260728,primary,zero,,400,202607280400,31,200,152949.215,0.95593259375
network-phase-closure-20260728,primary,zero,,400,202607280400,32,200,156799.665,0.97999790625
network-phase-closure-20260728,primary,zero,,400,202607280400,33,200,153643.985,0.9602749062499999
network-phase-closure-20260728,primary,zero,,400,202607280400,34,200,152211.035,0.95131896875
network-phase-closure-20260728,primary,zero,,400,202607280400,35,200,154883.385,0.9680211562500001
network-phase-closure-20260728,primary,zero,,400,202607280400,36,200,154902.26,0.9681391250000001
network-phase-closure-20260728,primary,zero,,400,202607280400,37,200,143024.055,0.8939003437499999
network-phase-closure-20260728,primary,zero,,400,202607280400,38,200,145305.475,0.90815921875
network-phase-closure-20260728,primary,zero,,400,202607280400,39,200,148932.905,0.9308306562499999
network-phase-closure-20260728,primary,drift,0.5,100,202607290100,0,200,1142.265,0.9138120000000001
network-phase-closure-20260728,primary,drift,0.5,100,202607290100,1,200,1122.555,0.8980440000000001
network-phase-closure-20260728,primary,drift,0.5,100,202607290100,2,200,1118.57,0.894856
network-phase-closure-20260728,primary,drift,0.5,100,202607290100,3,200,1100.77,0.880616
network-phase-closure-20260728,primary,drift,0.5,100,202607290100,4,200,1124.625,0.8997
network-phase-closure-20260728,primary,drift,0.5,100,202607290100,5,200,1118.215,0.8945719999999999
network-phase-closure-20260728,primary,drift,0.5,100,202607290100,6,200,1100.215,0.880172
network-phase-closure-20260728,primary,drift,0.5,100,202607290100,7,200,1074.435,0.859548
network-phase-closure-20260728,primary,drift,0.5,100,202607290100,8,200,1123.76,0.899008
network-phase-closure-20260728,primary,drift,0.5,100,202607290100,9,200,1066.84,0.8534719999999999
network-phase-closure-20260728,primary,drift,0.5,100,202607290100,10,200,1102.245,0.8817959999999999
network-phase-closure-20260728,primary,drift,0.5,100,202607290100,11,200,1087.86,0.870288
network-phase-closure-20260728,primary,drift,0.5,100,202607290100,12,200,1123.815,0.8990520000000001
network-phase-closure-20260728,primary,drift,0.5,100,202607290100,13,200,1130.5,0.9044
network-phase-closure-20260728,primary,drift,0.5,100,202607290100,14,200,1114.295,0.891436
network-phase-closure-20260728,primary,drift,0.5,100,202607290100,15,200,1103.045,0.8824360000000001
network-phase-closure-20260728,primary,drift,0.5,100,202607290100,16,200,1119.105,0.895284
network-phase-closure-20260728,primary,drift,0.5,100,202607290100,17,200,1102.81,0.8822479999999999
network-phase-closure-20260728,primary,drift,0.5,100,202607290100,18,200,1126.44,0.9011520000000001
network-phase-closure-20260728,primary,drift,0.5,100,202607290100,19,200,1082.95,0.86636
network-phase-closure-20260728,primary,drift,0.5,100,202607290100,20,200,1108.99,0.887192
network-phase-closure-20260728,primary,drift,0.5,100,202607290100,21,200,1116.76,0.893408
network-phase-closure-20260728,primary,drift,0.5,100,202607290100,22,200,1106.015,0.884812
network-phase-closure-20260728,primary,drift,0.5,100,202607290100,23,200,1113.51,0.890808
network-phase-closure-20260728,primary,drift,0.5,100,202607290100,24,200,1114.85,0.8918799999999999
network-phase-closure-20260728,primary,drift,0.5,100,202607290100,25,200,1115.325,0.89226
network-phase-closure-20260728,primary,drift,0.5,100,202607290100,26,200,1135.88,0.9087040000000001
network-phase-closure-20260728,primary,drift,0.5,100,202607290100,27,200,1131.895,0.905516
network-phase-closure-20260728,primary,drift,0.5,100,202607290100,28,200,1116.65,0.8933200000000001
network-phase-closure-20260728,primary,drift,0.5,100,202607290100,29,200,1132.675,0.90614
network-phase-closure-20260728,primary,drift,0.5,100,202607290100,30,200,1096.59,0.8772719999999999
network-phase-closure-20260728,primary,drift,0.5,100,202607290100,31,200,1144.16,0.915328
network-phase-closure-20260728,primary,drift,0.5,100,202607290100,32,200,1109.245,0.887396
network-phase-closure-20260728,primary,drift,0.5,100,202607290100,33,200,1109.725,0.8877799999999999
network-phase-closure-20260728,primary,drift,0.5,100,202607290100,34,200,1078.365,0.862692
network-phase-closure-20260728,primary,drift,0.5,100,202607290100,35,200,1135.265,0.9082120000000001
network-phase-closure-20260728,primary,drift,0.5,100,202607290100,36,200,1130.79,0.904632
network-phase-closure-20260728,primary,drift,0.5,100,202607290100,37,200,1110.385,0.888308
network-phase-closure-20260728,primary,drift,0.5,100,202607290100,38,200,1109.72,0.887776
network-phase-closure-20260728,primary,drift,0.5,100,202607290100,39,200,1115.84,0.8926719999999999
network-phase-closure-20260728,primary,drift,0.5,200,202607290200,0,200,3249.39,0.9190662814879021
network-phase-closure-20260728,primary,drift,0.5,200,202607290200,1,200,3157.71,0.8931352616082291
network-phase-closure-20260728,primary,drift,0.5,200,202607290200,2,200,3220.325,0.9108454580498273
network-phase-closure-20260728,primary,drift,0.5,200,202607290200,3,200,3204.385,0.906336945212982
network-phase-closure-20260728,primary,drift,0.5,200,202607290200,4,200,3293.695,0.9315976278640902
network-phase-closure-20260728,primary,drift,0.5,200,202607290200,5,200,3225.76,0.912382708192127
network-phase-closure-20260728,primary,drift,0.5,200,202607290200,6,200,3175.41,0.8981415776190298
network-phase-closure-20260728,primary,drift,0.5,200,202607290200,7,200,3222.37,0.9114238713968379
network-phase-closure-20260728,primary,drift,0.5,200,202607290200,8,200,3131.395,0.8856922556294595
network-phase-closure-20260728,primary,drift,0.5,200,202607290200,9,200,3241.545,0.9168473804085389
network-phase-closure-20260728,primary,drift,0.5,200,202607290200,10,200,3167.2,0.8958194389496131
network-phase-closure-20260728,primary,drift,0.5,200,202607290200,11,200,3166.22,0.895542253091388
network-phase-closure-20260728,primary,drift,0.5,200,202607290200,12,200,3268.4,0.9244431214520447
network-phase-closure-20260728,primary,drift,0.5,200,202607290200,13,200,3113.34,0.8805855304557303
network-phase-closure-20260728,primary,drift,0.5,200,202607290200,14,200,3226.645,0.912633023992667
network-phase-closure-20260728,primary,drift,0.5,200,202607290200,15,200,3246.965,0.9183803879101513
network-phase-closure-20260728,primary,drift,0.5,200,202607290200,16,200,3219.025,0.9104777625236103
network-phase-closure-20260728,primary,drift,0.5,200,202607290200,17,200,3235.16,0.9150414296893883
network-phase-closure-20260728,primary,drift,0.5,200,202607290200,18,200,3196.985,0.9042439091406698
network-phase-closure-20260728,primary,drift,0.5,200,202607290200,19,200,3150.865,0.8911992032413403
network-phase-closure-20260728,primary,drift,0.5,200,202607290200,20,200,3276.68,0.9267850591113345
network-phase-closure-20260728,primary,drift,0.5,200,202607290200,21,200,3278.75,0.927370543526157
network-phase-closure-20260728,primary,drift,0.5,200,202607290200,22,200,3176.07,0.8983282538092632
network-phase-closure-20260728,primary,drift,0.5,200,202607290200,23,200,3225.77,0.9123855366192517
network-phase-closure-20260728,primary,drift,0.5,200,202607290200,24,200,3197.42,0.9043669457205963
network-phase-closure-20260728,primary,drift,0.5,200,202607290200,25,200,3223.51,0.9117463120890591
network-phase-closure-20260728,primary,drift,0.5,200,202607290200,26,200,3201.145,0.9054205348245642
network-phase-closure-20260728,primary,drift,0.5,200,202607290200,27,200,3205.315,0.9065999889355834
network-phase-closure-20260728,primary,drift,0.5,200,202607290200,28,200,3148.88,0.8906377604570782
network-phase-closure-20260728,primary,drift,0.5,200,202607290200,29,200,3221.455,0.9111650703149237
network-phase-closure-20260728,primary,drift,0.5,200,202607290200,30,200,3201.395,0.9054912455026828
network-phase-closure-20260728,primary,drift,0.5,200,202607290200,31,200,3262.275,0.9227107098381376
network-phase-closure-20260728,primary,drift,0.5,200,202607290200,32,200,3175.505,0.898168447676715
network-phase-closure-20260728,primary,drift,0.5,200,202607290200,33,200,3252.77,0.9200222898560664
network-phase-closure-20260728,primary,drift,0.5,200,202607290200,34,200,3200.11,0.905127792617153
network-phase-closure-20260728,primary,drift,0.5,200,202607290200,35,200,3184.045,0.9005839244412482
network-phase-closure-20260728,primary,drift,0.5,200,202607290200,36,200,3210.445,0.9080509720505782
network-phase-closure-20260728,primary,drift,0.5,200,202607290200,37,200,3106.95,0.8787781655230174
network-phase-closure-20260728,primary,drift,0.5,200,202607290200,38,200,3215.175,0.9093888180805831
network-phase-closure-20260728,primary,drift,0.5,200,202607290200,39,200,3212.375,0.9085968584856542
network-phase-closure-20260728,primary,drift,0.5,400,202607290400,0,200,9262.29,0.9262290000000001
network-phase-closure-20260728,primary,drift,0.5,400,202607290400,1,200,9188.67,0.918867
network-phase-closure-20260728,primary,drift,0.5,400,202607290400,2,200,9033.91,0.9033909999999999
network-phase-closure-20260728,primary,drift,0.5,400,202607290400,3,200,9313.805,0.9313805000000001
network-phase-closure-20260728,primary,drift,0.5,400,202607290400,4,200,9264.985,0.9264985000000001
network-phase-closure-20260728,primary,drift,0.5,400,202607290400,5,200,9315.89,0.9315889999999999
network-phase-closure-20260728,primary,drift,0.5,400,202607290400,6,200,9252.625,0.9252625
network-phase-closure-20260728,primary,drift,0.5,400,202607290400,7,200,9215.96,0.9215959999999999
network-phase-closure-20260728,primary,drift,0.5,400,202607290400,8,200,9277.71,0.9277709999999999
network-phase-closure-20260728,primary,drift,0.5,400,202607290400,9,200,9116.755,0.9116755
network-phase-closure-20260728,primary,drift,0.5,400,202607290400,10,200,9223.895,0.9223895000000001
network-phase-closure-20260728,primary,drift,0.5,400,202607290400,11,200,9236.555,0.9236555000000001
network-phase-closure-20260728,primary,drift,0.5,400,202607290400,12,200,9271.615,0.9271615
network-phase-closure-20260728,primary,drift,0.5,400,202607290400,13,200,9296.275,0.9296274999999999
network-phase-closure-20260728,primary,drift,0.5,400,202607290400,14,200,9338.855,0.9338854999999999
network-phase-closure-20260728,primary,drift,0.5,400,202607290400,15,200,9261.83,0.926183
network-phase-closure-20260728,primary,drift,0.5,400,202607290400,16,200,9312.3,0.9312299999999999
network-phase-closure-20260728,primary,drift,0.5,400,202607290400,17,200,9164.915,0.9164915000000001
network-phase-closure-20260728,primary,drift,0.5,400,202607290400,18,200,9337.955,0.9337955
network-phase-closure-20260728,primary,drift,0.5,400,202607290400,19,200,9113.495,0.9113495
network-phase-closure-20260728,primary,drift,0.5,400,202607290400,20,200,9346.28,0.934628
network-phase-closure-20260728,primary,drift,0.5,400,202607290400,21,200,9181.46,0.9181459999999999
network-phase-closure-20260728,primary,drift,0.5,400,202607290400,22,200,9131.085,0.9131084999999999
network-phase-closure-20260728,primary,drift,0.5,400,202607290400,23,200,9311.66,0.9311659999999999
network-phase-closure-20260728,primary,drift,0.5,400,202607290400,24,200,9476.135,0.9476135
network-phase-closure-20260728,primary,drift,0.5,400,202607290400,25,200,9328.02,0.932802
network-phase-closure-20260728,primary,drift,0.5,400,202607290400,26,200,9097.355,0.9097354999999999
network-phase-closure-20260728,primary,drift,0.5,400,202607290400,27,200,9481.32,0.948132
network-phase-closure-20260728,primary,drift,0.5,400,202607290400,28,200,9128.3,0.9128299999999999
network-phase-closure-20260728,primary,drift,0.5,400,202607290400,29,200,9218.1,0.92181
network-phase-closure-20260728,primary,drift,0.5,400,202607290400,30,200,9272.565,0.9272565
network-phase-closure-20260728,primary,drift,0.5,400,202607290400,31,200,9621.18,0.962118
network-phase-closure-20260728,primary,drift,0.5,400,202607290400,32,200,9227.225,0.9227225
network-phase-closure-20260728,primary,drift,0.5,400,202607290400,33,200,9010.55,0.9010549999999999
network-phase-closure-20260728,primary,drift,0.5,400,202607290400,34,200,9246.98,0.9246979999999999
network-phase-closure-20260728,primary,drift,0.5,400,202607290400,35,200,9277.47,0.927747
network-phase-closure-20260728,primary,drift,0.5,400,202607290400,36,200,9124.545,0.9124545000000001
network-phase-closure-20260728,primary,drift,0.5,400,202607290400,37,200,9142.47,0.9142469999999999
network-phase-closure-20260728,primary,drift,0.5,400,202607290400,38,200,9198.66,0.919866
network-phase-closure-20260728,primary,drift,0.5,400,202607290400,39,200,9194.595,0.9194595
network-phase-closure-20260728,primary,drift,0.5,800,202607290800,0,200,26478.755,0.93616536089386
network-phase-closure-20260728,primary,drift,0.5,800,202607290800,1,200,26739.875,0.9453973470290316
network-phase-closure-20260728,primary,drift,0.5,800,202607290800,2,200,26517.095,0.9375208845933947
network-phase-closure-20260728,primary,drift,0.5,800,202607290800,3,200,26648.105,0.942152787563557
network-phase-closure-20260728,primary,drift,0.5,800,202607290800,4,200,26938.67,0.9524258116573304
network-phase-closure-20260728,primary,drift,0.5,800,202607290800,5,200,26434.465,0.9345994729269224
network-phase-closure-20260728,primary,drift,0.5,800,202607290800,6,200,26631.15,0.9415533377898062
network-phase-closure-20260728,primary,drift,0.5,800,202607290800,7,200,26479.875,0.9362049588736064
network-phase-closure-20260728,primary,drift,0.5,800,202607290800,8,200,26459.035,0.93546815360761
network-phase-closure-20260728,primary,drift,0.5,800,202607290800,9,200,26665.47,0.9427667330263223
network-phase-closure-20260728,primary,drift,0.5,800,202607290800,10,200,26012.325,0.919674570096418
network-phase-closure-20260728,primary,drift,0.5,800,202607290800,11,200,26436.57,0.9346738959156422
network-phase-closure-20260728,primary,drift,0.5,800,202607290800,12,200,26023.395,0.9200659536998047
network-phase-closure-20260728,primary,drift,0.5,800,202607290800,13,200,26680.49,0.9432977702189934
network-phase-closure-20260728,primary,drift,0.5,800,202607290800,14,200,26162.6,0.9249875936735583
network-phase-closure-20260728,primary,drift,0.5,800,202607290800,15,200,26690.615,0.9436557430269691
network-phase-closure-20260728,primary,drift,0.5,800,202607290800,16,200,26415.715,0.93393656031956
network-phase-closure-20260728,primary,drift,0.5,800,202607290800,17,200,26671.295,0.9429726778763428
network-phase-closure-20260728,primary,drift,0.5,800,202607290800,18,200,26973.855,0.953669789262133
network-phase-closure-20260728,primary,drift,0.5,800,202607290800,19,200,26370.505,0.9323381454406878
network-phase-closure-20260728,primary,drift,0.5,800,202607290800,20,200,27090.98,0.9578107833494567
network-phase-closure-20260728,primary,drift,0.5,800,202607290800,21,200,26247.005,0.9279717610668609
network-phase-closure-20260728,primary,drift,0.5,800,202607290800,22,200,26180.245,0.9256114386312602
network-phase-closure-20260728,primary,drift,0.5,800,202607290800,23,200,26322.34,0.9306352555348952
network-phase-closure-20260728,primary,drift,0.5,800,202607290800,24,200,26719.65,0.9446822852965567
network-phase-closure-20260728,primary,drift,0.5,800,202607290800,25,200,26519.32,0.9375995502228016
network-phase-closure-20260728,primary,drift,0.5,800,202607290800,26,200,26449.54,0.9351324546632418
network-phase-closure-20260728,primary,drift,0.5,800,202607290800,27,200,26295.205,0.9296758884095205
network-phase-closure-20260728,primary,drift,0.5,800,202607290800,28,200,26896.37,0.9509302808151209
network-phase-closure-20260728,primary,drift,0.5,800,202607290800,29,200,26038.2,0.920589389494578
network-phase-closure-20260728,primary,drift,0.5,800,202607290800,30,200,26299.625,0.9298321590081626
network-phase-closure-20260728,primary,drift,0.5,800,202607290800,31,200,26434.66,0.9346063672180389
network-phase-closure-20260728,primary,drift,0.5,800,202607290800,32,200,26505.815,0.9371220763688053
network-phase-closure-20260728,primary,drift,0.5,800,202607290800,33,200,26155.945,0.9247523038921185
network-phase-closure-20260728,primary,drift,0.5,800,202607290800,34,200,26284.925,0.9293124355239906
network-phase-closure-20260728,primary,drift,0.5,800,202607290800,35,200,26732.385,0.9451325355394771
network-phase-closure-20260728,primary,drift,0.5,800,202607290800,36,200,26519.71,0.9376133388050347
network-phase-closure-20260728,primary,drift,0.5,800,202607290800,37,200,26175.57,0.9254461524211578
network-phase-closure-20260728,primary,drift,0.5,800,202607290800,38,200,25858.67,0.9142420454732569
network-phase-closure-20260728,primary,drift,0.5,800,202607290800,39,200,26766.08,0.9463238336890812
network-phase-closure-20260728,primary,drift,0.5,1600,202607291600,0,200,76950.005,0.9618750625000001
network-phase-closure-20260728,primary,drift,0.5,1600,202607291600,1,200,75465.165,0.9433145624999999
network-phase-closure-20260728,primary,drift,0.5,1600,202607291600,2,200,75242.555,0.9405319374999999
network-phase-closure-20260728,primary,drift,0.5,1600,202607291600,3,200,75655.99,0.9456998750000001
network-phase-closure-20260728,primary,drift,0.5,1600,202607291600,4,200,75516.55,0.943956875
network-phase-closure-20260728,primary,drift,0.5,1600,202607291600,5,200,74664.15,0.933301875
network-phase-closure-20260728,primary,drift,0.5,1600,202607291600,6,200,74579.235,0.9322404375
network-phase-closure-20260728,primary,drift,0.5,1600,202607291600,7,200,75829.92,0.947874
network-phase-closure-20260728,primary,drift,0.5,1600,202607291600,8,200,76876.675,0.9609584375
network-phase-closure-20260728,primary,drift,0.5,1600,202607291600,9,200,75643.115,0.9455389375000001
network-phase-closure-20260728,primary,drift,0.5,1600,202607291600,10,200,76080.545,0.9510068125
network-phase-closure-20260728,primary,drift,0.5,1600,202607291600,11,200,75835.72,0.9479465
network-phase-closure-20260728,primary,drift,0.5,1600,202607291600,12,200,75075.915,0.9384489374999999
network-phase-closure-20260728,primary,drift,0.5,1600,202607291600,13,200,76234.05,0.952925625
network-phase-closure-20260728,primary,drift,0.5,1600,202607291600,14,200,74900.355,0.9362544374999999
network-phase-closure-20260728,primary,drift,0.5,1600,202607291600,15,200,76191.395,0.9523924375
network-phase-closure-20260728,primary,drift,0.5,1600,202607291600,16,200,75732.66,0.94665825
network-phase-closure-20260728,primary,drift,0.5,1600,202607291600,17,200,75346.185,0.9418273125
network-phase-closure-20260728,primary,drift,0.5,1600,202607291600,18,200,76342.565,0.9542820625
network-phase-closure-20260728,primary,drift,0.5,1600,202607291600,19,200,75380.975,0.9422621875000001
network-phase-closure-20260728,primary,drift,0.5,1600,202607291600,20,200,76070.395,0.9508799375000001
network-phase-closure-20260728,primary,drift,0.5,1600,202607291600,21,200,75594.09,0.944926125
network-phase-closure-20260728,primary,drift,0.5,1600,202607291600,22,200,75886.565,0.9485820625
network-phase-closure-20260728,primary,drift,0.5,1600,202607291600,23,200,75628.55,0.945356875
network-phase-closure-20260728,primary,drift,0.5,1600,202607291600,24,200,75497.58,0.94371975
network-phase-closure-20260728,primary,drift,0.5,1600,202607291600,25,200,75667.525,0.9458440625
network-phase-closure-20260728,primary,drift,0.5,1600,202607291600,26,200,74741.61,0.9342701250000001
network-phase-closure-20260728,primary,drift,0.5,1600,202607291600,27,200,76859.115,0.9607389375000001
network-phase-closure-20260728,primary,drift,0.5,1600,202607291600,28,200,75915.635,0.9489454374999999
network-phase-closure-20260728,primary,drift,0.5,1600,202607291600,29,200,75148.295,0.9393536874999999
network-phase-closure-20260728,primary,drift,0.5,1600,202607291600,30,200,75726.3,0.94657875
network-phase-closure-20260728,primary,drift,0.5,1600,202607291600,31,200,74985.33,0.937316625
network-phase-closure-20260728,primary,drift,0.5,1600,202607291600,32,200,76035.205,0.9504400625
network-phase-closure-20260728,primary,drift,0.5,1600,202607291600,33,200,75480.735,0.9435091875
network-phase-closure-20260728,primary,drift,0.5,1600,202607291600,34,200,74668.355,0.9333544374999999
network-phase-closure-20260728,primary,drift,0.5,1600,202607291600,35,200,75186.125,0.9398265625
network-phase-closure-20260728,primary,drift,0.5,1600,202607291600,36,200,75404.19,0.942552375
network-phase-closure-20260728,primary,drift,0.5,1600,202607291600,37,200,75309.995,0.9413749374999999
network-phase-closure-20260728,primary,drift,0.5,1600,202607291600,38,200,75901.545,0.9487693125
network-phase-closure-20260728,primary,drift,0.5,1600,202607291600,39,200,75476.005,0.9434500625000001
network-phase-closure-20260728,primary,critical,1.0,25,202607300025,0,200,449.41,0.719056
network-phase-closure-20260728,primary,critical,1.0,25,202607300025,1,200,415.82,0.665312
network-phase-closure-20260728,primary,critical,1.0,25,202607300025,2,200,441.09,0.7057439999999999
network-phase-closure-20260728,primary,critical,1.0,25,202607300025,3,200,438.5,0.7016
network-phase-closure-20260728,primary,critical,1.0,25,202607300025,4,200,434.165,0.6946640000000001
network-phase-closure-20260728,primary,critical,1.0,25,202607300025,5,200,438.61,0.7017760000000001
network-phase-closure-20260728,primary,critical,1.0,25,202607300025,6,200,467.635,0.748216
network-phase-closure-20260728,primary,critical,1.0,25,202607300025,7,200,432.935,0.692696
network-phase-closure-20260728,primary,critical,1.0,25,202607300025,8,200,439.34,0.702944
network-phase-closure-20260728,primary,critical,1.0,25,202607300025,9,200,424.515,0.6792239999999999
network-phase-closure-20260728,primary,critical,1.0,25,202607300025,10,200,453.43,0.725488
network-phase-closure-20260728,primary,critical,1.0,25,202607300025,11,200,458.67,0.7338720000000001
network-phase-closure-20260728,primary,critical,1.0,25,202607300025,12,200,430.105,0.688168
network-phase-closure-20260728,primary,critical,1.0,25,202607300025,13,200,440.38,0.704608
network-phase-closure-20260728,primary,critical,1.0,25,202607300025,14,200,449.765,0.7196239999999999
network-phase-closure-20260728,primary,critical,1.0,25,202607300025,15,200,466.15,0.74584
network-phase-closure-20260728,primary,critical,1.0,25,202607300025,16,200,465.655,0.7450479999999999
network-phase-closure-20260728,primary,critical,1.0,25,202607300025,17,200,472.81,0.7564960000000001
network-phase-closure-20260728,primary,critical,1.0,25,202607300025,18,200,447.615,0.716184
network-phase-closure-20260728,primary,critical,1.0,25,202607300025,19,200,444.39,0.711024
network-phase-closure-20260728,primary,critical,1.0,25,202607300025,20,200,434.935,0.695896
network-phase-closure-20260728,primary,critical,1.0,25,202607300025,21,200,456.1,0.7297600000000001
network-phase-closure-20260728,primary,critical,1.0,25,202607300025,22,200,454.22,0.7267520000000001
network-phase-closure-20260728,primary,critical,1.0,25,202607300025,23,200,444.01,0.7104159999999999
network-phase-closure-20260728,primary,critical,1.0,25,202607300025,24,200,449.655,0.719448
network-phase-closure-20260728,primary,critical,1.0,25,202607300025,25,200,462.6,0.74016
network-phase-closure-20260728,primary,critical,1.0,25,202607300025,26,200,432.155,0.691448
network-phase-closure-20260728,primary,critical,1.0,25,202607300025,27,200,459.36,0.7349760000000001
network-phase-closure-20260728,primary,critical,1.0,25,202607300025,28,200,473.455,0.757528
network-phase-closure-20260728,primary,critical,1.0,25,202607300025,29,200,448.235,0.717176
network-phase-closure-20260728,primary,critical,1.0,25,202607300025,30,200,441.705,0.706728
network-phase-closure-20260728,primary,critical,1.0,25,202607300025,31,200,464.83,0.743728
network-phase-closure-20260728,primary,critical,1.0,25,202607300025,32,200,416.66,0.666656
network-phase-closure-20260728,primary,critical,1.0,25,202607300025,33,200,438.46,0.7015359999999999
network-phase-closure-20260728,primary,critical,1.0,25,202607300025,34,200,430.685,0.689096
network-phase-closure-20260728,primary,critical,1.0,25,202607300025,35,200,443.215,0.709144
network-phase-closure-20260728,primary,critical,1.0,25,202607300025,36,200,458.685,0.733896
network-phase-closure-20260728,primary,critical,1.0,25,202607300025,37,200,480.09,0.7681439999999999
network-phase-closure-20260728,primary,critical,1.0,25,202607300025,38,200,472.31,0.755696
network-phase-closure-20260728,primary,critical,1.0,25,202607300025,39,200,446.355,0.714168
network-phase-closure-20260728,primary,critical,1.0,50,202607300050,0,200,1846.705,0.738682
network-phase-closure-20260728,primary,critical,1.0,50,202607300050,1,200,1745.13,0.698052
network-phase-closure-20260728,primary,critical,1.0,50,202607300050,2,200,1719.635,0.687854
network-phase-closure-20260728,primary,critical,1.0,50,202607300050,3,200,1645.755,0.658302
network-phase-closure-20260728,primary,critical,1.0,50,202607300050,4,200,1752.96,0.701184
network-phase-closure-20260728,primary,critical,1.0,50,202607300050,5,200,1669.865,0.667946
network-phase-closure-20260728,primary,critical,1.0,50,202607300050,6,200,1784.02,0.713608
network-phase-closure-20260728,primary,critical,1.0,50,202607300050,7,200,1766.63,0.7066520000000001
network-phase-closure-20260728,primary,critical,1.0,50,202607300050,8,200,1650.165,0.6600659999999999
network-phase-closure-20260728,primary,critical,1.0,50,202607300050,9,200,1790.78,0.716312
network-phase-closure-20260728,primary,critical,1.0,50,202607300050,10,200,1738.91,0.6955640000000001
network-phase-closure-20260728,primary,critical,1.0,50,202607300050,11,200,1783.61,0.713444
network-phase-closure-20260728,primary,critical,1.0,50,202607300050,12,200,1807.395,0.722958
network-phase-closure-20260728,primary,critical,1.0,50,202607300050,13,200,1645.0,0.658
network-phase-closure-20260728,primary,critical,1.0,50,202607300050,14,200,1844.23,0.737692
network-phase-closure-20260728,primary,critical,1.0,50,202607300050,15,200,1831.24,0.732496
network-phase-closure-20260728,primary,critical,1.0,50,202607300050,16,200,1878.815,0.751526
network-phase-closure-20260728,primary,critical,1.0,50,202607300050,17,200,1795.09,0.718036
network-phase-closure-20260728,primary,critical,1.0,50,202607300050,18,200,1772.625,0.70905
network-phase-closure-20260728,primary,critical,1.0,50,202607300050,19,200,1838.94,0.735576
network-phase-closure-20260728,primary,critical,1.0,50,202607300050,20,200,1798.25,0.7193
network-phase-closure-20260728,primary,critical,1.0,50,202607300050,21,200,1789.54,0.715816
network-phase-closure-20260728,primary,critical,1.0,50,202607300050,22,200,1741.545,0.6966180000000001
network-phase-closure-20260728,primary,critical,1.0,50,202607300050,23,200,1718.21,0.687284
network-phase-closure-20260728,primary,critical,1.0,50,202607300050,24,200,1722.605,0.689042
network-phase-closure-20260728,primary,critical,1.0,50,202607300050,25,200,1650.63,0.6602520000000001
network-phase-closure-20260728,primary,critical,1.0,50,202607300050,26,200,1812.25,0.7249
network-phase-closure-20260728,primary,critical,1.0,50,202607300050,27,200,1776.615,0.710646
network-phase-closure-20260728,primary,critical,1.0,50,202607300050,28,200,1737.7,0.69508
network-phase-closure-20260728,primary,critical,1.0,50,202607300050,29,200,1730.63,0.6922520000000001
network-phase-closure-20260728,primary,critical,1.0,50,202607300050,30,200,1769.03,0.707612
network-phase-closure-20260728,primary,critical,1.0,50,202607300050,31,200,1880.755,0.752302
network-phase-closure-20260728,primary,critical,1.0,50,202607300050,32,200,1768.765,0.7075060000000001
network-phase-closure-20260728,primary,critical,1.0,50,202607300050,33,200,1743.725,0.6974899999999999
network-phase-closure-20260728,primary,critical,1.0,50,202607300050,34,200,1761.715,0.7046859999999999
network-phase-closure-20260728,primary,critical,1.0,50,202607300050,35,200,1670.46,0.668184
network-phase-closure-20260728,primary,critical,1.0,50,202607300050,36,200,1759.105,0.703642
network-phase-closure-20260728,primary,critical,1.0,50,202607300050,37,200,1756.645,0.702658
network-phase-closure-20260728,primary,critical,1.0,50,202607300050,38,200,1753.625,0.70145
network-phase-closure-20260728,primary,critical,1.0,50,202607300050,39,200,1668.24,0.667296
network-phase-closure-20260728,primary,critical,1.0,100,202607300100,0,200,7062.865,0.7062864999999999
network-phase-closure-20260728,primary,critical,1.0,100,202607300100,1,200,7205.94,0.720594
network-phase-closure-20260728,primary,critical,1.0,100,202607300100,2,200,7175.3,0.71753
network-phase-closure-20260728,primary,critical,1.0,100,202607300100,3,200,7033.13,0.703313
network-phase-closure-20260728,primary,critical,1.0,100,202607300100,4,200,7631.96,0.763196
network-phase-closure-20260728,primary,critical,1.0,100,202607300100,5,200,6753.9,0.6753899999999999
network-phase-closure-20260728,primary,critical,1.0,100,202607300100,6,200,7512.995,0.7512995
network-phase-closure-20260728,primary,critical,1.0,100,202607300100,7,200,6927.925,0.6927925
network-phase-closure-20260728,primary,critical,1.0,100,202607300100,8,200,6862.41,0.686241
network-phase-closure-20260728,primary,critical,1.0,100,202607300100,9,200,7294.71,0.729471
network-phase-closure-20260728,primary,critical,1.0,100,202607300100,10,200,6674.43,0.667443
network-phase-closure-20260728,primary,critical,1.0,100,202607300100,11,200,7153.28,0.715328
network-phase-closure-20260728,primary,critical,1.0,100,202607300100,12,200,6866.1,0.68661
network-phase-closure-20260728,primary,critical,1.0,100,202607300100,13,200,6966.1,0.6966100000000001
network-phase-closure-20260728,primary,critical,1.0,100,202607300100,14,200,7223.7,0.72237
network-phase-closure-20260728,primary,critical,1.0,100,202607300100,15,200,6925.56,0.6925560000000001
network-phase-closure-20260728,primary,critical,1.0,100,202607300100,16,200,7133.15,0.7133149999999999
network-phase-closure-20260728,primary,critical,1.0,100,202607300100,17,200,7103.76,0.710376
network-phase-closure-20260728,primary,critical,1.0,100,202607300100,18,200,6915.66,0.691566
network-phase-closure-20260728,primary,critical,1.0,100,202607300100,19,200,6844.69,0.684469
network-phase-closure-20260728,primary,critical,1.0,100,202607300100,20,200,7614.51,0.761451
network-phase-closure-20260728,primary,critical,1.0,100,202607300100,21,200,7301.56,0.730156
network-phase-closure-20260728,primary,critical,1.0,100,202607300100,22,200,7352.865,0.7352865
network-phase-closure-20260728,primary,critical,1.0,100,202607300100,23,200,6535.66,0.653566
network-phase-closure-20260728,primary,critical,1.0,100,202607300100,24,200,6633.0,0.6633
network-phase-closure-20260728,primary,critical,1.0,100,202607300100,25,200,6887.61,0.688761
network-phase-closure-20260728,primary,critical,1.0,100,202607300100,26,200,7428.045,0.7428045
network-phase-closure-20260728,primary,critical,1.0,100,202607300100,27,200,6767.815,0.6767814999999999
network-phase-closure-20260728,primary,critical,1.0,100,202607300100,28,200,7060.245,0.7060244999999999
network-phase-closure-20260728,primary,critical,1.0,100,202607300100,29,200,7250.755,0.7250755
network-phase-closure-20260728,primary,critical,1.0,100,202607300100,30,200,7245.81,0.724581
network-phase-closure-20260728,primary,critical,1.0,100,202607300100,31,200,7003.685,0.7003685000000001
network-phase-closure-20260728,primary,critical,1.0,100,202607300100,32,200,6994.43,0.699443
network-phase-closure-20260728,primary,critical,1.0,100,202607300100,33,200,6730.395,0.6730395
network-phase-closure-20260728,primary,critical,1.0,100,202607300100,34,200,7089.44,0.7089439999999999
network-phase-closure-20260728,primary,critical,1.0,100,202607300100,35,200,6906.17,0.690617
network-phase-closure-20260728,primary,critical,1.0,100,202607300100,36,200,6570.935,0.6570935
network-phase-closure-20260728,primary,critical,1.0,100,202607300100,37,200,6962.805,0.6962805000000001
network-phase-closure-20260728,primary,critical,1.0,100,202607300100,38,200,7005.18,0.700518
network-phase-closure-20260728,primary,critical,1.0,100,202607300100,39,200,7254.845,0.7254845
network-phase-closure-20260728,primary,critical,1.0,200,202607300200,0,200,30071.06,0.7517765000000001
network-phase-closure-20260728,primary,critical,1.0,200,202607300200,1,200,27823.195,0.695579875
network-phase-closure-20260728,primary,critical,1.0,200,202607300200,2,200,28293.47,0.7073367500000001
network-phase-closure-20260728,primary,critical,1.0,200,202607300200,3,200,28673.315,0.7168328749999999
network-phase-closure-20260728,primary,critical,1.0,200,202607300200,4,200,26810.21,0.67025525
network-phase-closure-20260728,primary,critical,1.0,200,202607300200,5,200,28721.15,0.71802875
network-phase-closure-20260728,primary,critical,1.0,200,202607300200,6,200,27802.785,0.695069625
network-phase-closure-20260728,primary,critical,1.0,200,202607300200,7,200,28777.885,0.719447125
network-phase-closure-20260728,primary,critical,1.0,200,202607300200,8,200,27130.7,0.6782675
network-phase-closure-20260728,primary,critical,1.0,200,202607300200,9,200,30230.235,0.755755875
network-phase-closure-20260728,primary,critical,1.0,200,202607300200,10,200,28331.055,0.708276375
network-phase-closure-20260728,primary,critical,1.0,200,202607300200,11,200,29491.395,0.7372848750000001
network-phase-closure-20260728,primary,critical,1.0,200,202607300200,12,200,29905.43,0.74763575
network-phase-closure-20260728,primary,critical,1.0,200,202607300200,13,200,29468.53,0.73671325
network-phase-closure-20260728,primary,critical,1.0,200,202607300200,14,200,29792.275,0.7448068750000001
network-phase-closure-20260728,primary,critical,1.0,200,202607300200,15,200,27564.91,0.68912275
network-phase-closure-20260728,primary,critical,1.0,200,202607300200,16,200,28336.61,0.70841525
network-phase-closure-20260728,primary,critical,1.0,200,202607300200,17,200,29137.365,0.728434125
network-phase-closure-20260728,primary,critical,1.0,200,202607300200,18,200,27281.605,0.682040125
network-phase-closure-20260728,primary,critical,1.0,200,202607300200,19,200,26656.91,0.66642275
network-phase-closure-20260728,primary,critical,1.0,200,202607300200,20,200,29294.3,0.7323575
network-phase-closure-20260728,primary,critical,1.0,200,202607300200,21,200,27863.715,0.696592875
network-phase-closure-20260728,primary,critical,1.0,200,202607300200,22,200,28393.235,0.709830875
network-phase-closure-20260728,primary,critical,1.0,200,202607300200,23,200,28228.99,0.70572475
network-phase-closure-20260728,primary,critical,1.0,200,202607300200,24,200,28024.115,0.7006028750000001
network-phase-closure-20260728,primary,critical,1.0,200,202607300200,25,200,29454.12,0.7363529999999999
network-phase-closure-20260728,primary,critical,1.0,200,202607300200,26,200,27314.035,0.682850875
network-phase-closure-20260728,primary,critical,1.0,200,202607300200,27,200,27531.66,0.6882915
network-phase-closure-20260728,primary,critical,1.0,200,202607300200,28,200,30327.675,0.758191875
network-phase-closure-20260728,primary,critical,1.0,200,202607300200,29,200,28867.045,0.721676125
network-phase-closure-20260728,primary,critical,1.0,200,202607300200,30,200,30608.495,0.765212375
network-phase-closure-20260728,primary,critical,1.0,200,202607300200,31,200,28933.615,0.723340375
network-phase-closure-20260728,primary,critical,1.0,200,202607300200,32,200,27811.21,0.6952802499999999
network-phase-closure-20260728,primary,critical,1.0,200,202607300200,33,200,28215.105,0.705377625
network-phase-closure-20260728,primary,critical,1.0,200,202607300200,34,200,28123.71,0.7030927499999999
network-phase-closure-20260728,primary,critical,1.0,200,202607300200,35,200,27399.805,0.684995125
network-phase-closure-20260728,primary,critical,1.0,200,202607300200,36,200,26662.0,0.66655
network-phase-closure-20260728,primary,critical,1.0,200,202607300200,37,200,26290.81,0.6572702500000001
network-phase-closure-20260728,primary,critical,1.0,200,202607300200,38,200,29482.455,0.737061375
network-phase-closure-20260728,primary,critical,1.0,200,202607300200,39,200,28139.54,0.7034885000000001
network-phase-closure-20260728,primary,critical,1.0,400,202607300400,0,200,120421.225,0.7526326562500001
network-phase-closure-20260728,primary,critical,1.0,400,202607300400,1,200,114027.8,0.71267375
network-phase-closure-20260728,primary,critical,1.0,400,202607300400,2,200,112603.285,0.70377053125
network-phase-closure-20260728,primary,critical,1.0,400,202607300400,3,200,109003.72,0.68127325
network-phase-closure-20260728,primary,critical,1.0,400,202607300400,4,200,111786.555,0.69866596875
network-phase-closure-20260728,primary,critical,1.0,400,202607300400,5,200,110992.27,0.6937016875
network-phase-closure-20260728,primary,critical,1.0,400,202607300400,6,200,113349.635,0.7084352187499999
network-phase-closure-20260728,primary,critical,1.0,400,202607300400,7,200,112717.725,0.70448578125
network-phase-closure-20260728,primary,critical,1.0,400,202607300400,8,200,113284.845,0.70803028125
network-phase-closure-20260728,primary,critical,1.0,400,202607300400,9,200,115370.545,0.72106590625
network-phase-closure-20260728,primary,critical,1.0,400,202607300400,10,200,111962.36,0.69976475
network-phase-closure-20260728,primary,critical,1.0,400,202607300400,11,200,116880.2,0.73050125
network-phase-closure-20260728,primary,critical,1.0,400,202607300400,12,200,111003.955,0.69377471875
network-phase-closure-20260728,primary,critical,1.0,400,202607300400,13,200,114289.825,0.71431140625
network-phase-closure-20260728,primary,critical,1.0,400,202607300400,14,200,113099.87,0.7068741875
network-phase-closure-20260728,primary,critical,1.0,400,202607300400,15,200,112762.59,0.7047661875
network-phase-closure-20260728,primary,critical,1.0,400,202607300400,16,200,114463.5,0.715396875
network-phase-closure-20260728,primary,critical,1.0,400,202607300400,17,200,115016.51,0.7188531874999999
network-phase-closure-20260728,primary,critical,1.0,400,202607300400,18,200,115685.245,0.7230327812499999
network-phase-closure-20260728,primary,critical,1.0,400,202607300400,19,200,121482.015,0.75926259375
network-phase-closure-20260728,primary,critical,1.0,400,202607300400,20,200,118036.57,0.7377285625000001
network-phase-closure-20260728,primary,critical,1.0,400,202607300400,21,200,109594.825,0.68496765625
network-phase-closure-20260728,primary,critical,1.0,400,202607300400,22,200,112114.4,0.700715
network-phase-closure-20260728,primary,critical,1.0,400,202607300400,23,200,120701.64,0.75438525
network-phase-closure-20260728,primary,critical,1.0,400,202607300400,24,200,109310.39,0.6831899375
network-phase-closure-20260728,primary,critical,1.0,400,202607300400,25,200,114564.855,0.71603034375
network-phase-closure-20260728,primary,critical,1.0,400,202607300400,26,200,113706.33,0.7106645625
network-phase-closure-20260728,primary,critical,1.0,400,202607300400,27,200,117198.99,0.7324936875
network-phase-closure-20260728,primary,critical,1.0,400,202607300400,28,200,122136.425,0.76335265625
network-phase-closure-20260728,primary,critical,1.0,400,202607300400,29,200,111670.975,0.69794359375
network-phase-closure-20260728,primary,critical,1.0,400,202607300400,30,200,114022.015,0.71263759375
network-phase-closure-20260728,primary,critical,1.0,400,202607300400,31,200,111603.77,0.6975235625
network-phase-closure-20260728,primary,critical,1.0,400,202607300400,32,200,111507.395,0.69692121875
network-phase-closure-20260728,primary,critical,1.0,400,202607300400,33,200,111126.41,0.6945400625
network-phase-closure-20260728,primary,critical,1.0,400,202607300400,34,200,110068.01,0.6879250625
network-phase-closure-20260728,primary,critical,1.0,400,202607300400,35,200,109215.93,0.6825995625
network-phase-closure-20260728,primary,critical,1.0,400,202607300400,36,200,105199.415,0.65749634375
network-phase-closure-20260728,primary,critical,1.0,400,202607300400,37,200,117338.81,0.7333675625
network-phase-closure-20260728,primary,critical,1.0,400,202607300400,38,200,114824.985,0.71765615625
network-phase-closure-20260728,primary,critical,1.0,400,202607300400,39,200,109305.455,0.6831590937500001
network-phase-closure-20260728,primary,fair,2.0,25,202607310025,0,200,644.62,1.031392
network-phase-closure-20260728,primary,fair,2.0,25,202607310025,1,200,626.27,1.002032
network-phase-closure-20260728,primary,fair,2.0,25,202607310025,2,200,617.835,0.9885360000000001
network-phase-closure-20260728,primary,fair,2.0,25,202607310025,3,200,567.26,0.907616
network-phase-closure-20260728,primary,fair,2.0,25,202607310025,4,200,617.36,0.987776
network-phase-closure-20260728,primary,fair,2.0,25,202607310025,5,200,625.7,1.00112
network-phase-closure-20260728,primary,fair,2.0,25,202607310025,6,200,626.715,1.002744
network-phase-closure-20260728,primary,fair,2.0,25,202607310025,7,200,611.4,0.97824
network-phase-closure-20260728,primary,fair,2.0,25,202607310025,8,200,575.475,0.92076
network-phase-closure-20260728,primary,fair,2.0,25,202607310025,9,200,655.675,1.04908
network-phase-closure-20260728,primary,fair,2.0,25,202607310025,10,200,633.175,1.01308
network-phase-closure-20260728,primary,fair,2.0,25,202607310025,11,200,579.405,0.927048
network-phase-closure-20260728,primary,fair,2.0,25,202607310025,12,200,604.465,0.967144
network-phase-closure-20260728,primary,fair,2.0,25,202607310025,13,200,627.115,1.003384
network-phase-closure-20260728,primary,fair,2.0,25,202607310025,14,200,613.7,0.9819200000000001
network-phase-closure-20260728,primary,fair,2.0,25,202607310025,15,200,602.16,0.963456
network-phase-closure-20260728,primary,fair,2.0,25,202607310025,16,200,573.29,0.917264
network-phase-closure-20260728,primary,fair,2.0,25,202607310025,17,200,612.045,0.9792719999999999
network-phase-closure-20260728,primary,fair,2.0,25,202607310025,18,200,591.935,0.9470959999999999
network-phase-closure-20260728,primary,fair,2.0,25,202607310025,19,200,644.47,1.031152
network-phase-closure-20260728,primary,fair,2.0,25,202607310025,20,200,583.005,0.932808
network-phase-closure-20260728,primary,fair,2.0,25,202607310025,21,200,604.615,0.967384
network-phase-closure-20260728,primary,fair,2.0,25,202607310025,22,200,595.945,0.953512
network-phase-closure-20260728,primary,fair,2.0,25,202607310025,23,200,563.82,0.902112
network-phase-closure-20260728,primary,fair,2.0,25,202607310025,24,200,601.3,0.9620799999999999
network-phase-closure-20260728,primary,fair,2.0,25,202607310025,25,200,603.875,0.9662
network-phase-closure-20260728,primary,fair,2.0,25,202607310025,26,200,622.015,0.995224
network-phase-closure-20260728,primary,fair,2.0,25,202607310025,27,200,561.01,0.897616
network-phase-closure-20260728,primary,fair,2.0,25,202607310025,28,200,600.335,0.9605360000000001
network-phase-closure-20260728,primary,fair,2.0,25,202607310025,29,200,568.985,0.9103760000000001
network-phase-closure-20260728,primary,fair,2.0,25,202607310025,30,200,615.98,0.985568
network-phase-closure-20260728,primary,fair,2.0,25,202607310025,31,200,588.925,0.9422799999999999
network-phase-closure-20260728,primary,fair,2.0,25,202607310025,32,200,656.05,1.04968
network-phase-closure-20260728,primary,fair,2.0,25,202607310025,33,200,618.5,0.9896
network-phase-closure-20260728,primary,fair,2.0,25,202607310025,34,200,617.31,0.9876959999999999
network-phase-closure-20260728,primary,fair,2.0,25,202607310025,35,200,651.55,1.0424799999999999
network-phase-closure-20260728,primary,fair,2.0,25,202607310025,36,200,593.85,0.95016
network-phase-closure-20260728,primary,fair,2.0,25,202607310025,37,200,601.825,0.9629200000000001
network-phase-closure-20260728,primary,fair,2.0,25,202607310025,38,200,624.725,0.99956
network-phase-closure-20260728,primary,fair,2.0,25,202607310025,39,200,617.545,0.988072
network-phase-closure-20260728,primary,fair,2.0,50,202607310050,0,200,2567.76,1.027104
network-phase-closure-20260728,primary,fair,2.0,50,202607310050,1,200,2380.465,0.9521860000000001
network-phase-closure-20260728,primary,fair,2.0,50,202607310050,2,200,2401.545,0.9606180000000001
network-phase-closure-20260728,primary,fair,2.0,50,202607310050,3,200,2452.77,0.981108
network-phase-closure-20260728,primary,fair,2.0,50,202607310050,4,200,2465.125,0.98605
network-phase-closure-20260728,primary,fair,2.0,50,202607310050,5,200,2307.635,0.923054
network-phase-closure-20260728,primary,fair,2.0,50,202607310050,6,200,2368.005,0.947202
network-phase-closure-20260728,primary,fair,2.0,50,202607310050,7,200,2500.48,1.000192
network-phase-closure-20260728,primary,fair,2.0,50,202607310050,8,200,2362.76,0.945104
network-phase-closure-20260728,primary,fair,2.0,50,202607310050,9,200,2526.395,1.010558
network-phase-closure-20260728,primary,fair,2.0,50,202607310050,10,200,2399.985,0.959994
network-phase-closure-20260728,primary,fair,2.0,50,202607310050,11,200,2435.39,0.9741559999999999
network-phase-closure-20260728,primary,fair,2.0,50,202607310050,12,200,2444.305,0.977722
network-phase-closure-20260728,primary,fair,2.0,50,202607310050,13,200,2375.41,0.9501639999999999
network-phase-closure-20260728,primary,fair,2.0,50,202607310050,14,200,2377.22,0.950888
network-phase-closure-20260728,primary,fair,2.0,50,202607310050,15,200,2384.6,0.9538399999999999
network-phase-closure-20260728,primary,fair,2.0,50,202607310050,16,200,2356.815,0.9427260000000001
network-phase-closure-20260728,primary,fair,2.0,50,202607310050,17,200,2408.54,0.9634159999999999
network-phase-closure-20260728,primary,fair,2.0,50,202607310050,18,200,2202.585,0.881034
network-phase-closure-20260728,primary,fair,2.0,50,202607310050,19,200,2211.53,0.8846120000000001
network-phase-closure-20260728,primary,fair,2.0,50,202607310050,20,200,2321.985,0.928794
network-phase-closure-20260728,primary,fair,2.0,50,202607310050,21,200,2513.905,1.005562
network-phase-closure-20260728,primary,fair,2.0,50,202607310050,22,200,2377.365,0.950946
network-phase-closure-20260728,primary,fair,2.0,50,202607310050,23,200,2375.035,0.9500139999999999
network-phase-closure-20260728,primary,fair,2.0,50,202607310050,24,200,2443.205,0.977282
network-phase-closure-20260728,primary,fair,2.0,50,202607310050,25,200,2215.94,0.886376
network-phase-closure-20260728,primary,fair,2.0,50,202607310050,26,200,2597.415,1.038966
network-phase-closure-20260728,primary,fair,2.0,50,202607310050,27,200,2423.445,0.9693780000000001
network-phase-closure-20260728,primary,fair,2.0,50,202607310050,28,200,2436.56,0.9746239999999999
network-phase-closure-20260728,primary,fair,2.0,50,202607310050,29,200,2354.385,0.9417540000000001
network-phase-closure-20260728,primary,fair,2.0,50,202607310050,30,200,2322.455,0.928982
network-phase-closure-20260728,primary,fair,2.0,50,202607310050,31,200,2220.03,0.8880120000000001
network-phase-closure-20260728,primary,fair,2.0,50,202607310050,32,200,2534.57,1.0138280000000002
network-phase-closure-20260728,primary,fair,2.0,50,202607310050,33,200,2361.395,0.944558
network-phase-closure-20260728,primary,fair,2.0,50,202607310050,34,200,2366.45,0.94658
network-phase-closure-20260728,primary,fair,2.0,50,202607310050,35,200,2202.16,0.880864
network-phase-closure-20260728,primary,fair,2.0,50,202607310050,36,200,2589.31,1.035724
network-phase-closure-20260728,primary,fair,2.0,50,202607310050,37,200,2561.34,1.0245360000000001
network-phase-closure-20260728,primary,fair,2.0,50,202607310050,38,200,2305.705,0.9222819999999999
network-phase-closure-20260728,primary,fair,2.0,50,202607310050,39,200,2306.89,0.9227559999999999
network-phase-closure-20260728,primary,fair,2.0,100,202607310100,0,200,9594.235,0.9594235000000001
network-phase-closure-20260728,primary,fair,2.0,100,202607310100,1,200,9965.69,0.996569
network-phase-closure-20260728,primary,fair,2.0,100,202607310100,2,200,9499.72,0.9499719999999999
network-phase-closure-20260728,primary,fair,2.0,100,202607310100,3,200,9610.135,0.9610135000000001
network-phase-closure-20260728,primary,fair,2.0,100,202607310100,4,200,9745.755,0.9745754999999999
network-phase-closure-20260728,primary,fair,2.0,100,202607310100,5,200,8893.995,0.8893995000000001
network-phase-closure-20260728,primary,fair,2.0,100,202607310100,6,200,9777.575,0.9777575000000001
network-phase-closure-20260728,primary,fair,2.0,100,202607310100,7,200,8927.56,0.892756
network-phase-closure-20260728,primary,fair,2.0,100,202607310100,8,200,9588.76,0.9588760000000001
network-phase-closure-20260728,primary,fair,2.0,100,202607310100,9,200,8765.36,0.8765360000000001
network-phase-closure-20260728,primary,fair,2.0,100,202607310100,10,200,9999.32,0.9999319999999999
network-phase-closure-20260728,primary,fair,2.0,100,202607310100,11,200,9499.32,0.949932
network-phase-closure-20260728,primary,fair,2.0,100,202607310100,12,200,10096.48,1.0096479999999999
network-phase-closure-20260728,primary,fair,2.0,100,202607310100,13,200,9608.205,0.9608205
network-phase-closure-20260728,primary,fair,2.0,100,202607310100,14,200,9965.805,0.9965805
network-phase-closure-20260728,primary,fair,2.0,100,202607310100,15,200,9116.875,0.9116875
network-phase-closure-20260728,primary,fair,2.0,100,202607310100,16,200,9254.56,0.925456
network-phase-closure-20260728,primary,fair,2.0,100,202607310100,17,200,9516.74,0.951674
network-phase-closure-20260728,primary,fair,2.0,100,202607310100,18,200,8873.64,0.8873639999999999
network-phase-closure-20260728,primary,fair,2.0,100,202607310100,19,200,10251.435,1.0251435
network-phase-closure-20260728,primary,fair,2.0,100,202607310100,20,200,10808.67,1.080867
network-phase-closure-20260728,primary,fair,2.0,100,202607310100,21,200,9643.735,0.9643735000000001
network-phase-closure-20260728,primary,fair,2.0,100,202607310100,22,200,9363.985,0.9363985
network-phase-closure-20260728,primary,fair,2.0,100,202607310100,23,200,9635.82,0.9635819999999999
network-phase-closure-20260728,primary,fair,2.0,100,202607310100,24,200,9755.305,0.9755305000000001
network-phase-closure-20260728,primary,fair,2.0,100,202607310100,25,200,9374.96,0.9374959999999999
network-phase-closure-20260728,primary,fair,2.0,100,202607310100,26,200,9866.445,0.9866444999999999
network-phase-closure-20260728,primary,fair,2.0,100,202607310100,27,200,9702.42,0.970242
network-phase-closure-20260728,primary,fair,2.0,100,202607310100,28,200,9534.76,0.953476
network-phase-closure-20260728,primary,fair,2.0,100,202607310100,29,200,9735.535,0.9735535
network-phase-closure-20260728,primary,fair,2.0,100,202607310100,30,200,10535.37,1.0535370000000002
network-phase-closure-20260728,primary,fair,2.0,100,202607310100,31,200,9091.955,0.9091955
network-phase-closure-20260728,primary,fair,2.0,100,202607310100,32,200,9535.365,0.9535365
network-phase-closure-20260728,primary,fair,2.0,100,202607310100,33,200,10372.655,1.0372655000000002
network-phase-closure-20260728,primary,fair,2.0,100,202607310100,34,200,9275.44,0.927544
network-phase-closure-20260728,primary,fair,2.0,100,202607310100,35,200,9304.775,0.9304775
network-phase-closure-20260728,primary,fair,2.0,100,202607310100,36,200,9452.81,0.9452809999999999
network-phase-closure-20260728,primary,fair,2.0,100,202607310100,37,200,9368.47,0.936847
network-phase-closure-20260728,primary,fair,2.0,100,202607310100,38,200,9452.655,0.9452655000000001
network-phase-closure-20260728,primary,fair,2.0,100,202607310100,39,200,9282.395,0.9282395
network-phase-closure-20260728,primary,fair,2.0,200,202607310200,0,200,38905.265,0.972631625
network-phase-closure-20260728,primary,fair,2.0,200,202607310200,1,200,40934.735,1.023368375
network-phase-closure-20260728,primary,fair,2.0,200,202607310200,2,200,40567.13,1.0141782499999998
network-phase-closure-20260728,primary,fair,2.0,200,202607310200,3,200,36834.11,0.92085275
network-phase-closure-20260728,primary,fair,2.0,200,202607310200,4,200,38528.105,0.9632026250000001
network-phase-closure-20260728,primary,fair,2.0,200,202607310200,5,200,41133.08,1.028327
network-phase-closure-20260728,primary,fair,2.0,200,202607310200,6,200,38458.3,0.9614575000000001
network-phase-closure-20260728,primary,fair,2.0,200,202607310200,7,200,37894.785,0.9473696250000001
network-phase-closure-20260728,primary,fair,2.0,200,202607310200,8,200,41437.385,1.035934625
network-phase-closure-20260728,primary,fair,2.0,200,202607310200,9,200,38692.405,0.967310125
network-phase-closure-20260728,primary,fair,2.0,200,202607310200,10,200,41760.235,1.044005875
network-phase-closure-20260728,primary,fair,2.0,200,202607310200,11,200,40085.41,1.00213525
network-phase-closure-20260728,primary,fair,2.0,200,202607310200,12,200,37155.315,0.9288828750000001
network-phase-closure-20260728,primary,fair,2.0,200,202607310200,13,200,38799.295,0.969982375
network-phase-closure-20260728,primary,fair,2.0,200,202607310200,14,200,36855.7,0.9213925
network-phase-closure-20260728,primary,fair,2.0,200,202607310200,15,200,37288.835,0.932220875
network-phase-closure-20260728,primary,fair,2.0,200,202607310200,16,200,38480.085,0.9620021249999999
network-phase-closure-20260728,primary,fair,2.0,200,202607310200,17,200,38927.77,0.9731942499999999
network-phase-closure-20260728,primary,fair,2.0,200,202607310200,18,200,43375.095,1.084377375
network-phase-closure-20260728,primary,fair,2.0,200,202607310200,19,200,38690.45,0.96726125
network-phase-closure-20260728,primary,fair,2.0,200,202607310200,20,200,37639.4,0.9409850000000001
network-phase-closure-20260728,primary,fair,2.0,200,202607310200,21,200,35241.445,0.881036125
network-phase-closure-20260728,primary,fair,2.0,200,202607310200,22,200,40850.385,1.0212596250000001
network-phase-closure-20260728,primary,fair,2.0,200,202607310200,23,200,42125.34,1.0531335
network-phase-closure-20260728,primary,fair,2.0,200,202607310200,24,200,37009.145,0.9252286249999999
network-phase-closure-20260728,primary,fair,2.0,200,202607310200,25,200,35335.83,0.88339575
network-phase-closure-20260728,primary,fair,2.0,200,202607310200,26,200,43294.64,1.082366
network-phase-closure-20260728,primary,fair,2.0,200,202607310200,27,200,41241.665,1.031041625
network-phase-closure-20260728,primary,fair,2.0,200,202607310200,28,200,36294.305,0.9073576250000001
network-phase-closure-20260728,primary,fair,2.0,200,202607310200,29,200,40842.65,1.02106625
network-phase-closure-20260728,primary,fair,2.0,200,202607310200,30,200,36230.28,0.9057569999999999
network-phase-closure-20260728,primary,fair,2.0,200,202607310200,31,200,38841.86,0.9710465
network-phase-closure-20260728,primary,fair,2.0,200,202607310200,32,200,41093.66,1.0273415000000001
network-phase-closure-20260728,primary,fair,2.0,200,202607310200,33,200,38761.085,0.969027125
network-phase-closure-20260728,primary,fair,2.0,200,202607310200,34,200,35869.5,0.8967375
network-phase-closure-20260728,primary,fair,2.0,200,202607310200,35,200,40696.855,1.017421375
network-phase-closure-20260728,primary,fair,2.0,200,202607310200,36,200,40466.14,1.0116535
network-phase-closure-20260728,primary,fair,2.0,200,202607310200,37,200,36857.94,0.9214485
network-phase-closure-20260728,primary,fair,2.0,200,202607310200,38,200,41145.615,1.028640375
network-phase-closure-20260728,primary,fair,2.0,200,202607310200,39,200,39420.385,0.9855096250000001
network-phase-closure-20260728,primary,fair,2.0,400,202607310400,0,200,146301.185,0.91438240625
network-phase-closure-20260728,primary,fair,2.0,400,202607310400,1,200,148843.87,0.9302741875
network-phase-closure-20260728,primary,fair,2.0,400,202607310400,2,200,148787.655,0.92992284375
network-phase-closure-20260728,primary,fair,2.0,400,202607310400,3,200,162429.765,1.01518603125
network-phase-closure-20260728,primary,fair,2.0,400,202607310400,4,200,144423.685,0.90264803125
network-phase-closure-20260728,primary,fair,2.0,400,202607310400,5,200,150752.62,0.942203875
network-phase-closure-20260728,primary,fair,2.0,400,202607310400,6,200,160372.51,1.0023281875
network-phase-closure-20260728,primary,fair,2.0,400,202607310400,7,200,160151.58,1.000947375
network-phase-closure-20260728,primary,fair,2.0,400,202607310400,8,200,159938.925,0.99961828125
network-phase-closure-20260728,primary,fair,2.0,400,202607310400,9,200,146468.755,0.91542971875
network-phase-closure-20260728,primary,fair,2.0,400,202607310400,10,200,158505.425,0.99065890625
network-phase-closure-20260728,primary,fair,2.0,400,202607310400,11,200,172420.445,1.0776277812500001
network-phase-closure-20260728,primary,fair,2.0,400,202607310400,12,200,151995.11,0.9499694375
network-phase-closure-20260728,primary,fair,2.0,400,202607310400,13,200,155608.74,0.9725546249999999
network-phase-closure-20260728,primary,fair,2.0,400,202607310400,14,200,162437.67,1.0152354375000001
network-phase-closure-20260728,primary,fair,2.0,400,202607310400,15,200,158871.37,0.9929460625
network-phase-closure-20260728,primary,fair,2.0,400,202607310400,16,200,152942.295,0.9558893437500001
network-phase-closure-20260728,primary,fair,2.0,400,202607310400,17,200,150031.6,0.9376975000000001
network-phase-closure-20260728,primary,fair,2.0,400,202607310400,18,200,161321.55,1.0082596874999998
network-phase-closure-20260728,primary,fair,2.0,400,202607310400,19,200,156145.17,0.9759073125000001
network-phase-closure-20260728,primary,fair,2.0,400,202607310400,20,200,162304.395,1.01440246875
network-phase-closure-20260728,primary,fair,2.0,400,202607310400,21,200,156036.835,0.9752302187499999
network-phase-closure-20260728,primary,fair,2.0,400,202607310400,22,200,146357.785,0.91473615625
network-phase-closure-20260728,primary,fair,2.0,400,202607310400,23,200,160393.45,1.0024590625
network-phase-closure-20260728,primary,fair,2.0,400,202607310400,24,200,155201.9,0.970011875
network-phase-closure-20260728,primary,fair,2.0,400,202607310400,25,200,147191.395,0.9199462187499999
network-phase-closure-20260728,primary,fair,2.0,400,202607310400,26,200,156578.74,0.978617125
network-phase-closure-20260728,primary,fair,2.0,400,202607310400,27,200,158143.605,0.9883975312500001
network-phase-closure-20260728,primary,fair,2.0,400,202607310400,28,200,159942.64,0.9996415000000001
network-phase-closure-20260728,primary,fair,2.0,400,202607310400,29,200,163934.525,1.02459078125
network-phase-closure-20260728,primary,fair,2.0,400,202607310400,30,200,150078.42,0.9379901250000001
network-phase-closure-20260728,primary,fair,2.0,400,202607310400,31,200,161468.395,1.00917746875
network-phase-closure-20260728,primary,fair,2.0,400,202607310400,32,200,151003.965,0.94377478125
network-phase-closure-20260728,primary,fair,2.0,400,202607310400,33,200,156663.765,0.9791485312500001
network-phase-closure-20260728,primary,fair,2.0,400,202607310400,34,200,142580.535,0.89112834375
network-phase-closure-20260728,primary,fair,2.0,400,202607310400,35,200,154462.78,0.965392375
network-phase-closure-20260728,primary,fair,2.0,400,202607310400,36,200,145967.895,0.9122993437499999
network-phase-closure-20260728,primary,fair,2.0,400,202607310400,37,200,149421.73,0.9338858125
network-phase-closure-20260728,primary,fair,2.0,400,202607310400,38,200,160140.485,1.0008780312499999
network-phase-closure-20260728,primary,fair,2.0,400,202607310400,39,200,161885.27,1.0117829375
network-phase-closure-20260728,replication,zero,,25,202608280025,0,200,619.4,0.9910399999999999
network-phase-closure-20260728,replication,zero,,25,202608280025,1,200,653.4,1.04544
network-phase-closure-20260728,replication,zero,,25,202608280025,2,200,617.58,0.9881280000000001
network-phase-closure-20260728,replication,zero,,25,202608280025,3,200,629.85,1.00776
network-phase-closure-20260728,replication,zero,,25,202608280025,4,200,657.33,1.051728
network-phase-closure-20260728,replication,zero,,25,202608280025,5,200,576.995,0.923192
network-phase-closure-20260728,replication,zero,,25,202608280025,6,200,657.23,1.051568
network-phase-closure-20260728,replication,zero,,25,202608280025,7,200,564.575,0.9033200000000001
network-phase-closure-20260728,replication,zero,,25,202608280025,8,200,628.21,1.005136
network-phase-closure-20260728,replication,zero,,25,202608280025,9,200,580.705,0.9291280000000001
network-phase-closure-20260728,replication,zero,,25,202608280025,10,200,609.375,0.975
network-phase-closure-20260728,replication,zero,,25,202608280025,11,200,598.96,0.9583360000000001
network-phase-closure-20260728,replication,zero,,25,202608280025,12,200,640.985,1.025576
network-phase-closure-20260728,replication,zero,,25,202608280025,13,200,600.24,0.960384
network-phase-closure-20260728,replication,zero,,25,202608280025,14,200,624.835,0.9997360000000001
network-phase-closure-20260728,replication,zero,,25,202608280025,15,200,587.13,0.939408
network-phase-closure-20260728,replication,zero,,25,202608280025,16,200,571.81,0.9148959999999999
network-phase-closure-20260728,replication,zero,,25,202608280025,17,200,605.47,0.9687520000000001
network-phase-closure-20260728,replication,zero,,25,202608280025,18,200,594.11,0.950576
network-phase-closure-20260728,replication,zero,,25,202608280025,19,200,595.175,0.9522799999999999
network-phase-closure-20260728,replication,zero,,25,202608280025,20,200,581.365,0.930184
network-phase-closure-20260728,replication,zero,,25,202608280025,21,200,592.15,0.94744
network-phase-closure-20260728,replication,zero,,25,202608280025,22,200,595.315,0.9525040000000001
network-phase-closure-20260728,replication,zero,,25,202608280025,23,200,573.825,0.91812
network-phase-closure-20260728,replication,zero,,25,202608280025,24,200,639.99,1.023984
network-phase-closure-20260728,replication,zero,,25,202608280025,25,200,595.71,0.9531360000000001
network-phase-closure-20260728,replication,zero,,25,202608280025,26,200,573.775,0.91804
network-phase-closure-20260728,replication,zero,,25,202608280025,27,200,580.24,0.928384
network-phase-closure-20260728,replication,zero,,25,202608280025,28,200,568.025,0.90884
network-phase-closure-20260728,replication,zero,,25,202608280025,29,200,625.22,1.0003520000000001
network-phase-closure-20260728,replication,zero,,25,202608280025,30,200,604.165,0.966664
network-phase-closure-20260728,replication,zero,,25,202608280025,31,200,599.23,0.9587680000000001
network-phase-closure-20260728,replication,zero,,25,202608280025,32,200,577.485,0.923976
network-phase-closure-20260728,replication,zero,,25,202608280025,33,200,575.665,0.921064
network-phase-closure-20260728,replication,zero,,25,202608280025,34,200,593.785,0.9500559999999999
network-phase-closure-20260728,replication,zero,,25,202608280025,35,200,598.295,0.9572719999999999
network-phase-closure-20260728,replication,zero,,25,202608280025,36,200,591.965,0.9471440000000001
network-phase-closure-20260728,replication,zero,,25,202608280025,37,200,582.63,0.932208
network-phase-closure-20260728,replication,zero,,25,202608280025,38,200,569.97,0.9119520000000001
network-phase-closure-20260728,replication,zero,,25,202608280025,39,200,623.375,0.9974
network-phase-closure-20260728,replication,zero,,50,202608280050,0,200,2459.17,0.983668
network-phase-closure-20260728,replication,zero,,50,202608280050,1,200,2248.165,0.899266
network-phase-closure-20260728,replication,zero,,50,202608280050,2,200,2441.0,0.9764
network-phase-closure-20260728,replication,zero,,50,202608280050,3,200,2373.545,0.949418
network-phase-closure-20260728,replication,zero,,50,202608280050,4,200,2515.515,1.006206
network-phase-closure-20260728,replication,zero,,50,202608280050,5,200,2408.255,0.963302
network-phase-closure-20260728,replication,zero,,50,202608280050,6,200,2552.095,1.020838
network-phase-closure-20260728,replication,zero,,50,202608280050,7,200,2312.07,0.9248280000000001
network-phase-closure-20260728,replication,zero,,50,202608280050,8,200,2477.815,0.9911260000000001
network-phase-closure-20260728,replication,zero,,50,202608280050,9,200,2283.29,0.913316
network-phase-closure-20260728,replication,zero,,50,202608280050,10,200,2415.575,0.9662299999999999
network-phase-closure-20260728,replication,zero,,50,202608280050,11,200,2341.465,0.936586
network-phase-closure-20260728,replication,zero,,50,202608280050,12,200,2301.925,0.9207700000000001
network-phase-closure-20260728,replication,zero,,50,202608280050,13,200,2438.005,0.975202
network-phase-closure-20260728,replication,zero,,50,202608280050,14,200,2491.605,0.996642
network-phase-closure-20260728,replication,zero,,50,202608280050,15,200,2392.225,0.95689
network-phase-closure-20260728,replication,zero,,50,202608280050,16,200,2582.705,1.033082
network-phase-closure-20260728,replication,zero,,50,202608280050,17,200,2412.705,0.965082
network-phase-closure-20260728,replication,zero,,50,202608280050,18,200,2393.665,0.957466
network-phase-closure-20260728,replication,zero,,50,202608280050,19,200,2272.675,0.90907
network-phase-closure-20260728,replication,zero,,50,202608280050,20,200,2312.58,0.925032
network-phase-closure-20260728,replication,zero,,50,202608280050,21,200,2441.59,0.9766360000000001
network-phase-closure-20260728,replication,zero,,50,202608280050,22,200,2390.875,0.95635
network-phase-closure-20260728,replication,zero,,50,202608280050,23,200,2442.895,0.977158
network-phase-closure-20260728,replication,zero,,50,202608280050,24,200,2396.575,0.95863
network-phase-closure-20260728,replication,zero,,50,202608280050,25,200,2292.98,0.917192
network-phase-closure-20260728,replication,zero,,50,202608280050,26,200,2392.24,0.9568959999999999
network-phase-closure-20260728,replication,zero,,50,202608280050,27,200,2470.77,0.988308
network-phase-closure-20260728,replication,zero,,50,202608280050,28,200,2547.115,1.018846
network-phase-closure-20260728,replication,zero,,50,202608280050,29,200,2367.74,0.9470959999999999
network-phase-closure-20260728,replication,zero,,50,202608280050,30,200,2364.32,0.945728
network-phase-closure-20260728,replication,zero,,50,202608280050,31,200,2483.13,0.993252
network-phase-closure-20260728,replication,zero,,50,202608280050,32,200,2408.93,0.963572
network-phase-closure-20260728,replication,zero,,50,202608280050,33,200,2534.7,1.01388
network-phase-closure-20260728,replication,zero,,50,202608280050,34,200,2333.195,0.933278
network-phase-closure-20260728,replication,zero,,50,202608280050,35,200,2474.86,0.989944
network-phase-closure-20260728,replication,zero,,50,202608280050,36,200,2420.015,0.9680059999999999
network-phase-closure-20260728,replication,zero,,50,202608280050,37,200,2519.875,1.00795
network-phase-closure-20260728,replication,zero,,50,202608280050,38,200,2465.92,0.986368
network-phase-closure-20260728,replication,zero,,50,202608280050,39,200,2274.585,0.909834
network-phase-closure-20260728,replication,zero,,100,202608280100,0,200,9337.13,0.9337129999999999
network-phase-closure-20260728,replication,zero,,100,202608280100,1,200,10467.565,1.0467565
network-phase-closure-20260728,replication,zero,,100,202608280100,2,200,9769.86,0.976986
network-phase-closure-20260728,replication,zero,,100,202608280100,3,200,9276.22,0.927622
network-phase-closure-20260728,replication,zero,,100,202608280100,4,200,9711.29,0.9711290000000001
network-phase-closure-20260728,replication,zero,,100,202608280100,5,200,10258.79,1.025879
network-phase-closure-20260728,replication,zero,,100,202608280100,6,200,9964.61,0.996461
network-phase-closure-20260728,replication,zero,,100,202608280100,7,200,9548.815,0.9548815
network-phase-closure-20260728,replication,zero,,100,202608280100,8,200,9297.72,0.9297719999999999
network-phase-closure-20260728,replication,zero,,100,202608280100,9,200,9290.715,0.9290715
network-phase-closure-20260728,replication,zero,,100,202608280100,10,200,9584.65,0.958465
network-phase-closure-20260728,replication,zero,,100,202608280100,11,200,9037.7,0.9037700000000001
network-phase-closure-20260728,replication,zero,,100,202608280100,12,200,9690.355,0.9690354999999999
network-phase-closure-20260728,replication,zero,,100,202608280100,13,200,10200.83,1.020083
network-phase-closure-20260728,replication,zero,,100,202608280100,14,200,9349.575,0.9349575000000001
network-phase-closure-20260728,replication,zero,,100,202608280100,15,200,9519.275,0.9519274999999999
network-phase-closure-20260728,replication,zero,,100,202608280100,16,200,10299.44,1.029944
network-phase-closure-20260728,replication,zero,,100,202608280100,17,200,9628.64,0.9628639999999999
network-phase-closure-20260728,replication,zero,,100,202608280100,18,200,9415.825,0.9415825000000001
network-phase-closure-20260728,replication,zero,,100,202608280100,19,200,10098.31,1.009831
network-phase-closure-20260728,replication,zero,,100,202608280100,20,200,10278.005,1.0278005
network-phase-closure-20260728,replication,zero,,100,202608280100,21,200,9657.795,0.9657795
network-phase-closure-20260728,replication,zero,,100,202608280100,22,200,10090.675,1.0090675
network-phase-closure-20260728,replication,zero,,100,202608280100,23,200,10244.98,1.024498
network-phase-closure-20260728,replication,zero,,100,202608280100,24,200,10165.505,1.0165505
network-phase-closure-20260728,replication,zero,,100,202608280100,25,200,10093.515,1.0093515
network-phase-closure-20260728,replication,zero,,100,202608280100,26,200,10016.055,1.0016055
network-phase-closure-20260728,replication,zero,,100,202608280100,27,200,9390.56,0.939056
network-phase-closure-20260728,replication,zero,,100,202608280100,28,200,9715.955,0.9715955
network-phase-closure-20260728,replication,zero,,100,202608280100,29,200,10145.965,1.0145965000000001
network-phase-closure-20260728,replication,zero,,100,202608280100,30,200,9500.4,0.95004
network-phase-closure-20260728,replication,zero,,100,202608280100,31,200,9774.73,0.9774729999999999
network-phase-closure-20260728,replication,zero,,100,202608280100,32,200,9940.655,0.9940655
network-phase-closure-20260728,replication,zero,,100,202608280100,33,200,9164.945,0.9164945
network-phase-closure-20260728,replication,zero,,100,202608280100,34,200,9566.485,0.9566485
network-phase-closure-20260728,replication,zero,,100,202608280100,35,200,8849.8,0.8849799999999999
network-phase-closure-20260728,replication,zero,,100,202608280100,36,200,10238.06,1.023806
network-phase-closure-20260728,replication,zero,,100,202608280100,37,200,10077.59,1.007759
network-phase-closure-20260728,replication,zero,,100,202608280100,38,200,10283.405,1.0283405
network-phase-closure-20260728,replication,zero,,100,202608280100,39,200,9323.005,0.9323004999999999
network-phase-closure-20260728,replication,zero,,200,202608280200,0,200,38840.1,0.9710025
network-phase-closure-20260728,replication,zero,,200,202608280200,1,200,38461.9,0.9615475
network-phase-closure-20260728,replication,zero,,200,202608280200,2,200,34962.615,0.8740653749999999
network-phase-closure-20260728,replication,zero,,200,202608280200,3,200,39235.25,0.98088125
network-phase-closure-20260728,replication,zero,,200,202608280200,4,200,36744.425,0.9186106250000001
network-phase-closure-20260728,replication,zero,,200,202608280200,5,200,39654.535,0.991363375
network-phase-closure-20260728,replication,zero,,200,202608280200,6,200,39297.32,0.982433
network-phase-closure-20260728,replication,zero,,200,202608280200,7,200,37418.145,0.935453625
network-phase-closure-20260728,replication,zero,,200,202608280200,8,200,37224.965,0.9306241249999999
network-phase-closure-20260728,replication,zero,,200,202608280200,9,200,37862.4,0.9465600000000001
network-phase-closure-20260728,replication,zero,,200,202608280200,10,200,39711.995,0.9927998750000001
network-phase-closure-20260728,replication,zero,,200,202608280200,11,200,37665.23,0.9416307500000001
network-phase-closure-20260728,replication,zero,,200,202608280200,12,200,41153.505,1.028837625
network-phase-closure-20260728,replication,zero,,200,202608280200,13,200,37966.135,0.9491533750000001
network-phase-closure-20260728,replication,zero,,200,202608280200,14,200,41085.885,1.0271471250000002
network-phase-closure-20260728,replication,zero,,200,202608280200,15,200,38310.085,0.957752125
network-phase-closure-20260728,replication,zero,,200,202608280200,16,200,39110.135,0.977753375
network-phase-closure-20260728,replication,zero,,200,202608280200,17,200,40512.205,1.012805125
network-phase-closure-20260728,replication,zero,,200,202608280200,18,200,37524.695,0.938117375
network-phase-closure-20260728,replication,zero,,200,202608280200,19,200,37456.13,0.9364032499999999
network-phase-closure-20260728,replication,zero,,200,202608280200,20,200,40093.03,1.00232575
network-phase-closure-20260728,replication,zero,,200,202608280200,21,200,39258.24,0.981456
network-phase-closure-20260728,replication,zero,,200,202608280200,22,200,36455.61,0.9113902500000001
network-phase-closure-20260728,replication,zero,,200,202608280200,23,200,38632.21,0.96580525
network-phase-closure-20260728,replication,zero,,200,202608280200,24,200,40935.935,1.023398375
network-phase-closure-20260728,replication,zero,,200,202608280200,25,200,38878.46,0.9719614999999999
network-phase-closure-20260728,replication,zero,,200,202608280200,26,200,38546.67,0.9636667499999999
network-phase-closure-20260728,replication,zero,,200,202608280200,27,200,38078.83,0.9519707500000001
network-phase-closure-20260728,replication,zero,,200,202608280200,28,200,41893.41,1.0473352500000002
network-phase-closure-20260728,replication,zero,,200,202608280200,29,200,37783.56,0.9445889999999999
network-phase-closure-20260728,replication,zero,,200,202608280200,30,200,36556.16,0.913904
network-phase-closure-20260728,replication,zero,,200,202608280200,31,200,39825.705,0.995642625
network-phase-closure-20260728,replication,zero,,200,202608280200,32,200,37452.655,0.936316375
network-phase-closure-20260728,replication,zero,,200,202608280200,33,200,37318.87,0.9329717500000001
network-phase-closure-20260728,replication,zero,,200,202608280200,34,200,37636.695,0.940917375
network-phase-closure-20260728,replication,zero,,200,202608280200,35,200,36082.49,0.90206225
network-phase-closure-20260728,replication,zero,,200,202608280200,36,200,40359.115,1.008977875
network-phase-closure-20260728,replication,zero,,200,202608280200,37,200,35698.785,0.892469625
network-phase-closure-20260728,replication,zero,,200,202608280200,38,200,40816.985,1.020424625
network-phase-closure-20260728,replication,zero,,200,202608280200,39,200,38946.15,0.97365375
network-phase-closure-20260728,replication,zero,,400,202608280400,0,200,142768.255,0.8923015937500001
network-phase-closure-20260728,replication,zero,,400,202608280400,1,200,150954.595,0.94346621875
network-phase-closure-20260728,replication,zero,,400,202608280400,2,200,159412.005,0.99632503125
network-phase-closure-20260728,replication,zero,,400,202608280400,3,200,151503.865,0.94689915625
network-phase-closure-20260728,replication,zero,,400,202608280400,4,200,156529.055,0.97830659375
network-phase-closure-20260728,replication,zero,,400,202608280400,5,200,156110.09,0.9756880625
network-phase-closure-20260728,replication,zero,,400,202608280400,6,200,150794.025,0.9424626562499999
network-phase-closure-20260728,replication,zero,,400,202608280400,7,200,150733.27,0.9420829374999999
network-phase-closure-20260728,replication,zero,,400,202608280400,8,200,162792.0,1.01745
network-phase-closure-20260728,replication,zero,,400,202608280400,9,200,156819.175,0.9801198437499999
network-phase-closure-20260728,replication,zero,,400,202608280400,10,200,151776.215,0.9486013437499999
network-phase-closure-20260728,replication,zero,,400,202608280400,11,200,148999.28,0.9312455
network-phase-closure-20260728,replication,zero,,400,202608280400,12,200,154314.555,0.9644659687499999
network-phase-closure-20260728,replication,zero,,400,202608280400,13,200,160338.765,1.00211728125
network-phase-closure-20260728,replication,zero,,400,202608280400,14,200,145257.28,0.9078579999999999
network-phase-closure-20260728,replication,zero,,400,202608280400,15,200,152192.92,0.9512057500000001
network-phase-closure-20260728,replication,zero,,400,202608280400,16,200,155405.935,0.97128709375
network-phase-closure-20260728,replication,zero,,400,202608280400,17,200,155245.785,0.97028615625
network-phase-closure-20260728,replication,zero,,400,202608280400,18,200,155754.045,0.9734627812500001
network-phase-closure-20260728,replication,zero,,400,202608280400,19,200,157314.975,0.9832185937500001
network-phase-closure-20260728,replication,zero,,400,202608280400,20,200,143576.015,0.8973500937500001
network-phase-closure-20260728,replication,zero,,400,202608280400,21,200,154432.87,0.9652054375
network-phase-closure-20260728,replication,zero,,400,202608280400,22,200,152517.4,0.95323375
network-phase-closure-20260728,replication,zero,,400,202608280400,23,200,143325.955,0.8957872187499999
network-phase-closure-20260728,replication,zero,,400,202608280400,24,200,150856.07,0.9428504375000001
network-phase-closure-20260728,replication,zero,,400,202608280400,25,200,148991.235,0.9311952187499999
network-phase-closure-20260728,replication,zero,,400,202608280400,26,200,157002.835,0.98126771875
network-phase-closure-20260728,replication,zero,,400,202608280400,27,200,150398.225,0.9399889062500001
network-phase-closure-20260728,replication,zero,,400,202608280400,28,200,160425.215,1.00265759375
network-phase-closure-20260728,replication,zero,,400,202608280400,29,200,161443.245,1.00902028125
network-phase-closure-20260728,replication,zero,,400,202608280400,30,200,169664.385,1.0604024062500002
network-phase-closure-20260728,replication,zero,,400,202608280400,31,200,160431.97,1.0026998125
network-phase-closure-20260728,replication,zero,,400,202608280400,32,200,154225.76,0.9639110000000001
network-phase-closure-20260728,replication,zero,,400,202608280400,33,200,155519.19,0.9719949375
network-phase-closure-20260728,replication,zero,,400,202608280400,34,200,155926.635,0.97454146875
network-phase-closure-20260728,replication,zero,,400,202608280400,35,200,154585.92,0.9661620000000001
network-phase-closure-20260728,replication,zero,,400,202608280400,36,200,160085.37,1.0005335625
network-phase-closure-20260728,replication,zero,,400,202608280400,37,200,163516.115,1.02197571875
network-phase-closure-20260728,replication,zero,,400,202608280400,38,200,148075.675,0.92547296875
network-phase-closure-20260728,replication,zero,,400,202608280400,39,200,170817.68,1.0676105
network-phase-closure-20260728,replication,drift,0.5,100,202608290100,0,200,1085.52,0.868416
network-phase-closure-20260728,replication,drift,0.5,100,202608290100,1,200,1151.13,0.9209040000000001
network-phase-closure-20260728,replication,drift,0.5,100,202608290100,2,200,1129.69,0.903752
network-phase-closure-20260728,replication,drift,0.5,100,202608290100,3,200,1095.325,0.87626
network-phase-closure-20260728,replication,drift,0.5,100,202608290100,4,200,1105.65,0.8845200000000001
network-phase-closure-20260728,replication,drift,0.5,100,202608290100,5,200,1117.66,0.894128
network-phase-closure-20260728,replication,drift,0.5,100,202608290100,6,200,1116.77,0.893416
network-phase-closure-20260728,replication,drift,0.5,100,202608290100,7,200,1161.12,0.9288959999999999
network-phase-closure-20260728,replication,drift,0.5,100,202608290100,8,200,1116.325,0.8930600000000001
network-phase-closure-20260728,replication,drift,0.5,100,202608290100,9,200,1109.93,0.8879440000000001
network-phase-closure-20260728,replication,drift,0.5,100,202608290100,10,200,1109.34,0.8874719999999999
network-phase-closure-20260728,replication,drift,0.5,100,202608290100,11,200,1136.375,0.9091
network-phase-closure-20260728,replication,drift,0.5,100,202608290100,12,200,1091.7,0.87336
network-phase-closure-20260728,replication,drift,0.5,100,202608290100,13,200,1126.18,0.9009440000000001
network-phase-closure-20260728,replication,drift,0.5,100,202608290100,14,200,1178.74,0.942992
network-phase-closure-20260728,replication,drift,0.5,100,202608290100,15,200,1100.23,0.880184
network-phase-closure-20260728,replication,drift,0.5,100,202608290100,16,200,1106.155,0.8849239999999999
network-phase-closure-20260728,replication,drift,0.5,100,202608290100,17,200,1149.505,0.9196040000000001
network-phase-closure-20260728,replication,drift,0.5,100,202608290100,18,200,1116.165,0.892932
network-phase-closure-20260728,replication,drift,0.5,100,202608290100,19,200,1119.965,0.8959719999999999
network-phase-closure-20260728,replication,drift,0.5,100,202608290100,20,200,1083.285,0.8666280000000001
network-phase-closure-20260728,replication,drift,0.5,100,202608290100,21,200,1107.995,0.886396
network-phase-closure-20260728,replication,drift,0.5,100,202608290100,22,200,1124.115,0.899292
network-phase-closure-20260728,replication,drift,0.5,100,202608290100,23,200,1105.725,0.8845799999999999
network-phase-closure-20260728,replication,drift,0.5,100,202608290100,24,200,1142.315,0.913852
network-phase-closure-20260728,replication,drift,0.5,100,202608290100,25,200,1111.71,0.889368
network-phase-closure-20260728,replication,drift,0.5,100,202608290100,26,200,1130.85,0.9046799999999999
network-phase-closure-20260728,replication,drift,0.5,100,202608290100,27,200,1104.91,0.883928
network-phase-closure-20260728,replication,drift,0.5,100,202608290100,28,200,1133.235,0.906588
network-phase-closure-20260728,replication,drift,0.5,100,202608290100,29,200,1107.645,0.886116
network-phase-closure-20260728,replication,drift,0.5,100,202608290100,30,200,1108.115,0.8864920000000001
network-phase-closure-20260728,replication,drift,0.5,100,202608290100,31,200,1096.29,0.8770319999999999
network-phase-closure-20260728,replication,drift,0.5,100,202608290100,32,200,1128.365,0.902692
network-phase-closure-20260728,replication,drift,0.5,100,202608290100,33,200,1114.86,0.8918879999999999
network-phase-closure-20260728,replication,drift,0.5,100,202608290100,34,200,1129.38,0.9035040000000001
network-phase-closure-20260728,replication,drift,0.5,100,202608290100,35,200,1115.415,0.892332
network-phase-closure-20260728,replication,drift,0.5,100,202608290100,36,200,1106.165,0.8849319999999999
network-phase-closure-20260728,replication,drift,0.5,100,202608290100,37,200,1121.37,0.8970959999999999
network-phase-closure-20260728,replication,drift,0.5,100,202608290100,38,200,1133.745,0.9069959999999999
network-phase-closure-20260728,replication,drift,0.5,100,202608290100,39,200,1114.24,0.891392
network-phase-closure-20260728,replication,drift,0.5,200,202608290200,0,200,3238.735,0.9160525923864852
network-phase-closure-20260728,replication,drift,0.5,200,202608290200,1,200,3227.545,0.9128875824338941
network-phase-closure-20260728,replication,drift,0.5,200,202608290200,2,200,3188.605,0.9018736872101325
network-phase-closure-20260728,replication,drift,0.5,200,202608290200,3,200,3077.1,0.87033531055565
network-phase-closure-20260728,replication,drift,0.5,200,202608290200,4,200,3261.96,0.9226216143837082
network-phase-closure-20260728,replication,drift,0.5,200,202608290200,5,200,3247.345,0.9184878681408916
network-phase-closure-20260728,replication,drift,0.5,200,202608290200,6,200,3257.98,0.9214959003880592
network-phase-closure-20260728,replication,drift,0.5,200,202608290200,7,200,3266.1,0.923792583213353
network-phase-closure-20260728,replication,drift,0.5,200,202608290200,8,200,3166.035,0.8954899271895803
network-phase-closure-20260728,replication,drift,0.5,200,202608290200,9,200,3204.9,0.9064826092099064
network-phase-closure-20260728,replication,drift,0.5,200,202608290200,10,200,3242.36,0.9170778972192056
network-phase-closure-20260728,replication,drift,0.5,200,202608290200,11,200,3194.54,0.9035523587086693
network-phase-closure-20260728,replication,drift,0.5,200,202608290200,12,200,3237.415,0.9156792400060186
network-phase-closure-20260728,replication,drift,0.5,200,202608290200,13,200,3249.79,0.919179418572892
network-phase-closure-20260728,replication,drift,0.5,200,202608290200,14,200,3251.68,0.919713991299469
network-phase-closure-20260728,replication,drift,0.5,200,202608290200,15,200,3314.4,0.9374538862258772
network-phase-closure-20260728,replication,drift,0.5,200,202608290200,16,200,3231.525,0.9140132964295431
network-phase-closure-20260728,replication,drift,0.5,200,202608290200,17,200,3168.385,0.8961546075638958
network-phase-closure-20260728,replication,drift,0.5,200,202608290200,18,200,3224.27,0.9119612725505397
network-phase-closure-20260728,replication,drift,0.5,200,202608290200,19,200,3145.315,0.8896294261871062
network-phase-closure-20260728,replication,drift,0.5,200,202608290200,20,200,3222.145,0.9113602317865311
network-phase-closure-20260728,replication,drift,0.5,200,202608290200,21,200,3144.4,0.8893706251051919
network-phase-closure-20260728,replication,drift,0.5,200,202608290200,22,200,3231.35,0.91396379895486
network-phase-closure-20260728,replication,drift,0.5,200,202608290200,23,200,3270.835,0.9251318434569203
network-phase-closure-20260728,replication,drift,0.5,200,202608290200,24,200,3187.965,0.9016926678741487
network-phase-closure-20260728,replication,drift,0.5,200,202608290200,25,200,3127.485,0.8845863406236838
network-phase-closure-20260728,replication,drift,0.5,200,202608290200,26,200,3220.845,0.9109925362603141
network-phase-closure-20260728,replication,drift,0.5,200,202608290200,27,200,3193.36,0.9032186043079493
network-phase-closure-20260728,replication,drift,0.5,200,202608290200,28,200,3278.92,0.9274186267872777
network-phase-closure-20260728,replication,drift,0.5,200,202608290200,29,200,3199.465,0.9049453590676069
network-phase-closure-20260728,replication,drift,0.5,200,202608290200,30,200,3198.025,0.9045380655616434
network-phase-closure-20260728,replication,drift,0.5,200,202608290200,31,200,3298.97,0.9330896231723937
network-phase-closure-20260728,replication,drift,0.5,200,202608290200,32,200,3211.335,0.9083027020646806
network-phase-closure-20260728,replication,drift,0.5,200,202608290200,33,200,3243.305,0.9173451835824941
network-phase-closure-20260728,replication,drift,0.5,200,202608290200,34,200,3220.865,0.9109981931145636
network-phase-closure-20260728,replication,drift,0.5,200,202608290200,35,200,3216.875,0.9098696506917899
network-phase-closure-20260728,replication,drift,0.5,200,202608290200,36,200,3251.53,0.9196715648925979
network-phase-closure-20260728,replication,drift,0.5,200,202608290200,37,200,3237.01,0.9155646887074664
network-phase-closure-20260728,replication,drift,0.5,200,202608290200,38,200,3237.3,0.9156467130940841
network-phase-closure-20260728,replication,drift,0.5,200,202608290200,39,200,3163.79,0.8948549453000748
network-phase-closure-20260728,replication,drift,0.5,400,202608290400,0,200,9317.65,0.931765
network-phase-closure-20260728,replication,drift,0.5,400,202608290400,1,200,9187.335,0.9187334999999999
network-phase-closure-20260728,replication,drift,0.5,400,202608290400,2,200,9308.695,0.9308695
network-phase-closure-20260728,replication,drift,0.5,400,202608290400,3,200,9187.985,0.9187985000000001
network-phase-closure-20260728,replication,drift,0.5,400,202608290400,4,200,9191.435,0.9191435
network-phase-closure-20260728,replication,drift,0.5,400,202608290400,5,200,9205.25,0.920525
network-phase-closure-20260728,replication,drift,0.5,400,202608290400,6,200,9184.045,0.9184045
network-phase-closure-20260728,replication,drift,0.5,400,202608290400,7,200,9357.895,0.9357895
network-phase-closure-20260728,replication,drift,0.5,400,202608290400,8,200,9174.015,0.9174015
network-phase-closure-20260728,replication,drift,0.5,400,202608290400,9,200,9160.585,0.9160584999999999
network-phase-closure-20260728,replication,drift,0.5,400,202608290400,10,200,9166.315,0.9166315
network-phase-closure-20260728,replication,drift,0.5,400,202608290400,11,200,9320.205,0.9320205
network-phase-closure-20260728,replication,drift,0.5,400,202608290400,12,200,9315.375,0.9315375
network-phase-closure-20260728,replication,drift,0.5,400,202608290400,13,200,9271.07,0.927107
network-phase-closure-20260728,replication,drift,0.5,400,202608290400,14,200,9304.24,0.930424
network-phase-closure-20260728,replication,drift,0.5,400,202608290400,15,200,9112.785,0.9112785
network-phase-closure-20260728,replication,drift,0.5,400,202608290400,16,200,9327.65,0.932765
network-phase-closure-20260728,replication,drift,0.5,400,202608290400,17,200,9175.8,0.91758
network-phase-closure-20260728,replication,drift,0.5,400,202608290400,18,200,9149.17,0.914917
network-phase-closure-20260728,replication,drift,0.5,400,202608290400,19,200,9180.7,0.91807
network-phase-closure-20260728,replication,drift,0.5,400,202608290400,20,200,9117.395,0.9117395
network-phase-closure-20260728,replication,drift,0.5,400,202608290400,21,200,9245.865,0.9245865
network-phase-closure-20260728,replication,drift,0.5,400,202608290400,22,200,9184.495,0.9184495
network-phase-closure-20260728,replication,drift,0.5,400,202608290400,23,200,9244.52,0.924452
network-phase-closure-20260728,replication,drift,0.5,400,202608290400,24,200,9146.645,0.9146645
network-phase-closure-20260728,replication,drift,0.5,400,202608290400,25,200,9296.09,0.929609
network-phase-closure-20260728,replication,drift,0.5,400,202608290400,26,200,9286.365,0.9286365
network-phase-closure-20260728,replication,drift,0.5,400,202608290400,27,200,9440.785,0.9440784999999999
network-phase-closure-20260728,replication,drift,0.5,400,202608290400,28,200,9365.475,0.9365475000000001
network-phase-closure-20260728,replication,drift,0.5,400,202608290400,29,200,9310.96,0.9310959999999999
network-phase-closure-20260728,replication,drift,0.5,400,202608290400,30,200,9275.06,0.9275059999999999
network-phase-closure-20260728,replication,drift,0.5,400,202608290400,31,200,9271.86,0.9271860000000001
network-phase-closure-20260728,replication,drift,0.5,400,202608290400,32,200,9180.145,0.9180145000000001
network-phase-closure-20260728,replication,drift,0.5,400,202608290400,33,200,9222.47,0.9222469999999999
network-phase-closure-20260728,replication,drift,0.5,400,202608290400,34,200,9273.73,0.927373
network-phase-closure-20260728,replication,drift,0.5,400,202608290400,35,200,9248.82,0.924882
network-phase-closure-20260728,replication,drift,0.5,400,202608290400,36,200,9168.81,0.916881
network-phase-closure-20260728,replication,drift,0.5,400,202608290400,37,200,9371.56,0.937156
network-phase-closure-20260728,replication,drift,0.5,400,202608290400,38,200,9211.575,0.9211575000000001
network-phase-closure-20260728,replication,drift,0.5,400,202608290400,39,200,9353.775,0.9353775
network-phase-closure-20260728,replication,drift,0.5,800,202608290800,0,200,26544.075,0.9384747716412153
network-phase-closure-20260728,replication,drift,0.5,800,202608290800,1,200,26867.43,0.949907097302744
network-phase-closure-20260728,replication,drift,0.5,800,202608290800,2,200,26156.455,0.9247703351150388
network-phase-closure-20260728,replication,drift,0.5,800,202608290800,3,200,26706.19,0.9442064024328181
network-phase-closure-20260728,replication,drift,0.5,800,202608290800,4,200,26432.54,0.9345314138992332
network-phase-closure-20260728,replication,drift,0.5,800,202608290800,5,200,26370.65,0.9323432719648514
network-phase-closure-20260728,replication,drift,0.5,800,202608290800,6,200,26851.975,0.949360680537582
network-phase-closure-20260728,replication,drift,0.5,800,202608290800,7,200,26708.73,0.9442962049940288
network-phase-closure-20260728,replication,drift,0.5,800,202608290800,8,200,26350.73,0.9316389936107896
network-phase-closure-20260728,replication,drift,0.5,800,202608290800,9,200,26469.64,0.9358430969783341
network-phase-closure-20260728,replication,drift,0.5,800,202608290800,10,200,26545.635,0.9385299259701477
network-phase-closure-20260728,replication,drift,0.5,800,202608290800,11,200,26460.765,0.9355293183441826
network-phase-closure-20260728,replication,drift,0.5,800,202608290800,12,200,26256.435,0.9283051619141903
network-phase-closure-20260728,replication,drift,0.5,800,202608290800,13,200,26493.94,0.9367022317174758
network-phase-closure-20260728,replication,drift,0.5,800,202608290800,14,200,26573.115,0.9395014906874981
network-phase-closure-20260728,replication,drift,0.5,800,202608290800,15,200,26400.115,0.9333850170302345
network-phase-closure-20260728,replication,drift,0.5,800,202608290800,16,200,26566.92,0.9392824643620254
network-phase-closure-20260728,replication,drift,0.5,800,202608290800,17,200,26316.05,0.9304128704522121
network-phase-closure-20260728,replication,drift,0.5,800,202608290800,18,200,25771.53,0.9111611812276271
network-phase-closure-20260728,replication,drift,0.5,800,202608290800,19,200,26515.765,0.9374738619924456
network-phase-closure-20260728,replication,drift,0.5,800,202608290800,20,200,26590.44,0.9401140219367009
network-phase-closure-20260728,replication,drift,0.5,800,202608290800,21,200,26480.285,0.9362194545626207
network-phase-closure-20260728,replication,drift,0.5,800,202608290800,22,200,26397.48,0.9332918557118132
network-phase-closure-20260728,replication,drift,0.5,800,202608290800,23,200,26069.375,0.9216915921897525
network-phase-closure-20260728,replication,drift,0.5,800,202608290800,24,200,25917.46,0.9163205858565547
network-phase-closure-20260728,replication,drift,0.5,800,202608290800,25,200,26814.315,0.9480291984686078
network-phase-closure-20260728,replication,drift,0.5,800,202608290800,26,200,26376.39,0.9325462116110519
network-phase-closure-20260728,replication,drift,0.5,800,202608290800,27,200,26768.875,0.946422651861752
network-phase-closure-20260728,replication,drift,0.5,800,202608290800,28,200,25789.765,0.911805885835374
network-phase-closure-20260728,replication,drift,0.5,800,202608290800,29,200,26272.93,0.928888348231974
network-phase-closure-20260728,replication,drift,0.5,800,202608290800,30,200,26636.25,0.9417336500190088
network-phase-closure-20260728,replication,drift,0.5,800,202608290800,31,200,26700.915,0.9440199030192802
network-phase-closure-20260728,replication,drift,0.5,800,202608290800,32,200,26385.41,0.932865116769367
network-phase-closure-20260728,replication,drift,0.5,800,202608290800,33,200,26191.945,0.9260250960982542
network-phase-closure-20260728,replication,drift,0.5,800,202608290800,34,200,26500.245,0.9369251471302449
network-phase-closure-20260728,replication,drift,0.5,800,202608290800,35,200,26778.975,0.9467797407862512
network-phase-closure-20260728,replication,drift,0.5,800,202608290800,36,200,26300.55,0.9298648626967925
network-phase-closure-20260728,replication,drift,0.5,800,202608290800,37,200,26599.795,0.9404447711336009
network-phase-closure-20260728,replication,drift,0.5,800,202608290800,38,200,26693.645,0.9437628697043189
network-phase-closure-20260728,replication,drift,0.5,800,202608290800,39,200,26392.835,0.9331276301618825
network-phase-closure-20260728,replication,drift,0.5,1600,202608291600,0,200,77638.05,0.9704756250000001
network-phase-closure-20260728,replication,drift,0.5,1600,202608291600,1,200,75771.67,0.947145875
network-phase-closure-20260728,replication,drift,0.5,1600,202608291600,2,200,74902.57,0.9362821250000001
network-phase-closure-20260728,replication,drift,0.5,1600,202608291600,3,200,75510.885,0.9438860625
network-phase-closure-20260728,replication,drift,0.5,1600,202608291600,4,200,75306.255,0.9413281875
network-phase-closure-20260728,replication,drift,0.5,1600,202608291600,5,200,75861.97,0.948274625
network-phase-closure-20260728,replication,drift,0.5,1600,202608291600,6,200,75685.4,0.9460675
network-phase-closure-20260728,replication,drift,0.5,1600,202608291600,7,200,75835.655,0.9479456875
network-phase-closure-20260728,replication,drift,0.5,1600,202608291600,8,200,75990.67,0.949883375
network-phase-closure-20260728,replication,drift,0.5,1600,202608291600,9,200,75744.88,0.9468110000000001
network-phase-closure-20260728,replication,drift,0.5,1600,202608291600,10,200,76388.43,0.954855375
network-phase-closure-20260728,replication,drift,0.5,1600,202608291600,11,200,76989.2,0.9623649999999999
network-phase-closure-20260728,replication,drift,0.5,1600,202608291600,12,200,77421.525,0.9677690624999999
network-phase-closure-20260728,replication,drift,0.5,1600,202608291600,13,200,76381.315,0.9547664375
network-phase-closure-20260728,replication,drift,0.5,1600,202608291600,14,200,74720.55,0.934006875
network-phase-closure-20260728,replication,drift,0.5,1600,202608291600,15,200,74442.76,0.9305344999999999
network-phase-closure-20260728,replication,drift,0.5,1600,202608291600,16,200,76545.225,0.9568153125000001
network-phase-closure-20260728,replication,drift,0.5,1600,202608291600,17,200,76662.74,0.9582842500000001
network-phase-closure-20260728,replication,drift,0.5,1600,202608291600,18,200,75928.06,0.9491007499999999
network-phase-closure-20260728,replication,drift,0.5,1600,202608291600,19,200,75981.38,0.9497672500000001
network-phase-closure-20260728,replication,drift,0.5,1600,202608291600,20,200,75375.41,0.942192625
network-phase-closure-20260728,replication,drift,0.5,1600,202608291600,21,200,76059.335,0.9507416875000001
network-phase-closure-20260728,replication,drift,0.5,1600,202608291600,22,200,75136.42,0.93920525
network-phase-closure-20260728,replication,drift,0.5,1600,202608291600,23,200,76290.995,0.9536374375
network-phase-closure-20260728,replication,drift,0.5,1600,202608291600,24,200,75023.18,0.9377897499999999
network-phase-closure-20260728,replication,drift,0.5,1600,202608291600,25,200,75716.25,0.946453125
network-phase-closure-20260728,replication,drift,0.5,1600,202608291600,26,200,75520.62,0.9440077499999999
network-phase-closure-20260728,replication,drift,0.5,1600,202608291600,27,200,74914.79,0.9364348749999999
network-phase-closure-20260728,replication,drift,0.5,1600,202608291600,28,200,75468.645,0.9433580625000001
network-phase-closure-20260728,replication,drift,0.5,1600,202608291600,29,200,75712.795,0.9464099375
network-phase-closure-20260728,replication,drift,0.5,1600,202608291600,30,200,75845.87,0.948073375
network-phase-closure-20260728,replication,drift,0.5,1600,202608291600,31,200,76139.365,0.9517420625
network-phase-closure-20260728,replication,drift,0.5,1600,202608291600,32,200,76669.59,0.9583698749999999
network-phase-closure-20260728,replication,drift,0.5,1600,202608291600,33,200,77356.36,0.9669545
network-phase-closure-20260728,replication,drift,0.5,1600,202608291600,34,200,76570.51,0.9571313749999999
network-phase-closure-20260728,replication,drift,0.5,1600,202608291600,35,200,75952.285,0.9494035625
network-phase-closure-20260728,replication,drift,0.5,1600,202608291600,36,200,75375.91,0.942198875
network-phase-closure-20260728,replication,drift,0.5,1600,202608291600,37,200,75105.105,0.9388138125
network-phase-closure-20260728,replication,drift,0.5,1600,202608291600,38,200,75572.805,0.9446600624999999
network-phase-closure-20260728,replication,drift,0.5,1600,202608291600,39,200,76181.535,0.9522691875
network-phase-closure-20260728,replication,critical,1.0,25,202608300025,0,200,446.805,0.714888
network-phase-closure-20260728,replication,critical,1.0,25,202608300025,1,200,450.655,0.7210479999999999
network-phase-closure-20260728,replication,critical,1.0,25,202608300025,2,200,468.14,0.749024
network-phase-closure-20260728,replication,critical,1.0,25,202608300025,3,200,433.385,0.693416
network-phase-closure-20260728,replication,critical,1.0,25,202608300025,4,200,442.855,0.708568
network-phase-closure-20260728,replication,critical,1.0,25,202608300025,5,200,444.46,0.711136
network-phase-closure-20260728,replication,critical,1.0,25,202608300025,6,200,434.44,0.6951039999999999
network-phase-closure-20260728,replication,critical,1.0,25,202608300025,7,200,478.88,0.766208
network-phase-closure-20260728,replication,critical,1.0,25,202608300025,8,200,438.055,0.700888
network-phase-closure-20260728,replication,critical,1.0,25,202608300025,9,200,416.715,0.666744
network-phase-closure-20260728,replication,critical,1.0,25,202608300025,10,200,502.42,0.803872
network-phase-closure-20260728,replication,critical,1.0,25,202608300025,11,200,459.37,0.734992
network-phase-closure-20260728,replication,critical,1.0,25,202608300025,12,200,408.96,0.6543359999999999
network-phase-closure-20260728,replication,critical,1.0,25,202608300025,13,200,455.09,0.728144
network-phase-closure-20260728,replication,critical,1.0,25,202608300025,14,200,462.6,0.74016
network-phase-closure-20260728,replication,critical,1.0,25,202608300025,15,200,418.035,0.668856
network-phase-closure-20260728,replication,critical,1.0,25,202608300025,16,200,448.015,0.716824
network-phase-closure-20260728,replication,critical,1.0,25,202608300025,17,200,467.805,0.748488
network-phase-closure-20260728,replication,critical,1.0,25,202608300025,18,200,429.635,0.687416
network-phase-closure-20260728,replication,critical,1.0,25,202608300025,19,200,456.225,0.72996
network-phase-closure-20260728,replication,critical,1.0,25,202608300025,20,200,446.745,0.714792
network-phase-closure-20260728,replication,critical,1.0,25,202608300025,21,200,452.56,0.724096
network-phase-closure-20260728,replication,critical,1.0,25,202608300025,22,200,432.495,0.691992
network-phase-closure-20260728,replication,critical,1.0,25,202608300025,23,200,432.55,0.69208
network-phase-closure-20260728,replication,critical,1.0,25,202608300025,24,200,478.015,0.764824
network-phase-closure-20260728,replication,critical,1.0,25,202608300025,25,200,441.725,0.70676
network-phase-closure-20260728,replication,critical,1.0,25,202608300025,26,200,460.035,0.736056
network-phase-closure-20260728,replication,critical,1.0,25,202608300025,27,200,413.81,0.662096
network-phase-closure-20260728,replication,critical,1.0,25,202608300025,28,200,453.32,0.725312
network-phase-closure-20260728,replication,critical,1.0,25,202608300025,29,200,440.28,0.704448
network-phase-closure-20260728,replication,critical,1.0,25,202608300025,30,200,416.355,0.666168
network-phase-closure-20260728,replication,critical,1.0,25,202608300025,31,200,422.57,0.6761119999999999
network-phase-closure-20260728,replication,critical,1.0,25,202608300025,32,200,461.845,0.738952
network-phase-closure-20260728,replication,critical,1.0,25,202608300025,33,200,433.325,0.6933199999999999
network-phase-closure-20260728,replication,critical,1.0,25,202608300025,34,200,421.215,0.673944
network-phase-closure-20260728,replication,critical,1.0,25,202608300025,35,200,432.91,0.692656
network-phase-closure-20260728,replication,critical,1.0,25,202608300025,36,200,428.47,0.685552
network-phase-closure-20260728,replication,critical,1.0,25,202608300025,37,200,421.18,0.673888
network-phase-closure-20260728,replication,critical,1.0,25,202608300025,38,200,436.33,0.698128
network-phase-closure-20260728,replication,critical,1.0,25,202608300025,39,200,451.13,0.721808
network-phase-closure-20260728,replication,critical,1.0,50,202608300050,0,200,1778.445,0.711378
network-phase-closure-20260728,replication,critical,1.0,50,202608300050,1,200,1696.45,0.6785800000000001
network-phase-closure-20260728,replication,critical,1.0,50,202608300050,2,200,1819.545,0.7278180000000001
network-phase-closure-20260728,replication,critical,1.0,50,202608300050,3,200,1842.995,0.7371979999999999
network-phase-closure-20260728,replication,critical,1.0,50,202608300050,4,200,1789.215,0.7156859999999999
network-phase-closure-20260728,replication,critical,1.0,50,202608300050,5,200,1718.465,0.6873859999999999
network-phase-closure-20260728,replication,critical,1.0,50,202608300050,6,200,1829.395,0.731758
network-phase-closure-20260728,replication,critical,1.0,50,202608300050,7,200,1825.695,0.730278
network-phase-closure-20260728,replication,critical,1.0,50,202608300050,8,200,1713.135,0.685254
network-phase-closure-20260728,replication,critical,1.0,50,202608300050,9,200,1619.865,0.647946
network-phase-closure-20260728,replication,critical,1.0,50,202608300050,10,200,1692.66,0.677064
network-phase-closure-20260728,replication,critical,1.0,50,202608300050,11,200,1800.545,0.720218
network-phase-closure-20260728,replication,critical,1.0,50,202608300050,12,200,1713.745,0.6854979999999999
network-phase-closure-20260728,replication,critical,1.0,50,202608300050,13,200,1892.83,0.7571319999999999
network-phase-closure-20260728,replication,critical,1.0,50,202608300050,14,200,1730.25,0.6921
network-phase-closure-20260728,replication,critical,1.0,50,202608300050,15,200,1862.075,0.74483
network-phase-closure-20260728,replication,critical,1.0,50,202608300050,16,200,1797.815,0.719126
network-phase-closure-20260728,replication,critical,1.0,50,202608300050,17,200,1837.095,0.734838
network-phase-closure-20260728,replication,critical,1.0,50,202608300050,18,200,1681.205,0.672482
network-phase-closure-20260728,replication,critical,1.0,50,202608300050,19,200,1804.78,0.721912
network-phase-closure-20260728,replication,critical,1.0,50,202608300050,20,200,1704.54,0.681816
network-phase-closure-20260728,replication,critical,1.0,50,202608300050,21,200,1765.26,0.706104
network-phase-closure-20260728,replication,critical,1.0,50,202608300050,22,200,1752.26,0.700904
network-phase-closure-20260728,replication,critical,1.0,50,202608300050,23,200,1886.295,0.754518
network-phase-closure-20260728,replication,critical,1.0,50,202608300050,24,200,1726.37,0.6905479999999999
network-phase-closure-20260728,replication,critical,1.0,50,202608300050,25,200,1794.925,0.71797
network-phase-closure-20260728,replication,critical,1.0,50,202608300050,26,200,1863.03,0.745212
network-phase-closure-20260728,replication,critical,1.0,50,202608300050,27,200,1799.01,0.719604
network-phase-closure-20260728,replication,critical,1.0,50,202608300050,28,200,1892.4,0.7569600000000001
network-phase-closure-20260728,replication,critical,1.0,50,202608300050,29,200,1822.775,0.72911
network-phase-closure-20260728,replication,critical,1.0,50,202608300050,30,200,1826.59,0.730636
network-phase-closure-20260728,replication,critical,1.0,50,202608300050,31,200,1876.12,0.750448
network-phase-closure-20260728,replication,critical,1.0,50,202608300050,32,200,1892.29,0.756916
network-phase-closure-20260728,replication,critical,1.0,50,202608300050,33,200,1743.49,0.697396
network-phase-closure-20260728,replication,critical,1.0,50,202608300050,34,200,1594.43,0.637772
network-phase-closure-20260728,replication,critical,1.0,50,202608300050,35,200,1805.215,0.722086
network-phase-closure-20260728,replication,critical,1.0,50,202608300050,36,200,1814.565,0.725826
network-phase-closure-20260728,replication,critical,1.0,50,202608300050,37,200,1807.64,0.723056
network-phase-closure-20260728,replication,critical,1.0,50,202608300050,38,200,1805.78,0.722312
network-phase-closure-20260728,replication,critical,1.0,50,202608300050,39,200,1737.935,0.695174
network-phase-closure-20260728,replication,critical,1.0,100,202608300100,0,200,7363.645,0.7363645000000001
network-phase-closure-20260728,replication,critical,1.0,100,202608300100,1,200,7292.435,0.7292435
network-phase-closure-20260728,replication,critical,1.0,100,202608300100,2,200,6943.675,0.6943675
network-phase-closure-20260728,replication,critical,1.0,100,202608300100,3,200,6731.325,0.6731325
network-phase-closure-20260728,replication,critical,1.0,100,202608300100,4,200,7396.915,0.7396915
network-phase-closure-20260728,replication,critical,1.0,100,202608300100,5,200,7128.48,0.7128479999999999
network-phase-closure-20260728,replication,critical,1.0,100,202608300100,6,200,6837.015,0.6837015000000001
network-phase-closure-20260728,replication,critical,1.0,100,202608300100,7,200,7620.73,0.762073
network-phase-closure-20260728,replication,critical,1.0,100,202608300100,8,200,7224.895,0.7224895
network-phase-closure-20260728,replication,critical,1.0,100,202608300100,9,200,7163.3,0.71633
network-phase-closure-20260728,replication,critical,1.0,100,202608300100,10,200,7355.44,0.735544
network-phase-closure-20260728,replication,critical,1.0,100,202608300100,11,200,6733.57,0.673357
network-phase-closure-20260728,replication,critical,1.0,100,202608300100,12,200,6788.41,0.678841
network-phase-closure-20260728,replication,critical,1.0,100,202608300100,13,200,7106.3,0.71063
network-phase-closure-20260728,replication,critical,1.0,100,202608300100,14,200,7591.37,0.759137
network-phase-closure-20260728,replication,critical,1.0,100,202608300100,15,200,7162.31,0.7162310000000001
network-phase-closure-20260728,replication,critical,1.0,100,202608300100,16,200,7754.77,0.7754770000000001
network-phase-closure-20260728,replication,critical,1.0,100,202608300100,17,200,7010.75,0.701075
network-phase-closure-20260728,replication,critical,1.0,100,202608300100,18,200,6934.135,0.6934135
network-phase-closure-20260728,replication,critical,1.0,100,202608300100,19,200,7360.725,0.7360725
network-phase-closure-20260728,replication,critical,1.0,100,202608300100,20,200,7284.26,0.728426
network-phase-closure-20260728,replication,critical,1.0,100,202608300100,21,200,6989.745,0.6989744999999999
network-phase-closure-20260728,replication,critical,1.0,100,202608300100,22,200,7568.505,0.7568505
network-phase-closure-20260728,replication,critical,1.0,100,202608300100,23,200,7115.805,0.7115805000000001
network-phase-closure-20260728,replication,critical,1.0,100,202608300100,24,200,7081.675,0.7081675000000001
network-phase-closure-20260728,replication,critical,1.0,100,202608300100,25,200,7200.655,0.7200655
network-phase-closure-20260728,replication,critical,1.0,100,202608300100,26,200,6972.1,0.69721
network-phase-closure-20260728,replication,critical,1.0,100,202608300100,27,200,7003.185,0.7003185000000001
network-phase-closure-20260728,replication,critical,1.0,100,202608300100,28,200,7055.585,0.7055585
network-phase-closure-20260728,replication,critical,1.0,100,202608300100,29,200,7313.35,0.7313350000000001
network-phase-closure-20260728,replication,critical,1.0,100,202608300100,30,200,6962.8,0.69628
network-phase-closure-20260728,replication,critical,1.0,100,202608300100,31,200,6943.055,0.6943055
network-phase-closure-20260728,replication,critical,1.0,100,202608300100,32,200,6901.415,0.6901415
network-phase-closure-20260728,replication,critical,1.0,100,202608300100,33,200,7249.715,0.7249715
network-phase-closure-20260728,replication,critical,1.0,100,202608300100,34,200,6859.495,0.6859495
network-phase-closure-20260728,replication,critical,1.0,100,202608300100,35,200,7133.385,0.7133385
network-phase-closure-20260728,replication,critical,1.0,100,202608300100,36,200,7213.725,0.7213725000000001
network-phase-closure-20260728,replication,critical,1.0,100,202608300100,37,200,7089.235,0.7089234999999999
network-phase-closure-20260728,replication,critical,1.0,100,202608300100,38,200,7073.68,0.707368
network-phase-closure-20260728,replication,critical,1.0,100,202608300100,39,200,7365.4,0.73654
network-phase-closure-20260728,replication,critical,1.0,200,202608300200,0,200,29160.105,0.729002625
network-phase-closure-20260728,replication,critical,1.0,200,202608300200,1,200,29993.415,0.749835375
network-phase-closure-20260728,replication,critical,1.0,200,202608300200,2,200,29282.06,0.7320515000000001
network-phase-closure-20260728,replication,critical,1.0,200,202608300200,3,200,28280.85,0.7070212499999999
network-phase-closure-20260728,replication,critical,1.0,200,202608300200,4,200,27308.69,0.6827172499999999
network-phase-closure-20260728,replication,critical,1.0,200,202608300200,5,200,27486.04,0.6871510000000001
network-phase-closure-20260728,replication,critical,1.0,200,202608300200,6,200,29677.705,0.7419426250000001
network-phase-closure-20260728,replication,critical,1.0,200,202608300200,7,200,28065.895,0.701647375
network-phase-closure-20260728,replication,critical,1.0,200,202608300200,8,200,27039.695,0.675992375
network-phase-closure-20260728,replication,critical,1.0,200,202608300200,9,200,28399.245,0.709981125
network-phase-closure-20260728,replication,critical,1.0,200,202608300200,10,200,27358.905,0.683972625
network-phase-closure-20260728,replication,critical,1.0,200,202608300200,11,200,28728.925,0.718223125
network-phase-closure-20260728,replication,critical,1.0,200,202608300200,12,200,28591.34,0.7147835
network-phase-closure-20260728,replication,critical,1.0,200,202608300200,13,200,28308.1,0.7077025
network-phase-closure-20260728,replication,critical,1.0,200,202608300200,14,200,28480.845,0.712021125
network-phase-closure-20260728,replication,critical,1.0,200,202608300200,15,200,27526.785,0.688169625
network-phase-closure-20260728,replication,critical,1.0,200,202608300200,16,200,28055.89,0.70139725
network-phase-closure-20260728,replication,critical,1.0,200,202608300200,17,200,27218.795,0.680469875
network-phase-closure-20260728,replication,critical,1.0,200,202608300200,18,200,31019.21,0.77548025
network-phase-closure-20260728,replication,critical,1.0,200,202608300200,19,200,28846.51,0.72116275
network-phase-closure-20260728,replication,critical,1.0,200,202608300200,20,200,29675.6,0.7418899999999999
network-phase-closure-20260728,replication,critical,1.0,200,202608300200,21,200,28165.76,0.704144
network-phase-closure-20260728,replication,critical,1.0,200,202608300200,22,200,27380.835,0.684520875
network-phase-closure-20260728,replication,critical,1.0,200,202608300200,23,200,26251.655,0.656291375
network-phase-closure-20260728,replication,critical,1.0,200,202608300200,24,200,29668.045,0.741701125
network-phase-closure-20260728,replication,critical,1.0,200,202608300200,25,200,29323.645,0.7330911250000001
network-phase-closure-20260728,replication,critical,1.0,200,202608300200,26,200,27910.585,0.697764625
network-phase-closure-20260728,replication,critical,1.0,200,202608300200,27,200,28527.325,0.713183125
network-phase-closure-20260728,replication,critical,1.0,200,202608300200,28,200,29537.56,0.7384390000000001
network-phase-closure-20260728,replication,critical,1.0,200,202608300200,29,200,29201.015,0.730025375
network-phase-closure-20260728,replication,critical,1.0,200,202608300200,30,200,28353.92,0.7088479999999999
network-phase-closure-20260728,replication,critical,1.0,200,202608300200,31,200,25995.62,0.6498904999999999
network-phase-closure-20260728,replication,critical,1.0,200,202608300200,32,200,28992.625,0.724815625
network-phase-closure-20260728,replication,critical,1.0,200,202608300200,33,200,29549.94,0.7387484999999999
network-phase-closure-20260728,replication,critical,1.0,200,202608300200,34,200,27606.44,0.6901609999999999
network-phase-closure-20260728,replication,critical,1.0,200,202608300200,35,200,27912.955,0.6978238750000001
network-phase-closure-20260728,replication,critical,1.0,200,202608300200,36,200,27451.98,0.6862995
network-phase-closure-20260728,replication,critical,1.0,200,202608300200,37,200,28520.935,0.713023375
network-phase-closure-20260728,replication,critical,1.0,200,202608300200,38,200,29033.07,0.72582675
network-phase-closure-20260728,replication,critical,1.0,200,202608300200,39,200,27024.745,0.675618625
network-phase-closure-20260728,replication,critical,1.0,400,202608300400,0,200,110463.93,0.6903995625
network-phase-closure-20260728,replication,critical,1.0,400,202608300400,1,200,111769.48,0.69855925
network-phase-closure-20260728,replication,critical,1.0,400,202608300400,2,200,114653.575,0.71658484375
network-phase-closure-20260728,replication,critical,1.0,400,202608300400,3,200,108868.77,0.6804298125
network-phase-closure-20260728,replication,critical,1.0,400,202608300400,4,200,116150.135,0.72593834375
network-phase-closure-20260728,replication,critical,1.0,400,202608300400,5,200,115142.32,0.7196395000000001
network-phase-closure-20260728,replication,critical,1.0,400,202608300400,6,200,108772.315,0.67982696875
network-phase-closure-20260728,replication,critical,1.0,400,202608300400,7,200,113404.46,0.708777875
network-phase-closure-20260728,replication,critical,1.0,400,202608300400,8,200,115596.08,0.7224755
network-phase-closure-20260728,replication,critical,1.0,400,202608300400,9,200,114481.735,0.71551084375
network-phase-closure-20260728,replication,critical,1.0,400,202608300400,10,200,108589.93,0.6786870625
network-phase-closure-20260728,replication,critical,1.0,400,202608300400,11,200,111362.735,0.69601709375
network-phase-closure-20260728,replication,critical,1.0,400,202608300400,12,200,110639.475,0.6914967187500001
network-phase-closure-20260728,replication,critical,1.0,400,202608300400,13,200,109749.535,0.68593459375
network-phase-closure-20260728,replication,critical,1.0,400,202608300400,14,200,108599.66,0.678747875
network-phase-closure-20260728,replication,critical,1.0,400,202608300400,15,200,112444.01,0.7027750625
network-phase-closure-20260728,replication,critical,1.0,400,202608300400,16,200,116386.65,0.7274165625
network-phase-closure-20260728,replication,critical,1.0,400,202608300400,17,200,117460.63,0.7341289375000001
network-phase-closure-20260728,replication,critical,1.0,400,202608300400,18,200,115603.21,0.7225200625
network-phase-closure-20260728,replication,critical,1.0,400,202608300400,19,200,108634.645,0.6789665312500001
network-phase-closure-20260728,replication,critical,1.0,400,202608300400,20,200,116747.02,0.729668875
network-phase-closure-20260728,replication,critical,1.0,400,202608300400,21,200,104701.89,0.6543868125
network-phase-closure-20260728,replication,critical,1.0,400,202608300400,22,200,112106.435,0.70066521875
network-phase-closure-20260728,replication,critical,1.0,400,202608300400,23,200,118904.055,0.74315034375
network-phase-closure-20260728,replication,critical,1.0,400,202608300400,24,200,113377.205,0.70860753125
network-phase-closure-20260728,replication,critical,1.0,400,202608300400,25,200,104929.18,0.655807375
network-phase-closure-20260728,replication,critical,1.0,400,202608300400,26,200,109093.505,0.68183440625
network-phase-closure-20260728,replication,critical,1.0,400,202608300400,27,200,112725.815,0.70453634375
network-phase-closure-20260728,replication,critical,1.0,400,202608300400,28,200,110313.705,0.68946065625
network-phase-closure-20260728,replication,critical,1.0,400,202608300400,29,200,115214.52,0.72009075
network-phase-closure-20260728,replication,critical,1.0,400,202608300400,30,200,118075.975,0.73797484375
network-phase-closure-20260728,replication,critical,1.0,400,202608300400,31,200,107674.3,0.6729643750000001
network-phase-closure-20260728,replication,critical,1.0,400,202608300400,32,200,116202.375,0.72626484375
network-phase-closure-20260728,replication,critical,1.0,400,202608300400,33,200,110907.695,0.69317309375
network-phase-closure-20260728,replication,critical,1.0,400,202608300400,34,200,112139.1,0.700869375
network-phase-closure-20260728,replication,critical,1.0,400,202608300400,35,200,112967.12,0.7060445
network-phase-closure-20260728,replication,critical,1.0,400,202608300400,36,200,117251.85,0.7328240625
network-phase-closure-20260728,replication,critical,1.0,400,202608300400,37,200,115405.225,0.72128265625
network-phase-closure-20260728,replication,critical,1.0,400,202608300400,38,200,108945.455,0.68090909375
network-phase-closure-20260728,replication,critical,1.0,400,202608300400,39,200,112104.425,0.7006526562500001
network-phase-closure-20260728,replication,fair,2.0,25,202608310025,0,200,584.83,0.9357280000000001
network-phase-closure-20260728,replication,fair,2.0,25,202608310025,1,200,588.15,0.94104
network-phase-closure-20260728,replication,fair,2.0,25,202608310025,2,200,628.35,1.00536
network-phase-closure-20260728,replication,fair,2.0,25,202608310025,3,200,599.675,0.9594799999999999
network-phase-closure-20260728,replication,fair,2.0,25,202608310025,4,200,594.185,0.9506959999999999
network-phase-closure-20260728,replication,fair,2.0,25,202608310025,5,200,560.155,0.8962479999999999
network-phase-closure-20260728,replication,fair,2.0,25,202608310025,6,200,596.055,0.9536879999999999
network-phase-closure-20260728,replication,fair,2.0,25,202608310025,7,200,613.405,0.981448
network-phase-closure-20260728,replication,fair,2.0,25,202608310025,8,200,610.08,0.9761280000000001
network-phase-closure-20260728,replication,fair,2.0,25,202608310025,9,200,591.42,0.9462719999999999
network-phase-closure-20260728,replication,fair,2.0,25,202608310025,10,200,586.63,0.938608
network-phase-closure-20260728,replication,fair,2.0,25,202608310025,11,200,608.48,0.973568
network-phase-closure-20260728,replication,fair,2.0,25,202608310025,12,200,611.91,0.9790559999999999
network-phase-closure-20260728,replication,fair,2.0,25,202608310025,13,200,603.495,0.965592
network-phase-closure-20260728,replication,fair,2.0,25,202608310025,14,200,576.99,0.923184
network-phase-closure-20260728,replication,fair,2.0,25,202608310025,15,200,544.74,0.871584
network-phase-closure-20260728,replication,fair,2.0,25,202608310025,16,200,566.79,0.9068639999999999
network-phase-closure-20260728,replication,fair,2.0,25,202608310025,17,200,676.49,1.082384
network-phase-closure-20260728,replication,fair,2.0,25,202608310025,18,200,674.83,1.079728
network-phase-closure-20260728,replication,fair,2.0,25,202608310025,19,200,580.655,0.929048
network-phase-closure-20260728,replication,fair,2.0,25,202608310025,20,200,599.19,0.9587040000000001
network-phase-closure-20260728,replication,fair,2.0,25,202608310025,21,200,566.625,0.9066
network-phase-closure-20260728,replication,fair,2.0,25,202608310025,22,200,573.44,0.9175040000000001
network-phase-closure-20260728,replication,fair,2.0,25,202608310025,23,200,634.5,1.0152
network-phase-closure-20260728,replication,fair,2.0,25,202608310025,24,200,624.62,0.9993920000000001
network-phase-closure-20260728,replication,fair,2.0,25,202608310025,25,200,631.78,1.010848
network-phase-closure-20260728,replication,fair,2.0,25,202608310025,26,200,663.97,1.062352
network-phase-closure-20260728,replication,fair,2.0,25,202608310025,27,200,619.73,0.991568
network-phase-closure-20260728,replication,fair,2.0,25,202608310025,28,200,599.93,0.959888
network-phase-closure-20260728,replication,fair,2.0,25,202608310025,29,200,592.605,0.948168
network-phase-closure-20260728,replication,fair,2.0,25,202608310025,30,200,554.245,0.886792
network-phase-closure-20260728,replication,fair,2.0,25,202608310025,31,200,622.74,0.996384
network-phase-closure-20260728,replication,fair,2.0,25,202608310025,32,200,595.685,0.9530959999999999
network-phase-closure-20260728,replication,fair,2.0,25,202608310025,33,200,573.8,0.9180799999999999
network-phase-closure-20260728,replication,fair,2.0,25,202608310025,34,200,585.63,0.937008
network-phase-closure-20260728,replication,fair,2.0,25,202608310025,35,200,621.04,0.993664
network-phase-closure-20260728,replication,fair,2.0,25,202608310025,36,200,610.465,0.9767440000000001
network-phase-closure-20260728,replication,fair,2.0,25,202608310025,37,200,593.465,0.949544
network-phase-closure-20260728,replication,fair,2.0,25,202608310025,38,200,595.945,0.953512
network-phase-closure-20260728,replication,fair,2.0,25,202608310025,39,200,631.79,1.010864
network-phase-closure-20260728,replication,fair,2.0,50,202608310050,0,200,2613.385,1.0453540000000001
network-phase-closure-20260728,replication,fair,2.0,50,202608310050,1,200,2713.375,1.08535
network-phase-closure-20260728,replication,fair,2.0,50,202608310050,2,200,2267.395,0.906958
network-phase-closure-20260728,replication,fair,2.0,50,202608310050,3,200,2380.48,0.952192
network-phase-closure-20260728,replication,fair,2.0,50,202608310050,4,200,2441.555,0.9766219999999999
network-phase-closure-20260728,replication,fair,2.0,50,202608310050,5,200,2318.905,0.9275620000000001
network-phase-closure-20260728,replication,fair,2.0,50,202608310050,6,200,2448.56,0.979424
network-phase-closure-20260728,replication,fair,2.0,50,202608310050,7,200,2460.66,0.9842639999999999
network-phase-closure-20260728,replication,fair,2.0,50,202608310050,8,200,2462.565,0.9850260000000001
network-phase-closure-20260728,replication,fair,2.0,50,202608310050,9,200,2344.875,0.93795
network-phase-closure-20260728,replication,fair,2.0,50,202608310050,10,200,2603.44,1.041376
network-phase-closure-20260728,replication,fair,2.0,50,202608310050,11,200,2241.445,0.8965780000000001
network-phase-closure-20260728,replication,fair,2.0,50,202608310050,12,200,2472.25,0.9889
network-phase-closure-20260728,replication,fair,2.0,50,202608310050,13,200,2405.22,0.9620879999999999
network-phase-closure-20260728,replication,fair,2.0,50,202608310050,14,200,2223.71,0.889484
network-phase-closure-20260728,replication,fair,2.0,50,202608310050,15,200,2445.035,0.9780139999999999
network-phase-closure-20260728,replication,fair,2.0,50,202608310050,16,200,2488.03,0.9952120000000001
network-phase-closure-20260728,replication,fair,2.0,50,202608310050,17,200,2329.005,0.931602
network-phase-closure-20260728,replication,fair,2.0,50,202608310050,18,200,2394.895,0.957958
network-phase-closure-20260728,replication,fair,2.0,50,202608310050,19,200,2386.05,0.95442
network-phase-closure-20260728,replication,fair,2.0,50,202608310050,20,200,2339.9,0.93596
network-phase-closure-20260728,replication,fair,2.0,50,202608310050,21,200,2267.495,0.906998
network-phase-closure-20260728,replication,fair,2.0,50,202608310050,22,200,2202.65,0.8810600000000001
network-phase-closure-20260728,replication,fair,2.0,50,202608310050,23,200,2308.53,0.9234120000000001
network-phase-closure-20260728,replication,fair,2.0,50,202608310050,24,200,2599.605,1.039842
network-phase-closure-20260728,replication,fair,2.0,50,202608310050,25,200,2402.08,0.960832
network-phase-closure-20260728,replication,fair,2.0,50,202608310050,26,200,2382.805,0.9531219999999999
network-phase-closure-20260728,replication,fair,2.0,50,202608310050,27,200,2130.835,0.852334
network-phase-closure-20260728,replication,fair,2.0,50,202608310050,28,200,2455.725,0.98229
network-phase-closure-20260728,replication,fair,2.0,50,202608310050,29,200,2423.28,0.9693120000000001
network-phase-closure-20260728,replication,fair,2.0,50,202608310050,30,200,2410.345,0.9641379999999999
network-phase-closure-20260728,replication,fair,2.0,50,202608310050,31,200,2379.195,0.951678
network-phase-closure-20260728,replication,fair,2.0,50,202608310050,32,200,2486.69,0.994676
network-phase-closure-20260728,replication,fair,2.0,50,202608310050,33,200,2507.625,1.00305
network-phase-closure-20260728,replication,fair,2.0,50,202608310050,34,200,2282.94,0.913176
network-phase-closure-20260728,replication,fair,2.0,50,202608310050,35,200,2427.55,0.9710200000000001
network-phase-closure-20260728,replication,fair,2.0,50,202608310050,36,200,2325.975,0.9303899999999999
network-phase-closure-20260728,replication,fair,2.0,50,202608310050,37,200,2296.625,0.91865
network-phase-closure-20260728,replication,fair,2.0,50,202608310050,38,200,2307.105,0.922842
network-phase-closure-20260728,replication,fair,2.0,50,202608310050,39,200,2394.38,0.957752
network-phase-closure-20260728,replication,fair,2.0,100,202608310100,0,200,9318.865,0.9318865
network-phase-closure-20260728,replication,fair,2.0,100,202608310100,1,200,9269.945,0.9269944999999999
network-phase-closure-20260728,replication,fair,2.0,100,202608310100,2,200,9384.605,0.9384604999999999
network-phase-closure-20260728,replication,fair,2.0,100,202608310100,3,200,9529.26,0.952926
network-phase-closure-20260728,replication,fair,2.0,100,202608310100,4,200,9539.88,0.953988
network-phase-closure-20260728,replication,fair,2.0,100,202608310100,5,200,9672.495,0.9672495000000001
network-phase-closure-20260728,replication,fair,2.0,100,202608310100,6,200,9832.67,0.983267
network-phase-closure-20260728,replication,fair,2.0,100,202608310100,7,200,9402.585,0.9402584999999999
network-phase-closure-20260728,replication,fair,2.0,100,202608310100,8,200,9292.085,0.9292084999999999
network-phase-closure-20260728,replication,fair,2.0,100,202608310100,9,200,9130.735,0.9130735000000001
network-phase-closure-20260728,replication,fair,2.0,100,202608310100,10,200,9671.225,0.9671225
network-phase-closure-20260728,replication,fair,2.0,100,202608310100,11,200,9985.7,0.9985700000000001
network-phase-closure-20260728,replication,fair,2.0,100,202608310100,12,200,9613.07,0.961307
network-phase-closure-20260728,replication,fair,2.0,100,202608310100,13,200,9521.84,0.952184
network-phase-closure-20260728,replication,fair,2.0,100,202608310100,14,200,9259.74,0.925974
network-phase-closure-20260728,replication,fair,2.0,100,202608310100,15,200,10429.995,1.0429995
network-phase-closure-20260728,replication,fair,2.0,100,202608310100,16,200,10409.165,1.0409165
network-phase-closure-20260728,replication,fair,2.0,100,202608310100,17,200,9888.435,0.9888435
network-phase-closure-20260728,replication,fair,2.0,100,202608310100,18,200,9303.115,0.9303115
network-phase-closure-20260728,replication,fair,2.0,100,202608310100,19,200,10515.275,1.0515275
network-phase-closure-20260728,replication,fair,2.0,100,202608310100,20,200,10126.34,1.012634
network-phase-closure-20260728,replication,fair,2.0,100,202608310100,21,200,9931.48,0.9931479999999999
network-phase-closure-20260728,replication,fair,2.0,100,202608310100,22,200,10215.455,1.0215455
network-phase-closure-20260728,replication,fair,2.0,100,202608310100,23,200,10798.495,1.0798495000000001
network-phase-closure-20260728,replication,fair,2.0,100,202608310100,24,200,9506.19,0.9506190000000001
network-phase-closure-20260728,replication,fair,2.0,100,202608310100,25,200,9595.405,0.9595405
network-phase-closure-20260728,replication,fair,2.0,100,202608310100,26,200,9288.395,0.9288395
network-phase-closure-20260728,replication,fair,2.0,100,202608310100,27,200,10029.545,1.0029545
network-phase-closure-20260728,replication,fair,2.0,100,202608310100,28,200,9478.565,0.9478565000000001
network-phase-closure-20260728,replication,fair,2.0,100,202608310100,29,200,9541.07,0.9541069999999999
network-phase-closure-20260728,replication,fair,2.0,100,202608310100,30,200,9612.68,0.961268
network-phase-closure-20260728,replication,fair,2.0,100,202608310100,31,200,10210.575,1.0210575000000002
network-phase-closure-20260728,replication,fair,2.0,100,202608310100,32,200,9703.025,0.9703025
network-phase-closure-20260728,replication,fair,2.0,100,202608310100,33,200,8717.855,0.8717855
network-phase-closure-20260728,replication,fair,2.0,100,202608310100,34,200,9737.635,0.9737635
network-phase-closure-20260728,replication,fair,2.0,100,202608310100,35,200,10370.66,1.037066
network-phase-closure-20260728,replication,fair,2.0,100,202608310100,36,200,9893.44,0.989344
network-phase-closure-20260728,replication,fair,2.0,100,202608310100,37,200,9633.715,0.9633715
network-phase-closure-20260728,replication,fair,2.0,100,202608310100,38,200,9675.915,0.9675915
network-phase-closure-20260728,replication,fair,2.0,100,202608310100,39,200,9292.59,0.9292590000000001
network-phase-closure-20260728,replication,fair,2.0,200,202608310200,0,200,39195.875,0.979896875
network-phase-closure-20260728,replication,fair,2.0,200,202608310200,1,200,36744.505,0.918612625
network-phase-closure-20260728,replication,fair,2.0,200,202608310200,2,200,39097.585,0.9774396249999999
network-phase-closure-20260728,replication,fair,2.0,200,202608310200,3,200,37160.05,0.9290012500000001
network-phase-closure-20260728,replication,fair,2.0,200,202608310200,4,200,42213.64,1.055341
network-phase-closure-20260728,replication,fair,2.0,200,202608310200,5,200,38729.145,0.968228625
network-phase-closure-20260728,replication,fair,2.0,200,202608310200,6,200,39786.63,0.9946657499999999
network-phase-closure-20260728,replication,fair,2.0,200,202608310200,7,200,40398.795,1.009969875
network-phase-closure-20260728,replication,fair,2.0,200,202608310200,8,200,40945.435,1.0236358749999999
network-phase-closure-20260728,replication,fair,2.0,200,202608310200,9,200,41537.82,1.0384455
network-phase-closure-20260728,replication,fair,2.0,200,202608310200,10,200,42111.265,1.052781625
network-phase-closure-20260728,replication,fair,2.0,200,202608310200,11,200,41909.735,1.047743375
network-phase-closure-20260728,replication,fair,2.0,200,202608310200,12,200,38869.78,0.9717445
network-phase-closure-20260728,replication,fair,2.0,200,202608310200,13,200,38307.03,0.9576757499999999
network-phase-closure-20260728,replication,fair,2.0,200,202608310200,14,200,39425.94,0.9856485
network-phase-closure-20260728,replication,fair,2.0,200,202608310200,15,200,38248.605,0.956215125
network-phase-closure-20260728,replication,fair,2.0,200,202608310200,16,200,38462.425,0.9615606250000001
network-phase-closure-20260728,replication,fair,2.0,200,202608310200,17,200,39630.195,0.990754875
network-phase-closure-20260728,replication,fair,2.0,200,202608310200,18,200,40804.635,1.0201158750000001
network-phase-closure-20260728,replication,fair,2.0,200,202608310200,19,200,40335.64,1.008391
network-phase-closure-20260728,replication,fair,2.0,200,202608310200,20,200,36136.285,0.9034071250000001
network-phase-closure-20260728,replication,fair,2.0,200,202608310200,21,200,36560.62,0.9140155000000001
network-phase-closure-20260728,replication,fair,2.0,200,202608310200,22,200,39755.29,0.99388225
network-phase-closure-20260728,replication,fair,2.0,200,202608310200,23,200,36162.44,0.904061
network-phase-closure-20260728,replication,fair,2.0,200,202608310200,24,200,39216.17,0.98040425
network-phase-closure-20260728,replication,fair,2.0,200,202608310200,25,200,40445.735,1.011143375
network-phase-closure-20260728,replication,fair,2.0,200,202608310200,26,200,40149.75,1.00374375
network-phase-closure-20260728,replication,fair,2.0,200,202608310200,27,200,37475.995,0.936899875
network-phase-closure-20260728,replication,fair,2.0,200,202608310200,28,200,36767.87,0.9191967500000001
network-phase-closure-20260728,replication,fair,2.0,200,202608310200,29,200,38301.945,0.957548625
network-phase-closure-20260728,replication,fair,2.0,200,202608310200,30,200,40695.83,1.0173957500000002
network-phase-closure-20260728,replication,fair,2.0,200,202608310200,31,200,37301.9,0.9325475000000001
network-phase-closure-20260728,replication,fair,2.0,200,202608310200,32,200,37983.795,0.949594875
network-phase-closure-20260728,replication,fair,2.0,200,202608310200,33,200,40718.925,1.0179731250000001
network-phase-closure-20260728,replication,fair,2.0,200,202608310200,34,200,36360.965,0.909024125
network-phase-closure-20260728,replication,fair,2.0,200,202608310200,35,200,39963.505,0.9990876249999999
network-phase-closure-20260728,replication,fair,2.0,200,202608310200,36,200,38096.965,0.952424125
network-phase-closure-20260728,replication,fair,2.0,200,202608310200,37,200,37144.42,0.9286105
network-phase-closure-20260728,replication,fair,2.0,200,202608310200,38,200,39202.77,0.9800692499999999
network-phase-closure-20260728,replication,fair,2.0,200,202608310200,39,200,34576.97,0.86442425
network-phase-closure-20260728,replication,fair,2.0,400,202608310400,0,200,152075.515,0.9504719687500001
network-phase-closure-20260728,replication,fair,2.0,400,202608310400,1,200,149811.72,0.93632325
network-phase-closure-20260728,replication,fair,2.0,400,202608310400,2,200,148733.405,0.92958378125
network-phase-closure-20260728,replication,fair,2.0,400,202608310400,3,200,143822.29,0.8988893125
network-phase-closure-20260728,replication,fair,2.0,400,202608310400,4,200,154207.32,0.9637957500000001
network-phase-closure-20260728,replication,fair,2.0,400,202608310400,5,200,158343.345,0.98964590625
network-phase-closure-20260728,replication,fair,2.0,400,202608310400,6,200,148426.29,0.9276643125
network-phase-closure-20260728,replication,fair,2.0,400,202608310400,7,200,158605.305,0.99128315625
network-phase-closure-20260728,replication,fair,2.0,400,202608310400,8,200,157113.51,0.9819594375
network-phase-closure-20260728,replication,fair,2.0,400,202608310400,9,200,162561.985,1.01601240625
network-phase-closure-20260728,replication,fair,2.0,400,202608310400,10,200,152787.43,0.9549214374999999
network-phase-closure-20260728,replication,fair,2.0,400,202608310400,11,200,155812.86,0.9738303749999999
network-phase-closure-20260728,replication,fair,2.0,400,202608310400,12,200,158566.255,0.99103909375
network-phase-closure-20260728,replication,fair,2.0,400,202608310400,13,200,160448.365,1.00280228125
network-phase-closure-20260728,replication,fair,2.0,400,202608310400,14,200,151350.745,0.94594215625
network-phase-closure-20260728,replication,fair,2.0,400,202608310400,15,200,158236.065,0.98897540625
network-phase-closure-20260728,replication,fair,2.0,400,202608310400,16,200,154836.715,0.96772946875
network-phase-closure-20260728,replication,fair,2.0,400,202608310400,17,200,159686.905,0.99804315625
network-phase-closure-20260728,replication,fair,2.0,400,202608310400,18,200,143840.48,0.8990030000000001
network-phase-closure-20260728,replication,fair,2.0,400,202608310400,19,200,149492.055,0.93432534375
network-phase-closure-20260728,replication,fair,2.0,400,202608310400,20,200,157852.625,0.98657890625
network-phase-closure-20260728,replication,fair,2.0,400,202608310400,21,200,154826.32,0.9676645
network-phase-closure-20260728,replication,fair,2.0,400,202608310400,22,200,163410.535,1.02131584375
network-phase-closure-20260728,replication,fair,2.0,400,202608310400,23,200,147199.96,0.9199997499999999
network-phase-closure-20260728,replication,fair,2.0,400,202608310400,24,200,155185.67,0.9699104375000001
network-phase-closure-20260728,replication,fair,2.0,400,202608310400,25,200,165037.64,1.03148525
network-phase-closure-20260728,replication,fair,2.0,400,202608310400,26,200,164787.7,1.029923125
network-phase-closure-20260728,replication,fair,2.0,400,202608310400,27,200,153423.08,0.95889425
network-phase-closure-20260728,replication,fair,2.0,400,202608310400,28,200,160987.19,1.0061699375
network-phase-closure-20260728,replication,fair,2.0,400,202608310400,29,200,160660.84,1.00413025
network-phase-closure-20260728,replication,fair,2.0,400,202608310400,30,200,156873.15,0.9804571875
network-phase-closure-20260728,replication,fair,2.0,400,202608310400,31,200,164141.495,1.02588434375
network-phase-closure-20260728,replication,fair,2.0,400,202608310400,32,200,155937.585,0.97460990625
network-phase-closure-20260728,replication,fair,2.0,400,202608310400,33,200,157578.765,0.9848672812500001
network-phase-closure-20260728,replication,fair,2.0,400,202608310400,34,200,152355.635,0.9522227187500001
network-phase-closure-20260728,replication,fair,2.0,400,202608310400,35,200,152837.505,0.95523440625
network-phase-closure-20260728,replication,fair,2.0,400,202608310400,36,200,149292.305,0.93307690625
network-phase-closure-20260728,replication,fair,2.0,400,202608310400,37,200,156960.54,0.981003375
network-phase-closure-20260728,replication,fair,2.0,400,202608310400,38,200,161422.915,1.0088932187500002
network-phase-closure-20260728,replication,fair,2.0,400,202608310400,39,200,152395.53,0.9524720624999999
